scene,speaker,system,round,accepted,mean_variance,margin,vad_coverage,artifact_score,reason
4077-13754-0001_5142-33396-0065_5683-32866-0012_x5,s1,gated_deflation,0,True,0.0,0.24432777296899977,1.0,0.8682635710645403,accepted
4077-13754-0001_5142-33396-0065_5683-32866-0012_x5,s2,gated_deflation,0,True,0.0,0.1225875920559058,1.0,0.8089985523457981,accepted
4077-13754-0001_5142-33396-0065_5683-32866-0012_x5,s3,gated_deflation,0,True,0.0001596384807540234,0.21025397682573915,0.9878724672228844,0.6541305147472574,accepted
4077-13754-0001_5142-33396-0065_5683-32866-0012_x5,s4,gated_deflation,0,True,0.0,0.1322879119393691,1.0,0.8630222294004196,accepted
4077-13754-0001_5142-33396-0065_5683-32866-0012_x5,s5,gated_deflation,0,False,0.0,-0.11075007721242638,0.9895111386138614,0.8294165001032221,margin
4077-13754-0001_5142-33396-0065_5683-32866-0012_x5,s1,coarse_to_fine,0,False,0.0,-0.14937990609819674,1.0,0.6000567458686261,margin
4077-13754-0001_5142-33396-0065_5683-32866-0012_x5,s2,coarse_to_fine,0,False,0.0,0.00529125140955744,1.0,0.5785730337668518,margin
4077-13754-0001_5142-33396-0065_5683-32866-0012_x5,s3,coarse_to_fine,0,True,0.0001596384807540234,0.1750368601110402,1.0,0.4786167141660686,accepted
4077-13754-0001_5142-33396-0065_5683-32866-0012_x5,s4,coarse_to_fine,0,False,0.0,0.06010110447131284,1.0,0.5989499323704779,margin
4077-13754-0001_5142-33396-0065_5683-32866-0012_x5,s5,coarse_to_fine,0,False,0.0,-0.1301152063918088,1.0,0.5098291741883699,margin
4077-13754-0001_5142-33396-0065_5683-32866-0012_x5,s1,coarse_to_fine,1,False,0.0,-0.14937990609819674,1.0,0.6000567458686261,margin
4077-13754-0001_5142-33396-0065_5683-32866-0012_x5,s2,coarse_to_fine,1,False,0.0,-0.2294520656359761,1.0,0.5785730337668518,margin
4077-13754-0001_5142-33396-0065_5683-32866-0012_x5,s3,coarse_to_fine,1,True,0.0001596384807540234,0.5447655850448195,1.0,0.484754820895955,accepted
4077-13754-0001_5142-33396-0065_5683-32866-0012_x5,s4,coarse_to_fine,1,False,0.0,0.04794051665566246,1.0,0.5989499323704779,margin
4077-13754-0001_5142-33396-0065_5683-32866-0012_x5,s5,coarse_to_fine,1,False,0.0,-0.42032088534384404,1.0,0.5098291741883699,margin
4507-16021-0025_1188-133604-0025_4992-23283-0016_x5,s1,gated_deflation,0,True,0.00018342519574962582,0.16408895841754037,0.9803294573643411,0.5898250941654853,accepted
4507-16021-0025_1188-133604-0025_4992-23283-0016_x5,s2,gated_deflation,0,True,0.0,0.2125543065483662,1.0,0.6538642434473034,accepted
4507-16021-0025_1188-133604-0025_4992-23283-0016_x5,s3,gated_deflation,0,True,0.0,0.25059694131332744,1.0,0.7847623211109289,accepted
4507-16021-0025_1188-133604-0025_4992-23283-0016_x5,s4,gated_deflation,0,False,0.0,0.05440639098014838,1.0,0.7592200427659417,margin
4507-16021-0025_1188-133604-0025_4992-23283-0016_x5,s5,gated_deflation,0,False,0.0,0.0543980020059619,1.0,0.7813988449626167,margin
4507-16021-0025_1188-133604-0025_4992-23283-0016_x5,s1,coarse_to_fine,0,False,0.00018342519574962582,0.036669549004504365,0.9823255813953489,0.3537056350549574,margin
4507-16021-0025_1188-133604-0025_4992-23283-0016_x5,s2,coarse_to_fine,0,False,0.0,-0.15356175264533997,1.0,0.41751049242630756,margin
4507-16021-0025_1188-133604-0025_4992-23283-0016_x5,s3,coarse_to_fine,0,False,0.0,0.07766481617501042,1.0,0.37342155255359805,margin
4507-16021-0025_1188-133604-0025_4992-23283-0016_x5,s4,coarse_to_fine,0,False,0.0,-0.028176562677100225,1.0,0.5209325368656083,margin
4507-16021-0025_1188-133604-0025_4992-23283-0016_x5,s5,coarse_to_fine,0,False,0.0,-0.12932607772292293,1.0,0.43745120333133247,margin
4507-16021-0025_1188-133604-0025_4992-23283-0016_x5,s1,coarse_to_fine,1,False,0.00018342519574962582,0.036669549004504365,0.9823255813953489,0.3537056350549574,margin
4507-16021-0025_1188-133604-0025_4992-23283-0016_x5,s2,coarse_to_fine,1,False,0.0,-0.15356175264533997,1.0,0.41751049242630756,margin
4507-16021-0025_1188-133604-0025_4992-23283-0016_x5,s3,coarse_to_fine,1,False,0.0,0.07766481617501042,1.0,0.37342155255359805,margin
4507-16021-0025_1188-133604-0025_4992-23283-0016_x5,s4,coarse_to_fine,1,False,0.0,-0.028176562677100225,1.0,0.5209325368656083,margin
4507-16021-0025_1188-133604-0025_4992-23283-0016_x5,s5,coarse_to_fine,1,False,0.0,-0.12932607772292293,1.0,0.43745120333133247,margin
5142-36377-0017_2830-3980-0022_3729-6852-0038_x5,s1,gated_deflation,0,True,0.0,0.1775047171214431,1.0,0.8344007142647047,accepted
5142-36377-0017_2830-3980-0022_3729-6852-0038_x5,s2,gated_deflation,0,False,0.0,0.045164308543578,1.0,0.8568858237170484,margin
5142-36377-0017_2830-3980-0022_3729-6852-0038_x5,s3,gated_deflation,0,False,0.0,-0.2641760933233277,1.0,0.7554891509717963,margin
5142-36377-0017_2830-3980-0022_3729-6852-0038_x5,s4,gated_deflation,0,True,0.0001236637892167655,0.19421049926883993,0.9085691823899371,0.5481803137355219,accepted
5142-36377-0017_2830-3980-0022_3729-6852-0038_x5,s5,gated_deflation,0,True,0.0,0.1573149150890334,1.0,0.8009850561993115,accepted
5142-36377-0017_2830-3980-0022_3729-6852-0038_x5,s1,coarse_to_fine,0,False,0.0,0.06363926739023815,1.0,0.5934381797919791,margin
5142-36377-0017_2830-3980-0022_3729-6852-0038_x5,s2,coarse_to_fine,0,False,0.0,-0.005664145852755598,1.0,0.48781226539538414,margin
5142-36377-0017_2830-3980-0022_3729-6852-0038_x5,s3,coarse_to_fine,0,False,0.0,-0.5590882967699748,1.0,0.46036618185270106,margin
5142-36377-0017_2830-3980-0022_3729-6852-0038_x5,s4,coarse_to_fine,0,True,0.0001236637892167655,0.14591299990586215,1.0,0.3467456965622935,accepted
5142-36377-0017_2830-3980-0022_3729-6852-0038_x5,s5,coarse_to_fine,0,False,0.0,0.024385843976575394,1.0,0.40133249235598717,margin
5142-36377-0017_2830-3980-0022_3729-6852-0038_x5,s1,coarse_to_fine,1,False,0.0,0.041040129005813164,1.0,0.5934381797919791,margin
5142-36377-0017_2830-3980-0022_3729-6852-0038_x5,s2,coarse_to_fine,1,False,0.0,-0.21386424480063254,1.0,0.48781226539538414,margin
5142-36377-0017_2830-3980-0022_3729-6852-0038_x5,s3,coarse_to_fine,1,False,0.0,-0.6934944577521761,1.0,0.46036618185270106,margin
5142-36377-0017_2830-3980-0022_3729-6852-0038_x5,s4,coarse_to_fine,1,True,0.0001236637892167655,0.38984305763963534,1.0,0.379996380293554,accepted
5142-36377-0017_2830-3980-0022_3729-6852-0038_x5,s5,coarse_to_fine,1,False,0.0,-0.22805145446818592,1.0,0.40133249235598717,margin
7021-79759-0005_4507-16021-0058_260-123288-0005_x5,s1,gated_deflation,0,False,0.0,0.0029026421396068924,0.9858658008658009,0.49833416440710177,margin
7021-79759-0005_4507-16021-0058_260-123288-0005_x5,s2,gated_deflation,0,True,0.0,0.14650874710514977,1.0,0.8906787850028905,accepted
7021-79759-0005_4507-16021-0058_260-123288-0005_x5,s3,gated_deflation,0,True,0.0,0.12593381685412397,0.9718181818181818,0.5369431152963291,accepted
7021-79759-0005_4507-16021-0058_260-123288-0005_x5,s4,gated_deflation,0,False,0.0,-0.0848677702837278,0.9818370607028754,0.6592119253728388,margin
7021-79759-0005_4507-16021-0058_260-123288-0005_x5,s5,gated_deflation,0,False,0.0,-0.03918327880464778,1.0,0.8591431522598033,margin
7021-79759-0005_4507-16021-0058_260-123288-0005_x5,s1,coarse_to_fine,0,False,0.0,-0.14854124598346619,0.9858658008658009,0.33035877253931284,margin
7021-79759-0005_4507-16021-0058_260-123288-0005_x5,s2,coarse_to_fine,0,False,0.0,-0.01997314222825542,1.0,0.3618098165947242,margin
7021-79759-0005_4507-16021-0058_260-123288-0005_x5,s3,coarse_to_fine,0,True,0.0,0.16580243320381705,1.0,0.383316153584831,accepted
7021-79759-0005_4507-16021-0058_260-123288-0005_x5,s4,coarse_to_fine,0,False,0.0,0.01096021950070003,1.0,0.3825802501859604,margin
7021-79759-0005_4507-16021-0058_260-123288-0005_x5,s5,coarse_to_fine,0,False,0.0,0.026682345315879624,1.0,0.4958018710724384,margin
7021-79759-0005_4507-16021-0058_260-123288-0005_x5,s1,coarse_to_fine,1,False,0.0,-0.38948114922360577,0.9858658008658009,0.33035877253931284,margin
7021-79759-0005_4507-16021-0058_260-123288-0005_x5,s2,coarse_to_fine,1,False,0.0,-0.056280449613061174,1.0,0.3618098165947242,margin
7021-79759-0005_4507-16021-0058_260-123288-0005_x5,s3,coarse_to_fine,1,True,0.0,0.4305081090833697,1.0,0.36761222239792946,accepted
7021-79759-0005_4507-16021-0058_260-123288-0005_x5,s4,coarse_to_fine,1,False,0.0,-0.018237117609611275,1.0,0.3825802501859604,margin
7021-79759-0005_4507-16021-0058_260-123288-0005_x5,s5,coarse_to_fine,1,False,0.0,-0.004273583579239654,1.0,0.4958018710724384,margin
672-122797-0044_8463-294828-0013_4507-16021-0043_x5,s1,gated_deflation,0,False,0.0,0.06633958403664153,1.0,0.8203646685159318,margin
672-122797-0044_8463-294828-0013_4507-16021-0043_x5,s2,gated_deflation,0,True,0.0,0.19123897370347392,1.0,0.7033800785383916,accepted
672-122797-0044_8463-294828-0013_4507-16021-0043_x5,s3,gated_deflation,0,False,0.0,-0.047317242634883516,1.0,0.8087906234491414,margin
672-122797-0044_8463-294828-0013_4507-16021-0043_x5,s4,gated_deflation,0,False,0.0,-0.1336851687690992,1.0,0.6559325993427707,margin
672-122797-0044_8463-294828-0013_4507-16021-0043_x5,s5,gated_deflation,0,True,0.0,0.17009236183860293,1.0,0.7968544460079964,accepted
672-122797-0044_8463-294828-0013_4507-16021-0043_x5,s1,coarse_to_fine,0,False,0.0,-0.16231135066804225,1.0,0.45817447523683374,margin
672-122797-0044_8463-294828-0013_4507-16021-0043_x5,s2,coarse_to_fine,0,False,0.0,0.0807794327583391,1.0,0.5198272669501247,margin
672-122797-0044_8463-294828-0013_4507-16021-0043_x5,s3,coarse_to_fine,0,False,0.0,-0.11200205653763907,1.0,0.4522759839115756,margin
672-122797-0044_8463-294828-0013_4507-16021-0043_x5,s4,coarse_to_fine,0,False,0.0,-0.24131230185257085,1.0,0.4607850614444274,margin
672-122797-0044_8463-294828-0013_4507-16021-0043_x5,s5,coarse_to_fine,0,True,0.0,0.14476243516497356,1.0,0.4214552757589073,accepted
672-122797-0044_8463-294828-0013_4507-16021-0043_x5,s1,coarse_to_fine,1,False,0.0,-0.39711510428652774,1.0,0.45817447523683374,margin
672-122797-0044_8463-294828-0013_4507-16021-0043_x5,s2,coarse_to_fine,1,False,0.0,-0.06390177005313319,1.0,0.5198272669501247,margin
672-122797-0044_8463-294828-0013_4507-16021-0043_x5,s3,coarse_to_fine,1,False,0.0,-0.19473114555176496,1.0,0.4522759839115756,margin
672-122797-0044_8463-294828-0013_4507-16021-0043_x5,s4,coarse_to_fine,1,False,0.0,-0.338054869483022,1.0,0.4607850614444274,margin
672-122797-0044_8463-294828-0013_4507-16021-0043_x5,s5,coarse_to_fine,1,True,0.0,0.4267330498244323,1.0,0.4653153988161788,accepted
6930-81414-0001_1995-1836-0006_121-121726-0014_x5,s1,gated_deflation,0,True,0.000123796781582536,0.4877855260051685,1.0,0.625347947348824,accepted
6930-81414-0001_1995-1836-0006_121-121726-0014_x5,s2,gated_deflation,0,False,0.0,0.035345466417254945,1.0,0.7854786185238815,margin
6930-81414-0001_1995-1836-0006_121-121726-0014_x5,s3,gated_deflation,0,False,0.0,0.15220034830389215,1.0,0.9321221913146402,artifact_score
6930-81414-0001_1995-1836-0006_121-121726-0014_x5,s4,gated_deflation,0,False,0.0,0.03689174737312484,1.0,0.7692216533318506,margin
6930-81414-0001_1995-1836-0006_121-121726-0014_x5,s5,gated_deflation,0,True,0.0,0.32324224514021427,1.0,0.7799402191153152,accepted
6930-81414-0001_1995-1836-0006_121-121726-0014_x5,s1,coarse_to_fine,0,False,0.000123796781582536,0.09089529068031757,1.0,0.5733760237056763,margin
6930-81414-0001_1995-1836-0006_121-121726-0014_x5,s2,coarse_to_fine,0,False,0.0,-0.031340127669018114,1.0,0.4112374128790433,margin
6930-81414-0001_1995-1836-0006_121-121726-0014_x5,s3,coarse_to_fine,0,False,0.0,-0.1635142228638515,1.0,0.4952659851755217,margin
6930-81414-0001_1995-1836-0006_121-121726-0014_x5,s4,coarse_to_fine,0,False,0.0,0.09065937050284278,1.0,0.42682595747973984,margin
6930-81414-0001_1995-1836-0006_121-121726-0014_x5,s5,coarse_to_fine,0,False,0.0,0.03231520764147583,1.0,0.44617556834054933,margin
6930-81414-0001_1995-1836-0006_121-121726-0014_x5,s1,coarse_to_fine,1,False,0.000123796781582536,0.09089529068031757,1.0,0.5733760237056763,margin
6930-81414-0001_1995-1836-0006_121-121726-0014_x5,s2,coarse_to_fine,1,False,0.0,-0.031340127669018114,1.0,0.4112374128790433,margin
6930-81414-0001_1995-1836-0006_121-121726-0014_x5,s3,coarse_to_fine,1,False,0.0,-0.1635142228638515,1.0,0.4952659851755217,margin
6930-81414-0001_1995-1836-0006_121-121726-0014_x5,s4,coarse_to_fine,1,False,0.0,0.09065937050284278,1.0,0.42682595747973984,margin
6930-81414-0001_1995-1836-0006_121-121726-0014_x5,s5,coarse_to_fine,1,False,0.0,0.03231520764147583,1.0,0.44617556834054933,margin
8555-284449-0002_1995-1837-0004_1089-134686-0002_x5,s1,gated_deflation,0,True,0.0,0.22709219166803019,0.9805955334987593,0.5657676630675779,accepted
8555-284449-0002_1995-1837-0004_1089-134686-0002_x5,s2,gated_deflation,0,False,0.0,0.08713166376266376,1.0,0.7367609793053237,margin
8555-284449-0002_1995-1837-0004_1089-134686-0002_x5,s3,gated_deflation,0,True,0.0,0.24080838760773723,1.0,0.7992190833352645,accepted
8555-284449-0002_1995-1837-0004_1089-134686-0002_x5,s4,gated_deflation,0,False,0.0,0.0041583136516102626,1.0,0.8467816155434807,margin
8555-284449-0002_1995-1837-0004_1089-134686-0002_x5,s5,gated_deflation,0,True,0.00019572525403223576,0.20469617938345908,0.9824565756823821,0.5678768650400173,accepted
8555-284449-0002_1995-1837-0004_1089-134686-0002_x5,s1,coarse_to_fine,0,False,0.0,0.07722190475522978,0.9805955334987593,0.32872767940636966,margin
8555-284449-0002_1995-1837-0004_1089-134686-0002_x5,s2,coarse_to_fine,0,False,0.0,0.07903474931539806,1.0,0.2999811086969178,margin
8555-284449-0002_1995-1837-0004_1089-134686-0002_x5,s3,coarse_to_fine,0,True,0.0,0.3557151486967104,1.0,0.4958412488617131,accepted
8555-284449-0002_1995-1837-0004_1089-134686-0002_x5,s4,coarse_to_fine,0,False,0.0,0.06204969117875314,1.0,0.47546835611193566,margin
8555-284449-0002_1995-1837-0004_1089-134686-0002_x5,s5,coarse_to_fine,0,False,0.00019572525403223576,-0.00038469688633835375,0.9935483870967742,0.4291576914813524,margin
8555-284449-0002_1995-1837-0004_1089-134686-0002_x5,s1,coarse_to_fine,1,False,0.0,0.07722190475522978,0.9805955334987593,0.32872767940636966,margin
8555-284449-0002_1995-1837-0004_1089-134686-0002_x5,s2,coarse_to_fine,1,False,0.0,0.060888297724290524,1.0,0.2999811086969178,margin
8555-284449-0002_1995-1837-0004_1089-134686-0002_x5,s3,coarse_to_fine,1,True,0.0,0.6123347686824417,1.0,0.5340875266166188,accepted
8555-284449-0002_1995-1837-0004_1089-134686-0002_x5,s4,coarse_to_fine,1,False,0.0,0.06204969117875314,1.0,0.47546835611193566,margin
8555-284449-0002_1995-1837-0004_1089-134686-0002_x5,s5,coarse_to_fine,1,False,0.00019572525403223576,-0.00038469688633835375,0.9935483870967742,0.4291576914813524,margin
7021-85628-0027_3575-170457-0025_8555-292519-0010_x5,s1,gated_deflation,0,True,0.0,0.2745883516467557,1.0,0.6531055921376083,accepted
7021-85628-0027_3575-170457-0025_8555-292519-0010_x5,s2,gated_deflation,0,False,0.0,0.01810468795491721,1.0,0.6325262135245944,margin
7021-85628-0027_3575-170457-0025_8555-292519-0010_x5,s3,gated_deflation,0,False,0.0,-0.07543397120788087,1.0,0.7755947115271618,margin
7021-85628-0027_3575-170457-0025_8555-292519-0010_x5,s4,gated_deflation,0,True,0.0,0.15793555563981232,1.0,0.7763108616884657,accepted
7021-85628-0027_3575-170457-0025_8555-292519-0010_x5,s5,gated_deflation,0,True,8.164023982550166e-05,0.3459930262365898,0.991636197440585,0.5386906420483827,accepted
7021-85628-0027_3575-170457-0025_8555-292519-0010_x5,s1,coarse_to_fine,0,True,0.0,0.14133750854354385,1.0,0.35238529263410123,accepted
7021-85628-0027_3575-170457-0025_8555-292519-0010_x5,s2,coarse_to_fine,0,True,0.0,0.171078336651066,1.0,0.3416647362193171,accepted
7021-85628-0027_3575-170457-0025_8555-292519-0010_x5,s3,coarse_to_fine,0,False,0.0,-0.18000816947175224,1.0,0.3591924470912999,margin
7021-85628-0027_3575-170457-0025_8555-292519-0010_x5,s4,coarse_to_fine,0,False,0.0,-0.1418920036115957,1.0,0.4748978294094994,margin
7021-85628-0027_3575-170457-0025_8555-292519-0010_x5,s5,coarse_to_fine,0,True,8.164023982550166e-05,0.29993172094164755,1.0,0.3452158221424823,accepted
7021-85628-0027_3575-170457-0025_8555-292519-0010_x5,s1,coarse_to_fine,1,True,0.0,0.24050030777216053,1.0,0.37947195380098553,accepted
7021-85628-0027_3575-170457-0025_8555-292519-0010_x5,s2,coarse_to_fine,1,True,0.0,0.4833173896113485,1.0,0.3852684508648847,accepted
7021-85628-0027_3575-170457-0025_8555-292519-0010_x5,s3,coarse_to_fine,1,False,0.0,-0.4128749295202263,1.0,0.3591924470912999,margin
7021-85628-0027_3575-170457-0025_8555-292519-0010_x5,s4,coarse_to_fine,1,False,0.0,-0.4223441467382232,1.0,0.4748978294094994,margin
7021-85628-0027_3575-170457-0025_8555-292519-0010_x5,s5,coarse_to_fine,1,True,8.164023982550166e-05,0.3337359907576165,1.0,0.3483647328928634,accepted
5639-40744-0012_1221-135766-0005_260-123286-0015_x5,s1,gated_deflation,0,False,0.0,0.050856934938663556,1.0,0.7508360239999103,margin
5639-40744-0012_1221-135766-0005_260-123286-0015_x5,s2,gated_deflation,0,True,0.000184737702038006,0.42501323660661106,1.0,0.6063223677934284,accepted
5639-40744-0012_1221-135766-0005_260-123286-0015_x5,s3,gated_deflation,0,False,0.0,0.06943279906341021,1.0,0.8592857045652126,margin
5639-40744-0012_1221-135766-0005_260-123286-0015_x5,s4,gated_deflation,0,False,0.0,0.010893614159950438,0.9998255234297109,0.6394256350603665,margin
5639-40744-0012_1221-135766-0005_260-123286-0015_x5,s5,gated_deflation,0,False,0.0,0.11554200562117914,1.0,0.9029545302103171,artifact_score
5639-40744-0012_1221-135766-0005_260-123286-0015_x5,s1,coarse_to_fine,0,False,0.0,-0.09450205673051965,1.0,0.39566049975418693,margin
5639-40744-0012_1221-135766-0005_260-123286-0015_x5,s2,coarse_to_fine,0,True,0.000184737702038006,0.24550305935151717,1.0,0.5178560527852931,accepted
5639-40744-0012_1221-135766-0005_260-123286-0015_x5,s3,coarse_to_fine,0,False,0.0,-0.04884081979146376,1.0,0.450974916195346,margin
5639-40744-0012_1221-135766-0005_260-123286-0015_x5,s4,coarse_to_fine,0,True,0.0,0.15304331137481414,1.0,0.31627487650471464,accepted
5639-40744-0012_1221-135766-0005_260-123286-0015_x5,s5,coarse_to_fine,0,True,0.0,0.1561307575300248,1.0,0.6010969850296387,accepted
5639-40744-0012_1221-135766-0005_260-123286-0015_x5,s1,coarse_to_fine,1,False,0.0,-0.2697159080352316,1.0,0.39566049975418693,margin
5639-40744-0012_1221-135766-0005_260-123286-0015_x5,s2,coarse_to_fine,1,True,0.000184737702038006,0.3004778541342016,1.0,0.5190641148127477,accepted
5639-40744-0012_1221-135766-0005_260-123286-0015_x5,s3,coarse_to_fine,1,False,0.0,-0.22859558845575212,1.0,0.450974916195346,margin
5639-40744-0012_1221-135766-0005_260-123286-0015_x5,s4,coarse_to_fine,1,True,0.0,0.2203341401683696,1.0,0.32856628992774567,accepted
5639-40744-0012_1221-135766-0005_260-123286-0015_x5,s5,coarse_to_fine,1,True,0.0,0.43494899486672695,1.0,0.6264073059676085,accepted
260-123286-0003_1221-135766-0008_2830-3980-0067_x5,s1,gated_deflation,0,False,0.0,-0.11253740078855673,1.0,0.685867744958045,margin
260-123286-0003_1221-135766-0008_2830-3980-0067_x5,s2,gated_deflation,0,True,0.00010889803043587867,0.3093381727624311,0.9945092116234798,0.6612624455523174,accepted
260-123286-0003_1221-135766-0008_2830-3980-0067_x5,s3,gated_deflation,0,True,0.0,0.2516966402215945,1.0,0.7135805067127066,accepted
260-123286-0003_1221-135766-0008_2830-3980-0067_x5,s4,gated_deflation,0,False,0.0,-0.0847523453565115,0.9902613237677192,0.6590278784864809,margin
260-123286-0003_1221-135766-0008_2830-3980-0067_x5,s5,gated_deflation,0,False,0.0,0.021371126036568766,1.0,0.8524935893192074,margin
260-123286-0003_1221-135766-0008_2830-3980-0067_x5,s1,coarse_to_fine,0,False,0.0,-0.28350684579500324,1.0,0.3454435503969785,margin
260-123286-0003_1221-135766-0008_2830-3980-0067_x5,s2,coarse_to_fine,0,True,0.00010889803043587867,0.1340078229994776,1.0,0.5009854589138372,accepted
260-123286-0003_1221-135766-0008_2830-3980-0067_x5,s3,coarse_to_fine,0,True,0.0,0.31089628945655906,1.0,0.5131656268150017,accepted
260-123286-0003_1221-135766-0008_2830-3980-0067_x5,s4,coarse_to_fine,0,False,0.0,-0.12706017257165564,1.0,0.39417108562075825,margin
260-123286-0003_1221-135766-0008_2830-3980-0067_x5,s5,coarse_to_fine,0,False,0.0,-0.021206358983194007,1.0,0.4150102204288486,margin
260-123286-0003_1221-135766-0008_2830-3980-0067_x5,s1,coarse_to_fine,1,False,0.0,-0.44454528019305234,1.0,0.3454435503969785,margin
260-123286-0003_1221-135766-0008_2830-3980-0067_x5,s2,coarse_to_fine,1,True,0.00010889803043587867,0.5106068015854375,1.0,0.49045144011461267,accepted
260-123286-0003_1221-135766-0008_2830-3980-0067_x5,s3,coarse_to_fine,1,True,0.0,0.5186220213990457,1.0,0.5065817340501494,accepted
260-123286-0003_1221-135766-0008_2830-3980-0067_x5,s4,coarse_to_fine,1,False,0.0,-0.45232547498504383,1.0,0.39417108562075825,margin
260-123286-0003_1221-135766-0008_2830-3980-0067_x5,s5,coarse_to_fine,1,False,0.0,-0.15220398670802077,1.0,0.4150102204288486,margin
260-123286-0005_4992-41797-0009_61-70968-0030_x5,s1,gated_deflation,0,True,0.0,0.12588397750981123,1.0,0.8524253841494742,accepted
260-123286-0005_4992-41797-0009_61-70968-0030_x5,s2,gated_deflation,0,True,0.00014634565310967784,0.3932041755943126,1.0,0.5200768298880605,accepted
260-123286-0005_4992-41797-0009_61-70968-0030_x5,s3,gated_deflation,0,True,0.0,0.1277067380180213,0.9839381003201707,0.8234617852716325,accepted
260-123286-0005_4992-41797-0009_61-70968-0030_x5,s4,gated_deflation,0,False,0.0,0.021265208516539208,1.0,0.8589513245817888,margin
260-123286-0005_4992-41797-0009_61-70968-0030_x5,s5,gated_deflation,0,False,0.0,-0.007855348473457202,1.0,0.9027607091444406,margin
260-123286-0005_4992-41797-0009_61-70968-0030_x5,s1,coarse_to_fine,0,False,0.0,-0.20578835753555846,1.0,0.4904940474537184,margin
260-123286-0005_4992-41797-0009_61-70968-0030_x5,s2,coarse_to_fine,0,False,0.00014634565310967784,0.09395869737755536,1.0,0.369594074271272,margin
260-123286-0005_4992-41797-0009_61-70968-0030_x5,s3,coarse_to_fine,0,True,0.0,0.27960916506232314,1.0,0.499782144279541,accepted
260-123286-0005_4992-41797-0009_61-70968-0030_x5,s4,coarse_to_fine,0,False,0.0,-0.03937018956196259,1.0,0.44446799677352783,margin
260-123286-0005_4992-41797-0009_61-70968-0030_x5,s5,coarse_to_fine,0,False,0.0,-0.07220417260459094,1.0,0.5588953137647289,margin
260-123286-0005_4992-41797-0009_61-70968-0030_x5,s1,coarse_to_fine,1,False,0.0,-0.3869723077163295,1.0,0.4904940474537184,margin
260-123286-0005_4992-41797-0009_61-70968-0030_x5,s2,coarse_to_fine,1,False,0.00014634565310967784,0.09395869737755536,1.0,0.369594074271272,margin
260-123286-0005_4992-41797-0009_61-70968-0030_x5,s3,coarse_to_fine,1,True,0.0,0.5174068907904448,1.0,0.5317095678417646,accepted
260-123286-0005_4992-41797-0009_61-70968-0030_x5,s4,coarse_to_fine,1,False,0.0,-0.03937018956196259,1.0,0.44446799677352783,margin
260-123286-0005_4992-41797-0009_61-70968-0030_x5,s5,coarse_to_fine,1,False,0.0,-0.07220417260459094,1.0,0.5588953137647289,margin
61-70970-0033_4446-2271-0021_1089-134691-0025_x5,s1,gated_deflation,0,True,0.0,0.2670139076518192,1.0,0.856559579722475,accepted
61-70970-0033_4446-2271-0021_1089-134691-0025_x5,s2,gated_deflation,0,False,0.0,0.06194355871172036,1.0,0.8250119542832925,margin
61-70970-0033_4446-2271-0021_1089-134691-0025_x5,s3,gated_deflation,0,False,0.0,-0.1921955287729577,0.9844218415417559,0.6409488208880462,margin
61-70970-0033_4446-2271-0021_1089-134691-0025_x5,s4,gated_deflation,0,True,0.00023781097138480883,0.41282143035924196,0.9352426837972877,0.5585792360323807,accepted
61-70970-0033_4446-2271-0021_1089-134691-0025_x5,s5,gated_deflation,0,False,0.0,-0.08735188143426711,1.0,0.8842503586842162,margin
61-70970-0033_4446-2271-0021_1089-134691-0025_x5,s1,coarse_to_fine,0,True,0.0,0.38191847977924487,1.0,0.45258805994132895,accepted
61-70970-0033_4446-2271-0021_1089-134691-0025_x5,s2,coarse_to_fine,0,False,0.0,-0.1782603515238704,1.0,0.33739871374334435,margin
61-70970-0033_4446-2271-0021_1089-134691-0025_x5,s3,coarse_to_fine,0,False,0.0,-0.32476885902296837,1.0,0.393058130828469,margin
61-70970-0033_4446-2271-0021_1089-134691-0025_x5,s4,coarse_to_fine,0,True,0.00023781097138480883,0.3265479740913811,0.9886866523911492,0.3665383335483677,accepted
61-70970-0033_4446-2271-0021_1089-134691-0025_x5,s5,coarse_to_fine,0,False,0.0,-0.4079472019851929,1.0,0.5121534474726145,margin
61-70970-0033_4446-2271-0021_1089-134691-0025_x5,s1,coarse_to_fine,1,True,0.0,0.40321301706059165,1.0,0.42959688658465606,accepted
61-70970-0033_4446-2271-0021_1089-134691-0025_x5,s2,coarse_to_fine,1,False,0.0,-0.23828861157129003,1.0,0.33739871374334435,margin
61-70970-0033_4446-2271-0021_1089-134691-0025_x5,s3,coarse_to_fine,1,False,0.0,-0.6125393707726744,1.0,0.393058130828469,margin
61-70970-0033_4446-2271-0021_1089-134691-0025_x5,s4,coarse_to_fine,1,True,0.00023781097138480883,0.4566951175955799,0.985813704496788,0.37525862457785614,accepted
61-70970-0033_4446-2271-0021_1089-134691-0025_x5,s5,coarse_to_fine,1,False,0.0,-0.5212974511401044,1.0,0.5121534474726145,margin
7021-79730-0006_5142-36586-0000_2300-131720-0009_x5,s1,gated_deflation,0,True,0.00017153841809880782,0.18627651915132154,1.0,0.5139038995723203,accepted
7021-79730-0006_5142-36586-0000_2300-131720-0009_x5,s2,gated_deflation,0,False,0.0,0.11030142850127095,1.0,0.9002826083875444,artifact_score
7021-79730-0006_5142-36586-0000_2300-131720-0009_x5,s3,gated_deflation,0,False,0.0,0.05603711430249969,1.0,0.5922326779843662,margin
7021-79730-0006_5142-36586-0000_2300-131720-0009_x5,s4,gated_deflation,0,True,0.0,0.2299625709635088,1.0,0.8613962349157038,accepted
7021-79730-0006_5142-36586-0000_2300-131720-0009_x5,s5,gated_deflation,0,False,0.0,-0.09226220440239591,1.0,0.7723102570013647,margin
7021-79730-0006_5142-36586-0000_2300-131720-0009_x5,s1,coarse_to_fine,0,False,0.00017153841809880782,-0.07201536466054237,1.0,0.32593350313681274,margin
7021-79730-0006_5142-36586-0000_2300-131720-0009_x5,s2,coarse_to_fine,0,False,0.0,-0.10887498100203133,1.0,0.5660025233878442,margin
7021-79730-0006_5142-36586-0000_2300-131720-0009_x5,s3,coarse_to_fine,0,False,0.0,0.04002500145963778,1.0,0.3487853419756705,margin
7021-79730-0006_5142-36586-0000_2300-131720-0009_x5,s4,coarse_to_fine,0,False,0.0,-0.2600552049096604,1.0,0.5295818362788284,margin
7021-79730-0006_5142-36586-0000_2300-131720-0009_x5,s5,coarse_to_fine,0,True,0.0,0.11563557309402345,1.0,0.5367358890247327,accepted
7021-79730-0006_5142-36586-0000_2300-131720-0009_x5,s1,coarse_to_fine,1,False,0.00017153841809880782,-0.07201536466054237,1.0,0.32593350313681274,margin
7021-79730-0006_5142-36586-0000_2300-131720-0009_x5,s2,coarse_to_fine,1,False,0.0,-0.22949375133790964,1.0,0.5660025233878442,margin
7021-79730-0006_5142-36586-0000_2300-131720-0009_x5,s3,coarse_to_fine,1,False,0.0,0.04002500145963778,1.0,0.3487853419756705,margin
7021-79730-0006_5142-36586-0000_2300-131720-0009_x5,s4,coarse_to_fine,1,False,0.0,-0.2600552049096604,1.0,0.5295818362788284,margin
7021-79730-0006_5142-36586-0000_2300-131720-0009_x5,s5,coarse_to_fine,1,True,0.0,0.41136730928648424,1.0,0.5364562997857169,accepted
6829-68771-0022_1221-135766-0014_5683-32865-0004_x5,s1,gated_deflation,0,True,0.0,0.18834539602923422,1.0,0.8319514830074058,accepted
6829-68771-0022_1221-135766-0014_5683-32865-0004_x5,s2,gated_deflation,0,False,0.0,-0.020895696492029436,1.0,0.7957905117385909,margin
6829-68771-0022_1221-135766-0014_5683-32865-0004_x5,s3,gated_deflation,0,False,0.0,0.08451422770197864,1.0,0.6216499079958614,margin
6829-68771-0022_1221-135766-0014_5683-32865-0004_x5,s4,gated_deflation,0,True,0.00036261985223381006,0.10419935793772983,1.0,0.5935079112865975,accepted
6829-68771-0022_1221-135766-0014_5683-32865-0004_x5,s5,gated_deflation,0,True,0.0,0.2768378646610424,1.0,0.6962533277338665,accepted
6829-68771-0022_1221-135766-0014_5683-32865-0004_x5,s1,coarse_to_fine,0,False,0.0,-0.13781566527103456,1.0,0.4894740070312865,margin
6829-68771-0022_1221-135766-0014_5683-32865-0004_x5,s2,coarse_to_fine,0,False,0.0,-0.0833078899885453,1.0,0.5164945039676142,margin
6829-68771-0022_1221-135766-0014_5683-32865-0004_x5,s3,coarse_to_fine,0,False,0.0,0.013636546643488373,1.0,0.4584776142744734,margin
6829-68771-0022_1221-135766-0014_5683-32865-0004_x5,s4,coarse_to_fine,0,False,0.00036261985223381006,0.08169779286065576,1.0,0.4640020437156859,margin
6829-68771-0022_1221-135766-0014_5683-32865-0004_x5,s5,coarse_to_fine,0,True,0.0,0.14539194242775744,1.0,0.42946440695844634,accepted
6829-68771-0022_1221-135766-0014_5683-32865-0004_x5,s1,coarse_to_fine,1,False,0.0,-0.149738437438795,1.0,0.4894740070312865,margin
6829-68771-0022_1221-135766-0014_5683-32865-0004_x5,s2,coarse_to_fine,1,False,0.0,-0.0833078899885453,1.0,0.5164945039676142,margin
6829-68771-0022_1221-135766-0014_5683-32865-0004_x5,s3,coarse_to_fine,1,False,0.0,-0.02499503188424032,1.0,0.4584776142744734,margin
6829-68771-0022_1221-135766-0014_5683-32865-0004_x5,s4,coarse_to_fine,1,False,0.00036261985223381006,-0.2344843971199813,1.0,0.4640020437156859,margin
6829-68771-0022_1221-135766-0014_5683-32865-0004_x5,s5,coarse_to_fine,1,True,0.0,0.4888672599158505,1.0,0.46086133977761073,accepted
4446-2275-0013_908-157963-0000_1284-1180-0030_x5,s1,gated_deflation,0,False,0.0,0.21565310669005827,1.0,0.9034643577835498,artifact_score
4446-2275-0013_908-157963-0000_1284-1180-0030_x5,s2,gated_deflation,0,True,0.0,0.15222838803922692,1.0,0.6531742303903707,accepted
4446-2275-0013_908-157963-0000_1284-1180-0030_x5,s3,gated_deflation,0,True,9.347996046973389e-05,0.18278131998472336,1.0,0.4758355712596066,accepted
4446-2275-0013_908-157963-0000_1284-1180-0030_x5,s4,gated_deflation,0,True,0.0,0.10452466950609324,1.0,0.5995950854597664,accepted
4446-2275-0013_908-157963-0000_1284-1180-0030_x5,s5,gated_deflation,0,False,0.0,0.04761198940804881,1.0,0.8499126989191589,margin
4446-2275-0013_908-157963-0000_1284-1180-0030_x5,s1,coarse_to_fine,0,False,0.0,-0.2444590286909219,1.0,0.47514054025129915,margin
4446-2275-0013_908-157963-0000_1284-1180-0030_x5,s2,coarse_to_fine,0,False,0.0,0.09561883543846506,1.0,0.455048453208866,margin
4446-2275-0013_908-157963-0000_1284-1180-0030_x5,s3,coarse_to_fine,0,True,9.347996046973389e-05,0.38789915426969035,1.0,0.3151653050151718,accepted
4446-2275-0013_908-157963-0000_1284-1180-0030_x5,s4,coarse_to_fine,0,False,0.0,-0.4617632820000487,1.0,0.30732428140528434,margin
4446-2275-0013_908-157963-0000_1284-1180-0030_x5,s5,coarse_to_fine,0,False,0.0,-0.021313454509761992,1.0,0.38616207107522044,margin
4446-2275-0013_908-157963-0000_1284-1180-0030_x5,s1,coarse_to_fine,1,False,0.0,-0.4038126391185147,1.0,0.47514054025129915,margin
4446-2275-0013_908-157963-0000_1284-1180-0030_x5,s2,coarse_to_fine,1,False,0.0,0.008019183942072461,1.0,0.455048453208866,margin
4446-2275-0013_908-157963-0000_1284-1180-0030_x5,s3,coarse_to_fine,1,True,9.347996046973389e-05,0.6303667576177108,1.0,0.29897325284658616,accepted
4446-2275-0013_908-157963-0000_1284-1180-0030_x5,s4,coarse_to_fine,1,False,0.0,-0.6975680081593933,1.0,0.30732428140528434,margin
4446-2275-0013_908-157963-0000_1284-1180-0030_x5,s5,coarse_to_fine,1,False,0.0,-0.05180756467276473,1.0,0.38616207107522044,margin
7176-92135-0002_2830-3979-0001_4446-2271-0016_x5,s1,gated_deflation,0,False,0.0,-0.014733284177917028,1.0,0.8940869881320965,margin
7176-92135-0002_2830-3979-0001_4446-2271-0016_x5,s2,gated_deflation,0,False,0.0,-0.1437360177482141,0.9625374996900852,0.49746643612476604,margin
7176-92135-0002_2830-3979-0001_4446-2271-0016_x5,s3,gated_deflation,0,False,0.0,-0.14506043552818387,0.9911053775122216,0.6839730336574882,margin
7176-92135-0002_2830-3979-0001_4446-2271-0016_x5,s4,gated_deflation,0,True,0.00012910315758519003,0.3057012270219064,1.0,0.4655595433703487,accepted
7176-92135-0002_2830-3979-0001_4446-2271-0016_x5,s5,gated_deflation,0,False,0.0,0.20878967138613086,1.0,0.9327927590487205,artifact_score
7176-92135-0002_2830-3979-0001_4446-2271-0016_x5,s1,coarse_to_fine,0,False,0.0,-0.22086768637813248,1.0,0.3023825409071264,margin
7176-92135-0002_2830-3979-0001_4446-2271-0016_x5,s2,coarse_to_fine,0,False,0.0,-0.20180478266425295,0.9625374996900852,0.2925677428226898,margin
7176-92135-0002_2830-3979-0001_4446-2271-0016_x5,s3,coarse_to_fine,0,False,0.0,-0.3576446500244639,0.9912683324280283,0.2822646367892068,margin
7176-92135-0002_2830-3979-0001_4446-2271-0016_x5,s4,coarse_to_fine,0,True,0.00012910315758519003,0.273761066374142,1.0,0.3515833229835793,accepted
7176-92135-0002_2830-3979-0001_4446-2271-0016_x5,s5,coarse_to_fine,0,False,0.0,-0.0070898205276717086,1.0,0.5618181754495122,margin
7176-92135-0002_2830-3979-0001_4446-2271-0016_x5,s1,coarse_to_fine,1,False,0.0,-0.37188488591946667,1.0,0.3023825409071264,margin
7176-92135-0002_2830-3979-0001_4446-2271-0016_x5,s2,coarse_to_fine,1,False,0.0,-0.37618736297997213,0.9625374996900852,0.2925677428226898,margin
7176-92135-0002_2830-3979-0001_4446-2271-0016_x5,s3,coarse_to_fine,1,False,0.0,-0.49002173801528126,0.9912683324280283,0.2822646367892068,margin
7176-92135-0002_2830-3979-0001_4446-2271-0016_x5,s4,coarse_to_fine,1,True,0.00012910315758519003,0.46386984936496234,0.9881571226684077,0.3510399479720723,accepted
7176-92135-0002_2830-3979-0001_4446-2271-0016_x5,s5,coarse_to_fine,1,False,0.0,-0.0070898205276717086,1.0,0.5618181754495122,margin
61-70970-0011_8555-284447-0003_8224-274381-0000_x5,s1,gated_deflation,0,True,0.0,0.21086338985382846,1.0,0.8289603316533175,accepted
61-70970-0011_8555-284447-0003_8224-274381-0000_x5,s2,gated_deflation,0,False,0.0,-0.10582903066625896,1.0,0.875630523036739,margin
61-70970-0011_8555-284447-0003_8224-274381-0000_x5,s3,gated_deflation,0,True,0.00023357928901126518,0.3317122382940534,1.0,0.4287986700945861,accepted
61-70970-0011_8555-284447-0003_8224-274381-0000_x5,s4,gated_deflation,0,False,0.0,-0.01038521613316229,1.0,0.8979567519961501,margin
61-70970-0011_8555-284447-0003_8224-274381-0000_x5,s5,gated_deflation,0,False,0.0,0.008370753758392746,1.0,0.8868018066902195,margin
61-70970-0011_8555-284447-0003_8224-274381-0000_x5,s1,coarse_to_fine,0,True,0.0,0.28450526400218523,1.0,0.4015552835554013,accepted
61-70970-0011_8555-284447-0003_8224-274381-0000_x5,s2,coarse_to_fine,0,False,0.0,-0.1158283947466385,1.0,0.35823151227336486,margin
61-70970-0011_8555-284447-0003_8224-274381-0000_x5,s3,coarse_to_fine,0,False,0.00023357928901126518,-0.0673103117269121,1.0,0.3364867578975333,margin
61-70970-0011_8555-284447-0003_8224-274381-0000_x5,s4,coarse_to_fine,0,False,0.0,0.06976511826595387,1.0,0.3168472183021607,margin
61-70970-0011_8555-284447-0003_8224-274381-0000_x5,s5,coarse_to_fine,0,False,0.0,-0.15018076258438623,1.0,0.44629685573029304,margin
61-70970-0011_8555-284447-0003_8224-274381-0000_x5,s1,coarse_to_fine,1,True,0.0,0.4714892746221399,1.0,0.5190246739811484,accepted
61-70970-0011_8555-284447-0003_8224-274381-0000_x5,s2,coarse_to_fine,1,False,0.0,-0.1158283947466385,1.0,0.35823151227336486,margin
61-70970-0011_8555-284447-0003_8224-274381-0000_x5,s3,coarse_to_fine,1,False,0.00023357928901126518,-0.1941903505400253,1.0,0.3364867578975333,margin
61-70970-0011_8555-284447-0003_8224-274381-0000_x5,s4,coarse_to_fine,1,False,0.0,0.04086835555124621,1.0,0.3168472183021607,margin
61-70970-0011_8555-284447-0003_8224-274381-0000_x5,s5,coarse_to_fine,1,False,0.0,-0.32803531789003526,1.0,0.44629685573029304,margin
61-70968-0004_1284-1180-0005_2094-142345-0006_x5,s1,gated_deflation,0,True,0.0,0.11023799970055381,1.0,0.8824211715457773,accepted
61-70968-0004_1284-1180-0005_2094-142345-0006_x5,s2,gated_deflation,0,False,0.0,-0.02783537525291957,0.9678828828828829,0.7523374444242146,margin
61-70968-0004_1284-1180-0005_2094-142345-0006_x5,s3,gated_deflation,0,True,0.00015223769834202665,0.4043943928280515,0.9563288288288289,0.4826892983281069,accepted
61-70968-0004_1284-1180-0005_2094-142345-0006_x5,s4,gated_deflation,0,True,0.0,0.14817177006275306,1.0,0.7903975967577115,accepted
61-70968-0004_1284-1180-0005_2094-142345-0006_x5,s5,gated_deflation,0,False,0.0,0.08083652846421036,1.0,0.8836445817921593,margin
61-70968-0004_1284-1180-0005_2094-142345-0006_x5,s1,coarse_to_fine,0,False,0.0,0.03819622921734919,1.0,0.4721384320259709,margin
61-70968-0004_1284-1180-0005_2094-142345-0006_x5,s2,coarse_to_fine,0,False,0.0,-0.01748934610935049,1.0,0.33845919346391196,margin
61-70968-0004_1284-1180-0005_2094-142345-0006_x5,s3,coarse_to_fine,0,True,0.00015223769834202665,0.24012250872324253,1.0,0.38586463300929574,accepted
61-70968-0004_1284-1180-0005_2094-142345-0006_x5,s4,coarse_to_fine,0,False,0.0,-0.21970765380152096,1.0,0.2986442468720582,margin
61-70968-0004_1284-1180-0005_2094-142345-0006_x5,s5,coarse_to_fine,0,False,0.0,-0.3644814855831326,1.0,0.4502177531226495,margin
61-70968-0004_1284-1180-0005_2094-142345-0006_x5,s1,coarse_to_fine,1,False,0.0,-0.11243683576834235,1.0,0.4721384320259709,margin
61-70968-0004_1284-1180-0005_2094-142345-0006_x5,s2,coarse_to_fine,1,False,0.0,-0.23327113281328687,1.0,0.33845919346391196,margin
61-70968-0004_1284-1180-0005_2094-142345-0006_x5,s3,coarse_to_fine,1,True,0.00015223769834202665,0.44592879495728044,1.0,0.36567434086633444,accepted
61-70968-0004_1284-1180-0005_2094-142345-0006_x5,s4,coarse_to_fine,1,False,0.0,-0.21970765380152096,1.0,0.2986442468720582,margin
61-70968-0004_1284-1180-0005_2094-142345-0006_x5,s5,coarse_to_fine,1,False,0.0,-0.3644814855831326,1.0,0.4502177531226495,margin
7021-85628-0018_2961-960-0002_4446-2275-0028_x5,s1,gated_deflation,0,True,0.0,0.19637919336067333,1.0,0.7284774233734923,accepted
7021-85628-0018_2961-960-0002_4446-2275-0028_x5,s2,gated_deflation,0,False,0.0002068295752151595,-0.04573629590610673,0.9585138648180243,0.5739605905097802,margin
7021-85628-0018_2961-960-0002_4446-2275-0028_x5,s3,gated_deflation,0,False,0.0,0.0678498948442944,1.0,0.9150609481337793,margin
7021-85628-0018_2961-960-0002_4446-2275-0028_x5,s4,gated_deflation,0,False,0.0,0.09084662283501782,1.0,0.9026753365997926,margin
7021-85628-0018_2961-960-0002_4446-2275-0028_x5,s5,gated_deflation,0,False,0.0,0.07839634938409457,0.9461113518197574,0.5886143625766087,margin
7021-85628-0018_2961-960-0002_4446-2275-0028_x5,s1,coarse_to_fine,0,True,0.0,0.12005536472945605,1.0,0.37310379849935355,accepted
7021-85628-0018_2961-960-0002_4446-2275-0028_x5,s2,coarse_to_fine,0,False,0.0002068295752151595,-0.14909403707241425,1.0,0.46649379230238774,margin
7021-85628-0018_2961-960-0002_4446-2275-0028_x5,s3,coarse_to_fine,0,False,0.0,0.03885152488707774,1.0,0.5233096031325565,margin
7021-85628-0018_2961-960-0002_4446-2275-0028_x5,s4,coarse_to_fine,0,False,0.0,0.028701150620692423,1.0,0.4348531009681786,margin
7021-85628-0018_2961-960-0002_4446-2275-0028_x5,s5,coarse_to_fine,0,False,0.0,-0.022520777609306764,0.9944757365684576,0.3586359230011689,margin
7021-85628-0018_2961-960-0002_4446-2275-0028_x5,s1,coarse_to_fine,1,True,0.0,0.38672079192459324,1.0,0.35640983481025457,accepted
7021-85628-0018_2961-960-0002_4446-2275-0028_x5,s2,coarse_to_fine,1,False,0.0002068295752151595,-0.37992528062988823,1.0,0.46649379230238774,margin
7021-85628-0018_2961-960-0002_4446-2275-0028_x5,s3,coarse_to_fine,1,False,0.0,0.01913181476106615,1.0,0.5233096031325565,margin
7021-85628-0018_2961-960-0002_4446-2275-0028_x5,s4,coarse_to_fine,1,False,0.0,-0.13478966484090027,1.0,0.4348531009681786,margin
7021-85628-0018_2961-960-0002_4446-2275-0028_x5,s5,coarse_to_fine,1,False,0.0,-0.2760598103714416,0.9944757365684576,0.3586359230011689,margin
8455-210777-0065_4507-16021-0035_2961-960-0007_x5,s1,gated_deflation,0,True,0.0,0.27560152443500274,1.0,0.8093523579141069,accepted
8455-210777-0065_4507-16021-0035_2961-960-0007_x5,s2,gated_deflation,0,False,0.0,-0.2147712255349641,0.937796480489671,0.575320658366809,margin
8455-210777-0065_4507-16021-0035_2961-960-0007_x5,s3,gated_deflation,0,True,0.0,0.1865899208572495,0.9513198163733741,0.5880784146720583,accepted
8455-210777-0065_4507-16021-0035_2961-960-0007_x5,s4,gated_deflation,0,True,0.0,0.18983010792246188,0.9855829596412556,0.5925422845663867,accepted
8455-210777-0065_4507-16021-0035_2961-960-0007_x5,s5,gated_deflation,0,False,0.0,-0.05814491729250579,1.0,0.7661774077621405,margin
8455-210777-0065_4507-16021-0035_2961-960-0007_x5,s1,coarse_to_fine,0,False,0.0,-0.06492699572826416,1.0,0.46152003388208057,margin
8455-210777-0065_4507-16021-0035_2961-960-0007_x5,s2,coarse_to_fine,0,False,0.0,-0.20169836853470807,0.9566564651874522,0.3315766108286535,margin
8455-210777-0065_4507-16021-0035_2961-960-0007_x5,s3,coarse_to_fine,0,True,0.0,0.10511938685113797,0.957823259372609,0.35986380555741493,accepted
8455-210777-0065_4507-16021-0035_2961-960-0007_x5,s4,coarse_to_fine,0,False,0.0,-0.06587837838900629,1.0,0.3144905477358683,margin
8455-210777-0065_4507-16021-0035_2961-960-0007_x5,s5,coarse_to_fine,0,False,0.0,-0.08436439205991683,1.0,0.44761649141918847,margin
8455-210777-0065_4507-16021-0035_2961-960-0007_x5,s1,coarse_to_fine,1,False,0.0,-0.22376706702539517,1.0,0.46152003388208057,margin
8455-210777-0065_4507-16021-0035_2961-960-0007_x5,s2,coarse_to_fine,1,False,0.0,-0.4587132766977134,0.9566564651874522,0.3315766108286535,margin
8455-210777-0065_4507-16021-0035_2961-960-0007_x5,s3,coarse_to_fine,1,True,0.0,0.4283622092835962,0.9566182096403979,0.34533173066122835,accepted
8455-210777-0065_4507-16021-0035_2961-960-0007_x5,s4,coarse_to_fine,1,False,0.0,-0.29517212110532987,1.0,0.3144905477358683,margin
8455-210777-0065_4507-16021-0035_2961-960-0007_x5,s5,coarse_to_fine,1,False,0.0,-0.29578642665896493,1.0,0.44761649141918847,margin
7127-75946-0018_3575-170457-0019_5142-33396-0024_x5,s1,gated_deflation,0,True,0.00016290621415369252,0.5079952461882562,0.8611784675072744,0.5953515705616573,accepted
7127-75946-0018_3575-170457-0019_5142-33396-0024_x5,s2,gated_deflation,0,False,0.0,0.09126147607301127,1.0,0.7567628203530332,margin
7127-75946-0018_3575-170457-0019_5142-33396-0024_x5,s3,gated_deflation,0,False,0.0,-0.02361058759379958,1.0,0.7678943417647043,margin
7127-75946-0018_3575-170457-0019_5142-33396-0024_x5,s4,gated_deflation,0,True,0.0,0.30992744933241706,1.0,0.8603418434675761,accepted
7127-75946-0018_3575-170457-0019_5142-33396-0024_x5,s5,gated_deflation,0,True,0.0,0.14761937782532852,1.0,0.8448896655524537,accepted
7127-75946-0018_3575-170457-0019_5142-33396-0024_x5,s1,coarse_to_fine,0,True,0.00016290621415369252,0.13307017977928776,1.0,0.47600330252380807,accepted
7127-75946-0018_3575-170457-0019_5142-33396-0024_x5,s2,coarse_to_fine,0,False,0.0,-0.07230302778497005,1.0,0.5036829498593035,margin
7127-75946-0018_3575-170457-0019_5142-33396-0024_x5,s3,coarse_to_fine,0,False,0.0,-0.012233780768799746,1.0,0.4312296961686618,margin
7127-75946-0018_3575-170457-0019_5142-33396-0024_x5,s4,coarse_to_fine,0,False,0.0,-0.05242188250769621,1.0,0.462993766826649,margin
7127-75946-0018_3575-170457-0019_5142-33396-0024_x5,s5,coarse_to_fine,0,False,0.0,-0.027333061884048604,1.0,0.4297607791364728,margin
7127-75946-0018_3575-170457-0019_5142-33396-0024_x5,s1,coarse_to_fine,1,True,0.00016290621415369252,0.4893494817490739,1.0,0.46641049033279114,accepted
7127-75946-0018_3575-170457-0019_5142-33396-0024_x5,s2,coarse_to_fine,1,False,0.0,-0.2981075468283709,1.0,0.5036829498593035,margin
7127-75946-0018_3575-170457-0019_5142-33396-0024_x5,s3,coarse_to_fine,1,False,0.0,-0.11632945012111057,1.0,0.4312296961686618,margin
7127-75946-0018_3575-170457-0019_5142-33396-0024_x5,s4,coarse_to_fine,1,False,0.0,-0.05242188250769621,1.0,0.462993766826649,margin
7127-75946-0018_3575-170457-0019_5142-33396-0024_x5,s5,coarse_to_fine,1,False,0.0,-0.13356687149407936,1.0,0.4297607791364728,margin
3575-170457-0043_1995-1837-0027_5142-33396-0022_x5,s1,gated_deflation,0,True,0.0001738211575566355,0.42773264081419,1.0,0.44599560050769194,accepted
3575-170457-0043_1995-1837-0027_5142-33396-0022_x5,s2,gated_deflation,0,False,0.0,-0.09024941608166309,1.0,0.7753333998680766,margin
3575-170457-0043_1995-1837-0027_5142-33396-0022_x5,s3,gated_deflation,0,True,0.0,0.23328682862036723,1.0,0.884637382149631,accepted
3575-170457-0043_1995-1837-0027_5142-33396-0022_x5,s4,gated_deflation,0,False,0.0,0.03404987330469522,1.0,0.8640013339325515,margin
3575-170457-0043_1995-1837-0027_5142-33396-0022_x5,s5,gated_deflation,0,False,0.0,0.275866962930294,1.0,0.9253228033680584,artifact_score
3575-170457-0043_1995-1837-0027_5142-33396-0022_x5,s1,coarse_to_fine,0,True,0.0001738211575566355,0.3507704656337429,1.0,0.27787217532116465,accepted
3575-170457-0043_1995-1837-0027_5142-33396-0022_x5,s2,coarse_to_fine,0,False,0.0,-0.4026758869191128,1.0,0.2215810101982383,margin
3575-170457-0043_1995-1837-0027_5142-33396-0022_x5,s3,coarse_to_fine,0,False,0.0,0.09865482511052798,1.0,0.45041020261552567,margin
3575-170457-0043_1995-1837-0027_5142-33396-0022_x5,s4,coarse_to_fine,0,False,0.0,-0.15065468940096066,1.0,0.41967964053446155,margin
3575-170457-0043_1995-1837-0027_5142-33396-0022_x5,s5,coarse_to_fine,0,True,0.0,0.32462333817420963,1.0,0.5313055887907732,accepted
3575-170457-0043_1995-1837-0027_5142-33396-0022_x5,s1,coarse_to_fine,1,True,0.0001738211575566355,0.6583080087834191,1.0,0.2932294400591468,accepted
3575-170457-0043_1995-1837-0027_5142-33396-0022_x5,s2,coarse_to_fine,1,False,0.0,-0.7071965670116587,1.0,0.2215810101982383,margin
3575-170457-0043_1995-1837-0027_5142-33396-0022_x5,s3,coarse_to_fine,1,False,0.0,-0.0726660590668059,1.0,0.45041020261552567,margin
3575-170457-0043_1995-1837-0027_5142-33396-0022_x5,s4,coarse_to_fine,1,False,0.0,-0.44104853382133336,1.0,0.41967964053446155,margin
3575-170457-0043_1995-1837-0027_5142-33396-0022_x5,s5,coarse_to_fine,1,True,0.0,0.55860352311289,1.0,0.5632862375159263,accepted
1580-141083-0032_5105-28240-0009_4446-2273-0019_x5,s1,gated_deflation,0,False,0.0,-0.11972099082406465,1.0,0.8798078744384819,margin
1580-141083-0032_5105-28240-0009_4446-2273-0019_x5,s2,gated_deflation,0,False,0.0,0.03322365761159268,1.0,0.6353681786779662,margin
1580-141083-0032_5105-28240-0009_4446-2273-0019_x5,s3,gated_deflation,0,False,0.0,0.28135512389865247,1.0,0.9034899579094013,artifact_score
1580-141083-0032_5105-28240-0009_4446-2273-0019_x5,s4,gated_deflation,0,False,0.0,0.046179537507906876,1.0,0.6037411834009336,margin
1580-141083-0032_5105-28240-0009_4446-2273-0019_x5,s5,gated_deflation,0,True,0.0,0.284913609965691,1.0,0.8803458843595107,accepted
1580-141083-0032_5105-28240-0009_4446-2273-0019_x5,s1,coarse_to_fine,0,False,0.0,-0.1172628827648432,1.0,0.5464129873218078,margin
1580-141083-0032_5105-28240-0009_4446-2273-0019_x5,s2,coarse_to_fine,0,False,0.0,-0.021643969995651102,1.0,0.5075502257313464,margin
1580-141083-0032_5105-28240-0009_4446-2273-0019_x5,s3,coarse_to_fine,0,False,0.0,-0.1477162239049318,1.0,0.5329553618492469,margin
1580-141083-0032_5105-28240-0009_4446-2273-0019_x5,s4,coarse_to_fine,0,False,0.0,-0.008388057896581091,1.0,0.45800189306032446,margin
1580-141083-0032_5105-28240-0009_4446-2273-0019_x5,s5,coarse_to_fine,0,False,0.0,0.02031401748383889,1.0,0.5070056102326935,margin
1580-141083-0032_5105-28240-0009_4446-2273-0019_x5,s1,coarse_to_fine,1,False,0.0,-0.1172628827648432,1.0,0.5464129873218078,margin
1580-141083-0032_5105-28240-0009_4446-2273-0019_x5,s2,coarse_to_fine,1,False,0.0,-0.021643969995651102,1.0,0.5075502257313464,margin
1580-141083-0032_5105-28240-0009_4446-2273-0019_x5,s3,coarse_to_fine,1,False,0.0,-0.1477162239049318,1.0,0.5329553618492469,margin
1580-141083-0032_5105-28240-0009_4446-2273-0019_x5,s4,coarse_to_fine,1,False,0.0,-0.008388057896581091,1.0,0.45800189306032446,margin
1580-141083-0032_5105-28240-0009_4446-2273-0019_x5,s5,coarse_to_fine,1,False,0.0,0.02031401748383889,1.0,0.5070056102326935,margin
5142-36586-0004_7127-75947-0000_8455-210777-0059_x5,s1,gated_deflation,0,False,0.0,-0.01819905948088993,1.0,0.9181471035130033,margin
5142-36586-0004_7127-75947-0000_8455-210777-0059_x5,s2,gated_deflation,0,True,7.390644494227422e-05,0.5799563322535515,0.9880788804071247,0.598802807579701,accepted
5142-36586-0004_7127-75947-0000_8455-210777-0059_x5,s3,gated_deflation,0,False,0.0,-0.004203772364648306,0.9807056229327453,0.8856710425923261,margin
5142-36586-0004_7127-75947-0000_8455-210777-0059_x5,s4,gated_deflation,0,False,0.0,0.1641788504364175,1.0,0.9316799554291534,artifact_score
5142-36586-0004_7127-75947-0000_8455-210777-0059_x5,s5,gated_deflation,0,False,0.0,-0.5529566424660719,0.9886641221374046,0.7677061524773082,margin
5142-36586-0004_7127-75947-0000_8455-210777-0059_x5,s1,coarse_to_fine,0,False,0.0,0.03527260555730677,1.0,0.47572496875095655,margin
5142-36586-0004_7127-75947-0000_8455-210777-0059_x5,s2,coarse_to_fine,0,True,7.390644494227422e-05,0.5146874384852897,0.9880788804071247,0.5101759685769641,accepted
5142-36586-0004_7127-75947-0000_8455-210777-0059_x5,s3,coarse_to_fine,0,False,0.0,-0.31003525500825574,0.9807056229327453,0.5935270631945191,margin
5142-36586-0004_7127-75947-0000_8455-210777-0059_x5,s4,coarse_to_fine,0,False,0.0,-0.10633060625950297,1.0,0.530765816830577,margin
5142-36586-0004_7127-75947-0000_8455-210777-0059_x5,s5,coarse_to_fine,0,False,0.0,-0.7507708891634861,0.9886641221374046,0.5253990169670344,margin
5142-36586-0004_7127-75947-0000_8455-210777-0059_x5,s1,coarse_to_fine,1,False,0.0,0.03527260555730677,1.0,0.47572496875095655,margin
5142-36586-0004_7127-75947-0000_8455-210777-0059_x5,s2,coarse_to_fine,1,True,7.390644494227422e-05,0.7048586997112225,0.9794529262086514,0.4858662873956821,accepted
5142-36586-0004_7127-75947-0000_8455-210777-0059_x5,s3,coarse_to_fine,1,False,0.0,-0.3937798781093779,0.9807056229327453,0.5935270631945191,margin
5142-36586-0004_7127-75947-0000_8455-210777-0059_x5,s4,coarse_to_fine,1,False,0.0,-0.10633060625950297,1.0,0.530765816830577,margin
5142-36586-0004_7127-75947-0000_8455-210777-0059_x5,s5,coarse_to_fine,1,False,0.0,-0.895258507980464,0.9886641221374046,0.5253990169670344,margin
8455-210777-0020_61-70968-0054_7729-102255-0023_x5,s1,gated_deflation,0,True,0.0,0.1837482350966046,1.0,0.8377134862924277,accepted
8455-210777-0020_61-70968-0054_7729-102255-0023_x5,s2,gated_deflation,0,True,0.0001850861586750923,0.3469306847671143,0.9709908069458631,0.5627594518021871,accepted
8455-210777-0020_61-70968-0054_7729-102255-0023_x5,s3,gated_deflation,0,True,0.0,0.2383208475182917,0.9997222222222222,0.6895655932714578,accepted
8455-210777-0020_61-70968-0054_7729-102255-0023_x5,s4,gated_deflation,0,False,0.0,0.008333057127106969,1.0,0.7204036482925718,margin
8455-210777-0020_61-70968-0054_7729-102255-0023_x5,s5,gated_deflation,0,False,0.0,-0.09115031034221344,0.9784729315628192,0.6888990499057601,margin
8455-210777-0020_61-70968-0054_7729-102255-0023_x5,s1,coarse_to_fine,0,False,0.0,-0.2225421545693031,1.0,0.39469105628461365,margin
8455-210777-0020_61-70968-0054_7729-102255-0023_x5,s2,coarse_to_fine,0,True,0.0001850861586750923,0.21594343716386422,1.0,0.3903049999912535,accepted
8455-210777-0020_61-70968-0054_7729-102255-0023_x5,s3,coarse_to_fine,0,False,0.0,-0.11674046523797088,1.0,0.36771587957085755,margin
8455-210777-0020_61-70968-0054_7729-102255-0023_x5,s4,coarse_to_fine,0,False,0.0,0.012812614791650634,1.0,0.4881124987483991,margin
8455-210777-0020_61-70968-0054_7729-102255-0023_x5,s5,coarse_to_fine,0,False,0.0,-0.21175101221030615,1.0,0.5030548009943466,margin
8455-210777-0020_61-70968-0054_7729-102255-0023_x5,s1,coarse_to_fine,1,False,0.0,-0.42382996255201655,1.0,0.39469105628461365,margin
8455-210777-0020_61-70968-0054_7729-102255-0023_x5,s2,coarse_to_fine,1,True,0.0001850861586750923,0.4787326268332212,1.0,0.38124494396974384,accepted
8455-210777-0020_61-70968-0054_7729-102255-0023_x5,s3,coarse_to_fine,1,False,0.0,-0.38252108204756147,1.0,0.36771587957085755,margin
8455-210777-0020_61-70968-0054_7729-102255-0023_x5,s4,coarse_to_fine,1,False,0.0,-0.24517398739837204,1.0,0.4881124987483991,margin
8455-210777-0020_61-70968-0054_7729-102255-0023_x5,s5,coarse_to_fine,1,False,0.0,-0.388216725599817,1.0,0.5030548009943466,margin
7176-88083-0000_4970-29095-0006_2094-142345-0034_x5,s1,gated_deflation,0,False,0.0,0.08802875923014197,1.0,0.7019927992675319,margin
7176-88083-0000_4970-29095-0006_2094-142345-0034_x5,s2,gated_deflation,0,False,0.0,-0.05184867593681458,1.0,0.781867959535975,margin
7176-88083-0000_4970-29095-0006_2094-142345-0034_x5,s3,gated_deflation,0,True,0.00015984154265829978,0.36544162405855435,1.0,0.5981571084863043,accepted
7176-88083-0000_4970-29095-0006_2094-142345-0034_x5,s4,gated_deflation,0,True,0.0,0.1505461924511205,1.0,0.7264370440914947,accepted
7176-88083-0000_4970-29095-0006_2094-142345-0034_x5,s5,gated_deflation,0,False,0.0,-0.08231271684399866,1.0,0.8174286196422111,margin
7176-88083-0000_4970-29095-0006_2094-142345-0034_x5,s1,coarse_to_fine,0,True,0.0,0.1269274142701971,1.0,0.40193469774325363,accepted
7176-88083-0000_4970-29095-0006_2094-142345-0034_x5,s2,coarse_to_fine,0,False,0.0,-0.1852722368413994,1.0,0.4354865994008829,margin
7176-88083-0000_4970-29095-0006_2094-142345-0034_x5,s3,coarse_to_fine,0,True,0.00015984154265829978,0.2666293141226147,1.0,0.4170440165258703,accepted
7176-88083-0000_4970-29095-0006_2094-142345-0034_x5,s4,coarse_to_fine,0,False,0.0,-0.05180668084890355,1.0,0.4637670190403462,margin
7176-88083-0000_4970-29095-0006_2094-142345-0034_x5,s5,coarse_to_fine,0,False,0.0,-0.08151878861035677,1.0,0.5258712292800763,margin
7176-88083-0000_4970-29095-0006_2094-142345-0034_x5,s1,coarse_to_fine,1,True,0.0,0.364721544148641,1.0,0.4556098262094568,accepted
7176-88083-0000_4970-29095-0006_2094-142345-0034_x5,s2,coarse_to_fine,1,False,0.0,-0.3498363839421421,1.0,0.4354865994008829,margin
7176-88083-0000_4970-29095-0006_2094-142345-0034_x5,s3,coarse_to_fine,1,True,0.00015984154265829978,0.539591481373715,1.0,0.42047969896460186,accepted
7176-88083-0000_4970-29095-0006_2094-142345-0034_x5,s4,coarse_to_fine,1,False,0.0,-0.23104331707606612,1.0,0.4637670190403462,margin
7176-88083-0000_4970-29095-0006_2094-142345-0034_x5,s5,coarse_to_fine,1,False,0.0,-0.27408721863260194,1.0,0.5258712292800763,margin
6930-81414-0000_4507-16021-0059_6829-68771-0029_x5,s1,gated_deflation,0,True,0.00016244716610291462,0.24685687037141263,0.9840976331360947,0.6405113328142096,accepted
6930-81414-0000_4507-16021-0059_6829-68771-0029_x5,s2,gated_deflation,0,True,0.0,0.10829566808392038,1.0,0.7880099794057885,accepted
6930-81414-0000_4507-16021-0059_6829-68771-0029_x5,s3,gated_deflation,0,False,0.0,0.014680472022307045,1.0,0.7073305503277681,margin
6930-81414-0000_4507-16021-0059_6829-68771-0029_x5,s4,gated_deflation,0,True,0.0,0.16453647164131358,1.0,0.8336883735903701,accepted
6930-81414-0000_4507-16021-0059_6829-68771-0029_x5,s5,gated_deflation,0,False,0.0,0.015751886891957778,0.9994082840236687,0.7150406570173529,margin
6930-81414-0000_4507-16021-0059_6829-68771-0029_x5,s1,coarse_to_fine,0,False,0.00016244716610291462,0.05617601655142629,1.0,0.5645743302825634,margin
6930-81414-0000_4507-16021-0059_6829-68771-0029_x5,s2,coarse_to_fine,0,False,0.0,-0.1611755666618447,1.0,0.4358633927498835,margin
6930-81414-0000_4507-16021-0059_6829-68771-0029_x5,s3,coarse_to_fine,0,True,0.0,0.1054980383188816,1.0,0.4896854787170995,accepted
6930-81414-0000_4507-16021-0059_6829-68771-0029_x5,s4,coarse_to_fine,0,False,0.0,-0.02911606617970447,1.0,0.5852964999707201,margin
6930-81414-0000_4507-16021-0059_6829-68771-0029_x5,s5,coarse_to_fine,0,False,0.0,0.03138915056152197,1.0,0.4907824706639349,margin
6930-81414-0000_4507-16021-0059_6829-68771-0029_x5,s1,coarse_to_fine,1,False,0.00016244716610291462,-0.18244545736683748,1.0,0.5645743302825634,margin
6930-81414-0000_4507-16021-0059_6829-68771-0029_x5,s2,coarse_to_fine,1,False,0.0,-0.4617492205102971,1.0,0.4358633927498835,margin
6930-81414-0000_4507-16021-0059_6829-68771-0029_x5,s3,coarse_to_fine,1,True,0.0,0.5031112543767242,1.0,0.46965906375999805,accepted
6930-81414-0000_4507-16021-0059_6829-68771-0029_x5,s4,coarse_to_fine,1,False,0.0,-0.059197438168195116,1.0,0.5852964999707201,margin
6930-81414-0000_4507-16021-0059_6829-68771-0029_x5,s5,coarse_to_fine,1,False,0.0,0.000455601270876016,1.0,0.4907824706639349,margin
2300-131720-0040_260-123440-0017_672-122797-0022_x5,s1,gated_deflation,0,False,0.0,-0.1143605341773683,1.0,0.8750222527027425,margin
2300-131720-0040_260-123440-0017_672-122797-0022_x5,s2,gated_deflation,0,False,0.0,0.020617028020940814,1.0,0.9231546629118033,margin
2300-131720-0040_260-123440-0017_672-122797-0022_x5,s3,gated_deflation,0,True,0.00015075144289643195,0.5993636951090571,1.0,0.6076042462941983,accepted
2300-131720-0040_260-123440-0017_672-122797-0022_x5,s4,gated_deflation,0,False,0.0,0.0663387053035247,0.9187957540263543,0.8095883213962062,margin
2300-131720-0040_260-123440-0017_672-122797-0022_x5,s5,gated_deflation,0,False,0.0,-0.05048402950768224,1.0,0.8922199712165885,margin
2300-131720-0040_260-123440-0017_672-122797-0022_x5,s1,coarse_to_fine,0,False,0.0,-0.2649113361153888,1.0,0.5277580320379517,margin
2300-131720-0040_260-123440-0017_672-122797-0022_x5,s2,coarse_to_fine,0,False,0.0,-0.15012054585143927,1.0,0.4992538629560073,margin
2300-131720-0040_260-123440-0017_672-122797-0022_x5,s3,coarse_to_fine,0,True,0.00015075144289643195,0.3053882392588928,1.0,0.5909595146372345,accepted
2300-131720-0040_260-123440-0017_672-122797-0022_x5,s4,coarse_to_fine,0,False,0.0,0.04558810828026316,0.9187957540263543,0.43294622106365743,margin
2300-131720-0040_260-123440-0017_672-122797-0022_x5,s5,coarse_to_fine,0,False,0.0,-0.06198155873737057,1.0,0.4016532920801575,margin
2300-131720-0040_260-123440-0017_672-122797-0022_x5,s1,coarse_to_fine,1,False,0.0,-0.468991675452034,1.0,0.5277580320379517,margin
2300-131720-0040_260-123440-0017_672-122797-0022_x5,s2,coarse_to_fine,1,False,0.0,-0.30081680280191303,1.0,0.4992538629560073,margin
2300-131720-0040_260-123440-0017_672-122797-0022_x5,s3,coarse_to_fine,1,True,0.00015075144289643195,0.5923753184985339,1.0,0.5958816738678491,accepted
2300-131720-0040_260-123440-0017_672-122797-0022_x5,s4,coarse_to_fine,1,False,0.0,-0.1775207683598949,0.9187957540263543,0.43294622106365743,margin
2300-131720-0040_260-123440-0017_672-122797-0022_x5,s5,coarse_to_fine,1,False,0.0,-0.23107228397213536,1.0,0.4016532920801575,margin
2830-3980-0052_8224-274381-0007_5683-32879-0022_x5,s1,gated_deflation,0,True,0.0,0.13634367432640926,1.0,0.8561041318082637,accepted
2830-3980-0052_8224-274381-0007_5683-32879-0022_x5,s2,gated_deflation,0,False,0.0,-0.21902632876496947,0.9510044028618602,0.6666754156839088,margin
2830-3980-0052_8224-274381-0007_5683-32879-0022_x5,s3,gated_deflation,0,False,0.0,0.07420515598215055,1.0,0.8954784704101498,margin
2830-3980-0052_8224-274381-0007_5683-32879-0022_x5,s4,gated_deflation,0,True,0.00016752630734132457,0.36459326101588363,1.0,0.489303171324698,accepted
2830-3980-0052_8224-274381-0007_5683-32879-0022_x5,s5,gated_deflation,0,False,0.0,-0.026608257630094445,1.0,0.8310527316025377,margin
2830-3980-0052_8224-274381-0007_5683-32879-0022_x5,s1,coarse_to_fine,0,False,0.0,0.09345013179680023,1.0,0.43216358110181624,margin
2830-3980-0052_8224-274381-0007_5683-32879-0022_x5,s2,coarse_to_fine,0,False,0.0,-0.35443035890668945,1.0,0.33660122745422005,margin
2830-3980-0052_8224-274381-0007_5683-32879-0022_x5,s3,coarse_to_fine,0,False,0.0,-0.13708413660238808,1.0,0.5331832939839013,margin
2830-3980-0052_8224-274381-0007_5683-32879-0022_x5,s4,coarse_to_fine,0,True,0.00016752630734132457,0.30635319770115715,1.0,0.363763285363006,accepted
2830-3980-0052_8224-274381-0007_5683-32879-0022_x5,s5,coarse_to_fine,0,False,0.0,0.03111125897650635,1.0,0.5465653414991762,margin
2830-3980-0052_8224-274381-0007_5683-32879-0022_x5,s1,coarse_to_fine,1,False,0.0,0.029464029581763307,1.0,0.43216358110181624,margin
2830-3980-0052_8224-274381-0007_5683-32879-0022_x5,s2,coarse_to_fine,1,False,0.0,-0.5883211827610249,1.0,0.33660122745422005,margin
2830-3980-0052_8224-274381-0007_5683-32879-0022_x5,s3,coarse_to_fine,1,False,0.0,-0.13708413660238808,1.0,0.5331832939839013,margin
2830-3980-0052_8224-274381-0007_5683-32879-0022_x5,s4,coarse_to_fine,1,True,0.00016752630734132457,0.4709008039090642,1.0,0.3222576559851889,accepted
2830-3980-0052_8224-274381-0007_5683-32879-0022_x5,s5,coarse_to_fine,1,False,0.0,0.03111125897650635,1.0,0.5465653414991762,margin
6829-68771-0018_1580-141083-0038_1089-134691-0013_x5,s1,gated_deflation,0,False,0.0,0.05906573400024229,0.9931497649429147,0.7623767658538555,margin
6829-68771-0018_1580-141083-0038_1089-134691-0013_x5,s2,gated_deflation,0,True,0.0,0.16341703021620752,1.0,0.8350804568324863,accepted
6829-68771-0018_1580-141083-0038_1089-134691-0013_x5,s3,gated_deflation,0,True,0.00012790563356209072,0.5831673431785345,1.0,0.5974181678360937,accepted
6829-68771-0018_1580-141083-0038_1089-134691-0013_x5,s4,gated_deflation,0,False,0.0,0.028080312016586173,1.0,0.8975638174618283,margin
6829-68771-0018_1580-141083-0038_1089-134691-0013_x5,s5,gated_deflation,0,False,0.0,0.07529440886827371,1.0,0.9179161514841909,margin
6829-68771-0018_1580-141083-0038_1089-134691-0013_x5,s1,coarse_to_fine,0,True,0.0,0.16322351929384227,0.9931497649429147,0.4406905378799092,accepted
6829-68771-0018_1580-141083-0038_1089-134691-0013_x5,s2,coarse_to_fine,0,False,0.0,-0.19181583325556628,1.0,0.5570831945105768,margin
6829-68771-0018_1580-141083-0038_1089-134691-0013_x5,s3,coarse_to_fine,0,True,0.00012790563356209072,0.38325854381909147,1.0,0.5427549473075995,accepted
6829-68771-0018_1580-141083-0038_1089-134691-0013_x5,s4,coarse_to_fine,0,False,0.0,-0.2188708746577758,1.0,0.5115141591797946,margin
6829-68771-0018_1580-141083-0038_1089-134691-0013_x5,s5,coarse_to_fine,0,False,0.0,-0.10840164799571084,1.0,0.4873376859761088,margin
6829-68771-0018_1580-141083-0038_1089-134691-0013_x5,s1,coarse_to_fine,1,True,0.0,0.4502008945632427,1.0,0.42502641469813063,accepted
6829-68771-0018_1580-141083-0038_1089-134691-0013_x5,s2,coarse_to_fine,1,False,0.0,-0.42493427519797355,1.0,0.5570831945105768,margin
6829-68771-0018_1580-141083-0038_1089-134691-0013_x5,s3,coarse_to_fine,1,True,0.00012790563356209072,0.5904525905030736,1.0,0.5483709033888947,accepted
6829-68771-0018_1580-141083-0038_1089-134691-0013_x5,s4,coarse_to_fine,1,False,0.0,-0.4159279323147814,1.0,0.5115141591797946,margin
6829-68771-0018_1580-141083-0038_1089-134691-0013_x5,s5,coarse_to_fine,1,False,0.0,-0.18694390264962113,1.0,0.4873376859761088,margin
61-70968-0020_3575-170457-0011_1995-1826-0025_x5,s1,gated_deflation,0,True,0.0,0.45597146765972785,1.0,0.7907986131507652,accepted
61-70968-0020_3575-170457-0011_1995-1826-0025_x5,s2,gated_deflation,0,True,0.0,0.13397254115309434,1.0,0.5980611205826422,accepted
61-70968-0020_3575-170457-0011_1995-1826-0025_x5,s3,gated_deflation,0,False,0.0,0.06670000302525494,1.0,0.8439405398359598,margin
61-70968-0020_3575-170457-0011_1995-1826-0025_x5,s4,gated_deflation,0,False,0.00022817832784491235,0.03393811494923116,0.951978417266187,0.5073086560848005,margin
61-70968-0020_3575-170457-0011_1995-1826-0025_x5,s5,gated_deflation,0,True,0.0,0.14162455067327626,0.9578597122302158,0.5472870143743692,accepted
61-70968-0020_3575-170457-0011_1995-1826-0025_x5,s1,coarse_to_fine,0,True,0.0,0.2044263105415642,1.0,0.5165904195636818,accepted
61-70968-0020_3575-170457-0011_1995-1826-0025_x5,s2,coarse_to_fine,0,False,0.0,-0.09648248311042207,1.0,0.2687340984621378,margin
61-70968-0020_3575-170457-0011_1995-1826-0025_x5,s3,coarse_to_fine,0,False,0.0,-0.04060403165418419,1.0,0.3038366727675193,margin
61-70968-0020_3575-170457-0011_1995-1826-0025_x5,s4,coarse_to_fine,0,True,0.00022817832784491235,0.16327684899987155,1.0,0.275377829953111,accepted
61-70968-0020_3575-170457-0011_1995-1826-0025_x5,s5,coarse_to_fine,0,False,0.0,-0.10176225228476049,1.0,0.2721282327118443,margin
61-70968-0020_3575-170457-0011_1995-1826-0025_x5,s1,coarse_to_fine,1,True,0.0,0.4730930839528351,1.0,0.495425226234679,accepted
61-70968-0020_3575-170457-0011_1995-1826-0025_x5,s2,coarse_to_fine,1,False,0.0,-0.44827060107494165,1.0,0.2687340984621378,margin
61-70968-0020_3575-170457-0011_1995-1826-0025_x5,s3,coarse_to_fine,1,False,0.0,-0.26172965131777,1.0,0.3038366727675193,margin
61-70968-0020_3575-170457-0011_1995-1826-0025_x5,s4,coarse_to_fine,1,True,0.00022817832784491235,0.4863853612975434,1.0,0.25952589132551257,accepted
61-70968-0020_3575-170457-0011_1995-1826-0025_x5,s5,coarse_to_fine,1,False,0.0,-0.4649370580072598,1.0,0.2721282327118443,margin
1995-1826-0021_7021-79740-0011_6930-81414-0002_x5,s1,gated_deflation,0,True,0.00018793074134459823,0.19961515775883565,0.9946323134728932,0.48234866651979186,accepted
1995-1826-0021_7021-79740-0011_6930-81414-0002_x5,s2,gated_deflation,0,True,0.0,0.2041010389610547,0.9877750939345142,0.5861228725589681,accepted
1995-1826-0021_7021-79740-0011_6930-81414-0002_x5,s3,gated_deflation,0,True,0.0,0.13136264517380397,1.0,0.8927117046644764,accepted
1995-1826-0021_7021-79740-0011_6930-81414-0002_x5,s4,gated_deflation,0,False,0.0,0.16291186537527175,1.0,0.9002234614352592,artifact_score
1995-1826-0021_7021-79740-0011_6930-81414-0002_x5,s5,gated_deflation,0,False,0.0,0.0702639820950613,1.0,0.6117841922190224,margin
1995-1826-0021_7021-79740-0011_6930-81414-0002_x5,s1,coarse_to_fine,0,False,0.00018793074134459823,0.06618878052685617,0.9939881910896403,0.2682419451184455,margin
1995-1826-0021_7021-79740-0011_6930-81414-0002_x5,s2,coarse_to_fine,0,False,0.0,0.09956589388273218,0.9877750939345142,0.3777652820592988,margin
1995-1826-0021_7021-79740-0011_6930-81414-0002_x5,s3,coarse_to_fine,0,False,0.0,-0.18105882200535153,1.0,0.5053733179006673,margin
1995-1826-0021_7021-79740-0011_6930-81414-0002_x5,s4,coarse_to_fine,0,False,0.0,-0.28712220842440445,1.0,0.5192101373261045,margin
1995-1826-0021_7021-79740-0011_6930-81414-0002_x5,s5,coarse_to_fine,0,False,0.0,0.09663635069458681,1.0,0.3075225959275496,margin
1995-1826-0021_7021-79740-0011_6930-81414-0002_x5,s1,coarse_to_fine,1,False,0.00018793074134459823,0.06618878052685617,0.9939881910896403,0.2682419451184455,margin
1995-1826-0021_7021-79740-0011_6930-81414-0002_x5,s2,coarse_to_fine,1,False,0.0,0.09956589388273218,0.9877750939345142,0.3777652820592988,margin
1995-1826-0021_7021-79740-0011_6930-81414-0002_x5,s3,coarse_to_fine,1,False,0.0,-0.18105882200535153,1.0,0.5053733179006673,margin
1995-1826-0021_7021-79740-0011_6930-81414-0002_x5,s4,coarse_to_fine,1,False,0.0,-0.28712220842440445,1.0,0.5192101373261045,margin
1995-1826-0021_7021-79740-0011_6930-81414-0002_x5,s5,coarse_to_fine,1,False,0.0,0.09663635069458681,1.0,0.3075225959275496,margin
8555-284447-0013_5142-33396-0048_2830-3980-0056_x5,s1,gated_deflation,0,False,0.0,-0.049688492601786594,0.9475124378109453,0.6423129875196926,margin
8555-284447-0013_5142-33396-0048_2830-3980-0056_x5,s2,gated_deflation,0,False,0.0,0.045685424810968656,1.0,0.8580733072995421,margin
8555-284447-0013_5142-33396-0048_2830-3980-0056_x5,s3,gated_deflation,0,True,0.0,0.3076117888874159,1.0,0.798023902864615,accepted
8555-284447-0013_5142-33396-0048_2830-3980-0056_x5,s4,gated_deflation,0,True,0.00012321618133642187,0.511054828124696,0.9440453980099502,0.5328546983574257,accepted
8555-284447-0013_5142-33396-0048_2830-3980-0056_x5,s5,gated_deflation,0,False,0.0,-0.1874950775477316,1.0,0.8271563204390832,margin
8555-284447-0013_5142-33396-0048_2830-3980-0056_x5,s1,coarse_to_fine,0,False,0.0,-0.020984251970622703,0.9475124378109453,0.3421572010798091,margin
8555-284447-0013_5142-33396-0048_2830-3980-0056_x5,s2,coarse_to_fine,0,False,0.0,0.01674195704897974,1.0,0.4371600634954714,margin
8555-284447-0013_5142-33396-0048_2830-3980-0056_x5,s3,coarse_to_fine,0,False,0.0,0.08716140441773568,1.0,0.4256987059672942,margin
8555-284447-0013_5142-33396-0048_2830-3980-0056_x5,s4,coarse_to_fine,0,True,0.00012321618133642187,0.41636542750018457,0.9803793532338309,0.3967056966097675,accepted
8555-284447-0013_5142-33396-0048_2830-3980-0056_x5,s5,coarse_to_fine,0,False,0.0,-0.2063324737349027,1.0,0.4723644059936252,margin
8555-284447-0013_5142-33396-0048_2830-3980-0056_x5,s1,coarse_to_fine,1,False,0.0,-0.15464046252560387,0.9475124378109453,0.3421572010798091,margin
8555-284447-0013_5142-33396-0048_2830-3980-0056_x5,s2,coarse_to_fine,1,False,0.0,0.01674195704897974,1.0,0.4371600634954714,margin
8555-284447-0013_5142-33396-0048_2830-3980-0056_x5,s3,coarse_to_fine,1,False,0.0,-0.08390233923811907,1.0,0.4256987059672942,margin
8555-284447-0013_5142-33396-0048_2830-3980-0056_x5,s4,coarse_to_fine,1,True,0.00012321618133642187,0.6733804388559237,0.9915111940298508,0.4141614529257306,accepted
8555-284447-0013_5142-33396-0048_2830-3980-0056_x5,s5,coarse_to_fine,1,False,0.0,-0.2594646623563012,1.0,0.4723644059936252,margin
4992-41797-0021_5142-33396-0064_5639-40744-0033_x5,s1,gated_deflation,0,False,0.0,-0.06598738733313264,1.0,0.6280418862669607,margin
4992-41797-0021_5142-33396-0064_5639-40744-0033_x5,s2,gated_deflation,0,True,0.0,0.20821986992194225,1.0,0.8995634885284481,accepted
4992-41797-0021_5142-33396-0064_5639-40744-0033_x5,s3,gated_deflation,0,False,0.0,-0.3505975968953141,1.0,0.6186329107680026,margin
4992-41797-0021_5142-33396-0064_5639-40744-0033_x5,s4,gated_deflation,0,True,0.0,0.15610640752298927,1.0,0.8210770498873504,accepted
4992-41797-0021_5142-33396-0064_5639-40744-0033_x5,s5,gated_deflation,0,True,0.0003455769392750256,0.29913304866894447,0.9823773006134969,0.5673942785785026,accepted
4992-41797-0021_5142-33396-0064_5639-40744-0033_x5,s1,coarse_to_fine,0,False,0.0,0.009020638816299553,1.0,0.3988859074097596,margin
4992-41797-0021_5142-33396-0064_5639-40744-0033_x5,s2,coarse_to_fine,0,True,0.0,0.103600249106831,1.0,0.6212469150367791,accepted
4992-41797-0021_5142-33396-0064_5639-40744-0033_x5,s3,coarse_to_fine,0,False,0.0,-0.3524124145791868,1.0,0.4719010508926624,margin
4992-41797-0021_5142-33396-0064_5639-40744-0033_x5,s4,coarse_to_fine,0,True,0.0,0.31335110691347523,1.0,0.5099320603243525,accepted
4992-41797-0021_5142-33396-0064_5639-40744-0033_x5,s5,coarse_to_fine,0,True,0.0003455769392750256,0.15596842695693763,1.0,0.361492321426145,accepted
4992-41797-0021_5142-33396-0064_5639-40744-0033_x5,s1,coarse_to_fine,1,False,0.0,-0.14400798091967515,1.0,0.3988859074097596,margin
4992-41797-0021_5142-33396-0064_5639-40744-0033_x5,s2,coarse_to_fine,1,True,0.0,0.40300504410227167,1.0,0.5815885356983514,accepted
4992-41797-0021_5142-33396-0064_5639-40744-0033_x5,s3,coarse_to_fine,1,False,0.0,-0.5753880805040901,1.0,0.4719010508926624,margin
4992-41797-0021_5142-33396-0064_5639-40744-0033_x5,s4,coarse_to_fine,1,True,0.0,0.45657562027998755,1.0,0.4880048990458677,accepted
4992-41797-0021_5142-33396-0064_5639-40744-0033_x5,s5,coarse_to_fine,1,True,0.0003455769392750256,0.229605611017085,1.0,0.3619296309418147,accepted
61-70968-0016_908-157963-0022_1089-134686-0007_x5,s1,gated_deflation,0,True,0.0,0.12436185162802282,1.0,0.8246048679510858,accepted
61-70968-0016_908-157963-0022_1089-134686-0007_x5,s2,gated_deflation,0,True,0.0,0.11676555624947749,0.968213296398892,0.7367003925026092,accepted
61-70968-0016_908-157963-0022_1089-134686-0007_x5,s3,gated_deflation,0,True,0.0,0.1062771382814845,0.9576717557251908,0.7660236295573799,accepted
61-70968-0016_908-157963-0022_1089-134686-0007_x5,s4,gated_deflation,0,False,0.0,-0.029922407983412863,1.0,0.8151952417630298,margin
61-70968-0016_908-157963-0022_1089-134686-0007_x5,s5,gated_deflation,0,True,0.00011129673067043332,0.4848523002331138,0.87648891966759,0.5537048651296947,accepted
61-70968-0016_908-157963-0022_1089-134686-0007_x5,s1,coarse_to_fine,0,False,0.0,-0.11118212537992203,1.0,0.4648976987120275,margin
61-70968-0016_908-157963-0022_1089-134686-0007_x5,s2,coarse_to_fine,0,False,0.0,-0.1533193199378431,1.0,0.34161992918384004,margin
61-70968-0016_908-157963-0022_1089-134686-0007_x5,s3,coarse_to_fine,0,False,0.0,0.012359367478342764,1.0,0.42823908820362866,margin
61-70968-0016_908-157963-0022_1089-134686-0007_x5,s4,coarse_to_fine,0,False,0.0,-0.03315998365045303,1.0,0.5404918921343334,margin
61-70968-0016_908-157963-0022_1089-134686-0007_x5,s5,coarse_to_fine,0,True,0.00011129673067043332,0.20499979483527464,1.0,0.353926225797375,accepted
61-70968-0016_908-157963-0022_1089-134686-0007_x5,s1,coarse_to_fine,1,False,0.0,-0.3289556574842166,1.0,0.4648976987120275,margin
61-70968-0016_908-157963-0022_1089-134686-0007_x5,s2,coarse_to_fine,1,False,0.0,-0.4944145034414145,1.0,0.34161992918384004,margin
61-70968-0016_908-157963-0022_1089-134686-0007_x5,s3,coarse_to_fine,1,False,0.0,-0.3019354065750468,1.0,0.42823908820362866,margin
61-70968-0016_908-157963-0022_1089-134686-0007_x5,s4,coarse_to_fine,1,False,0.0,-0.04219310166401219,1.0,0.5404918921343334,margin
61-70968-0016_908-157963-0022_1089-134686-0007_x5,s5,coarse_to_fine,1,True,0.00011129673067043332,0.5281635403316451,1.0,0.39277215907096613,accepted
8230-279154-0018_1995-1836-0007_6930-76324-0006_x5,s1,gated_deflation,0,True,0.00013018596148638885,0.4054885945562174,0.9910938809723386,0.536507401220436,accepted
8230-279154-0018_1995-1836-0007_6930-76324-0006_x5,s2,gated_deflation,0,True,0.0,0.1335032164030514,1.0,0.8561243993323244,accepted
8230-279154-0018_1995-1836-0007_6930-76324-0006_x5,s3,gated_deflation,0,True,0.0,0.19494783215667305,1.0,0.8802612895527291,accepted
8230-279154-0018_1995-1836-0007_6930-76324-0006_x5,s4,gated_deflation,0,False,0.0,0.07539227755798783,0.9897946353730093,0.7841253670077415,margin
8230-279154-0018_1995-1836-0007_6930-76324-0006_x5,s5,gated_deflation,0,False,0.0,0.016939107202713022,1.0,0.8721628070995168,margin
8230-279154-0018_1995-1836-0007_6930-76324-0006_x5,s1,coarse_to_fine,0,True,0.00013018596148638885,0.3352808352964896,1.0,0.44685971413204917,accepted
8230-279154-0018_1995-1836-0007_6930-76324-0006_x5,s2,coarse_to_fine,0,False,0.0,-0.012130889107267812,1.0,0.3758061927381756,margin
8230-279154-0018_1995-1836-0007_6930-76324-0006_x5,s3,coarse_to_fine,0,False,0.0,0.05810011698683215,1.0,0.6044526130414717,margin
8230-279154-0018_1995-1836-0007_6930-76324-0006_x5,s4,coarse_to_fine,0,True,0.0,0.12907011262217521,1.0,0.5189644990187186,accepted
8230-279154-0018_1995-1836-0007_6930-76324-0006_x5,s5,coarse_to_fine,0,False,0.0,-0.08307034562330176,1.0,0.5115273455738801,margin
8230-279154-0018_1995-1836-0007_6930-76324-0006_x5,s1,coarse_to_fine,1,True,0.00013018596148638885,0.5125356714490223,1.0,0.4804498907695595,accepted
8230-279154-0018_1995-1836-0007_6930-76324-0006_x5,s2,coarse_to_fine,1,False,0.0,-0.048816592641694495,1.0,0.3758061927381756,margin
8230-279154-0018_1995-1836-0007_6930-76324-0006_x5,s3,coarse_to_fine,1,False,0.0,0.05810011698683215,1.0,0.6044526130414717,margin
8230-279154-0018_1995-1836-0007_6930-76324-0006_x5,s4,coarse_to_fine,1,True,0.0,0.3680531730863038,1.0,0.5226150389662164,accepted
8230-279154-0018_1995-1836-0007_6930-76324-0006_x5,s5,coarse_to_fine,1,False,0.0,-0.08307034562330176,1.0,0.5115273455738801,margin
5142-33396-0020_4992-41797-0015_7021-85628-0010_x5,s1,gated_deflation,0,True,0.0,0.2896889043546186,1.0,0.8647345984951487,accepted
5142-33396-0020_4992-41797-0015_7021-85628-0010_x5,s2,gated_deflation,0,True,0.000353317698853903,0.2689574871027951,0.9706699928724163,0.5602642963386262,accepted
5142-33396-0020_4992-41797-0015_7021-85628-0010_x5,s3,gated_deflation,0,True,0.0,0.10246567404883783,1.0,0.6067950295176454,accepted
5142-33396-0020_4992-41797-0015_7021-85628-0010_x5,s4,gated_deflation,0,False,0.0,0.03424206469623564,1.0,0.739060870121387,margin
5142-33396-0020_4992-41797-0015_7021-85628-0010_x5,s5,gated_deflation,0,True,0.0,0.1370318653817041,1.0,0.8596926775623341,accepted
5142-33396-0020_4992-41797-0015_7021-85628-0010_x5,s1,coarse_to_fine,0,False,0.0,0.004929508156468032,1.0,0.5201986653440733,margin
5142-33396-0020_4992-41797-0015_7021-85628-0010_x5,s2,coarse_to_fine,0,True,0.000353317698853903,0.14194034382070275,1.0,0.3187336168348359,accepted
5142-33396-0020_4992-41797-0015_7021-85628-0010_x5,s3,coarse_to_fine,0,False,0.0,0.06584131958741823,1.0,0.37082298930021057,margin
5142-33396-0020_4992-41797-0015_7021-85628-0010_x5,s4,coarse_to_fine,0,False,0.0,-0.23391984791730092,1.0,0.40068998186729454,margin
5142-33396-0020_4992-41797-0015_7021-85628-0010_x5,s5,coarse_to_fine,0,False,0.0,0.034591306240404684,1.0,0.44658720138347996,margin
5142-33396-0020_4992-41797-0015_7021-85628-0010_x5,s1,coarse_to_fine,1,False,0.0,0.004929508156468032,1.0,0.5201986653440733,margin
5142-33396-0020_4992-41797-0015_7021-85628-0010_x5,s2,coarse_to_fine,1,True,0.000353317698853903,0.40443929013083535,1.0,0.3157722751726215,accepted
5142-33396-0020_4992-41797-0015_7021-85628-0010_x5,s3,coarse_to_fine,1,False,0.0,-0.015127808646133278,1.0,0.37082298930021057,margin
5142-33396-0020_4992-41797-0015_7021-85628-0010_x5,s4,coarse_to_fine,1,False,0.0,-0.450727808806178,1.0,0.40068998186729454,margin
5142-33396-0020_4992-41797-0015_7021-85628-0010_x5,s5,coarse_to_fine,1,False,0.0,0.003963788816397418,1.0,0.44658720138347996,margin
5683-32866-0004_121-121726-0005_5142-33396-0003_x5,s1,gated_deflation,0,True,0.00013322359304679732,0.45077054667084077,0.99775390625,0.5958131500930592,accepted
5683-32866-0004_121-121726-0005_5142-33396-0003_x5,s2,gated_deflation,0,False,0.0,0.09725438233118239,1.0,0.8973064010082052,margin
5683-32866-0004_121-121726-0005_5142-33396-0003_x5,s3,gated_deflation,0,False,0.0,0.09170589108115312,1.0,0.8589416186416634,margin
5683-32866-0004_121-121726-0005_5142-33396-0003_x5,s4,gated_deflation,0,False,0.0,0.0536402666064793,0.9982177734375,0.6911949785475218,margin
5683-32866-0004_121-121726-0005_5142-33396-0003_x5,s5,gated_deflation,0,False,0.0,-0.06470824156584037,1.0,0.7522492608330357,margin
5683-32866-0004_121-121726-0005_5142-33396-0003_x5,s1,coarse_to_fine,0,True,0.00013322359304679732,0.12304106862767242,1.0,0.47861695644103525,accepted
5683-32866-0004_121-121726-0005_5142-33396-0003_x5,s2,coarse_to_fine,0,False,0.0,-0.06904426893548374,1.0,0.4902285600020342,margin
5683-32866-0004_121-121726-0005_5142-33396-0003_x5,s3,coarse_to_fine,0,False,0.0,0.05816617424342857,1.0,0.5066022891834961,margin
5683-32866-0004_121-121726-0005_5142-33396-0003_x5,s4,coarse_to_fine,0,False,0.0,-0.08853555815697667,1.0,0.33396375932876093,margin
5683-32866-0004_121-121726-0005_5142-33396-0003_x5,s5,coarse_to_fine,0,False,0.0,-0.019804083355540125,1.0,0.44622860730028713,margin
5683-32866-0004_121-121726-0005_5142-33396-0003_x5,s1,coarse_to_fine,1,True,0.00013322359304679732,0.5672446541724033,1.0,0.4686798487075324,accepted
5683-32866-0004_121-121726-0005_5142-33396-0003_x5,s2,coarse_to_fine,1,False,0.0,-0.221398025323692,1.0,0.4902285600020342,margin
5683-32866-0004_121-121726-0005_5142-33396-0003_x5,s3,coarse_to_fine,1,False,0.0,-0.0041483039641657116,1.0,0.5066022891834961,margin
5683-32866-0004_121-121726-0005_5142-33396-0003_x5,s4,coarse_to_fine,1,False,0.0,-0.37624923843347113,1.0,0.33396375932876093,margin
5683-32866-0004_121-121726-0005_5142-33396-0003_x5,s5,coarse_to_fine,1,False,0.0,-0.3383635325310708,1.0,0.44622860730028713,margin
7176-88083-0020_4446-2271-0013_6829-68769-0032_x5,s1,gated_deflation,0,True,0.0,0.3585042606709986,1.0,0.7257851961925679,accepted
7176-88083-0020_4446-2271-0013_6829-68769-0032_x5,s2,gated_deflation,0,False,0.0,-0.1839000850160283,1.0,0.785325905292396,margin
7176-88083-0020_4446-2271-0013_6829-68769-0032_x5,s3,gated_deflation,0,False,0.0,0.026042997596405992,1.0,0.739813116849701,margin
7176-88083-0020_4446-2271-0013_6829-68769-0032_x5,s4,gated_deflation,0,True,0.0,0.34366044216851055,1.0,0.7488136590193487,accepted
7176-88083-0020_4446-2271-0013_6829-68769-0032_x5,s5,gated_deflation,0,True,0.00016800379115973412,0.35009063110886113,0.9866525423728814,0.6296439542323531,accepted
7176-88083-0020_4446-2271-0013_6829-68769-0032_x5,s1,coarse_to_fine,0,True,0.0,0.49898572817704295,1.0,0.4138579957006619,accepted
7176-88083-0020_4446-2271-0013_6829-68769-0032_x5,s2,coarse_to_fine,0,False,0.0,-0.13807144628068238,1.0,0.3917159097983116,margin
7176-88083-0020_4446-2271-0013_6829-68769-0032_x5,s3,coarse_to_fine,0,False,0.0,-0.2376408965326153,1.0,0.4400008631822313,margin
7176-88083-0020_4446-2271-0013_6829-68769-0032_x5,s4,coarse_to_fine,0,False,0.0,-0.37819712479470946,1.0,0.3883910939714489,margin
7176-88083-0020_4446-2271-0013_6829-68769-0032_x5,s5,coarse_to_fine,0,False,0.00016800379115973412,-0.152376413329382,1.0,0.3970807500032831,margin
7176-88083-0020_4446-2271-0013_6829-68769-0032_x5,s1,coarse_to_fine,1,True,0.0,0.7561241572806062,1.0,0.44202646799134265,accepted
7176-88083-0020_4446-2271-0013_6829-68769-0032_x5,s2,coarse_to_fine,1,False,0.0,-0.21052104001077213,1.0,0.3917159097983116,margin
7176-88083-0020_4446-2271-0013_6829-68769-0032_x5,s3,coarse_to_fine,1,False,0.0,-0.39899817352299216,1.0,0.4400008631822313,margin
7176-88083-0020_4446-2271-0013_6829-68769-0032_x5,s4,coarse_to_fine,1,False,0.0,-0.5980108389985842,1.0,0.3883910939714489,margin
7176-88083-0020_4446-2271-0013_6829-68769-0032_x5,s5,coarse_to_fine,1,False,0.00016800379115973412,-0.21368056342527486,1.0,0.3970807500032831,margin
6829-68769-0004_4077-13751-0008_4992-41797-0005_x5,s1,gated_deflation,0,False,0.0,0.03856789648671971,1.0,0.7085012821503318,margin
6829-68769-0004_4077-13751-0008_4992-41797-0005_x5,s2,gated_deflation,0,True,0.000259875623180627,0.1864836357068121,0.9997040586245772,0.580883969713292,accepted
6829-68769-0004_4077-13751-0008_4992-41797-0005_x5,s3,gated_deflation,0,True,0.0,0.22628368104543967,1.0,0.8342856121264166,accepted
6829-68769-0004_4077-13751-0008_4992-41797-0005_x5,s4,gated_deflation,0,False,0.0,-0.08949246141719605,1.0,0.6032457153103858,margin
6829-68769-0004_4077-13751-0008_4992-41797-0005_x5,s5,gated_deflation,0,False,0.0,0.007987940981174946,1.0,0.7783812620631462,margin
6829-68769-0004_4077-13751-0008_4992-41797-0005_x5,s1,coarse_to_fine,0,False,0.0,0.08435630563315727,1.0,0.40263947013646423,margin
6829-68769-0004_4077-13751-0008_4992-41797-0005_x5,s2,coarse_to_fine,0,False,0.000259875623180627,0.09345416194569695,1.0,0.4586870369893204,margin
6829-68769-0004_4077-13751-0008_4992-41797-0005_x5,s3,coarse_to_fine,0,False,0.0,0.01586056855740048,1.0,0.39636071386841576,margin
6829-68769-0004_4077-13751-0008_4992-41797-0005_x5,s4,coarse_to_fine,0,False,0.0,-0.08654124781632419,1.0,0.458240596552271,margin
6829-68769-0004_4077-13751-0008_4992-41797-0005_x5,s5,coarse_to_fine,0,False,0.0,0.04116228444218056,1.0,0.5185319470521634,margin
6829-68769-0004_4077-13751-0008_4992-41797-0005_x5,s1,coarse_to_fine,1,False,0.0,0.08435630563315727,1.0,0.40263947013646423,margin
6829-68769-0004_4077-13751-0008_4992-41797-0005_x5,s2,coarse_to_fine,1,False,0.000259875623180627,0.09345416194569695,1.0,0.4586870369893204,margin
6829-68769-0004_4077-13751-0008_4992-41797-0005_x5,s3,coarse_to_fine,1,False,0.0,0.01586056855740048,1.0,0.39636071386841576,margin
6829-68769-0004_4077-13751-0008_4992-41797-0005_x5,s4,coarse_to_fine,1,False,0.0,-0.08654124781632419,1.0,0.458240596552271,margin
6829-68769-0004_4077-13751-0008_4992-41797-0005_x5,s5,coarse_to_fine,1,False,0.0,0.04116228444218056,1.0,0.5185319470521634,margin
6930-81414-0027_7729-102255-0036_7127-75947-0015_x5,s1,gated_deflation,0,True,0.0,0.2498180748288482,1.0,0.8699321772878513,accepted
6930-81414-0027_7729-102255-0036_7127-75947-0015_x5,s2,gated_deflation,0,True,0.00012402457916743277,0.4898562160828983,1.0,0.6335179644348294,accepted
6930-81414-0027_7729-102255-0036_7127-75947-0015_x5,s3,gated_deflation,0,False,0.0,-0.1822655588279554,0.9786596958174905,0.7293987737093549,margin
6930-81414-0027_7729-102255-0036_7127-75947-0015_x5,s4,gated_deflation,0,False,0.0,-0.02331118703718682,1.0,0.8919334828415088,margin
6930-81414-0027_7729-102255-0036_7127-75947-0015_x5,s5,gated_deflation,0,False,0.0,0.022806976651141897,1.0,0.8013378432224584,margin
6930-81414-0027_7729-102255-0036_7127-75947-0015_x5,s1,coarse_to_fine,0,False,0.0,0.08178481474506172,1.0,0.6424351039992114,margin
6930-81414-0027_7729-102255-0036_7127-75947-0015_x5,s2,coarse_to_fine,0,True,0.00012402457916743277,0.37325112457285325,1.0,0.45350025934254257,accepted
6930-81414-0027_7729-102255-0036_7127-75947-0015_x5,s3,coarse_to_fine,0,False,0.0,-0.3863655694023134,1.0,0.5236470350624738,margin
6930-81414-0027_7729-102255-0036_7127-75947-0015_x5,s4,coarse_to_fine,0,False,0.0,-0.17682683944937133,1.0,0.5967218820462339,margin
6930-81414-0027_7729-102255-0036_7127-75947-0015_x5,s5,coarse_to_fine,0,True,0.0,0.23237455972711868,1.0,0.5175931735697757,accepted
6930-81414-0027_7729-102255-0036_7127-75947-0015_x5,s1,coarse_to_fine,1,False,0.0,-0.06465403934519987,1.0,0.6424351039992114,margin
6930-81414-0027_7729-102255-0036_7127-75947-0015_x5,s2,coarse_to_fine,1,True,0.00012402457916743277,0.6861307575805717,1.0,0.471574356331064,accepted
6930-81414-0027_7729-102255-0036_7127-75947-0015_x5,s3,coarse_to_fine,1,False,0.0,-0.6731390884917072,1.0,0.5236470350624738,margin
6930-81414-0027_7729-102255-0036_7127-75947-0015_x5,s4,coarse_to_fine,1,False,0.0,-0.24088395655571349,1.0,0.5967218820462339,margin
6930-81414-0027_7729-102255-0036_7127-75947-0015_x5,s5,coarse_to_fine,1,True,0.0,0.5448816303905155,1.0,0.47761656554818194,accepted
4992-23283-0008_8555-284447-0009_4077-13751-0013_x5,s1,gated_deflation,0,False,0.0,0.08071492915879641,1.0,0.72395539159976,margin
4992-23283-0008_8555-284447-0009_4077-13751-0013_x5,s2,gated_deflation,0,False,0.0,0.04976736081275174,1.0,0.8178893382996404,margin
4992-23283-0008_8555-284447-0009_4077-13751-0013_x5,s3,gated_deflation,0,True,0.0,0.1252348583269532,1.0,0.8091684841429683,accepted
4992-23283-0008_8555-284447-0009_4077-13751-0013_x5,s4,gated_deflation,0,True,0.0,0.15578905922671774,1.0,0.8213195793857089,accepted
4992-23283-0008_8555-284447-0009_4077-13751-0013_x5,s5,gated_deflation,0,True,0.00015468922978487357,0.340942166123056,0.982193094629156,0.6785731445374743,accepted
4992-23283-0008_8555-284447-0009_4077-13751-0013_x5,s1,coarse_to_fine,0,False,0.0,-0.22366860165329486,1.0,0.36259206181638953,margin
4992-23283-0008_8555-284447-0009_4077-13751-0013_x5,s2,coarse_to_fine,0,False,0.0,-0.2547420179256795,1.0,0.39622108732367317,margin
4992-23283-0008_8555-284447-0009_4077-13751-0013_x5,s3,coarse_to_fine,0,False,0.0,-0.07047118991950566,1.0,0.5217772436266358,margin
4992-23283-0008_8555-284447-0009_4077-13751-0013_x5,s4,coarse_to_fine,0,False,0.0,-0.24228294926321242,1.0,0.4955337465219669,margin
4992-23283-0008_8555-284447-0009_4077-13751-0013_x5,s5,coarse_to_fine,0,True,0.00015468922978487357,0.30514209132784886,1.0,0.4273876762987589,accepted
4992-23283-0008_8555-284447-0009_4077-13751-0013_x5,s1,coarse_to_fine,1,False,0.0,-0.45655874850911293,1.0,0.36259206181638953,margin
4992-23283-0008_8555-284447-0009_4077-13751-0013_x5,s2,coarse_to_fine,1,False,0.0,-0.4634412489725113,1.0,0.39622108732367317,margin
4992-23283-0008_8555-284447-0009_4077-13751-0013_x5,s3,coarse_to_fine,1,False,0.0,-0.07047118991950566,1.0,0.5217772436266358,margin
4992-23283-0008_8555-284447-0009_4077-13751-0013_x5,s4,coarse_to_fine,1,False,0.0,-0.24228294926321242,1.0,0.4955337465219669,margin
4992-23283-0008_8555-284447-0009_4077-13751-0013_x5,s5,coarse_to_fine,1,True,0.00015468922978487357,0.5980114852051324,1.0,0.4266390293347562,accepted
1188-133604-0005_4446-2275-0035_1580-141083-0026_x5,s1,gated_deflation,0,True,0.00017983992414366272,0.1688445453889072,0.95869918699187,0.616092553250446,accepted
1188-133604-0005_4446-2275-0035_1580-141083-0026_x5,s2,gated_deflation,0,False,0.0,0.09201070668813272,1.0,0.83762938550783,margin
1188-133604-0005_4446-2275-0035_1580-141083-0026_x5,s3,gated_deflation,0,True,0.0,0.2082835065077545,1.0,0.8426259639059168,accepted
1188-133604-0005_4446-2275-0035_1580-141083-0026_x5,s4,gated_deflation,0,True,0.0,0.23118711938475572,1.0,0.8501714360946206,accepted
1188-133604-0005_4446-2275-0035_1580-141083-0026_x5,s5,gated_deflation,0,False,0.0,-0.06312936501088007,0.9707926829268293,0.6711934831242499,margin
1188-133604-0005_4446-2275-0035_1580-141083-0026_x5,s1,coarse_to_fine,0,True,0.00017983992414366272,0.25283001236934943,1.0,0.4654633199438297,accepted
1188-133604-0005_4446-2275-0035_1580-141083-0026_x5,s2,coarse_to_fine,0,True,0.0,0.24152405549676487,1.0,0.5062002308894664,accepted
1188-133604-0005_4446-2275-0035_1580-141083-0026_x5,s3,coarse_to_fine,0,False,0.0,-0.09683038144782796,1.0,0.5963287077859252,margin
1188-133604-0005_4446-2275-0035_1580-141083-0026_x5,s4,coarse_to_fine,0,True,0.0,0.17787157717040605,1.0,0.6405822225778212,accepted
1188-133604-0005_4446-2275-0035_1580-141083-0026_x5,s5,coarse_to_fine,0,True,0.0,0.15784267175079383,1.0,0.4010974929257071,accepted
1188-133604-0005_4446-2275-0035_1580-141083-0026_x5,s1,coarse_to_fine,1,True,0.00017983992414366272,0.47655995243545146,1.0,0.4883357203328139,accepted
1188-133604-0005_4446-2275-0035_1580-141083-0026_x5,s2,coarse_to_fine,1,True,0.0,0.3350508382514099,1.0,0.49263616044813197,accepted
1188-133604-0005_4446-2275-0035_1580-141083-0026_x5,s3,coarse_to_fine,1,False,0.0,-0.2076787727139538,1.0,0.5963287077859252,margin
1188-133604-0005_4446-2275-0035_1580-141083-0026_x5,s4,coarse_to_fine,1,True,0.0,0.2532298399709661,1.0,0.6550545507815434,accepted
1188-133604-0005_4446-2275-0035_1580-141083-0026_x5,s5,coarse_to_fine,1,False,0.0,-0.03244359383447026,1.0,0.4047691264181814,margin
5639-40744-0026_4446-2271-0019_8230-279154-0022_x5,s1,gated_deflation,0,True,0.00013373859970980945,0.4443994900578077,0.9796185661764706,0.49940185263428155,accepted
5639-40744-0026_4446-2271-0019_8230-279154-0022_x5,s2,gated_deflation,0,False,0.0,-0.00670037936576412,1.0,0.8753132281694423,margin
5639-40744-0026_4446-2271-0019_8230-279154-0022_x5,s3,gated_deflation,0,False,0.0,-0.010206036933884832,0.9998621323529412,0.7854082728089308,margin
5639-40744-0026_4446-2271-0019_8230-279154-0022_x5,s4,gated_deflation,0,True,0.0,0.1501593154331442,1.0,0.8864510784073446,accepted
5639-40744-0026_4446-2271-0019_8230-279154-0022_x5,s5,gated_deflation,0,False,0.0,0.05438623924706909,1.0,0.9234956799337593,margin
5639-40744-0026_4446-2271-0019_8230-279154-0022_x5,s1,coarse_to_fine,0,False,0.00013373859970980945,0.08790595123375133,1.0,0.37919472467121845,margin
5639-40744-0026_4446-2271-0019_8230-279154-0022_x5,s2,coarse_to_fine,0,False,0.0,-0.1369350884975511,1.0,0.39914119269658527,margin
5639-40744-0026_4446-2271-0019_8230-279154-0022_x5,s3,coarse_to_fine,0,False,0.0,0.03915243605039104,1.0,0.3943985762497699,margin
5639-40744-0026_4446-2271-0019_8230-279154-0022_x5,s4,coarse_to_fine,0,False,0.0,0.03943752440089815,1.0,0.4593702508616674,margin
5639-40744-0026_4446-2271-0019_8230-279154-0022_x5,s5,coarse_to_fine,0,False,0.0,-0.11844194030985364,1.0,0.6063629884658345,margin
5639-40744-0026_4446-2271-0019_8230-279154-0022_x5,s1,coarse_to_fine,1,False,0.00013373859970980945,0.08790595123375133,1.0,0.37919472467121845,margin
5639-40744-0026_4446-2271-0019_8230-279154-0022_x5,s2,coarse_to_fine,1,False,0.0,-0.1369350884975511,1.0,0.39914119269658527,margin
5639-40744-0026_4446-2271-0019_8230-279154-0022_x5,s3,coarse_to_fine,1,False,0.0,0.03915243605039104,1.0,0.3943985762497699,margin
5639-40744-0026_4446-2271-0019_8230-279154-0022_x5,s4,coarse_to_fine,1,False,0.0,0.03943752440089815,1.0,0.4593702508616674,margin
5639-40744-0026_4446-2271-0019_8230-279154-0022_x5,s5,coarse_to_fine,1,False,0.0,-0.11844194030985364,1.0,0.6063629884658345,margin
5683-32879-0017_7176-92135-0009_4077-13751-0014_x5,s1,gated_deflation,0,False,0.00016004938254663776,0.06963894522195935,1.0,0.6340419181852084,margin
5683-32879-0017_7176-92135-0009_4077-13751-0014_x5,s2,gated_deflation,0,False,0.0,0.07903173333491645,1.0,0.8531462321611045,margin
5683-32879-0017_7176-92135-0009_4077-13751-0014_x5,s3,gated_deflation,0,True,0.0,0.4390817860157455,1.0,0.647196931010301,accepted
5683-32879-0017_7176-92135-0009_4077-13751-0014_x5,s4,gated_deflation,0,False,0.0,-0.02317143624650031,1.0,0.8481561089030267,margin
5683-32879-0017_7176-92135-0009_4077-13751-0014_x5,s5,gated_deflation,0,True,0.0,0.1751000033479158,1.0,0.7196122637512155,accepted
5683-32879-0017_7176-92135-0009_4077-13751-0014_x5,s1,coarse_to_fine,0,True,0.00016004938254663776,0.15091518865372633,1.0,0.536036251798342,accepted
5683-32879-0017_7176-92135-0009_4077-13751-0014_x5,s2,coarse_to_fine,0,False,0.0,-0.2628022644795118,1.0,0.3887127633368706,margin
5683-32879-0017_7176-92135-0009_4077-13751-0014_x5,s3,coarse_to_fine,0,True,0.0,0.4274315187878638,1.0,0.4925969550624343,accepted
5683-32879-0017_7176-92135-0009_4077-13751-0014_x5,s4,coarse_to_fine,0,False,0.0,0.0831120765936243,1.0,0.5298187409520708,margin
5683-32879-0017_7176-92135-0009_4077-13751-0014_x5,s5,coarse_to_fine,0,False,0.0,-0.2975691121030328,1.0,0.372451675874009,margin
5683-32879-0017_7176-92135-0009_4077-13751-0014_x5,s1,coarse_to_fine,1,True,0.00016004938254663776,0.41820188121746404,1.0,0.5391932132547279,accepted
5683-32879-0017_7176-92135-0009_4077-13751-0014_x5,s2,coarse_to_fine,1,False,0.0,-0.4035649084409889,1.0,0.3887127633368706,margin
5683-32879-0017_7176-92135-0009_4077-13751-0014_x5,s3,coarse_to_fine,1,True,0.0,0.6057039076472792,1.0,0.5059951322888371,accepted
5683-32879-0017_7176-92135-0009_4077-13751-0014_x5,s4,coarse_to_fine,1,False,0.0,-0.21045297735763835,1.0,0.5298187409520708,margin
5683-32879-0017_7176-92135-0009_4077-13751-0014_x5,s5,coarse_to_fine,1,False,0.0,-0.486759318087759,1.0,0.372451675874009,margin
237-134500-0014_4077-13754-0006_8455-210777-0034_x5,s1,gated_deflation,0,False,0.0,-0.03755918365276406,1.0,0.8699159130433224,margin
237-134500-0014_4077-13754-0006_8455-210777-0034_x5,s2,gated_deflation,0,True,9.099136656383702e-05,0.44656471893405897,0.9696969696969697,0.5740759414517597,accepted
237-134500-0014_4077-13754-0006_8455-210777-0034_x5,s3,gated_deflation,0,False,0.0,-0.08367850971539553,1.0,0.7515491870081061,margin
237-134500-0014_4077-13754-0006_8455-210777-0034_x5,s4,gated_deflation,0,True,0.0,0.1587843173214244,0.9697691197691197,0.7148018061128778,accepted
237-134500-0014_4077-13754-0006_8455-210777-0034_x5,s5,gated_deflation,0,False,0.0,0.0026719389062226373,1.0,0.8180829303565181,margin
237-134500-0014_4077-13754-0006_8455-210777-0034_x5,s1,coarse_to_fine,0,False,0.0,-0.17853603892334538,1.0,0.4977740997447283,margin
237-134500-0014_4077-13754-0006_8455-210777-0034_x5,s2,coarse_to_fine,0,True,9.099136656383702e-05,0.12006384325124453,1.0,0.4663441401903052,accepted
237-134500-0014_4077-13754-0006_8455-210777-0034_x5,s3,coarse_to_fine,0,False,0.0,-0.12329059259399178,1.0,0.4785137147236372,margin
237-134500-0014_4077-13754-0006_8455-210777-0034_x5,s4,coarse_to_fine,0,False,0.0,-0.02478769636818484,0.9697691197691197,0.3987373788868515,margin
237-134500-0014_4077-13754-0006_8455-210777-0034_x5,s5,coarse_to_fine,0,False,0.0,0.09887178727210233,1.0,0.4319459245614719,margin
237-134500-0014_4077-13754-0006_8455-210777-0034_x5,s1,coarse_to_fine,1,False,0.0,-0.17853603892334538,1.0,0.4977740997447283,margin
237-134500-0014_4077-13754-0006_8455-210777-0034_x5,s2,coarse_to_fine,1,True,9.099136656383702e-05,0.4048781207164613,1.0,0.48680547108852507,accepted
237-134500-0014_4077-13754-0006_8455-210777-0034_x5,s3,coarse_to_fine,1,False,0.0,-0.3726265105032202,1.0,0.4785137147236372,margin
237-134500-0014_4077-13754-0006_8455-210777-0034_x5,s4,coarse_to_fine,1,False,0.0,-0.294954681842241,0.9697691197691197,0.3987373788868515,margin
237-134500-0014_4077-13754-0006_8455-210777-0034_x5,s5,coarse_to_fine,1,False,0.0,-0.027586161658001096,1.0,0.4319459245614719,margin
6930-75918-0005_908-31957-0024_7127-75946-0029_x5,s1,gated_deflation,0,True,0.00014118461281207705,0.37278724815740166,1.0,0.6376106172738643,accepted
6930-75918-0005_908-31957-0024_7127-75946-0029_x5,s2,gated_deflation,0,True,0.0,0.16686798796312835,1.0,0.7684883206403657,accepted
6930-75918-0005_908-31957-0024_7127-75946-0029_x5,s3,gated_deflation,0,True,0.0,0.24033379281219813,1.0,0.7021956396340164,accepted
6930-75918-0005_908-31957-0024_7127-75946-0029_x5,s4,gated_deflation,0,False,0.0,0.04632710533560111,1.0,0.862081968001643,margin
6930-75918-0005_908-31957-0024_7127-75946-0029_x5,s5,gated_deflation,0,False,0.0,0.04248387306621923,1.0,0.8715914654424037,margin
6930-75918-0005_908-31957-0024_7127-75946-0029_x5,s1,coarse_to_fine,0,True,0.00014118461281207705,0.24088765653297212,1.0,0.5796913207605081,accepted
6930-75918-0005_908-31957-0024_7127-75946-0029_x5,s2,coarse_to_fine,0,False,0.0,-0.02535186706399284,1.0,0.507154538561597,margin
6930-75918-0005_908-31957-0024_7127-75946-0029_x5,s3,coarse_to_fine,0,True,0.0,0.27497394321736707,1.0,0.4775330647175789,accepted
6930-75918-0005_908-31957-0024_7127-75946-0029_x5,s4,coarse_to_fine,0,False,0.0,-0.22411624077824738,1.0,0.5748454017399346,margin
6930-75918-0005_908-31957-0024_7127-75946-0029_x5,s5,coarse_to_fine,0,False,0.0,-0.2655133680653843,1.0,0.42217910762856514,margin
6930-75918-0005_908-31957-0024_7127-75946-0029_x5,s1,coarse_to_fine,1,False,0.00014118461281207705,-0.00283402174794789,1.0,0.5468238741142872,margin
6930-75918-0005_908-31957-0024_7127-75946-0029_x5,s2,coarse_to_fine,1,False,0.0,-0.20401925001552407,1.0,0.507154538561597,margin
6930-75918-0005_908-31957-0024_7127-75946-0029_x5,s3,coarse_to_fine,1,True,0.0,0.312917321119303,1.0,0.4903271871640469,accepted
6930-75918-0005_908-31957-0024_7127-75946-0029_x5,s4,coarse_to_fine,1,False,0.0,-0.3512131111261793,1.0,0.5748454017399346,margin
6930-75918-0005_908-31957-0024_7127-75946-0029_x5,s5,coarse_to_fine,1,False,0.0,-0.4137530771214686,1.0,0.42217910762856514,margin
2961-961-0006_260-123286-0031_4077-13754-0013_x5,s1,gated_deflation,0,False,0.0,-0.1321199610807121,1.0,0.877821918972401,margin
2961-961-0006_260-123286-0031_4077-13754-0013_x5,s2,gated_deflation,0,False,0.0,0.04208138715479365,1.0,0.843631022733272,margin
2961-961-0006_260-123286-0031_4077-13754-0013_x5,s3,gated_deflation,0,False,0.0,0.04589777725565286,1.0,0.6032993626288624,margin
2961-961-0006_260-123286-0031_4077-13754-0013_x5,s4,gated_deflation,0,False,0.00011721889603817134,0.06729942421327689,0.9933656276326874,0.51511079234746,margin
2961-961-0006_260-123286-0031_4077-13754-0013_x5,s5,gated_deflation,0,True,0.0,0.11465963701949838,1.0,0.7420449676210809,accepted
2961-961-0006_260-123286-0031_4077-13754-0013_x5,s1,coarse_to_fine,0,False,0.0,-0.17857195328564907,1.0,0.5469267371619466,margin
2961-961-0006_260-123286-0031_4077-13754-0013_x5,s2,coarse_to_fine,0,False,0.0,-0.1111439101825604,1.0,0.36832572072156483,margin
2961-961-0006_260-123286-0031_4077-13754-0013_x5,s3,coarse_to_fine,0,False,0.0,0.09281233003356221,1.0,0.4299497206886435,margin
2961-961-0006_260-123286-0031_4077-13754-0013_x5,s4,coarse_to_fine,0,False,0.00011721889603817134,0.04725848082537393,1.0,0.36889315915174065,margin
2961-961-0006_260-123286-0031_4077-13754-0013_x5,s5,coarse_to_fine,0,False,0.0,-0.09245977720947246,1.0,0.4224240339544854,margin
2961-961-0006_260-123286-0031_4077-13754-0013_x5,s1,coarse_to_fine,1,False,0.0,-0.17857195328564907,1.0,0.5469267371619466,margin
2961-961-0006_260-123286-0031_4077-13754-0013_x5,s2,coarse_to_fine,1,False,0.0,-0.1111439101825604,1.0,0.36832572072156483,margin
2961-961-0006_260-123286-0031_4077-13754-0013_x5,s3,coarse_to_fine,1,False,0.0,0.09281233003356221,1.0,0.4299497206886435,margin
2961-961-0006_260-123286-0031_4077-13754-0013_x5,s4,coarse_to_fine,1,False,0.00011721889603817134,0.04725848082537393,1.0,0.36889315915174065,margin
2961-961-0006_260-123286-0031_4077-13754-0013_x5,s5,coarse_to_fine,1,False,0.0,-0.09245977720947246,1.0,0.4224240339544854,margin
5683-32866-0017_4992-23283-0011_6829-68771-0013_x5,s1,gated_deflation,0,True,0.0,0.15620083940520985,1.0,0.8512574196465775,accepted
5683-32866-0017_4992-23283-0011_6829-68771-0013_x5,s2,gated_deflation,0,True,0.0,0.10397117670099468,1.0,0.8504506065008557,accepted
5683-32866-0017_4992-23283-0011_6829-68771-0013_x5,s3,gated_deflation,0,True,0.0,0.22737710648845438,0.7816235864297254,0.7502605002576747,accepted
5683-32866-0017_4992-23283-0011_6829-68771-0013_x5,s4,gated_deflation,0,False,0.0,0.06939651211750898,1.0,0.8703463339617579,margin
5683-32866-0017_4992-23283-0011_6829-68771-0013_x5,s5,gated_deflation,0,True,0.00014372281089824505,0.26604639780920475,0.9036550888529887,0.5109955155228136,accepted
5683-32866-0017_4992-23283-0011_6829-68771-0013_x5,s1,coarse_to_fine,0,False,0.0,-0.4534794895597233,1.0,0.4317451454127119,margin
5683-32866-0017_4992-23283-0011_6829-68771-0013_x5,s2,coarse_to_fine,0,False,0.0,-0.40334081378029873,1.0,0.3970573852786241,margin
5683-32866-0017_4992-23283-0011_6829-68771-0013_x5,s3,coarse_to_fine,0,True,0.0,0.36282563350637587,1.0,0.4322653511924314,accepted
5683-32866-0017_4992-23283-0011_6829-68771-0013_x5,s4,coarse_to_fine,0,False,0.0,-0.10250482664414137,1.0,0.619995992558054,margin
5683-32866-0017_4992-23283-0011_6829-68771-0013_x5,s5,coarse_to_fine,0,True,0.00014372281089824505,0.2749559822483933,1.0,0.4539714597015716,accepted
5683-32866-0017_4992-23283-0011_6829-68771-0013_x5,s1,coarse_to_fine,1,False,0.0,-0.56128959406636,1.0,0.4317451454127119,margin
5683-32866-0017_4992-23283-0011_6829-68771-0013_x5,s2,coarse_to_fine,1,False,0.0,-0.4967759912668942,1.0,0.3970573852786241,margin
5683-32866-0017_4992-23283-0011_6829-68771-0013_x5,s3,coarse_to_fine,1,True,0.0,0.408410519609008,1.0,0.4539523412435853,accepted
5683-32866-0017_4992-23283-0011_6829-68771-0013_x5,s4,coarse_to_fine,1,False,0.0,-0.2106395916747176,1.0,0.619995992558054,margin
5683-32866-0017_4992-23283-0011_6829-68771-0013_x5,s5,coarse_to_fine,1,True,0.00014372281089824505,0.4826913222349539,1.0,0.47849935686749645,accepted
1188-133604-0034_2830-3980-0019_260-123286-0013_x5,s1,gated_deflation,0,True,0.00012655347781879043,0.32619537359837714,0.9889722222222223,0.4626177067624961,accepted
1188-133604-0034_2830-3980-0019_260-123286-0013_x5,s2,gated_deflation,0,False,0.0,0.05111311113167227,1.0,0.8391145640462616,margin
1188-133604-0034_2830-3980-0019_260-123286-0013_x5,s3,gated_deflation,0,False,0.0,-0.1644451021376193,1.0,0.8734938774891813,margin
1188-133604-0034_2830-3980-0019_260-123286-0013_x5,s4,gated_deflation,0,False,0.0,0.030472757037338427,1.0,0.7999308513884883,margin
1188-133604-0034_2830-3980-0019_260-123286-0013_x5,s5,gated_deflation,0,False,0.0,-0.14234471398738702,1.0,0.6344390231604831,margin
1188-133604-0034_2830-3980-0019_260-123286-0013_x5,s1,coarse_to_fine,0,True,0.00012655347781879043,0.28333154350129935,0.9889722222222223,0.38674345147375067,accepted
1188-133604-0034_2830-3980-0019_260-123286-0013_x5,s2,coarse_to_fine,0,False,0.0,-0.10509339896053643,1.0,0.46791437153980736,margin
1188-133604-0034_2830-3980-0019_260-123286-0013_x5,s3,coarse_to_fine,0,False,0.0,-0.22656678316858284,1.0,0.31908354830838187,margin
1188-133604-0034_2830-3980-0019_260-123286-0013_x5,s4,coarse_to_fine,0,True,0.0,0.16095270936915296,1.0,0.46145794454307043,accepted
1188-133604-0034_2830-3980-0019_260-123286-0013_x5,s5,coarse_to_fine,0,False,0.0,-0.2566569196415762,1.0,0.3762994539703128,margin
1188-133604-0034_2830-3980-0019_260-123286-0013_x5,s1,coarse_to_fine,1,True,0.00012655347781879043,0.4465572377122929,0.9937685185185186,0.39015850436048205,accepted
1188-133604-0034_2830-3980-0019_260-123286-0013_x5,s2,coarse_to_fine,1,False,0.0,-0.18542336066003628,1.0,0.46791437153980736,margin
1188-133604-0034_2830-3980-0019_260-123286-0013_x5,s3,coarse_to_fine,1,False,0.0,-0.34349091404079224,1.0,0.31908354830838187,margin
1188-133604-0034_2830-3980-0019_260-123286-0013_x5,s4,coarse_to_fine,1,True,0.0,0.46269030536226297,1.0,0.47277495049544505,accepted
1188-133604-0034_2830-3980-0019_260-123286-0013_x5,s5,coarse_to_fine,1,False,0.0,-0.4027233963855479,1.0,0.3762994539703128,margin
1284-1181-0014_7729-102255-0011_908-31957-0003_x5,s1,gated_deflation,0,False,0.0,-0.15391986964598853,1.0,0.8358343198702181,margin
1284-1181-0014_7729-102255-0011_908-31957-0003_x5,s2,gated_deflation,0,True,9.76042472961927e-05,0.4896482785800685,0.9792324029126214,0.4440475875757117,accepted
1284-1181-0014_7729-102255-0011_908-31957-0003_x5,s3,gated_deflation,0,False,0.0,0.030026740118078155,1.0,0.8304702855694196,margin
1284-1181-0014_7729-102255-0011_908-31957-0003_x5,s4,gated_deflation,0,False,0.0,0.03986643424278835,1.0,0.8439670905864998,margin
1284-1181-0014_7729-102255-0011_908-31957-0003_x5,s5,gated_deflation,0,False,0.0,-0.06907750484513234,1.0,0.8929216300924189,margin
1284-1181-0014_7729-102255-0011_908-31957-0003_x5,s1,coarse_to_fine,0,False,0.0,-0.11832341901588883,1.0,0.5058559197852472,margin
1284-1181-0014_7729-102255-0011_908-31957-0003_x5,s2,coarse_to_fine,0,True,9.76042472961927e-05,0.17845184892769606,0.9792324029126214,0.3855163965690809,accepted
1284-1181-0014_7729-102255-0011_908-31957-0003_x5,s3,coarse_to_fine,0,False,0.0,0.08244640119597363,1.0,0.38154732721459256,margin
1284-1181-0014_7729-102255-0011_908-31957-0003_x5,s4,coarse_to_fine,0,False,0.0,-0.07093506318128046,1.0,0.6148396444328698,margin
1284-1181-0014_7729-102255-0011_908-31957-0003_x5,s5,coarse_to_fine,0,False,0.0,-0.29175046748014566,1.0,0.41307798798632867,margin
1284-1181-0014_7729-102255-0011_908-31957-0003_x5,s1,coarse_to_fine,1,False,0.0,-0.24101973054038878,1.0,0.5058559197852472,margin
1284-1181-0014_7729-102255-0011_908-31957-0003_x5,s2,coarse_to_fine,1,True,9.76042472961927e-05,0.433306789092012,0.9620297330097087,0.39694827302773694,accepted
1284-1181-0014_7729-102255-0011_908-31957-0003_x5,s3,coarse_to_fine,1,False,0.0,-0.16230979414354135,1.0,0.38154732721459256,margin
1284-1181-0014_7729-102255-0011_908-31957-0003_x5,s4,coarse_to_fine,1,False,0.0,-0.20144135388179585,1.0,0.6148396444328698,margin
1284-1181-0014_7729-102255-0011_908-31957-0003_x5,s5,coarse_to_fine,1,False,0.0,-0.29175046748014566,1.0,0.41307798798632867,margin
1188-133604-0013_1320-122612-0009_3570-5695-0000_x5,s1,gated_deflation,0,True,0.0,0.18645037578690954,1.0,0.8907310323458135,accepted
1188-133604-0013_1320-122612-0009_3570-5695-0000_x5,s2,gated_deflation,0,False,0.0,0.013386414084477771,1.0,0.8846087762385817,margin
1188-133604-0013_1320-122612-0009_3570-5695-0000_x5,s3,gated_deflation,0,True,0.0,0.16208428708441855,1.0,0.8374586322138419,accepted
1188-133604-0013_1320-122612-0009_3570-5695-0000_x5,s4,gated_deflation,0,True,0.0001387871538196161,0.35932808288581003,0.9680090497737557,0.5745842390739891,accepted
1188-133604-0013_1320-122612-0009_3570-5695-0000_x5,s5,gated_deflation,0,True,0.0,0.24593757954697976,0.9679864253393665,0.8039641909924894,accepted
1188-133604-0013_1320-122612-0009_3570-5695-0000_x5,s1,coarse_to_fine,0,False,0.0,-0.09284744064847311,1.0,0.31613733530853033,margin
1188-133604-0013_1320-122612-0009_3570-5695-0000_x5,s2,coarse_to_fine,0,False,0.0,-0.013917710676125128,1.0,0.535980137884898,margin
1188-133604-0013_1320-122612-0009_3570-5695-0000_x5,s3,coarse_to_fine,0,False,0.0,-0.16403043621833574,1.0,0.3276029756749057,margin
1188-133604-0013_1320-122612-0009_3570-5695-0000_x5,s4,coarse_to_fine,0,False,0.0001387871538196161,-0.18521768164958213,1.0,0.4533612045298405,margin
1188-133604-0013_1320-122612-0009_3570-5695-0000_x5,s5,coarse_to_fine,0,True,0.0,0.31681135697775237,1.0,0.40215426217716715,accepted
1188-133604-0013_1320-122612-0009_3570-5695-0000_x5,s1,coarse_to_fine,1,False,0.0,-0.09284744064847311,1.0,0.31613733530853033,margin
1188-133604-0013_1320-122612-0009_3570-5695-0000_x5,s2,coarse_to_fine,1,False,0.0,-0.013917710676125128,1.0,0.535980137884898,margin
1188-133604-0013_1320-122612-0009_3570-5695-0000_x5,s3,coarse_to_fine,1,False,0.0,-0.44629612647123496,1.0,0.3276029756749057,margin
1188-133604-0013_1320-122612-0009_3570-5695-0000_x5,s4,coarse_to_fine,1,False,0.0001387871538196161,-0.47320140124948895,1.0,0.4533612045298405,margin
1188-133604-0013_1320-122612-0009_3570-5695-0000_x5,s5,coarse_to_fine,1,True,0.0,0.6429364420506586,1.0,0.3594551965059103,accepted
4077-13754-0011_5639-40744-0015_3575-170457-0033_x5,s1,gated_deflation,0,True,0.00013261762459420139,0.45555510241640634,1.0,0.6556038734143484,accepted
4077-13754-0011_5639-40744-0015_3575-170457-0033_x5,s2,gated_deflation,0,False,0.0,0.07772141023677148,1.0,0.675945190179962,margin
4077-13754-0011_5639-40744-0015_3575-170457-0033_x5,s3,gated_deflation,0,False,0.0,-0.2880595312640254,1.0,0.7140725861977162,margin
4077-13754-0011_5639-40744-0015_3575-170457-0033_x5,s4,gated_deflation,0,False,0.0,0.03949029657580477,1.0,0.8948434809104211,margin
4077-13754-0011_5639-40744-0015_3575-170457-0033_x5,s5,gated_deflation,0,False,0.0,0.06076208594069826,1.0,0.6132758673359093,margin
4077-13754-0011_5639-40744-0015_3575-170457-0033_x5,s1,coarse_to_fine,0,True,0.00013261762459420139,0.1430459881397092,1.0,0.5667292834048155,accepted
4077-13754-0011_5639-40744-0015_3575-170457-0033_x5,s2,coarse_to_fine,0,False,0.0,-0.06652717185346141,1.0,0.45992761561421036,margin
4077-13754-0011_5639-40744-0015_3575-170457-0033_x5,s3,coarse_to_fine,0,False,0.0,-0.36168761220883217,1.0,0.38932495903838865,margin
4077-13754-0011_5639-40744-0015_3575-170457-0033_x5,s4,coarse_to_fine,0,False,0.0,-0.11633135217801238,1.0,0.3845879788670957,margin
4077-13754-0011_5639-40744-0015_3575-170457-0033_x5,s5,coarse_to_fine,0,False,0.0,0.08253392228084133,1.0,0.36480114225951527,margin
4077-13754-0011_5639-40744-0015_3575-170457-0033_x5,s1,coarse_to_fine,1,True,0.00013261762459420139,0.35662833383001263,1.0,0.5642389311019325,accepted
4077-13754-0011_5639-40744-0015_3575-170457-0033_x5,s2,coarse_to_fine,1,False,0.0,-0.2990567953350453,1.0,0.45992761561421036,margin
4077-13754-0011_5639-40744-0015_3575-170457-0033_x5,s3,coarse_to_fine,1,False,0.0,-0.36168761220883217,1.0,0.38932495903838865,margin
4077-13754-0011_5639-40744-0015_3575-170457-0033_x5,s4,coarse_to_fine,1,False,0.0,-0.11633135217801238,1.0,0.3845879788670957,margin
4077-13754-0011_5639-40744-0015_3575-170457-0033_x5,s5,coarse_to_fine,1,False,0.0,-0.09187359085121732,1.0,0.36480114225951527,margin
7176-88083-0024_6930-76324-0003_2300-131720-0022_x5,s1,gated_deflation,0,True,0.0,0.21250831161716466,1.0,0.7131905314536817,accepted
7176-88083-0024_6930-76324-0003_2300-131720-0022_x5,s2,gated_deflation,0,False,0.0,0.051294471026789024,1.0,0.9119054032064653,margin
7176-88083-0024_6930-76324-0003_2300-131720-0022_x5,s3,gated_deflation,0,True,0.00011988085848901219,0.5006998747045387,1.0,0.4697902722552045,accepted
7176-88083-0024_6930-76324-0003_2300-131720-0022_x5,s4,gated_deflation,0,False,0.0,0.07031061429942503,1.0,0.7166438703406142,margin
7176-88083-0024_6930-76324-0003_2300-131720-0022_x5,s5,gated_deflation,0,False,0.0,-0.0984031025605385,1.0,0.8930026168042244,margin
7176-88083-0024_6930-76324-0003_2300-131720-0022_x5,s1,coarse_to_fine,0,True,0.0,0.37143936920567233,1.0,0.38697429323533805,accepted
7176-88083-0024_6930-76324-0003_2300-131720-0022_x5,s2,coarse_to_fine,0,False,0.0,-0.2227773991056515,1.0,0.5821148597250231,margin
7176-88083-0024_6930-76324-0003_2300-131720-0022_x5,s3,coarse_to_fine,0,False,0.00011988085848901219,-0.22873275039621693,1.0,0.31715782303967605,margin
7176-88083-0024_6930-76324-0003_2300-131720-0022_x5,s4,coarse_to_fine,0,False,0.0,-0.29730290444376717,1.0,0.3944978787165937,margin
7176-88083-0024_6930-76324-0003_2300-131720-0022_x5,s5,coarse_to_fine,0,False,0.0,0.0022981654706123456,1.0,0.5588747189367678,margin
7176-88083-0024_6930-76324-0003_2300-131720-0022_x5,s1,coarse_to_fine,1,True,0.0,0.5503768468162488,1.0,0.415901154301637,accepted
7176-88083-0024_6930-76324-0003_2300-131720-0022_x5,s2,coarse_to_fine,1,False,0.0,-0.333676861201608,1.0,0.5821148597250231,margin
7176-88083-0024_6930-76324-0003_2300-131720-0022_x5,s3,coarse_to_fine,1,False,0.00011988085848901219,-0.39966182630160246,1.0,0.31715782303967605,margin
7176-88083-0024_6930-76324-0003_2300-131720-0022_x5,s4,coarse_to_fine,1,False,0.0,-0.5023938832245736,1.0,0.3944978787165937,margin
7176-88083-0024_6930-76324-0003_2300-131720-0022_x5,s5,coarse_to_fine,1,False,0.0,-0.062015745084307294,1.0,0.5588747189367678,margin
8463-294825-0013_1284-1180-0020_672-122797-0000_x5,s1,gated_deflation,0,True,0.00012190348778595539,0.567370950608289,0.9789473684210527,0.6154310258528434,accepted
8463-294825-0013_1284-1180-0020_672-122797-0000_x5,s2,gated_deflation,0,True,0.0,0.12925491554711366,1.0,0.8463942818982143,accepted
8463-294825-0013_1284-1180-0020_672-122797-0000_x5,s3,gated_deflation,0,False,0.0,-0.027975373569574136,1.0,0.9101601231550129,margin
8463-294825-0013_1284-1180-0020_672-122797-0000_x5,s4,gated_deflation,0,False,0.0,0.15153708018537654,1.0,0.921007829013192,artifact_score
8463-294825-0013_1284-1180-0020_672-122797-0000_x5,s5,gated_deflation,0,False,0.0,-0.2355217384119263,0.967300853485064,0.7739852827432081,margin
8463-294825-0013_1284-1180-0020_672-122797-0000_x5,s1,coarse_to_fine,0,True,0.00012190348778595539,0.4030461342769235,1.0,0.5606327593868851,accepted
8463-294825-0013_1284-1180-0020_672-122797-0000_x5,s2,coarse_to_fine,0,False,0.0,-0.005400695242477549,1.0,0.4668672436321783,margin
8463-294825-0013_1284-1180-0020_672-122797-0000_x5,s3,coarse_to_fine,0,False,0.0,-0.02090686636997202,1.0,0.5351554348212816,margin
8463-294825-0013_1284-1180-0020_672-122797-0000_x5,s4,coarse_to_fine,0,True,0.0,0.10814407587523767,1.0,0.6359191372281757,accepted
8463-294825-0013_1284-1180-0020_672-122797-0000_x5,s5,coarse_to_fine,0,False,0.0,-0.29589020730618154,1.0,0.4059781535605609,margin
8463-294825-0013_1284-1180-0020_672-122797-0000_x5,s1,coarse_to_fine,1,True,0.00012190348778595539,0.6028736413026529,1.0,0.5613806839373408,accepted
8463-294825-0013_1284-1180-0020_672-122797-0000_x5,s2,coarse_to_fine,1,False,0.0,-0.11727830094708408,1.0,0.4668672436321783,margin
8463-294825-0013_1284-1180-0020_672-122797-0000_x5,s3,coarse_to_fine,1,False,0.0,-0.19034562384467926,1.0,0.5351554348212816,margin
8463-294825-0013_1284-1180-0020_672-122797-0000_x5,s4,coarse_to_fine,1,True,0.0,0.4474512819679383,1.0,0.6188116110361076,accepted
8463-294825-0013_1284-1180-0020_672-122797-0000_x5,s5,coarse_to_fine,1,False,0.0,-0.44163701787628373,1.0,0.4059781535605609,margin
1320-122617-0000_237-134500-0026_1580-141084-0026_x5,s1,gated_deflation,0,False,0.0,0.09510626425681645,1.0,0.7463147460136503,margin
1320-122617-0000_237-134500-0026_1580-141084-0026_x5,s2,gated_deflation,0,False,0.0,0.008149191062558736,1.0,0.9133584559392544,margin
1320-122617-0000_237-134500-0026_1580-141084-0026_x5,s3,gated_deflation,0,False,0.0,-0.1263807249653372,1.0,0.809306803967079,margin
1320-122617-0000_237-134500-0026_1580-141084-0026_x5,s4,gated_deflation,0,True,0.0,0.15096015032302107,1.0,0.8596870490290479,accepted
1320-122617-0000_237-134500-0026_1580-141084-0026_x5,s5,gated_deflation,0,True,0.0001893304902185226,0.42169254948703566,0.9912399414776883,0.6207115799924499,accepted
1320-122617-0000_237-134500-0026_1580-141084-0026_x5,s1,coarse_to_fine,0,True,0.0,0.1741991461758275,1.0,0.41102489436088774,accepted
1320-122617-0000_237-134500-0026_1580-141084-0026_x5,s2,coarse_to_fine,0,False,0.0,-0.09496781785206954,1.0,0.5329552734704293,margin
1320-122617-0000_237-134500-0026_1580-141084-0026_x5,s3,coarse_to_fine,0,False,0.0,-0.2927044756188981,1.0,0.5105172240351596,margin
1320-122617-0000_237-134500-0026_1580-141084-0026_x5,s4,coarse_to_fine,0,False,0.0,0.014707427709571841,1.0,0.5801316594086313,margin
1320-122617-0000_237-134500-0026_1580-141084-0026_x5,s5,coarse_to_fine,0,True,0.0001893304902185226,0.3399001578728042,0.9863935625457205,0.5128287630676459,accepted
1320-122617-0000_237-134500-0026_1580-141084-0026_x5,s1,coarse_to_fine,1,True,0.0,0.4233859985942895,1.0,0.4345893919008037,accepted
1320-122617-0000_237-134500-0026_1580-141084-0026_x5,s2,coarse_to_fine,1,False,0.0,-0.22523742824837178,1.0,0.5329552734704293,margin
1320-122617-0000_237-134500-0026_1580-141084-0026_x5,s3,coarse_to_fine,1,False,0.0,-0.5069003081032727,1.0,0.5105172240351596,margin
1320-122617-0000_237-134500-0026_1580-141084-0026_x5,s4,coarse_to_fine,1,False,0.0,-0.2597092520236582,1.0,0.5801316594086313,margin
1320-122617-0000_237-134500-0026_1580-141084-0026_x5,s5,coarse_to_fine,1,True,0.0001893304902185226,0.5698224173825083,0.9864301389904901,0.524779357812433,accepted
1580-141084-0031_1089-134691-0017_3575-170457-0017_x5,s1,gated_deflation,0,True,0.0,0.12470440314449438,1.0,0.8042605562737423,accepted
1580-141084-0031_1089-134691-0017_3575-170457-0017_x5,s2,gated_deflation,0,False,0.0,-0.13667031801062207,0.974859747545582,0.6278396593873397,margin
1580-141084-0031_1089-134691-0017_3575-170457-0017_x5,s3,gated_deflation,0,True,0.0001817610739505049,0.1242726140927255,0.7451963534361852,0.560738551195627,accepted
1580-141084-0031_1089-134691-0017_3575-170457-0017_x5,s4,gated_deflation,0,True,0.0,0.14005157599775947,1.0,0.8109458563620767,accepted
1580-141084-0031_1089-134691-0017_3575-170457-0017_x5,s5,gated_deflation,0,True,0.0,0.36239993365117823,1.0,0.7888796797817837,accepted
1580-141084-0031_1089-134691-0017_3575-170457-0017_x5,s1,coarse_to_fine,0,False,0.0,-0.054861114728529614,1.0,0.49538731357092636,margin
1580-141084-0031_1089-134691-0017_3575-170457-0017_x5,s2,coarse_to_fine,0,False,0.0,-0.3448019379995471,0.9774544179523141,0.45841944666075174,margin
1580-141084-0031_1089-134691-0017_3575-170457-0017_x5,s3,coarse_to_fine,0,True,0.0001817610739505049,0.27070767655213124,0.9778634876110331,0.4115142256897523,accepted
1580-141084-0031_1089-134691-0017_3575-170457-0017_x5,s4,coarse_to_fine,0,False,0.0,-0.0563752819556636,1.0,0.48628307926590286,margin
1580-141084-0031_1089-134691-0017_3575-170457-0017_x5,s5,coarse_to_fine,0,True,0.0,0.4029218445985115,1.0,0.41774251440406934,accepted
1580-141084-0031_1089-134691-0017_3575-170457-0017_x5,s1,coarse_to_fine,1,False,0.0,-0.2635847559001521,1.0,0.49538731357092636,margin
1580-141084-0031_1089-134691-0017_3575-170457-0017_x5,s2,coarse_to_fine,1,False,0.0,-0.535747056104499,0.9774544179523141,0.45841944666075174,margin
1580-141084-0031_1089-134691-0017_3575-170457-0017_x5,s3,coarse_to_fine,1,True,0.0001817610739505049,0.48127270657520066,0.9781790556334736,0.4233731462999411,accepted
1580-141084-0031_1089-134691-0017_3575-170457-0017_x5,s4,coarse_to_fine,1,False,0.0,-0.2446102501846515,1.0,0.48628307926590286,margin
1580-141084-0031_1089-134691-0017_3575-170457-0017_x5,s5,coarse_to_fine,1,True,0.0,0.5516065802051141,1.0,0.43147227027763757,accepted
4992-41797-0010_2300-131720-0005_6829-68771-0014_x5,s1,gated_deflation,0,False,0.0,0.029796159479989093,1.0,0.5975455890509552,margin
4992-41797-0010_2300-131720-0005_6829-68771-0014_x5,s2,gated_deflation,0,False,0.0,0.09573268504096794,1.0,0.5875263958051764,margin
4992-41797-0010_2300-131720-0005_6829-68771-0014_x5,s3,gated_deflation,0,True,0.0,0.11466261715062148,1.0,0.7437956207811729,accepted
4992-41797-0010_2300-131720-0005_6829-68771-0014_x5,s4,gated_deflation,0,True,0.0,0.2478934833082629,1.0,0.6000243839943571,accepted
4992-41797-0010_2300-131720-0005_6829-68771-0014_x5,s5,gated_deflation,0,True,0.0,0.15273219062967897,1.0,0.7081073716236085,accepted
4992-41797-0010_2300-131720-0005_6829-68771-0014_x5,s1,coarse_to_fine,0,False,0.0,0.04196824742094246,1.0,0.36093155872597366,margin
4992-41797-0010_2300-131720-0005_6829-68771-0014_x5,s2,coarse_to_fine,0,False,0.0,-0.40289814406757085,1.0,0.3433466325283225,margin
4992-41797-0010_2300-131720-0005_6829-68771-0014_x5,s3,coarse_to_fine,0,False,0.0,-0.011434050406028767,1.0,0.4052971688209182,margin
4992-41797-0010_2300-131720-0005_6829-68771-0014_x5,s4,coarse_to_fine,0,True,0.0,0.19525892340084633,1.0,0.41357690232104705,accepted
4992-41797-0010_2300-131720-0005_6829-68771-0014_x5,s5,coarse_to_fine,0,False,0.0,0.0821108896378169,1.0,0.31328091091789384,margin
4992-41797-0010_2300-131720-0005_6829-68771-0014_x5,s1,coarse_to_fine,1,False,0.0,-0.029269915241297628,1.0,0.36093155872597366,margin
4992-41797-0010_2300-131720-0005_6829-68771-0014_x5,s2,coarse_to_fine,1,False,0.0,-0.5820193360972739,1.0,0.3433466325283225,margin
4992-41797-0010_2300-131720-0005_6829-68771-0014_x5,s3,coarse_to_fine,1,False,0.0,-0.10945095700738208,1.0,0.4052971688209182,margin
4992-41797-0010_2300-131720-0005_6829-68771-0014_x5,s4,coarse_to_fine,1,True,0.0,0.38190963090494,1.0,0.4369398454844556,accepted
4992-41797-0010_2300-131720-0005_6829-68771-0014_x5,s5,coarse_to_fine,1,False,0.0,0.03696651729785319,1.0,0.31328091091789384,margin
8455-210777-0035_7729-102255-0037_5142-33396-0036_x5,s1,gated_deflation,0,False,0.0,-0.10545933992025902,1.0,0.8179941074522086,margin
8455-210777-0035_7729-102255-0037_5142-33396-0036_x5,s2,gated_deflation,0,True,0.0001328322293099486,0.5356106390906552,0.981784005468216,0.522320409303736,accepted
8455-210777-0035_7729-102255-0037_5142-33396-0036_x5,s3,gated_deflation,0,False,0.0,0.07730000244513574,1.0,0.8537728221136555,margin
8455-210777-0035_7729-102255-0037_5142-33396-0036_x5,s4,gated_deflation,0,True,0.0,0.19869043513009094,1.0,0.8058604406793085,accepted
8455-210777-0035_7729-102255-0037_5142-33396-0036_x5,s5,gated_deflation,0,False,0.0,-0.1672002854359284,0.9987354750512645,0.6821680376424678,margin
8455-210777-0035_7729-102255-0037_5142-33396-0036_x5,s1,coarse_to_fine,0,False,0.0,-0.2798047803756828,1.0,0.4799510656781365,margin
8455-210777-0035_7729-102255-0037_5142-33396-0036_x5,s2,coarse_to_fine,0,True,0.0001328322293099486,0.33769963198659125,1.0,0.32463451359509166,accepted
8455-210777-0035_7729-102255-0037_5142-33396-0036_x5,s3,coarse_to_fine,0,False,0.0,0.0320262900426202,1.0,0.5403646094949718,margin
8455-210777-0035_7729-102255-0037_5142-33396-0036_x5,s4,coarse_to_fine,0,False,0.0,0.04129451200688711,1.0,0.5218611261967556,margin
8455-210777-0035_7729-102255-0037_5142-33396-0036_x5,s5,coarse_to_fine,0,False,0.0,-0.31928178117410544,1.0,0.3921897962860293,margin
8455-210777-0035_7729-102255-0037_5142-33396-0036_x5,s1,coarse_to_fine,1,False,0.0,-0.36414351711422654,1.0,0.4799510656781365,margin
8455-210777-0035_7729-102255-0037_5142-33396-0036_x5,s2,coarse_to_fine,1,True,0.0001328322293099486,0.5395914181885428,1.0,0.34176967034761346,accepted
8455-210777-0035_7729-102255-0037_5142-33396-0036_x5,s3,coarse_to_fine,1,False,0.0,0.0320262900426202,1.0,0.5403646094949718,margin
8455-210777-0035_7729-102255-0037_5142-33396-0036_x5,s4,coarse_to_fine,1,False,0.0,0.04129451200688711,1.0,0.5218611261967556,margin
8455-210777-0035_7729-102255-0037_5142-33396-0036_x5,s5,coarse_to_fine,1,False,0.0,-0.51132922801093,1.0,0.3921897962860293,margin
237-126133-0005_2830-3980-0004_1089-134686-0000_x5,s1,gated_deflation,0,True,0.0,0.33020881357269244,0.9970508166969148,0.7716676579109045,accepted
237-126133-0005_2830-3980-0004_1089-134686-0000_x5,s2,gated_deflation,0,True,0.0,0.1958123269294788,1.0,0.8414381024372931,accepted
237-126133-0005_2830-3980-0004_1089-134686-0000_x5,s3,gated_deflation,0,True,0.00013378365645413178,0.4270757189299413,0.984505444646098,0.6227500999529119,accepted
237-126133-0005_2830-3980-0004_1089-134686-0000_x5,s4,gated_deflation,0,False,0.0,-0.1096184828288159,1.0,0.7341876231105792,margin
237-126133-0005_2830-3980-0004_1089-134686-0000_x5,s5,gated_deflation,0,True,0.0,0.18809683754494647,0.9760054844606947,0.7386999759531766,accepted
237-126133-0005_2830-3980-0004_1089-134686-0000_x5,s1,coarse_to_fine,0,True,0.0,0.2122281232639464,1.0,0.5228797402585366,accepted
237-126133-0005_2830-3980-0004_1089-134686-0000_x5,s2,coarse_to_fine,0,False,0.0,-0.18233185056120144,1.0,0.35675636521486054,margin
237-126133-0005_2830-3980-0004_1089-134686-0000_x5,s3,coarse_to_fine,0,True,0.00013378365645413178,0.12261977884822478,1.0,0.4611805561514415,accepted
237-126133-0005_2830-3980-0004_1089-134686-0000_x5,s4,coarse_to_fine,0,False,0.0,-0.2884393741341258,1.0,0.34393870936457116,margin
237-126133-0005_2830-3980-0004_1089-134686-0000_x5,s5,coarse_to_fine,0,False,0.0,-0.02489781664935986,1.0,0.33580502594214656,margin
237-126133-0005_2830-3980-0004_1089-134686-0000_x5,s1,coarse_to_fine,1,True,0.0,0.4924990427179433,1.0,0.5294130922480625,accepted
237-126133-0005_2830-3980-0004_1089-134686-0000_x5,s2,coarse_to_fine,1,False,0.0,-0.26344158704187476,1.0,0.35675636521486054,margin
237-126133-0005_2830-3980-0004_1089-134686-0000_x5,s3,coarse_to_fine,1,True,0.00013378365645413178,0.3903163846776292,1.0,0.4513379287176997,accepted
237-126133-0005_2830-3980-0004_1089-134686-0000_x5,s4,coarse_to_fine,1,False,0.0,-0.5640395141456419,1.0,0.34393870936457116,margin
237-126133-0005_2830-3980-0004_1089-134686-0000_x5,s5,coarse_to_fine,1,False,0.0,-0.31175918755538035,1.0,0.33580502594214656,margin
4077-13754-0005_8455-210777-0050_6829-68769-0018_x5,s1,gated_deflation,0,True,7.862211890048095e-05,0.6473028813762224,1.0,0.6068505386525194,accepted
4077-13754-0005_8455-210777-0050_6829-68769-0018_x5,s2,gated_deflation,0,False,0.0,-0.024152827540741828,1.0,0.8859234720288071,margin
4077-13754-0005_8455-210777-0050_6829-68769-0018_x5,s3,gated_deflation,0,False,0.0,-0.007738619289303583,1.0,0.832476872128382,margin
4077-13754-0005_8455-210777-0050_6829-68769-0018_x5,s4,gated_deflation,0,False,0.0,-0.0015715104901812826,1.0,0.9085245455595352,margin
4077-13754-0005_8455-210777-0050_6829-68769-0018_x5,s5,gated_deflation,0,False,0.0,0.06556137371317278,1.0,0.9128165442710603,margin
4077-13754-0005_8455-210777-0050_6829-68769-0018_x5,s1,coarse_to_fine,0,True,7.862211890048095e-05,0.5041996340215642,1.0,0.5377770797948911,accepted
4077-13754-0005_8455-210777-0050_6829-68769-0018_x5,s2,coarse_to_fine,0,False,0.0,-0.05240468257746722,1.0,0.37981060252090226,margin
4077-13754-0005_8455-210777-0050_6829-68769-0018_x5,s3,coarse_to_fine,0,True,0.0,0.10556084715301772,1.0,0.48507085934435007,accepted
4077-13754-0005_8455-210777-0050_6829-68769-0018_x5,s4,coarse_to_fine,0,True,0.0,0.12369571663558024,1.0,0.4045483504540508,accepted
4077-13754-0005_8455-210777-0050_6829-68769-0018_x5,s5,coarse_to_fine,0,False,0.0,-0.05445482824533204,1.0,0.5772390323147238,margin
4077-13754-0005_8455-210777-0050_6829-68769-0018_x5,s1,coarse_to_fine,1,True,7.862211890048095e-05,0.5869025083879462,1.0,0.603519516456559,accepted
4077-13754-0005_8455-210777-0050_6829-68769-0018_x5,s2,coarse_to_fine,1,False,0.0,-0.1755146203710795,1.0,0.37981060252090226,margin
4077-13754-0005_8455-210777-0050_6829-68769-0018_x5,s3,coarse_to_fine,1,True,0.0,0.25938173130130326,1.0,0.4498962872546648,accepted
4077-13754-0005_8455-210777-0050_6829-68769-0018_x5,s4,coarse_to_fine,1,True,0.0,0.4494593490256752,1.0,0.4228423519701309,accepted
4077-13754-0005_8455-210777-0050_6829-68769-0018_x5,s5,coarse_to_fine,1,False,0.0,-0.18630208763593975,1.0,0.5772390323147238,margin
2094-142345-0056_7729-102255-0045_7176-92135-0040_x5,s1,gated_deflation,0,False,0.0,-0.08294131736973692,1.0,0.8431564000057733,margin
2094-142345-0056_7729-102255-0045_7176-92135-0040_x5,s2,gated_deflation,0,True,0.0,0.26534486651323186,1.0,0.7207842422724741,accepted
2094-142345-0056_7729-102255-0045_7176-92135-0040_x5,s3,gated_deflation,0,False,0.0,0.012345807270644271,0.9982075976457999,0.5491397314062713,margin
2094-142345-0056_7729-102255-0045_7176-92135-0040_x5,s4,gated_deflation,0,True,0.0,0.1797736361283732,1.0,0.6593604707465395,accepted
2094-142345-0056_7729-102255-0045_7176-92135-0040_x5,s5,gated_deflation,0,True,0.00017465429112299265,0.11105341838313565,0.9923220973782771,0.5391514456920715,accepted
2094-142345-0056_7729-102255-0045_7176-92135-0040_x5,s1,coarse_to_fine,0,False,0.0,-0.18306548145784973,1.0,0.42338937672852794,margin
2094-142345-0056_7729-102255-0045_7176-92135-0040_x5,s2,coarse_to_fine,0,False,0.0,-0.12372054657371684,1.0,0.40125232682918927,margin
2094-142345-0056_7729-102255-0045_7176-92135-0040_x5,s3,coarse_to_fine,0,False,0.0,0.028953480280720367,1.0,0.32709928299386887,margin
2094-142345-0056_7729-102255-0045_7176-92135-0040_x5,s4,coarse_to_fine,0,False,0.0,0.09826403925486521,1.0,0.3871613248945813,margin
2094-142345-0056_7729-102255-0045_7176-92135-0040_x5,s5,coarse_to_fine,0,True,0.00017465429112299265,0.26013289300934633,1.0,0.3052957680903673,accepted
2094-142345-0056_7729-102255-0045_7176-92135-0040_x5,s1,coarse_to_fine,1,False,0.0,-0.3304467558396937,1.0,0.42338937672852794,margin
2094-142345-0056_7729-102255-0045_7176-92135-0040_x5,s2,coarse_to_fine,1,False,0.0,-0.12372054657371684,1.0,0.40125232682918927,margin
2094-142345-0056_7729-102255-0045_7176-92135-0040_x5,s3,coarse_to_fine,1,False,0.0,0.028953480280720367,1.0,0.32709928299386887,margin
2094-142345-0056_7729-102255-0045_7176-92135-0040_x5,s4,coarse_to_fine,1,False,0.0,0.09826403925486521,1.0,0.3871613248945813,margin
2094-142345-0056_7729-102255-0045_7176-92135-0040_x5,s5,coarse_to_fine,1,True,0.00017465429112299265,0.5240014501711968,1.0,0.2926113026774702,accepted
3575-170457-0006_1995-1836-0000_3570-5695-0013_x5,s1,gated_deflation,0,True,0.0,0.22732190022316695,1.0,0.6228036292578554,accepted
3575-170457-0006_1995-1836-0000_3570-5695-0013_x5,s2,gated_deflation,0,False,0.0003112034361162575,0.09600375417035745,0.5327397260273973,0.5088772140129231,margin
3575-170457-0006_1995-1836-0000_3570-5695-0013_x5,s3,gated_deflation,0,True,0.0,0.24923996696454734,1.0,0.7652238663616757,accepted
3575-170457-0006_1995-1836-0000_3570-5695-0013_x5,s4,gated_deflation,0,True,0.0,0.13672371635501304,1.0,0.7716417464862895,accepted
3575-170457-0006_1995-1836-0000_3570-5695-0013_x5,s5,gated_deflation,0,True,0.0,0.16255182713003138,0.8918192918192919,0.7071856392956072,accepted
3575-170457-0006_1995-1836-0000_3570-5695-0013_x5,s1,coarse_to_fine,0,True,0.0,0.18607057878597089,1.0,0.40487970338981016,accepted
3575-170457-0006_1995-1836-0000_3570-5695-0013_x5,s2,coarse_to_fine,0,False,0.0003112034361162575,0.06477720751414001,0.9785445205479452,0.2369548715951846,margin
3575-170457-0006_1995-1836-0000_3570-5695-0013_x5,s3,coarse_to_fine,0,False,0.0,-0.09584149130421937,1.0,0.27457872018482876,margin
3575-170457-0006_1995-1836-0000_3570-5695-0013_x5,s4,coarse_to_fine,0,False,0.0,-0.21710254929063605,1.0,0.3016608710663929,margin
3575-170457-0006_1995-1836-0000_3570-5695-0013_x5,s5,coarse_to_fine,0,False,0.0,0.04439349812171392,1.0,0.2804565495598853,margin
3575-170457-0006_1995-1836-0000_3570-5695-0013_x5,s1,coarse_to_fine,1,True,0.0,0.49590208101238253,1.0,0.3548775651383181,accepted
3575-170457-0006_1995-1836-0000_3570-5695-0013_x5,s2,coarse_to_fine,1,False,0.0003112034361162575,-0.17942974301807207,0.9785445205479452,0.2369548715951846,margin
3575-170457-0006_1995-1836-0000_3570-5695-0013_x5,s3,coarse_to_fine,1,False,0.0,-0.20259582190592113,1.0,0.27457872018482876,margin
3575-170457-0006_1995-1836-0000_3570-5695-0013_x5,s4,coarse_to_fine,1,False,0.0,-0.30081548039177664,1.0,0.3016608710663929,margin
3575-170457-0006_1995-1836-0000_3570-5695-0013_x5,s5,coarse_to_fine,1,False,0.0,-0.1438024709064029,1.0,0.2804565495598853,margin
2961-961-0007_237-134493-0013_2830-3980-0011_x5,s1,gated_deflation,0,True,0.00020629594260782968,0.35212622509097374,0.9276926263463132,0.6045819807432352,accepted
2961-961-0007_237-134493-0013_2830-3980-0011_x5,s2,gated_deflation,0,False,0.0,0.054663108767502466,1.0,0.8145757353936082,margin
2961-961-0007_237-134493-0013_2830-3980-0011_x5,s3,gated_deflation,0,True,0.0,0.20706171040501625,1.0,0.746640892086463,accepted
2961-961-0007_237-134493-0013_2830-3980-0011_x5,s4,gated_deflation,0,True,0.0,0.17369064051693917,1.0,0.8500842047542535,accepted
2961-961-0007_237-134493-0013_2830-3980-0011_x5,s5,gated_deflation,0,False,0.0,0.041436952310734854,0.9718724109362055,0.6527801291850803,margin
2961-961-0007_237-134493-0013_2830-3980-0011_x5,s1,coarse_to_fine,0,True,0.00020629594260782968,0.15928565579082987,0.9840513670256835,0.37644450201557217,accepted
2961-961-0007_237-134493-0013_2830-3980-0011_x5,s2,coarse_to_fine,0,False,0.0,0.02750232004794992,1.0,0.4379519449208329,margin
2961-961-0007_237-134493-0013_2830-3980-0011_x5,s3,coarse_to_fine,0,False,0.0,-0.036387670708754705,1.0,0.45596321929894756,margin
2961-961-0007_237-134493-0013_2830-3980-0011_x5,s4,coarse_to_fine,0,False,0.0,-0.024765250080092588,1.0,0.30173285112582726,margin
2961-961-0007_237-134493-0013_2830-3980-0011_x5,s5,coarse_to_fine,0,False,0.0,-0.10565436387426638,1.0,0.3822456813360628,margin
2961-961-0007_237-134493-0013_2830-3980-0011_x5,s1,coarse_to_fine,1,True,0.00020629594260782968,0.45593128591693477,0.9839892294946148,0.38525204830535936,accepted
2961-961-0007_237-134493-0013_2830-3980-0011_x5,s2,coarse_to_fine,1,False,0.0,-0.05712916906780613,1.0,0.4379519449208329,margin
2961-961-0007_237-134493-0013_2830-3980-0011_x5,s3,coarse_to_fine,1,False,0.0,-0.12207727282529923,1.0,0.45596321929894756,margin
2961-961-0007_237-134493-0013_2830-3980-0011_x5,s4,coarse_to_fine,1,False,0.0,-0.024765250080092588,1.0,0.30173285112582726,margin
2961-961-0007_237-134493-0013_2830-3980-0011_x5,s5,coarse_to_fine,1,False,0.0,-0.3417039211906422,1.0,0.3822456813360628,margin
121-121726-0007_61-70968-0008_2300-131720-0038_x5,s1,gated_deflation,0,True,0.00028384875329619166,0.22836580918398425,1.0,0.722147486586785,accepted
121-121726-0007_61-70968-0008_2300-131720-0038_x5,s2,gated_deflation,0,True,0.0,0.10787874969712619,1.0,0.8241336168516985,accepted
121-121726-0007_61-70968-0008_2300-131720-0038_x5,s3,gated_deflation,0,False,0.0,-0.00831401278380095,1.0,0.6852878721630361,margin
121-121726-0007_61-70968-0008_2300-131720-0038_x5,s4,gated_deflation,0,False,0.0,0.07542181838144385,1.0,0.6812871289253416,margin
121-121726-0007_61-70968-0008_2300-131720-0038_x5,s5,gated_deflation,0,False,0.0,-0.12921622733756408,1.0,0.8394931506238958,margin
121-121726-0007_61-70968-0008_2300-131720-0038_x5,s1,coarse_to_fine,0,False,0.00028384875329619166,0.053343300083733114,1.0,0.5368887926838325,margin
121-121726-0007_61-70968-0008_2300-131720-0038_x5,s2,coarse_to_fine,0,False,0.0,0.0659475560242363,1.0,0.5044610439501768,margin
121-121726-0007_61-70968-0008_2300-131720-0038_x5,s3,coarse_to_fine,0,False,0.0,-0.16064267905934843,1.0,0.4062804815142153,margin
121-121726-0007_61-70968-0008_2300-131720-0038_x5,s4,coarse_to_fine,0,False,0.0,0.028522087104708937,1.0,0.35901208878000945,margin
121-121726-0007_61-70968-0008_2300-131720-0038_x5,s5,coarse_to_fine,0,False,0.0,-0.17242026344688527,1.0,0.43594397518253813,margin
121-121726-0007_61-70968-0008_2300-131720-0038_x5,s1,coarse_to_fine,1,False,0.00028384875329619166,0.053343300083733114,1.0,0.5368887926838325,margin
121-121726-0007_61-70968-0008_2300-131720-0038_x5,s2,coarse_to_fine,1,False,0.0,0.0659475560242363,1.0,0.5044610439501768,margin
121-121726-0007_61-70968-0008_2300-131720-0038_x5,s3,coarse_to_fine,1,False,0.0,-0.16064267905934843,1.0,0.4062804815142153,margin
121-121726-0007_61-70968-0008_2300-131720-0038_x5,s4,coarse_to_fine,1,False,0.0,0.028522087104708937,1.0,0.35901208878000945,margin
121-121726-0007_61-70968-0008_2300-131720-0038_x5,s5,coarse_to_fine,1,False,0.0,-0.17242026344688527,1.0,0.43594397518253813,margin
4970-29095-0032_6829-68771-0002_3729-6852-0009_x5,s1,gated_deflation,0,False,0.0,0.09787591398780243,1.0,0.8286761866261945,margin
4970-29095-0032_6829-68771-0002_3729-6852-0009_x5,s2,gated_deflation,0,False,0.0,-0.046571458639104724,0.9916561712846348,0.7534752958337736,margin
4970-29095-0032_6829-68771-0002_3729-6852-0009_x5,s3,gated_deflation,0,True,0.00013721408322276012,0.49845569331006506,0.9918293450881612,0.5112727062914337,accepted
4970-29095-0032_6829-68771-0002_3729-6852-0009_x5,s4,gated_deflation,0,False,0.0,0.04434879911999212,1.0,0.7903294933530354,margin
4970-29095-0032_6829-68771-0002_3729-6852-0009_x5,s5,gated_deflation,0,False,0.0,0.03874025613849136,1.0,0.9064125039018283,margin
4970-29095-0032_6829-68771-0002_3729-6852-0009_x5,s1,coarse_to_fine,0,False,0.0,-0.08362299531109568,1.0,0.4431417623133452,margin
4970-29095-0032_6829-68771-0002_3729-6852-0009_x5,s2,coarse_to_fine,0,False,0.0,-0.3157267425975173,0.9916561712846348,0.38383379545699003,margin
4970-29095-0032_6829-68771-0002_3729-6852-0009_x5,s3,coarse_to_fine,0,True,0.00013721408322276012,0.2309535998409722,0.9918293450881612,0.3744659961606606,accepted
4970-29095-0032_6829-68771-0002_3729-6852-0009_x5,s4,coarse_to_fine,0,False,0.0,-0.11910635642705525,1.0,0.3929041213956073,margin
4970-29095-0032_6829-68771-0002_3729-6852-0009_x5,s5,coarse_to_fine,0,False,0.0,0.016467483301486258,1.0,0.3978468041559888,margin
4970-29095-0032_6829-68771-0002_3729-6852-0009_x5,s1,coarse_to_fine,1,False,0.0,-0.3526755880917021,1.0,0.4431417623133452,margin
4970-29095-0032_6829-68771-0002_3729-6852-0009_x5,s2,coarse_to_fine,1,False,0.0,-0.6308200845183664,0.9916561712846348,0.38383379545699003,margin
4970-29095-0032_6829-68771-0002_3729-6852-0009_x5,s3,coarse_to_fine,1,True,0.00013721408322276012,0.5384286904206623,0.9916561712846348,0.36972863079007395,accepted
4970-29095-0032_6829-68771-0002_3729-6852-0009_x5,s4,coarse_to_fine,1,False,0.0,-0.3923327695985317,1.0,0.3929041213956073,margin
4970-29095-0032_6829-68771-0002_3729-6852-0009_x5,s5,coarse_to_fine,1,False,0.0,-0.15363232232121243,1.0,0.3978468041559888,margin
1995-1837-0016_7021-79730-0001_7127-75946-0011_x5,s1,gated_deflation,0,False,0.0,0.08145807519662951,1.0,0.6480285970072424,margin
1995-1837-0016_7021-79730-0001_7127-75946-0011_x5,s2,gated_deflation,0,True,0.00012977505236380144,0.4676086326589441,0.9994044160371877,0.5944034558200932,accepted
1995-1837-0016_7021-79730-0001_7127-75946-0011_x5,s3,gated_deflation,0,False,0.0,-0.006285094873825364,1.0,0.8858093653105753,margin
1995-1837-0016_7021-79730-0001_7127-75946-0011_x5,s4,gated_deflation,0,False,0.0,0.003177951247424038,1.0,0.79390320739172,margin
1995-1837-0016_7021-79730-0001_7127-75946-0011_x5,s5,gated_deflation,0,True,0.0,0.16062164020267827,0.9785589773387565,0.5550851136506327,accepted
1995-1837-0016_7021-79730-0001_7127-75946-0011_x5,s1,coarse_to_fine,0,False,0.0,0.07478431783532163,1.0,0.24963154081981603,margin
1995-1837-0016_7021-79730-0001_7127-75946-0011_x5,s2,coarse_to_fine,0,True,0.00012977505236380144,0.40914137014140645,1.0,0.46065625989782344,accepted
1995-1837-0016_7021-79730-0001_7127-75946-0011_x5,s3,coarse_to_fine,0,False,0.0,0.07900430767086722,1.0,0.5005212035391555,margin
1995-1837-0016_7021-79730-0001_7127-75946-0011_x5,s4,coarse_to_fine,0,False,0.0,-0.06058450708078647,1.0,0.28923927705377117,margin
1995-1837-0016_7021-79730-0001_7127-75946-0011_x5,s5,coarse_to_fine,0,True,0.0,0.1898827277224372,0.9807379430563625,0.27148871795718166,accepted
1995-1837-0016_7021-79730-0001_7127-75946-0011_x5,s1,coarse_to_fine,1,False,0.0,-0.13700381226469466,1.0,0.24963154081981603,margin
1995-1837-0016_7021-79730-0001_7127-75946-0011_x5,s2,coarse_to_fine,1,True,0.00012977505236380144,0.5757519785563504,1.0,0.4926249179135382,accepted
1995-1837-0016_7021-79730-0001_7127-75946-0011_x5,s3,coarse_to_fine,1,False,0.0,0.045688085425595854,1.0,0.5005212035391555,margin
1995-1837-0016_7021-79730-0001_7127-75946-0011_x5,s4,coarse_to_fine,1,False,0.0,-0.24173039638491714,1.0,0.28923927705377117,margin
1995-1837-0016_7021-79730-0001_7127-75946-0011_x5,s5,coarse_to_fine,1,True,0.0,0.41058792610105516,0.9807524694944799,0.25788129508665414,accepted
1580-141083-0000_7127-75947-0019_8224-274384-0000_x5,s1,gated_deflation,0,False,0.0,0.052628785082132146,1.0,0.6736480698037735,margin
1580-141083-0000_7127-75947-0019_8224-274384-0000_x5,s2,gated_deflation,0,True,0.0,0.23760353538405887,1.0,0.880252753163935,accepted
1580-141083-0000_7127-75947-0019_8224-274384-0000_x5,s3,gated_deflation,0,False,0.0,0.062422821604583845,1.0,0.6606362683447695,margin
1580-141083-0000_7127-75947-0019_8224-274384-0000_x5,s4,gated_deflation,0,True,0.0,0.15063316825749629,0.992958616429895,0.5945721360913706,accepted
1580-141083-0000_7127-75947-0019_8224-274384-0000_x5,s5,gated_deflation,0,True,0.00011844389856307879,0.1605769215778753,1.0,0.5632517311510862,accepted
1580-141083-0000_7127-75947-0019_8224-274384-0000_x5,s1,coarse_to_fine,0,False,0.0,-0.02381368673069789,1.0,0.4646627903456383,margin
1580-141083-0000_7127-75947-0019_8224-274384-0000_x5,s2,coarse_to_fine,0,False,0.0,-0.0960142269815494,1.0,0.578062247779516,margin
1580-141083-0000_7127-75947-0019_8224-274384-0000_x5,s3,coarse_to_fine,0,False,0.0,-0.13921333932986305,1.0,0.34428678735828133,margin
1580-141083-0000_7127-75947-0019_8224-274384-0000_x5,s4,coarse_to_fine,0,False,0.0,-0.015515556892411353,1.0,0.32367937594851937,margin
1580-141083-0000_7127-75947-0019_8224-274384-0000_x5,s5,coarse_to_fine,0,False,0.00011844389856307879,0.08726272893919224,1.0,0.4280669976389826,margin
1580-141083-0000_7127-75947-0019_8224-274384-0000_x5,s1,coarse_to_fine,1,False,0.0,-0.02381368673069789,1.0,0.4646627903456383,margin
1580-141083-0000_7127-75947-0019_8224-274384-0000_x5,s2,coarse_to_fine,1,False,0.0,-0.0960142269815494,1.0,0.578062247779516,margin
1580-141083-0000_7127-75947-0019_8224-274384-0000_x5,s3,coarse_to_fine,1,False,0.0,-0.13921333932986305,1.0,0.34428678735828133,margin
1580-141083-0000_7127-75947-0019_8224-274384-0000_x5,s4,coarse_to_fine,1,False,0.0,-0.015515556892411353,1.0,0.32367937594851937,margin
1580-141083-0000_7127-75947-0019_8224-274384-0000_x5,s5,coarse_to_fine,1,False,0.00011844389856307879,0.08726272893919224,1.0,0.4280669976389826,margin
3570-5696-0009_8555-284449-0006_7176-92135-0042_x5,s1,gated_deflation,0,False,0.0,0.07579995942251022,1.0,0.6393786292597787,margin
3570-5696-0009_8555-284449-0006_7176-92135-0042_x5,s2,gated_deflation,0,False,0.0,-0.1367103680985231,1.0,0.8252039070413365,margin
3570-5696-0009_8555-284449-0006_7176-92135-0042_x5,s3,gated_deflation,0,True,0.0,0.3261996861714874,1.0,0.7355304292114248,accepted
3570-5696-0009_8555-284449-0006_7176-92135-0042_x5,s4,gated_deflation,0,True,0.0001808167406711456,0.41396970958365076,1.0,0.6101530973284072,accepted
3570-5696-0009_8555-284449-0006_7176-92135-0042_x5,s5,gated_deflation,0,False,0.0,-0.18310112583047067,1.0,0.7203998840567786,margin
3570-5696-0009_8555-284449-0006_7176-92135-0042_x5,s1,coarse_to_fine,0,False,0.0,-0.06837334118244703,1.0,0.32281058521657024,margin
3570-5696-0009_8555-284449-0006_7176-92135-0042_x5,s2,coarse_to_fine,0,False,0.0,-0.23793468688187897,1.0,0.2742455329151373,margin
3570-5696-0009_8555-284449-0006_7176-92135-0042_x5,s3,coarse_to_fine,0,True,0.0,0.3282966808584239,1.0,0.4447489971898867,accepted
3570-5696-0009_8555-284449-0006_7176-92135-0042_x5,s4,coarse_to_fine,0,True,0.0001808167406711456,0.2618547518018139,1.0,0.4573156605141425,accepted
3570-5696-0009_8555-284449-0006_7176-92135-0042_x5,s5,coarse_to_fine,0,False,0.0,-0.251247636426853,1.0,0.46943281129110187,margin
3570-5696-0009_8555-284449-0006_7176-92135-0042_x5,s1,coarse_to_fine,1,False,0.0,-0.26895631665084546,1.0,0.32281058521657024,margin
3570-5696-0009_8555-284449-0006_7176-92135-0042_x5,s2,coarse_to_fine,1,False,0.0,-0.4122710617895667,1.0,0.2742455329151373,margin
3570-5696-0009_8555-284449-0006_7176-92135-0042_x5,s3,coarse_to_fine,1,True,0.0,0.5513258732665314,1.0,0.45109082486852403,accepted
3570-5696-0009_8555-284449-0006_7176-92135-0042_x5,s4,coarse_to_fine,1,True,0.0001808167406711456,0.5250962666799142,1.0,0.42762107631516905,accepted
3570-5696-0009_8555-284449-0006_7176-92135-0042_x5,s5,coarse_to_fine,1,False,0.0,-0.552634574762131,1.0,0.46943281129110187,margin
2300-131720-0001_5142-36586-0003_908-31957-0018_x5,s1,gated_deflation,0,True,0.0001384198861313912,0.5261995679471665,1.0,0.49029621042617655,accepted
2300-131720-0001_5142-36586-0003_908-31957-0018_x5,s2,gated_deflation,0,False,0.0,-0.032368934005217176,1.0,0.8702623408724235,margin
2300-131720-0001_5142-36586-0003_908-31957-0018_x5,s3,gated_deflation,0,True,0.0,0.2091278641072681,1.0,0.868963824112447,accepted
2300-131720-0001_5142-36586-0003_908-31957-0018_x5,s4,gated_deflation,0,False,0.0,0.06805725431473503,1.0,0.8174893491210274,margin
2300-131720-0001_5142-36586-0003_908-31957-0018_x5,s5,gated_deflation,0,False,0.0,-0.12477550222739145,1.0,0.9203898249082704,margin
2300-131720-0001_5142-36586-0003_908-31957-0018_x5,s1,coarse_to_fine,0,True,0.0001384198861313912,0.10907285740993836,1.0,0.3790078468452268,accepted
2300-131720-0001_5142-36586-0003_908-31957-0018_x5,s2,coarse_to_fine,0,False,0.0,-0.1566557868745716,1.0,0.543300718616515,margin
2300-131720-0001_5142-36586-0003_908-31957-0018_x5,s3,coarse_to_fine,0,False,0.0,-0.18042985720959323,1.0,0.4119741689105999,margin
2300-131720-0001_5142-36586-0003_908-31957-0018_x5,s4,coarse_to_fine,0,False,0.0,-0.06425433859095514,1.0,0.506896402498883,margin
2300-131720-0001_5142-36586-0003_908-31957-0018_x5,s5,coarse_to_fine,0,False,0.0,0.027360411153423275,1.0,0.5713874479941372,margin
2300-131720-0001_5142-36586-0003_908-31957-0018_x5,s1,coarse_to_fine,1,True,0.0001384198861313912,0.5945649385286408,1.0,0.4411663715893247,accepted
2300-131720-0001_5142-36586-0003_908-31957-0018_x5,s2,coarse_to_fine,1,False,0.0,-0.358623447479401,1.0,0.543300718616515,margin
2300-131720-0001_5142-36586-0003_908-31957-0018_x5,s3,coarse_to_fine,1,False,0.0,-0.18042985720959323,1.0,0.4119741689105999,margin
2300-131720-0001_5142-36586-0003_908-31957-0018_x5,s4,coarse_to_fine,1,False,0.0,-0.48842916189348706,1.0,0.506896402498883,margin
2300-131720-0001_5142-36586-0003_908-31957-0018_x5,s5,coarse_to_fine,1,False,0.0,-0.038402291424017215,1.0,0.5713874479941372,margin
5683-32879-0012_5105-28241-0017_5142-33396-0033_x5,s1,gated_deflation,0,True,0.0,0.16864672328242808,1.0,0.862420236331449,accepted
5683-32879-0012_5105-28241-0017_5142-33396-0033_x5,s2,gated_deflation,0,True,0.00013427215553854524,0.3980238302022146,0.94383761682243,0.5923349222669759,accepted
5683-32879-0012_5105-28241-0017_5142-33396-0033_x5,s3,gated_deflation,0,False,0.0,-0.07520155851435495,1.0,0.8492407972861205,margin
5683-32879-0012_5105-28241-0017_5142-33396-0033_x5,s4,gated_deflation,0,False,0.0,0.16177111464785102,1.0,0.9061156759142136,artifact_score
5683-32879-0012_5105-28241-0017_5142-33396-0033_x5,s5,gated_deflation,0,True,0.0,0.22477221646825557,0.945680473372781,0.8214983700642359,accepted
5683-32879-0012_5105-28241-0017_5142-33396-0033_x5,s1,coarse_to_fine,0,False,0.0,-0.058847344987969064,1.0,0.47631740445865817,margin
5683-32879-0012_5105-28241-0017_5142-33396-0033_x5,s2,coarse_to_fine,0,False,0.00013427215553854524,0.07820029245345245,1.0,0.53038822913754,margin
5683-32879-0012_5105-28241-0017_5142-33396-0033_x5,s3,coarse_to_fine,0,False,0.0,-0.1133498079751718,1.0,0.5808167199634102,margin
5683-32879-0012_5105-28241-0017_5142-33396-0033_x5,s4,coarse_to_fine,0,False,0.0,-0.08442502078007336,1.0,0.5865533878746918,margin
5683-32879-0012_5105-28241-0017_5142-33396-0033_x5,s5,coarse_to_fine,0,False,0.0,-0.10108825943267755,1.0,0.4659938139030047,margin
5683-32879-0012_5105-28241-0017_5142-33396-0033_x5,s1,coarse_to_fine,1,False,0.0,-0.058847344987969064,1.0,0.47631740445865817,margin
5683-32879-0012_5105-28241-0017_5142-33396-0033_x5,s2,coarse_to_fine,1,False,0.00013427215553854524,0.07820029245345245,1.0,0.53038822913754,margin
5683-32879-0012_5105-28241-0017_5142-33396-0033_x5,s3,coarse_to_fine,1,False,0.0,-0.1133498079751718,1.0,0.5808167199634102,margin
5683-32879-0012_5105-28241-0017_5142-33396-0033_x5,s4,coarse_to_fine,1,False,0.0,-0.08442502078007336,1.0,0.5865533878746918,margin
5683-32879-0012_5105-28241-0017_5142-33396-0033_x5,s5,coarse_to_fine,1,False,0.0,-0.10108825943267755,1.0,0.4659938139030047,margin
237-126133-0018_4970-29095-0007_3570-5695-0006_x5,s1,gated_deflation,0,False,0.0,-0.1292154256886512,1.0,0.8695147166836128,margin
237-126133-0018_4970-29095-0007_3570-5695-0006_x5,s2,gated_deflation,0,True,0.00022905750707570503,0.3562448811427389,0.9834140156754264,0.6041813002570111,accepted
237-126133-0018_4970-29095-0007_3570-5695-0006_x5,s3,gated_deflation,0,False,0.0,0.02099304134984714,1.0,0.7447159280742426,margin
237-126133-0018_4970-29095-0007_3570-5695-0006_x5,s4,gated_deflation,0,True,0.0,0.19631179434204304,0.9837252189949285,0.6435325659975792,accepted
237-126133-0018_4970-29095-0007_3570-5695-0006_x5,s5,gated_deflation,0,True,0.0,0.14765422666969064,1.0,0.7584118462598638,accepted
237-126133-0018_4970-29095-0007_3570-5695-0006_x5,s1,coarse_to_fine,0,False,0.0,-0.252605224888247,1.0,0.37792664148430233,margin
237-126133-0018_4970-29095-0007_3570-5695-0006_x5,s2,coarse_to_fine,0,True,0.00022905750707570503,0.36359668054851524,0.9837252189949285,0.4611294598981915,accepted
237-126133-0018_4970-29095-0007_3570-5695-0006_x5,s3,coarse_to_fine,0,False,0.0,-0.15520139334019944,1.0,0.35162051632680597,margin
237-126133-0018_4970-29095-0007_3570-5695-0006_x5,s4,coarse_to_fine,0,False,0.0,0.07830571921961821,0.9837252189949285,0.4501495689253767,margin
237-126133-0018_4970-29095-0007_3570-5695-0006_x5,s5,coarse_to_fine,0,True,0.0,0.1213982462557498,1.0,0.4050417313792116,accepted
237-126133-0018_4970-29095-0007_3570-5695-0006_x5,s1,coarse_to_fine,1,False,0.0,-0.3831221838503909,1.0,0.37792664148430233,margin
237-126133-0018_4970-29095-0007_3570-5695-0006_x5,s2,coarse_to_fine,1,True,0.00022905750707570503,0.59000429449821,0.9822498847395112,0.43706635024200047,accepted
237-126133-0018_4970-29095-0007_3570-5695-0006_x5,s3,coarse_to_fine,1,False,0.0,-0.323080473612081,1.0,0.35162051632680597,margin
237-126133-0018_4970-29095-0007_3570-5695-0006_x5,s4,coarse_to_fine,1,False,0.0,0.014049044824897439,0.9837252189949285,0.4501495689253767,margin
237-126133-0018_4970-29095-0007_3570-5695-0006_x5,s5,coarse_to_fine,1,True,0.0,0.3754613358057805,1.0,0.4314105202086335,accepted
4446-2275-0033_8230-279154-0033_4992-41797-0007_x5,s1,gated_deflation,0,True,0.0,0.27823501341029044,1.0,0.7751565978773776,accepted
4446-2275-0033_8230-279154-0033_4992-41797-0007_x5,s2,gated_deflation,0,True,0.00011187647417852876,0.4518855379294411,1.0,0.542731337925048,accepted
4446-2275-0033_8230-279154-0033_4992-41797-0007_x5,s3,gated_deflation,0,False,0.0,0.03979081799869583,1.0,0.7537319944587391,margin
4446-2275-0033_8230-279154-0033_4992-41797-0007_x5,s4,gated_deflation,0,False,0.0,0.08572352077692363,1.0,0.7912968296010069,margin
4446-2275-0033_8230-279154-0033_4992-41797-0007_x5,s5,gated_deflation,0,True,0.0,0.1342702836257031,1.0,0.8762632069489755,accepted
4446-2275-0033_8230-279154-0033_4992-41797-0007_x5,s1,coarse_to_fine,0,False,0.0,-0.08965429253379659,1.0,0.5240001609014326,margin
4446-2275-0033_8230-279154-0033_4992-41797-0007_x5,s2,coarse_to_fine,0,True,0.00011187647417852876,0.17512462806590484,1.0,0.43204849264317985,accepted
4446-2275-0033_8230-279154-0033_4992-41797-0007_x5,s3,coarse_to_fine,0,False,0.0,0.01301833746551187,1.0,0.3978002926005531,margin
4446-2275-0033_8230-279154-0033_4992-41797-0007_x5,s4,coarse_to_fine,0,False,0.0,-0.18872440770992951,1.0,0.4564163725200287,margin
4446-2275-0033_8230-279154-0033_4992-41797-0007_x5,s5,coarse_to_fine,0,False,0.0,-0.035097360296432956,1.0,0.5441542119124999,margin
4446-2275-0033_8230-279154-0033_4992-41797-0007_x5,s1,coarse_to_fine,1,False,0.0,-0.17768149209943312,1.0,0.5240001609014326,margin
4446-2275-0033_8230-279154-0033_4992-41797-0007_x5,s2,coarse_to_fine,1,True,0.00011187647417852876,0.4857524752701781,1.0,0.4722851839911533,accepted
4446-2275-0033_8230-279154-0033_4992-41797-0007_x5,s3,coarse_to_fine,1,False,0.0,0.01301833746551187,1.0,0.3978002926005531,margin
4446-2275-0033_8230-279154-0033_4992-41797-0007_x5,s4,coarse_to_fine,1,False,0.0,-0.3070500822212995,1.0,0.4564163725200287,margin
4446-2275-0033_8230-279154-0033_4992-41797-0007_x5,s5,coarse_to_fine,1,False,0.0,-0.16272509045200068,1.0,0.5441542119124999,margin
1320-122617-0016_4992-41806-0008_2830-3980-0025_x5,s1,gated_deflation,0,False,0.0,-0.08112883420525135,0.9851678591084204,0.5994800574933697,margin
1320-122617-0016_4992-41806-0008_2830-3980-0025_x5,s2,gated_deflation,0,True,0.00023255466267264784,0.14410806982446323,0.9837231700605393,0.4993887446269638,accepted
1320-122617-0016_4992-41806-0008_2830-3980-0025_x5,s3,gated_deflation,0,False,0.0,0.06381312787897486,1.0,0.6320754590663579,margin
1320-122617-0016_4992-41806-0008_2830-3980-0025_x5,s4,gated_deflation,0,True,0.0,0.34855446034246884,1.0,0.6498990030006012,accepted
1320-122617-0016_4992-41806-0008_2830-3980-0025_x5,s5,gated_deflation,0,False,0.0,0.07371257413708818,1.0,0.8534052694166069,margin
1320-122617-0016_4992-41806-0008_2830-3980-0025_x5,s1,coarse_to_fine,0,False,0.0,-0.2706223944935854,0.9935195376995046,0.36103908319247924,margin
1320-122617-0016_4992-41806-0008_2830-3980-0025_x5,s2,coarse_to_fine,0,False,0.00023255466267264784,0.0321915665475247,0.9933544303797468,0.3459834962477975,margin
1320-122617-0016_4992-41806-0008_2830-3980-0025_x5,s3,coarse_to_fine,0,False,0.0,-0.01970000048034004,1.0,0.35400538142628973,margin
1320-122617-0016_4992-41806-0008_2830-3980-0025_x5,s4,coarse_to_fine,0,True,0.0,0.20929330465505835,1.0,0.3555504441662748,accepted
1320-122617-0016_4992-41806-0008_2830-3980-0025_x5,s5,coarse_to_fine,0,False,0.0,-0.14906607673712838,1.0,0.35404161248963684,margin
1320-122617-0016_4992-41806-0008_2830-3980-0025_x5,s1,coarse_to_fine,1,False,0.0,-0.2832736459936469,0.9935195376995046,0.36103908319247924,margin
1320-122617-0016_4992-41806-0008_2830-3980-0025_x5,s2,coarse_to_fine,1,False,0.00023255466267264784,-0.008199377737158453,0.9933544303797468,0.3459834962477975,margin
1320-122617-0016_4992-41806-0008_2830-3980-0025_x5,s3,coarse_to_fine,1,False,0.0,-0.19832521580033435,1.0,0.35400538142628973,margin
1320-122617-0016_4992-41806-0008_2830-3980-0025_x5,s4,coarse_to_fine,1,True,0.0,0.4373675540551455,1.0,0.3473061786773645,accepted
1320-122617-0016_4992-41806-0008_2830-3980-0025_x5,s5,coarse_to_fine,1,False,0.0,-0.14906607673712838,1.0,0.35404161248963684,margin
61-70970-0015_8463-294825-0004_2961-961-0004_x5,s1,gated_deflation,0,False,0.0,0.06387031869030385,1.0,0.6959690681111462,margin
61-70970-0015_8463-294825-0004_2961-961-0004_x5,s2,gated_deflation,0,False,0.0,-0.09681935031619421,1.0,0.8858506672314309,margin
61-70970-0015_8463-294825-0004_2961-961-0004_x5,s3,gated_deflation,0,True,0.00019224536874800266,0.16786591921530863,0.9754383007417398,0.6047879599773691,accepted
61-70970-0015_8463-294825-0004_2961-961-0004_x5,s4,gated_deflation,0,True,0.0,0.17010376907204344,1.0,0.871378834054302,accepted
61-70970-0015_8463-294825-0004_2961-961-0004_x5,s5,gated_deflation,0,False,0.0,0.08454695811125501,1.0,0.6835598992847178,margin
61-70970-0015_8463-294825-0004_2961-961-0004_x5,s1,coarse_to_fine,0,False,0.0,-0.030696992620926622,1.0,0.46402798126119826,margin
61-70970-0015_8463-294825-0004_2961-961-0004_x5,s2,coarse_to_fine,0,False,0.0,-0.22420288291984178,1.0,0.5454647841486007,margin
61-70970-0015_8463-294825-0004_2961-961-0004_x5,s3,coarse_to_fine,0,False,0.00019224536874800266,-0.011207461692757298,1.0,0.47317704918519216,margin
61-70970-0015_8463-294825-0004_2961-961-0004_x5,s4,coarse_to_fine,0,False,0.0,0.032318754862984744,1.0,0.6138056084299424,margin
61-70970-0015_8463-294825-0004_2961-961-0004_x5,s5,coarse_to_fine,0,True,0.0,0.14428371385376343,1.0,0.39522045310307097,accepted
61-70970-0015_8463-294825-0004_2961-961-0004_x5,s1,coarse_to_fine,1,False,0.0,-0.30915048356363567,1.0,0.46402798126119826,margin
61-70970-0015_8463-294825-0004_2961-961-0004_x5,s2,coarse_to_fine,1,False,0.0,-0.22420288291984178,1.0,0.5454647841486007,margin
61-70970-0015_8463-294825-0004_2961-961-0004_x5,s3,coarse_to_fine,1,False,0.00019224536874800266,-0.15189705482878882,1.0,0.47317704918519216,margin
61-70970-0015_8463-294825-0004_2961-961-0004_x5,s4,coarse_to_fine,1,False,0.0,-0.13254504417892604,1.0,0.6138056084299424,margin
61-70970-0015_8463-294825-0004_2961-961-0004_x5,s5,coarse_to_fine,1,True,0.0,0.38012967194165415,1.0,0.43278805072800397,accepted
4970-29095-0028_6829-68769-0014_4077-13751-0004_x5,s1,gated_deflation,0,False,0.0,0.03911130776837207,0.996058888076079,0.6434444517244983,margin
4970-29095-0028_6829-68769-0014_4077-13751-0004_x5,s2,gated_deflation,0,False,0.0,-0.0002185730612233039,1.0,0.9045768861679315,margin
4970-29095-0028_6829-68769-0014_4077-13751-0004_x5,s3,gated_deflation,0,True,0.00014562697485077036,0.3826292854934932,1.0,0.584273948540945,accepted
4970-29095-0028_6829-68769-0014_4077-13751-0004_x5,s4,gated_deflation,0,True,0.0,0.14812261509144248,1.0,0.7652048627242343,accepted
4970-29095-0028_6829-68769-0014_4077-13751-0004_x5,s5,gated_deflation,0,False,0.0,-0.02066720980978798,1.0,0.7676320661244559,margin
4970-29095-0028_6829-68769-0014_4077-13751-0004_x5,s1,coarse_to_fine,0,True,0.0,0.13752577944988303,0.996058888076079,0.5110092208773149,accepted
4970-29095-0028_6829-68769-0014_4077-13751-0004_x5,s2,coarse_to_fine,0,False,0.0,0.01847238417214822,1.0,0.4728978649641288,margin
4970-29095-0028_6829-68769-0014_4077-13751-0004_x5,s3,coarse_to_fine,0,True,0.00014562697485077036,0.3583372564834201,1.0,0.5033098423955673,accepted
4970-29095-0028_6829-68769-0014_4077-13751-0004_x5,s4,coarse_to_fine,0,False,0.0,-0.12443212847284191,1.0,0.37876454214802513,margin
4970-29095-0028_6829-68769-0014_4077-13751-0004_x5,s5,coarse_to_fine,0,False,0.0,-0.07486584587756903,1.0,0.3594501939589454,margin
4970-29095-0028_6829-68769-0014_4077-13751-0004_x5,s1,coarse_to_fine,1,True,0.0,0.3730251401122527,1.0,0.5350325386331692,accepted
4970-29095-0028_6829-68769-0014_4077-13751-0004_x5,s2,coarse_to_fine,1,False,0.0,-0.16130783343008429,1.0,0.4728978649641288,margin
4970-29095-0028_6829-68769-0014_4077-13751-0004_x5,s3,coarse_to_fine,1,True,0.00014562697485077036,0.5116858980812334,1.0,0.5186478679736057,accepted
4970-29095-0028_6829-68769-0014_4077-13751-0004_x5,s4,coarse_to_fine,1,False,0.0,-0.24914085446321255,1.0,0.37876454214802513,margin
4970-29095-0028_6829-68769-0014_4077-13751-0004_x5,s5,coarse_to_fine,1,False,0.0,-0.2702836234878103,1.0,0.3594501939589454,margin
5639-40744-0024_121-127105-0036_8230-279154-0042_x5,s1,gated_deflation,0,False,0.0,0.09742606326380518,1.0,0.7777577612901192,margin
5639-40744-0024_121-127105-0036_8230-279154-0042_x5,s2,gated_deflation,0,False,0.0,0.10065980438792446,1.0,0.9045510294057295,artifact_score
5639-40744-0024_121-127105-0036_8230-279154-0042_x5,s3,gated_deflation,0,True,0.00011939531023540295,0.6116490765599278,0.9996654772524531,0.5339121019670646,accepted
5639-40744-0024_121-127105-0036_8230-279154-0042_x5,s4,gated_deflation,0,False,0.0,0.022996365122506246,1.0,0.917160746651883,margin
5639-40744-0024_121-127105-0036_8230-279154-0042_x5,s5,gated_deflation,0,True,0.0,0.2570712759808692,0.9589763603925067,0.6814233163534518,accepted
5639-40744-0024_121-127105-0036_8230-279154-0042_x5,s1,coarse_to_fine,0,False,0.0,-0.21358179900794416,1.0,0.425626008180948,margin
5639-40744-0024_121-127105-0036_8230-279154-0042_x5,s2,coarse_to_fine,0,False,0.0,-0.13672296560677527,1.0,0.4348974037451045,margin
5639-40744-0024_121-127105-0036_8230-279154-0042_x5,s3,coarse_to_fine,0,True,0.00011939531023540295,0.3869516834755292,0.9827163247100803,0.42537200911879336,accepted
5639-40744-0024_121-127105-0036_8230-279154-0042_x5,s4,coarse_to_fine,0,False,0.0,-0.08863452006182489,1.0,0.39694672988298735,margin
5639-40744-0024_121-127105-0036_8230-279154-0042_x5,s5,coarse_to_fine,0,True,0.0,0.385885765491024,0.9637265834076717,0.4107276344392511,accepted
5639-40744-0024_121-127105-0036_8230-279154-0042_x5,s1,coarse_to_fine,1,False,0.0,-0.38100702111690854,1.0,0.425626008180948,margin
5639-40744-0024_121-127105-0036_8230-279154-0042_x5,s2,coarse_to_fine,1,False,0.0,-0.2558322441530996,1.0,0.4348974037451045,margin
5639-40744-0024_121-127105-0036_8230-279154-0042_x5,s3,coarse_to_fine,1,True,0.00011939531023540295,0.5403620060405909,0.9778880463871543,0.4408137324519637,accepted
5639-40744-0024_121-127105-0036_8230-279154-0042_x5,s4,coarse_to_fine,1,False,0.0,-0.18810425866455105,1.0,0.39694672988298735,margin
5639-40744-0024_121-127105-0036_8230-279154-0042_x5,s5,coarse_to_fine,1,True,0.0,0.4832640918303509,0.9638938447814451,0.42660564632802045,accepted
5105-28240-0014_6930-75918-0000_1284-1180-0024_x5,s1,gated_deflation,0,True,0.0,0.18536479779766085,1.0,0.8915297107225286,accepted
5105-28240-0014_6930-75918-0000_1284-1180-0024_x5,s2,gated_deflation,0,False,0.0,0.026251447168739034,1.0,0.8839905968820552,margin
5105-28240-0014_6930-75918-0000_1284-1180-0024_x5,s3,gated_deflation,0,False,0.0,-0.24173631048765296,1.0,0.7542170686293351,margin
5105-28240-0014_6930-75918-0000_1284-1180-0024_x5,s4,gated_deflation,0,False,0.0,-0.08633432973376493,1.0,0.7755369524433806,margin
5105-28240-0014_6930-75918-0000_1284-1180-0024_x5,s5,gated_deflation,0,True,0.00010207608176213216,0.33101342289894364,1.0,0.6691796291008453,accepted
5105-28240-0014_6930-75918-0000_1284-1180-0024_x5,s1,coarse_to_fine,0,False,0.0,-0.07235836312757538,1.0,0.6109725121322841,margin
5105-28240-0014_6930-75918-0000_1284-1180-0024_x5,s2,coarse_to_fine,0,False,0.0,-0.12562688119806018,1.0,0.6158064255242949,margin
5105-28240-0014_6930-75918-0000_1284-1180-0024_x5,s3,coarse_to_fine,0,False,0.0,-0.4175078183699025,1.0,0.4370332493451336,margin
5105-28240-0014_6930-75918-0000_1284-1180-0024_x5,s4,coarse_to_fine,0,False,0.0,-0.14350979629253524,1.0,0.3683787908485233,margin
5105-28240-0014_6930-75918-0000_1284-1180-0024_x5,s5,coarse_to_fine,0,True,0.00010207608176213216,0.29677750443037926,1.0,0.5347741570389271,accepted
5105-28240-0014_6930-75918-0000_1284-1180-0024_x5,s1,coarse_to_fine,1,False,0.0,-0.18940434667988854,1.0,0.6109725121322841,margin
5105-28240-0014_6930-75918-0000_1284-1180-0024_x5,s2,coarse_to_fine,1,False,0.0,-0.2518892708617404,1.0,0.6158064255242949,margin
5105-28240-0014_6930-75918-0000_1284-1180-0024_x5,s3,coarse_to_fine,1,False,0.0,-0.5599626117334237,1.0,0.4370332493451336,margin
5105-28240-0014_6930-75918-0000_1284-1180-0024_x5,s4,coarse_to_fine,1,False,0.0,-0.199411407433438,1.0,0.3683787908485233,margin
5105-28240-0014_6930-75918-0000_1284-1180-0024_x5,s5,coarse_to_fine,1,True,0.00010207608176213216,0.5029226557128661,1.0,0.5293672262248381,accepted
7176-88083-0019_6829-68771-0025_8463-294828-0007_x5,s1,gated_deflation,0,True,0.0,0.2899724995551143,1.0,0.8306002805562219,accepted
7176-88083-0019_6829-68771-0025_8463-294828-0007_x5,s2,gated_deflation,0,False,0.0,-0.13390199557668364,1.0,0.8023828670693689,margin
7176-88083-0019_6829-68771-0025_8463-294828-0007_x5,s3,gated_deflation,0,True,0.00017603929327545138,0.3751752017462614,1.0,0.6404592328577294,accepted
7176-88083-0019_6829-68771-0025_8463-294828-0007_x5,s4,gated_deflation,0,False,0.0,-0.10967137065148069,1.0,0.8668211432176052,margin
7176-88083-0019_6829-68771-0025_8463-294828-0007_x5,s5,gated_deflation,0,False,0.0,0.10700977730250177,1.0,0.9207510558366004,artifact_score
7176-88083-0019_6829-68771-0025_8463-294828-0007_x5,s1,coarse_to_fine,0,True,0.0,0.2528705740417485,1.0,0.5227072325059718,accepted
7176-88083-0019_6829-68771-0025_8463-294828-0007_x5,s2,coarse_to_fine,0,False,0.0,-0.18207364772293683,1.0,0.5346745141064969,margin
7176-88083-0019_6829-68771-0025_8463-294828-0007_x5,s3,coarse_to_fine,0,True,0.00017603929327545138,0.14853771739201188,1.0,0.5174009341781948,accepted
7176-88083-0019_6829-68771-0025_8463-294828-0007_x5,s4,coarse_to_fine,0,False,0.0,-0.40661180006748365,1.0,0.5916530460652143,margin
7176-88083-0019_6829-68771-0025_8463-294828-0007_x5,s5,coarse_to_fine,0,False,0.0,-0.016619779501055587,1.0,0.6125445400781743,margin
7176-88083-0019_6829-68771-0025_8463-294828-0007_x5,s1,coarse_to_fine,1,True,0.0,0.6089590204118592,1.0,0.49073163772920575,accepted
7176-88083-0019_6829-68771-0025_8463-294828-0007_x5,s2,coarse_to_fine,1,False,0.0,-0.4775482789041526,1.0,0.5346745141064969,margin
7176-88083-0019_6829-68771-0025_8463-294828-0007_x5,s3,coarse_to_fine,1,True,0.00017603929327545138,0.46258860685446007,1.0,0.5150876835201966,accepted
7176-88083-0019_6829-68771-0025_8463-294828-0007_x5,s4,coarse_to_fine,1,False,0.0,-0.6325264939531265,1.0,0.5916530460652143,margin
7176-88083-0019_6829-68771-0025_8463-294828-0007_x5,s5,coarse_to_fine,1,False,0.0,-0.22080415664031422,1.0,0.6125445400781743,margin
7021-79740-0001_1320-122617-0033_6829-68771-0020_x5,s1,gated_deflation,0,True,0.0,0.12726534899032693,1.0,0.7578109692540446,accepted
7021-79740-0001_1320-122617-0033_6829-68771-0020_x5,s2,gated_deflation,0,True,0.00012746319309373176,0.2383852093782991,1.0,0.5218387565726352,accepted
7021-79740-0001_1320-122617-0033_6829-68771-0020_x5,s3,gated_deflation,0,False,0.0,-0.18781499725364895,1.0,0.8416904631976984,margin
7021-79740-0001_1320-122617-0033_6829-68771-0020_x5,s4,gated_deflation,0,True,0.0,0.1783436777406553,1.0,0.887850293163385,accepted
7021-79740-0001_1320-122617-0033_6829-68771-0020_x5,s5,gated_deflation,0,False,0.0,-0.023151928898709317,1.0,0.7814483143613418,margin
7021-79740-0001_1320-122617-0033_6829-68771-0020_x5,s1,coarse_to_fine,0,False,0.0,-0.523129264649053,1.0,0.3753675285417742,margin
7021-79740-0001_1320-122617-0033_6829-68771-0020_x5,s2,coarse_to_fine,0,True,0.00012746319309373176,0.4089110059534634,1.0,0.35046120652686735,accepted
7021-79740-0001_1320-122617-0033_6829-68771-0020_x5,s3,coarse_to_fine,0,False,0.0,-0.09453354036445814,1.0,0.4813533859959608,margin
7021-79740-0001_1320-122617-0033_6829-68771-0020_x5,s4,coarse_to_fine,0,False,0.0,0.03290675791900277,1.0,0.4845720914681804,margin
7021-79740-0001_1320-122617-0033_6829-68771-0020_x5,s5,coarse_to_fine,0,False,0.0,0.021287018267810154,1.0,0.466302244877491,margin
7021-79740-0001_1320-122617-0033_6829-68771-0020_x5,s1,coarse_to_fine,1,False,0.0,-0.7294694867888861,1.0,0.3753675285417742,margin
7021-79740-0001_1320-122617-0033_6829-68771-0020_x5,s2,coarse_to_fine,1,True,0.00012746319309373176,0.6367179253876067,1.0,0.3297569956319553,accepted
7021-79740-0001_1320-122617-0033_6829-68771-0020_x5,s3,coarse_to_fine,1,False,0.0,-0.09453354036445814,1.0,0.4813533859959608,margin
7021-79740-0001_1320-122617-0033_6829-68771-0020_x5,s4,coarse_to_fine,1,False,0.0,0.013976400199642303,1.0,0.4845720914681804,margin
7021-79740-0001_1320-122617-0033_6829-68771-0020_x5,s5,coarse_to_fine,1,False,0.0,0.021287018267810154,1.0,0.466302244877491,margin
2830-3980-0055_6829-68771-0036_1580-141084-0048_x5,s1,gated_deflation,0,False,0.0,0.08612578741333438,1.0,0.725525185657485,margin
2830-3980-0055_6829-68771-0036_1580-141084-0048_x5,s2,gated_deflation,0,False,0.0,-0.09287218516463203,1.0,0.7897547450642186,margin
2830-3980-0055_6829-68771-0036_1580-141084-0048_x5,s3,gated_deflation,0,True,0.0001488063490128027,0.5018887543791875,1.0,0.6825346867356108,accepted
2830-3980-0055_6829-68771-0036_1580-141084-0048_x5,s4,gated_deflation,0,True,0.0,0.14754190619798963,1.0,0.7571768868047832,accepted
2830-3980-0055_6829-68771-0036_1580-141084-0048_x5,s5,gated_deflation,0,False,0.0,-0.206812015272406,1.0,0.8224411889811427,margin
2830-3980-0055_6829-68771-0036_1580-141084-0048_x5,s1,coarse_to_fine,0,False,0.0,-0.08487596215672388,1.0,0.5287336073096865,margin
2830-3980-0055_6829-68771-0036_1580-141084-0048_x5,s2,coarse_to_fine,0,False,0.0,-0.20222317453757863,1.0,0.47853731811086386,margin
2830-3980-0055_6829-68771-0036_1580-141084-0048_x5,s3,coarse_to_fine,0,True,0.0001488063490128027,0.425743563963689,1.0,0.5164252230595666,accepted
2830-3980-0055_6829-68771-0036_1580-141084-0048_x5,s4,coarse_to_fine,0,False,0.0,-0.040396027536716256,1.0,0.47546063506445435,margin
2830-3980-0055_6829-68771-0036_1580-141084-0048_x5,s5,coarse_to_fine,0,False,0.0,-0.4566450086406919,1.0,0.35728387805235456,margin
2830-3980-0055_6829-68771-0036_1580-141084-0048_x5,s1,coarse_to_fine,1,False,0.0,-0.21964046800011605,1.0,0.5287336073096865,margin
2830-3980-0055_6829-68771-0036_1580-141084-0048_x5,s2,coarse_to_fine,1,False,0.0,-0.3033057440356596,1.0,0.47853731811086386,margin
2830-3980-0055_6829-68771-0036_1580-141084-0048_x5,s3,coarse_to_fine,1,True,0.0001488063490128027,0.6515538513332042,1.0,0.5093324487447137,accepted
2830-3980-0055_6829-68771-0036_1580-141084-0048_x5,s4,coarse_to_fine,1,False,0.0,-0.040396027536716256,1.0,0.47546063506445435,margin
2830-3980-0055_6829-68771-0036_1580-141084-0048_x5,s5,coarse_to_fine,1,False,0.0,-0.5266544943413157,1.0,0.35728387805235456,margin
260-123440-0014_2830-3980-0051_7176-88083-0023_x5,s1,gated_deflation,0,True,0.0,0.10257780774324615,1.0,0.8260224521306541,accepted
260-123440-0014_2830-3980-0051_7176-88083-0023_x5,s2,gated_deflation,0,True,0.0,0.11729034317091741,1.0,0.7337201612443857,accepted
260-123440-0014_2830-3980-0051_7176-88083-0023_x5,s3,gated_deflation,0,True,0.00011143325504087999,0.4276497291246738,0.9990119485294118,0.5410897891989511,accepted
260-123440-0014_2830-3980-0051_7176-88083-0023_x5,s4,gated_deflation,0,True,0.0,0.10016686789369164,1.0,0.7189609979789383,accepted
260-123440-0014_2830-3980-0051_7176-88083-0023_x5,s5,gated_deflation,0,False,0.0,0.09452545764928133,1.0,0.7987350045041357,margin
260-123440-0014_2830-3980-0051_7176-88083-0023_x5,s1,coarse_to_fine,0,False,0.0,-0.07487392233259053,1.0,0.3739833981653071,margin
260-123440-0014_2830-3980-0051_7176-88083-0023_x5,s2,coarse_to_fine,0,False,0.0,-0.2778961884166571,1.0,0.5293912956171166,margin
260-123440-0014_2830-3980-0051_7176-88083-0023_x5,s3,coarse_to_fine,0,True,0.00011143325504087999,0.2767511791050337,1.0,0.411351220232962,accepted
260-123440-0014_2830-3980-0051_7176-88083-0023_x5,s4,coarse_to_fine,0,False,0.0,-0.2882096052838192,1.0,0.4329191521601795,margin
260-123440-0014_2830-3980-0051_7176-88083-0023_x5,s5,coarse_to_fine,0,False,0.0,0.018388354531186063,1.0,0.5472274134755092,margin
260-123440-0014_2830-3980-0051_7176-88083-0023_x5,s1,coarse_to_fine,1,False,0.0,-0.20273450570783275,1.0,0.3739833981653071,margin
260-123440-0014_2830-3980-0051_7176-88083-0023_x5,s2,coarse_to_fine,1,False,0.0,-0.4566364943286433,1.0,0.5293912956171166,margin
260-123440-0014_2830-3980-0051_7176-88083-0023_x5,s3,coarse_to_fine,1,True,0.00011143325504087999,0.6040024261783812,1.0,0.4739516850361492,accepted
260-123440-0014_2830-3980-0051_7176-88083-0023_x5,s4,coarse_to_fine,1,False,0.0,-0.58860728580439,1.0,0.4329191521601795,margin
260-123440-0014_2830-3980-0051_7176-88083-0023_x5,s5,coarse_to_fine,1,False,0.0,-0.1287593911267525,1.0,0.5472274134755092,margin
1284-1180-0010_5683-32865-0009_6930-81414-0012_x5,s1,gated_deflation,0,False,0.0,0.0893124615514807,1.0,0.6015181343492987,margin
1284-1180-0010_5683-32865-0009_6930-81414-0012_x5,s2,gated_deflation,0,True,0.00020072053559441486,0.4160691189231134,1.0,0.5750685408923825,accepted
1284-1180-0010_5683-32865-0009_6930-81414-0012_x5,s3,gated_deflation,0,True,0.0,0.22966285384936325,1.0,0.8581146586359388,accepted
1284-1180-0010_5683-32865-0009_6930-81414-0012_x5,s4,gated_deflation,0,False,0.0,-0.13176579212272896,1.0,0.8708441487866203,margin
1284-1180-0010_5683-32865-0009_6930-81414-0012_x5,s5,gated_deflation,0,False,0.0,-0.09725332363881692,1.0,0.8172073317617335,margin
1284-1180-0010_5683-32865-0009_6930-81414-0012_x5,s1,coarse_to_fine,0,False,0.0,0.0700801457972263,1.0,0.3730628051188576,margin
1284-1180-0010_5683-32865-0009_6930-81414-0012_x5,s2,coarse_to_fine,0,True,0.00020072053559441486,0.3841827855482135,1.0,0.4236434391542845,accepted
1284-1180-0010_5683-32865-0009_6930-81414-0012_x5,s3,coarse_to_fine,0,False,0.0,-0.132527366263894,1.0,0.5761229795610048,margin
1284-1180-0010_5683-32865-0009_6930-81414-0012_x5,s4,coarse_to_fine,0,False,0.0,-0.18140025681555255,1.0,0.34074474995414633,margin
1284-1180-0010_5683-32865-0009_6930-81414-0012_x5,s5,coarse_to_fine,0,False,0.0,0.030237698687227144,1.0,0.4155905858829306,margin
1284-1180-0010_5683-32865-0009_6930-81414-0012_x5,s1,coarse_to_fine,1,False,0.0,-0.03528915681698447,1.0,0.3730628051188576,margin
1284-1180-0010_5683-32865-0009_6930-81414-0012_x5,s2,coarse_to_fine,1,True,0.00020072053559441486,0.6933081441479108,1.0,0.3842579330648633,accepted
1284-1180-0010_5683-32865-0009_6930-81414-0012_x5,s3,coarse_to_fine,1,False,0.0,-0.132527366263894,1.0,0.5761229795610048,margin
1284-1180-0010_5683-32865-0009_6930-81414-0012_x5,s4,coarse_to_fine,1,False,0.0,-0.29649778446421055,1.0,0.34074474995414633,margin
1284-1180-0010_5683-32865-0009_6930-81414-0012_x5,s5,coarse_to_fine,1,False,0.0,0.030237698687227144,1.0,0.4155905858829306,margin
6829-68771-0030_1089-134691-0008_1995-1836-0003_x5,s1,gated_deflation,0,True,0.0,0.1991502191622743,1.0,0.810054250650632,accepted
6829-68771-0030_1089-134691-0008_1995-1836-0003_x5,s2,gated_deflation,0,True,9.650644535842007e-05,0.5407783274251838,0.9777997128499641,0.5679277894562379,accepted
6829-68771-0030_1089-134691-0008_1995-1836-0003_x5,s3,gated_deflation,0,True,0.0,0.14428629483163402,0.9782483847810481,0.7219908848014837,accepted
6829-68771-0030_1089-134691-0008_1995-1836-0003_x5,s4,gated_deflation,0,False,0.0,0.07441196535819092,1.0,0.8512274149080885,margin
6829-68771-0030_1089-134691-0008_1995-1836-0003_x5,s5,gated_deflation,0,True,0.0,0.1798237602284063,1.0,0.7583998514376417,accepted
6829-68771-0030_1089-134691-0008_1995-1836-0003_x5,s1,coarse_to_fine,0,False,0.0,-0.09852577700748169,1.0,0.4491241598827929,margin
6829-68771-0030_1089-134691-0008_1995-1836-0003_x5,s2,coarse_to_fine,0,True,9.650644535842007e-05,0.2140370154611947,1.0,0.5132868012978102,accepted
6829-68771-0030_1089-134691-0008_1995-1836-0003_x5,s3,coarse_to_fine,0,True,0.0,0.353465157637484,0.9908111988513999,0.3053514786676939,accepted
6829-68771-0030_1089-134691-0008_1995-1836-0003_x5,s4,coarse_to_fine,0,False,0.0,-0.12245600742797658,1.0,0.35606483319659044,margin
6829-68771-0030_1089-134691-0008_1995-1836-0003_x5,s5,coarse_to_fine,0,False,0.0,-0.12477827243380996,1.0,0.3043536246333932,margin
6829-68771-0030_1089-134691-0008_1995-1836-0003_x5,s1,coarse_to_fine,1,False,0.0,-0.2497440813435289,1.0,0.4491241598827929,margin
6829-68771-0030_1089-134691-0008_1995-1836-0003_x5,s2,coarse_to_fine,1,True,9.650644535842007e-05,0.5236285309556148,1.0,0.5383141875804495,accepted
6829-68771-0030_1089-134691-0008_1995-1836-0003_x5,s3,coarse_to_fine,1,True,0.0,0.5194546065356442,0.9907932519741565,0.27485387637652814,accepted
6829-68771-0030_1089-134691-0008_1995-1836-0003_x5,s4,coarse_to_fine,1,False,0.0,-0.39197360798976716,1.0,0.35606483319659044,margin
6829-68771-0030_1089-134691-0008_1995-1836-0003_x5,s5,coarse_to_fine,1,False,0.0,-0.3148630563047753,1.0,0.3043536246333932,margin
5105-28241-0004_2830-3980-0066_237-134500-0002_x5,s1,gated_deflation,0,True,0.0001776136586905047,0.19529242805400515,0.9622889305816135,0.5480269055715973,accepted
5105-28241-0004_2830-3980-0066_237-134500-0002_x5,s2,gated_deflation,0,True,0.0,0.10449700903120046,1.0,0.8484786770161743,accepted
5105-28241-0004_2830-3980-0066_237-134500-0002_x5,s3,gated_deflation,0,False,0.0,-0.02399585830525408,1.0,0.8920113048849602,margin
5105-28241-0004_2830-3980-0066_237-134500-0002_x5,s4,gated_deflation,0,True,0.0,0.12153342125813937,0.9927913100724161,0.7660616835751313,accepted
5105-28241-0004_2830-3980-0066_237-134500-0002_x5,s5,gated_deflation,0,False,0.0,-0.019198643766467793,0.9621325828642902,0.7714398041856614,margin
5105-28241-0004_2830-3980-0066_237-134500-0002_x5,s1,coarse_to_fine,0,False,0.0001776136586905047,-0.05759617926042476,1.0,0.5011056507063261,margin
5105-28241-0004_2830-3980-0066_237-134500-0002_x5,s2,coarse_to_fine,0,False,0.0,-0.047578440338678474,1.0,0.48206216681775416,margin
5105-28241-0004_2830-3980-0066_237-134500-0002_x5,s3,coarse_to_fine,0,False,0.0,-0.16323051835076016,1.0,0.5469258736479471,margin
5105-28241-0004_2830-3980-0066_237-134500-0002_x5,s4,coarse_to_fine,0,False,0.0,0.072513674739356,1.0,0.41616265220794213,margin
5105-28241-0004_2830-3980-0066_237-134500-0002_x5,s5,coarse_to_fine,0,True,0.0,0.13991260635188146,1.0,0.49659472517119363,accepted
5105-28241-0004_2830-3980-0066_237-134500-0002_x5,s1,coarse_to_fine,1,False,0.0001776136586905047,-0.3199217854395444,1.0,0.5011056507063261,margin
5105-28241-0004_2830-3980-0066_237-134500-0002_x5,s2,coarse_to_fine,1,False,0.0,-0.11333695390193863,1.0,0.48206216681775416,margin
5105-28241-0004_2830-3980-0066_237-134500-0002_x5,s3,coarse_to_fine,1,False,0.0,-0.3483852519539903,1.0,0.5469258736479471,margin
5105-28241-0004_2830-3980-0066_237-134500-0002_x5,s4,coarse_to_fine,1,False,0.0,-0.054935037266686915,1.0,0.41616265220794213,margin
5105-28241-0004_2830-3980-0066_237-134500-0002_x5,s5,coarse_to_fine,1,True,0.0,0.4559400142971276,1.0,0.49296914873274883,accepted
260-123288-0001_1089-134686-0026_4992-41806-0013_x5,s1,gated_deflation,0,False,0.0,0.03629641798952915,1.0,0.8378499058021509,margin
260-123288-0001_1089-134686-0026_4992-41806-0013_x5,s2,gated_deflation,0,False,0.0,0.06515990529499321,1.0,0.8891773131127846,margin
260-123288-0001_1089-134686-0026_4992-41806-0013_x5,s3,gated_deflation,0,True,0.0,0.10157728472916583,1.0,0.7663974508651941,accepted
260-123288-0001_1089-134686-0026_4992-41806-0013_x5,s4,gated_deflation,0,True,0.0,0.12966802415575013,1.0,0.8354925832626082,accepted
260-123288-0001_1089-134686-0026_4992-41806-0013_x5,s5,gated_deflation,0,True,9.177425806490006e-05,0.4431089369999797,0.9802290836653387,0.4834273962057294,accepted
260-123288-0001_1089-134686-0026_4992-41806-0013_x5,s1,coarse_to_fine,0,False,0.0,-0.2949580777402708,1.0,0.35296018415389463,margin
260-123288-0001_1089-134686-0026_4992-41806-0013_x5,s2,coarse_to_fine,0,False,0.0,-0.12075353686139317,1.0,0.5196146295625343,margin
260-123288-0001_1089-134686-0026_4992-41806-0013_x5,s3,coarse_to_fine,0,False,0.0,0.09701197591719185,1.0,0.2575863317364438,margin
260-123288-0001_1089-134686-0026_4992-41806-0013_x5,s4,coarse_to_fine,0,False,0.0,-0.20359921003451392,1.0,0.3941680409019352,margin
260-123288-0001_1089-134686-0026_4992-41806-0013_x5,s5,coarse_to_fine,0,True,9.177425806490006e-05,0.26107798381414976,1.0,0.3631120057421091,accepted
260-123288-0001_1089-134686-0026_4992-41806-0013_x5,s1,coarse_to_fine,1,False,0.0,-0.47314301804880676,1.0,0.35296018415389463,margin
260-123288-0001_1089-134686-0026_4992-41806-0013_x5,s2,coarse_to_fine,1,False,0.0,-0.2487703765286714,1.0,0.5196146295625343,margin
260-123288-0001_1089-134686-0026_4992-41806-0013_x5,s3,coarse_to_fine,1,False,0.0,-0.021065306549030494,1.0,0.2575863317364438,margin
260-123288-0001_1089-134686-0026_4992-41806-0013_x5,s4,coarse_to_fine,1,False,0.0,-0.20359921003451392,1.0,0.3941680409019352,margin
260-123288-0001_1089-134686-0026_4992-41806-0013_x5,s5,coarse_to_fine,1,True,9.177425806490006e-05,0.5036919450230828,1.0,0.3689317248713887,accepted
1580-141084-0010_3575-170457-0032_1221-135767-0017_x5,s1,gated_deflation,0,False,0.0,0.04154552059673894,1.0,0.9063307099541836,margin
1580-141084-0010_3575-170457-0032_1221-135767-0017_x5,s2,gated_deflation,0,False,0.0,-0.04058369899223707,1.0,0.9073669197906264,margin
1580-141084-0010_3575-170457-0032_1221-135767-0017_x5,s3,gated_deflation,0,True,6.98826426481438e-05,0.5597590820873608,0.9900886524822695,0.5986738075877901,accepted
1580-141084-0010_3575-170457-0032_1221-135767-0017_x5,s4,gated_deflation,0,False,0.0,-0.02712077717295025,1.0,0.7814128285577535,margin
1580-141084-0010_3575-170457-0032_1221-135767-0017_x5,s5,gated_deflation,0,True,0.0,0.24625880216533186,1.0,0.8713084172629547,accepted
1580-141084-0010_3575-170457-0032_1221-135767-0017_x5,s1,coarse_to_fine,0,False,0.0,-0.09537314922660195,1.0,0.5654186153439469,margin
1580-141084-0010_3575-170457-0032_1221-135767-0017_x5,s2,coarse_to_fine,0,False,0.0,-0.10340785823764184,1.0,0.36721990712685615,margin
1580-141084-0010_3575-170457-0032_1221-135767-0017_x5,s3,coarse_to_fine,0,True,6.98826426481438e-05,0.4765665057660827,1.0,0.5056548412561709,accepted
1580-141084-0010_3575-170457-0032_1221-135767-0017_x5,s4,coarse_to_fine,0,False,0.0,0.009095509642954969,1.0,0.44788431106893695,margin
1580-141084-0010_3575-170457-0032_1221-135767-0017_x5,s5,coarse_to_fine,0,True,0.0,0.1530820199382863,1.0,0.495510160192965,accepted
1580-141084-0010_3575-170457-0032_1221-135767-0017_x5,s1,coarse_to_fine,1,False,0.0,-0.24764512428751922,1.0,0.5654186153439469,margin
1580-141084-0010_3575-170457-0032_1221-135767-0017_x5,s2,coarse_to_fine,1,False,0.0,-0.15635866690164,1.0,0.36721990712685615,margin
1580-141084-0010_3575-170457-0032_1221-135767-0017_x5,s3,coarse_to_fine,1,True,6.98826426481438e-05,0.6428028053657016,1.0,0.5185152656096947,accepted
1580-141084-0010_3575-170457-0032_1221-135767-0017_x5,s4,coarse_to_fine,1,False,0.0,-0.16283689769554593,1.0,0.44788431106893695,margin
1580-141084-0010_3575-170457-0032_1221-135767-0017_x5,s5,coarse_to_fine,1,True,0.0,0.4398020815144358,1.0,0.4993087867258829,accepted
1580-141083-0008_61-70970-0003_4507-16021-0008_x5,s1,gated_deflation,0,True,0.0,0.17596554156445793,1.0,0.7438298030755909,accepted
1580-141083-0008_61-70970-0003_4507-16021-0008_x5,s2,gated_deflation,0,True,0.0,0.23285626151385042,1.0,0.7808503089043068,accepted
1580-141083-0008_61-70970-0003_4507-16021-0008_x5,s3,gated_deflation,0,True,0.0,0.10770109903174269,1.0,0.7692302751596111,accepted
1580-141083-0008_61-70970-0003_4507-16021-0008_x5,s4,gated_deflation,0,True,0.0,0.23285860784976467,1.0,0.7296153558873189,accepted
1580-141083-0008_61-70970-0003_4507-16021-0008_x5,s5,gated_deflation,0,False,0.0,0.026761357510876715,0.9421717171717172,0.7128646300529076,margin
1580-141083-0008_61-70970-0003_4507-16021-0008_x5,s1,coarse_to_fine,0,False,0.0,-0.014827270076834181,1.0,0.4611957896107272,margin
1580-141083-0008_61-70970-0003_4507-16021-0008_x5,s2,coarse_to_fine,0,False,0.0,0.03860068222098681,1.0,0.6005924613000821,margin
1580-141083-0008_61-70970-0003_4507-16021-0008_x5,s3,coarse_to_fine,0,False,0.0,-0.19040130870571376,1.0,0.37095970645970405,margin
1580-141083-0008_61-70970-0003_4507-16021-0008_x5,s4,coarse_to_fine,0,False,0.0,-0.08232083011434196,1.0,0.36580163780326375,margin
1580-141083-0008_61-70970-0003_4507-16021-0008_x5,s5,coarse_to_fine,0,False,0.0,-0.023472058842377352,1.0,0.40284720178644245,margin
1580-141083-0008_61-70970-0003_4507-16021-0008_x5,s1,coarse_to_fine,1,False,0.0,-0.014827270076834181,1.0,0.4611957896107272,margin
1580-141083-0008_61-70970-0003_4507-16021-0008_x5,s2,coarse_to_fine,1,False,0.0,0.03860068222098681,1.0,0.6005924613000821,margin
1580-141083-0008_61-70970-0003_4507-16021-0008_x5,s3,coarse_to_fine,1,False,0.0,-0.19040130870571376,1.0,0.37095970645970405,margin
1580-141083-0008_61-70970-0003_4507-16021-0008_x5,s4,coarse_to_fine,1,False,0.0,-0.08232083011434196,1.0,0.36580163780326375,margin
1580-141083-0008_61-70970-0003_4507-16021-0008_x5,s5,coarse_to_fine,1,False,0.0,-0.023472058842377352,1.0,0.40284720178644245,margin
2300-131720-0026_7729-102255-0021_1089-134691-0021_x5,s1,gated_deflation,0,True,0.00013573917573435714,0.2769197311904439,0.9522938561034762,0.47401730347879667,accepted
2300-131720-0026_7729-102255-0021_1089-134691-0021_x5,s2,gated_deflation,0,True,0.0,0.27144492129793046,1.0,0.763583872648114,accepted
2300-131720-0026_7729-102255-0021_1089-134691-0021_x5,s3,gated_deflation,0,False,0.0,0.031668679972909286,0.9379749393694422,0.6223870499719153,margin
2300-131720-0026_7729-102255-0021_1089-134691-0021_x5,s4,gated_deflation,0,False,0.0,0.024283552156970034,0.982857870606215,0.7139773461342899,margin
2300-131720-0026_7729-102255-0021_1089-134691-0021_x5,s5,gated_deflation,0,False,0.0,-0.019680962742560093,1.0,0.8721394124549323,margin
2300-131720-0026_7729-102255-0021_1089-134691-0021_x5,s1,coarse_to_fine,0,False,0.00013573917573435714,0.09289296390535795,1.0,0.3571374259838579,margin
2300-131720-0026_7729-102255-0021_1089-134691-0021_x5,s2,coarse_to_fine,0,False,0.0,0.004388376974611474,1.0,0.3507985956426993,margin
2300-131720-0026_7729-102255-0021_1089-134691-0021_x5,s3,coarse_to_fine,0,False,0.0,-0.057728661577434004,0.978839935327405,0.41457330038666135,margin
2300-131720-0026_7729-102255-0021_1089-134691-0021_x5,s4,coarse_to_fine,0,True,0.0,0.38825816420557946,1.0,0.4386627459131353,accepted
2300-131720-0026_7729-102255-0021_1089-134691-0021_x5,s5,coarse_to_fine,0,False,0.0,-0.20369972321414564,1.0,0.3703448698279015,margin
2300-131720-0026_7729-102255-0021_1089-134691-0021_x5,s1,coarse_to_fine,1,False,0.00013573917573435714,0.09289296390535795,1.0,0.3571374259838579,margin
2300-131720-0026_7729-102255-0021_1089-134691-0021_x5,s2,coarse_to_fine,1,False,0.0,0.004388376974611474,1.0,0.3507985956426993,margin
2300-131720-0026_7729-102255-0021_1089-134691-0021_x5,s3,coarse_to_fine,1,False,0.0,-0.057728661577434004,0.978839935327405,0.41457330038666135,margin
2300-131720-0026_7729-102255-0021_1089-134691-0021_x5,s4,coarse_to_fine,1,True,0.0,0.5858345914907068,1.0,0.474962988394747,accepted
2300-131720-0026_7729-102255-0021_1089-134691-0021_x5,s5,coarse_to_fine,1,False,0.0,-0.20369972321414564,1.0,0.3703448698279015,margin
8555-292519-0012_5142-33396-0015_1221-135766-0007_x5,s1,gated_deflation,0,True,0.0,0.22421239665179787,1.0,0.7443067674661145,accepted
8555-292519-0012_5142-33396-0015_1221-135766-0007_x5,s2,gated_deflation,0,True,0.0,0.2707002198775066,1.0,0.8532096076746434,accepted
8555-292519-0012_5142-33396-0015_1221-135766-0007_x5,s3,gated_deflation,0,False,0.0,-0.048863114495063587,1.0,0.6517908241066257,margin
8555-292519-0012_5142-33396-0015_1221-135766-0007_x5,s4,gated_deflation,0,False,0.0,-0.0836915767469456,0.9934595524956971,0.5681597782283554,margin
8555-292519-0012_5142-33396-0015_1221-135766-0007_x5,s5,gated_deflation,0,False,0.00042313400674655403,0.026619742282461556,0.9940045897877223,0.5362376806070528,margin
8555-292519-0012_5142-33396-0015_1221-135766-0007_x5,s1,coarse_to_fine,0,False,0.0,0.06765546654603374,1.0,0.2713957230576391,margin
8555-292519-0012_5142-33396-0015_1221-135766-0007_x5,s2,coarse_to_fine,0,True,0.0,0.1558124174097043,1.0,0.5370815468684664,accepted
8555-292519-0012_5142-33396-0015_1221-135766-0007_x5,s3,coarse_to_fine,0,False,0.0,-0.012927993566459628,1.0,0.4369801340625816,margin
8555-292519-0012_5142-33396-0015_1221-135766-0007_x5,s4,coarse_to_fine,0,False,0.0,-0.21995333320405244,1.0,0.3634157028753484,margin
8555-292519-0012_5142-33396-0015_1221-135766-0007_x5,s5,coarse_to_fine,0,False,0.00042313400674655403,-0.10489942828372495,1.0,0.3480997631489683,margin
8555-292519-0012_5142-33396-0015_1221-135766-0007_x5,s1,coarse_to_fine,1,False,0.0,-0.0805061909107837,1.0,0.2713957230576391,margin
8555-292519-0012_5142-33396-0015_1221-135766-0007_x5,s2,coarse_to_fine,1,True,0.0,0.4948037309645059,1.0,0.5227985100270351,accepted
8555-292519-0012_5142-33396-0015_1221-135766-0007_x5,s3,coarse_to_fine,1,False,0.0,-0.23289284160290225,1.0,0.4369801340625816,margin
8555-292519-0012_5142-33396-0015_1221-135766-0007_x5,s4,coarse_to_fine,1,False,0.0,-0.3312815537994418,1.0,0.3634157028753484,margin
8555-292519-0012_5142-33396-0015_1221-135766-0007_x5,s5,coarse_to_fine,1,False,0.00042313400674655403,-0.1911123419898592,1.0,0.3480997631489683,margin
8463-287645-0014_6930-81414-0004_121-127105-0001_x5,s1,gated_deflation,0,True,0.0,0.3038129135830024,1.0,0.8719622307268599,accepted
8463-287645-0014_6930-81414-0004_121-127105-0001_x5,s2,gated_deflation,0,True,0.00015712596801295163,0.3703425104906888,0.9726178278688524,0.6676402889067926,accepted
8463-287645-0014_6930-81414-0004_121-127105-0001_x5,s3,gated_deflation,0,False,0.0,-0.10183099977803561,1.0,0.8098450530632583,margin
8463-287645-0014_6930-81414-0004_121-127105-0001_x5,s4,gated_deflation,0,True,0.0,0.15151824911255624,1.0,0.7973887538521925,accepted
8463-287645-0014_6930-81414-0004_121-127105-0001_x5,s5,gated_deflation,0,True,0.0,0.2693126787215928,1.0,0.8505655117278447,accepted
8463-287645-0014_6930-81414-0004_121-127105-0001_x5,s1,coarse_to_fine,0,False,0.0,0.019434148345039176,1.0,0.43456277967714735,margin
8463-287645-0014_6930-81414-0004_121-127105-0001_x5,s2,coarse_to_fine,0,False,0.00015712596801295163,-0.08021309694134837,1.0,0.5907834932358249,margin
8463-287645-0014_6930-81414-0004_121-127105-0001_x5,s3,coarse_to_fine,0,False,0.0,-0.29730883486897786,1.0,0.5138554863276362,margin
8463-287645-0014_6930-81414-0004_121-127105-0001_x5,s4,coarse_to_fine,0,True,0.0,0.13647751939780906,1.0,0.568133277008542,accepted
8463-287645-0014_6930-81414-0004_121-127105-0001_x5,s5,coarse_to_fine,0,False,0.0,-0.020910342037061075,1.0,0.5187396881734708,margin
8463-287645-0014_6930-81414-0004_121-127105-0001_x5,s1,coarse_to_fine,1,False,0.0,-0.09599625755915203,1.0,0.43456277967714735,margin
8463-287645-0014_6930-81414-0004_121-127105-0001_x5,s2,coarse_to_fine,1,False,0.00015712596801295163,-0.31896556172549856,1.0,0.5907834932358249,margin
8463-287645-0014_6930-81414-0004_121-127105-0001_x5,s3,coarse_to_fine,1,False,0.0,-0.5340086383682662,1.0,0.5138554863276362,margin
8463-287645-0014_6930-81414-0004_121-127105-0001_x5,s4,coarse_to_fine,1,True,0.0,0.42660710905319255,1.0,0.5332823003747431,accepted
8463-287645-0014_6930-81414-0004_121-127105-0001_x5,s5,coarse_to_fine,1,False,0.0,-0.15010886341693444,1.0,0.5187396881734708,margin
8230-279154-0006_4446-2273-0007_1089-134691-0004_x5,s1,gated_deflation,0,True,0.00014480990873027655,0.4053891769430604,1.0,0.6102639031652999,accepted
8230-279154-0006_4446-2273-0007_1089-134691-0004_x5,s2,gated_deflation,0,False,0.0,0.09866190636481242,1.0,0.8696569317426428,margin
8230-279154-0006_4446-2273-0007_1089-134691-0004_x5,s3,gated_deflation,0,False,0.0,0.04015698858769967,1.0,0.7583595613193455,margin
8230-279154-0006_4446-2273-0007_1089-134691-0004_x5,s4,gated_deflation,0,False,0.0,-0.06210043174018953,1.0,0.6849293625999547,margin
8230-279154-0006_4446-2273-0007_1089-134691-0004_x5,s5,gated_deflation,0,True,0.0,0.26907603780941153,1.0,0.8017774557552726,accepted
8230-279154-0006_4446-2273-0007_1089-134691-0004_x5,s1,coarse_to_fine,0,True,0.00014480990873027655,0.28846979806956713,1.0,0.34191122891347403,accepted
8230-279154-0006_4446-2273-0007_1089-134691-0004_x5,s2,coarse_to_fine,0,False,0.0,0.06701790223918089,1.0,0.5374407269471302,margin
8230-279154-0006_4446-2273-0007_1089-134691-0004_x5,s3,coarse_to_fine,0,False,0.0,-0.16332798589877695,1.0,0.48432359173673306,margin
8230-279154-0006_4446-2273-0007_1089-134691-0004_x5,s4,coarse_to_fine,0,False,0.0,-0.2855526927555722,1.0,0.49025819322892156,margin
8230-279154-0006_4446-2273-0007_1089-134691-0004_x5,s5,coarse_to_fine,0,False,0.0,-0.004666126001577231,1.0,0.42856470946214054,margin
8230-279154-0006_4446-2273-0007_1089-134691-0004_x5,s1,coarse_to_fine,1,True,0.00014480990873027655,0.4989754423962196,1.0,0.34949068313955955,accepted
8230-279154-0006_4446-2273-0007_1089-134691-0004_x5,s2,coarse_to_fine,1,False,0.0,0.05056819131347157,1.0,0.5374407269471302,margin
8230-279154-0006_4446-2273-0007_1089-134691-0004_x5,s3,coarse_to_fine,1,False,0.0,-0.2738051040675702,1.0,0.48432359173673306,margin
8230-279154-0006_4446-2273-0007_1089-134691-0004_x5,s4,coarse_to_fine,1,False,0.0,-0.3580907748108895,1.0,0.49025819322892156,margin
8230-279154-0006_4446-2273-0007_1089-134691-0004_x5,s5,coarse_to_fine,1,False,0.0,-0.004666126001577231,1.0,0.42856470946214054,margin
8555-284449-0009_6930-81414-0006_908-157963-0014_x5,s1,gated_deflation,0,True,0.0,0.10420890387911919,1.0,0.8315027030057797,accepted
8555-284449-0009_6930-81414-0006_908-157963-0014_x5,s2,gated_deflation,0,True,0.0,0.3263822890606512,0.9915301724137932,0.7063345906183913,accepted
8555-284449-0009_6930-81414-0006_908-157963-0014_x5,s3,gated_deflation,0,True,0.0,0.23451674352049234,1.0,0.764785323710059,accepted
8555-284449-0009_6930-81414-0006_908-157963-0014_x5,s4,gated_deflation,0,False,0.0,0.008784795420816505,0.8866163793103449,0.6496707613609635,margin
8555-284449-0009_6930-81414-0006_908-157963-0014_x5,s5,gated_deflation,0,True,0.0,0.12168386668532902,1.0,0.8030484923613802,accepted
8555-284449-0009_6930-81414-0006_908-157963-0014_x5,s1,coarse_to_fine,0,False,0.0,-0.2335695622809506,1.0,0.5097013364356183,margin
8555-284449-0009_6930-81414-0006_908-157963-0014_x5,s2,coarse_to_fine,0,True,0.0,0.12205391000195237,1.0,0.5599750905240387,accepted
8555-284449-0009_6930-81414-0006_908-157963-0014_x5,s3,coarse_to_fine,0,False,0.0,0.0589459228092549,1.0,0.48313870439358747,margin
8555-284449-0009_6930-81414-0006_908-157963-0014_x5,s4,coarse_to_fine,0,False,0.0,0.04098640923569705,0.9679741379310345,0.45978349374611616,margin
8555-284449-0009_6930-81414-0006_908-157963-0014_x5,s5,coarse_to_fine,0,True,0.0,0.12040453753148209,1.0,0.5621622229535631,accepted
8555-284449-0009_6930-81414-0006_908-157963-0014_x5,s1,coarse_to_fine,1,False,0.0,-0.44212458367197305,1.0,0.5097013364356183,margin
8555-284449-0009_6930-81414-0006_908-157963-0014_x5,s2,coarse_to_fine,1,True,0.0,0.37662336050258965,1.0,0.5445530976892076,accepted
8555-284449-0009_6930-81414-0006_908-157963-0014_x5,s3,coarse_to_fine,1,False,0.0,-0.06670414818909032,1.0,0.48313870439358747,margin
8555-284449-0009_6930-81414-0006_908-157963-0014_x5,s4,coarse_to_fine,1,False,0.0,-0.2110985228175955,0.9679741379310345,0.45978349374611616,margin
8555-284449-0009_6930-81414-0006_908-157963-0014_x5,s5,coarse_to_fine,1,True,0.0,0.4008692084454708,1.0,0.5593978687251789,accepted
4077-13751-0003_8455-210777-0058_61-70970-0030_x5,s1,gated_deflation,0,True,0.00010684362644676937,0.35721781902000194,1.0,0.5378703669463367,accepted
4077-13751-0003_8455-210777-0058_61-70970-0030_x5,s2,gated_deflation,0,False,0.0,0.03906296548787258,1.0,0.785690888050755,margin
4077-13751-0003_8455-210777-0058_61-70970-0030_x5,s3,gated_deflation,0,False,0.0,0.12231425057740958,1.0,0.9142821660128092,artifact_score
4077-13751-0003_8455-210777-0058_61-70970-0030_x5,s4,gated_deflation,0,False,0.0,-0.14358832299850283,1.0,0.8027182380932746,margin
4077-13751-0003_8455-210777-0058_61-70970-0030_x5,s5,gated_deflation,0,False,0.0,0.03559619800477176,1.0,0.8992729853745791,margin
4077-13751-0003_8455-210777-0058_61-70970-0030_x5,s1,coarse_to_fine,0,False,0.00010684362644676937,-0.000422522808002479,1.0,0.4902979408845629,margin
4077-13751-0003_8455-210777-0058_61-70970-0030_x5,s2,coarse_to_fine,0,False,0.0,-0.08887717075447155,1.0,0.3795375462510834,margin
4077-13751-0003_8455-210777-0058_61-70970-0030_x5,s3,coarse_to_fine,0,False,0.0,0.009797951348264777,1.0,0.47249015969391595,margin
4077-13751-0003_8455-210777-0058_61-70970-0030_x5,s4,coarse_to_fine,0,False,0.0,-0.10249282777624769,1.0,0.35541017190978874,margin
4077-13751-0003_8455-210777-0058_61-70970-0030_x5,s5,coarse_to_fine,0,False,0.0,-0.18440906885867375,1.0,0.638341859313628,margin
4077-13751-0003_8455-210777-0058_61-70970-0030_x5,s1,coarse_to_fine,1,False,0.00010684362644676937,-0.000422522808002479,1.0,0.4902979408845629,margin
4077-13751-0003_8455-210777-0058_61-70970-0030_x5,s2,coarse_to_fine,1,False,0.0,-0.08887717075447155,1.0,0.3795375462510834,margin
4077-13751-0003_8455-210777-0058_61-70970-0030_x5,s3,coarse_to_fine,1,False,0.0,0.009797951348264777,1.0,0.47249015969391595,margin
4077-13751-0003_8455-210777-0058_61-70970-0030_x5,s4,coarse_to_fine,1,False,0.0,-0.10249282777624769,1.0,0.35541017190978874,margin
4077-13751-0003_8455-210777-0058_61-70970-0030_x5,s5,coarse_to_fine,1,False,0.0,-0.18440906885867375,1.0,0.638341859313628,margin
8463-294828-0001_61-70968-0013_7127-75947-0007_x5,s1,gated_deflation,0,True,0.00017000641340651104,0.18067083861929478,1.0,0.7029225291273649,accepted
8463-294828-0001_61-70968-0013_7127-75947-0007_x5,s2,gated_deflation,0,True,0.0,0.16656490226689918,1.0,0.8299132390387075,accepted
8463-294828-0001_61-70968-0013_7127-75947-0007_x5,s3,gated_deflation,0,True,0.0,0.1495041927843057,0.9863508968609865,0.8117689104148529,accepted
8463-294828-0001_61-70968-0013_7127-75947-0007_x5,s4,gated_deflation,0,False,0.0,0.08871201013243174,1.0,0.8929598585000093,margin
8463-294828-0001_61-70968-0013_7127-75947-0007_x5,s5,gated_deflation,0,False,0.0,-0.07141696668827677,1.0,0.8610032209917031,margin
8463-294828-0001_61-70968-0013_7127-75947-0007_x5,s1,coarse_to_fine,0,True,0.00017000641340651104,0.2016669224780302,1.0,0.5618445891551809,accepted
8463-294828-0001_61-70968-0013_7127-75947-0007_x5,s2,coarse_to_fine,0,True,0.0,0.15966855018375736,1.0,0.5573229078960578,accepted
8463-294828-0001_61-70968-0013_7127-75947-0007_x5,s3,coarse_to_fine,0,False,0.0,-0.29898571957025155,1.0,0.5373060499659835,margin
8463-294828-0001_61-70968-0013_7127-75947-0007_x5,s4,coarse_to_fine,0,False,0.0,0.07170287782663864,1.0,0.5833680351903399,margin
8463-294828-0001_61-70968-0013_7127-75947-0007_x5,s5,coarse_to_fine,0,False,0.0,-0.4061385521211946,1.0,0.5457312981091121,margin
8463-294828-0001_61-70968-0013_7127-75947-0007_x5,s1,coarse_to_fine,1,True,0.00017000641340651104,0.42602614901808555,1.0,0.5295103493810983,accepted
8463-294828-0001_61-70968-0013_7127-75947-0007_x5,s2,coarse_to_fine,1,True,0.0,0.5023943358375687,1.0,0.5673565688350639,accepted
8463-294828-0001_61-70968-0013_7127-75947-0007_x5,s3,coarse_to_fine,1,False,0.0,-0.5402743267534363,1.0,0.5373060499659835,margin
8463-294828-0001_61-70968-0013_7127-75947-0007_x5,s4,coarse_to_fine,1,False,0.0,-0.0650298687679407,1.0,0.5833680351903399,margin
8463-294828-0001_61-70968-0013_7127-75947-0007_x5,s5,coarse_to_fine,1,False,0.0,-0.6029448527871399,1.0,0.5457312981091121,margin
4992-41797-0020_61-70968-0026_2830-3980-0031_x5,s1,gated_deflation,0,False,0.0,-0.1117260877017843,1.0,0.6506632701789201,margin
4992-41797-0020_61-70968-0026_2830-3980-0031_x5,s2,gated_deflation,0,True,0.0,0.26110389435267106,1.0,0.8054995619958031,accepted
4992-41797-0020_61-70968-0026_2830-3980-0031_x5,s3,gated_deflation,0,False,0.0,-0.03003537354375352,1.0,0.6423258949944989,margin
4992-41797-0020_61-70968-0026_2830-3980-0031_x5,s4,gated_deflation,0,True,0.0,0.3176334465215449,0.9975951903807615,0.5607928278278235,accepted
4992-41797-0020_61-70968-0026_2830-3980-0031_x5,s5,gated_deflation,0,False,0.0,-0.03130064119720988,1.0,0.7733485514344314,margin
4992-41797-0020_61-70968-0026_2830-3980-0031_x5,s1,coarse_to_fine,0,False,0.0,-0.2813864208706685,1.0,0.4156635989036082,margin
4992-41797-0020_61-70968-0026_2830-3980-0031_x5,s2,coarse_to_fine,0,True,0.0,0.29290714713261523,1.0,0.5207004242308368,accepted
4992-41797-0020_61-70968-0026_2830-3980-0031_x5,s3,coarse_to_fine,0,False,0.0,-0.2126374621849151,1.0,0.5084381250843468,margin
4992-41797-0020_61-70968-0026_2830-3980-0031_x5,s4,coarse_to_fine,0,False,0.0,0.027476224293999874,1.0,0.3617971876530483,margin
4992-41797-0020_61-70968-0026_2830-3980-0031_x5,s5,coarse_to_fine,0,False,0.0,-0.06737161102019207,1.0,0.5532885467139409,margin
4992-41797-0020_61-70968-0026_2830-3980-0031_x5,s1,coarse_to_fine,1,False,0.0,-0.32196757152092353,1.0,0.4156635989036082,margin
4992-41797-0020_61-70968-0026_2830-3980-0031_x5,s2,coarse_to_fine,1,True,0.0,0.5144693300494756,1.0,0.5525628053782439,accepted
4992-41797-0020_61-70968-0026_2830-3980-0031_x5,s3,coarse_to_fine,1,False,0.0,-0.2684907114437207,1.0,0.5084381250843468,margin
4992-41797-0020_61-70968-0026_2830-3980-0031_x5,s4,coarse_to_fine,1,False,0.0,-0.05459367120062564,1.0,0.3617971876530483,margin
4992-41797-0020_61-70968-0026_2830-3980-0031_x5,s5,coarse_to_fine,1,False,0.0,-0.06737161102019207,1.0,0.5532885467139409,margin
908-157963-0011_1580-141084-0040_6930-81414-0007_x5,s1,gated_deflation,0,True,0.0001618666669313492,0.45220102478237684,1.0,0.6074857407574864,accepted
908-157963-0011_1580-141084-0040_6930-81414-0007_x5,s2,gated_deflation,0,True,0.0,0.11298374028213254,1.0,0.812940081796188,accepted
908-157963-0011_1580-141084-0040_6930-81414-0007_x5,s3,gated_deflation,0,False,0.0,0.02848806636548923,1.0,0.8683485619931818,margin
908-157963-0011_1580-141084-0040_6930-81414-0007_x5,s4,gated_deflation,0,False,0.0,0.07797813663788472,1.0,0.8945031306495155,margin
908-157963-0011_1580-141084-0040_6930-81414-0007_x5,s5,gated_deflation,0,True,0.0,0.17548575898622737,1.0,0.8189886577929857,accepted
908-157963-0011_1580-141084-0040_6930-81414-0007_x5,s1,coarse_to_fine,0,True,0.0001618666669313492,0.4544261419645299,1.0,0.4793640237336376,accepted
908-157963-0011_1580-141084-0040_6930-81414-0007_x5,s2,coarse_to_fine,0,False,0.0,0.08229493033541874,1.0,0.556592035988473,margin
908-157963-0011_1580-141084-0040_6930-81414-0007_x5,s3,coarse_to_fine,0,False,0.0,-0.112663739455408,1.0,0.6196269955501101,margin
908-157963-0011_1580-141084-0040_6930-81414-0007_x5,s4,coarse_to_fine,0,False,0.0,-0.0024713723822836348,1.0,0.6143107409290743,margin
908-157963-0011_1580-141084-0040_6930-81414-0007_x5,s5,coarse_to_fine,0,False,0.0,-0.2770199340559294,1.0,0.5097561265891947,margin
908-157963-0011_1580-141084-0040_6930-81414-0007_x5,s1,coarse_to_fine,1,True,0.0001618666669313492,0.6815837010240128,1.0,0.48221857288943176,accepted
908-157963-0011_1580-141084-0040_6930-81414-0007_x5,s2,coarse_to_fine,1,False,0.0,0.040886654740703354,1.0,0.556592035988473,margin
908-157963-0011_1580-141084-0040_6930-81414-0007_x5,s3,coarse_to_fine,1,False,0.0,-0.21522023611576355,1.0,0.6196269955501101,margin
908-157963-0011_1580-141084-0040_6930-81414-0007_x5,s4,coarse_to_fine,1,False,0.0,-0.06319887893876491,1.0,0.6143107409290743,margin
908-157963-0011_1580-141084-0040_6930-81414-0007_x5,s5,coarse_to_fine,1,False,0.0,-0.2770199340559294,1.0,0.5097561265891947,margin
1995-1826-0007_4970-29093-0009_6829-68771-0004_x5,s1,gated_deflation,0,False,0.0,-0.05463308134053296,1.0,0.6690632111988497,margin
1995-1826-0007_4970-29093-0009_6829-68771-0004_x5,s2,gated_deflation,0,False,0.00028654793177049096,0.044386333257820876,0.9988190286094478,0.6600733771848445,margin
1995-1826-0007_4970-29093-0009_6829-68771-0004_x5,s3,gated_deflation,0,False,0.0,0.02601401089689026,1.0,0.6379843831859263,margin
1995-1826-0007_4970-29093-0009_6829-68771-0004_x5,s4,gated_deflation,0,True,0.0,0.12908878722400574,0.9989520958083832,0.6111011939728285,accepted
1995-1826-0007_4970-29093-0009_6829-68771-0004_x5,s5,gated_deflation,0,True,0.0,0.2948586339685058,1.0,0.8147991426281831,accepted
1995-1826-0007_4970-29093-0009_6829-68771-0004_x5,s1,coarse_to_fine,0,False,0.0,-0.46339038041892355,1.0,0.38422709230974444,margin
1995-1826-0007_4970-29093-0009_6829-68771-0004_x5,s2,coarse_to_fine,0,False,0.00028654793177049096,0.07121917135480099,0.9906353958749168,0.5090119550883563,margin
1995-1826-0007_4970-29093-0009_6829-68771-0004_x5,s3,coarse_to_fine,0,False,0.0,-0.15028273793277616,1.0,0.44242265517103974,margin
1995-1826-0007_4970-29093-0009_6829-68771-0004_x5,s4,coarse_to_fine,0,False,0.0,-0.3177710804747061,1.0,0.41929280091132,margin
1995-1826-0007_4970-29093-0009_6829-68771-0004_x5,s5,coarse_to_fine,0,True,0.0,0.37272129071569365,1.0,0.5019853461893055,accepted
1995-1826-0007_4970-29093-0009_6829-68771-0004_x5,s1,coarse_to_fine,1,False,0.0,-0.46339038041892355,1.0,0.38422709230974444,margin
1995-1826-0007_4970-29093-0009_6829-68771-0004_x5,s2,coarse_to_fine,1,False,0.00028654793177049096,0.012081711521060468,0.9906353958749168,0.5090119550883563,margin
1995-1826-0007_4970-29093-0009_6829-68771-0004_x5,s3,coarse_to_fine,1,False,0.0,-0.15028273793277616,1.0,0.44242265517103974,margin
1995-1826-0007_4970-29093-0009_6829-68771-0004_x5,s4,coarse_to_fine,1,False,0.0,-0.4901048152419519,1.0,0.41929280091132,margin
1995-1826-0007_4970-29093-0009_6829-68771-0004_x5,s5,coarse_to_fine,1,True,0.0,0.5377384263351944,1.0,0.5297304338057288,accepted
4077-13751-0001_1284-1181-0002_5142-33396-0037_x5,s1,gated_deflation,0,True,0.0,0.4135125035336405,1.0,0.7128296135941213,accepted
4077-13751-0001_1284-1181-0002_5142-33396-0037_x5,s2,gated_deflation,0,False,0.0,0.07641124932986032,1.0,0.855781652334094,margin
4077-13751-0001_1284-1181-0002_5142-33396-0037_x5,s3,gated_deflation,0,True,0.0,0.1962795487005936,1.0,0.8844039151383255,accepted
4077-13751-0001_1284-1181-0002_5142-33396-0037_x5,s4,gated_deflation,0,False,0.0,-0.03875155496854116,1.0,0.8921556251420014,margin
4077-13751-0001_1284-1181-0002_5142-33396-0037_x5,s5,gated_deflation,0,True,0.00011272256258135965,0.3349576213328754,1.0,0.5285704000892328,accepted
4077-13751-0001_1284-1181-0002_5142-33396-0037_x5,s1,coarse_to_fine,0,True,0.0,0.37178390736919553,1.0,0.46233824431886467,accepted
4077-13751-0001_1284-1181-0002_5142-33396-0037_x5,s2,coarse_to_fine,0,False,0.0,-0.24606084966211328,1.0,0.3276137686488515,margin
4077-13751-0001_1284-1181-0002_5142-33396-0037_x5,s3,coarse_to_fine,0,False,0.0,-0.2780134837882029,1.0,0.3993727370620305,margin
4077-13751-0001_1284-1181-0002_5142-33396-0037_x5,s4,coarse_to_fine,0,True,0.0,0.1146429640986742,1.0,0.311304186157517,accepted
4077-13751-0001_1284-1181-0002_5142-33396-0037_x5,s5,coarse_to_fine,0,True,0.00011272256258135965,0.2741394138024332,0.9655745642349903,0.33852623072897026,accepted
4077-13751-0001_1284-1181-0002_5142-33396-0037_x5,s1,coarse_to_fine,1,True,0.0,0.5772469937376834,1.0,0.4861990615425706,accepted
4077-13751-0001_1284-1181-0002_5142-33396-0037_x5,s2,coarse_to_fine,1,False,0.0,-0.5900379029049807,1.0,0.3276137686488515,margin
4077-13751-0001_1284-1181-0002_5142-33396-0037_x5,s3,coarse_to_fine,1,False,0.0,-0.5101680203817051,1.0,0.3993727370620305,margin
4077-13751-0001_1284-1181-0002_5142-33396-0037_x5,s4,coarse_to_fine,1,True,0.0,0.49657632486576325,1.0,0.3244739775760149,accepted
4077-13751-0001_1284-1181-0002_5142-33396-0037_x5,s5,coarse_to_fine,1,True,0.00011272256258135965,0.4922102261490817,0.9517914783731439,0.3425117429407962,accepted
3570-5696-0008_8455-210777-0022_1320-122612-0005_x5,s1,gated_deflation,0,False,0.0,-0.2982322876690542,1.0,0.770688594614052,margin
3570-5696-0008_8455-210777-0022_1320-122612-0005_x5,s2,gated_deflation,0,True,0.00013244438430240366,0.584529327904038,1.0,0.5206402169747901,accepted
3570-5696-0008_8455-210777-0022_1320-122612-0005_x5,s3,gated_deflation,0,False,0.0,-0.1682483304889834,1.0,0.8293720753171688,margin
3570-5696-0008_8455-210777-0022_1320-122612-0005_x5,s4,gated_deflation,0,False,0.0,0.037995107211212575,1.0,0.9038436399352588,margin
3570-5696-0008_8455-210777-0022_1320-122612-0005_x5,s5,gated_deflation,0,False,0.0,-0.016807726808313495,1.0,0.8670899737327944,margin
3570-5696-0008_8455-210777-0022_1320-122612-0005_x5,s1,coarse_to_fine,0,False,0.0,-0.42731769071446746,1.0,0.35639847346460063,margin
3570-5696-0008_8455-210777-0022_1320-122612-0005_x5,s2,coarse_to_fine,0,True,0.00013244438430240366,0.21087737753149982,1.0,0.41282602602520935,accepted
3570-5696-0008_8455-210777-0022_1320-122612-0005_x5,s3,coarse_to_fine,0,False,0.0,-0.025243845231546325,1.0,0.42526436924164285,margin
3570-5696-0008_8455-210777-0022_1320-122612-0005_x5,s4,coarse_to_fine,0,False,0.0,-0.03241663396705205,1.0,0.5268404012931572,margin
3570-5696-0008_8455-210777-0022_1320-122612-0005_x5,s5,coarse_to_fine,0,False,0.0,-0.16961292102046072,1.0,0.49354379185373154,margin
3570-5696-0008_8455-210777-0022_1320-122612-0005_x5,s1,coarse_to_fine,1,False,0.0,-0.6454299821814166,1.0,0.35639847346460063,margin
3570-5696-0008_8455-210777-0022_1320-122612-0005_x5,s2,coarse_to_fine,1,True,0.00013244438430240366,0.4578275340340601,0.9917731629392971,0.41255162318323785,accepted
3570-5696-0008_8455-210777-0022_1320-122612-0005_x5,s3,coarse_to_fine,1,False,0.0,-0.26392658803090396,1.0,0.42526436924164285,margin
3570-5696-0008_8455-210777-0022_1320-122612-0005_x5,s4,coarse_to_fine,1,False,0.0,-0.03241663396705205,1.0,0.5268404012931572,margin
3570-5696-0008_8455-210777-0022_1320-122612-0005_x5,s5,coarse_to_fine,1,False,0.0,-0.22553012213672383,1.0,0.49354379185373154,margin
121-127105-0035_5105-28240-0019_5142-33396-0042_x5,s1,gated_deflation,0,True,0.00013836549767387346,0.2861224249663957,0.9739987118627895,0.6944471977155386,accepted
121-127105-0035_5105-28240-0019_5142-33396-0042_x5,s2,gated_deflation,0,False,0.0,0.05919810092587596,0.9848763149734023,0.8435280856863054,margin
121-127105-0035_5105-28240-0019_5142-33396-0042_x5,s3,gated_deflation,0,True,0.0,0.1668536472129667,0.9790971540726202,0.8540703460441483,accepted
121-127105-0035_5105-28240-0019_5142-33396-0042_x5,s4,gated_deflation,0,False,0.0,0.054876356797426584,1.0,0.8719383815066291,margin
121-127105-0035_5105-28240-0019_5142-33396-0042_x5,s5,gated_deflation,0,False,0.0,0.04403730411935586,1.0,0.9014708512230672,margin
121-127105-0035_5105-28240-0019_5142-33396-0042_x5,s1,coarse_to_fine,0,True,0.00013836549767387346,0.31305798457541667,0.9852341308651988,0.5624201826113613,accepted
121-127105-0035_5105-28240-0019_5142-33396-0042_x5,s2,coarse_to_fine,0,False,0.0,-0.3369044490708245,0.9863552873261611,0.5795194009943305,margin
121-127105-0035_5105-28240-0019_5142-33396-0042_x5,s3,coarse_to_fine,0,False,0.0,-0.009275179221736096,0.979342492639843,0.5978264166133159,margin
121-127105-0035_5105-28240-0019_5142-33396-0042_x5,s4,coarse_to_fine,0,False,0.0,-0.03169371661121906,1.0,0.5925641633113629,margin
121-127105-0035_5105-28240-0019_5142-33396-0042_x5,s5,coarse_to_fine,0,False,0.0,-0.045206651984321056,1.0,0.5296250036487387,margin
121-127105-0035_5105-28240-0019_5142-33396-0042_x5,s1,coarse_to_fine,1,True,0.00013836549767387346,0.5430013855414044,0.9739271486844302,0.5454122917629658,accepted
121-127105-0035_5105-28240-0019_5142-33396-0042_x5,s2,coarse_to_fine,1,False,0.0,-0.6059010727118692,0.9863552873261611,0.5795194009943305,margin
121-127105-0035_5105-28240-0019_5142-33396-0042_x5,s3,coarse_to_fine,1,False,0.0,-0.2391316852164273,0.979342492639843,0.5978264166133159,margin
121-127105-0035_5105-28240-0019_5142-33396-0042_x5,s4,coarse_to_fine,1,False,0.0,-0.03169371661121906,1.0,0.5925641633113629,margin
121-127105-0035_5105-28240-0019_5142-33396-0042_x5,s5,coarse_to_fine,1,False,0.0,-0.045206651984321056,1.0,0.5296250036487387,margin
4970-29095-0036_8455-210777-0046_3570-5694-0014_x5,s1,gated_deflation,0,True,0.0,0.12718114241103123,1.0,0.8543595413957579,accepted
4970-29095-0036_8455-210777-0046_3570-5694-0014_x5,s2,gated_deflation,0,True,0.0,0.18682063456723033,1.0,0.7159253918848996,accepted
4970-29095-0036_8455-210777-0046_3570-5694-0014_x5,s3,gated_deflation,0,False,0.0,0.0510914554229705,0.976962457337884,0.6316023932511656,margin
4970-29095-0036_8455-210777-0046_3570-5694-0014_x5,s4,gated_deflation,0,True,0.00020494744229293573,0.1850800894725605,0.9571306679668454,0.5603719958279252,accepted
4970-29095-0036_8455-210777-0046_3570-5694-0014_x5,s5,gated_deflation,0,False,0.0,0.09636567144469563,0.9975285171102661,0.6446116196920628,margin
4970-29095-0036_8455-210777-0046_3570-5694-0014_x5,s1,coarse_to_fine,0,False,0.0,-0.06669730357769549,1.0,0.4800904280785542,margin
4970-29095-0036_8455-210777-0046_3570-5694-0014_x5,s2,coarse_to_fine,0,True,0.0,0.23570867777228904,1.0,0.3995995992201933,accepted
4970-29095-0036_8455-210777-0046_3570-5694-0014_x5,s3,coarse_to_fine,0,False,0.0,0.02859723589285701,1.0,0.3338865044347252,margin
4970-29095-0036_8455-210777-0046_3570-5694-0014_x5,s4,coarse_to_fine,0,False,0.00020494744229293573,0.08865691149053329,0.9950877620672842,0.4810464971368145,margin
4970-29095-0036_8455-210777-0046_3570-5694-0014_x5,s5,coarse_to_fine,0,False,0.0,0.04666390843209206,1.0,0.2995354005449928,margin
4970-29095-0036_8455-210777-0046_3570-5694-0014_x5,s1,coarse_to_fine,1,False,0.0,-0.06669730357769549,1.0,0.4800904280785542,margin
4970-29095-0036_8455-210777-0046_3570-5694-0014_x5,s2,coarse_to_fine,1,True,0.0,0.5357291452699853,1.0,0.4352247403332132,accepted
4970-29095-0036_8455-210777-0046_3570-5694-0014_x5,s3,coarse_to_fine,1,False,0.0,0.02859723589285701,1.0,0.3338865044347252,margin
4970-29095-0036_8455-210777-0046_3570-5694-0014_x5,s4,coarse_to_fine,1,False,0.00020494744229293573,0.08865691149053329,0.9950877620672842,0.4810464971368145,margin
4970-29095-0036_8455-210777-0046_3570-5694-0014_x5,s5,coarse_to_fine,1,False,0.0,0.04666390843209206,1.0,0.2995354005449928,margin
1995-1837-0018_7127-75946-0002_8463-294828-0034_x5,s1,gated_deflation,0,False,0.0,-0.045743337852070354,1.0,0.46474120514201117,margin
1995-1837-0018_7127-75946-0002_8463-294828-0034_x5,s2,gated_deflation,0,False,0.0,0.05242006634120516,1.0,0.5646328050177493,margin
1995-1837-0018_7127-75946-0002_8463-294828-0034_x5,s3,gated_deflation,0,False,0.0,0.014478308731654677,1.0,0.901748262199645,margin
1995-1837-0018_7127-75946-0002_8463-294828-0034_x5,s4,gated_deflation,0,True,0.0,0.31995122218957417,1.0,0.8116205233274612,accepted
1995-1837-0018_7127-75946-0002_8463-294828-0034_x5,s5,gated_deflation,0,True,0.0,0.35813505510152477,0.9934921557234166,0.6648943580282857,accepted
1995-1837-0018_7127-75946-0002_8463-294828-0034_x5,s1,coarse_to_fine,0,False,0.0,0.003583308450769762,1.0,0.2845521663097905,margin
1995-1837-0018_7127-75946-0002_8463-294828-0034_x5,s2,coarse_to_fine,0,False,0.0,0.08796270134277856,1.0,0.44535256895218567,margin
1995-1837-0018_7127-75946-0002_8463-294828-0034_x5,s3,coarse_to_fine,0,False,0.0,-0.05572829220545458,1.0,0.5285406764039197,margin
1995-1837-0018_7127-75946-0002_8463-294828-0034_x5,s4,coarse_to_fine,0,True,0.0,0.14947527968873342,1.0,0.4485863757457062,accepted
1995-1837-0018_7127-75946-0002_8463-294828-0034_x5,s5,coarse_to_fine,0,True,0.0,0.24702562679847326,1.0,0.3962515173571388,accepted
1995-1837-0018_7127-75946-0002_8463-294828-0034_x5,s1,coarse_to_fine,1,False,0.0,-0.18388531277094605,1.0,0.2845521663097905,margin
1995-1837-0018_7127-75946-0002_8463-294828-0034_x5,s2,coarse_to_fine,1,False,0.0,-0.14823881562015612,1.0,0.44535256895218567,margin
1995-1837-0018_7127-75946-0002_8463-294828-0034_x5,s3,coarse_to_fine,1,False,0.0,-0.10740952008913537,1.0,0.5285406764039197,margin
1995-1837-0018_7127-75946-0002_8463-294828-0034_x5,s4,coarse_to_fine,1,False,0.0,0.09771162997663918,1.0,0.4696054879624052,margin
1995-1837-0018_7127-75946-0002_8463-294828-0034_x5,s5,coarse_to_fine,1,True,0.0,0.3321167797115608,1.0,0.3808957044518617,accepted
1221-135767-0019_4446-2273-0001_7176-88083-0008_x5,s1,gated_deflation,0,False,0.0,0.06420543827090075,1.0,0.913730913573322,margin
1221-135767-0019_4446-2273-0001_7176-88083-0008_x5,s2,gated_deflation,0,True,0.0,0.26419263887445144,0.8994877049180328,0.8851977489111803,accepted
1221-135767-0019_4446-2273-0001_7176-88083-0008_x5,s3,gated_deflation,0,False,0.0,0.21454525289860057,1.0,0.914522011304143,artifact_score
1221-135767-0019_4446-2273-0001_7176-88083-0008_x5,s4,gated_deflation,0,False,0.0,0.006899810459698785,1.0,0.911445477060466,margin
1221-135767-0019_4446-2273-0001_7176-88083-0008_x5,s5,gated_deflation,0,True,0.00012846269224929974,0.5891095337173489,1.0,0.5142687627036887,accepted
1221-135767-0019_4446-2273-0001_7176-88083-0008_x5,s1,coarse_to_fine,0,False,0.0,-0.0323128903827343,1.0,0.5894806759811921,margin
1221-135767-0019_4446-2273-0001_7176-88083-0008_x5,s2,coarse_to_fine,0,True,0.0,0.10844968241495617,0.8994877049180328,0.525072234403293,accepted
1221-135767-0019_4446-2273-0001_7176-88083-0008_x5,s3,coarse_to_fine,0,False,0.0,0.05514923842378655,1.0,0.43794997628353155,margin
1221-135767-0019_4446-2273-0001_7176-88083-0008_x5,s4,coarse_to_fine,0,False,0.0,-0.10176230786697053,1.0,0.5398985012631531,margin
1221-135767-0019_4446-2273-0001_7176-88083-0008_x5,s5,coarse_to_fine,0,False,0.00012846269224929974,-0.15770408910032674,1.0,0.43713728242836025,margin
1221-135767-0019_4446-2273-0001_7176-88083-0008_x5,s1,coarse_to_fine,1,False,0.0,-0.28911420263567056,1.0,0.5894806759811921,margin
1221-135767-0019_4446-2273-0001_7176-88083-0008_x5,s2,coarse_to_fine,1,True,0.0,0.44777464199804806,0.8995901639344263,0.5219341796086705,accepted
1221-135767-0019_4446-2273-0001_7176-88083-0008_x5,s3,coarse_to_fine,1,False,0.0,0.03675444855061577,1.0,0.43794997628353155,margin
1221-135767-0019_4446-2273-0001_7176-88083-0008_x5,s4,coarse_to_fine,1,False,0.0,-0.23323867691303246,1.0,0.5398985012631531,margin
1221-135767-0019_4446-2273-0001_7176-88083-0008_x5,s5,coarse_to_fine,1,False,0.00012846269224929974,-0.32031489182394346,1.0,0.43713728242836025,margin
8455-210777-0006_1995-1826-0020_5683-32879-0002_x5,s1,gated_deflation,0,True,0.0,0.27521623220330005,1.0,0.8355657164286773,accepted
8455-210777-0006_1995-1826-0020_5683-32879-0002_x5,s2,gated_deflation,0,False,0.0,0.0833148634472547,1.0,0.7521989252199602,margin
8455-210777-0006_1995-1826-0020_5683-32879-0002_x5,s3,gated_deflation,0,False,0.0,0.08015542892458077,0.9821145265245415,0.6174572831606056,margin
8455-210777-0006_1995-1826-0020_5683-32879-0002_x5,s4,gated_deflation,0,True,0.00014587287555974937,0.4483005112116752,0.9669062964799207,0.4950928342034587,accepted
8455-210777-0006_1995-1826-0020_5683-32879-0002_x5,s5,gated_deflation,0,False,0.0,-0.04917891900224877,1.0,0.6270556088038096,margin
8455-210777-0006_1995-1826-0020_5683-32879-0002_x5,s1,coarse_to_fine,0,False,0.0,-0.23247295096802734,1.0,0.3932597838543535,margin
8455-210777-0006_1995-1826-0020_5683-32879-0002_x5,s2,coarse_to_fine,0,True,0.0,0.13886789061477736,1.0,0.29624360204056005,accepted
8455-210777-0006_1995-1826-0020_5683-32879-0002_x5,s3,coarse_to_fine,0,False,0.0,0.029352260927534957,0.9833168071393158,0.4173743603950936,margin
8455-210777-0006_1995-1826-0020_5683-32879-0002_x5,s4,coarse_to_fine,0,True,0.00014587287555974937,0.38210800168935566,0.9925880019831432,0.3701842801471591,accepted
8455-210777-0006_1995-1826-0020_5683-32879-0002_x5,s5,coarse_to_fine,0,False,0.0,0.09020181904472135,1.0,0.30826706821913474,margin
8455-210777-0006_1995-1826-0020_5683-32879-0002_x5,s1,coarse_to_fine,1,False,0.0,-0.375214217449582,1.0,0.3932597838543535,margin
8455-210777-0006_1995-1826-0020_5683-32879-0002_x5,s2,coarse_to_fine,1,True,0.0,0.4168688849067189,1.0,0.2624094114291671,accepted
8455-210777-0006_1995-1826-0020_5683-32879-0002_x5,s3,coarse_to_fine,1,False,0.0,-0.2104810230829099,0.9833168071393158,0.4173743603950936,margin
8455-210777-0006_1995-1826-0020_5683-32879-0002_x5,s4,coarse_to_fine,1,True,0.00014587287555974937,0.5219569314874488,0.9924888448190382,0.37757320286197815,accepted
8455-210777-0006_1995-1826-0020_5683-32879-0002_x5,s5,coarse_to_fine,1,False,0.0,-0.2102365413726154,1.0,0.30826706821913474,margin
7729-102255-0018_1995-1826-0024_121-127105-0025_x5,s1,gated_deflation,0,True,0.0,0.29852303940784625,0.9934178743961353,0.6344470508655662,accepted
7729-102255-0018_1995-1826-0024_121-127105-0025_x5,s2,gated_deflation,0,True,0.0,0.1213842416504789,1.0,0.8430406290340652,accepted
7729-102255-0018_1995-1826-0024_121-127105-0025_x5,s3,gated_deflation,0,True,0.0001563215742636587,0.21114318864285414,1.0,0.586557394567783,accepted
7729-102255-0018_1995-1826-0024_121-127105-0025_x5,s4,gated_deflation,0,False,0.0,-0.10099559994047252,1.0,0.8223584619173765,margin
7729-102255-0018_1995-1826-0024_121-127105-0025_x5,s5,gated_deflation,0,False,0.0,0.30496899956140516,1.0,0.9105847548536795,artifact_score
7729-102255-0018_1995-1826-0024_121-127105-0025_x5,s1,coarse_to_fine,0,False,0.0,0.050978741479968226,0.9934178743961353,0.35574000585068355,margin
7729-102255-0018_1995-1826-0024_121-127105-0025_x5,s2,coarse_to_fine,0,False,0.0,0.09431548015906341,1.0,0.340363201806141,margin
7729-102255-0018_1995-1826-0024_121-127105-0025_x5,s3,coarse_to_fine,0,True,0.0001563215742636587,0.15580754878776565,1.0,0.47928601149159095,accepted
7729-102255-0018_1995-1826-0024_121-127105-0025_x5,s4,coarse_to_fine,0,False,0.0,-0.10327923696409821,1.0,0.3715258720342528,margin
7729-102255-0018_1995-1826-0024_121-127105-0025_x5,s5,coarse_to_fine,0,True,0.0,0.13449990011083718,1.0,0.5852075761658236,accepted
7729-102255-0018_1995-1826-0024_121-127105-0025_x5,s1,coarse_to_fine,1,False,0.0,-0.06553189269302612,0.9934178743961353,0.35574000585068355,margin
7729-102255-0018_1995-1826-0024_121-127105-0025_x5,s2,coarse_to_fine,1,False,0.0,0.040970962456967575,1.0,0.340363201806141,margin
7729-102255-0018_1995-1826-0024_121-127105-0025_x5,s3,coarse_to_fine,1,True,0.0001563215742636587,0.12634954795526726,1.0,0.45874444614072035,accepted
7729-102255-0018_1995-1826-0024_121-127105-0025_x5,s4,coarse_to_fine,1,False,0.0,-0.3240383831237169,1.0,0.3715258720342528,margin
7729-102255-0018_1995-1826-0024_121-127105-0025_x5,s5,coarse_to_fine,1,True,0.0,0.38598843313999276,1.0,0.5866268457610248,accepted
8230-279154-0019_4446-2271-0000_237-126133-0009_x5,s1,gated_deflation,0,True,9.150477468782475e-05,0.4554857616940268,1.0,0.4775482346702862,accepted
8230-279154-0019_4446-2271-0000_237-126133-0009_x5,s2,gated_deflation,0,False,0.0,0.1282558029294994,1.0,0.9046929748202949,artifact_score
8230-279154-0019_4446-2271-0000_237-126133-0009_x5,s3,gated_deflation,0,False,0.0,-0.03844571966824567,1.0,0.9075094328898424,margin
8230-279154-0019_4446-2271-0000_237-126133-0009_x5,s4,gated_deflation,0,True,0.0,0.23446986426929922,1.0,0.7370598273375443,accepted
8230-279154-0019_4446-2271-0000_237-126133-0009_x5,s5,gated_deflation,0,False,0.0,-0.0401038196963765,1.0,0.7504761240422682,margin
8230-279154-0019_4446-2271-0000_237-126133-0009_x5,s1,coarse_to_fine,0,True,9.150477468782475e-05,0.3057125400638693,1.0,0.29710281698466895,accepted
8230-279154-0019_4446-2271-0000_237-126133-0009_x5,s2,coarse_to_fine,0,False,0.0,-0.23870605333650435,1.0,0.38738323421826787,margin
8230-279154-0019_4446-2271-0000_237-126133-0009_x5,s3,coarse_to_fine,0,False,0.0,-0.2449761987865013,1.0,0.47937498382482024,margin
8230-279154-0019_4446-2271-0000_237-126133-0009_x5,s4,coarse_to_fine,0,True,0.0,0.297462681497097,1.0,0.3927204200444262,accepted
8230-279154-0019_4446-2271-0000_237-126133-0009_x5,s5,coarse_to_fine,0,False,0.0,-0.0020193502648214734,1.0,0.36402520540949507,margin
8230-279154-0019_4446-2271-0000_237-126133-0009_x5,s1,coarse_to_fine,1,True,9.150477468782475e-05,0.5749141725578326,1.0,0.3300362889607634,accepted
8230-279154-0019_4446-2271-0000_237-126133-0009_x5,s2,coarse_to_fine,1,False,0.0,-0.33778447146856344,1.0,0.38738323421826787,margin
8230-279154-0019_4446-2271-0000_237-126133-0009_x5,s3,coarse_to_fine,1,False,0.0,-0.37122016188178913,1.0,0.47937498382482024,margin
8230-279154-0019_4446-2271-0000_237-126133-0009_x5,s4,coarse_to_fine,1,True,0.0,0.5429462124870519,1.0,0.45206561066883044,accepted
8230-279154-0019_4446-2271-0000_237-126133-0009_x5,s5,coarse_to_fine,1,False,0.0,-0.1842804302793133,1.0,0.36402520540949507,margin
7729-102255-0033_2094-142345-0053_3570-5694-0012_x5,s1,gated_deflation,0,True,0.0,0.2003542297403232,0.9783116883116884,0.6764255836457911,accepted
7729-102255-0033_2094-142345-0053_3570-5694-0012_x5,s2,gated_deflation,0,False,0.0,0.05516427951525393,1.0,0.8401308906380506,margin
7729-102255-0033_2094-142345-0053_3570-5694-0012_x5,s3,gated_deflation,0,True,0.0,0.1447470170239154,1.0,0.8368588842819903,accepted
7729-102255-0033_2094-142345-0053_3570-5694-0012_x5,s4,gated_deflation,0,True,0.0002093631321092237,0.17863860230641893,0.9801731601731601,0.5465027610715197,accepted
7729-102255-0033_2094-142345-0053_3570-5694-0012_x5,s5,gated_deflation,0,False,0.0,0.018788318901084566,0.9890566914498141,0.6798871311533068,margin
7729-102255-0033_2094-142345-0053_3570-5694-0012_x5,s1,coarse_to_fine,0,True,0.0,0.10838032121345681,0.9783116883116884,0.32283865140900675,accepted
7729-102255-0033_2094-142345-0053_3570-5694-0012_x5,s2,coarse_to_fine,0,True,0.0,0.11667335864002629,1.0,0.3447740026700622,accepted
7729-102255-0033_2094-142345-0053_3570-5694-0012_x5,s3,coarse_to_fine,0,False,0.0,-0.19839887948708088,1.0,0.26237930019650035,margin
7729-102255-0033_2094-142345-0053_3570-5694-0012_x5,s4,coarse_to_fine,0,False,0.0002093631321092237,0.06800568741252083,0.9810606060606061,0.42968048746775955,margin
7729-102255-0033_2094-142345-0053_3570-5694-0012_x5,s5,coarse_to_fine,0,False,0.0,-0.13410621255633903,1.0,0.3518391698249398,margin
7729-102255-0033_2094-142345-0053_3570-5694-0012_x5,s1,coarse_to_fine,1,True,0.0,0.46545550670850017,0.9583116883116883,0.34167877212546516,accepted
7729-102255-0033_2094-142345-0053_3570-5694-0012_x5,s2,coarse_to_fine,1,True,0.0,0.5577105765505089,1.0,0.3395070508958597,accepted
7729-102255-0033_2094-142345-0053_3570-5694-0012_x5,s3,coarse_to_fine,1,False,0.0,-0.5427254695532361,1.0,0.26237930019650035,margin
7729-102255-0033_2094-142345-0053_3570-5694-0012_x5,s4,coarse_to_fine,1,False,0.0002093631321092237,-0.1591312773905263,0.9810606060606061,0.42968048746775955,margin
7729-102255-0033_2094-142345-0053_3570-5694-0012_x5,s5,coarse_to_fine,1,False,0.0,-0.27510591846193255,1.0,0.3518391698249398,margin
908-31957-0020_6829-68771-0033_8555-292519-0006_x5,s1,gated_deflation,0,False,0.0,-0.17497758337022196,1.0,0.7536817838309183,margin
908-31957-0020_6829-68771-0033_8555-292519-0006_x5,s2,gated_deflation,0,False,0.0,0.018766570728865284,1.0,0.77726513093034,margin
908-31957-0020_6829-68771-0033_8555-292519-0006_x5,s3,gated_deflation,0,True,0.00016164595957105852,0.45726932552317,0.9583844133099825,0.5259285257461132,accepted
908-31957-0020_6829-68771-0033_8555-292519-0006_x5,s4,gated_deflation,0,True,0.0,0.13959633951970407,0.9186077057793345,0.7944407864179284,accepted
908-31957-0020_6829-68771-0033_8555-292519-0006_x5,s5,gated_deflation,0,False,0.0,0.12687806173816885,1.0,0.9054107961878232,artifact_score
908-31957-0020_6829-68771-0033_8555-292519-0006_x5,s1,coarse_to_fine,0,False,0.0,-0.4084731812871874,1.0,0.4156278659563384,margin
908-31957-0020_6829-68771-0033_8555-292519-0006_x5,s2,coarse_to_fine,0,True,0.0,0.22456953849597375,1.0,0.4271063595754793,accepted
908-31957-0020_6829-68771-0033_8555-292519-0006_x5,s3,coarse_to_fine,0,False,0.00016164595957105852,-0.10032491480389122,0.9174474605954466,0.28585989066888584,margin
908-31957-0020_6829-68771-0033_8555-292519-0006_x5,s4,coarse_to_fine,0,False,0.0,-0.09333568855873381,0.9186077057793345,0.5689771962544025,margin
908-31957-0020_6829-68771-0033_8555-292519-0006_x5,s5,coarse_to_fine,0,False,0.0,-0.23684210223760652,1.0,0.6107175347713042,margin
908-31957-0020_6829-68771-0033_8555-292519-0006_x5,s1,coarse_to_fine,1,False,0.0,-0.7047921730639932,1.0,0.4156278659563384,margin
908-31957-0020_6829-68771-0033_8555-292519-0006_x5,s2,coarse_to_fine,1,True,0.0,0.5514930362486611,1.0,0.4189017332899406,accepted
908-31957-0020_6829-68771-0033_8555-292519-0006_x5,s3,coarse_to_fine,1,False,0.00016164595957105852,-0.3512015554314823,0.9174474605954466,0.28585989066888584,margin
908-31957-0020_6829-68771-0033_8555-292519-0006_x5,s4,coarse_to_fine,1,False,0.0,-0.28423615855935647,0.9186077057793345,0.5689771962544025,margin
908-31957-0020_6829-68771-0033_8555-292519-0006_x5,s5,coarse_to_fine,1,False,0.0,-0.3887658434707818,1.0,0.6107175347713042,margin
8463-294828-0016_8224-274384-0010_4446-2273-0024_x5,s1,gated_deflation,0,False,0.0,0.2532905260640706,1.0,0.9070256047604628,artifact_score
8463-294828-0016_8224-274384-0010_4446-2273-0024_x5,s2,gated_deflation,0,True,0.0001582776115054243,0.4113125001472949,0.9832336706531739,0.47844647748036045,accepted
8463-294828-0016_8224-274384-0010_4446-2273-0024_x5,s3,gated_deflation,0,False,0.0,0.04455147966028866,1.0,0.8368589297467802,margin
8463-294828-0016_8224-274384-0010_4446-2273-0024_x5,s4,gated_deflation,0,False,0.0,-0.03135453524763082,0.9940432382704691,0.7772324685998997,margin
8463-294828-0016_8224-274384-0010_4446-2273-0024_x5,s5,gated_deflation,0,True,0.0,0.19254311788885087,1.0,0.7823354984333007,accepted
8463-294828-0016_8224-274384-0010_4446-2273-0024_x5,s1,coarse_to_fine,0,False,0.0,-0.33784371405396096,1.0,0.4270265764221418,margin
8463-294828-0016_8224-274384-0010_4446-2273-0024_x5,s2,coarse_to_fine,0,False,0.0001582776115054243,-0.006781531555354492,1.0,0.3520401468432926,margin
8463-294828-0016_8224-274384-0010_4446-2273-0024_x5,s3,coarse_to_fine,0,False,0.0,0.07288824949701225,1.0,0.3542819465347163,margin
8463-294828-0016_8224-274384-0010_4446-2273-0024_x5,s4,coarse_to_fine,0,False,0.0,-0.22990906736190542,1.0,0.34415149771316195,margin
8463-294828-0016_8224-274384-0010_4446-2273-0024_x5,s5,coarse_to_fine,0,True,0.0,0.12667324314241174,1.0,0.3361739865339335,accepted
8463-294828-0016_8224-274384-0010_4446-2273-0024_x5,s1,coarse_to_fine,1,False,0.0,-0.3547404730590156,1.0,0.4270265764221418,margin
8463-294828-0016_8224-274384-0010_4446-2273-0024_x5,s2,coarse_to_fine,1,False,0.0001582776115054243,-0.15495318353891202,1.0,0.3520401468432926,margin
8463-294828-0016_8224-274384-0010_4446-2273-0024_x5,s3,coarse_to_fine,1,False,0.0,-0.1487702550648473,1.0,0.3542819465347163,margin
8463-294828-0016_8224-274384-0010_4446-2273-0024_x5,s4,coarse_to_fine,1,False,0.0,-0.39796028292380037,1.0,0.34415149771316195,margin
8463-294828-0016_8224-274384-0010_4446-2273-0024_x5,s5,coarse_to_fine,1,True,0.0,0.3951011454975716,1.0,0.3397844369344307,accepted
5105-28233-0003_61-70970-0039_908-157963-0029_x5,s1,gated_deflation,0,True,8.092483376204763e-05,0.26395800457303115,0.9198080279232111,0.5791534920393996,accepted
5105-28233-0003_61-70970-0039_908-157963-0029_x5,s2,gated_deflation,0,True,0.0,0.15363410591853116,1.0,0.8061233051211628,accepted
5105-28233-0003_61-70970-0039_908-157963-0029_x5,s3,gated_deflation,0,True,0.0,0.14209253335929506,1.0,0.8941666290161661,accepted
5105-28233-0003_61-70970-0039_908-157963-0029_x5,s4,gated_deflation,0,False,0.0,-0.13288911134688103,1.0,0.8813392521919541,margin
5105-28233-0003_61-70970-0039_908-157963-0029_x5,s5,gated_deflation,0,True,0.0,0.10309948913792072,0.9616164921465968,0.5946841397876651,accepted
5105-28233-0003_61-70970-0039_908-157963-0029_x5,s1,coarse_to_fine,0,True,8.092483376204763e-05,0.23986398509700857,1.0,0.4900280556748532,accepted
5105-28233-0003_61-70970-0039_908-157963-0029_x5,s2,coarse_to_fine,0,True,0.0,0.16195493146709822,1.0,0.46983620491491923,accepted
5105-28233-0003_61-70970-0039_908-157963-0029_x5,s3,coarse_to_fine,0,False,0.0,-0.27191882091062486,1.0,0.47277706051745777,margin
5105-28233-0003_61-70970-0039_908-157963-0029_x5,s4,coarse_to_fine,0,False,0.0,-0.14994488228623665,1.0,0.3927240988492798,margin
5105-28233-0003_61-70970-0039_908-157963-0029_x5,s5,coarse_to_fine,0,True,0.0,0.2662418209618949,1.0,0.33992889743172566,accepted
5105-28233-0003_61-70970-0039_908-157963-0029_x5,s1,coarse_to_fine,1,True,8.092483376204763e-05,0.255627999677963,1.0,0.46103912708905154,accepted
5105-28233-0003_61-70970-0039_908-157963-0029_x5,s2,coarse_to_fine,1,True,0.0,0.26960312928478225,1.0,0.4849751782408434,accepted
5105-28233-0003_61-70970-0039_908-157963-0029_x5,s3,coarse_to_fine,1,False,0.0,-0.41102580779292963,1.0,0.47277706051745777,margin
5105-28233-0003_61-70970-0039_908-157963-0029_x5,s4,coarse_to_fine,1,False,0.0,-0.3190844393328437,1.0,0.3927240988492798,margin
5105-28233-0003_61-70970-0039_908-157963-0029_x5,s5,coarse_to_fine,1,True,0.0,0.5227868531097876,1.0,0.314786694849644,accepted
8230-279154-0020_61-70970-0018_1320-122612-0013_x5,s1,gated_deflation,0,True,0.0001570071855022782,0.20650399224460603,1.0,0.5689768065579531,accepted
8230-279154-0020_61-70970-0018_1320-122612-0013_x5,s2,gated_deflation,0,False,0.0,0.08694758824446008,1.0,0.7635982809749035,margin
8230-279154-0020_61-70970-0018_1320-122612-0013_x5,s3,gated_deflation,0,False,0.0,0.056539317933999356,1.0,0.6226525170463474,margin
8230-279154-0020_61-70970-0018_1320-122612-0013_x5,s4,gated_deflation,0,True,0.0,0.253492160896548,1.0,0.8185314342819262,accepted
8230-279154-0020_61-70970-0018_1320-122612-0013_x5,s5,gated_deflation,0,False,0.0,-0.05787447868581064,1.0,0.7293657444174828,margin
8230-279154-0020_61-70970-0018_1320-122612-0013_x5,s1,coarse_to_fine,0,False,0.0001570071855022782,0.019497051810911548,1.0,0.33430710103293476,margin
8230-279154-0020_61-70970-0018_1320-122612-0013_x5,s2,coarse_to_fine,0,False,0.0,-0.012730822605587888,1.0,0.4005646896069493,margin
8230-279154-0020_61-70970-0018_1320-122612-0013_x5,s3,coarse_to_fine,0,False,0.0,-0.01088239894765769,1.0,0.31986879982992344,margin
8230-279154-0020_61-70970-0018_1320-122612-0013_x5,s4,coarse_to_fine,0,False,0.0,-0.07256488429528213,1.0,0.42979189197333567,margin
8230-279154-0020_61-70970-0018_1320-122612-0013_x5,s5,coarse_to_fine,0,False,0.0,-0.20670182055354963,1.0,0.5658856327568128,margin
8230-279154-0020_61-70970-0018_1320-122612-0013_x5,s1,coarse_to_fine,1,False,0.0001570071855022782,0.019497051810911548,1.0,0.33430710103293476,margin
8230-279154-0020_61-70970-0018_1320-122612-0013_x5,s2,coarse_to_fine,1,False,0.0,-0.012730822605587888,1.0,0.4005646896069493,margin
8230-279154-0020_61-70970-0018_1320-122612-0013_x5,s3,coarse_to_fine,1,False,0.0,-0.01088239894765769,1.0,0.31986879982992344,margin
8230-279154-0020_61-70970-0018_1320-122612-0013_x5,s4,coarse_to_fine,1,False,0.0,-0.07256488429528213,1.0,0.42979189197333567,margin
8230-279154-0020_61-70970-0018_1320-122612-0013_x5,s5,coarse_to_fine,1,False,0.0,-0.20670182055354963,1.0,0.5658856327568128,margin
4507-16021-0003_7021-85628-0002_8224-274381-0015_x5,s1,gated_deflation,0,False,0.0,0.0698175386938692,1.0,0.7988211955599165,margin
4507-16021-0003_7021-85628-0002_8224-274381-0015_x5,s2,gated_deflation,0,True,0.0,0.24995089900319267,1.0,0.7543782070841214,accepted
4507-16021-0003_7021-85628-0002_8224-274381-0015_x5,s3,gated_deflation,0,False,0.0,0.012640902292573308,0.9859002647837599,0.5195829203590132,margin
4507-16021-0003_7021-85628-0002_8224-274381-0015_x5,s4,gated_deflation,0,False,0.0,0.07579011335419494,1.0,0.7731735002663528,margin
4507-16021-0003_7021-85628-0002_8224-274381-0015_x5,s5,gated_deflation,0,False,0.0,0.041774676997474225,0.9911076787290379,0.5926779228741732,margin
4507-16021-0003_7021-85628-0002_8224-274381-0015_x5,s1,coarse_to_fine,0,False,0.0,-0.12524533542526,1.0,0.2693328869260054,margin
4507-16021-0003_7021-85628-0002_8224-274381-0015_x5,s2,coarse_to_fine,0,True,0.0,0.16473850036438198,1.0,0.3643674031860259,accepted
4507-16021-0003_7021-85628-0002_8224-274381-0015_x5,s3,coarse_to_fine,0,False,0.0,-0.057191758617997246,0.9914496910856134,0.36301329753453093,margin
4507-16021-0003_7021-85628-0002_8224-274381-0015_x5,s4,coarse_to_fine,0,True,0.0,0.14337382404387783,1.0,0.3960689238835426,accepted
4507-16021-0003_7021-85628-0002_8224-274381-0015_x5,s5,coarse_to_fine,0,True,0.0,0.10067816837068516,1.0,0.45624600551502753,accepted
4507-16021-0003_7021-85628-0002_8224-274381-0015_x5,s1,coarse_to_fine,1,False,0.0,-0.17873202223970525,1.0,0.2693328869260054,margin
4507-16021-0003_7021-85628-0002_8224-274381-0015_x5,s2,coarse_to_fine,1,True,0.0,0.21436325119296162,1.0,0.3953496214961813,accepted
4507-16021-0003_7021-85628-0002_8224-274381-0015_x5,s3,coarse_to_fine,1,False,0.0,-0.1926134128597795,0.9914496910856134,0.36301329753453093,margin
4507-16021-0003_7021-85628-0002_8224-274381-0015_x5,s4,coarse_to_fine,1,True,0.0,0.22398478398790034,1.0,0.44198656943089776,accepted
4507-16021-0003_7021-85628-0002_8224-274381-0015_x5,s5,coarse_to_fine,1,True,0.0,0.16814715849826845,0.9913393645189762,0.41027244172566535,accepted
1284-1180-0028_1580-141084-0024_237-126133-0007_x5,s1,gated_deflation,0,False,0.0,-0.013104657909417339,1.0,0.7834995604332157,margin
1284-1180-0028_1580-141084-0024_237-126133-0007_x5,s2,gated_deflation,0,True,0.0,0.19037441044843162,1.0,0.7067312851143234,accepted
1284-1180-0028_1580-141084-0024_237-126133-0007_x5,s3,gated_deflation,0,False,0.0,-0.09495067278269644,1.0,0.6959680623339692,margin
1284-1180-0028_1580-141084-0024_237-126133-0007_x5,s4,gated_deflation,0,True,0.0001357345525097643,0.3105265089183381,1.0,0.6175258218432529,accepted
1284-1180-0028_1580-141084-0024_237-126133-0007_x5,s5,gated_deflation,0,False,0.0,0.08430472131926506,1.0,0.7151916103119073,margin
1284-1180-0028_1580-141084-0024_237-126133-0007_x5,s1,coarse_to_fine,0,False,0.0,-0.3234774456879711,1.0,0.5100114626572257,margin
1284-1180-0028_1580-141084-0024_237-126133-0007_x5,s2,coarse_to_fine,0,False,0.0,-0.009424776633783105,1.0,0.5437754393850807,margin
1284-1180-0028_1580-141084-0024_237-126133-0007_x5,s3,coarse_to_fine,0,False,0.0,-0.23334591720434059,1.0,0.4913746401517596,margin
1284-1180-0028_1580-141084-0024_237-126133-0007_x5,s4,coarse_to_fine,0,True,0.0001357345525097643,0.17841875176102584,1.0,0.45540361178250044,accepted
1284-1180-0028_1580-141084-0024_237-126133-0007_x5,s5,coarse_to_fine,0,False,0.0,-0.10138996197304984,1.0,0.49796398268739883,margin
1284-1180-0028_1580-141084-0024_237-126133-0007_x5,s1,coarse_to_fine,1,False,0.0,-0.49010462343375716,1.0,0.5100114626572257,margin
1284-1180-0028_1580-141084-0024_237-126133-0007_x5,s2,coarse_to_fine,1,False,0.0,-0.23346048805979536,1.0,0.5437754393850807,margin
1284-1180-0028_1580-141084-0024_237-126133-0007_x5,s3,coarse_to_fine,1,False,0.0,-0.34298397189921204,1.0,0.4913746401517596,margin
1284-1180-0028_1580-141084-0024_237-126133-0007_x5,s4,coarse_to_fine,1,True,0.0001357345525097643,0.4406557321481683,1.0,0.44707430532130416,accepted
1284-1180-0028_1580-141084-0024_237-126133-0007_x5,s5,coarse_to_fine,1,False,0.0,-0.3470274418636302,1.0,0.49796398268739883,margin
5639-40744-0004_4992-41806-0011_672-122797-0012_x5,s1,gated_deflation,0,True,0.00019956561852095124,0.5152906924616518,0.9910264105642257,0.5662294596833085,accepted
5639-40744-0004_4992-41806-0011_672-122797-0012_x5,s2,gated_deflation,0,True,0.0,0.11661824976828356,1.0,0.6850026674545695,accepted
5639-40744-0004_4992-41806-0011_672-122797-0012_x5,s3,gated_deflation,0,False,0.0,-0.21861946609479885,1.0,0.7633674922692087,margin
5639-40744-0004_4992-41806-0011_672-122797-0012_x5,s4,gated_deflation,0,False,0.0,-0.007175143934001704,0.974609843937575,0.662194027413884,margin
5639-40744-0004_4992-41806-0011_672-122797-0012_x5,s5,gated_deflation,0,False,0.0,0.012008962136329182,1.0,0.8722680722610644,margin
5639-40744-0004_4992-41806-0011_672-122797-0012_x5,s1,coarse_to_fine,0,True,0.00019956561852095124,0.2760394485471295,1.0,0.42646549013642837,accepted
5639-40744-0004_4992-41806-0011_672-122797-0012_x5,s2,coarse_to_fine,0,False,0.0,-0.008664596196433783,1.0,0.35092563154494744,margin
5639-40744-0004_4992-41806-0011_672-122797-0012_x5,s3,coarse_to_fine,0,False,0.0,-0.31470898942522585,1.0,0.5114154349972333,margin
5639-40744-0004_4992-41806-0011_672-122797-0012_x5,s4,coarse_to_fine,0,False,0.0,-0.42865396260570254,0.9925270108043217,0.4378494119876029,margin
5639-40744-0004_4992-41806-0011_672-122797-0012_x5,s5,coarse_to_fine,0,True,0.0,0.12783648304624073,1.0,0.5663444734172064,accepted
5639-40744-0004_4992-41806-0011_672-122797-0012_x5,s1,coarse_to_fine,1,True,0.00019956561852095124,0.4334725783144924,1.0,0.45494217137641174,accepted
5639-40744-0004_4992-41806-0011_672-122797-0012_x5,s2,coarse_to_fine,1,False,0.0,-0.17963037969293533,1.0,0.35092563154494744,margin
5639-40744-0004_4992-41806-0011_672-122797-0012_x5,s3,coarse_to_fine,1,False,0.0,-0.5892489649919044,1.0,0.5114154349972333,margin
5639-40744-0004_4992-41806-0011_672-122797-0012_x5,s4,coarse_to_fine,1,False,0.0,-0.7490812685835669,0.9925270108043217,0.4378494119876029,margin
5639-40744-0004_4992-41806-0011_672-122797-0012_x5,s5,coarse_to_fine,1,True,0.0,0.4202794952970012,1.0,0.5519892327591844,accepted
8463-294828-0033_3729-6852-0019_4507-16021-0039_x5,s1,gated_deflation,0,False,0.0,0.07837307997211074,1.0,0.8260127883096872,margin
8463-294828-0033_3729-6852-0019_4507-16021-0039_x5,s2,gated_deflation,0,False,0.0,0.013395364051649483,1.0,0.8855475480798929,margin
8463-294828-0033_3729-6852-0019_4507-16021-0039_x5,s3,gated_deflation,0,True,9.120302008640598e-05,0.37539835002433625,0.9827819198508854,0.4800580239428963,accepted
8463-294828-0033_3729-6852-0019_4507-16021-0039_x5,s4,gated_deflation,0,True,0.0,0.12548434705716544,1.0,0.7939070615167454,accepted
8463-294828-0033_3729-6852-0019_4507-16021-0039_x5,s5,gated_deflation,0,False,0.0,0.010196016863888935,1.0,0.8643314840214842,margin
8463-294828-0033_3729-6852-0019_4507-16021-0039_x5,s1,coarse_to_fine,0,False,0.0,-0.20312410558185745,1.0,0.4618979689521697,margin
8463-294828-0033_3729-6852-0019_4507-16021-0039_x5,s2,coarse_to_fine,0,False,0.0,0.04853711203759575,1.0,0.2596098650263438,margin
8463-294828-0033_3729-6852-0019_4507-16021-0039_x5,s3,coarse_to_fine,0,True,9.120302008640598e-05,0.18481204499057519,0.9878611369990681,0.29485955234179606,accepted
8463-294828-0033_3729-6852-0019_4507-16021-0039_x5,s4,coarse_to_fine,0,False,0.0,-0.09577026178837533,1.0,0.32736716733222604,margin
8463-294828-0033_3729-6852-0019_4507-16021-0039_x5,s5,coarse_to_fine,0,False,0.0,-0.12172545006270913,1.0,0.39092521597497365,margin
8463-294828-0033_3729-6852-0019_4507-16021-0039_x5,s1,coarse_to_fine,1,False,0.0,-0.3883747401242452,1.0,0.4618979689521697,margin
8463-294828-0033_3729-6852-0019_4507-16021-0039_x5,s2,coarse_to_fine,1,False,0.0,-0.08767768579309237,1.0,0.2596098650263438,margin
8463-294828-0033_3729-6852-0019_4507-16021-0039_x5,s3,coarse_to_fine,1,True,9.120302008640598e-05,0.47790498157679184,1.0,0.2819859840427698,accepted
8463-294828-0033_3729-6852-0019_4507-16021-0039_x5,s4,coarse_to_fine,1,False,0.0,-0.2758624671897115,1.0,0.32736716733222604,margin
8463-294828-0033_3729-6852-0019_4507-16021-0039_x5,s5,coarse_to_fine,1,False,0.0,-0.12172545006270913,1.0,0.39092521597497365,margin
1221-135767-0021_4446-2273-0010_4507-16021-0024_x5,s1,gated_deflation,0,False,0.0,0.09530336639095671,1.0,0.5612459451974977,margin
1221-135767-0021_4446-2273-0010_4507-16021-0024_x5,s2,gated_deflation,0,False,0.0,0.08159951357447465,0.9895323426573427,0.5623452024800777,margin
1221-135767-0021_4446-2273-0010_4507-16021-0024_x5,s3,gated_deflation,0,False,0.0,0.013146720399900225,0.9988828502415459,0.7931972591393432,margin
1221-135767-0021_4446-2273-0010_4507-16021-0024_x5,s4,gated_deflation,0,True,0.0,0.12071186577014659,1.0,0.8961268989461206,accepted
1221-135767-0021_4446-2273-0010_4507-16021-0024_x5,s5,gated_deflation,0,False,0.0,0.015590435889277166,1.0,0.8630770614404507,margin
1221-135767-0021_4446-2273-0010_4507-16021-0024_x5,s1,coarse_to_fine,0,True,0.0,0.1463022596524235,1.0,0.41829790156342744,accepted
1221-135767-0021_4446-2273-0010_4507-16021-0024_x5,s2,coarse_to_fine,0,False,0.0,-0.08913794873072312,0.9902753496503497,0.4113668703880138,margin
1221-135767-0021_4446-2273-0010_4507-16021-0024_x5,s3,coarse_to_fine,0,False,0.0,-0.20109699988491175,1.0,0.2960538450488177,margin
1221-135767-0021_4446-2273-0010_4507-16021-0024_x5,s4,coarse_to_fine,0,False,0.0,-0.1711020614817053,1.0,0.5091101755742962,margin
1221-135767-0021_4446-2273-0010_4507-16021-0024_x5,s5,coarse_to_fine,0,True,0.0,0.10984320423977931,1.0,0.4116572930096709,accepted
1221-135767-0021_4446-2273-0010_4507-16021-0024_x5,s1,coarse_to_fine,1,True,0.0,0.45513955702041126,1.0,0.4281403830763874,accepted
1221-135767-0021_4446-2273-0010_4507-16021-0024_x5,s2,coarse_to_fine,1,False,0.0,-0.3301652111212815,0.9902753496503497,0.4113668703880138,margin
1221-135767-0021_4446-2273-0010_4507-16021-0024_x5,s3,coarse_to_fine,1,False,0.0,-0.4978980187195124,1.0,0.2960538450488177,margin
1221-135767-0021_4446-2273-0010_4507-16021-0024_x5,s4,coarse_to_fine,1,False,0.0,-0.36296721960942535,1.0,0.5091101755742962,margin
1221-135767-0021_4446-2273-0010_4507-16021-0024_x5,s5,coarse_to_fine,1,True,0.0,0.43256402619997875,1.0,0.3766270819332048,accepted
5142-33396-0014_2961-960-0003_7021-85628-0009_x5,s1,gated_deflation,0,False,0.0,0.11658660000913357,1.0,0.9255982371481191,artifact_score
5142-33396-0014_2961-960-0003_7021-85628-0009_x5,s2,gated_deflation,0,True,0.0001752315575855628,0.2512832823868734,0.9991355866355867,0.5486915152754396,accepted
5142-33396-0014_2961-960-0003_7021-85628-0009_x5,s3,gated_deflation,0,False,0.0,0.0025498702538105378,1.0,0.8033126640589897,margin
5142-33396-0014_2961-960-0003_7021-85628-0009_x5,s4,gated_deflation,0,False,0.0,0.06455832601819056,1.0,0.6561496709669145,margin
5142-33396-0014_2961-960-0003_7021-85628-0009_x5,s5,gated_deflation,0,False,0.0,-0.004682043153111215,1.0,0.9286681851458775,margin
5142-33396-0014_2961-960-0003_7021-85628-0009_x5,s1,coarse_to_fine,0,False,0.0,-0.2692348940874285,1.0,0.5535692737244475,margin
5142-33396-0014_2961-960-0003_7021-85628-0009_x5,s2,coarse_to_fine,0,False,0.0001752315575855628,-0.0866241802878539,1.0,0.4480296253893642,margin
5142-33396-0014_2961-960-0003_7021-85628-0009_x5,s3,coarse_to_fine,0,False,0.0,-0.00902775669833189,1.0,0.5286608944476766,margin
5142-33396-0014_2961-960-0003_7021-85628-0009_x5,s4,coarse_to_fine,0,False,0.0,0.09976122283372096,1.0,0.4721901669643974,margin
5142-33396-0014_2961-960-0003_7021-85628-0009_x5,s5,coarse_to_fine,0,False,0.0,-0.245938864963894,1.0,0.5588650766857045,margin
5142-33396-0014_2961-960-0003_7021-85628-0009_x5,s1,coarse_to_fine,1,False,0.0,-0.2692348940874285,1.0,0.5535692737244475,margin
5142-33396-0014_2961-960-0003_7021-85628-0009_x5,s2,coarse_to_fine,1,False,0.0001752315575855628,-0.0866241802878539,1.0,0.4480296253893642,margin
5142-33396-0014_2961-960-0003_7021-85628-0009_x5,s3,coarse_to_fine,1,False,0.0,-0.00902775669833189,1.0,0.5286608944476766,margin
5142-33396-0014_2961-960-0003_7021-85628-0009_x5,s4,coarse_to_fine,1,False,0.0,0.09976122283372096,1.0,0.4721901669643974,margin
5142-33396-0014_2961-960-0003_7021-85628-0009_x5,s5,coarse_to_fine,1,False,0.0,-0.245938864963894,1.0,0.5588650766857045,margin
4970-29095-0001_2830-3980-0047_8224-274384-0002_x5,s1,gated_deflation,0,True,0.0001843136115821975,0.43439467527191994,0.9696398184912082,0.5873186903431232,accepted
4970-29095-0001_2830-3980-0047_8224-274384-0002_x5,s2,gated_deflation,0,False,0.0,0.018860358964919943,1.0,0.7454261343542186,margin
4970-29095-0001_2830-3980-0047_8224-274384-0002_x5,s3,gated_deflation,0,False,0.0,0.07759571533156417,0.98155133295519,0.6627371533468511,margin
4970-29095-0001_2830-3980-0047_8224-274384-0002_x5,s4,gated_deflation,0,False,0.0,-0.027527543370124363,1.0,0.6942047510585502,margin
4970-29095-0001_2830-3980-0047_8224-274384-0002_x5,s5,gated_deflation,0,False,0.0,0.0489061170271351,1.0,0.8840830333404456,margin
4970-29095-0001_2830-3980-0047_8224-274384-0002_x5,s1,coarse_to_fine,0,True,0.0001843136115821975,0.3173166324312735,0.9696398184912082,0.49844145240233817,accepted
4970-29095-0001_2830-3980-0047_8224-274384-0002_x5,s2,coarse_to_fine,0,False,0.0,-0.027425610809053147,1.0,0.44855432417504487,margin
4970-29095-0001_2830-3980-0047_8224-274384-0002_x5,s3,coarse_to_fine,0,False,0.0,0.04421536594669839,0.98155133295519,0.39754569495294123,margin
4970-29095-0001_2830-3980-0047_8224-274384-0002_x5,s4,coarse_to_fine,0,False,0.0,-0.30907275719008637,1.0,0.3621731444004628,margin
4970-29095-0001_2830-3980-0047_8224-274384-0002_x5,s5,coarse_to_fine,0,True,0.0,0.1524493780221648,1.0,0.43348178905102064,accepted
4970-29095-0001_2830-3980-0047_8224-274384-0002_x5,s1,coarse_to_fine,1,True,0.0001843136115821975,0.5249365395687402,0.9695830969937607,0.4982729252898954,accepted
4970-29095-0001_2830-3980-0047_8224-274384-0002_x5,s2,coarse_to_fine,1,False,0.0,-0.17878711492924887,1.0,0.44855432417504487,margin
4970-29095-0001_2830-3980-0047_8224-274384-0002_x5,s3,coarse_to_fine,1,False,0.0,-0.08265658764020595,0.98155133295519,0.39754569495294123,margin
4970-29095-0001_2830-3980-0047_8224-274384-0002_x5,s4,coarse_to_fine,1,False,0.0,-0.31955030922202937,1.0,0.3621731444004628,margin
4970-29095-0001_2830-3980-0047_8224-274384-0002_x5,s5,coarse_to_fine,1,True,0.0,0.4910266718180647,1.0,0.45270590954066997,accepted
6930-75918-0011_2094-142345-0015_61-70968-0056_x5,s1,gated_deflation,0,False,0.0,0.09666540034118054,1.0,0.9326437677944646,margin
6930-75918-0011_2094-142345-0015_61-70968-0056_x5,s2,gated_deflation,0,True,0.0001426811431275118,0.4239804556871517,1.0,0.51236509493669,accepted
6930-75918-0011_2094-142345-0015_61-70968-0056_x5,s3,gated_deflation,0,False,0.0,0.08523983506773003,1.0,0.9086141282876484,margin
6930-75918-0011_2094-142345-0015_61-70968-0056_x5,s4,gated_deflation,0,False,0.0,0.003012389561919182,1.0,0.8302476027792353,margin
6930-75918-0011_2094-142345-0015_61-70968-0056_x5,s5,gated_deflation,0,True,0.0,0.1482703558799106,1.0,0.8381004139306542,accepted
6930-75918-0011_2094-142345-0015_61-70968-0056_x5,s1,coarse_to_fine,0,False,0.0,-0.09556837192256823,1.0,0.6394751139561318,margin
6930-75918-0011_2094-142345-0015_61-70968-0056_x5,s2,coarse_to_fine,0,False,0.0001426811431275118,0.08240024309106225,1.0,0.40245994109867506,margin
6930-75918-0011_2094-142345-0015_61-70968-0056_x5,s3,coarse_to_fine,0,False,0.0,0.01864180486142772,1.0,0.5740810081125128,margin
6930-75918-0011_2094-142345-0015_61-70968-0056_x5,s4,coarse_to_fine,0,False,0.0,-0.09197553960834526,1.0,0.5861114976712911,margin
6930-75918-0011_2094-142345-0015_61-70968-0056_x5,s5,coarse_to_fine,0,False,0.0,-0.009919199449381633,1.0,0.43954000848056307,margin
6930-75918-0011_2094-142345-0015_61-70968-0056_x5,s1,coarse_to_fine,1,False,0.0,-0.09556837192256823,1.0,0.6394751139561318,margin
6930-75918-0011_2094-142345-0015_61-70968-0056_x5,s2,coarse_to_fine,1,False,0.0001426811431275118,0.08240024309106225,1.0,0.40245994109867506,margin
6930-75918-0011_2094-142345-0015_61-70968-0056_x5,s3,coarse_to_fine,1,False,0.0,0.01864180486142772,1.0,0.5740810081125128,margin
6930-75918-0011_2094-142345-0015_61-70968-0056_x5,s4,coarse_to_fine,1,False,0.0,-0.09197553960834526,1.0,0.5861114976712911,margin
6930-75918-0011_2094-142345-0015_61-70968-0056_x5,s5,coarse_to_fine,1,False,0.0,-0.009919199449381633,1.0,0.43954000848056307,margin
3570-5696-0000_5639-40744-0032_8455-210777-0025_x5,s1,gated_deflation,0,False,0.0,0.06581381564186534,1.0,0.6703853160985428,margin
3570-5696-0000_5639-40744-0032_8455-210777-0025_x5,s2,gated_deflation,0,True,0.00010350407577052508,0.33113924271713197,1.0,0.5107387815725929,accepted
3570-5696-0000_5639-40744-0032_8455-210777-0025_x5,s3,gated_deflation,0,False,0.0,0.06373903647155257,1.0,0.8938341215920613,margin
3570-5696-0000_5639-40744-0032_8455-210777-0025_x5,s4,gated_deflation,0,False,0.0,-0.07144077553590167,1.0,0.7734742880596033,margin
3570-5696-0000_5639-40744-0032_8455-210777-0025_x5,s5,gated_deflation,0,False,0.0,0.014519382649173518,1.0,0.715492965773907,margin
3570-5696-0000_5639-40744-0032_8455-210777-0025_x5,s1,coarse_to_fine,0,False,0.0,0.09844653847757046,1.0,0.3798647611218538,margin
3570-5696-0000_5639-40744-0032_8455-210777-0025_x5,s2,coarse_to_fine,0,False,0.00010350407577052508,-0.039258069406109874,1.0,0.40352764932385465,margin
3570-5696-0000_5639-40744-0032_8455-210777-0025_x5,s3,coarse_to_fine,0,False,0.0,0.008246428182239918,1.0,0.3802501475285083,margin
3570-5696-0000_5639-40744-0032_8455-210777-0025_x5,s4,coarse_to_fine,0,False,0.0,-0.09606774299690735,1.0,0.3702028655829843,margin
3570-5696-0000_5639-40744-0032_8455-210777-0025_x5,s5,coarse_to_fine,0,True,0.0,0.11037213341582114,1.0,0.42009904559537586,accepted
3570-5696-0000_5639-40744-0032_8455-210777-0025_x5,s1,coarse_to_fine,1,False,0.0,-0.07567852228254096,1.0,0.3798647611218538,margin
3570-5696-0000_5639-40744-0032_8455-210777-0025_x5,s2,coarse_to_fine,1,False,0.00010350407577052508,-0.3959839381130584,1.0,0.40352764932385465,margin
3570-5696-0000_5639-40744-0032_8455-210777-0025_x5,s3,coarse_to_fine,1,False,0.0,-0.24680000120382373,1.0,0.3802501475285083,margin
3570-5696-0000_5639-40744-0032_8455-210777-0025_x5,s4,coarse_to_fine,1,False,0.0,-0.42949714372765485,1.0,0.3702028655829843,margin
3570-5696-0000_5639-40744-0032_8455-210777-0025_x5,s5,coarse_to_fine,1,True,0.0,0.43506690441049733,1.0,0.3822603774465449,accepted
8455-210777-0069_1580-141083-0036_1995-1837-0007_x5,s1,gated_deflation,0,True,0.0,0.16585364791072166,0.969326923076923,0.5988701310408535,accepted
8455-210777-0069_1580-141083-0036_1995-1837-0007_x5,s2,gated_deflation,0,False,0.0,0.0827344532507795,1.0,0.8528330059084293,margin
8455-210777-0069_1580-141083-0036_1995-1837-0007_x5,s3,gated_deflation,0,False,0.0,-0.03215439726483593,0.9602724358974359,0.5389084731791187,margin
8455-210777-0069_1580-141083-0036_1995-1837-0007_x5,s4,gated_deflation,0,True,0.0,0.13817568814488845,1.0,0.8523342661683246,accepted
8455-210777-0069_1580-141083-0036_1995-1837-0007_x5,s5,gated_deflation,0,True,0.0,0.21126540378651984,0.9521317829457364,0.8062855279792469,accepted
8455-210777-0069_1580-141083-0036_1995-1837-0007_x5,s1,coarse_to_fine,0,False,0.0,0.08861245953352825,0.9736698717948717,0.4254831044170942,margin
8455-210777-0069_1580-141083-0036_1995-1837-0007_x5,s2,coarse_to_fine,0,False,0.0,-0.0355359495984712,1.0,0.49529831379125683,margin
8455-210777-0069_1580-141083-0036_1995-1837-0007_x5,s3,coarse_to_fine,0,True,0.0,0.27343934187481234,0.9599038461538462,0.2697898172920251,accepted
8455-210777-0069_1580-141083-0036_1995-1837-0007_x5,s4,coarse_to_fine,0,True,0.0,0.1536449040051876,1.0,0.48768090226960853,accepted
8455-210777-0069_1580-141083-0036_1995-1837-0007_x5,s5,coarse_to_fine,0,False,0.0,-0.20084401552275075,0.950813953488372,0.3789206874441418,margin
8455-210777-0069_1580-141083-0036_1995-1837-0007_x5,s1,coarse_to_fine,1,False,0.0,-0.09366322377757574,0.9736698717948717,0.4254831044170942,margin
8455-210777-0069_1580-141083-0036_1995-1837-0007_x5,s2,coarse_to_fine,1,False,0.0,-0.17562938757097393,1.0,0.49529831379125683,margin
8455-210777-0069_1580-141083-0036_1995-1837-0007_x5,s3,coarse_to_fine,1,True,0.0,0.543922256555078,0.960176282051282,0.27186661809899326,accepted
8455-210777-0069_1580-141083-0036_1995-1837-0007_x5,s4,coarse_to_fine,1,True,0.0,0.357375640061078,1.0,0.4732514105258082,accepted
8455-210777-0069_1580-141083-0036_1995-1837-0007_x5,s5,coarse_to_fine,1,False,0.0,-0.3160360041014836,0.950813953488372,0.3789206874441418,margin
1320-122617-0021_8455-210777-0014_5683-32866-0024_x5,s1,gated_deflation,0,False,0.0,-0.0031851579763345628,1.0,0.798576884326508,margin
1320-122617-0021_8455-210777-0014_5683-32866-0024_x5,s2,gated_deflation,0,True,0.0,0.22211787009593814,1.0,0.8358160179618519,accepted
1320-122617-0021_8455-210777-0014_5683-32866-0024_x5,s3,gated_deflation,0,False,0.0,-0.11925648081965051,1.0,0.5823804894178175,margin
1320-122617-0021_8455-210777-0014_5683-32866-0024_x5,s4,gated_deflation,0,True,0.00015653475865177755,0.3214460809345948,1.0,0.4740517993164014,accepted
1320-122617-0021_8455-210777-0014_5683-32866-0024_x5,s5,gated_deflation,0,False,0.0,-0.051586838606146546,1.0,0.8099949488257894,margin
1320-122617-0021_8455-210777-0014_5683-32866-0024_x5,s1,coarse_to_fine,0,False,0.0,-0.023237545714133195,1.0,0.46437832110240185,margin
1320-122617-0021_8455-210777-0014_5683-32866-0024_x5,s2,coarse_to_fine,0,False,0.0,0.0009585118507572377,1.0,0.3976662029253711,margin
1320-122617-0021_8455-210777-0014_5683-32866-0024_x5,s3,coarse_to_fine,0,False,0.0,-0.15031367938430934,1.0,0.3902817366909589,margin
1320-122617-0021_8455-210777-0014_5683-32866-0024_x5,s4,coarse_to_fine,0,True,0.00015653475865177755,0.2819092432252447,1.0,0.27035423716728546,accepted
1320-122617-0021_8455-210777-0014_5683-32866-0024_x5,s5,coarse_to_fine,0,False,0.0,0.08544274607825775,1.0,0.5009895312197584,margin
1320-122617-0021_8455-210777-0014_5683-32866-0024_x5,s1,coarse_to_fine,1,False,0.0,-0.023237545714133195,1.0,0.46437832110240185,margin
1320-122617-0021_8455-210777-0014_5683-32866-0024_x5,s2,coarse_to_fine,1,False,0.0,0.0009585118507572377,1.0,0.3976662029253711,margin
1320-122617-0021_8455-210777-0014_5683-32866-0024_x5,s3,coarse_to_fine,1,False,0.0,-0.4381620777422391,1.0,0.3902817366909589,margin
1320-122617-0021_8455-210777-0014_5683-32866-0024_x5,s4,coarse_to_fine,1,True,0.00015653475865177755,0.6053293567551532,1.0,0.27135500521071426,accepted
1320-122617-0021_8455-210777-0014_5683-32866-0024_x5,s5,coarse_to_fine,1,False,0.0,0.08544274607825775,1.0,0.5009895312197584,margin
4507-16021-0045_4077-13754-0014_1580-141084-0029_x5,s1,gated_deflation,0,False,0.0,0.019241983671431373,1.0,0.8161141066771358,margin
4507-16021-0045_4077-13754-0014_1580-141084-0029_x5,s2,gated_deflation,0,False,0.0,0.08505569474480468,1.0,0.7113908069871245,margin
4507-16021-0045_4077-13754-0014_1580-141084-0029_x5,s3,gated_deflation,0,True,0.0,0.15429863543594446,1.0,0.7876974609277477,accepted
4507-16021-0045_4077-13754-0014_1580-141084-0029_x5,s4,gated_deflation,0,False,0.0,0.07514377657386795,1.0,0.8640544877909448,margin
4507-16021-0045_4077-13754-0014_1580-141084-0029_x5,s5,gated_deflation,0,True,0.0,0.22103961043730602,0.9954989969909729,0.6514676393365022,accepted
4507-16021-0045_4077-13754-0014_1580-141084-0029_x5,s1,coarse_to_fine,0,False,0.0,-0.060291647978799545,1.0,0.4296356131437751,margin
4507-16021-0045_4077-13754-0014_1580-141084-0029_x5,s2,coarse_to_fine,0,False,0.0,-0.008006488220280106,1.0,0.6127910115280253,margin
4507-16021-0045_4077-13754-0014_1580-141084-0029_x5,s3,coarse_to_fine,0,False,0.0,0.03186362248172897,1.0,0.6029650085944659,margin
4507-16021-0045_4077-13754-0014_1580-141084-0029_x5,s4,coarse_to_fine,0,False,0.0,-0.05382897412850593,1.0,0.555845048273032,margin
4507-16021-0045_4077-13754-0014_1580-141084-0029_x5,s5,coarse_to_fine,0,True,0.0,0.2395958967665987,1.0,0.5348113629605575,accepted
4507-16021-0045_4077-13754-0014_1580-141084-0029_x5,s1,coarse_to_fine,1,False,0.0,-0.14191990808903404,1.0,0.4296356131437751,margin
4507-16021-0045_4077-13754-0014_1580-141084-0029_x5,s2,coarse_to_fine,1,False,0.0,-0.21803333631922156,1.0,0.6127910115280253,margin
4507-16021-0045_4077-13754-0014_1580-141084-0029_x5,s3,coarse_to_fine,1,False,0.0,-0.07296420626456773,1.0,0.6029650085944659,margin
4507-16021-0045_4077-13754-0014_1580-141084-0029_x5,s4,coarse_to_fine,1,False,0.0,-0.10735673820213348,1.0,0.555845048273032,margin
4507-16021-0045_4077-13754-0014_1580-141084-0029_x5,s5,coarse_to_fine,1,True,0.0,0.44796376250262027,1.0,0.511169809523397,accepted
8224-274381-0006_4446-2275-0012_6829-68769-0002_x5,s1,gated_deflation,0,True,0.00011788209994357115,0.3200928728247447,0.9956509746230232,0.4698443203873921,accepted
8224-274381-0006_4446-2275-0012_6829-68769-0002_x5,s2,gated_deflation,0,True,0.0,0.2897988731083867,1.0,0.8585984801432808,accepted
8224-274381-0006_4446-2275-0012_6829-68769-0002_x5,s3,gated_deflation,0,False,0.0,-0.2651374287817263,1.0,0.9130918925847515,margin
8224-274381-0006_4446-2275-0012_6829-68769-0002_x5,s4,gated_deflation,0,False,0.0,-0.016163065064810966,0.9993714644877436,0.7155447143632228,margin
8224-274381-0006_4446-2275-0012_6829-68769-0002_x5,s5,gated_deflation,0,False,0.0,0.004452351951289402,0.9637274733357852,0.5412766864337456,margin
8224-274381-0006_4446-2275-0012_6829-68769-0002_x5,s1,coarse_to_fine,0,True,0.00011788209994357115,0.1746058308636355,1.0,0.33199842308996597,accepted
8224-274381-0006_4446-2275-0012_6829-68769-0002_x5,s2,coarse_to_fine,0,False,0.0,-0.049692071630317886,1.0,0.5122052749430941,margin
8224-274381-0006_4446-2275-0012_6829-68769-0002_x5,s3,coarse_to_fine,0,True,0.0,0.26885253804034465,1.0,0.4000672663796254,accepted
8224-274381-0006_4446-2275-0012_6829-68769-0002_x5,s4,coarse_to_fine,0,False,0.0,-0.006784766899762262,1.0,0.36071729828692123,margin
8224-274381-0006_4446-2275-0012_6829-68769-0002_x5,s5,coarse_to_fine,0,False,0.0,-0.20131042039093044,1.0,0.3079340144480211,margin
8224-274381-0006_4446-2275-0012_6829-68769-0002_x5,s1,coarse_to_fine,1,True,0.00011788209994357115,0.3545602819268916,1.0,0.347861872338253,accepted
8224-274381-0006_4446-2275-0012_6829-68769-0002_x5,s2,coarse_to_fine,1,False,0.0,-0.22555141841655527,1.0,0.5122052749430941,margin
8224-274381-0006_4446-2275-0012_6829-68769-0002_x5,s3,coarse_to_fine,1,True,0.0,0.6069904669600878,1.0,0.3995117981081826,accepted
8224-274381-0006_4446-2275-0012_6829-68769-0002_x5,s4,coarse_to_fine,1,False,0.0,-0.05496342016116024,1.0,0.36071729828692123,margin
8224-274381-0006_4446-2275-0012_6829-68769-0002_x5,s5,coarse_to_fine,1,False,0.0,-0.40728867224692894,1.0,0.3079340144480211,margin
1580-141083-0013_4992-41806-0016_6829-68771-0019_x5,s1,gated_deflation,0,False,0.0,-0.09782731560130997,1.0,0.8948102420945907,margin
1580-141083-0013_4992-41806-0016_6829-68771-0019_x5,s2,gated_deflation,0,True,9.145709606843469e-05,0.4455964453774899,1.0,0.45961192659021144,accepted
1580-141083-0013_4992-41806-0016_6829-68771-0019_x5,s3,gated_deflation,0,False,0.0,-0.038525499819264675,1.0,0.7969314220161344,margin
1580-141083-0013_4992-41806-0016_6829-68771-0019_x5,s4,gated_deflation,0,False,0.0,0.04055290974305881,1.0,0.8113596974100706,margin
1580-141083-0013_4992-41806-0016_6829-68771-0019_x5,s5,gated_deflation,0,False,0.0,-0.008205172675070205,1.0,0.8535593826352567,margin
1580-141083-0013_4992-41806-0016_6829-68771-0019_x5,s1,coarse_to_fine,0,False,0.0,-0.2814888312829246,1.0,0.5324434047787037,margin
1580-141083-0013_4992-41806-0016_6829-68771-0019_x5,s2,coarse_to_fine,0,True,9.145709606843469e-05,0.12764514738151883,1.0,0.3582291186357121,accepted
1580-141083-0013_4992-41806-0016_6829-68771-0019_x5,s3,coarse_to_fine,0,False,0.0,-0.02572787784094166,1.0,0.45924472651293335,margin
1580-141083-0013_4992-41806-0016_6829-68771-0019_x5,s4,coarse_to_fine,0,False,0.0,-0.21816464873373437,1.0,0.5241851497173496,margin
1580-141083-0013_4992-41806-0016_6829-68771-0019_x5,s5,coarse_to_fine,0,False,0.0,-0.3069539851823191,1.0,0.29861609059929706,margin
1580-141083-0013_4992-41806-0016_6829-68771-0019_x5,s1,coarse_to_fine,1,False,0.0,-0.39389182541654166,1.0,0.5324434047787037,margin
1580-141083-0013_4992-41806-0016_6829-68771-0019_x5,s2,coarse_to_fine,1,True,9.145709606843469e-05,0.4037707539221331,1.0,0.34009874808223234,accepted
1580-141083-0013_4992-41806-0016_6829-68771-0019_x5,s3,coarse_to_fine,1,False,0.0,-0.27714410246522914,1.0,0.45924472651293335,margin
1580-141083-0013_4992-41806-0016_6829-68771-0019_x5,s4,coarse_to_fine,1,False,0.0,-0.3019782161411156,1.0,0.5241851497173496,margin
1580-141083-0013_4992-41806-0016_6829-68771-0019_x5,s5,coarse_to_fine,1,False,0.0,-0.4772873318769517,1.0,0.29861609059929706,margin
7127-75946-0014_7729-102255-0038_1284-134647-0002_x5,s1,gated_deflation,0,True,0.0,0.10591764330453013,1.0,0.706400422403608,accepted
7127-75946-0014_7729-102255-0038_1284-134647-0002_x5,s2,gated_deflation,0,True,0.0,0.16826194829565916,1.0,0.7454909484408567,accepted
7127-75946-0014_7729-102255-0038_1284-134647-0002_x5,s3,gated_deflation,0,True,0.00012506839811992146,0.2139911218561697,1.0,0.5090313124648451,accepted
7127-75946-0014_7729-102255-0038_1284-134647-0002_x5,s4,gated_deflation,0,False,0.0,0.10710730577339883,1.0,0.925945569999848,artifact_score
7127-75946-0014_7729-102255-0038_1284-134647-0002_x5,s5,gated_deflation,0,False,0.0,0.06107162964648771,1.0,0.9243733882868267,margin
7127-75946-0014_7729-102255-0038_1284-134647-0002_x5,s1,coarse_to_fine,0,True,0.0,0.1115777770591665,1.0,0.45217997662029213,accepted
7127-75946-0014_7729-102255-0038_1284-134647-0002_x5,s2,coarse_to_fine,0,False,0.0,-0.019172423614729456,1.0,0.39347816141868724,margin
7127-75946-0014_7729-102255-0038_1284-134647-0002_x5,s3,coarse_to_fine,0,False,0.00012506839811992146,0.06616848041710433,1.0,0.38647048292601877,margin
7127-75946-0014_7729-102255-0038_1284-134647-0002_x5,s4,coarse_to_fine,0,False,0.0,-0.027595255328934587,1.0,0.6068965392211877,margin
7127-75946-0014_7729-102255-0038_1284-134647-0002_x5,s5,coarse_to_fine,0,False,0.0,-0.23388968299120327,1.0,0.5915693512155936,margin
7127-75946-0014_7729-102255-0038_1284-134647-0002_x5,s1,coarse_to_fine,1,True,0.0,0.4493572281579784,1.0,0.42244159858106384,accepted
7127-75946-0014_7729-102255-0038_1284-134647-0002_x5,s2,coarse_to_fine,1,False,0.0,-0.11316912014813738,1.0,0.39347816141868724,margin
7127-75946-0014_7729-102255-0038_1284-134647-0002_x5,s3,coarse_to_fine,1,False,0.00012506839811992146,-0.20044225114114228,1.0,0.38647048292601877,margin
7127-75946-0014_7729-102255-0038_1284-134647-0002_x5,s4,coarse_to_fine,1,False,0.0,-0.1507906101198498,1.0,0.6068965392211877,margin
7127-75946-0014_7729-102255-0038_1284-134647-0002_x5,s5,coarse_to_fine,1,False,0.0,-0.32990669902626807,1.0,0.5915693512155936,margin
1580-141083-0023_2300-131720-0013_61-70970-0024_x5,s1,gated_deflation,0,False,0.0,-0.11194097514668544,1.0,0.9156447614164289,margin
1580-141083-0023_2300-131720-0013_61-70970-0024_x5,s2,gated_deflation,0,True,6.233263153463315e-05,0.5173240924757689,1.0,0.49563077144089773,accepted
1580-141083-0023_2300-131720-0013_61-70970-0024_x5,s3,gated_deflation,0,True,0.0,0.19269055555874826,1.0,0.7864657818179508,accepted
1580-141083-0023_2300-131720-0013_61-70970-0024_x5,s4,gated_deflation,0,False,0.0,-0.17907252984285615,1.0,0.8539208123983987,margin
1580-141083-0023_2300-131720-0013_61-70970-0024_x5,s5,gated_deflation,0,False,0.0,-0.00536116193021674,1.0,0.7912762926144163,margin
1580-141083-0023_2300-131720-0013_61-70970-0024_x5,s1,coarse_to_fine,0,False,0.0,-0.027153776793022277,1.0,0.5677706475461037,margin
1580-141083-0023_2300-131720-0013_61-70970-0024_x5,s2,coarse_to_fine,0,False,6.233263153463315e-05,0.08030175875060086,1.0,0.3521476402987973,margin
1580-141083-0023_2300-131720-0013_61-70970-0024_x5,s3,coarse_to_fine,0,True,0.0,0.24381388400306253,1.0,0.49755284760253354,accepted
1580-141083-0023_2300-131720-0013_61-70970-0024_x5,s4,coarse_to_fine,0,False,0.0,-0.13533849261958208,1.0,0.46850647062744694,margin
1580-141083-0023_2300-131720-0013_61-70970-0024_x5,s5,coarse_to_fine,0,False,0.0,-0.15914741490055762,1.0,0.5107367201755614,margin
1580-141083-0023_2300-131720-0013_61-70970-0024_x5,s1,coarse_to_fine,1,False,0.0,-0.03441727424035293,1.0,0.5677706475461037,margin
1580-141083-0023_2300-131720-0013_61-70970-0024_x5,s2,coarse_to_fine,1,False,6.233263153463315e-05,-0.045616386659333485,1.0,0.3521476402987973,margin
1580-141083-0023_2300-131720-0013_61-70970-0024_x5,s3,coarse_to_fine,1,True,0.0,0.5334271446537479,1.0,0.48001129718851343,accepted
1580-141083-0023_2300-131720-0013_61-70970-0024_x5,s4,coarse_to_fine,1,False,0.0,-0.14180750174500545,1.0,0.46850647062744694,margin
1580-141083-0023_2300-131720-0013_61-70970-0024_x5,s5,coarse_to_fine,1,False,0.0,-0.15914741490055762,1.0,0.5107367201755614,margin
1320-122617-0029_1089-134691-0019_2830-3979-0011_x5,s1,gated_deflation,0,True,0.0,0.38143360526457193,1.0,0.6008799992321471,accepted
1320-122617-0029_1089-134691-0019_2830-3979-0011_x5,s2,gated_deflation,0,True,0.0,0.25634989437092404,1.0,0.8692872501895084,accepted
1320-122617-0029_1089-134691-0019_2830-3979-0011_x5,s3,gated_deflation,0,False,0.00012512832644634103,-0.02793766753144794,0.9614909090909091,0.498272457454794,margin
1320-122617-0029_1089-134691-0019_2830-3979-0011_x5,s4,gated_deflation,0,False,0.0,0.08467326911479967,1.0,0.6752597683255391,margin
1320-122617-0029_1089-134691-0019_2830-3979-0011_x5,s5,gated_deflation,0,False,0.0,0.0804722688054702,1.0,0.8379564506056638,margin
1320-122617-0029_1089-134691-0019_2830-3979-0011_x5,s1,coarse_to_fine,0,True,0.0,0.12053079962862245,1.0,0.33623016988673887,accepted
1320-122617-0029_1089-134691-0019_2830-3979-0011_x5,s2,coarse_to_fine,0,True,0.0,0.10828166909074405,1.0,0.49591855862162754,accepted
1320-122617-0029_1089-134691-0019_2830-3979-0011_x5,s3,coarse_to_fine,0,False,0.00012512832644634103,-0.16928457100966304,1.0,0.32985906168769175,margin
1320-122617-0029_1089-134691-0019_2830-3979-0011_x5,s4,coarse_to_fine,0,False,0.0,-0.14395399136348197,1.0,0.38698960835408575,margin
1320-122617-0029_1089-134691-0019_2830-3979-0011_x5,s5,coarse_to_fine,0,True,0.0,0.2803995305096265,1.0,0.5259337610496858,accepted
1320-122617-0029_1089-134691-0019_2830-3979-0011_x5,s1,coarse_to_fine,1,True,0.0,0.21666746572434814,1.0,0.35632394654833843,accepted
1320-122617-0029_1089-134691-0019_2830-3979-0011_x5,s2,coarse_to_fine,1,True,0.0,0.3048227870825762,1.0,0.45504384666636183,accepted
1320-122617-0029_1089-134691-0019_2830-3979-0011_x5,s3,coarse_to_fine,1,False,0.00012512832644634103,-0.5203547548605099,1.0,0.32985906168769175,margin
1320-122617-0029_1089-134691-0019_2830-3979-0011_x5,s4,coarse_to_fine,1,False,0.0,-0.459925544967425,1.0,0.38698960835408575,margin
1320-122617-0029_1089-134691-0019_2830-3979-0011_x5,s5,coarse_to_fine,1,True,0.0,0.5480067893613918,1.0,0.5433162928255045,accepted
7127-75946-0003_3575-170457-0050_260-123288-0013_x5,s1,gated_deflation,0,False,0.0,-0.006414182084473197,1.0,0.8416550323726296,margin
7127-75946-0003_3575-170457-0050_260-123288-0013_x5,s2,gated_deflation,0,False,0.0,0.056239180297568137,0.9932932469935245,0.7132047199536743,margin
7127-75946-0003_3575-170457-0050_260-123288-0013_x5,s3,gated_deflation,0,False,0.0002052132985050991,0.05517478651816027,0.9705843116328708,0.527528932121549,margin
7127-75946-0003_3575-170457-0050_260-123288-0013_x5,s4,gated_deflation,0,True,0.0,0.11532151797594353,1.0,0.8578021885746203,accepted
7127-75946-0003_3575-170457-0050_260-123288-0013_x5,s5,gated_deflation,0,True,0.0,0.15590334853223298,0.9647145144076841,0.5866248072377604,accepted
7127-75946-0003_3575-170457-0050_260-123288-0013_x5,s1,coarse_to_fine,0,False,0.0,0.05352197997362862,1.0,0.5212257025776551,margin
7127-75946-0003_3575-170457-0050_260-123288-0013_x5,s2,coarse_to_fine,0,False,0.0,0.08646986024344328,1.0,0.315903829253225,margin
7127-75946-0003_3575-170457-0050_260-123288-0013_x5,s3,coarse_to_fine,0,False,0.0002052132985050991,0.04462778489752717,0.9874599786552828,0.36292765529140175,margin
7127-75946-0003_3575-170457-0050_260-123288-0013_x5,s4,coarse_to_fine,0,False,0.0,-0.039932432291175324,1.0,0.6094474752248858,margin
7127-75946-0003_3575-170457-0050_260-123288-0013_x5,s5,coarse_to_fine,0,True,0.0,0.12067421614223545,0.9860592315901814,0.34916694992877373,accepted
7127-75946-0003_3575-170457-0050_260-123288-0013_x5,s1,coarse_to_fine,1,False,0.0,0.05352197997362862,1.0,0.5212257025776551,margin
7127-75946-0003_3575-170457-0050_260-123288-0013_x5,s2,coarse_to_fine,1,False,0.0,-0.009702226955589421,1.0,0.315903829253225,margin
7127-75946-0003_3575-170457-0050_260-123288-0013_x5,s3,coarse_to_fine,1,False,0.0002052132985050991,-0.1914741847386967,0.9874599786552828,0.36292765529140175,margin
7127-75946-0003_3575-170457-0050_260-123288-0013_x5,s4,coarse_to_fine,1,False,0.0,-0.10652061537549867,1.0,0.6094474752248858,margin
7127-75946-0003_3575-170457-0050_260-123288-0013_x5,s5,coarse_to_fine,1,True,0.0,0.4178198522908039,0.9878868729989327,0.35816929822196114,accepted
5105-28240-0004_5142-33396-0001_3575-170457-0014_x5,s1,gated_deflation,0,True,0.0,0.12963073034268496,1.0,0.7455271208637867,accepted
5105-28240-0004_5142-33396-0001_3575-170457-0014_x5,s2,gated_deflation,0,True,0.0,0.14785789690165702,1.0,0.7971491869155116,accepted
5105-28240-0004_5142-33396-0001_3575-170457-0014_x5,s3,gated_deflation,0,False,0.0,0.04842754892949391,0.9822843309859155,0.6739696810938366,margin
5105-28240-0004_5142-33396-0001_3575-170457-0014_x5,s4,gated_deflation,0,True,0.0,0.1627325317827666,0.9792033450704225,0.6777814541450987,accepted
5105-28240-0004_5142-33396-0001_3575-170457-0014_x5,s5,gated_deflation,0,False,0.0,0.0010316363328286837,1.0,0.8544879065499085,margin
5105-28240-0004_5142-33396-0001_3575-170457-0014_x5,s1,coarse_to_fine,0,False,0.0,-0.09083739256496631,1.0,0.5379278526831025,margin
5105-28240-0004_5142-33396-0001_3575-170457-0014_x5,s2,coarse_to_fine,0,False,0.0,-0.02752966308892113,1.0,0.5872828778378791,margin
5105-28240-0004_5142-33396-0001_3575-170457-0014_x5,s3,coarse_to_fine,0,False,0.0,-0.1866377464631658,1.0,0.3662032169500195,margin
5105-28240-0004_5142-33396-0001_3575-170457-0014_x5,s4,coarse_to_fine,0,False,0.0,-0.015339465889584236,1.0,0.4960156804424866,margin
5105-28240-0004_5142-33396-0001_3575-170457-0014_x5,s5,coarse_to_fine,0,False,0.0,0.09452411439634005,1.0,0.35660686624049337,margin
5105-28240-0004_5142-33396-0001_3575-170457-0014_x5,s1,coarse_to_fine,1,False,0.0,-0.09083739256496631,1.0,0.5379278526831025,margin
5105-28240-0004_5142-33396-0001_3575-170457-0014_x5,s2,coarse_to_fine,1,False,0.0,-0.02752966308892113,1.0,0.5872828778378791,margin
5105-28240-0004_5142-33396-0001_3575-170457-0014_x5,s3,coarse_to_fine,1,False,0.0,-0.1866377464631658,1.0,0.3662032169500195,margin
5105-28240-0004_5142-33396-0001_3575-170457-0014_x5,s4,coarse_to_fine,1,False,0.0,-0.015339465889584236,1.0,0.4960156804424866,margin
5105-28240-0004_5142-33396-0001_3575-170457-0014_x5,s5,coarse_to_fine,1,False,0.0,0.09452411439634005,1.0,0.35660686624049337,margin
2961-961-0000_5639-40744-0034_8455-210777-0000_x5,s1,gated_deflation,0,True,0.0,0.11751358383475136,1.0,0.8674398205832198,accepted
2961-961-0000_5639-40744-0034_8455-210777-0000_x5,s2,gated_deflation,0,True,9.347629370821317e-05,0.2848693117300725,0.9463040671400904,0.4977575457638571,accepted
2961-961-0000_5639-40744-0034_8455-210777-0000_x5,s3,gated_deflation,0,True,0.0,0.19144603721790965,0.9588282763072951,0.6726892734444018,accepted
2961-961-0000_5639-40744-0034_8455-210777-0000_x5,s4,gated_deflation,0,False,0.0,-0.004946992852579268,1.0,0.9116586343896034,margin
2961-961-0000_5639-40744-0034_8455-210777-0000_x5,s5,gated_deflation,0,True,0.0,0.12101936407771127,1.0,0.79383625190807,accepted
2961-961-0000_5639-40744-0034_8455-210777-0000_x5,s1,coarse_to_fine,0,False,0.0,-0.11339293870133535,1.0,0.5308236847289729,margin
2961-961-0000_5639-40744-0034_8455-210777-0000_x5,s2,coarse_to_fine,0,False,9.347629370821317e-05,-0.09971162605988404,1.0,0.36424431345443425,margin
2961-961-0000_5639-40744-0034_8455-210777-0000_x5,s3,coarse_to_fine,0,False,0.0,-0.20614081433544387,1.0,0.40641998190598116,margin
2961-961-0000_5639-40744-0034_8455-210777-0000_x5,s4,coarse_to_fine,0,False,0.0,-0.10547575527808553,1.0,0.6043324375407121,margin
2961-961-0000_5639-40744-0034_8455-210777-0000_x5,s5,coarse_to_fine,0,True,0.0,0.10310850361203427,1.0,0.4437691049133048,accepted
2961-961-0000_5639-40744-0034_8455-210777-0000_x5,s1,coarse_to_fine,1,False,0.0,-0.2079322979904671,1.0,0.5308236847289729,margin
2961-961-0000_5639-40744-0034_8455-210777-0000_x5,s2,coarse_to_fine,1,False,9.347629370821317e-05,-0.3435697612352055,1.0,0.36424431345443425,margin
2961-961-0000_5639-40744-0034_8455-210777-0000_x5,s3,coarse_to_fine,1,False,0.0,-0.24773294250363184,1.0,0.40641998190598116,margin
2961-961-0000_5639-40744-0034_8455-210777-0000_x5,s4,coarse_to_fine,1,False,0.0,-0.10547575527808553,1.0,0.6043324375407121,margin
2961-961-0000_5639-40744-0034_8455-210777-0000_x5,s5,coarse_to_fine,1,True,0.0,0.4408079453790885,1.0,0.43761576061428825,accepted
1580-141084-0034_672-122797-0074_1221-135767-0005_x5,s1,gated_deflation,0,True,0.0,0.1565857425865384,1.0,0.8506005545465651,accepted
1580-141084-0034_672-122797-0074_1221-135767-0005_x5,s2,gated_deflation,0,False,0.0,-0.21306684164869988,0.95629042690815,0.6714871721390667,margin
1580-141084-0034_672-122797-0074_1221-135767-0005_x5,s3,gated_deflation,0,False,0.0,-0.13389648034612966,0.998535457348407,0.7947493335015893,margin
1580-141084-0034_672-122797-0074_1221-135767-0005_x5,s4,gated_deflation,0,True,0.00014658057651455438,0.43385206082340677,0.9804333764553687,0.563633555510546,accepted
1580-141084-0034_672-122797-0074_1221-135767-0005_x5,s5,gated_deflation,0,False,0.0,0.014893330567235297,1.0,0.8320641907645766,margin
1580-141084-0034_672-122797-0074_1221-135767-0005_x5,s1,coarse_to_fine,0,False,0.0,-0.14089144120187824,1.0,0.5286986641998542,margin
1580-141084-0034_672-122797-0074_1221-135767-0005_x5,s2,coarse_to_fine,0,False,0.0,-0.28707933263821556,1.0,0.44673879363396374,margin
1580-141084-0034_672-122797-0074_1221-135767-0005_x5,s3,coarse_to_fine,0,True,0.0,0.18326901624841488,1.0,0.5210490537757418,accepted
1580-141084-0034_672-122797-0074_1221-135767-0005_x5,s4,coarse_to_fine,0,True,0.00014658057651455438,0.148031627526779,1.0,0.37951083023029925,accepted
1580-141084-0034_672-122797-0074_1221-135767-0005_x5,s5,coarse_to_fine,0,True,0.0,0.11512799751435004,1.0,0.46035415381168876,accepted
1580-141084-0034_672-122797-0074_1221-135767-0005_x5,s1,coarse_to_fine,1,False,0.0,-0.4590067833840267,1.0,0.5286986641998542,margin
1580-141084-0034_672-122797-0074_1221-135767-0005_x5,s2,coarse_to_fine,1,False,0.0,-0.5286439898876285,1.0,0.44673879363396374,margin
1580-141084-0034_672-122797-0074_1221-135767-0005_x5,s3,coarse_to_fine,1,True,0.0,0.5314599448529549,1.0,0.5257605396220608,accepted
1580-141084-0034_672-122797-0074_1221-135767-0005_x5,s4,coarse_to_fine,1,True,0.00014658057651455438,0.2783132912221734,1.0,0.4043065740096073,accepted
1580-141084-0034_672-122797-0074_1221-135767-0005_x5,s5,coarse_to_fine,1,True,0.0,0.31303130842021254,1.0,0.48558563186630677,accepted
1320-122617-0008_6829-68769-0034_1188-133604-0015_x5,s1,gated_deflation,0,False,0.0,-0.056534168937203144,1.0,0.8915082985964133,margin
1320-122617-0008_6829-68769-0034_1188-133604-0015_x5,s2,gated_deflation,0,False,0.0,-0.013858633100777007,1.0,0.833593014355338,margin
1320-122617-0008_6829-68769-0034_1188-133604-0015_x5,s3,gated_deflation,0,True,0.00017563637994065097,0.4956952059286853,0.9906482106684672,0.447076123282966,accepted
1320-122617-0008_6829-68769-0034_1188-133604-0015_x5,s4,gated_deflation,0,False,0.0,-0.024524760996009753,1.0,0.8789584125864246,margin
1320-122617-0008_6829-68769-0034_1188-133604-0015_x5,s5,gated_deflation,0,False,0.0,-0.03844060003384697,1.0,0.7976598316881143,margin
1320-122617-0008_6829-68769-0034_1188-133604-0015_x5,s1,coarse_to_fine,0,False,0.0,-0.41063480265226227,1.0,0.48995257913258294,margin
1320-122617-0008_6829-68769-0034_1188-133604-0015_x5,s2,coarse_to_fine,0,False,0.0,0.07374123610029393,1.0,0.44577436317718383,margin
1320-122617-0008_6829-68769-0034_1188-133604-0015_x5,s3,coarse_to_fine,0,True,0.00017563637994065097,0.34745413016539695,0.9922518568534774,0.36624751784553533,accepted
1320-122617-0008_6829-68769-0034_1188-133604-0015_x5,s4,coarse_to_fine,0,False,0.0,-0.27755238992445,1.0,0.35701655969644014,margin
1320-122617-0008_6829-68769-0034_1188-133604-0015_x5,s5,coarse_to_fine,0,False,0.0,-0.05030362223121104,1.0,0.5225838205773138,margin
1320-122617-0008_6829-68769-0034_1188-133604-0015_x5,s1,coarse_to_fine,1,False,0.0,-0.43715221851269254,1.0,0.48995257913258294,margin
1320-122617-0008_6829-68769-0034_1188-133604-0015_x5,s2,coarse_to_fine,1,False,0.0,-0.0665802276351874,1.0,0.44577436317718383,margin
1320-122617-0008_6829-68769-0034_1188-133604-0015_x5,s3,coarse_to_fine,1,True,0.00017563637994065097,0.6084332745846877,1.0,0.40050563418506707,accepted
1320-122617-0008_6829-68769-0034_1188-133604-0015_x5,s4,coarse_to_fine,1,False,0.0,-0.27755238992445,1.0,0.35701655969644014,margin
1320-122617-0008_6829-68769-0034_1188-133604-0015_x5,s5,coarse_to_fine,1,False,0.0,-0.22414103971051713,1.0,0.5225838205773138,margin
61-70968-0050_4970-29093-0000_7729-102255-0000_x5,s1,gated_deflation,0,True,0.00024134844934673802,0.3624417779010208,1.0,0.6773584557896409,accepted
61-70968-0050_4970-29093-0000_7729-102255-0000_x5,s2,gated_deflation,0,True,0.0,0.34263332544905645,1.0,0.8488293647333521,accepted
61-70968-0050_4970-29093-0000_7729-102255-0000_x5,s3,gated_deflation,0,True,0.0,0.3368882936124732,1.0,0.7934965565238672,accepted
61-70968-0050_4970-29093-0000_7729-102255-0000_x5,s4,gated_deflation,0,False,0.0,0.060467065962276245,1.0,0.7110232339425264,margin
61-70968-0050_4970-29093-0000_7729-102255-0000_x5,s5,gated_deflation,0,False,0.0,-0.09850841771041535,1.0,0.6807600567583626,margin
61-70968-0050_4970-29093-0000_7729-102255-0000_x5,s1,coarse_to_fine,0,True,0.00024134844934673802,0.23242819303099438,1.0,0.4773214701039574,accepted
61-70968-0050_4970-29093-0000_7729-102255-0000_x5,s2,coarse_to_fine,0,False,0.0,0.09054714667755037,1.0,0.5596078616018468,margin
61-70968-0050_4970-29093-0000_7729-102255-0000_x5,s3,coarse_to_fine,0,False,0.0,-0.18809527849946753,1.0,0.3711674066159698,margin
61-70968-0050_4970-29093-0000_7729-102255-0000_x5,s4,coarse_to_fine,0,False,0.0,-0.3075740512086406,1.0,0.4290902942442644,margin
61-70968-0050_4970-29093-0000_7729-102255-0000_x5,s5,coarse_to_fine,0,False,0.0,-0.5986811923654202,1.0,0.41454427703838154,margin
61-70968-0050_4970-29093-0000_7729-102255-0000_x5,s1,coarse_to_fine,1,True,0.00024134844934673802,0.6023575779813402,1.0,0.4831675965780692,accepted
61-70968-0050_4970-29093-0000_7729-102255-0000_x5,s2,coarse_to_fine,1,False,0.0,0.07337932533116692,1.0,0.5596078616018468,margin
61-70968-0050_4970-29093-0000_7729-102255-0000_x5,s3,coarse_to_fine,1,False,0.0,-0.5051597307483555,1.0,0.3711674066159698,margin
61-70968-0050_4970-29093-0000_7729-102255-0000_x5,s4,coarse_to_fine,1,False,0.0,-0.5493536979934814,1.0,0.4290902942442644,margin
61-70968-0050_4970-29093-0000_7729-102255-0000_x5,s5,coarse_to_fine,1,False,0.0,-0.8683034959103221,1.0,0.41454427703838154,margin
1089-134686-0023_6829-68771-0023_2961-961-0015_x5,s1,gated_deflation,0,True,0.00011889702606020882,0.4642126497369181,0.9907996560619089,0.5268306751240173,accepted
1089-134686-0023_6829-68771-0023_2961-961-0015_x5,s2,gated_deflation,0,False,0.0,-0.312786987783429,1.0,0.8543829626883717,margin
1089-134686-0023_6829-68771-0023_2961-961-0015_x5,s3,gated_deflation,0,False,0.0,-0.10500110230693882,0.9908211521926054,0.7641827627936867,margin
1089-134686-0023_6829-68771-0023_2961-961-0015_x5,s4,gated_deflation,0,False,0.0,-0.016705773503890076,1.0,0.7730301073440692,margin
1089-134686-0023_6829-68771-0023_2961-961-0015_x5,s5,gated_deflation,0,False,0.0,-0.09704402471020213,1.0,0.7515553284429736,margin
1089-134686-0023_6829-68771-0023_2961-961-0015_x5,s1,coarse_to_fine,0,True,0.00011889702606020882,0.17499795886114594,0.9907996560619089,0.4165578143161626,accepted
1089-134686-0023_6829-68771-0023_2961-961-0015_x5,s2,coarse_to_fine,0,False,0.0,-0.24476913702709555,1.0,0.5274414075265854,margin
1089-134686-0023_6829-68771-0023_2961-961-0015_x5,s3,coarse_to_fine,0,False,0.0,-0.4470151119415201,0.9908211521926054,0.3975730119666481,margin
1089-134686-0023_6829-68771-0023_2961-961-0015_x5,s4,coarse_to_fine,0,False,0.0,-0.08528794600764783,1.0,0.44403706603787774,margin
1089-134686-0023_6829-68771-0023_2961-961-0015_x5,s5,coarse_to_fine,0,False,0.0,-0.5084114376754056,1.0,0.38565937123549565,margin
1089-134686-0023_6829-68771-0023_2961-961-0015_x5,s1,coarse_to_fine,1,True,0.00011889702606020882,0.4445134925955677,0.9907996560619089,0.4279964984383983,accepted
1089-134686-0023_6829-68771-0023_2961-961-0015_x5,s2,coarse_to_fine,1,False,0.0,-0.36296211861514716,1.0,0.5274414075265854,margin
1089-134686-0023_6829-68771-0023_2961-961-0015_x5,s3,coarse_to_fine,1,False,0.0,-0.5842550729547556,0.9908211521926054,0.3975730119666481,margin
1089-134686-0023_6829-68771-0023_2961-961-0015_x5,s4,coarse_to_fine,1,False,0.0,-0.34612322596700024,1.0,0.44403706603787774,margin
1089-134686-0023_6829-68771-0023_2961-961-0015_x5,s5,coarse_to_fine,1,False,0.0,-0.7577628257715763,1.0,0.38565937123549565,margin
6829-68769-0021_3575-170457-0013_908-31957-0021_x5,s1,gated_deflation,0,True,0.0,0.11017429722529498,1.0,0.7178496320415538,accepted
6829-68769-0021_3575-170457-0013_908-31957-0021_x5,s2,gated_deflation,0,True,0.0,0.1441820076693074,0.9750152905198777,0.6352959833555013,accepted
6829-68769-0021_3575-170457-0013_908-31957-0021_x5,s3,gated_deflation,0,True,0.0003442766175613451,0.15977699168948367,0.9770183486238532,0.6099638126208048,accepted
6829-68769-0021_3575-170457-0013_908-31957-0021_x5,s4,gated_deflation,0,True,0.0,0.1247972164381774,1.0,0.8415043134620346,accepted
6829-68769-0021_3575-170457-0013_908-31957-0021_x5,s5,gated_deflation,0,False,0.0,0.07767464495616094,1.0,0.8362494546933422,margin
6829-68769-0021_3575-170457-0013_908-31957-0021_x5,s1,coarse_to_fine,0,False,0.0,-0.11899925364181363,1.0,0.467449293612231,margin
6829-68769-0021_3575-170457-0013_908-31957-0021_x5,s2,coarse_to_fine,0,False,0.0,0.03104923189429204,0.9766207951070336,0.3803913302853045,margin
6829-68769-0021_3575-170457-0013_908-31957-0021_x5,s3,coarse_to_fine,0,True,0.0003442766175613451,0.10210497087053594,0.9842048929663608,0.44172547600367057,accepted
6829-68769-0021_3575-170457-0013_908-31957-0021_x5,s4,coarse_to_fine,0,False,0.0,-0.09423050033558072,1.0,0.3808664667099361,margin
6829-68769-0021_3575-170457-0013_908-31957-0021_x5,s5,coarse_to_fine,0,False,0.0,0.0850648096393099,1.0,0.428855386655196,margin
6829-68769-0021_3575-170457-0013_908-31957-0021_x5,s1,coarse_to_fine,1,False,0.0,-0.3461900518493685,1.0,0.467449293612231,margin
6829-68769-0021_3575-170457-0013_908-31957-0021_x5,s2,coarse_to_fine,1,False,0.0,0.03104923189429204,0.9766207951070336,0.3803913302853045,margin
6829-68769-0021_3575-170457-0013_908-31957-0021_x5,s3,coarse_to_fine,1,True,0.0003442766175613451,0.48827490946953594,0.9837003058103976,0.4561122349050714,accepted
6829-68769-0021_3575-170457-0013_908-31957-0021_x5,s4,coarse_to_fine,1,False,0.0,-0.09423050033558072,1.0,0.3808664667099361,margin
6829-68769-0021_3575-170457-0013_908-31957-0021_x5,s5,coarse_to_fine,1,False,0.0,-0.15160483268152308,1.0,0.428855386655196,margin
4446-2275-0007_7176-92135-0000_3575-170457-0024_x5,s1,gated_deflation,0,False,0.0,0.0930274814980463,1.0,0.7483982966670256,margin
4446-2275-0007_7176-92135-0000_3575-170457-0024_x5,s2,gated_deflation,0,True,8.368211265115883e-05,0.32671713136082553,0.9722789871168369,0.5342061412890673,accepted
4446-2275-0007_7176-92135-0000_3575-170457-0024_x5,s3,gated_deflation,0,True,0.0,0.15794503526702675,0.9922923145268769,0.57417347102518,accepted
4446-2275-0007_7176-92135-0000_3575-170457-0024_x5,s4,gated_deflation,0,False,0.0,-0.052447921988672874,1.0,0.8718126457498884,margin
4446-2275-0007_7176-92135-0000_3575-170457-0024_x5,s5,gated_deflation,0,True,0.0,0.18561462072124696,1.0,0.7582080733405487,accepted
4446-2275-0007_7176-92135-0000_3575-170457-0024_x5,s1,coarse_to_fine,0,False,0.0,-0.2326339466375579,1.0,0.4784943806346177,margin
4446-2275-0007_7176-92135-0000_3575-170457-0024_x5,s2,coarse_to_fine,0,True,8.368211265115883e-05,0.39815118661968407,1.0,0.3926795005410309,accepted
4446-2275-0007_7176-92135-0000_3575-170457-0024_x5,s3,coarse_to_fine,0,True,0.0,0.2042713923902693,0.9931030653043091,0.3715100932432524,accepted
4446-2275-0007_7176-92135-0000_3575-170457-0024_x5,s4,coarse_to_fine,0,False,0.0,-0.06878434961159932,1.0,0.47080778971841686,margin
4446-2275-0007_7176-92135-0000_3575-170457-0024_x5,s5,coarse_to_fine,0,False,0.0,-0.291341114234091,1.0,0.43343511701242904,margin
4446-2275-0007_7176-92135-0000_3575-170457-0024_x5,s1,coarse_to_fine,1,False,0.0,-0.4700835177627468,1.0,0.4784943806346177,margin
4446-2275-0007_7176-92135-0000_3575-170457-0024_x5,s2,coarse_to_fine,1,True,8.368211265115883e-05,0.6368776358955216,1.0,0.46400236703298026,accepted
4446-2275-0007_7176-92135-0000_3575-170457-0024_x5,s3,coarse_to_fine,1,True,0.0,0.5078440229332855,0.9930364282541093,0.37648755934358147,accepted
4446-2275-0007_7176-92135-0000_3575-170457-0024_x5,s4,coarse_to_fine,1,False,0.0,-0.1815246708976095,1.0,0.47080778971841686,margin
4446-2275-0007_7176-92135-0000_3575-170457-0024_x5,s5,coarse_to_fine,1,False,0.0,-0.4566509139003817,1.0,0.43343511701242904,margin
1995-1837-0015_8463-294828-0000_260-123286-0030_x5,s1,gated_deflation,0,False,0.0,0.036405040774121766,1.0,0.7311165075537325,margin
1995-1837-0015_8463-294828-0000_260-123286-0030_x5,s2,gated_deflation,0,True,0.0,0.13334607939398535,1.0,0.8640087101460964,accepted
1995-1837-0015_8463-294828-0000_260-123286-0030_x5,s3,gated_deflation,0,True,0.00020496436761430607,0.40923677169111367,1.0,0.6129692039186387,accepted
1995-1837-0015_8463-294828-0000_260-123286-0030_x5,s4,gated_deflation,0,False,0.0,0.09792543085544264,1.0,0.7777917933837862,margin
1995-1837-0015_8463-294828-0000_260-123286-0030_x5,s5,gated_deflation,0,False,0.0,-0.024517631751706848,1.0,0.7358210892838015,margin
1995-1837-0015_8463-294828-0000_260-123286-0030_x5,s1,coarse_to_fine,0,True,0.0,0.12223036812304122,1.0,0.31258564683787976,accepted
1995-1837-0015_8463-294828-0000_260-123286-0030_x5,s2,coarse_to_fine,0,False,0.0,-0.22221456339184908,1.0,0.5768825854655895,margin
1995-1837-0015_8463-294828-0000_260-123286-0030_x5,s3,coarse_to_fine,0,False,0.00020496436761430607,0.0008924639125233447,1.0,0.41018396363429566,margin
1995-1837-0015_8463-294828-0000_260-123286-0030_x5,s4,coarse_to_fine,0,False,0.0,-0.2556670976236077,1.0,0.431794460683587,margin
1995-1837-0015_8463-294828-0000_260-123286-0030_x5,s5,coarse_to_fine,0,False,0.0,0.05454859026489017,1.0,0.4927979509605953,margin
1995-1837-0015_8463-294828-0000_260-123286-0030_x5,s1,coarse_to_fine,1,True,0.0,0.45767176802609144,1.0,0.29629491318747214,accepted
1995-1837-0015_8463-294828-0000_260-123286-0030_x5,s2,coarse_to_fine,1,False,0.0,-0.3524474634336148,1.0,0.5768825854655895,margin
1995-1837-0015_8463-294828-0000_260-123286-0030_x5,s3,coarse_to_fine,1,False,0.00020496436761430607,0.0008924639125233447,1.0,0.41018396363429566,margin
1995-1837-0015_8463-294828-0000_260-123286-0030_x5,s4,coarse_to_fine,1,False,0.0,-0.3954092915832831,1.0,0.431794460683587,margin
1995-1837-0015_8463-294828-0000_260-123286-0030_x5,s5,coarse_to_fine,1,False,0.0,0.05454859026489017,1.0,0.4927979509605953,margin
121-127105-0023_2094-142345-0013_6930-75918-0014_x5,s1,gated_deflation,0,False,0.0,0.09652288455244218,1.0,0.7477024812271232,margin
121-127105-0023_2094-142345-0013_6930-75918-0014_x5,s2,gated_deflation,0,False,0.0,0.09855051012906668,1.0,0.6082698776455348,margin
121-127105-0023_2094-142345-0013_6930-75918-0014_x5,s3,gated_deflation,0,True,0.00015614997719154238,0.3899423843576884,1.0,0.6432653078812298,accepted
121-127105-0023_2094-142345-0013_6930-75918-0014_x5,s4,gated_deflation,0,False,0.0,0.1657541147633487,1.0,0.9130481197293113,artifact_score
121-127105-0023_2094-142345-0013_6930-75918-0014_x5,s5,gated_deflation,0,True,0.0,0.10131337494874379,1.0,0.6722093847111756,accepted
121-127105-0023_2094-142345-0013_6930-75918-0014_x5,s1,coarse_to_fine,0,False,0.0,-0.14854770604315437,1.0,0.5144644486354973,margin
121-127105-0023_2094-142345-0013_6930-75918-0014_x5,s2,coarse_to_fine,0,True,0.0,0.21234506552547375,1.0,0.44193314507144743,accepted
121-127105-0023_2094-142345-0013_6930-75918-0014_x5,s3,coarse_to_fine,0,False,0.00015614997719154238,0.052300166698121986,1.0,0.5549352796509504,margin
121-127105-0023_2094-142345-0013_6930-75918-0014_x5,s4,coarse_to_fine,0,False,0.0,-0.21712644300876674,1.0,0.511424228115676,margin
121-127105-0023_2094-142345-0013_6930-75918-0014_x5,s5,coarse_to_fine,0,False,0.0,0.041285579094572505,1.0,0.5000156286265233,margin
121-127105-0023_2094-142345-0013_6930-75918-0014_x5,s1,coarse_to_fine,1,False,0.0,-0.37963417457810344,1.0,0.5144644486354973,margin
121-127105-0023_2094-142345-0013_6930-75918-0014_x5,s2,coarse_to_fine,1,True,0.0,0.4838686454328734,1.0,0.4365935681128522,accepted
121-127105-0023_2094-142345-0013_6930-75918-0014_x5,s3,coarse_to_fine,1,False,0.00015614997719154238,-0.13313782530979695,1.0,0.5549352796509504,margin
121-127105-0023_2094-142345-0013_6930-75918-0014_x5,s4,coarse_to_fine,1,False,0.0,-0.21712644300876674,1.0,0.511424228115676,margin
121-127105-0023_2094-142345-0013_6930-75918-0014_x5,s5,coarse_to_fine,1,False,0.0,-0.09074428754447508,1.0,0.5000156286265233,margin
2300-131720-0036_8230-279154-0021_5142-33396-0034_x5,s1,gated_deflation,0,True,0.0,0.28188752046339116,1.0,0.6090177767004538,accepted
2300-131720-0036_8230-279154-0021_5142-33396-0034_x5,s2,gated_deflation,0,True,0.0,0.17589120038387474,1.0,0.6249857243083923,accepted
2300-131720-0036_8230-279154-0021_5142-33396-0034_x5,s3,gated_deflation,0,True,0.0,0.24477662015329804,1.0,0.7232943799521353,accepted
2300-131720-0036_8230-279154-0021_5142-33396-0034_x5,s4,gated_deflation,0,False,0.0,0.0192991328102029,1.0,0.8173647596444011,margin
2300-131720-0036_8230-279154-0021_5142-33396-0034_x5,s5,gated_deflation,0,False,0.0,-0.02489935686015607,1.0,0.7223089100967429,margin
2300-131720-0036_8230-279154-0021_5142-33396-0034_x5,s1,coarse_to_fine,0,False,0.0,-0.25983725993293594,1.0,0.34452504034379605,margin
2300-131720-0036_8230-279154-0021_5142-33396-0034_x5,s2,coarse_to_fine,0,True,0.0,0.19693900776927095,1.0,0.4362760539318455,accepted
2300-131720-0036_8230-279154-0021_5142-33396-0034_x5,s3,coarse_to_fine,0,True,0.0,0.2545153836643597,1.0,0.45759553808508985,accepted
2300-131720-0036_8230-279154-0021_5142-33396-0034_x5,s4,coarse_to_fine,0,False,0.0,-0.07894476033764869,1.0,0.3498677797332113,margin
2300-131720-0036_8230-279154-0021_5142-33396-0034_x5,s5,coarse_to_fine,0,False,0.0,0.07942214170256928,1.0,0.3076760814278119,margin
2300-131720-0036_8230-279154-0021_5142-33396-0034_x5,s1,coarse_to_fine,1,False,0.0,-0.5248926977661459,1.0,0.34452504034379605,margin
2300-131720-0036_8230-279154-0021_5142-33396-0034_x5,s2,coarse_to_fine,1,True,0.0,0.5070350509331856,1.0,0.4369742659666972,accepted
2300-131720-0036_8230-279154-0021_5142-33396-0034_x5,s3,coarse_to_fine,1,True,0.0,0.5736158983032873,1.0,0.4805976110210092,accepted
2300-131720-0036_8230-279154-0021_5142-33396-0034_x5,s4,coarse_to_fine,1,False,0.0,-0.2634427962727378,1.0,0.3498677797332113,margin
2300-131720-0036_8230-279154-0021_5142-33396-0034_x5,s5,coarse_to_fine,1,False,0.0,-0.15473323167729008,1.0,0.3076760814278119,margin
1580-141083-0009_1320-122612-0004_5683-32866-0006_x5,s1,gated_deflation,0,False,0.0002398714815669754,0.029191951534032923,0.9724654377880184,0.7101566197193324,margin
1580-141083-0009_1320-122612-0004_5683-32866-0006_x5,s2,gated_deflation,0,True,0.0,0.11855949018464379,1.0,0.670486351887622,accepted
1580-141083-0009_1320-122612-0004_5683-32866-0006_x5,s3,gated_deflation,0,False,0.0,0.05365358089802619,1.0,0.8160036712509214,margin
1580-141083-0009_1320-122612-0004_5683-32866-0006_x5,s4,gated_deflation,0,True,0.0,0.15552313478084817,1.0,0.8485637826881176,accepted
1580-141083-0009_1320-122612-0004_5683-32866-0006_x5,s5,gated_deflation,0,False,0.0,-0.01979353515929677,1.0,0.7508162647227948,margin
1580-141083-0009_1320-122612-0004_5683-32866-0006_x5,s1,coarse_to_fine,0,True,0.0002398714815669754,0.11050486843174212,1.0,0.5114742637755343,accepted
1580-141083-0009_1320-122612-0004_5683-32866-0006_x5,s2,coarse_to_fine,0,False,0.0,0.026400019740620284,1.0,0.4408295828500802,margin
1580-141083-0009_1320-122612-0004_5683-32866-0006_x5,s3,coarse_to_fine,0,False,0.0,-0.08050732458206188,1.0,0.5208013566534314,margin
1580-141083-0009_1320-122612-0004_5683-32866-0006_x5,s4,coarse_to_fine,0,False,0.0,-0.014211817973197233,1.0,0.45147853490347034,margin
1580-141083-0009_1320-122612-0004_5683-32866-0006_x5,s5,coarse_to_fine,0,False,0.0,-0.007783619902907296,1.0,0.36964748460782465,margin
1580-141083-0009_1320-122612-0004_5683-32866-0006_x5,s1,coarse_to_fine,1,True,0.0002398714815669754,0.4754223981317574,1.0,0.49107876079176177,accepted
1580-141083-0009_1320-122612-0004_5683-32866-0006_x5,s2,coarse_to_fine,1,False,0.0,-0.017475111390028553,1.0,0.4408295828500802,margin
1580-141083-0009_1320-122612-0004_5683-32866-0006_x5,s3,coarse_to_fine,1,False,0.0,-0.21084234211355352,1.0,0.5208013566534314,margin
1580-141083-0009_1320-122612-0004_5683-32866-0006_x5,s4,coarse_to_fine,1,False,0.0,-0.014211817973197233,1.0,0.45147853490347034,margin
1580-141083-0009_1320-122612-0004_5683-32866-0006_x5,s5,coarse_to_fine,1,False,0.0,-0.20992202190327378,1.0,0.36964748460782465,margin
1221-135767-0002_3570-5694-0000_6930-75918-0002_x5,s1,gated_deflation,0,True,0.0001587123546259587,0.2579531773395965,1.0,0.5973036868899516,accepted
1221-135767-0002_3570-5694-0000_6930-75918-0002_x5,s2,gated_deflation,0,False,0.0,0.08002185868695749,1.0,0.6159725866972188,margin
1221-135767-0002_3570-5694-0000_6930-75918-0002_x5,s3,gated_deflation,0,False,0.0,0.06627687641853447,1.0,0.8913238520256758,margin
1221-135767-0002_3570-5694-0000_6930-75918-0002_x5,s4,gated_deflation,0,False,0.0,-0.11319015618128558,1.0,0.7014841584372413,margin
1221-135767-0002_3570-5694-0000_6930-75918-0002_x5,s5,gated_deflation,0,False,0.0,0.060299400159962435,1.0,0.8759422571923225,margin
1221-135767-0002_3570-5694-0000_6930-75918-0002_x5,s1,coarse_to_fine,0,True,0.0001587123546259587,0.15764970994568833,1.0,0.4755995356919064,accepted
1221-135767-0002_3570-5694-0000_6930-75918-0002_x5,s2,coarse_to_fine,0,False,0.0,-0.05404018610701339,1.0,0.3666061528533051,margin
1221-135767-0002_3570-5694-0000_6930-75918-0002_x5,s3,coarse_to_fine,0,False,0.0,-0.2444235347152579,1.0,0.5975860643964258,margin
1221-135767-0002_3570-5694-0000_6930-75918-0002_x5,s4,coarse_to_fine,0,False,0.0,-0.21423538163878147,1.0,0.5381766356378339,margin
1221-135767-0002_3570-5694-0000_6930-75918-0002_x5,s5,coarse_to_fine,0,False,0.0,-0.034312203989923684,1.0,0.4540598969652243,margin
1221-135767-0002_3570-5694-0000_6930-75918-0002_x5,s1,coarse_to_fine,1,True,0.0001587123546259587,0.4454726853292027,1.0,0.460342456168351,accepted
1221-135767-0002_3570-5694-0000_6930-75918-0002_x5,s2,coarse_to_fine,1,False,0.0,-0.2972765335956634,1.0,0.3666061528533051,margin
1221-135767-0002_3570-5694-0000_6930-75918-0002_x5,s3,coarse_to_fine,1,False,0.0,-0.2444235347152579,1.0,0.5975860643964258,margin
1221-135767-0002_3570-5694-0000_6930-75918-0002_x5,s4,coarse_to_fine,1,False,0.0,-0.4563530939684368,1.0,0.5381766356378339,margin
1221-135767-0002_3570-5694-0000_6930-75918-0002_x5,s5,coarse_to_fine,1,False,0.0,-0.16357268292417826,1.0,0.4540598969652243,margin
5683-32866-0021_260-123288-0025_2300-131720-0000_x5,s1,gated_deflation,0,False,0.0,0.044120522875489454,1.0,0.7833358520354686,margin
5683-32866-0021_260-123288-0025_2300-131720-0000_x5,s2,gated_deflation,0,False,0.0,-0.16596921703080159,1.0,0.49923126564127807,margin
5683-32866-0021_260-123288-0025_2300-131720-0000_x5,s3,gated_deflation,0,False,0.0,-0.04321262749531063,1.0,0.8108677422650766,margin
5683-32866-0021_260-123288-0025_2300-131720-0000_x5,s4,gated_deflation,0,False,0.0,-0.0011687881845912629,1.0,0.6456787823464888,margin
5683-32866-0021_260-123288-0025_2300-131720-0000_x5,s5,gated_deflation,0,True,0.00019635129657155658,0.18458439649491698,1.0,0.4434043003966049,accepted
5683-32866-0021_260-123288-0025_2300-131720-0000_x5,s1,coarse_to_fine,0,False,0.0,-0.025120277392379486,1.0,0.5220102935074514,margin
5683-32866-0021_260-123288-0025_2300-131720-0000_x5,s2,coarse_to_fine,0,False,0.0,-0.22852530241188312,1.0,0.30917523377650974,margin
5683-32866-0021_260-123288-0025_2300-131720-0000_x5,s3,coarse_to_fine,0,True,0.0,0.10309569735686874,1.0,0.3335706121984091,accepted
5683-32866-0021_260-123288-0025_2300-131720-0000_x5,s4,coarse_to_fine,0,False,0.0,-0.21728596216585644,1.0,0.3858217718852487,margin
5683-32866-0021_260-123288-0025_2300-131720-0000_x5,s5,coarse_to_fine,0,False,0.00019635129657155658,0.005904889111566725,1.0,0.2901964368419268,margin
5683-32866-0021_260-123288-0025_2300-131720-0000_x5,s1,coarse_to_fine,1,False,0.0,-0.027609576127600344,1.0,0.5220102935074514,margin
5683-32866-0021_260-123288-0025_2300-131720-0000_x5,s2,coarse_to_fine,1,False,0.0,-0.3715273623280852,1.0,0.30917523377650974,margin
5683-32866-0021_260-123288-0025_2300-131720-0000_x5,s3,coarse_to_fine,1,True,0.0,0.37226862282953654,1.0,0.2962160924993986,accepted
5683-32866-0021_260-123288-0025_2300-131720-0000_x5,s4,coarse_to_fine,1,False,0.0,-0.4282543440758971,1.0,0.3858217718852487,margin
5683-32866-0021_260-123288-0025_2300-131720-0000_x5,s5,coarse_to_fine,1,False,0.00019635129657155658,-0.16492019182909734,1.0,0.2901964368419268,margin
1284-1180-0009_2830-3980-0044_7021-79740-0002_x5,s1,gated_deflation,0,False,0.0,0.051275370658246944,1.0,0.6894416468825068,margin
1284-1180-0009_2830-3980-0044_7021-79740-0002_x5,s2,gated_deflation,0,True,0.0,0.14560571292484714,1.0,0.8465630414663046,accepted
1284-1180-0009_2830-3980-0044_7021-79740-0002_x5,s3,gated_deflation,0,True,0.00015338812873159127,0.2720956188008798,0.9601466414380322,0.5396190856062116,accepted
1284-1180-0009_2830-3980-0044_7021-79740-0002_x5,s4,gated_deflation,0,True,0.0,0.20168193489280684,1.0,0.8441388640591461,accepted
1284-1180-0009_2830-3980-0044_7021-79740-0002_x5,s5,gated_deflation,0,False,0.0,-0.12659065801000857,0.9939987163029526,0.7923285507221931,margin
1284-1180-0009_2830-3980-0044_7021-79740-0002_x5,s1,coarse_to_fine,0,False,0.0,-0.05059256695868086,1.0,0.347431436609874,margin
1284-1180-0009_2830-3980-0044_7021-79740-0002_x5,s2,coarse_to_fine,0,False,0.0,-0.024340474985910077,1.0,0.5024403698145048,margin
1284-1180-0009_2830-3980-0044_7021-79740-0002_x5,s3,coarse_to_fine,0,True,0.00015338812873159127,0.17470980387555013,1.0,0.4452055751934681,accepted
1284-1180-0009_2830-3980-0044_7021-79740-0002_x5,s4,coarse_to_fine,0,False,0.0,-0.15754037006203864,1.0,0.49989477466161775,margin
1284-1180-0009_2830-3980-0044_7021-79740-0002_x5,s5,coarse_to_fine,0,False,0.0,-0.28877215785999777,1.0,0.40004798079948567,margin
1284-1180-0009_2830-3980-0044_7021-79740-0002_x5,s1,coarse_to_fine,1,False,0.0,-0.23767203761335498,1.0,0.347431436609874,margin
1284-1180-0009_2830-3980-0044_7021-79740-0002_x5,s2,coarse_to_fine,1,False,0.0,-0.14166354529063613,1.0,0.5024403698145048,margin
1284-1180-0009_2830-3980-0044_7021-79740-0002_x5,s3,coarse_to_fine,1,True,0.00015338812873159127,0.4713507963061682,1.0,0.4607198045329301,accepted
1284-1180-0009_2830-3980-0044_7021-79740-0002_x5,s4,coarse_to_fine,1,False,0.0,-0.3036468198815745,1.0,0.49989477466161775,margin
1284-1180-0009_2830-3980-0044_7021-79740-0002_x5,s5,coarse_to_fine,1,False,0.0,-0.29917480178330846,1.0,0.40004798079948567,margin
1580-141083-0049_8224-274381-0014_6829-68769-0015_x5,s1,gated_deflation,0,False,0.0,0.15297604503533252,1.0,0.9049833446079002,artifact_score
1580-141083-0049_8224-274381-0014_6829-68769-0015_x5,s2,gated_deflation,0,True,0.0001544160758234918,0.55942150100442,1.0,0.45780961616965127,accepted
1580-141083-0049_8224-274381-0014_6829-68769-0015_x5,s3,gated_deflation,0,False,0.0,0.008665482281214165,1.0,0.8270134547920713,margin
1580-141083-0049_8224-274381-0014_6829-68769-0015_x5,s4,gated_deflation,0,False,0.0,0.04098047603532812,1.0,0.902572663121208,margin
1580-141083-0049_8224-274381-0014_6829-68769-0015_x5,s5,gated_deflation,0,False,0.0,-0.026572468795205473,1.0,0.8750542502321523,margin
1580-141083-0049_8224-274381-0014_6829-68769-0015_x5,s1,coarse_to_fine,0,False,0.0,-0.09524797666101356,1.0,0.4561699196105841,margin
1580-141083-0049_8224-274381-0014_6829-68769-0015_x5,s2,coarse_to_fine,0,True,0.0001544160758234918,0.1788231602133173,1.0,0.40395256628838183,accepted
1580-141083-0049_8224-274381-0014_6829-68769-0015_x5,s3,coarse_to_fine,0,True,0.0,0.22871706934399402,1.0,0.41546435310638186,accepted
1580-141083-0049_8224-274381-0014_6829-68769-0015_x5,s4,coarse_to_fine,0,False,0.0,0.02234926459220904,1.0,0.46867493475703204,margin
1580-141083-0049_8224-274381-0014_6829-68769-0015_x5,s5,coarse_to_fine,0,False,0.0,0.033255553783914094,1.0,0.405840742706346,margin
1580-141083-0049_8224-274381-0014_6829-68769-0015_x5,s1,coarse_to_fine,1,False,0.0,-0.32095715932793756,1.0,0.4561699196105841,margin
1580-141083-0049_8224-274381-0014_6829-68769-0015_x5,s2,coarse_to_fine,1,True,0.0001544160758234918,0.3034814779986825,1.0,0.42550694944998285,accepted
1580-141083-0049_8224-274381-0014_6829-68769-0015_x5,s3,coarse_to_fine,1,True,0.0,0.5575250385318139,1.0,0.3903370923701914,accepted
1580-141083-0049_8224-274381-0014_6829-68769-0015_x5,s4,coarse_to_fine,1,False,0.0,-0.14253909951990607,1.0,0.46867493475703204,margin
1580-141083-0049_8224-274381-0014_6829-68769-0015_x5,s5,coarse_to_fine,1,False,0.0,-0.16762797772151733,1.0,0.405840742706346,margin
260-123440-0009_8230-279154-0002_8555-284447-0022_x5,s1,gated_deflation,0,False,0.0,0.09690840791657368,1.0,0.9174428108206605,margin
260-123440-0009_8230-279154-0002_8555-284447-0022_x5,s2,gated_deflation,0,True,0.00012436327537745733,0.6599500005451191,1.0,0.4952858786097552,accepted
260-123440-0009_8230-279154-0002_8555-284447-0022_x5,s3,gated_deflation,0,False,0.0,-0.10272761730746871,0.995849609375,0.899731284186066,margin
260-123440-0009_8230-279154-0002_8555-284447-0022_x5,s4,gated_deflation,0,False,0.0,-0.002519431934638827,1.0,0.8947090894350139,margin
260-123440-0009_8230-279154-0002_8555-284447-0022_x5,s5,gated_deflation,0,True,0.0,0.2153943156426863,1.0,0.8973471862211855,accepted
260-123440-0009_8230-279154-0002_8555-284447-0022_x5,s1,coarse_to_fine,0,False,0.0,0.09828274079034982,1.0,0.44260455548615646,margin
260-123440-0009_8230-279154-0002_8555-284447-0022_x5,s2,coarse_to_fine,0,True,0.00012436327537745733,0.5890609396771713,1.0,0.4460559657880381,accepted
260-123440-0009_8230-279154-0002_8555-284447-0022_x5,s3,coarse_to_fine,0,False,0.0,-0.08388787022347052,1.0,0.45290285851521705,margin
260-123440-0009_8230-279154-0002_8555-284447-0022_x5,s4,coarse_to_fine,0,False,0.0,-0.05046902790930741,1.0,0.45772757200187486,margin
260-123440-0009_8230-279154-0002_8555-284447-0022_x5,s5,coarse_to_fine,0,False,0.0,-0.07591966465462216,1.0,0.5575928948574341,margin
260-123440-0009_8230-279154-0002_8555-284447-0022_x5,s1,coarse_to_fine,1,False,0.0,0.018909960373164614,1.0,0.44260455548615646,margin
260-123440-0009_8230-279154-0002_8555-284447-0022_x5,s2,coarse_to_fine,1,True,0.00012436327537745733,0.7931367031079621,1.0,0.4344372498146908,accepted
260-123440-0009_8230-279154-0002_8555-284447-0022_x5,s3,coarse_to_fine,1,False,0.0,-0.08388787022347052,1.0,0.45290285851521705,margin
260-123440-0009_8230-279154-0002_8555-284447-0022_x5,s4,coarse_to_fine,1,False,0.0,-0.05046902790930741,1.0,0.45772757200187486,margin
260-123440-0009_8230-279154-0002_8555-284447-0022_x5,s5,coarse_to_fine,1,False,0.0,-0.09406328265638234,1.0,0.5575928948574341,margin
1995-1837-0001_908-157963-0004_4446-2271-0010_x5,s1,gated_deflation,0,False,0.0,-0.1284805465797551,1.0,0.6749502774261195,margin
1995-1837-0001_908-157963-0004_4446-2271-0010_x5,s2,gated_deflation,0,True,9.872364457889041e-05,0.5920889904443754,1.0,0.5627631660224098,accepted
1995-1837-0001_908-157963-0004_4446-2271-0010_x5,s3,gated_deflation,0,False,0.0,-0.03780297718615849,1.0,0.8784984558821489,margin
1995-1837-0001_908-157963-0004_4446-2271-0010_x5,s4,gated_deflation,0,False,0.0,-0.008216790675452224,1.0,0.8889997793517203,margin
1995-1837-0001_908-157963-0004_4446-2271-0010_x5,s5,gated_deflation,0,True,0.0,0.28810476881101776,1.0,0.7226543500049051,accepted
1995-1837-0001_908-157963-0004_4446-2271-0010_x5,s1,coarse_to_fine,0,False,0.0,-0.0027309384778740897,1.0,0.31991559490550675,margin
1995-1837-0001_908-157963-0004_4446-2271-0010_x5,s2,coarse_to_fine,0,True,9.872364457889041e-05,0.4326609502951393,1.0,0.41753932549877143,accepted
1995-1837-0001_908-157963-0004_4446-2271-0010_x5,s3,coarse_to_fine,0,False,0.0,-0.23671642105310942,1.0,0.3076313560306265,margin
1995-1837-0001_908-157963-0004_4446-2271-0010_x5,s4,coarse_to_fine,0,True,0.0,0.1065807791952064,1.0,0.466691416603242,accepted
1995-1837-0001_908-157963-0004_4446-2271-0010_x5,s5,coarse_to_fine,0,True,0.0,0.12957247190163787,1.0,0.4666466490448555,accepted
1995-1837-0001_908-157963-0004_4446-2271-0010_x5,s1,coarse_to_fine,1,False,0.0,-0.26375963130163405,1.0,0.31991559490550675,margin
1995-1837-0001_908-157963-0004_4446-2271-0010_x5,s2,coarse_to_fine,1,True,9.872364457889041e-05,0.6110937948895208,1.0,0.40527188438983125,accepted
1995-1837-0001_908-157963-0004_4446-2271-0010_x5,s3,coarse_to_fine,1,False,0.0,-0.48422623796416664,1.0,0.3076313560306265,margin
1995-1837-0001_908-157963-0004_4446-2271-0010_x5,s4,coarse_to_fine,1,True,0.0,0.21092622354547808,1.0,0.4652038495968147,accepted
1995-1837-0001_908-157963-0004_4446-2271-0010_x5,s5,coarse_to_fine,1,True,0.0,0.2592811347104869,1.0,0.44082430651142107,accepted
6829-68769-0036_6930-76324-0021_3729-6852-0016_x5,s1,gated_deflation,0,True,0.0,0.20655515011617348,1.0,0.7399760526054534,accepted
6829-68769-0036_6930-76324-0021_3729-6852-0016_x5,s2,gated_deflation,0,True,0.0001787010020216584,0.3249284914877026,0.8851536772777168,0.6924056392261839,accepted
6829-68769-0036_6930-76324-0021_3729-6852-0016_x5,s3,gated_deflation,0,True,0.0,0.1272025054886641,1.0,0.7629949228712051,accepted
6829-68769-0036_6930-76324-0021_3729-6852-0016_x5,s4,gated_deflation,0,False,0.0,0.08003523732930484,1.0,0.7371350158211213,margin
6829-68769-0036_6930-76324-0021_3729-6852-0016_x5,s5,gated_deflation,0,True,0.0,0.20364241671788716,1.0,0.796007977544854,accepted
6829-68769-0036_6930-76324-0021_3729-6852-0016_x5,s1,coarse_to_fine,0,False,0.0,0.09918376539988094,1.0,0.463454459649562,margin
6829-68769-0036_6930-76324-0021_3729-6852-0016_x5,s2,coarse_to_fine,0,True,0.0001787010020216584,0.14514743387696805,1.0,0.6090832829961466,accepted
6829-68769-0036_6930-76324-0021_3729-6852-0016_x5,s3,coarse_to_fine,0,False,0.0,-0.28606200978142604,1.0,0.39749467842340586,margin
6829-68769-0036_6930-76324-0021_3729-6852-0016_x5,s4,coarse_to_fine,0,False,0.0,-0.3145102593304214,1.0,0.4736294410540881,margin
6829-68769-0036_6930-76324-0021_3729-6852-0016_x5,s5,coarse_to_fine,0,False,0.0,-0.12863051979767884,1.0,0.5152685874605688,margin
6829-68769-0036_6930-76324-0021_3729-6852-0016_x5,s1,coarse_to_fine,1,False,0.0,-0.0674903263198059,1.0,0.463454459649562,margin
6829-68769-0036_6930-76324-0021_3729-6852-0016_x5,s2,coarse_to_fine,1,True,0.0001787010020216584,0.38478132153922284,1.0,0.6042891812165395,accepted
6829-68769-0036_6930-76324-0021_3729-6852-0016_x5,s3,coarse_to_fine,1,False,0.0,-0.28606200978142604,1.0,0.39749467842340586,margin
6829-68769-0036_6930-76324-0021_3729-6852-0016_x5,s4,coarse_to_fine,1,False,0.0,-0.3145102593304214,1.0,0.4736294410540881,margin
6829-68769-0036_6930-76324-0021_3729-6852-0016_x5,s5,coarse_to_fine,1,False,0.0,-0.12863051979767884,1.0,0.5152685874605688,margin
7021-85628-0013_5683-32866-0008_1089-134686-0022_x5,s1,gated_deflation,0,False,0.00019322369258614226,-0.003909135072473924,0.9045823095823096,0.5090072162815796,margin
7021-85628-0013_5683-32866-0008_1089-134686-0022_x5,s2,gated_deflation,0,True,0.0,0.22724893118296213,1.0,0.8818273915470051,accepted
7021-85628-0013_5683-32866-0008_1089-134686-0022_x5,s3,gated_deflation,0,True,0.0,0.25607671575934576,0.9818796068796068,0.6138326995582243,accepted
7021-85628-0013_5683-32866-0008_1089-134686-0022_x5,s4,gated_deflation,0,True,0.0,0.16372395715660248,1.0,0.8717933747823603,accepted
7021-85628-0013_5683-32866-0008_1089-134686-0022_x5,s5,gated_deflation,0,True,0.0,0.18893244414554344,1.0,0.8545461744311174,accepted
7021-85628-0013_5683-32866-0008_1089-134686-0022_x5,s1,coarse_to_fine,0,False,0.00019322369258614226,-0.14978816852734533,0.9804914004914005,0.3137411008045377,margin
7021-85628-0013_5683-32866-0008_1089-134686-0022_x5,s2,coarse_to_fine,0,False,0.0,-0.09293151866615856,1.0,0.4736675952682712,margin
7021-85628-0013_5683-32866-0008_1089-134686-0022_x5,s3,coarse_to_fine,0,True,0.0,0.22938019399683107,1.0,0.4535678876543926,accepted
7021-85628-0013_5683-32866-0008_1089-134686-0022_x5,s4,coarse_to_fine,0,False,0.0,0.012962303650680296,1.0,0.3002171198423481,margin
7021-85628-0013_5683-32866-0008_1089-134686-0022_x5,s5,coarse_to_fine,0,False,0.0,-0.026513857896992343,1.0,0.34440261475330974,margin
7021-85628-0013_5683-32866-0008_1089-134686-0022_x5,s1,coarse_to_fine,1,False,0.00019322369258614226,-0.3542721074413462,0.9804914004914005,0.3137411008045377,margin
7021-85628-0013_5683-32866-0008_1089-134686-0022_x5,s2,coarse_to_fine,1,False,0.0,-0.09293151866615856,1.0,0.4736675952682712,margin
7021-85628-0013_5683-32866-0008_1089-134686-0022_x5,s3,coarse_to_fine,1,True,0.0,0.4621013540611591,0.99009828009828,0.42128663976402025,accepted
7021-85628-0013_5683-32866-0008_1089-134686-0022_x5,s4,coarse_to_fine,1,False,0.0,-0.06907265153121286,1.0,0.3002171198423481,margin
7021-85628-0013_5683-32866-0008_1089-134686-0022_x5,s5,coarse_to_fine,1,False,0.0,-0.1189692889989809,1.0,0.34440261475330974,margin