diarization,dilate_ms,scene,speaker,system,m,depth,si_sdr,deflation_index,n_accepted_before,refine_rounds,cluster,n_clusters
oracle,0.0,long_00000_5639-61-121,s1,no_recursion,3,1,60.79937408547777,,,0,s1,3
oracle,0.0,long_00000_5639-61-121,s1,no_recursion,3,2,-6.393495756449742,,,0,s1,3
oracle,0.0,long_00000_5639-61-121,s2,no_recursion,3,1,57.86617938150278,,,0,s2,3
oracle,0.0,long_00000_5639-61-121,s2,no_recursion,3,2,1.6907653768561186,,,0,s2,3
oracle,0.0,long_00000_5639-61-121,s3,no_recursion,3,1,88.15197268806631,,,0,s3,3
oracle,0.0,long_00000_5639-61-121,s3,no_recursion,3,2,-1.5335468985049363,,,0,s3,3
oracle,0.0,long_00000_5639-61-121,s1,ungated_deflation,3,1,60.79937408547777,0,0,0,s1,3
oracle,0.0,long_00000_5639-61-121,s1,ungated_deflation,3,2,-6.393495756449742,0,0,0,s1,3
oracle,0.0,long_00000_5639-61-121,s2,ungated_deflation,3,1,55.46900999904043,1,1,0,s2,3
oracle,0.0,long_00000_5639-61-121,s2,ungated_deflation,3,2,0.6954384403734125,1,1,0,s2,3
oracle,0.0,long_00000_5639-61-121,s3,ungated_deflation,3,1,78.91846757361118,2,2,0,s3,3
oracle,0.0,long_00000_5639-61-121,s3,ungated_deflation,3,2,-5.828020511724853,2,2,0,s3,3
oracle,0.0,long_00000_5639-61-121,s1,gated_deflation,3,1,60.79937408547777,0,0,0,s1,3
oracle,0.0,long_00000_5639-61-121,s1,gated_deflation,3,2,-6.393495756449742,0,0,0,s1,3
oracle,0.0,long_00000_5639-61-121,s2,gated_deflation,3,1,55.46900999904043,1,1,0,s2,3
oracle,0.0,long_00000_5639-61-121,s2,gated_deflation,3,2,0.6954384403734125,1,1,0,s2,3
oracle,0.0,long_00000_5639-61-121,s3,gated_deflation,3,1,78.91846757361118,2,2,0,s3,3
oracle,0.0,long_00000_5639-61-121,s3,gated_deflation,3,2,-5.828020511724853,2,2,0,s3,3
oracle,0.0,long_00000_5639-61-121,s1,coarse_to_fine,3,1,64.33498666822484,,,2,s1,3
oracle,0.0,long_00000_5639-61-121,s1,coarse_to_fine,3,2,-11.357758317511994,,,2,s1,3
oracle,0.0,long_00000_5639-61-121,s2,coarse_to_fine,3,1,57.86617938150278,,,2,s2,3
oracle,0.0,long_00000_5639-61-121,s2,coarse_to_fine,3,2,1.6907653768561186,,,2,s2,3
oracle,0.0,long_00000_5639-61-121,s3,coarse_to_fine,3,1,88.15197268806631,,,2,s3,3
oracle,0.0,long_00000_5639-61-121,s3,coarse_to_fine,3,2,-1.5335468985049363,,,2,s3,3
real,0.0,long_00000_5639-61-121,s1,no_recursion,3,1,47.700052610728264,,,0,SPEAKER_01,3
real,0.0,long_00000_5639-61-121,s1,no_recursion,3,2,-6.057200567923697,,,0,SPEAKER_01,3
real,0.0,long_00000_5639-61-121,s2,no_recursion,3,1,28.42555418294658,,,0,SPEAKER_02,3
real,0.0,long_00000_5639-61-121,s2,no_recursion,3,2,-2.0728852254748267,,,0,SPEAKER_02,3
real,0.0,long_00000_5639-61-121,s3,no_recursion,3,1,35.45616652259341,,,0,SPEAKER_00,3
real,0.0,long_00000_5639-61-121,s3,no_recursion,3,2,-0.7496003339622626,,,0,SPEAKER_00,3
real,0.0,long_00000_5639-61-121,s1,ungated_deflation,3,1,47.700052610728264,0,0,0,SPEAKER_01,3
real,0.0,long_00000_5639-61-121,s1,ungated_deflation,3,2,-6.057200567923697,0,0,0,SPEAKER_01,3
real,0.0,long_00000_5639-61-121,s2,ungated_deflation,3,1,28.42555418294658,1,1,0,SPEAKER_02,3
real,0.0,long_00000_5639-61-121,s2,ungated_deflation,3,2,-1.673072029276793,1,1,0,SPEAKER_02,3
real,0.0,long_00000_5639-61-121,s3,ungated_deflation,3,1,35.45616652259341,2,2,0,SPEAKER_00,3
real,0.0,long_00000_5639-61-121,s3,ungated_deflation,3,2,-5.541237885395711,2,2,0,SPEAKER_00,3
real,0.0,long_00000_5639-61-121,s1,gated_deflation,3,1,47.700052610728264,0,0,0,SPEAKER_01,3
real,0.0,long_00000_5639-61-121,s1,gated_deflation,3,2,-6.057200567923697,0,0,0,SPEAKER_01,3
real,0.0,long_00000_5639-61-121,s2,gated_deflation,3,1,28.42555418294658,1,1,0,SPEAKER_02,3
real,0.0,long_00000_5639-61-121,s2,gated_deflation,3,2,-1.673072029276793,1,1,0,SPEAKER_02,3
real,0.0,long_00000_5639-61-121,s3,gated_deflation,3,1,35.45616652259341,2,2,0,SPEAKER_00,3
real,0.0,long_00000_5639-61-121,s3,gated_deflation,3,2,-5.541237885395711,2,2,0,SPEAKER_00,3
real,0.0,long_00000_5639-61-121,s1,coarse_to_fine,3,1,47.700052610728264,,,2,SPEAKER_01,3
real,0.0,long_00000_5639-61-121,s1,coarse_to_fine,3,2,-6.057200567923697,,,2,SPEAKER_01,3
real,0.0,long_00000_5639-61-121,s2,coarse_to_fine,3,1,28.42555418294658,,,2,SPEAKER_02,3
real,0.0,long_00000_5639-61-121,s2,coarse_to_fine,3,2,-2.0728852254748267,,,2,SPEAKER_02,3
real,0.0,long_00000_5639-61-121,s3,coarse_to_fine,3,1,35.45616652259341,,,2,SPEAKER_00,3
real,0.0,long_00000_5639-61-121,s3,coarse_to_fine,3,2,-0.7496003339622626,,,2,SPEAKER_00,3
oracle,0.0,long_00001_3729-2300-8230,s1,no_recursion,3,1,73.45708658929459,,,0,s1,3
oracle,0.0,long_00001_3729-2300-8230,s1,no_recursion,3,2,2.992716065849814,,,0,s1,3
oracle,0.0,long_00001_3729-2300-8230,s2,no_recursion,3,1,44.559914846736405,,,0,s2,3
oracle,0.0,long_00001_3729-2300-8230,s2,no_recursion,3,2,5.576527015091948,,,0,s2,3
oracle,0.0,long_00001_3729-2300-8230,s3,no_recursion,3,1,52.48146327465544,,,0,s3,3
oracle,0.0,long_00001_3729-2300-8230,s3,no_recursion,3,2,-4.547991386360529,,,0,s3,3
oracle,0.0,long_00001_3729-2300-8230,s1,ungated_deflation,3,1,73.45708658929459,0,0,0,s1,3
oracle,0.0,long_00001_3729-2300-8230,s1,ungated_deflation,3,2,2.992716065849814,0,0,0,s1,3
oracle,0.0,long_00001_3729-2300-8230,s2,ungated_deflation,3,1,43.77738191432924,1,1,0,s2,3
oracle,0.0,long_00001_3729-2300-8230,s2,ungated_deflation,3,2,4.632814063156784,1,1,0,s2,3
oracle,0.0,long_00001_3729-2300-8230,s3,ungated_deflation,3,1,48.265780277324794,2,2,0,s3,3
oracle,0.0,long_00001_3729-2300-8230,s3,ungated_deflation,3,2,-6.0750262090692875,2,2,0,s3,3
oracle,0.0,long_00001_3729-2300-8230,s1,gated_deflation,3,1,73.45708658929459,0,0,0,s1,3
oracle,0.0,long_00001_3729-2300-8230,s1,gated_deflation,3,2,2.992716065849814,0,0,0,s1,3
oracle,0.0,long_00001_3729-2300-8230,s2,gated_deflation,3,1,43.77738191432924,1,1,0,s2,3
oracle,0.0,long_00001_3729-2300-8230,s2,gated_deflation,3,2,4.632814063156784,1,1,0,s2,3
oracle,0.0,long_00001_3729-2300-8230,s3,gated_deflation,3,1,48.265780277324794,2,2,0,s3,3
oracle,0.0,long_00001_3729-2300-8230,s3,gated_deflation,3,2,-6.0750262090692875,2,2,0,s3,3
oracle,0.0,long_00001_3729-2300-8230,s1,coarse_to_fine,3,1,73.45708658929459,,,2,s1,3
oracle,0.0,long_00001_3729-2300-8230,s1,coarse_to_fine,3,2,2.992716065849814,,,2,s1,3
oracle,0.0,long_00001_3729-2300-8230,s2,coarse_to_fine,3,1,44.559914846736405,,,2,s2,3
oracle,0.0,long_00001_3729-2300-8230,s2,coarse_to_fine,3,2,5.576527015091948,,,2,s2,3
oracle,0.0,long_00001_3729-2300-8230,s3,coarse_to_fine,3,1,52.48146327465544,,,2,s3,3
oracle,0.0,long_00001_3729-2300-8230,s3,coarse_to_fine,3,2,-4.547991386360529,,,2,s3,3
real,0.0,long_00001_3729-2300-8230,s1,no_recursion,3,1,34.011568406997924,,,0,SPEAKER_02,3
real,0.0,long_00001_3729-2300-8230,s1,no_recursion,3,2,-1.6317005490091527,,,0,SPEAKER_02,3
real,0.0,long_00001_3729-2300-8230,s2,no_recursion,3,1,94.03269338645286,,,0,SPEAKER_00,3
real,0.0,long_00001_3729-2300-8230,s2,no_recursion,3,2,2.4323987954886497,,,0,SPEAKER_00,3
real,0.0,long_00001_3729-2300-8230,s3,no_recursion,3,1,59.53255497861917,,,0,SPEAKER_01,3
real,0.0,long_00001_3729-2300-8230,s3,no_recursion,3,2,-8.124886001764756,,,0,SPEAKER_01,3
real,0.0,long_00001_3729-2300-8230,s1,ungated_deflation,3,1,34.011568406997924,1,1,0,SPEAKER_02,3
real,0.0,long_00001_3729-2300-8230,s1,ungated_deflation,3,2,-5.310933781805543,1,1,0,SPEAKER_02,3
real,0.0,long_00001_3729-2300-8230,s2,ungated_deflation,3,1,94.03269338645286,0,0,0,SPEAKER_00,3
real,0.0,long_00001_3729-2300-8230,s2,ungated_deflation,3,2,2.4323987954886497,0,0,0,SPEAKER_00,3
real,0.0,long_00001_3729-2300-8230,s3,ungated_deflation,3,1,59.53255497861917,2,2,0,SPEAKER_01,3
real,0.0,long_00001_3729-2300-8230,s3,ungated_deflation,3,2,-8.970761297239886,2,2,0,SPEAKER_01,3
real,0.0,long_00001_3729-2300-8230,s1,gated_deflation,3,1,34.011568406997924,1,1,0,SPEAKER_02,3
real,0.0,long_00001_3729-2300-8230,s1,gated_deflation,3,2,-5.310933781805543,1,1,0,SPEAKER_02,3
real,0.0,long_00001_3729-2300-8230,s2,gated_deflation,3,1,94.03269338645286,0,0,0,SPEAKER_00,3
real,0.0,long_00001_3729-2300-8230,s2,gated_deflation,3,2,2.4323987954886497,0,0,0,SPEAKER_00,3
real,0.0,long_00001_3729-2300-8230,s3,gated_deflation,3,1,59.53255497861917,2,2,0,SPEAKER_01,3
real,0.0,long_00001_3729-2300-8230,s3,gated_deflation,3,2,-8.970761297239886,2,2,0,SPEAKER_01,3
real,0.0,long_00001_3729-2300-8230,s1,coarse_to_fine,3,1,34.011568406997924,,,2,SPEAKER_02,3
real,0.0,long_00001_3729-2300-8230,s1,coarse_to_fine,3,2,-1.6317005490091527,,,2,SPEAKER_02,3
real,0.0,long_00001_3729-2300-8230,s2,coarse_to_fine,3,1,94.03269338645286,,,2,SPEAKER_00,3
real,0.0,long_00001_3729-2300-8230,s2,coarse_to_fine,3,2,2.4323987954886497,,,2,SPEAKER_00,3
real,0.0,long_00001_3729-2300-8230,s3,coarse_to_fine,3,1,59.53255497861917,,,2,SPEAKER_01,3
real,0.0,long_00001_3729-2300-8230,s3,coarse_to_fine,3,2,-8.124886001764756,,,2,SPEAKER_01,3
oracle,0.0,long_00002_4077-237-2300,s1,no_recursion,3,1,45.47358481605738,,,0,s1,3
oracle,0.0,long_00002_4077-237-2300,s1,no_recursion,3,2,1.8124856681220483,,,0,s1,3
oracle,0.0,long_00002_4077-237-2300,s2,no_recursion,3,1,38.244093298738356,,,0,s2,3
oracle,0.0,long_00002_4077-237-2300,s2,no_recursion,3,2,2.976950201891599,,,0,s2,3
oracle,0.0,long_00002_4077-237-2300,s3,no_recursion,3,1,43.92947104145439,,,0,s3,3
oracle,0.0,long_00002_4077-237-2300,s3,no_recursion,3,2,7.168572142969517,,,0,s3,3
oracle,0.0,long_00002_4077-237-2300,s1,ungated_deflation,3,1,45.47358481605738,0,0,0,s1,3
oracle,0.0,long_00002_4077-237-2300,s1,ungated_deflation,3,2,1.8124856681220483,0,0,0,s1,3
oracle,0.0,long_00002_4077-237-2300,s2,ungated_deflation,3,1,36.25010864602328,1,1,0,s2,3
oracle,0.0,long_00002_4077-237-2300,s2,ungated_deflation,3,2,-0.6172908615330002,1,1,0,s2,3
oracle,0.0,long_00002_4077-237-2300,s3,ungated_deflation,3,1,36.89321772835267,2,2,0,s3,3
oracle,0.0,long_00002_4077-237-2300,s3,ungated_deflation,3,2,2.229963561682288,2,2,0,s3,3
oracle,0.0,long_00002_4077-237-2300,s1,gated_deflation,3,1,45.47358481605738,0,0,0,s1,3
oracle,0.0,long_00002_4077-237-2300,s1,gated_deflation,3,2,1.8124856681220483,0,0,0,s1,3
oracle,0.0,long_00002_4077-237-2300,s2,gated_deflation,3,1,36.25010864602328,1,1,0,s2,3
oracle,0.0,long_00002_4077-237-2300,s2,gated_deflation,3,2,-0.6172908615330002,1,1,0,s2,3
oracle,0.0,long_00002_4077-237-2300,s3,gated_deflation,3,1,36.89321772835267,2,2,0,s3,3
oracle,0.0,long_00002_4077-237-2300,s3,gated_deflation,3,2,2.229963561682288,2,2,0,s3,3
oracle,0.0,long_00002_4077-237-2300,s1,coarse_to_fine,3,1,45.47358481605738,,,2,s1,3
oracle,0.0,long_00002_4077-237-2300,s1,coarse_to_fine,3,2,1.8124856681220483,,,2,s1,3
oracle,0.0,long_00002_4077-237-2300,s2,coarse_to_fine,3,1,38.244093298738356,,,2,s2,3
oracle,0.0,long_00002_4077-237-2300,s2,coarse_to_fine,3,2,2.976950201891599,,,2,s2,3
oracle,0.0,long_00002_4077-237-2300,s3,coarse_to_fine,3,1,43.92947104145439,,,2,s3,3
oracle,0.0,long_00002_4077-237-2300,s3,coarse_to_fine,3,2,7.168572142969517,,,2,s3,3
real,0.0,long_00002_4077-237-2300,s1,no_recursion,3,1,52.94067921697446,,,0,SPEAKER_01,3
real,0.0,long_00002_4077-237-2300,s1,no_recursion,3,2,-0.6666001906141164,,,0,SPEAKER_01,3
real,0.0,long_00002_4077-237-2300,s2,no_recursion,3,1,40.59209777517981,,,0,SPEAKER_00,3
real,0.0,long_00002_4077-237-2300,s2,no_recursion,3,2,1.1932376687902484,,,0,SPEAKER_00,3
real,0.0,long_00002_4077-237-2300,s3,no_recursion,3,1,46.9425126348612,,,0,SPEAKER_02,3
real,0.0,long_00002_4077-237-2300,s3,no_recursion,3,2,-1.2650046610409689,,,0,SPEAKER_02,3
real,0.0,long_00002_4077-237-2300,s1,ungated_deflation,3,1,52.94067921697446,2,2,0,SPEAKER_01,3
real,0.0,long_00002_4077-237-2300,s1,ungated_deflation,3,2,-0.18868565431700923,2,2,0,SPEAKER_01,3
real,0.0,long_00002_4077-237-2300,s2,ungated_deflation,3,1,40.59209777517981,1,1,0,SPEAKER_00,3
real,0.0,long_00002_4077-237-2300,s2,ungated_deflation,3,2,-0.31205930826736294,1,1,0,SPEAKER_00,3
real,0.0,long_00002_4077-237-2300,s3,ungated_deflation,3,1,46.9425126348612,0,0,0,SPEAKER_02,3
real,0.0,long_00002_4077-237-2300,s3,ungated_deflation,3,2,-1.2650046610409689,0,0,0,SPEAKER_02,3
real,0.0,long_00002_4077-237-2300,s1,gated_deflation,3,1,52.94067921697446,2,2,0,SPEAKER_01,3
real,0.0,long_00002_4077-237-2300,s1,gated_deflation,3,2,-0.18868565431700923,2,2,0,SPEAKER_01,3
real,0.0,long_00002_4077-237-2300,s2,gated_deflation,3,1,40.59209777517981,1,1,0,SPEAKER_00,3
real,0.0,long_00002_4077-237-2300,s2,gated_deflation,3,2,-0.31205930826736294,1,1,0,SPEAKER_00,3
real,0.0,long_00002_4077-237-2300,s3,gated_deflation,3,1,46.9425126348612,0,0,0,SPEAKER_02,3
real,0.0,long_00002_4077-237-2300,s3,gated_deflation,3,2,-1.2650046610409689,0,0,0,SPEAKER_02,3
real,0.0,long_00002_4077-237-2300,s1,coarse_to_fine,3,1,52.94067921697446,,,2,SPEAKER_01,3
real,0.0,long_00002_4077-237-2300,s1,coarse_to_fine,3,2,-0.6666001906141164,,,2,SPEAKER_01,3
real,0.0,long_00002_4077-237-2300,s2,coarse_to_fine,3,1,40.59209777517981,,,2,SPEAKER_00,3
real,0.0,long_00002_4077-237-2300,s2,coarse_to_fine,3,2,1.1932376687902484,,,2,SPEAKER_00,3
real,0.0,long_00002_4077-237-2300,s3,coarse_to_fine,3,1,46.9425126348612,,,2,SPEAKER_02,3
real,0.0,long_00002_4077-237-2300,s3,coarse_to_fine,3,2,-1.1290417986008106,,,2,SPEAKER_02,3
oracle,0.0,long_00003_4507-7176-8455,s1,no_recursion,3,1,57.08113785239122,,,0,s1,3
oracle,0.0,long_00003_4507-7176-8455,s1,no_recursion,3,2,3.955943560423697,,,0,s1,3
oracle,0.0,long_00003_4507-7176-8455,s2,no_recursion,3,1,37.5122205497564,,,0,s2,3
oracle,0.0,long_00003_4507-7176-8455,s2,no_recursion,3,2,2.2899439564553834,,,0,s2,3
oracle,0.0,long_00003_4507-7176-8455,s3,no_recursion,3,1,48.71508237584102,,,0,s3,3
oracle,0.0,long_00003_4507-7176-8455,s3,no_recursion,3,2,-0.08775401932426935,,,0,s3,3
oracle,0.0,long_00003_4507-7176-8455,s1,ungated_deflation,3,1,57.08113785239122,0,0,0,s1,3
oracle,0.0,long_00003_4507-7176-8455,s1,ungated_deflation,3,2,3.955943560423697,0,0,0,s1,3
oracle,0.0,long_00003_4507-7176-8455,s2,ungated_deflation,3,1,37.82864576687533,1,1,0,s2,3
oracle,0.0,long_00003_4507-7176-8455,s2,ungated_deflation,3,2,2.2930212082323305,1,1,0,s2,3
oracle,0.0,long_00003_4507-7176-8455,s3,ungated_deflation,3,1,47.02706711831321,2,2,0,s3,3
oracle,0.0,long_00003_4507-7176-8455,s3,ungated_deflation,3,2,-2.0173532246026453,2,2,0,s3,3
oracle,0.0,long_00003_4507-7176-8455,s1,gated_deflation,3,1,57.08113785239122,0,0,0,s1,3
oracle,0.0,long_00003_4507-7176-8455,s1,gated_deflation,3,2,3.955943560423697,0,0,0,s1,3
oracle,0.0,long_00003_4507-7176-8455,s2,gated_deflation,3,1,37.82864576687533,1,1,0,s2,3
oracle,0.0,long_00003_4507-7176-8455,s2,gated_deflation,3,2,2.2930212082323305,1,1,0,s2,3
oracle,0.0,long_00003_4507-7176-8455,s3,gated_deflation,3,1,47.02706711831321,2,2,0,s3,3
oracle,0.0,long_00003_4507-7176-8455,s3,gated_deflation,3,2,-2.0173532246026453,2,2,0,s3,3
oracle,0.0,long_00003_4507-7176-8455,s1,coarse_to_fine,3,1,57.547830216701065,,,2,s1,3
oracle,0.0,long_00003_4507-7176-8455,s1,coarse_to_fine,3,2,4.6449717649369555,,,2,s1,3
oracle,0.0,long_00003_4507-7176-8455,s2,coarse_to_fine,3,1,37.5122205497564,,,2,s2,3
oracle,0.0,long_00003_4507-7176-8455,s2,coarse_to_fine,3,2,2.2899439564553834,,,2,s2,3
oracle,0.0,long_00003_4507-7176-8455,s3,coarse_to_fine,3,1,48.71508237584102,,,2,s3,3
oracle,0.0,long_00003_4507-7176-8455,s3,coarse_to_fine,3,2,-0.08775401932426935,,,2,s3,3
real,0.0,long_00003_4507-7176-8455,s1,no_recursion,3,1,39.57839850202721,,,0,SPEAKER_01,3
real,0.0,long_00003_4507-7176-8455,s1,no_recursion,3,2,-0.28446375502590776,,,0,SPEAKER_01,3
real,0.0,long_00003_4507-7176-8455,s2,no_recursion,3,1,inf,,,0,SPEAKER_02,3
real,0.0,long_00003_4507-7176-8455,s2,no_recursion,3,2,0.3115585525447494,,,0,SPEAKER_02,3
real,0.0,long_00003_4507-7176-8455,s3,no_recursion,3,1,33.06568516969357,,,0,SPEAKER_00,3
real,0.0,long_00003_4507-7176-8455,s3,no_recursion,3,2,-2.0384240405092737,,,0,SPEAKER_00,3
real,0.0,long_00003_4507-7176-8455,s1,ungated_deflation,3,1,39.57839850202721,1,1,0,SPEAKER_01,3
real,0.0,long_00003_4507-7176-8455,s1,ungated_deflation,3,2,-0.12461410881947693,1,1,0,SPEAKER_01,3
real,0.0,long_00003_4507-7176-8455,s2,ungated_deflation,3,1,inf,2,2,0,SPEAKER_02,3
real,0.0,long_00003_4507-7176-8455,s2,ungated_deflation,3,2,-2.007708083105458,2,2,0,SPEAKER_02,3
real,0.0,long_00003_4507-7176-8455,s3,ungated_deflation,3,1,33.06568516969357,0,0,0,SPEAKER_00,3
real,0.0,long_00003_4507-7176-8455,s3,ungated_deflation,3,2,-2.0384240405092737,0,0,0,SPEAKER_00,3
real,0.0,long_00003_4507-7176-8455,s1,gated_deflation,3,1,39.57839850202721,1,1,0,SPEAKER_01,3
real,0.0,long_00003_4507-7176-8455,s1,gated_deflation,3,2,-0.12461410881947693,1,1,0,SPEAKER_01,3
real,0.0,long_00003_4507-7176-8455,s2,gated_deflation,3,1,inf,2,2,0,SPEAKER_02,3
real,0.0,long_00003_4507-7176-8455,s2,gated_deflation,3,2,-2.007708083105458,2,2,0,SPEAKER_02,3
real,0.0,long_00003_4507-7176-8455,s3,gated_deflation,3,1,33.06568516969357,0,0,0,SPEAKER_00,3
real,0.0,long_00003_4507-7176-8455,s3,gated_deflation,3,2,-2.0384240405092737,0,0,0,SPEAKER_00,3
real,0.0,long_00003_4507-7176-8455,s1,coarse_to_fine,3,1,39.57839850202721,,,2,SPEAKER_01,3
real,0.0,long_00003_4507-7176-8455,s1,coarse_to_fine,3,2,-0.28446375502590776,,,2,SPEAKER_01,3
real,0.0,long_00003_4507-7176-8455,s2,coarse_to_fine,3,1,inf,,,2,SPEAKER_02,3
real,0.0,long_00003_4507-7176-8455,s2,coarse_to_fine,3,2,0.3115585525447494,,,2,SPEAKER_02,3
real,0.0,long_00003_4507-7176-8455,s3,coarse_to_fine,3,1,33.06568516969357,,,2,SPEAKER_00,3
real,0.0,long_00003_4507-7176-8455,s3,coarse_to_fine,3,2,-2.0384240405092737,,,2,SPEAKER_00,3
oracle,0.0,long_00004_5639-61-1089,s1,no_recursion,3,1,42.278867623610054,,,0,s1,3
oracle,0.0,long_00004_5639-61-1089,s1,no_recursion,3,2,-7.963044658450563,,,0,s1,3
oracle,0.0,long_00004_5639-61-1089,s2,no_recursion,3,1,44.984940195668266,,,0,s2,3
oracle,0.0,long_00004_5639-61-1089,s2,no_recursion,3,2,0.7570370922270055,,,0,s2,3
oracle,0.0,long_00004_5639-61-1089,s3,no_recursion,3,1,67.95591408677011,,,0,s3,3
oracle,0.0,long_00004_5639-61-1089,s3,no_recursion,3,2,-2.4466589513883403,,,0,s3,3
oracle,0.0,long_00004_5639-61-1089,s1,ungated_deflation,3,1,42.278867623610054,0,0,0,s1,3
oracle,0.0,long_00004_5639-61-1089,s1,ungated_deflation,3,2,-7.963044658450563,0,0,0,s1,3
oracle,0.0,long_00004_5639-61-1089,s2,ungated_deflation,3,1,46.29815574781798,1,1,0,s2,3
oracle,0.0,long_00004_5639-61-1089,s2,ungated_deflation,3,2,0.6343515979325655,1,1,0,s2,3
oracle,0.0,long_00004_5639-61-1089,s3,ungated_deflation,3,1,57.01248158405348,2,2,0,s3,3
oracle,0.0,long_00004_5639-61-1089,s3,ungated_deflation,3,2,-3.615171905438568,2,2,0,s3,3
oracle,0.0,long_00004_5639-61-1089,s1,gated_deflation,3,1,42.278867623610054,0,0,0,s1,3
oracle,0.0,long_00004_5639-61-1089,s1,gated_deflation,3,2,-7.963044658450563,0,0,0,s1,3
oracle,0.0,long_00004_5639-61-1089,s2,gated_deflation,3,1,46.29815574781798,1,1,0,s2,3
oracle,0.0,long_00004_5639-61-1089,s2,gated_deflation,3,2,0.6343515979325655,1,1,0,s2,3
oracle,0.0,long_00004_5639-61-1089,s3,gated_deflation,3,1,57.01248158405348,2,2,0,s3,3
oracle,0.0,long_00004_5639-61-1089,s3,gated_deflation,3,2,-3.615171905438568,2,2,0,s3,3
oracle,0.0,long_00004_5639-61-1089,s1,coarse_to_fine,3,1,42.278867623610054,,,2,s1,3
oracle,0.0,long_00004_5639-61-1089,s1,coarse_to_fine,3,2,-7.963044658450563,,,2,s1,3
oracle,0.0,long_00004_5639-61-1089,s2,coarse_to_fine,3,1,44.984940195668266,,,2,s2,3
oracle,0.0,long_00004_5639-61-1089,s2,coarse_to_fine,3,2,0.7570370922270055,,,2,s2,3
oracle,0.0,long_00004_5639-61-1089,s3,coarse_to_fine,3,1,67.95591408677011,,,2,s3,3
oracle,0.0,long_00004_5639-61-1089,s3,coarse_to_fine,3,2,-2.4466589513883403,,,2,s3,3
real,0.0,long_00004_5639-61-1089,s1,no_recursion,3,1,57.852534981511596,,,0,SPEAKER_00,3
real,0.0,long_00004_5639-61-1089,s1,no_recursion,3,2,-9.732013757520916,,,0,SPEAKER_00,3
real,0.0,long_00004_5639-61-1089,s2,no_recursion,3,1,31.602404752811715,,,0,SPEAKER_02,3
real,0.0,long_00004_5639-61-1089,s2,no_recursion,3,2,-3.68075450945744,,,0,SPEAKER_02,3
real,0.0,long_00004_5639-61-1089,s3,no_recursion,3,1,46.56822302821121,,,0,SPEAKER_01,3
real,0.0,long_00004_5639-61-1089,s3,no_recursion,3,2,-5.530944852866362,,,0,SPEAKER_01,3
real,0.0,long_00004_5639-61-1089,s1,ungated_deflation,3,1,57.852534981511596,0,0,0,SPEAKER_00,3
real,0.0,long_00004_5639-61-1089,s1,ungated_deflation,3,2,-9.732013757520916,0,0,0,SPEAKER_00,3
real,0.0,long_00004_5639-61-1089,s2,ungated_deflation,3,1,31.602404752811715,2,2,0,SPEAKER_02,3
real,0.0,long_00004_5639-61-1089,s2,ungated_deflation,3,2,-2.8132989851349945,2,2,0,SPEAKER_02,3
real,0.0,long_00004_5639-61-1089,s3,ungated_deflation,3,1,46.56822302821121,1,1,0,SPEAKER_01,3
real,0.0,long_00004_5639-61-1089,s3,ungated_deflation,3,2,-5.4345369508671135,1,1,0,SPEAKER_01,3
real,0.0,long_00004_5639-61-1089,s1,gated_deflation,3,1,57.852534981511596,0,0,0,SPEAKER_00,3
real,0.0,long_00004_5639-61-1089,s1,gated_deflation,3,2,-9.732013757520916,0,0,0,SPEAKER_00,3
real,0.0,long_00004_5639-61-1089,s2,gated_deflation,3,1,31.602404752811715,2,2,0,SPEAKER_02,3
real,0.0,long_00004_5639-61-1089,s2,gated_deflation,3,2,-2.8132989851349945,2,2,0,SPEAKER_02,3
real,0.0,long_00004_5639-61-1089,s3,gated_deflation,3,1,46.56822302821121,1,1,0,SPEAKER_01,3
real,0.0,long_00004_5639-61-1089,s3,gated_deflation,3,2,-5.4345369508671135,1,1,0,SPEAKER_01,3
real,0.0,long_00004_5639-61-1089,s1,coarse_to_fine,3,1,57.852534981511596,,,2,SPEAKER_00,3
real,0.0,long_00004_5639-61-1089,s1,coarse_to_fine,3,2,-9.732013757520916,,,2,SPEAKER_00,3
real,0.0,long_00004_5639-61-1089,s2,coarse_to_fine,3,1,31.602404752811715,,,2,SPEAKER_02,3
real,0.0,long_00004_5639-61-1089,s2,coarse_to_fine,3,2,-3.68075450945744,,,2,SPEAKER_02,3
real,0.0,long_00004_5639-61-1089,s3,coarse_to_fine,3,1,46.56822302821121,,,2,SPEAKER_01,3
real,0.0,long_00004_5639-61-1089,s3,coarse_to_fine,3,2,-6.271541717317132,,,2,SPEAKER_01,3
oracle,0.0,long_00005_3570-908-4507,s1,no_recursion,3,1,70.99562978508557,,,0,s1,3
oracle,0.0,long_00005_3570-908-4507,s1,no_recursion,3,2,4.318693224207073,,,0,s1,3
oracle,0.0,long_00005_3570-908-4507,s2,no_recursion,3,1,38.800999094054816,,,0,s2,3
oracle,0.0,long_00005_3570-908-4507,s2,no_recursion,3,2,2.3089361085785374,,,0,s2,3
oracle,0.0,long_00005_3570-908-4507,s3,no_recursion,3,1,42.83837922021342,,,0,s3,3
oracle,0.0,long_00005_3570-908-4507,s3,no_recursion,3,2,6.431330498402844,,,0,s3,3
oracle,0.0,long_00005_3570-908-4507,s1,ungated_deflation,3,1,70.99562978508557,0,0,0,s1,3
oracle,0.0,long_00005_3570-908-4507,s1,ungated_deflation,3,2,4.318693224207073,0,0,0,s1,3
oracle,0.0,long_00005_3570-908-4507,s2,ungated_deflation,3,1,39.3359158481099,1,1,0,s2,3
oracle,0.0,long_00005_3570-908-4507,s2,ungated_deflation,3,2,1.6029074521684294,1,1,0,s2,3
oracle,0.0,long_00005_3570-908-4507,s3,ungated_deflation,3,1,39.23040016710019,2,2,0,s3,3
oracle,0.0,long_00005_3570-908-4507,s3,ungated_deflation,3,2,0.5515042900902816,2,2,0,s3,3
oracle,0.0,long_00005_3570-908-4507,s1,gated_deflation,3,1,70.99562978508557,0,0,0,s1,3
oracle,0.0,long_00005_3570-908-4507,s1,gated_deflation,3,2,4.318693224207073,0,0,0,s1,3
oracle,0.0,long_00005_3570-908-4507,s2,gated_deflation,3,1,39.3359158481099,1,1,0,s2,3
oracle,0.0,long_00005_3570-908-4507,s2,gated_deflation,3,2,1.6029074521684294,1,1,0,s2,3
oracle,0.0,long_00005_3570-908-4507,s3,gated_deflation,3,1,39.23040016710019,2,2,0,s3,3
oracle,0.0,long_00005_3570-908-4507,s3,gated_deflation,3,2,0.5515042900902816,2,2,0,s3,3
oracle,0.0,long_00005_3570-908-4507,s1,coarse_to_fine,3,1,70.92418577439501,,,2,s1,3
oracle,0.0,long_00005_3570-908-4507,s1,coarse_to_fine,3,2,3.749825487822192,,,2,s1,3
oracle,0.0,long_00005_3570-908-4507,s2,coarse_to_fine,3,1,38.800999094054816,,,2,s2,3
oracle,0.0,long_00005_3570-908-4507,s2,coarse_to_fine,3,2,2.3089361085785374,,,2,s2,3
oracle,0.0,long_00005_3570-908-4507,s3,coarse_to_fine,3,1,43.02461924953553,,,2,s3,3
oracle,0.0,long_00005_3570-908-4507,s3,coarse_to_fine,3,2,5.996658448206423,,,2,s3,3
real,0.0,long_00005_3570-908-4507,s1,no_recursion,3,1,41.8784392100227,,,0,SPEAKER_01,3
real,0.0,long_00005_3570-908-4507,s1,no_recursion,3,2,0.5061070831481375,,,0,SPEAKER_01,3
real,0.0,long_00005_3570-908-4507,s3,no_recursion,3,1,41.764920689767344,,,0,SPEAKER_02,3
real,0.0,long_00005_3570-908-4507,s3,no_recursion,3,2,-0.6804074748483979,,,0,SPEAKER_02,3
real,0.0,long_00005_3570-908-4507,s2,no_recursion,3,1,32.88597830262065,,,0,SPEAKER_00,3
real,0.0,long_00005_3570-908-4507,s2,no_recursion,3,2,-2.450258431692209,,,0,SPEAKER_00,3
real,0.0,long_00005_3570-908-4507,s1,ungated_deflation,3,1,41.8784392100227,2,2,0,SPEAKER_01,3
real,0.0,long_00005_3570-908-4507,s1,ungated_deflation,3,2,0.26320342603113006,2,2,0,SPEAKER_01,3
real,0.0,long_00005_3570-908-4507,s3,ungated_deflation,3,1,41.764920689767344,1,1,0,SPEAKER_02,3
real,0.0,long_00005_3570-908-4507,s3,ungated_deflation,3,2,-4.980760355710606,1,1,0,SPEAKER_02,3
real,0.0,long_00005_3570-908-4507,s2,ungated_deflation,3,1,32.88597830262065,0,0,0,SPEAKER_00,3
real,0.0,long_00005_3570-908-4507,s2,ungated_deflation,3,2,-2.450258431692209,0,0,0,SPEAKER_00,3
real,0.0,long_00005_3570-908-4507,s1,gated_deflation,3,1,41.8784392100227,2,2,0,SPEAKER_01,3
real,0.0,long_00005_3570-908-4507,s1,gated_deflation,3,2,0.26320342603113006,2,2,0,SPEAKER_01,3
real,0.0,long_00005_3570-908-4507,s3,gated_deflation,3,1,41.764920689767344,1,1,0,SPEAKER_02,3
real,0.0,long_00005_3570-908-4507,s3,gated_deflation,3,2,-4.980760355710606,1,1,0,SPEAKER_02,3
real,0.0,long_00005_3570-908-4507,s2,gated_deflation,3,1,32.88597830262065,0,0,0,SPEAKER_00,3
real,0.0,long_00005_3570-908-4507,s2,gated_deflation,3,2,-2.450258431692209,0,0,0,SPEAKER_00,3
real,0.0,long_00005_3570-908-4507,s1,coarse_to_fine,3,1,41.8784392100227,,,2,SPEAKER_01,3
real,0.0,long_00005_3570-908-4507,s1,coarse_to_fine,3,2,0.5488432784213881,,,2,SPEAKER_01,3
real,0.0,long_00005_3570-908-4507,s3,coarse_to_fine,3,1,41.764920689767344,,,2,SPEAKER_02,3
real,0.0,long_00005_3570-908-4507,s3,coarse_to_fine,3,2,0.2624582855521237,,,2,SPEAKER_02,3
real,0.0,long_00005_3570-908-4507,s2,coarse_to_fine,3,1,32.88597830262065,,,2,SPEAKER_00,3
real,0.0,long_00005_3570-908-4507,s2,coarse_to_fine,3,2,-2.450258431692209,,,2,SPEAKER_00,3
oracle,0.0,long_00006_1089-8230-7176,s1,no_recursion,3,1,64.36516784153939,,,0,s1,3
oracle,0.0,long_00006_1089-8230-7176,s1,no_recursion,3,2,-1.252133055406596,,,0,s1,3
oracle,0.0,long_00006_1089-8230-7176,s2,no_recursion,3,1,43.83551706555353,,,0,s2,3
oracle,0.0,long_00006_1089-8230-7176,s2,no_recursion,3,2,0.4434365766519349,,,0,s2,3
oracle,0.0,long_00006_1089-8230-7176,s3,no_recursion,3,1,50.0241209356217,,,0,s3,3
oracle,0.0,long_00006_1089-8230-7176,s3,no_recursion,3,2,0.2318433162356176,,,0,s3,3
oracle,0.0,long_00006_1089-8230-7176,s1,ungated_deflation,3,1,64.36516784153939,0,0,0,s1,3
oracle,0.0,long_00006_1089-8230-7176,s1,ungated_deflation,3,2,-1.252133055406596,0,0,0,s1,3
oracle,0.0,long_00006_1089-8230-7176,s2,ungated_deflation,3,1,42.15394766633649,1,1,0,s2,3
oracle,0.0,long_00006_1089-8230-7176,s2,ungated_deflation,3,2,-2.6196077107378017,1,1,0,s2,3
oracle,0.0,long_00006_1089-8230-7176,s3,ungated_deflation,3,1,39.83213760201701,2,2,0,s3,3
oracle,0.0,long_00006_1089-8230-7176,s3,ungated_deflation,3,2,-2.3262512786556186,2,2,0,s3,3
oracle,0.0,long_00006_1089-8230-7176,s1,gated_deflation,3,1,64.36516784153939,0,0,0,s1,3
oracle,0.0,long_00006_1089-8230-7176,s1,gated_deflation,3,2,-1.252133055406596,0,0,0,s1,3
oracle,0.0,long_00006_1089-8230-7176,s2,gated_deflation,3,1,42.15394766633649,1,1,0,s2,3
oracle,0.0,long_00006_1089-8230-7176,s2,gated_deflation,3,2,-2.6196077107378017,1,1,0,s2,3
oracle,0.0,long_00006_1089-8230-7176,s3,gated_deflation,3,1,39.83213760201701,2,2,0,s3,3
oracle,0.0,long_00006_1089-8230-7176,s3,gated_deflation,3,2,-2.3262512786556186,2,2,0,s3,3
oracle,0.0,long_00006_1089-8230-7176,s1,coarse_to_fine,3,1,64.33398579269509,,,2,s1,3
oracle,0.0,long_00006_1089-8230-7176,s1,coarse_to_fine,3,2,-2.14493640303927,,,2,s1,3
oracle,0.0,long_00006_1089-8230-7176,s2,coarse_to_fine,3,1,43.83551706555353,,,2,s2,3
oracle,0.0,long_00006_1089-8230-7176,s2,coarse_to_fine,3,2,0.4434365766519349,,,2,s2,3
oracle,0.0,long_00006_1089-8230-7176,s3,coarse_to_fine,3,1,49.695765181137226,,,2,s3,3
oracle,0.0,long_00006_1089-8230-7176,s3,coarse_to_fine,3,2,-1.7174225799895861,,,2,s3,3
real,0.0,long_00006_1089-8230-7176,s1,no_recursion,3,1,63.870749824962886,,,0,SPEAKER_02,3
real,0.0,long_00006_1089-8230-7176,s1,no_recursion,3,2,-3.7813319635939733,,,0,SPEAKER_02,3
real,0.0,long_00006_1089-8230-7176,s2,no_recursion,3,1,inf,,,0,SPEAKER_01,3
real,0.0,long_00006_1089-8230-7176,s2,no_recursion,3,2,-0.9686794857568632,,,0,SPEAKER_01,3
real,0.0,long_00006_1089-8230-7176,s3,no_recursion,3,1,52.05798779985636,,,0,SPEAKER_00,3
real,0.0,long_00006_1089-8230-7176,s3,no_recursion,3,2,-2.196124096570017,,,0,SPEAKER_00,3
real,0.0,long_00006_1089-8230-7176,s1,ungated_deflation,3,1,63.870749824962886,2,2,0,SPEAKER_02,3
real,0.0,long_00006_1089-8230-7176,s1,ungated_deflation,3,2,-5.792537068447269,2,2,0,SPEAKER_02,3
real,0.0,long_00006_1089-8230-7176,s2,ungated_deflation,3,1,inf,1,1,0,SPEAKER_01,3
real,0.0,long_00006_1089-8230-7176,s2,ungated_deflation,3,2,-4.991533262884212,1,1,0,SPEAKER_01,3
real,0.0,long_00006_1089-8230-7176,s3,ungated_deflation,3,1,52.05798779985636,0,0,0,SPEAKER_00,3
real,0.0,long_00006_1089-8230-7176,s3,ungated_deflation,3,2,-2.196124096570017,0,0,0,SPEAKER_00,3
real,0.0,long_00006_1089-8230-7176,s1,gated_deflation,3,1,63.870749824962886,2,1,0,SPEAKER_02,3
real,0.0,long_00006_1089-8230-7176,s1,gated_deflation,3,2,-4.7165062374134,2,1,0,SPEAKER_02,3
real,0.0,long_00006_1089-8230-7176,s2,gated_deflation,3,1,inf,1,1,0,SPEAKER_01,3
real,0.0,long_00006_1089-8230-7176,s2,gated_deflation,3,2,-4.991533262884212,1,1,0,SPEAKER_01,3
real,0.0,long_00006_1089-8230-7176,s3,gated_deflation,3,1,52.05798779985636,0,0,0,SPEAKER_00,3
real,0.0,long_00006_1089-8230-7176,s3,gated_deflation,3,2,-2.196124096570017,0,0,0,SPEAKER_00,3
real,0.0,long_00006_1089-8230-7176,s1,coarse_to_fine,3,1,63.870749824962886,,,2,SPEAKER_02,3
real,0.0,long_00006_1089-8230-7176,s1,coarse_to_fine,3,2,-3.7813319635939733,,,2,SPEAKER_02,3
real,0.0,long_00006_1089-8230-7176,s2,coarse_to_fine,3,1,inf,,,2,SPEAKER_01,3
real,0.0,long_00006_1089-8230-7176,s2,coarse_to_fine,3,2,-0.9686794857568632,,,2,SPEAKER_01,3
real,0.0,long_00006_1089-8230-7176,s3,coarse_to_fine,3,1,52.05798779985636,,,2,SPEAKER_00,3
real,0.0,long_00006_1089-8230-7176,s3,coarse_to_fine,3,2,-4.933215952746394,,,2,SPEAKER_00,3
oracle,0.0,long_00007_1188-4077-121,s1,no_recursion,3,1,49.88188180238837,,,0,s1,3
oracle,0.0,long_00007_1188-4077-121,s1,no_recursion,3,2,0.9507188610367492,,,0,s1,3
oracle,0.0,long_00007_1188-4077-121,s2,no_recursion,3,1,57.40255969763243,,,0,s2,3
oracle,0.0,long_00007_1188-4077-121,s2,no_recursion,3,2,0.4829497759633799,,,0,s2,3
oracle,0.0,long_00007_1188-4077-121,s3,no_recursion,3,1,81.5938737616413,,,0,s3,3
oracle,0.0,long_00007_1188-4077-121,s3,no_recursion,3,2,-4.463558127248376,,,0,s3,3
oracle,0.0,long_00007_1188-4077-121,s1,ungated_deflation,3,1,49.88188180238837,0,0,0,s1,3
oracle,0.0,long_00007_1188-4077-121,s1,ungated_deflation,3,2,0.9507188610367492,0,0,0,s1,3
oracle,0.0,long_00007_1188-4077-121,s2,ungated_deflation,3,1,56.03092597204252,1,1,0,s2,3
oracle,0.0,long_00007_1188-4077-121,s2,ungated_deflation,3,2,-1.5874956859036706,1,1,0,s2,3
oracle,0.0,long_00007_1188-4077-121,s3,ungated_deflation,3,1,72.15942298986313,2,2,0,s3,3
oracle,0.0,long_00007_1188-4077-121,s3,ungated_deflation,3,2,-6.923898139685343,2,2,0,s3,3
oracle,0.0,long_00007_1188-4077-121,s1,gated_deflation,3,1,49.88188180238837,0,0,0,s1,3
oracle,0.0,long_00007_1188-4077-121,s1,gated_deflation,3,2,0.9507188610367492,0,0,0,s1,3
oracle,0.0,long_00007_1188-4077-121,s2,gated_deflation,3,1,56.03092597204252,1,1,0,s2,3
oracle,0.0,long_00007_1188-4077-121,s2,gated_deflation,3,2,-1.5874956859036706,1,1,0,s2,3
oracle,0.0,long_00007_1188-4077-121,s3,gated_deflation,3,1,72.15942298986313,2,2,0,s3,3
oracle,0.0,long_00007_1188-4077-121,s3,gated_deflation,3,2,-6.923898139685343,2,2,0,s3,3
oracle,0.0,long_00007_1188-4077-121,s1,coarse_to_fine,3,1,49.88188180238837,,,2,s1,3
oracle,0.0,long_00007_1188-4077-121,s1,coarse_to_fine,3,2,0.9507188610367492,,,2,s1,3
oracle,0.0,long_00007_1188-4077-121,s2,coarse_to_fine,3,1,57.40255969763243,,,2,s2,3
oracle,0.0,long_00007_1188-4077-121,s2,coarse_to_fine,3,2,0.4829497759633799,,,2,s2,3
oracle,0.0,long_00007_1188-4077-121,s3,coarse_to_fine,3,1,81.5938737616413,,,2,s3,3
oracle,0.0,long_00007_1188-4077-121,s3,coarse_to_fine,3,2,-4.463558127248376,,,2,s3,3
real,0.0,long_00007_1188-4077-121,s1,no_recursion,3,1,33.04690987612828,,,0,SPEAKER_00,3
real,0.0,long_00007_1188-4077-121,s1,no_recursion,3,2,-0.5457868933020809,,,0,SPEAKER_00,3
real,0.0,long_00007_1188-4077-121,s2,no_recursion,3,1,inf,,,0,SPEAKER_01,3
real,0.0,long_00007_1188-4077-121,s2,no_recursion,3,2,-0.30695049237694016,,,0,SPEAKER_01,3
real,0.0,long_00007_1188-4077-121,s3,no_recursion,3,1,41.71667324131538,,,0,SPEAKER_02,3
real,0.0,long_00007_1188-4077-121,s3,no_recursion,3,2,-4.48850070574159,,,0,SPEAKER_02,3
real,0.0,long_00007_1188-4077-121,s1,ungated_deflation,3,1,33.04690987612828,0,0,0,SPEAKER_00,3
real,0.0,long_00007_1188-4077-121,s1,ungated_deflation,3,2,-0.5457868933020809,0,0,0,SPEAKER_00,3
real,0.0,long_00007_1188-4077-121,s2,ungated_deflation,3,1,inf,2,2,0,SPEAKER_01,3
real,0.0,long_00007_1188-4077-121,s2,ungated_deflation,3,2,0.23758491267881737,2,2,0,SPEAKER_01,3
real,0.0,long_00007_1188-4077-121,s3,ungated_deflation,3,1,41.71667324131538,1,1,0,SPEAKER_02,3
real,0.0,long_00007_1188-4077-121,s3,ungated_deflation,3,2,-6.871496297887726,1,1,0,SPEAKER_02,3
real,0.0,long_00007_1188-4077-121,s1,gated_deflation,3,1,33.04690987612828,0,0,0,SPEAKER_00,3
real,0.0,long_00007_1188-4077-121,s1,gated_deflation,3,2,-0.5457868933020809,0,0,0,SPEAKER_00,3
real,0.0,long_00007_1188-4077-121,s2,gated_deflation,3,1,inf,2,2,0,SPEAKER_01,3
real,0.0,long_00007_1188-4077-121,s2,gated_deflation,3,2,0.23758491267881737,2,2,0,SPEAKER_01,3
real,0.0,long_00007_1188-4077-121,s3,gated_deflation,3,1,41.71667324131538,1,1,0,SPEAKER_02,3
real,0.0,long_00007_1188-4077-121,s3,gated_deflation,3,2,-6.871496297887726,1,1,0,SPEAKER_02,3
real,0.0,long_00007_1188-4077-121,s1,coarse_to_fine,3,1,33.04690987612828,,,2,SPEAKER_00,3
real,0.0,long_00007_1188-4077-121,s1,coarse_to_fine,3,2,-0.5457868933020809,,,2,SPEAKER_00,3
real,0.0,long_00007_1188-4077-121,s2,coarse_to_fine,3,1,inf,,,2,SPEAKER_01,3
real,0.0,long_00007_1188-4077-121,s2,coarse_to_fine,3,2,-0.30695049237694016,,,2,SPEAKER_01,3
real,0.0,long_00007_1188-4077-121,s3,coarse_to_fine,3,1,41.71667324131538,,,2,SPEAKER_02,3
real,0.0,long_00007_1188-4077-121,s3,coarse_to_fine,3,2,-4.48850070574159,,,2,SPEAKER_02,3
oracle,0.0,long_00008_672-5639-121,s1,no_recursion,3,1,73.78418535905104,,,0,s1,3
oracle,0.0,long_00008_672-5639-121,s1,no_recursion,3,2,2.7534681805213963,,,0,s1,3
oracle,0.0,long_00008_672-5639-121,s2,no_recursion,3,1,36.73172283661916,,,0,s2,3
oracle,0.0,long_00008_672-5639-121,s2,no_recursion,3,2,-1.1041529483345671,,,0,s2,3
oracle,0.0,long_00008_672-5639-121,s3,no_recursion,3,1,92.28428791289794,,,0,s3,3
oracle,0.0,long_00008_672-5639-121,s3,no_recursion,3,2,1.858339870625651,,,0,s3,3
oracle,0.0,long_00008_672-5639-121,s1,ungated_deflation,3,1,73.78418535905104,0,0,0,s1,3
oracle,0.0,long_00008_672-5639-121,s1,ungated_deflation,3,2,2.7534681805213963,0,0,0,s1,3
oracle,0.0,long_00008_672-5639-121,s2,ungated_deflation,3,1,34.918392633888075,1,1,0,s2,3
oracle,0.0,long_00008_672-5639-121,s2,ungated_deflation,3,2,-1.6413411992444016,1,1,0,s2,3
oracle,0.0,long_00008_672-5639-121,s3,ungated_deflation,3,1,92.39119243026275,2,2,0,s3,3
oracle,0.0,long_00008_672-5639-121,s3,ungated_deflation,3,2,0.46877379992108203,2,2,0,s3,3
oracle,0.0,long_00008_672-5639-121,s1,gated_deflation,3,1,73.78418535905104,0,0,0,s1,3
oracle,0.0,long_00008_672-5639-121,s1,gated_deflation,3,2,2.7534681805213963,0,0,0,s1,3
oracle,0.0,long_00008_672-5639-121,s2,gated_deflation,3,1,34.918392633888075,1,1,0,s2,3
oracle,0.0,long_00008_672-5639-121,s2,gated_deflation,3,2,-1.6413411992444016,1,1,0,s2,3
oracle,0.0,long_00008_672-5639-121,s3,gated_deflation,3,1,92.39119243026275,2,2,0,s3,3
oracle,0.0,long_00008_672-5639-121,s3,gated_deflation,3,2,0.46877379992108203,2,2,0,s3,3
oracle,0.0,long_00008_672-5639-121,s1,coarse_to_fine,3,1,73.78418535905104,,,2,s1,3
oracle,0.0,long_00008_672-5639-121,s1,coarse_to_fine,3,2,2.7534681805213963,,,2,s1,3
oracle,0.0,long_00008_672-5639-121,s2,coarse_to_fine,3,1,37.69459947927502,,,2,s2,3
oracle,0.0,long_00008_672-5639-121,s2,coarse_to_fine,3,2,-0.6592603853064338,,,2,s2,3
oracle,0.0,long_00008_672-5639-121,s3,coarse_to_fine,3,1,92.28428791289794,,,2,s3,3
oracle,0.0,long_00008_672-5639-121,s3,coarse_to_fine,3,2,1.858339870625651,,,2,s3,3
real,0.0,long_00008_672-5639-121,s1,no_recursion,3,1,8.396844913871508,,,0,SPEAKER_02,3
real,0.0,long_00008_672-5639-121,s1,no_recursion,3,2,-2.103905742110279,,,0,SPEAKER_02,3
real,0.0,long_00008_672-5639-121,s2,no_recursion,3,1,1.8989738992081895,,,0,SPEAKER_01,3
real,0.0,long_00008_672-5639-121,s2,no_recursion,3,2,-2.7215157960515715,,,0,SPEAKER_01,3
real,0.0,long_00008_672-5639-121,s3,no_recursion,3,1,40.19769141318867,,,0,SPEAKER_00,3
real,0.0,long_00008_672-5639-121,s3,no_recursion,3,2,-1.4946984588224064,,,0,SPEAKER_00,3
real,0.0,long_00008_672-5639-121,s1,ungated_deflation,3,1,8.396844913871508,2,2,0,SPEAKER_02,3
real,0.0,long_00008_672-5639-121,s1,ungated_deflation,3,2,-1.278089154120151,2,2,0,SPEAKER_02,3
real,0.0,long_00008_672-5639-121,s2,ungated_deflation,3,1,1.8989738992081895,1,1,0,SPEAKER_01,3
real,0.0,long_00008_672-5639-121,s2,ungated_deflation,3,2,-3.959751419164261,1,1,0,SPEAKER_01,3
real,0.0,long_00008_672-5639-121,s3,ungated_deflation,3,1,40.19769141318867,0,0,0,SPEAKER_00,3
real,0.0,long_00008_672-5639-121,s3,ungated_deflation,3,2,-1.4946984588224064,0,0,0,SPEAKER_00,3
real,0.0,long_00008_672-5639-121,s1,gated_deflation,3,1,8.396844913871508,2,2,0,SPEAKER_02,3
real,0.0,long_00008_672-5639-121,s1,gated_deflation,3,2,-1.278089154120151,2,2,0,SPEAKER_02,3
real,0.0,long_00008_672-5639-121,s2,gated_deflation,3,1,1.8989738992081895,1,1,0,SPEAKER_01,3
real,0.0,long_00008_672-5639-121,s2,gated_deflation,3,2,-3.959751419164261,1,1,0,SPEAKER_01,3
real,0.0,long_00008_672-5639-121,s3,gated_deflation,3,1,40.19769141318867,0,0,0,SPEAKER_00,3
real,0.0,long_00008_672-5639-121,s3,gated_deflation,3,2,-1.4946984588224064,0,0,0,SPEAKER_00,3
real,0.0,long_00008_672-5639-121,s1,coarse_to_fine,3,1,8.396844913871508,,,2,SPEAKER_02,3
real,0.0,long_00008_672-5639-121,s1,coarse_to_fine,3,2,-2.103905742110279,,,2,SPEAKER_02,3
real,0.0,long_00008_672-5639-121,s2,coarse_to_fine,3,1,1.8989738992081895,,,2,SPEAKER_01,3
real,0.0,long_00008_672-5639-121,s2,coarse_to_fine,3,2,-2.152266261001487,,,2,SPEAKER_01,3
real,0.0,long_00008_672-5639-121,s3,coarse_to_fine,3,1,40.19769141318867,,,2,SPEAKER_00,3
real,0.0,long_00008_672-5639-121,s3,coarse_to_fine,3,2,-1.4946984588224064,,,2,SPEAKER_00,3
oracle,0.0,long_00009_4992-5105-1580,s1,no_recursion,3,1,83.9717438992953,,,0,s1,3
oracle,0.0,long_00009_4992-5105-1580,s1,no_recursion,3,2,4.784400537997416,,,0,s1,3
oracle,0.0,long_00009_4992-5105-1580,s2,no_recursion,3,1,49.98812686390569,,,0,s2,3
oracle,0.0,long_00009_4992-5105-1580,s2,no_recursion,3,2,2.2461652954540066,,,0,s2,3
oracle,0.0,long_00009_4992-5105-1580,s3,no_recursion,3,1,59.28913066463626,,,0,s3,3
oracle,0.0,long_00009_4992-5105-1580,s3,no_recursion,3,2,-0.08459911661976904,,,0,s3,3
oracle,0.0,long_00009_4992-5105-1580,s1,ungated_deflation,3,1,83.9717438992953,0,0,0,s1,3
oracle,0.0,long_00009_4992-5105-1580,s1,ungated_deflation,3,2,4.784400537997416,0,0,0,s1,3
oracle,0.0,long_00009_4992-5105-1580,s2,ungated_deflation,3,1,49.84151858999017,1,1,0,s2,3
oracle,0.0,long_00009_4992-5105-1580,s2,ungated_deflation,3,2,1.3786725196692637,1,1,0,s2,3
oracle,0.0,long_00009_4992-5105-1580,s3,ungated_deflation,3,1,58.90086018439873,2,2,0,s3,3
oracle,0.0,long_00009_4992-5105-1580,s3,ungated_deflation,3,2,1.7475662519370516,2,2,0,s3,3
oracle,0.0,long_00009_4992-5105-1580,s1,gated_deflation,3,1,83.9717438992953,0,0,0,s1,3
oracle,0.0,long_00009_4992-5105-1580,s1,gated_deflation,3,2,4.784400537997416,0,0,0,s1,3
oracle,0.0,long_00009_4992-5105-1580,s2,gated_deflation,3,1,49.84151858999017,1,1,0,s2,3
oracle,0.0,long_00009_4992-5105-1580,s2,gated_deflation,3,2,1.3786725196692637,1,1,0,s2,3
oracle,0.0,long_00009_4992-5105-1580,s3,gated_deflation,3,1,58.90086018439873,2,2,0,s3,3
oracle,0.0,long_00009_4992-5105-1580,s3,gated_deflation,3,2,1.7475662519370516,2,2,0,s3,3
oracle,0.0,long_00009_4992-5105-1580,s1,coarse_to_fine,3,1,83.9717438992953,,,2,s1,3
oracle,0.0,long_00009_4992-5105-1580,s1,coarse_to_fine,3,2,4.784400537997416,,,2,s1,3
oracle,0.0,long_00009_4992-5105-1580,s2,coarse_to_fine,3,1,49.98812686390569,,,2,s2,3
oracle,0.0,long_00009_4992-5105-1580,s2,coarse_to_fine,3,2,2.2461652954540066,,,2,s2,3
oracle,0.0,long_00009_4992-5105-1580,s3,coarse_to_fine,3,1,58.99403746783206,,,2,s3,3
oracle,0.0,long_00009_4992-5105-1580,s3,coarse_to_fine,3,2,-3.5573352859692084,,,2,s3,3
real,0.0,long_00009_4992-5105-1580,s1,no_recursion,3,1,48.22443273275172,,,0,SPEAKER_02,3
real,0.0,long_00009_4992-5105-1580,s1,no_recursion,3,2,0.6206641524391698,,,0,SPEAKER_02,3
real,0.0,long_00009_4992-5105-1580,s2,no_recursion,3,1,27.343467594537174,,,0,SPEAKER_00,3
real,0.0,long_00009_4992-5105-1580,s2,no_recursion,3,2,0.376060116854383,,,0,SPEAKER_00,3
real,0.0,long_00009_4992-5105-1580,s3,no_recursion,3,1,38.58349878568745,,,0,SPEAKER_01,3
real,0.0,long_00009_4992-5105-1580,s3,no_recursion,3,2,-2.8646480224729376,,,0,SPEAKER_01,3
real,0.0,long_00009_4992-5105-1580,s1,ungated_deflation,3,1,48.22443273275172,1,1,0,SPEAKER_02,3
real,0.0,long_00009_4992-5105-1580,s1,ungated_deflation,3,2,0.4951478162765078,1,1,0,SPEAKER_02,3
real,0.0,long_00009_4992-5105-1580,s2,ungated_deflation,3,1,27.343467594537174,0,0,0,SPEAKER_00,3
real,0.0,long_00009_4992-5105-1580,s2,ungated_deflation,3,2,0.376060116854383,0,0,0,SPEAKER_00,3
real,0.0,long_00009_4992-5105-1580,s3,ungated_deflation,3,1,38.58349878568745,2,2,0,SPEAKER_01,3
real,0.0,long_00009_4992-5105-1580,s3,ungated_deflation,3,2,-0.803234176859873,2,2,0,SPEAKER_01,3
real,0.0,long_00009_4992-5105-1580,s1,gated_deflation,3,1,48.22443273275172,1,1,0,SPEAKER_02,3
real,0.0,long_00009_4992-5105-1580,s1,gated_deflation,3,2,0.4951478162765078,1,1,0,SPEAKER_02,3
real,0.0,long_00009_4992-5105-1580,s2,gated_deflation,3,1,27.343467594537174,0,0,0,SPEAKER_00,3
real,0.0,long_00009_4992-5105-1580,s2,gated_deflation,3,2,0.376060116854383,0,0,0,SPEAKER_00,3
real,0.0,long_00009_4992-5105-1580,s3,gated_deflation,3,1,38.58349878568745,2,2,0,SPEAKER_01,3
real,0.0,long_00009_4992-5105-1580,s3,gated_deflation,3,2,-0.803234176859873,2,2,0,SPEAKER_01,3
real,0.0,long_00009_4992-5105-1580,s1,coarse_to_fine,3,1,48.22443273275172,,,2,SPEAKER_02,3
real,0.0,long_00009_4992-5105-1580,s1,coarse_to_fine,3,2,-0.9446523209107843,,,2,SPEAKER_02,3
real,0.0,long_00009_4992-5105-1580,s2,coarse_to_fine,3,1,27.343467594537174,,,2,SPEAKER_00,3
real,0.0,long_00009_4992-5105-1580,s2,coarse_to_fine,3,2,0.376060116854383,,,2,SPEAKER_00,3
real,0.0,long_00009_4992-5105-1580,s3,coarse_to_fine,3,1,38.58349878568745,,,2,SPEAKER_01,3
real,0.0,long_00009_4992-5105-1580,s3,coarse_to_fine,3,2,-7.148292809543433,,,2,SPEAKER_01,3
oracle,0.0,long_00010_2300-1089-8463,s1,no_recursion,3,1,58.55070284375714,,,0,s1,3
oracle,0.0,long_00010_2300-1089-8463,s1,no_recursion,3,2,3.144621159167018,,,0,s1,3
oracle,0.0,long_00010_2300-1089-8463,s2,no_recursion,3,1,38.47334821511129,,,0,s2,3
oracle,0.0,long_00010_2300-1089-8463,s2,no_recursion,3,2,-0.185468786312859,,,0,s2,3
oracle,0.0,long_00010_2300-1089-8463,s3,no_recursion,3,1,46.61260844693278,,,0,s3,3
oracle,0.0,long_00010_2300-1089-8463,s3,no_recursion,3,2,1.9685930188209504,,,0,s3,3
oracle,0.0,long_00010_2300-1089-8463,s1,ungated_deflation,3,1,58.55070284375714,0,0,0,s1,3
oracle,0.0,long_00010_2300-1089-8463,s1,ungated_deflation,3,2,3.144621159167018,0,0,0,s1,3
oracle,0.0,long_00010_2300-1089-8463,s2,ungated_deflation,3,1,39.281780145436386,1,1,0,s2,3
oracle,0.0,long_00010_2300-1089-8463,s2,ungated_deflation,3,2,-3.6784416455923012,1,1,0,s2,3
oracle,0.0,long_00010_2300-1089-8463,s3,ungated_deflation,3,1,48.12138815236119,2,2,0,s3,3
oracle,0.0,long_00010_2300-1089-8463,s3,ungated_deflation,3,2,-2.4110020055850865,2,2,0,s3,3
oracle,0.0,long_00010_2300-1089-8463,s1,gated_deflation,3,1,58.55070284375714,0,0,0,s1,3
oracle,0.0,long_00010_2300-1089-8463,s1,gated_deflation,3,2,3.144621159167018,0,0,0,s1,3
oracle,0.0,long_00010_2300-1089-8463,s2,gated_deflation,3,1,39.281780145436386,1,1,0,s2,3
oracle,0.0,long_00010_2300-1089-8463,s2,gated_deflation,3,2,-3.6784416455923012,1,1,0,s2,3
oracle,0.0,long_00010_2300-1089-8463,s3,gated_deflation,3,1,48.12138815236119,2,2,0,s3,3
oracle,0.0,long_00010_2300-1089-8463,s3,gated_deflation,3,2,-2.4110020055850865,2,2,0,s3,3
oracle,0.0,long_00010_2300-1089-8463,s1,coarse_to_fine,3,1,58.63307093341984,,,2,s1,3
oracle,0.0,long_00010_2300-1089-8463,s1,coarse_to_fine,3,2,3.2198843951000105,,,2,s1,3
oracle,0.0,long_00010_2300-1089-8463,s2,coarse_to_fine,3,1,38.47334821511129,,,2,s2,3
oracle,0.0,long_00010_2300-1089-8463,s2,coarse_to_fine,3,2,-0.185468786312859,,,2,s2,3
oracle,0.0,long_00010_2300-1089-8463,s3,coarse_to_fine,3,1,46.61260844693278,,,2,s3,3
oracle,0.0,long_00010_2300-1089-8463,s3,coarse_to_fine,3,2,1.9685930188209504,,,2,s3,3
real,0.0,long_00010_2300-1089-8463,s1,no_recursion,3,1,32.57788031084165,,,0,SPEAKER_02,3
real,0.0,long_00010_2300-1089-8463,s1,no_recursion,3,2,3.5874199653422285,,,0,SPEAKER_02,3
real,0.0,long_00010_2300-1089-8463,s2,no_recursion,3,1,44.40159834253869,,,0,SPEAKER_01,3
real,0.0,long_00010_2300-1089-8463,s2,no_recursion,3,2,-4.880144981978303,,,0,SPEAKER_01,3
real,0.0,long_00010_2300-1089-8463,s3,no_recursion,3,1,28.902146041378707,,,0,SPEAKER_00,3
real,0.0,long_00010_2300-1089-8463,s3,no_recursion,3,2,-2.9652448182311164,,,0,SPEAKER_00,3
real,0.0,long_00010_2300-1089-8463,s1,ungated_deflation,3,1,32.57788031084165,0,0,0,SPEAKER_02,3
real,0.0,long_00010_2300-1089-8463,s1,ungated_deflation,3,2,3.5874199653422285,0,0,0,SPEAKER_02,3
real,0.0,long_00010_2300-1089-8463,s2,ungated_deflation,3,1,44.40159834253869,2,2,0,SPEAKER_01,3
real,0.0,long_00010_2300-1089-8463,s2,ungated_deflation,3,2,-5.257929008799554,2,2,0,SPEAKER_01,3
real,0.0,long_00010_2300-1089-8463,s3,ungated_deflation,3,1,28.902146041378707,1,1,0,SPEAKER_00,3
real,0.0,long_00010_2300-1089-8463,s3,ungated_deflation,3,2,-4.577058806598005,1,1,0,SPEAKER_00,3
real,0.0,long_00010_2300-1089-8463,s1,gated_deflation,3,1,32.57788031084165,0,0,0,SPEAKER_02,3
real,0.0,long_00010_2300-1089-8463,s1,gated_deflation,3,2,3.5874199653422285,0,0,0,SPEAKER_02,3
real,0.0,long_00010_2300-1089-8463,s2,gated_deflation,3,1,44.40159834253869,2,2,0,SPEAKER_01,3
real,0.0,long_00010_2300-1089-8463,s2,gated_deflation,3,2,-5.257929008799554,2,2,0,SPEAKER_01,3
real,0.0,long_00010_2300-1089-8463,s3,gated_deflation,3,1,28.902146041378707,1,1,0,SPEAKER_00,3
real,0.0,long_00010_2300-1089-8463,s3,gated_deflation,3,2,-4.577058806598005,1,1,0,SPEAKER_00,3
real,0.0,long_00010_2300-1089-8463,s1,coarse_to_fine,3,1,32.57788031084165,,,2,SPEAKER_02,3
real,0.0,long_00010_2300-1089-8463,s1,coarse_to_fine,3,2,3.133364489977275,,,2,SPEAKER_02,3
real,0.0,long_00010_2300-1089-8463,s2,coarse_to_fine,3,1,44.40159834253869,,,2,SPEAKER_01,3
real,0.0,long_00010_2300-1089-8463,s2,coarse_to_fine,3,2,-4.681110870476333,,,2,SPEAKER_01,3
real,0.0,long_00010_2300-1089-8463,s3,coarse_to_fine,3,1,28.902146041378707,,,2,SPEAKER_00,3
real,0.0,long_00010_2300-1089-8463,s3,coarse_to_fine,3,2,-7.189080128657714,,,2,SPEAKER_00,3
oracle,0.0,long_00011_5683-7176-4507,s1,no_recursion,3,1,49.08351996036988,,,0,s1,3
oracle,0.0,long_00011_5683-7176-4507,s1,no_recursion,3,2,0.6298840899292458,,,0,s1,3
oracle,0.0,long_00011_5683-7176-4507,s2,no_recursion,3,1,67.2999856807784,,,0,s2,3
oracle,0.0,long_00011_5683-7176-4507,s2,no_recursion,3,2,3.610657367896864,,,0,s2,3
oracle,0.0,long_00011_5683-7176-4507,s3,no_recursion,3,1,48.04320808032949,,,0,s3,3
oracle,0.0,long_00011_5683-7176-4507,s3,no_recursion,3,2,0.6136784582167099,,,0,s3,3
oracle,0.0,long_00011_5683-7176-4507,s1,ungated_deflation,3,1,49.08351996036988,0,0,0,s1,3
oracle,0.0,long_00011_5683-7176-4507,s1,ungated_deflation,3,2,0.6298840899292458,0,0,0,s1,3
oracle,0.0,long_00011_5683-7176-4507,s2,ungated_deflation,3,1,67.08174133358197,1,1,0,s2,3
oracle,0.0,long_00011_5683-7176-4507,s2,ungated_deflation,3,2,0.9403311362564636,1,1,0,s2,3
oracle,0.0,long_00011_5683-7176-4507,s3,ungated_deflation,3,1,45.07961663638558,2,2,0,s3,3
oracle,0.0,long_00011_5683-7176-4507,s3,ungated_deflation,3,2,-2.2522287588300434,2,2,0,s3,3
oracle,0.0,long_00011_5683-7176-4507,s1,gated_deflation,3,1,49.08351996036988,0,0,0,s1,3
oracle,0.0,long_00011_5683-7176-4507,s1,gated_deflation,3,2,0.6298840899292458,0,0,0,s1,3
oracle,0.0,long_00011_5683-7176-4507,s2,gated_deflation,3,1,67.08174133358197,1,1,0,s2,3
oracle,0.0,long_00011_5683-7176-4507,s2,gated_deflation,3,2,0.9403311362564636,1,1,0,s2,3
oracle,0.0,long_00011_5683-7176-4507,s3,gated_deflation,3,1,45.07961663638558,2,2,0,s3,3
oracle,0.0,long_00011_5683-7176-4507,s3,gated_deflation,3,2,-2.2522287588300434,2,2,0,s3,3
oracle,0.0,long_00011_5683-7176-4507,s1,coarse_to_fine,3,1,49.08351996036988,,,2,s1,3
oracle,0.0,long_00011_5683-7176-4507,s1,coarse_to_fine,3,2,0.6298840899292458,,,2,s1,3
oracle,0.0,long_00011_5683-7176-4507,s2,coarse_to_fine,3,1,67.03680093144959,,,2,s2,3
oracle,0.0,long_00011_5683-7176-4507,s2,coarse_to_fine,3,2,3.343152856881597,,,2,s2,3
oracle,0.0,long_00011_5683-7176-4507,s3,coarse_to_fine,3,1,48.04320808032949,,,2,s3,3
oracle,0.0,long_00011_5683-7176-4507,s3,coarse_to_fine,3,2,0.6136784582167099,,,2,s3,3
real,0.0,long_00011_5683-7176-4507,s1,no_recursion,3,1,45.74997307481837,,,0,SPEAKER_00,3
real,0.0,long_00011_5683-7176-4507,s1,no_recursion,3,2,-1.7960465020251228,,,0,SPEAKER_00,3
real,0.0,long_00011_5683-7176-4507,s2,no_recursion,3,1,51.79691811504311,,,0,SPEAKER_01,3
real,0.0,long_00011_5683-7176-4507,s2,no_recursion,3,2,0.05617449307154061,,,0,SPEAKER_01,3
real,0.0,long_00011_5683-7176-4507,s3,no_recursion,3,1,42.730416589075375,,,0,SPEAKER_02,3
real,0.0,long_00011_5683-7176-4507,s3,no_recursion,3,2,0.5721305595089404,,,0,SPEAKER_02,3
real,0.0,long_00011_5683-7176-4507,s1,ungated_deflation,3,1,45.74997307481837,1,1,0,SPEAKER_00,3
real,0.0,long_00011_5683-7176-4507,s1,ungated_deflation,3,2,0.9004216925114111,1,1,0,SPEAKER_00,3
real,0.0,long_00011_5683-7176-4507,s2,ungated_deflation,3,1,51.79691811504311,2,2,0,SPEAKER_01,3
real,0.0,long_00011_5683-7176-4507,s2,ungated_deflation,3,2,-1.611448437269495,2,2,0,SPEAKER_01,3
real,0.0,long_00011_5683-7176-4507,s3,ungated_deflation,3,1,42.730416589075375,0,0,0,SPEAKER_02,3
real,0.0,long_00011_5683-7176-4507,s3,ungated_deflation,3,2,0.5721305595089404,0,0,0,SPEAKER_02,3
real,0.0,long_00011_5683-7176-4507,s1,gated_deflation,3,1,45.74997307481837,1,1,0,SPEAKER_00,3
real,0.0,long_00011_5683-7176-4507,s1,gated_deflation,3,2,0.9004216925114111,1,1,0,SPEAKER_00,3
real,0.0,long_00011_5683-7176-4507,s2,gated_deflation,3,1,51.79691811504311,2,2,0,SPEAKER_01,3
real,0.0,long_00011_5683-7176-4507,s2,gated_deflation,3,2,-1.611448437269495,2,2,0,SPEAKER_01,3
real,0.0,long_00011_5683-7176-4507,s3,gated_deflation,3,1,42.730416589075375,0,0,0,SPEAKER_02,3
real,0.0,long_00011_5683-7176-4507,s3,gated_deflation,3,2,0.5721305595089404,0,0,0,SPEAKER_02,3
real,0.0,long_00011_5683-7176-4507,s1,coarse_to_fine,3,1,45.74997307481837,,,2,SPEAKER_00,3
real,0.0,long_00011_5683-7176-4507,s1,coarse_to_fine,3,2,-3.3896011850146026,,,2,SPEAKER_00,3
real,0.0,long_00011_5683-7176-4507,s2,coarse_to_fine,3,1,51.79691811504311,,,2,SPEAKER_01,3
real,0.0,long_00011_5683-7176-4507,s2,coarse_to_fine,3,2,0.9038943355008422,,,2,SPEAKER_01,3
real,0.0,long_00011_5683-7176-4507,s3,coarse_to_fine,3,1,42.730416589075375,,,2,SPEAKER_02,3
real,0.0,long_00011_5683-7176-4507,s3,coarse_to_fine,3,2,0.5721305595089404,,,2,SPEAKER_02,3
oracle,0.0,long_00012_1284-2300-3570,s1,no_recursion,3,1,43.564513956661,,,0,s1,3
oracle,0.0,long_00012_1284-2300-3570,s1,no_recursion,3,2,-7.164388462845252,,,0,s1,3
oracle,0.0,long_00012_1284-2300-3570,s2,no_recursion,3,1,40.986403983126436,,,0,s2,3
oracle,0.0,long_00012_1284-2300-3570,s2,no_recursion,3,2,3.557222056920643,,,0,s2,3
oracle,0.0,long_00012_1284-2300-3570,s3,no_recursion,3,1,48.72599105931289,,,0,s3,3
oracle,0.0,long_00012_1284-2300-3570,s3,no_recursion,3,2,-1.3877983972088748,,,0,s3,3
oracle,0.0,long_00012_1284-2300-3570,s1,ungated_deflation,3,1,43.564513956661,0,0,0,s1,3
oracle,0.0,long_00012_1284-2300-3570,s1,ungated_deflation,3,2,-7.164388462845252,0,0,0,s1,3
oracle,0.0,long_00012_1284-2300-3570,s2,ungated_deflation,3,1,37.29695996510185,1,1,0,s2,3
oracle,0.0,long_00012_1284-2300-3570,s2,ungated_deflation,3,2,0.23946451978529362,1,1,0,s2,3
oracle,0.0,long_00012_1284-2300-3570,s3,ungated_deflation,3,1,47.6587680957416,2,2,0,s3,3
oracle,0.0,long_00012_1284-2300-3570,s3,ungated_deflation,3,2,-3.8020423360432436,2,2,0,s3,3
oracle,0.0,long_00012_1284-2300-3570,s1,gated_deflation,3,1,43.564513956661,0,0,0,s1,3
oracle,0.0,long_00012_1284-2300-3570,s1,gated_deflation,3,2,-7.164388462845252,0,0,0,s1,3
oracle,0.0,long_00012_1284-2300-3570,s2,gated_deflation,3,1,37.29695996510185,1,1,0,s2,3
oracle,0.0,long_00012_1284-2300-3570,s2,gated_deflation,3,2,0.23946451978529362,1,1,0,s2,3
oracle,0.0,long_00012_1284-2300-3570,s3,gated_deflation,3,1,47.6587680957416,2,2,0,s3,3
oracle,0.0,long_00012_1284-2300-3570,s3,gated_deflation,3,2,-3.8020423360432436,2,2,0,s3,3
oracle,0.0,long_00012_1284-2300-3570,s1,coarse_to_fine,3,1,43.564513956661,,,2,s1,3
oracle,0.0,long_00012_1284-2300-3570,s1,coarse_to_fine,3,2,-7.164388462845252,,,2,s1,3
oracle,0.0,long_00012_1284-2300-3570,s2,coarse_to_fine,3,1,40.986403983126436,,,2,s2,3
oracle,0.0,long_00012_1284-2300-3570,s2,coarse_to_fine,3,2,3.557222056920643,,,2,s2,3
oracle,0.0,long_00012_1284-2300-3570,s3,coarse_to_fine,3,1,48.72599105931289,,,2,s3,3
oracle,0.0,long_00012_1284-2300-3570,s3,coarse_to_fine,3,2,-1.3877983972088748,,,2,s3,3
real,0.0,long_00012_1284-2300-3570,s1,no_recursion,3,1,38.268129981054976,,,0,SPEAKER_00,3
real,0.0,long_00012_1284-2300-3570,s1,no_recursion,3,2,-6.7949012873851125,,,0,SPEAKER_00,3
real,0.0,long_00012_1284-2300-3570,s2,no_recursion,3,1,98.43370848699449,,,0,SPEAKER_02,3
real,0.0,long_00012_1284-2300-3570,s2,no_recursion,3,2,3.1194069518975613,,,0,SPEAKER_02,3
real,0.0,long_00012_1284-2300-3570,s3,no_recursion,3,1,53.84114597620037,,,0,SPEAKER_01,3
real,0.0,long_00012_1284-2300-3570,s3,no_recursion,3,2,-3.105183955179976,,,0,SPEAKER_01,3
real,0.0,long_00012_1284-2300-3570,s1,ungated_deflation,3,1,38.268129981054976,0,0,0,SPEAKER_00,3
real,0.0,long_00012_1284-2300-3570,s1,ungated_deflation,3,2,-6.7949012873851125,0,0,0,SPEAKER_00,3
real,0.0,long_00012_1284-2300-3570,s2,ungated_deflation,3,1,98.43370848699449,1,1,0,SPEAKER_02,3
real,0.0,long_00012_1284-2300-3570,s2,ungated_deflation,3,2,0.23718571000184097,1,1,0,SPEAKER_02,3
real,0.0,long_00012_1284-2300-3570,s3,ungated_deflation,3,1,53.84114597620037,2,2,0,SPEAKER_01,3
real,0.0,long_00012_1284-2300-3570,s3,ungated_deflation,3,2,-6.623494739787708,2,2,0,SPEAKER_01,3
real,0.0,long_00012_1284-2300-3570,s1,gated_deflation,3,1,38.268129981054976,0,0,0,SPEAKER_00,3
real,0.0,long_00012_1284-2300-3570,s1,gated_deflation,3,2,-6.7949012873851125,0,0,0,SPEAKER_00,3
real,0.0,long_00012_1284-2300-3570,s2,gated_deflation,3,1,98.43370848699449,1,1,0,SPEAKER_02,3
real,0.0,long_00012_1284-2300-3570,s2,gated_deflation,3,2,0.23718571000184097,1,1,0,SPEAKER_02,3
real,0.0,long_00012_1284-2300-3570,s3,gated_deflation,3,1,53.84114597620037,2,2,0,SPEAKER_01,3
real,0.0,long_00012_1284-2300-3570,s3,gated_deflation,3,2,-6.623494739787708,2,2,0,SPEAKER_01,3
real,0.0,long_00012_1284-2300-3570,s1,coarse_to_fine,3,1,38.268129981054976,,,2,SPEAKER_00,3
real,0.0,long_00012_1284-2300-3570,s1,coarse_to_fine,3,2,-6.7949012873851125,,,2,SPEAKER_00,3
real,0.0,long_00012_1284-2300-3570,s2,coarse_to_fine,3,1,98.43370848699449,,,2,SPEAKER_02,3
real,0.0,long_00012_1284-2300-3570,s2,coarse_to_fine,3,2,3.1194069518975613,,,2,SPEAKER_02,3
real,0.0,long_00012_1284-2300-3570,s3,coarse_to_fine,3,1,53.84114597620037,,,2,SPEAKER_01,3
real,0.0,long_00012_1284-2300-3570,s3,coarse_to_fine,3,2,-3.105183955179976,,,2,SPEAKER_01,3
oracle,0.0,long_00013_4970-121-1320,s1,no_recursion,3,1,41.50751326369057,,,0,s1,3
oracle,0.0,long_00013_4970-121-1320,s1,no_recursion,3,2,0.7031063478781883,,,0,s1,3
oracle,0.0,long_00013_4970-121-1320,s2,no_recursion,3,1,40.98765354583043,,,0,s2,3
oracle,0.0,long_00013_4970-121-1320,s2,no_recursion,3,2,-1.5248633630694814,,,0,s2,3
oracle,0.0,long_00013_4970-121-1320,s3,no_recursion,3,1,44.326404580991436,,,0,s3,3
oracle,0.0,long_00013_4970-121-1320,s3,no_recursion,3,2,6.864461994991984,,,0,s3,3
oracle,0.0,long_00013_4970-121-1320,s1,ungated_deflation,3,1,41.50751326369057,0,0,0,s1,3
oracle,0.0,long_00013_4970-121-1320,s1,ungated_deflation,3,2,0.7031063478781883,0,0,0,s1,3
oracle,0.0,long_00013_4970-121-1320,s2,ungated_deflation,3,1,38.293547887087904,1,1,0,s2,3
oracle,0.0,long_00013_4970-121-1320,s2,ungated_deflation,3,2,-4.161163241007625,1,1,0,s2,3
oracle,0.0,long_00013_4970-121-1320,s3,ungated_deflation,3,1,38.17568446856947,2,2,0,s3,3
oracle,0.0,long_00013_4970-121-1320,s3,ungated_deflation,3,2,4.855151485828521,2,2,0,s3,3
oracle,0.0,long_00013_4970-121-1320,s1,gated_deflation,3,1,41.50751326369057,0,0,0,s1,3
oracle,0.0,long_00013_4970-121-1320,s1,gated_deflation,3,2,0.7031063478781883,0,0,0,s1,3
oracle,0.0,long_00013_4970-121-1320,s2,gated_deflation,3,1,38.293547887087904,1,1,0,s2,3
oracle,0.0,long_00013_4970-121-1320,s2,gated_deflation,3,2,-4.161163241007625,1,1,0,s2,3
oracle,0.0,long_00013_4970-121-1320,s3,gated_deflation,3,1,38.17568446856947,2,2,0,s3,3
oracle,0.0,long_00013_4970-121-1320,s3,gated_deflation,3,2,4.855151485828521,2,2,0,s3,3
oracle,0.0,long_00013_4970-121-1320,s1,coarse_to_fine,3,1,41.50751326369057,,,2,s1,3
oracle,0.0,long_00013_4970-121-1320,s1,coarse_to_fine,3,2,0.7031063478781883,,,2,s1,3
oracle,0.0,long_00013_4970-121-1320,s2,coarse_to_fine,3,1,40.98765354583043,,,2,s2,3
oracle,0.0,long_00013_4970-121-1320,s2,coarse_to_fine,3,2,-1.5248633630694814,,,2,s2,3
oracle,0.0,long_00013_4970-121-1320,s3,coarse_to_fine,3,1,44.053467185900146,,,2,s3,3
oracle,0.0,long_00013_4970-121-1320,s3,coarse_to_fine,3,2,7.021665775089689,,,2,s3,3
real,0.0,long_00013_4970-121-1320,s1,no_recursion,3,1,26.052647466444633,,,0,SPEAKER_02,3
real,0.0,long_00013_4970-121-1320,s1,no_recursion,3,2,-0.01828084693862905,,,0,SPEAKER_02,3
real,0.0,long_00013_4970-121-1320,s2,no_recursion,3,1,46.12641071558099,,,0,SPEAKER_00,3
real,0.0,long_00013_4970-121-1320,s2,no_recursion,3,2,-2.7608155261087197,,,0,SPEAKER_00,3
real,0.0,long_00013_4970-121-1320,s3,no_recursion,3,1,23.916006480604445,,,0,SPEAKER_01,3
real,0.0,long_00013_4970-121-1320,s3,no_recursion,3,2,2.3603853872146674,,,0,SPEAKER_01,3
real,0.0,long_00013_4970-121-1320,s1,ungated_deflation,3,1,26.052647466444633,1,1,0,SPEAKER_02,3
real,0.0,long_00013_4970-121-1320,s1,ungated_deflation,3,2,0.018720753663351897,1,1,0,SPEAKER_02,3
real,0.0,long_00013_4970-121-1320,s2,ungated_deflation,3,1,46.12641071558099,2,2,0,SPEAKER_00,3
real,0.0,long_00013_4970-121-1320,s2,ungated_deflation,3,2,-3.7092224741577073,2,2,0,SPEAKER_00,3
real,0.0,long_00013_4970-121-1320,s3,ungated_deflation,3,1,23.916006480604445,0,0,0,SPEAKER_01,3
real,0.0,long_00013_4970-121-1320,s3,ungated_deflation,3,2,2.3603853872146674,0,0,0,SPEAKER_01,3
real,0.0,long_00013_4970-121-1320,s1,gated_deflation,3,1,26.052647466444633,1,1,0,SPEAKER_02,3
real,0.0,long_00013_4970-121-1320,s1,gated_deflation,3,2,0.018720753663351897,1,1,0,SPEAKER_02,3
real,0.0,long_00013_4970-121-1320,s2,gated_deflation,3,1,46.12641071558099,2,2,0,SPEAKER_00,3
real,0.0,long_00013_4970-121-1320,s2,gated_deflation,3,2,-3.7092224741577073,2,2,0,SPEAKER_00,3
real,0.0,long_00013_4970-121-1320,s3,gated_deflation,3,1,23.916006480604445,0,0,0,SPEAKER_01,3
real,0.0,long_00013_4970-121-1320,s3,gated_deflation,3,2,2.3603853872146674,0,0,0,SPEAKER_01,3
real,0.0,long_00013_4970-121-1320,s1,coarse_to_fine,3,1,26.052647466444633,,,2,SPEAKER_02,3
real,0.0,long_00013_4970-121-1320,s1,coarse_to_fine,3,2,-0.678687311052762,,,2,SPEAKER_02,3
real,0.0,long_00013_4970-121-1320,s2,coarse_to_fine,3,1,46.12641071558099,,,2,SPEAKER_00,3
real,0.0,long_00013_4970-121-1320,s2,coarse_to_fine,3,2,-2.2620373860692538,,,2,SPEAKER_00,3
real,0.0,long_00013_4970-121-1320,s3,coarse_to_fine,3,1,23.916006480604445,,,2,SPEAKER_01,3
real,0.0,long_00013_4970-121-1320,s3,coarse_to_fine,3,2,3.2122246583233895,,,2,SPEAKER_01,3
oracle,0.0,long_00014_6829-2094-7021,s1,no_recursion,3,1,59.45488313284471,,,0,s1,3
oracle,0.0,long_00014_6829-2094-7021,s1,no_recursion,3,2,-1.967213552573421,,,0,s1,3
oracle,0.0,long_00014_6829-2094-7021,s2,no_recursion,3,1,46.52477379223317,,,0,s2,3
oracle,0.0,long_00014_6829-2094-7021,s2,no_recursion,3,2,1.8070035641075188,,,0,s2,3
oracle,0.0,long_00014_6829-2094-7021,s3,no_recursion,3,1,46.28522324737673,,,0,s3,3
oracle,0.0,long_00014_6829-2094-7021,s3,no_recursion,3,2,3.0390984069550084,,,0,s3,3
oracle,0.0,long_00014_6829-2094-7021,s1,ungated_deflation,3,1,59.45488313284471,0,0,0,s1,3
oracle,0.0,long_00014_6829-2094-7021,s1,ungated_deflation,3,2,-1.967213552573421,0,0,0,s1,3
oracle,0.0,long_00014_6829-2094-7021,s2,ungated_deflation,3,1,46.678505119898375,1,1,0,s2,3
oracle,0.0,long_00014_6829-2094-7021,s2,ungated_deflation,3,2,-1.2763170637784853,1,1,0,s2,3
oracle,0.0,long_00014_6829-2094-7021,s3,ungated_deflation,3,1,37.88198756616329,2,2,0,s3,3
oracle,0.0,long_00014_6829-2094-7021,s3,ungated_deflation,3,2,0.9119497957462315,2,2,0,s3,3
oracle,0.0,long_00014_6829-2094-7021,s1,gated_deflation,3,1,59.45488313284471,0,0,0,s1,3
oracle,0.0,long_00014_6829-2094-7021,s1,gated_deflation,3,2,-1.967213552573421,0,0,0,s1,3
oracle,0.0,long_00014_6829-2094-7021,s2,gated_deflation,3,1,46.678505119898375,1,1,0,s2,3
oracle,0.0,long_00014_6829-2094-7021,s2,gated_deflation,3,2,-1.2763170637784853,1,1,0,s2,3
oracle,0.0,long_00014_6829-2094-7021,s3,gated_deflation,3,1,37.88198756616329,2,2,0,s3,3
oracle,0.0,long_00014_6829-2094-7021,s3,gated_deflation,3,2,0.9119497957462315,2,2,0,s3,3
oracle,0.0,long_00014_6829-2094-7021,s1,coarse_to_fine,3,1,60.230153728686545,,,2,s1,3
oracle,0.0,long_00014_6829-2094-7021,s1,coarse_to_fine,3,2,-2.275153627560705,,,2,s1,3
oracle,0.0,long_00014_6829-2094-7021,s2,coarse_to_fine,3,1,46.52477379223317,,,2,s2,3
oracle,0.0,long_00014_6829-2094-7021,s2,coarse_to_fine,3,2,1.8070035641075188,,,2,s2,3
oracle,0.0,long_00014_6829-2094-7021,s3,coarse_to_fine,3,1,46.28522324737673,,,2,s3,3
oracle,0.0,long_00014_6829-2094-7021,s3,coarse_to_fine,3,2,3.0390984069550084,,,2,s3,3
real,0.0,long_00014_6829-2094-7021,s1,no_recursion,3,1,44.903188101242065,,,0,SPEAKER_01,3
real,0.0,long_00014_6829-2094-7021,s1,no_recursion,3,2,-7.296327500023123,,,0,SPEAKER_01,3
real,0.0,long_00014_6829-2094-7021,s2,no_recursion,3,1,22.993854339060952,,,0,SPEAKER_02,3
real,0.0,long_00014_6829-2094-7021,s2,no_recursion,3,2,-2.4859039788674853,,,0,SPEAKER_02,3
real,0.0,long_00014_6829-2094-7021,s3,no_recursion,3,1,51.8862545897327,,,0,SPEAKER_00,3
real,0.0,long_00014_6829-2094-7021,s3,no_recursion,3,2,1.0147130104075994,,,0,SPEAKER_00,3
real,0.0,long_00014_6829-2094-7021,s1,ungated_deflation,3,1,44.903188101242065,0,0,0,SPEAKER_01,3
real,0.0,long_00014_6829-2094-7021,s1,ungated_deflation,3,2,-7.296327500023123,0,0,0,SPEAKER_01,3
real,0.0,long_00014_6829-2094-7021,s2,ungated_deflation,3,1,22.993854339060952,2,2,0,SPEAKER_02,3
real,0.0,long_00014_6829-2094-7021,s2,ungated_deflation,3,2,-2.138482016084084,2,2,0,SPEAKER_02,3
real,0.0,long_00014_6829-2094-7021,s3,ungated_deflation,3,1,51.8862545897327,1,1,0,SPEAKER_00,3
real,0.0,long_00014_6829-2094-7021,s3,ungated_deflation,3,2,0.2479377243091776,1,1,0,SPEAKER_00,3
real,0.0,long_00014_6829-2094-7021,s1,gated_deflation,3,1,44.903188101242065,0,0,0,SPEAKER_01,3
real,0.0,long_00014_6829-2094-7021,s1,gated_deflation,3,2,-7.296327500023123,0,0,0,SPEAKER_01,3
real,0.0,long_00014_6829-2094-7021,s2,gated_deflation,3,1,22.993854339060952,2,2,0,SPEAKER_02,3
real,0.0,long_00014_6829-2094-7021,s2,gated_deflation,3,2,-2.138482016084084,2,2,0,SPEAKER_02,3
real,0.0,long_00014_6829-2094-7021,s3,gated_deflation,3,1,51.8862545897327,1,1,0,SPEAKER_00,3
real,0.0,long_00014_6829-2094-7021,s3,gated_deflation,3,2,0.2479377243091776,1,1,0,SPEAKER_00,3
real,0.0,long_00014_6829-2094-7021,s1,coarse_to_fine,3,1,44.903188101242065,,,2,SPEAKER_01,3
real,0.0,long_00014_6829-2094-7021,s1,coarse_to_fine,3,2,-9.087290768622864,,,2,SPEAKER_01,3
real,0.0,long_00014_6829-2094-7021,s2,coarse_to_fine,3,1,22.993854339060952,,,2,SPEAKER_02,3
real,0.0,long_00014_6829-2094-7021,s2,coarse_to_fine,3,2,-2.4859039788674853,,,2,SPEAKER_02,3
real,0.0,long_00014_6829-2094-7021,s3,coarse_to_fine,3,1,51.8862545897327,,,2,SPEAKER_00,3
real,0.0,long_00014_6829-2094-7021,s3,coarse_to_fine,3,2,1.0147130104075994,,,2,SPEAKER_00,3
oracle,0.0,long_00015_4992-1089-4970,s1,no_recursion,3,1,44.41338132005345,,,0,s1,3
oracle,0.0,long_00015_4992-1089-4970,s1,no_recursion,3,2,6.284547432867061,,,0,s1,3
oracle,0.0,long_00015_4992-1089-4970,s2,no_recursion,3,1,45.513291275007894,,,0,s2,3
oracle,0.0,long_00015_4992-1089-4970,s2,no_recursion,3,2,3.250362462108689,,,0,s2,3
oracle,0.0,long_00015_4992-1089-4970,s3,no_recursion,3,1,78.0850876755676,,,0,s3,3
oracle,0.0,long_00015_4992-1089-4970,s3,no_recursion,3,2,6.7742524433275815,,,0,s3,3
oracle,0.0,long_00015_4992-1089-4970,s1,ungated_deflation,3,1,44.41338132005345,0,0,0,s1,3
oracle,0.0,long_00015_4992-1089-4970,s1,ungated_deflation,3,2,6.284547432867061,0,0,0,s1,3
oracle,0.0,long_00015_4992-1089-4970,s2,ungated_deflation,3,1,43.1958866518498,1,1,0,s2,3
oracle,0.0,long_00015_4992-1089-4970,s2,ungated_deflation,3,2,0.619261587224895,1,1,0,s2,3
oracle,0.0,long_00015_4992-1089-4970,s3,ungated_deflation,3,1,77.74739355596252,2,2,0,s3,3
oracle,0.0,long_00015_4992-1089-4970,s3,ungated_deflation,3,2,4.190746183650307,2,2,0,s3,3
oracle,0.0,long_00015_4992-1089-4970,s1,gated_deflation,3,1,44.41338132005345,0,0,0,s1,3
oracle,0.0,long_00015_4992-1089-4970,s1,gated_deflation,3,2,6.284547432867061,0,0,0,s1,3
oracle,0.0,long_00015_4992-1089-4970,s2,gated_deflation,3,1,43.1958866518498,1,1,0,s2,3
oracle,0.0,long_00015_4992-1089-4970,s2,gated_deflation,3,2,0.619261587224895,1,1,0,s2,3
oracle,0.0,long_00015_4992-1089-4970,s3,gated_deflation,3,1,77.74739355596252,2,2,0,s3,3
oracle,0.0,long_00015_4992-1089-4970,s3,gated_deflation,3,2,4.190746183650307,2,2,0,s3,3
oracle,0.0,long_00015_4992-1089-4970,s1,coarse_to_fine,3,1,45.53040579869684,,,2,s1,3
oracle,0.0,long_00015_4992-1089-4970,s1,coarse_to_fine,3,2,6.413253918568983,,,2,s1,3
oracle,0.0,long_00015_4992-1089-4970,s2,coarse_to_fine,3,1,45.28205292150535,,,2,s2,3
oracle,0.0,long_00015_4992-1089-4970,s2,coarse_to_fine,3,2,3.703284622371627,,,2,s2,3
oracle,0.0,long_00015_4992-1089-4970,s3,coarse_to_fine,3,1,77.93521732442238,,,2,s3,3
oracle,0.0,long_00015_4992-1089-4970,s3,coarse_to_fine,3,2,3.2717870002719702,,,2,s3,3
real,0.0,long_00015_4992-1089-4970,s1,no_recursion,3,1,47.09370484783494,,,0,SPEAKER_01,3
real,0.0,long_00015_4992-1089-4970,s1,no_recursion,3,2,2.620288556111308,,,0,SPEAKER_01,3
real,0.0,long_00015_4992-1089-4970,s2,no_recursion,3,1,43.07904875690723,,,0,SPEAKER_02,3
real,0.0,long_00015_4992-1089-4970,s2,no_recursion,3,2,0.5005250418449837,,,0,SPEAKER_02,3
real,0.0,long_00015_4992-1089-4970,s3,no_recursion,3,1,39.559776147983676,,,0,SPEAKER_00,3
real,0.0,long_00015_4992-1089-4970,s3,no_recursion,3,2,0.6076349598568763,,,0,SPEAKER_00,3
real,0.0,long_00015_4992-1089-4970,s1,ungated_deflation,3,1,47.09370484783494,1,1,0,SPEAKER_01,3
real,0.0,long_00015_4992-1089-4970,s1,ungated_deflation,3,2,3.867763784882154,1,1,0,SPEAKER_01,3
real,0.0,long_00015_4992-1089-4970,s2,ungated_deflation,3,1,43.07904875690723,2,2,0,SPEAKER_02,3
real,0.0,long_00015_4992-1089-4970,s2,ungated_deflation,3,2,-2.3584859103216043,2,2,0,SPEAKER_02,3
real,0.0,long_00015_4992-1089-4970,s3,ungated_deflation,3,1,39.559776147983676,0,0,0,SPEAKER_00,3
real,0.0,long_00015_4992-1089-4970,s3,ungated_deflation,3,2,0.6076349598568763,0,0,0,SPEAKER_00,3
real,0.0,long_00015_4992-1089-4970,s1,gated_deflation,3,1,47.09370484783494,1,1,0,SPEAKER_01,3
real,0.0,long_00015_4992-1089-4970,s1,gated_deflation,3,2,3.867763784882154,1,1,0,SPEAKER_01,3
real,0.0,long_00015_4992-1089-4970,s2,gated_deflation,3,1,43.07904875690723,2,2,0,SPEAKER_02,3
real,0.0,long_00015_4992-1089-4970,s2,gated_deflation,3,2,-2.3584859103216043,2,2,0,SPEAKER_02,3
real,0.0,long_00015_4992-1089-4970,s3,gated_deflation,3,1,39.559776147983676,0,0,0,SPEAKER_00,3
real,0.0,long_00015_4992-1089-4970,s3,gated_deflation,3,2,0.6076349598568763,0,0,0,SPEAKER_00,3
real,0.0,long_00015_4992-1089-4970,s1,coarse_to_fine,3,1,47.09370484783494,,,2,SPEAKER_01,3
real,0.0,long_00015_4992-1089-4970,s1,coarse_to_fine,3,2,3.935078638780122,,,2,SPEAKER_01,3
real,0.0,long_00015_4992-1089-4970,s2,coarse_to_fine,3,1,43.07904875690723,,,2,SPEAKER_02,3
real,0.0,long_00015_4992-1089-4970,s2,coarse_to_fine,3,2,0.5005250418449837,,,2,SPEAKER_02,3
real,0.0,long_00015_4992-1089-4970,s3,coarse_to_fine,3,1,39.559776147983676,,,2,SPEAKER_00,3
real,0.0,long_00015_4992-1089-4970,s3,coarse_to_fine,3,2,-2.025141124664837,,,2,SPEAKER_00,3
oracle,0.0,long_00016_4970-5639-1221,s1,no_recursion,3,1,91.92257757908905,,,0,s1,3
oracle,0.0,long_00016_4970-5639-1221,s1,no_recursion,3,2,2.0726125749826725,,,0,s1,3
oracle,0.0,long_00016_4970-5639-1221,s2,no_recursion,3,1,39.64800972427027,,,0,s2,3
oracle,0.0,long_00016_4970-5639-1221,s2,no_recursion,3,2,-3.0566688834397366,,,0,s2,3
oracle,0.0,long_00016_4970-5639-1221,s3,no_recursion,3,1,54.97425838234559,,,0,s3,3
oracle,0.0,long_00016_4970-5639-1221,s3,no_recursion,3,2,3.6815322847985463,,,0,s3,3
oracle,0.0,long_00016_4970-5639-1221,s1,ungated_deflation,3,1,91.92257757908905,0,0,0,s1,3
oracle,0.0,long_00016_4970-5639-1221,s1,ungated_deflation,3,2,2.0726125749826725,0,0,0,s1,3
oracle,0.0,long_00016_4970-5639-1221,s2,ungated_deflation,3,1,38.82541814961611,1,1,0,s2,3
oracle,0.0,long_00016_4970-5639-1221,s2,ungated_deflation,3,2,-7.149261227715948,1,1,0,s2,3
oracle,0.0,long_00016_4970-5639-1221,s3,ungated_deflation,3,1,48.47883733711636,2,2,0,s3,3
oracle,0.0,long_00016_4970-5639-1221,s3,ungated_deflation,3,2,7.026610477577162,2,2,0,s3,3
oracle,0.0,long_00016_4970-5639-1221,s1,gated_deflation,3,1,91.92257757908905,0,0,0,s1,3
oracle,0.0,long_00016_4970-5639-1221,s1,gated_deflation,3,2,2.0726125749826725,0,0,0,s1,3
oracle,0.0,long_00016_4970-5639-1221,s2,gated_deflation,3,1,38.82541814961611,1,1,0,s2,3
oracle,0.0,long_00016_4970-5639-1221,s2,gated_deflation,3,2,-7.149261227715948,1,1,0,s2,3
oracle,0.0,long_00016_4970-5639-1221,s3,gated_deflation,3,1,48.47883733711636,2,2,0,s3,3
oracle,0.0,long_00016_4970-5639-1221,s3,gated_deflation,3,2,7.026610477577162,2,2,0,s3,3
oracle,0.0,long_00016_4970-5639-1221,s1,coarse_to_fine,3,1,91.85034050205167,,,2,s1,3
oracle,0.0,long_00016_4970-5639-1221,s1,coarse_to_fine,3,2,-1.5178943257189705,,,2,s1,3
oracle,0.0,long_00016_4970-5639-1221,s2,coarse_to_fine,3,1,39.64800972427027,,,2,s2,3
oracle,0.0,long_00016_4970-5639-1221,s2,coarse_to_fine,3,2,-3.0566688834397366,,,2,s2,3
oracle,0.0,long_00016_4970-5639-1221,s3,coarse_to_fine,3,1,54.97425838234559,,,2,s3,3
oracle,0.0,long_00016_4970-5639-1221,s3,coarse_to_fine,3,2,3.6815322847985463,,,2,s3,3
real,0.0,long_00016_4970-5639-1221,s1,no_recursion,3,1,39.561497711733544,,,0,SPEAKER_00,3
real,0.0,long_00016_4970-5639-1221,s1,no_recursion,3,2,-0.1913431431356777,,,0,SPEAKER_00,3
real,0.0,long_00016_4970-5639-1221,s2,no_recursion,3,1,inf,,,0,SPEAKER_02,3
real,0.0,long_00016_4970-5639-1221,s2,no_recursion,3,2,-2.23789029495334,,,0,SPEAKER_02,3
real,0.0,long_00016_4970-5639-1221,s3,no_recursion,3,1,28.393680473826734,,,0,SPEAKER_01,3
real,0.0,long_00016_4970-5639-1221,s3,no_recursion,3,2,-0.843785808572175,,,0,SPEAKER_01,3
real,0.0,long_00016_4970-5639-1221,s1,ungated_deflation,3,1,39.561497711733544,1,1,0,SPEAKER_00,3
real,0.0,long_00016_4970-5639-1221,s1,ungated_deflation,3,2,2.4714773122842675,1,1,0,SPEAKER_00,3
real,0.0,long_00016_4970-5639-1221,s2,ungated_deflation,3,1,inf,2,2,0,SPEAKER_02,3
real,0.0,long_00016_4970-5639-1221,s2,ungated_deflation,3,2,-5.025604540120694,2,2,0,SPEAKER_02,3
real,0.0,long_00016_4970-5639-1221,s3,ungated_deflation,3,1,28.393680473826734,0,0,0,SPEAKER_01,3
real,0.0,long_00016_4970-5639-1221,s3,ungated_deflation,3,2,-0.843785808572175,0,0,0,SPEAKER_01,3
real,0.0,long_00016_4970-5639-1221,s1,gated_deflation,3,1,39.561497711733544,1,1,0,SPEAKER_00,3
real,0.0,long_00016_4970-5639-1221,s1,gated_deflation,3,2,2.4714773122842675,1,1,0,SPEAKER_00,3
real,0.0,long_00016_4970-5639-1221,s2,gated_deflation,3,1,inf,2,2,0,SPEAKER_02,3
real,0.0,long_00016_4970-5639-1221,s2,gated_deflation,3,2,-5.025604540120694,2,2,0,SPEAKER_02,3
real,0.0,long_00016_4970-5639-1221,s3,gated_deflation,3,1,28.393680473826734,0,0,0,SPEAKER_01,3
real,0.0,long_00016_4970-5639-1221,s3,gated_deflation,3,2,-0.843785808572175,0,0,0,SPEAKER_01,3
real,0.0,long_00016_4970-5639-1221,s1,coarse_to_fine,3,1,39.561497711733544,,,2,SPEAKER_00,3
real,0.0,long_00016_4970-5639-1221,s1,coarse_to_fine,3,2,-9.832139832812532,,,2,SPEAKER_00,3
real,0.0,long_00016_4970-5639-1221,s2,coarse_to_fine,3,1,inf,,,2,SPEAKER_02,3
real,0.0,long_00016_4970-5639-1221,s2,coarse_to_fine,3,2,-2.23789029495334,,,2,SPEAKER_02,3
real,0.0,long_00016_4970-5639-1221,s3,coarse_to_fine,3,1,28.393680473826734,,,2,SPEAKER_01,3
real,0.0,long_00016_4970-5639-1221,s3,coarse_to_fine,3,2,-0.843785808572175,,,2,SPEAKER_01,3
oracle,0.0,long_00017_4507-908-6829,s1,no_recursion,3,1,70.09573144356254,,,0,s1,3
oracle,0.0,long_00017_4507-908-6829,s1,no_recursion,3,2,-1.0792045856839982,,,0,s1,3
oracle,0.0,long_00017_4507-908-6829,s2,no_recursion,3,1,43.25372167899954,,,0,s2,3
oracle,0.0,long_00017_4507-908-6829,s2,no_recursion,3,2,3.6635823872943654,,,0,s2,3
oracle,0.0,long_00017_4507-908-6829,s3,no_recursion,3,1,50.043204128924174,,,0,s3,3
oracle,0.0,long_00017_4507-908-6829,s3,no_recursion,3,2,4.97441882699937,,,0,s3,3
oracle,0.0,long_00017_4507-908-6829,s1,ungated_deflation,3,1,70.09573144356254,0,0,0,s1,3
oracle,0.0,long_00017_4507-908-6829,s1,ungated_deflation,3,2,-1.0792045856839982,0,0,0,s1,3
oracle,0.0,long_00017_4507-908-6829,s2,ungated_deflation,3,1,38.91590502721104,1,1,0,s2,3
oracle,0.0,long_00017_4507-908-6829,s2,ungated_deflation,3,2,4.166316445506329,1,1,0,s2,3
oracle,0.0,long_00017_4507-908-6829,s3,ungated_deflation,3,1,46.247538521378516,2,2,0,s3,3
oracle,0.0,long_00017_4507-908-6829,s3,ungated_deflation,3,2,1.7210230729405818,2,2,0,s3,3
oracle,0.0,long_00017_4507-908-6829,s1,gated_deflation,3,1,70.09573144356254,0,0,0,s1,3
oracle,0.0,long_00017_4507-908-6829,s1,gated_deflation,3,2,-1.0792045856839982,0,0,0,s1,3
oracle,0.0,long_00017_4507-908-6829,s2,gated_deflation,3,1,38.91590502721104,1,1,0,s2,3
oracle,0.0,long_00017_4507-908-6829,s2,gated_deflation,3,2,4.166316445506329,1,1,0,s2,3
oracle,0.0,long_00017_4507-908-6829,s3,gated_deflation,3,1,46.247538521378516,2,2,0,s3,3
oracle,0.0,long_00017_4507-908-6829,s3,gated_deflation,3,2,1.7210230729405818,2,2,0,s3,3
oracle,0.0,long_00017_4507-908-6829,s1,coarse_to_fine,3,1,70.09573144356254,,,2,s1,3
oracle,0.0,long_00017_4507-908-6829,s1,coarse_to_fine,3,2,-1.0792045856839982,,,2,s1,3
oracle,0.0,long_00017_4507-908-6829,s2,coarse_to_fine,3,1,43.25372167899954,,,2,s2,3
oracle,0.0,long_00017_4507-908-6829,s2,coarse_to_fine,3,2,3.6635823872943654,,,2,s2,3
oracle,0.0,long_00017_4507-908-6829,s3,coarse_to_fine,3,1,50.043204128924174,,,2,s3,3
oracle,0.0,long_00017_4507-908-6829,s3,coarse_to_fine,3,2,4.97441882699937,,,2,s3,3
real,0.0,long_00017_4507-908-6829,s1,no_recursion,3,1,40.33967345353194,,,0,SPEAKER_02,3
real,0.0,long_00017_4507-908-6829,s1,no_recursion,3,2,-1.239296169107245,,,0,SPEAKER_02,3
real,0.0,long_00017_4507-908-6829,s2,no_recursion,3,1,38.89777132077017,,,0,SPEAKER_00,3
real,0.0,long_00017_4507-908-6829,s2,no_recursion,3,2,-4.776128191618866,,,0,SPEAKER_00,3
real,0.0,long_00017_4507-908-6829,s3,no_recursion,3,1,53.418539800871976,,,0,SPEAKER_01,3
real,0.0,long_00017_4507-908-6829,s3,no_recursion,3,2,0.39817638578585673,,,0,SPEAKER_01,3
real,0.0,long_00017_4507-908-6829,s1,ungated_deflation,3,1,40.33967345353194,1,1,0,SPEAKER_02,3
real,0.0,long_00017_4507-908-6829,s1,ungated_deflation,3,2,-3.817991336165471,1,1,0,SPEAKER_02,3
real,0.0,long_00017_4507-908-6829,s2,ungated_deflation,3,1,38.89777132077017,2,2,0,SPEAKER_00,3
real,0.0,long_00017_4507-908-6829,s2,ungated_deflation,3,2,-3.4676413774784605,2,2,0,SPEAKER_00,3
real,0.0,long_00017_4507-908-6829,s3,ungated_deflation,3,1,53.418539800871976,0,0,0,SPEAKER_01,3
real,0.0,long_00017_4507-908-6829,s3,ungated_deflation,3,2,0.39817638578585673,0,0,0,SPEAKER_01,3
real,0.0,long_00017_4507-908-6829,s1,gated_deflation,3,1,40.33967345353194,1,1,0,SPEAKER_02,3
real,0.0,long_00017_4507-908-6829,s1,gated_deflation,3,2,-3.817991336165471,1,1,0,SPEAKER_02,3
real,0.0,long_00017_4507-908-6829,s2,gated_deflation,3,1,38.89777132077017,2,2,0,SPEAKER_00,3
real,0.0,long_00017_4507-908-6829,s2,gated_deflation,3,2,-3.4676413774784605,2,2,0,SPEAKER_00,3
real,0.0,long_00017_4507-908-6829,s3,gated_deflation,3,1,53.418539800871976,0,0,0,SPEAKER_01,3
real,0.0,long_00017_4507-908-6829,s3,gated_deflation,3,2,0.39817638578585673,0,0,0,SPEAKER_01,3
real,0.0,long_00017_4507-908-6829,s1,coarse_to_fine,3,1,40.33967345353194,,,2,SPEAKER_02,3
real,0.0,long_00017_4507-908-6829,s1,coarse_to_fine,3,2,-1.239296169107245,,,2,SPEAKER_02,3
real,0.0,long_00017_4507-908-6829,s2,coarse_to_fine,3,1,38.89777132077017,,,2,SPEAKER_00,3
real,0.0,long_00017_4507-908-6829,s2,coarse_to_fine,3,2,-4.776128191618866,,,2,SPEAKER_00,3
real,0.0,long_00017_4507-908-6829,s3,coarse_to_fine,3,1,53.418539800871976,,,2,SPEAKER_01,3
real,0.0,long_00017_4507-908-6829,s3,coarse_to_fine,3,2,-0.6644643685343106,,,2,SPEAKER_01,3
oracle,0.0,long_00018_4970-1089-3729,s1,no_recursion,3,1,99.36172641464223,,,0,s1,3
oracle,0.0,long_00018_4970-1089-3729,s1,no_recursion,3,2,1.7132476723993209,,,0,s1,3
oracle,0.0,long_00018_4970-1089-3729,s2,no_recursion,3,1,41.158787071209595,,,0,s2,3
oracle,0.0,long_00018_4970-1089-3729,s2,no_recursion,3,2,4.233848303816291,,,0,s2,3
oracle,0.0,long_00018_4970-1089-3729,s3,no_recursion,3,1,65.28380703729488,,,0,s3,3
oracle,0.0,long_00018_4970-1089-3729,s3,no_recursion,3,2,3.3053227407957264,,,0,s3,3
oracle,0.0,long_00018_4970-1089-3729,s1,ungated_deflation,3,1,99.36172641464223,0,0,0,s1,3
oracle,0.0,long_00018_4970-1089-3729,s1,ungated_deflation,3,2,1.7132476723993209,0,0,0,s1,3
oracle,0.0,long_00018_4970-1089-3729,s2,ungated_deflation,3,1,40.500292723772624,1,1,0,s2,3
oracle,0.0,long_00018_4970-1089-3729,s2,ungated_deflation,3,2,-0.6499539124765632,1,1,0,s2,3
oracle,0.0,long_00018_4970-1089-3729,s3,ungated_deflation,3,1,64.28985172699416,2,2,0,s3,3
oracle,0.0,long_00018_4970-1089-3729,s3,ungated_deflation,3,2,-4.462866749255548,2,2,0,s3,3
oracle,0.0,long_00018_4970-1089-3729,s1,gated_deflation,3,1,99.36172641464223,0,0,0,s1,3
oracle,0.0,long_00018_4970-1089-3729,s1,gated_deflation,3,2,1.7132476723993209,0,0,0,s1,3
oracle,0.0,long_00018_4970-1089-3729,s2,gated_deflation,3,1,40.500292723772624,1,1,0,s2,3
oracle,0.0,long_00018_4970-1089-3729,s2,gated_deflation,3,2,-0.6499539124765632,1,1,0,s2,3
oracle,0.0,long_00018_4970-1089-3729,s3,gated_deflation,3,1,64.28985172699416,2,2,0,s3,3
oracle,0.0,long_00018_4970-1089-3729,s3,gated_deflation,3,2,-4.462866749255548,2,2,0,s3,3
oracle,0.0,long_00018_4970-1089-3729,s1,coarse_to_fine,3,1,101.9567253679511,,,2,s1,3
oracle,0.0,long_00018_4970-1089-3729,s1,coarse_to_fine,3,2,-0.1858002933245874,,,2,s1,3
oracle,0.0,long_00018_4970-1089-3729,s2,coarse_to_fine,3,1,41.158787071209595,,,2,s2,3
oracle,0.0,long_00018_4970-1089-3729,s2,coarse_to_fine,3,2,4.233848303816291,,,2,s2,3
oracle,0.0,long_00018_4970-1089-3729,s3,coarse_to_fine,3,1,65.28380703729488,,,2,s3,3
oracle,0.0,long_00018_4970-1089-3729,s3,coarse_to_fine,3,2,3.3053227407957264,,,2,s3,3
real,0.0,long_00018_4970-1089-3729,s1,no_recursion,3,1,39.89878809970756,,,0,SPEAKER_00,3
real,0.0,long_00018_4970-1089-3729,s1,no_recursion,3,2,1.9858347930351528,,,0,SPEAKER_00,3
real,0.0,long_00018_4970-1089-3729,s2,no_recursion,3,1,inf,,,0,SPEAKER_01,3
real,0.0,long_00018_4970-1089-3729,s2,no_recursion,3,2,-0.42647814982620436,,,0,SPEAKER_01,3
real,0.0,long_00018_4970-1089-3729,s3,no_recursion,3,1,36.02010853497782,,,0,SPEAKER_02,3
real,0.0,long_00018_4970-1089-3729,s3,no_recursion,3,2,1.353613907942872,,,0,SPEAKER_02,3
real,0.0,long_00018_4970-1089-3729,s1,ungated_deflation,3,1,39.89878809970756,0,0,0,SPEAKER_00,3
real,0.0,long_00018_4970-1089-3729,s1,ungated_deflation,3,2,1.9858347930351528,0,0,0,SPEAKER_00,3
real,0.0,long_00018_4970-1089-3729,s2,ungated_deflation,3,1,inf,2,2,0,SPEAKER_01,3
real,0.0,long_00018_4970-1089-3729,s2,ungated_deflation,3,2,-0.7715768752289099,2,2,0,SPEAKER_01,3
real,0.0,long_00018_4970-1089-3729,s3,ungated_deflation,3,1,36.02010853497782,1,1,0,SPEAKER_02,3
real,0.0,long_00018_4970-1089-3729,s3,ungated_deflation,3,2,-1.3539574642119565,1,1,0,SPEAKER_02,3
real,0.0,long_00018_4970-1089-3729,s1,gated_deflation,3,1,39.89878809970756,0,0,0,SPEAKER_00,3
real,0.0,long_00018_4970-1089-3729,s1,gated_deflation,3,2,1.9858347930351528,0,0,0,SPEAKER_00,3
real,0.0,long_00018_4970-1089-3729,s2,gated_deflation,3,1,inf,2,2,0,SPEAKER_01,3
real,0.0,long_00018_4970-1089-3729,s2,gated_deflation,3,2,-0.7715768752289099,2,2,0,SPEAKER_01,3
real,0.0,long_00018_4970-1089-3729,s3,gated_deflation,3,1,36.02010853497782,1,1,0,SPEAKER_02,3
real,0.0,long_00018_4970-1089-3729,s3,gated_deflation,3,2,-1.3539574642119565,1,1,0,SPEAKER_02,3
real,0.0,long_00018_4970-1089-3729,s1,coarse_to_fine,3,1,39.89878809970756,,,2,SPEAKER_00,3
real,0.0,long_00018_4970-1089-3729,s1,coarse_to_fine,3,2,0.13735370440834008,,,2,SPEAKER_00,3
real,0.0,long_00018_4970-1089-3729,s2,coarse_to_fine,3,1,inf,,,2,SPEAKER_01,3
real,0.0,long_00018_4970-1089-3729,s2,coarse_to_fine,3,2,0.310658140514526,,,2,SPEAKER_01,3
real,0.0,long_00018_4970-1089-3729,s3,coarse_to_fine,3,1,36.02010853497782,,,2,SPEAKER_02,3
real,0.0,long_00018_4970-1089-3729,s3,coarse_to_fine,3,2,1.353613907942872,,,2,SPEAKER_02,3
oracle,0.0,long_00019_3729-5639-3570,s1,no_recursion,3,1,48.88165983892105,,,0,s1,3
oracle,0.0,long_00019_3729-5639-3570,s1,no_recursion,3,2,2.860526355900881,,,0,s1,3
oracle,0.0,long_00019_3729-5639-3570,s2,no_recursion,3,1,82.48196097593586,,,0,s2,3
oracle,0.0,long_00019_3729-5639-3570,s2,no_recursion,3,2,-1.7519462430374957,,,0,s2,3
oracle,0.0,long_00019_3729-5639-3570,s3,no_recursion,3,1,43.71618275830156,,,0,s3,3
oracle,0.0,long_00019_3729-5639-3570,s3,no_recursion,3,2,6.582825476308962,,,0,s3,3
oracle,0.0,long_00019_3729-5639-3570,s1,ungated_deflation,3,1,48.88165983892105,0,0,0,s1,3
oracle,0.0,long_00019_3729-5639-3570,s1,ungated_deflation,3,2,2.860526355900881,0,0,0,s1,3
oracle,0.0,long_00019_3729-5639-3570,s2,ungated_deflation,3,1,82.72588813427299,1,1,0,s2,3
oracle,0.0,long_00019_3729-5639-3570,s2,ungated_deflation,3,2,-3.461229356149038,1,1,0,s2,3
oracle,0.0,long_00019_3729-5639-3570,s3,ungated_deflation,3,1,38.5690902041241,2,2,0,s3,3
oracle,0.0,long_00019_3729-5639-3570,s3,ungated_deflation,3,2,4.791927905846282,2,2,0,s3,3
oracle,0.0,long_00019_3729-5639-3570,s1,gated_deflation,3,1,48.88165983892105,0,0,0,s1,3
oracle,0.0,long_00019_3729-5639-3570,s1,gated_deflation,3,2,2.860526355900881,0,0,0,s1,3
oracle,0.0,long_00019_3729-5639-3570,s2,gated_deflation,3,1,82.72588813427299,1,1,0,s2,3
oracle,0.0,long_00019_3729-5639-3570,s2,gated_deflation,3,2,-3.461229356149038,1,1,0,s2,3
oracle,0.0,long_00019_3729-5639-3570,s3,gated_deflation,3,1,38.5690902041241,2,2,0,s3,3
oracle,0.0,long_00019_3729-5639-3570,s3,gated_deflation,3,2,4.791927905846282,2,2,0,s3,3
oracle,0.0,long_00019_3729-5639-3570,s1,coarse_to_fine,3,1,47.60518021772083,,,2,s1,3
oracle,0.0,long_00019_3729-5639-3570,s1,coarse_to_fine,3,2,5.944790304541387,,,2,s1,3
oracle,0.0,long_00019_3729-5639-3570,s2,coarse_to_fine,3,1,82.48196097593586,,,2,s2,3
oracle,0.0,long_00019_3729-5639-3570,s2,coarse_to_fine,3,2,-1.7519462430374957,,,2,s2,3
oracle,0.0,long_00019_3729-5639-3570,s3,coarse_to_fine,3,1,43.71618275830156,,,2,s3,3
oracle,0.0,long_00019_3729-5639-3570,s3,coarse_to_fine,3,2,6.582825476308962,,,2,s3,3
real,0.0,long_00019_3729-5639-3570,s1,no_recursion,3,1,35.47592619034114,,,0,SPEAKER_02,3
real,0.0,long_00019_3729-5639-3570,s1,no_recursion,3,2,1.6974739754481016,,,0,SPEAKER_02,3
real,0.0,long_00019_3729-5639-3570,s2,no_recursion,3,1,40.54723079993419,,,0,SPEAKER_01,3
real,0.0,long_00019_3729-5639-3570,s2,no_recursion,3,2,-3.1202553205672072,,,0,SPEAKER_01,3
real,0.0,long_00019_3729-5639-3570,s3,no_recursion,3,1,46.855154923512,,,0,SPEAKER_00,3
real,0.0,long_00019_3729-5639-3570,s3,no_recursion,3,2,-3.7330670917636866,,,0,SPEAKER_00,3
real,0.0,long_00019_3729-5639-3570,s1,ungated_deflation,3,1,35.47592619034114,0,0,0,SPEAKER_02,3
real,0.0,long_00019_3729-5639-3570,s1,ungated_deflation,3,2,1.6974739754481016,0,0,0,SPEAKER_02,3
real,0.0,long_00019_3729-5639-3570,s2,ungated_deflation,3,1,40.54723079993419,2,2,0,SPEAKER_01,3
real,0.0,long_00019_3729-5639-3570,s2,ungated_deflation,3,2,-3.5842665103208757,2,2,0,SPEAKER_01,3
real,0.0,long_00019_3729-5639-3570,s3,ungated_deflation,3,1,46.855154923512,1,1,0,SPEAKER_00,3
real,0.0,long_00019_3729-5639-3570,s3,ungated_deflation,3,2,-5.384445928386684,1,1,0,SPEAKER_00,3
real,0.0,long_00019_3729-5639-3570,s1,gated_deflation,3,1,35.47592619034114,0,0,0,SPEAKER_02,3
real,0.0,long_00019_3729-5639-3570,s1,gated_deflation,3,2,1.6974739754481016,0,0,0,SPEAKER_02,3
real,0.0,long_00019_3729-5639-3570,s2,gated_deflation,3,1,40.54723079993419,2,2,0,SPEAKER_01,3
real,0.0,long_00019_3729-5639-3570,s2,gated_deflation,3,2,-3.5842665103208757,2,2,0,SPEAKER_01,3
real,0.0,long_00019_3729-5639-3570,s3,gated_deflation,3,1,46.855154923512,1,1,0,SPEAKER_00,3
real,0.0,long_00019_3729-5639-3570,s3,gated_deflation,3,2,-5.384445928386684,1,1,0,SPEAKER_00,3
real,0.0,long_00019_3729-5639-3570,s1,coarse_to_fine,3,1,35.47592619034114,,,2,SPEAKER_02,3
real,0.0,long_00019_3729-5639-3570,s1,coarse_to_fine,3,2,1.6974739754481016,,,2,SPEAKER_02,3
real,0.0,long_00019_3729-5639-3570,s2,coarse_to_fine,3,1,40.54723079993419,,,2,SPEAKER_01,3
real,0.0,long_00019_3729-5639-3570,s2,coarse_to_fine,3,2,-3.153909529899508,,,2,SPEAKER_01,3
real,0.0,long_00019_3729-5639-3570,s3,coarse_to_fine,3,1,46.855154923512,,,2,SPEAKER_00,3
real,0.0,long_00019_3729-5639-3570,s3,coarse_to_fine,3,2,-3.7330670917636866,,,2,SPEAKER_00,3
oracle,0.0,long_00020_1284-1580-260,s1,no_recursion,3,1,80.34285187917591,,,0,s1,3
oracle,0.0,long_00020_1284-1580-260,s1,no_recursion,3,2,1.996127170777896,,,0,s1,3
oracle,0.0,long_00020_1284-1580-260,s2,no_recursion,3,1,67.21531573188119,,,0,s2,3
oracle,0.0,long_00020_1284-1580-260,s2,no_recursion,3,2,2.733815600270777,,,0,s2,3
oracle,0.0,long_00020_1284-1580-260,s3,no_recursion,3,1,69.35994515153764,,,0,s3,3
oracle,0.0,long_00020_1284-1580-260,s3,no_recursion,3,2,8.879126285072676,,,0,s3,3
oracle,0.0,long_00020_1284-1580-260,s1,ungated_deflation,3,1,80.34285187917591,0,0,0,s1,3
oracle,0.0,long_00020_1284-1580-260,s1,ungated_deflation,3,2,1.996127170777896,0,0,0,s1,3
oracle,0.0,long_00020_1284-1580-260,s2,ungated_deflation,3,1,66.55631955502598,1,1,0,s2,3
oracle,0.0,long_00020_1284-1580-260,s2,ungated_deflation,3,2,1.131712418484292,1,1,0,s2,3
oracle,0.0,long_00020_1284-1580-260,s3,ungated_deflation,3,1,69.05942162384864,2,2,0,s3,3
oracle,0.0,long_00020_1284-1580-260,s3,ungated_deflation,3,2,0.3045186370496872,2,2,0,s3,3
oracle,0.0,long_00020_1284-1580-260,s1,gated_deflation,3,1,80.34285187917591,0,0,0,s1,3
oracle,0.0,long_00020_1284-1580-260,s1,gated_deflation,3,2,1.996127170777896,0,0,0,s1,3
oracle,0.0,long_00020_1284-1580-260,s2,gated_deflation,3,1,66.55631955502598,1,1,0,s2,3
oracle,0.0,long_00020_1284-1580-260,s2,gated_deflation,3,2,1.131712418484292,1,1,0,s2,3
oracle,0.0,long_00020_1284-1580-260,s3,gated_deflation,3,1,69.05942162384864,2,2,0,s3,3
oracle,0.0,long_00020_1284-1580-260,s3,gated_deflation,3,2,0.3045186370496872,2,2,0,s3,3
oracle,0.0,long_00020_1284-1580-260,s1,coarse_to_fine,3,1,80.3807525647882,,,2,s1,3
oracle,0.0,long_00020_1284-1580-260,s1,coarse_to_fine,3,2,0.9139320394869049,,,2,s1,3
oracle,0.0,long_00020_1284-1580-260,s2,coarse_to_fine,3,1,67.21531573188119,,,2,s2,3
oracle,0.0,long_00020_1284-1580-260,s2,coarse_to_fine,3,2,2.733815600270777,,,2,s2,3
oracle,0.0,long_00020_1284-1580-260,s3,coarse_to_fine,3,1,69.35994515153764,,,2,s3,3
oracle,0.0,long_00020_1284-1580-260,s3,coarse_to_fine,3,2,8.879126285072676,,,2,s3,3
real,0.0,long_00020_1284-1580-260,s1,no_recursion,3,1,41.135555853347824,,,0,SPEAKER_01,3
real,0.0,long_00020_1284-1580-260,s1,no_recursion,3,2,-2.952746470306563,,,0,SPEAKER_01,3
real,0.0,long_00020_1284-1580-260,s2,no_recursion,3,1,28.790587786530047,,,0,SPEAKER_02,3
real,0.0,long_00020_1284-1580-260,s2,no_recursion,3,2,-1.6680535200813082,,,0,SPEAKER_02,3
real,0.0,long_00020_1284-1580-260,s3,no_recursion,3,1,47.389265867166124,,,0,SPEAKER_00,3
real,0.0,long_00020_1284-1580-260,s3,no_recursion,3,2,2.378656422564852,,,0,SPEAKER_00,3
real,0.0,long_00020_1284-1580-260,s1,ungated_deflation,3,1,41.135555853347824,2,2,0,SPEAKER_01,3
real,0.0,long_00020_1284-1580-260,s1,ungated_deflation,3,2,-2.9805862271591224,2,2,0,SPEAKER_01,3
real,0.0,long_00020_1284-1580-260,s2,ungated_deflation,3,1,28.790587786530047,1,1,0,SPEAKER_02,3
real,0.0,long_00020_1284-1580-260,s2,ungated_deflation,3,2,-1.8134504667498474,1,1,0,SPEAKER_02,3
real,0.0,long_00020_1284-1580-260,s3,ungated_deflation,3,1,47.389265867166124,0,0,0,SPEAKER_00,3
real,0.0,long_00020_1284-1580-260,s3,ungated_deflation,3,2,2.378656422564852,0,0,0,SPEAKER_00,3
real,0.0,long_00020_1284-1580-260,s1,gated_deflation,3,1,41.135555853347824,2,2,0,SPEAKER_01,3
real,0.0,long_00020_1284-1580-260,s1,gated_deflation,3,2,-2.9805862271591224,2,2,0,SPEAKER_01,3
real,0.0,long_00020_1284-1580-260,s2,gated_deflation,3,1,28.790587786530047,1,1,0,SPEAKER_02,3
real,0.0,long_00020_1284-1580-260,s2,gated_deflation,3,2,-1.8134504667498474,1,1,0,SPEAKER_02,3
real,0.0,long_00020_1284-1580-260,s3,gated_deflation,3,1,47.389265867166124,0,0,0,SPEAKER_00,3
real,0.0,long_00020_1284-1580-260,s3,gated_deflation,3,2,2.378656422564852,0,0,0,SPEAKER_00,3
real,0.0,long_00020_1284-1580-260,s1,coarse_to_fine,3,1,41.135555853347824,,,2,SPEAKER_01,3
real,0.0,long_00020_1284-1580-260,s1,coarse_to_fine,3,2,-2.879569329531726,,,2,SPEAKER_01,3
real,0.0,long_00020_1284-1580-260,s2,coarse_to_fine,3,1,28.790587786530047,,,2,SPEAKER_02,3
real,0.0,long_00020_1284-1580-260,s2,coarse_to_fine,3,2,-1.7350080138072157,,,2,SPEAKER_02,3
real,0.0,long_00020_1284-1580-260,s3,coarse_to_fine,3,1,47.389265867166124,,,2,SPEAKER_00,3
real,0.0,long_00020_1284-1580-260,s3,coarse_to_fine,3,2,2.378656422564852,,,2,SPEAKER_00,3
oracle,0.0,long_00021_4507-260-1580,s1,no_recursion,3,1,48.57219792368263,,,0,s1,3
oracle,0.0,long_00021_4507-260-1580,s1,no_recursion,3,2,2.961911420133962,,,0,s1,3
oracle,0.0,long_00021_4507-260-1580,s2,no_recursion,3,1,50.852357987933495,,,0,s2,3
oracle,0.0,long_00021_4507-260-1580,s2,no_recursion,3,2,3.992094982269922,,,0,s2,3
oracle,0.0,long_00021_4507-260-1580,s3,no_recursion,3,1,66.584063805376,,,0,s3,3
oracle,0.0,long_00021_4507-260-1580,s3,no_recursion,3,2,4.579624390288314,,,0,s3,3
oracle,0.0,long_00021_4507-260-1580,s1,ungated_deflation,3,1,48.57219792368263,0,0,0,s1,3
oracle,0.0,long_00021_4507-260-1580,s1,ungated_deflation,3,2,2.961911420133962,0,0,0,s1,3
oracle,0.0,long_00021_4507-260-1580,s2,ungated_deflation,3,1,50.5246881550488,1,1,0,s2,3
oracle,0.0,long_00021_4507-260-1580,s2,ungated_deflation,3,2,2.9672099608722924,1,1,0,s2,3
oracle,0.0,long_00021_4507-260-1580,s3,ungated_deflation,3,1,66.32052009084431,2,2,0,s3,3
oracle,0.0,long_00021_4507-260-1580,s3,ungated_deflation,3,2,4.113993707793348,2,2,0,s3,3
oracle,0.0,long_00021_4507-260-1580,s1,gated_deflation,3,1,48.57219792368263,0,0,0,s1,3
oracle,0.0,long_00021_4507-260-1580,s1,gated_deflation,3,2,2.961911420133962,0,0,0,s1,3
oracle,0.0,long_00021_4507-260-1580,s2,gated_deflation,3,1,50.5246881550488,1,1,0,s2,3
oracle,0.0,long_00021_4507-260-1580,s2,gated_deflation,3,2,2.9672099608722924,1,1,0,s2,3
oracle,0.0,long_00021_4507-260-1580,s3,gated_deflation,3,1,66.32052009084431,2,2,0,s3,3
oracle,0.0,long_00021_4507-260-1580,s3,gated_deflation,3,2,4.113993707793348,2,2,0,s3,3
oracle,0.0,long_00021_4507-260-1580,s1,coarse_to_fine,3,1,48.57219792368263,,,2,s1,3
oracle,0.0,long_00021_4507-260-1580,s1,coarse_to_fine,3,2,2.961911420133962,,,2,s1,3
oracle,0.0,long_00021_4507-260-1580,s2,coarse_to_fine,3,1,50.07177045869512,,,2,s2,3
oracle,0.0,long_00021_4507-260-1580,s2,coarse_to_fine,3,2,4.254914305995509,,,2,s2,3
oracle,0.0,long_00021_4507-260-1580,s3,coarse_to_fine,3,1,66.584063805376,,,2,s3,3
oracle,0.0,long_00021_4507-260-1580,s3,coarse_to_fine,3,2,4.579624390288314,,,2,s3,3
real,0.0,long_00021_4507-260-1580,s1,no_recursion,3,1,42.215481387518665,,,0,SPEAKER_01,3
real,0.0,long_00021_4507-260-1580,s1,no_recursion,3,2,0.9736324835919801,,,0,SPEAKER_01,3
real,0.0,long_00021_4507-260-1580,s2,no_recursion,3,1,56.3253946533597,,,0,SPEAKER_00,3
real,0.0,long_00021_4507-260-1580,s2,no_recursion,3,2,-1.4076228890368256,,,0,SPEAKER_00,3
real,0.0,long_00021_4507-260-1580,s3,no_recursion,3,1,36.464914860375984,,,0,SPEAKER_02,3
real,0.0,long_00021_4507-260-1580,s3,no_recursion,3,2,-2.045732182909424,,,0,SPEAKER_02,3
real,0.0,long_00021_4507-260-1580,s1,ungated_deflation,3,1,42.215481387518665,1,1,0,SPEAKER_01,3
real,0.0,long_00021_4507-260-1580,s1,ungated_deflation,3,2,-0.39775339649432684,1,1,0,SPEAKER_01,3
real,0.0,long_00021_4507-260-1580,s2,ungated_deflation,3,1,56.3253946533597,2,2,0,SPEAKER_00,3
real,0.0,long_00021_4507-260-1580,s2,ungated_deflation,3,2,-3.7266643518794655,2,2,0,SPEAKER_00,3
real,0.0,long_00021_4507-260-1580,s3,ungated_deflation,3,1,36.464914860375984,0,0,0,SPEAKER_02,3
real,0.0,long_00021_4507-260-1580,s3,ungated_deflation,3,2,-2.045732182909424,0,0,0,SPEAKER_02,3
real,0.0,long_00021_4507-260-1580,s1,gated_deflation,3,1,42.215481387518665,1,1,0,SPEAKER_01,3
real,0.0,long_00021_4507-260-1580,s1,gated_deflation,3,2,-0.39775339649432684,1,1,0,SPEAKER_01,3
real,0.0,long_00021_4507-260-1580,s2,gated_deflation,3,1,56.3253946533597,2,2,0,SPEAKER_00,3
real,0.0,long_00021_4507-260-1580,s2,gated_deflation,3,2,-3.7266643518794655,2,2,0,SPEAKER_00,3
real,0.0,long_00021_4507-260-1580,s3,gated_deflation,3,1,36.464914860375984,0,0,0,SPEAKER_02,3
real,0.0,long_00021_4507-260-1580,s3,gated_deflation,3,2,-2.045732182909424,0,0,0,SPEAKER_02,3
real,0.0,long_00021_4507-260-1580,s1,coarse_to_fine,3,1,42.215481387518665,,,2,SPEAKER_01,3
real,0.0,long_00021_4507-260-1580,s1,coarse_to_fine,3,2,0.9736324835919801,,,2,SPEAKER_01,3
real,0.0,long_00021_4507-260-1580,s2,coarse_to_fine,3,1,56.3253946533597,,,2,SPEAKER_00,3
real,0.0,long_00021_4507-260-1580,s2,coarse_to_fine,3,2,-1.056537904997332,,,2,SPEAKER_00,3
real,0.0,long_00021_4507-260-1580,s3,coarse_to_fine,3,1,36.464914860375984,,,2,SPEAKER_02,3
real,0.0,long_00021_4507-260-1580,s3,coarse_to_fine,3,2,-2.6810088298741945,,,2,SPEAKER_02,3
oracle,0.0,long_00022_1320-4992-7729,s1,no_recursion,3,1,54.071369461475655,,,0,s1,3
oracle,0.0,long_00022_1320-4992-7729,s1,no_recursion,3,2,6.385534706085697,,,0,s1,3
oracle,0.0,long_00022_1320-4992-7729,s2,no_recursion,3,1,55.26704604331354,,,0,s2,3
oracle,0.0,long_00022_1320-4992-7729,s2,no_recursion,3,2,3.898654080588249,,,0,s2,3
oracle,0.0,long_00022_1320-4992-7729,s3,no_recursion,3,1,53.01317312550178,,,0,s3,3
oracle,0.0,long_00022_1320-4992-7729,s3,no_recursion,3,2,5.421459157392398,,,0,s3,3
oracle,0.0,long_00022_1320-4992-7729,s1,ungated_deflation,3,1,54.071369461475655,0,0,0,s1,3
oracle,0.0,long_00022_1320-4992-7729,s1,ungated_deflation,3,2,6.385534706085697,0,0,0,s1,3
oracle,0.0,long_00022_1320-4992-7729,s2,ungated_deflation,3,1,55.2523826477417,1,1,0,s2,3
oracle,0.0,long_00022_1320-4992-7729,s2,ungated_deflation,3,2,1.8321921508776449,1,1,0,s2,3
oracle,0.0,long_00022_1320-4992-7729,s3,ungated_deflation,3,1,44.4934174718777,2,2,0,s3,3
oracle,0.0,long_00022_1320-4992-7729,s3,ungated_deflation,3,2,2.9865967167539886,2,2,0,s3,3
oracle,0.0,long_00022_1320-4992-7729,s1,gated_deflation,3,1,54.071369461475655,0,0,0,s1,3
oracle,0.0,long_00022_1320-4992-7729,s1,gated_deflation,3,2,6.385534706085697,0,0,0,s1,3
oracle,0.0,long_00022_1320-4992-7729,s2,gated_deflation,3,1,55.2523826477417,1,1,0,s2,3
oracle,0.0,long_00022_1320-4992-7729,s2,gated_deflation,3,2,1.8321921508776449,1,1,0,s2,3
oracle,0.0,long_00022_1320-4992-7729,s3,gated_deflation,3,1,44.4934174718777,2,2,0,s3,3
oracle,0.0,long_00022_1320-4992-7729,s3,gated_deflation,3,2,2.9865967167539886,2,2,0,s3,3
oracle,0.0,long_00022_1320-4992-7729,s1,coarse_to_fine,3,1,54.071369461475655,,,2,s1,3
oracle,0.0,long_00022_1320-4992-7729,s1,coarse_to_fine,3,2,6.385534706085697,,,2,s1,3
oracle,0.0,long_00022_1320-4992-7729,s2,coarse_to_fine,3,1,55.657773246029485,,,2,s2,3
oracle,0.0,long_00022_1320-4992-7729,s2,coarse_to_fine,3,2,3.9713020320383317,,,2,s2,3
oracle,0.0,long_00022_1320-4992-7729,s3,coarse_to_fine,3,1,54.533597967868516,,,2,s3,3
oracle,0.0,long_00022_1320-4992-7729,s3,coarse_to_fine,3,2,5.9561423261601165,,,2,s3,3
real,0.0,long_00022_1320-4992-7729,s1,no_recursion,3,1,34.11337592914093,,,0,SPEAKER_00,3
real,0.0,long_00022_1320-4992-7729,s1,no_recursion,3,2,4.369554630459879,,,0,SPEAKER_00,3
real,0.0,long_00022_1320-4992-7729,s2,no_recursion,3,1,41.740669930801324,,,0,SPEAKER_02,3
real,0.0,long_00022_1320-4992-7729,s2,no_recursion,3,2,3.386660818822068,,,0,SPEAKER_02,3
real,0.0,long_00022_1320-4992-7729,s3,no_recursion,3,1,46.08209602903899,,,0,SPEAKER_01,3
real,0.0,long_00022_1320-4992-7729,s3,no_recursion,3,2,0.3849883370816218,,,0,SPEAKER_01,3
real,0.0,long_00022_1320-4992-7729,s1,ungated_deflation,3,1,34.11337592914093,0,0,0,SPEAKER_00,3
real,0.0,long_00022_1320-4992-7729,s1,ungated_deflation,3,2,4.369554630459879,0,0,0,SPEAKER_00,3
real,0.0,long_00022_1320-4992-7729,s2,ungated_deflation,3,1,41.740669930801324,2,2,0,SPEAKER_02,3
real,0.0,long_00022_1320-4992-7729,s2,ungated_deflation,3,2,1.65060934080241,2,2,0,SPEAKER_02,3
real,0.0,long_00022_1320-4992-7729,s3,ungated_deflation,3,1,46.08209602903899,1,1,0,SPEAKER_01,3
real,0.0,long_00022_1320-4992-7729,s3,ungated_deflation,3,2,1.0731292468098732,1,1,0,SPEAKER_01,3
real,0.0,long_00022_1320-4992-7729,s1,gated_deflation,3,1,34.11337592914093,0,0,0,SPEAKER_00,3
real,0.0,long_00022_1320-4992-7729,s1,gated_deflation,3,2,4.369554630459879,0,0,0,SPEAKER_00,3
real,0.0,long_00022_1320-4992-7729,s2,gated_deflation,3,1,41.740669930801324,2,2,0,SPEAKER_02,3
real,0.0,long_00022_1320-4992-7729,s2,gated_deflation,3,2,1.65060934080241,2,2,0,SPEAKER_02,3
real,0.0,long_00022_1320-4992-7729,s3,gated_deflation,3,1,46.08209602903899,1,1,0,SPEAKER_01,3
real,0.0,long_00022_1320-4992-7729,s3,gated_deflation,3,2,1.0731292468098732,1,1,0,SPEAKER_01,3
real,0.0,long_00022_1320-4992-7729,s1,coarse_to_fine,3,1,34.11337592914093,,,2,SPEAKER_00,3
real,0.0,long_00022_1320-4992-7729,s1,coarse_to_fine,3,2,4.369554630459879,,,2,SPEAKER_00,3
real,0.0,long_00022_1320-4992-7729,s2,coarse_to_fine,3,1,41.740669930801324,,,2,SPEAKER_02,3
real,0.0,long_00022_1320-4992-7729,s2,coarse_to_fine,3,2,3.6622213947659956,,,2,SPEAKER_02,3
real,0.0,long_00022_1320-4992-7729,s3,coarse_to_fine,3,1,46.08209602903899,,,2,SPEAKER_01,3
real,0.0,long_00022_1320-4992-7729,s3,coarse_to_fine,3,2,0.8164285054268005,,,2,SPEAKER_01,3
oracle,0.0,long_00023_5639-7127-2094,s1,no_recursion,3,1,41.327798034943186,,,0,s1,3
oracle,0.0,long_00023_5639-7127-2094,s1,no_recursion,3,2,-4.338379495962358,,,0,s1,3
oracle,0.0,long_00023_5639-7127-2094,s2,no_recursion,3,1,44.82299197734348,,,0,s2,3
oracle,0.0,long_00023_5639-7127-2094,s2,no_recursion,3,2,-0.08318426509259128,,,0,s2,3
oracle,0.0,long_00023_5639-7127-2094,s3,no_recursion,3,1,57.99797751792834,,,0,s3,3
oracle,0.0,long_00023_5639-7127-2094,s3,no_recursion,3,2,-0.362421773579643,,,0,s3,3
oracle,0.0,long_00023_5639-7127-2094,s1,ungated_deflation,3,1,41.327798034943186,0,0,0,s1,3
oracle,0.0,long_00023_5639-7127-2094,s1,ungated_deflation,3,2,-4.338379495962358,0,0,0,s1,3
oracle,0.0,long_00023_5639-7127-2094,s2,ungated_deflation,3,1,47.070926307350256,1,1,0,s2,3
oracle,0.0,long_00023_5639-7127-2094,s2,ungated_deflation,3,2,-2.060803919288784,1,1,0,s2,3
oracle,0.0,long_00023_5639-7127-2094,s3,ungated_deflation,3,1,57.304404289600626,2,2,0,s3,3
oracle,0.0,long_00023_5639-7127-2094,s3,ungated_deflation,3,2,0.29954467740262813,2,2,0,s3,3
oracle,0.0,long_00023_5639-7127-2094,s1,gated_deflation,3,1,41.327798034943186,0,0,0,s1,3
oracle,0.0,long_00023_5639-7127-2094,s1,gated_deflation,3,2,-4.338379495962358,0,0,0,s1,3
oracle,0.0,long_00023_5639-7127-2094,s2,gated_deflation,3,1,47.070926307350256,1,1,0,s2,3
oracle,0.0,long_00023_5639-7127-2094,s2,gated_deflation,3,2,-2.060803919288784,1,1,0,s2,3
oracle,0.0,long_00023_5639-7127-2094,s3,gated_deflation,3,1,57.304404289600626,2,2,0,s3,3
oracle,0.0,long_00023_5639-7127-2094,s3,gated_deflation,3,2,0.29954467740262813,2,2,0,s3,3
oracle,0.0,long_00023_5639-7127-2094,s1,coarse_to_fine,3,1,42.10950685399084,,,2,s1,3
oracle,0.0,long_00023_5639-7127-2094,s1,coarse_to_fine,3,2,-5.125847383060426,,,2,s1,3
oracle,0.0,long_00023_5639-7127-2094,s2,coarse_to_fine,3,1,44.82299197734348,,,2,s2,3
oracle,0.0,long_00023_5639-7127-2094,s2,coarse_to_fine,3,2,-0.08318426509259128,,,2,s2,3
oracle,0.0,long_00023_5639-7127-2094,s3,coarse_to_fine,3,1,57.954580711933154,,,2,s3,3
oracle,0.0,long_00023_5639-7127-2094,s3,coarse_to_fine,3,2,0.8709539617236655,,,2,s3,3
real,0.0,long_00023_5639-7127-2094,s1,no_recursion,3,1,58.6290426526653,,,0,SPEAKER_01,3
real,0.0,long_00023_5639-7127-2094,s1,no_recursion,3,2,-5.707078911348548,,,0,SPEAKER_01,3
real,0.0,long_00023_5639-7127-2094,s3,no_recursion,3,1,32.708567922656115,,,0,SPEAKER_00,3
real,0.0,long_00023_5639-7127-2094,s3,no_recursion,3,2,-2.8499729259877276,,,0,SPEAKER_00,3
real,0.0,long_00023_5639-7127-2094,s2,no_recursion,3,1,47.40738886695346,,,0,SPEAKER_02,3
real,0.0,long_00023_5639-7127-2094,s2,no_recursion,3,2,-2.248684499173448,,,0,SPEAKER_02,3
real,0.0,long_00023_5639-7127-2094,s1,ungated_deflation,3,1,58.6290426526653,2,2,0,SPEAKER_01,3
real,0.0,long_00023_5639-7127-2094,s1,ungated_deflation,3,2,-4.508027228334591,2,2,0,SPEAKER_01,3
real,0.0,long_00023_5639-7127-2094,s3,ungated_deflation,3,1,32.708567922656115,1,1,0,SPEAKER_00,3
real,0.0,long_00023_5639-7127-2094,s3,ungated_deflation,3,2,-5.072089076114735,1,1,0,SPEAKER_00,3
real,0.0,long_00023_5639-7127-2094,s2,ungated_deflation,3,1,47.40738886695346,0,0,0,SPEAKER_02,3
real,0.0,long_00023_5639-7127-2094,s2,ungated_deflation,3,2,-2.248684499173448,0,0,0,SPEAKER_02,3
real,0.0,long_00023_5639-7127-2094,s1,gated_deflation,3,1,58.6290426526653,2,2,0,SPEAKER_01,3
real,0.0,long_00023_5639-7127-2094,s1,gated_deflation,3,2,-4.508027228334591,2,2,0,SPEAKER_01,3
real,0.0,long_00023_5639-7127-2094,s3,gated_deflation,3,1,32.708567922656115,1,1,0,SPEAKER_00,3
real,0.0,long_00023_5639-7127-2094,s3,gated_deflation,3,2,-5.072089076114735,1,1,0,SPEAKER_00,3
real,0.0,long_00023_5639-7127-2094,s2,gated_deflation,3,1,47.40738886695346,0,0,0,SPEAKER_02,3
real,0.0,long_00023_5639-7127-2094,s2,gated_deflation,3,2,-2.248684499173448,0,0,0,SPEAKER_02,3
real,0.0,long_00023_5639-7127-2094,s1,coarse_to_fine,3,1,58.6290426526653,,,2,SPEAKER_01,3
real,0.0,long_00023_5639-7127-2094,s1,coarse_to_fine,3,2,-5.707078911348548,,,2,SPEAKER_01,3
real,0.0,long_00023_5639-7127-2094,s3,coarse_to_fine,3,1,32.708567922656115,,,2,SPEAKER_00,3
real,0.0,long_00023_5639-7127-2094,s3,coarse_to_fine,3,2,-2.8499729259877276,,,2,SPEAKER_00,3
real,0.0,long_00023_5639-7127-2094,s2,coarse_to_fine,3,1,47.40738886695346,,,2,SPEAKER_02,3
real,0.0,long_00023_5639-7127-2094,s2,coarse_to_fine,3,2,-2.248684499173448,,,2,SPEAKER_02,3
oracle,0.0,long_00024_8224-1284-2961,s1,no_recursion,3,1,46.57691027267337,,,0,s1,3
oracle,0.0,long_00024_8224-1284-2961,s1,no_recursion,3,2,4.6756551385369525,,,0,s1,3
oracle,0.0,long_00024_8224-1284-2961,s2,no_recursion,3,1,46.43304345757447,,,0,s2,3
oracle,0.0,long_00024_8224-1284-2961,s2,no_recursion,3,2,1.1514446002917653,,,0,s2,3
oracle,0.0,long_00024_8224-1284-2961,s3,no_recursion,3,1,49.715040246499484,,,0,s3,3
oracle,0.0,long_00024_8224-1284-2961,s3,no_recursion,3,2,1.434153531128689,,,0,s3,3
oracle,0.0,long_00024_8224-1284-2961,s1,ungated_deflation,3,1,46.57691027267337,0,0,0,s1,3
oracle,0.0,long_00024_8224-1284-2961,s1,ungated_deflation,3,2,4.6756551385369525,0,0,0,s1,3
oracle,0.0,long_00024_8224-1284-2961,s2,ungated_deflation,3,1,46.427639034277,1,1,0,s2,3
oracle,0.0,long_00024_8224-1284-2961,s2,ungated_deflation,3,2,1.422671753175293,1,1,0,s2,3
oracle,0.0,long_00024_8224-1284-2961,s3,ungated_deflation,3,1,44.358148642243975,2,2,0,s3,3
oracle,0.0,long_00024_8224-1284-2961,s3,ungated_deflation,3,2,0.9252788661120284,2,2,0,s3,3
oracle,0.0,long_00024_8224-1284-2961,s1,gated_deflation,3,1,46.57691027267337,0,0,0,s1,3
oracle,0.0,long_00024_8224-1284-2961,s1,gated_deflation,3,2,4.6756551385369525,0,0,0,s1,3
oracle,0.0,long_00024_8224-1284-2961,s2,gated_deflation,3,1,46.427639034277,1,1,0,s2,3
oracle,0.0,long_00024_8224-1284-2961,s2,gated_deflation,3,2,1.422671753175293,1,1,0,s2,3
oracle,0.0,long_00024_8224-1284-2961,s3,gated_deflation,3,1,44.358148642243975,2,2,0,s3,3
oracle,0.0,long_00024_8224-1284-2961,s3,gated_deflation,3,2,0.9252788661120284,2,2,0,s3,3
oracle,0.0,long_00024_8224-1284-2961,s1,coarse_to_fine,3,1,46.708987726201556,,,2,s1,3
oracle,0.0,long_00024_8224-1284-2961,s1,coarse_to_fine,3,2,3.8491548382738765,,,2,s1,3
oracle,0.0,long_00024_8224-1284-2961,s2,coarse_to_fine,3,1,46.538907384966144,,,2,s2,3
oracle,0.0,long_00024_8224-1284-2961,s2,coarse_to_fine,3,2,0.8858657691900924,,,2,s2,3
oracle,0.0,long_00024_8224-1284-2961,s3,coarse_to_fine,3,1,49.86843031768324,,,2,s3,3
oracle,0.0,long_00024_8224-1284-2961,s3,coarse_to_fine,3,2,0.9017333340043837,,,2,s3,3
real,0.0,long_00024_8224-1284-2961,s1,no_recursion,3,1,36.64782856613176,,,0,SPEAKER_00,3
real,0.0,long_00024_8224-1284-2961,s1,no_recursion,3,2,2.605501059496644,,,0,SPEAKER_00,3
real,0.0,long_00024_8224-1284-2961,s2,no_recursion,3,1,39.041399015665924,,,0,SPEAKER_02,3
real,0.0,long_00024_8224-1284-2961,s2,no_recursion,3,2,-4.371531832544012,,,0,SPEAKER_02,3
real,0.0,long_00024_8224-1284-2961,s3,no_recursion,3,1,36.3362001042437,,,0,SPEAKER_01,3
real,0.0,long_00024_8224-1284-2961,s3,no_recursion,3,2,1.887480863915342,,,0,SPEAKER_01,3
real,0.0,long_00024_8224-1284-2961,s1,ungated_deflation,3,1,36.64782856613176,2,2,0,SPEAKER_00,3
real,0.0,long_00024_8224-1284-2961,s1,ungated_deflation,3,2,-0.8168476384555332,2,2,0,SPEAKER_00,3
real,0.0,long_00024_8224-1284-2961,s2,ungated_deflation,3,1,39.041399015665924,0,0,0,SPEAKER_02,3
real,0.0,long_00024_8224-1284-2961,s2,ungated_deflation,3,2,-4.371531832544012,0,0,0,SPEAKER_02,3
real,0.0,long_00024_8224-1284-2961,s3,ungated_deflation,3,1,36.3362001042437,1,1,0,SPEAKER_01,3
real,0.0,long_00024_8224-1284-2961,s3,ungated_deflation,3,2,1.9085148019327174,1,1,0,SPEAKER_01,3
real,0.0,long_00024_8224-1284-2961,s1,gated_deflation,3,1,36.64782856613176,2,2,0,SPEAKER_00,3
real,0.0,long_00024_8224-1284-2961,s1,gated_deflation,3,2,-0.8168476384555332,2,2,0,SPEAKER_00,3
real,0.0,long_00024_8224-1284-2961,s2,gated_deflation,3,1,39.041399015665924,0,0,0,SPEAKER_02,3
real,0.0,long_00024_8224-1284-2961,s2,gated_deflation,3,2,-4.371531832544012,0,0,0,SPEAKER_02,3
real,0.0,long_00024_8224-1284-2961,s3,gated_deflation,3,1,36.3362001042437,1,1,0,SPEAKER_01,3
real,0.0,long_00024_8224-1284-2961,s3,gated_deflation,3,2,1.9085148019327174,1,1,0,SPEAKER_01,3
real,0.0,long_00024_8224-1284-2961,s1,coarse_to_fine,3,1,36.64782856613176,,,2,SPEAKER_00,3
real,0.0,long_00024_8224-1284-2961,s1,coarse_to_fine,3,2,2.605501059496644,,,2,SPEAKER_00,3
real,0.0,long_00024_8224-1284-2961,s2,coarse_to_fine,3,1,39.041399015665924,,,2,SPEAKER_02,3
real,0.0,long_00024_8224-1284-2961,s2,coarse_to_fine,3,2,-4.371531832544012,,,2,SPEAKER_02,3
real,0.0,long_00024_8224-1284-2961,s3,coarse_to_fine,3,1,36.3362001042437,,,2,SPEAKER_01,3
real,0.0,long_00024_8224-1284-2961,s3,coarse_to_fine,3,2,1.131632908959903,,,2,SPEAKER_01,3
