diarization,dilate_ms,scene,speaker,system,round,accepted,mean_variance,margin,vad_coverage,artifact_score,reason,cluster
oracle,0.0,long_00000_5639-61-121,s1,gated_deflation,0,True,0.0,0.2919283970144312,1.0,0.7462035830805632,accepted,s1
oracle,0.0,long_00000_5639-61-121,s2,gated_deflation,0,True,0.0,0.4672379453662754,1.0,0.7597428275678949,accepted,s2
oracle,0.0,long_00000_5639-61-121,s3,gated_deflation,0,True,0.0,0.1646956259458311,1.0,0.8037475457688067,accepted,s3
oracle,0.0,long_00000_5639-61-121,s1,coarse_to_fine,0,False,0.0,-0.49612440088834536,1.0,0.3664221965864735,margin,s1
oracle,0.0,long_00000_5639-61-121,s2,coarse_to_fine,0,True,0.0,0.5078940477730431,1.0,0.504936085526795,accepted,s2
oracle,0.0,long_00000_5639-61-121,s3,coarse_to_fine,0,False,0.0,-0.34787944965925355,1.0,0.48505303899644914,margin,s3
oracle,0.0,long_00000_5639-61-121,s1,coarse_to_fine,1,False,0.0,-0.5262034406806628,1.0,0.3664221965864735,margin,s1
oracle,0.0,long_00000_5639-61-121,s2,coarse_to_fine,1,True,0.0,0.6307574534607561,1.0,0.5131630576865105,accepted,s2
oracle,0.0,long_00000_5639-61-121,s3,coarse_to_fine,1,False,0.0,-0.47115031748307723,1.0,0.48505303899644914,margin,s3
oracle,200.0,long_00000_5639-61-121,s1,gated_deflation,0,True,0.0,0.2933170270459041,1.0,0.7460862847489405,accepted,s1
oracle,200.0,long_00000_5639-61-121,s2,gated_deflation,0,True,0.0,0.469151924778127,1.0,0.7599767783631031,accepted,s2
oracle,200.0,long_00000_5639-61-121,s3,gated_deflation,0,True,0.0,0.163671518251424,0.9883035142796184,0.8035400959745788,accepted,s3
oracle,200.0,long_00000_5639-61-121,s1,coarse_to_fine,0,False,0.0,-0.49442704285535877,1.0,0.36385883423332965,margin,s1
oracle,200.0,long_00000_5639-61-121,s2,coarse_to_fine,0,True,0.0,0.5121938084879603,1.0,0.5062668704373848,accepted,s2
oracle,200.0,long_00000_5639-61-121,s3,coarse_to_fine,0,False,0.0,-0.3476630872334199,0.9882958944192143,0.4874233838029977,margin,s3
oracle,200.0,long_00000_5639-61-121,s1,coarse_to_fine,1,False,0.0,-0.5220865681705285,1.0,0.36385883423332965,margin,s1
oracle,200.0,long_00000_5639-61-121,s2,coarse_to_fine,1,True,0.0,0.6330121192130453,1.0,0.5145869262727372,accepted,s2
oracle,200.0,long_00000_5639-61-121,s3,coarse_to_fine,1,False,0.0,-0.4673383265742632,0.9882958944192143,0.4874233838029977,margin,s3
oracle,400.0,long_00000_5639-61-121,s1,gated_deflation,0,True,0.0,0.2919068189348646,1.0,0.7460876458966643,accepted,s1
oracle,400.0,long_00000_5639-61-121,s2,gated_deflation,0,True,0.0,0.467501691105508,1.0,0.7594399512195483,accepted,s2
oracle,400.0,long_00000_5639-61-121,s3,gated_deflation,0,True,0.0,0.18972388065884477,0.9799602517389864,0.8037611797649504,accepted,s3
oracle,400.0,long_00000_5639-61-121,s1,coarse_to_fine,0,False,0.0,-0.47227371647083405,1.0,0.3628082900941621,margin,s1
oracle,400.0,long_00000_5639-61-121,s2,coarse_to_fine,0,True,0.0,0.509969887977349,1.0,0.5042524484774787,accepted,s2
oracle,400.0,long_00000_5639-61-121,s3,coarse_to_fine,0,False,0.0,-0.2937585724729288,0.9805700261977175,0.49477775577346184,margin,s3
oracle,400.0,long_00000_5639-61-121,s1,coarse_to_fine,1,False,0.0,-0.5037674231112281,1.0,0.3628082900941621,margin,s1
oracle,400.0,long_00000_5639-61-121,s2,coarse_to_fine,1,True,0.0,0.6343190099590674,1.0,0.5128047740098469,accepted,s2
oracle,400.0,long_00000_5639-61-121,s3,coarse_to_fine,1,False,0.0,-0.41507723127628693,0.9805700261977175,0.49477775577346184,margin,s3
oracle,800.0,long_00000_5639-61-121,s1,gated_deflation,0,True,0.0,0.29692205581562525,1.0,0.745912851610018,accepted,s1
oracle,800.0,long_00000_5639-61-121,s2,gated_deflation,0,True,0.0,0.46646906781420505,0.9999851208189501,0.7585014252618056,accepted,s2
oracle,800.0,long_00000_5639-61-121,s3,gated_deflation,0,True,0.0,0.19733752274078548,0.9804022464641713,0.8037913341348709,accepted,s3
oracle,800.0,long_00000_5639-61-121,s1,coarse_to_fine,0,False,0.0,-0.45653272038514797,1.0,0.35959605797251465,margin,s1
oracle,800.0,long_00000_5639-61-121,s2,coarse_to_fine,0,True,0.0,0.5100126187824447,1.0,0.49588145286610724,accepted,s2
oracle,800.0,long_00000_5639-61-121,s3,coarse_to_fine,0,False,0.0,-0.2773997927598865,0.9810197300714517,0.4919839966491098,margin,s3
oracle,800.0,long_00000_5639-61-121,s1,coarse_to_fine,1,False,0.0,-0.4864198749402812,1.0,0.35959605797251465,margin,s1
oracle,800.0,long_00000_5639-61-121,s2,coarse_to_fine,1,True,0.0,0.628227170405294,1.0,0.507349476892328,accepted,s2
oracle,800.0,long_00000_5639-61-121,s3,coarse_to_fine,1,False,0.0,-0.39823759129410335,0.9810197300714517,0.4919839966491098,margin,s3
real,0.0,long_00000_5639-61-121,s1,gated_deflation,0,True,6.615377652459825e-05,0.2838246028300901,1.0,0.7683940383290094,accepted,SPEAKER_01
real,0.0,long_00000_5639-61-121,s2,gated_deflation,0,True,7.586842872326045e-05,0.5310369152183875,1.0,0.7737390769184821,accepted,SPEAKER_02
real,0.0,long_00000_5639-61-121,s3,gated_deflation,0,True,0.00014396216734769535,0.20779196364555597,1.0,0.8229255423672318,accepted,SPEAKER_00
real,0.0,long_00000_5639-61-121,s1,coarse_to_fine,0,False,6.615377652459825e-05,-0.4068781529929832,1.0,0.3347502113419215,margin,SPEAKER_01
real,0.0,long_00000_5639-61-121,s2,coarse_to_fine,0,True,7.586842872326045e-05,0.5469271218305791,1.0,0.4341705646202773,accepted,SPEAKER_02
real,0.0,long_00000_5639-61-121,s3,coarse_to_fine,0,False,0.00014396216734769535,-0.4124411240994722,1.0,0.4643061256168803,margin,SPEAKER_00
real,0.0,long_00000_5639-61-121,s1,coarse_to_fine,1,False,6.615377652459825e-05,-0.5116907167008116,1.0,0.3347502113419215,margin,SPEAKER_01
real,0.0,long_00000_5639-61-121,s2,coarse_to_fine,1,True,7.586842872326045e-05,0.7126619965120995,1.0,0.44006775434180656,accepted,SPEAKER_02
real,0.0,long_00000_5639-61-121,s3,coarse_to_fine,1,False,0.00014396216734769535,-0.41471564295083996,1.0,0.4643061256168803,margin,SPEAKER_00
real,200.0,long_00000_5639-61-121,s1,gated_deflation,0,True,6.835363559819082e-05,0.2798695698431967,1.0,0.7685098039368042,accepted,SPEAKER_01
real,200.0,long_00000_5639-61-121,s2,gated_deflation,0,True,7.887475336504035e-05,0.5312451270027623,1.0,0.7739024451826851,accepted,SPEAKER_02
real,200.0,long_00000_5639-61-121,s3,gated_deflation,0,True,0.00014085120077051845,0.20478526063104108,0.9996267661956811,0.8227620321056567,accepted,SPEAKER_00
real,200.0,long_00000_5639-61-121,s1,coarse_to_fine,0,False,6.835363559819082e-05,-0.4086626530622499,1.0,0.33634676656439494,margin,SPEAKER_01
real,200.0,long_00000_5639-61-121,s2,coarse_to_fine,0,True,7.887475336504035e-05,0.5189576068718562,1.0,0.5105603204175256,accepted,SPEAKER_02
real,200.0,long_00000_5639-61-121,s3,coarse_to_fine,0,False,0.00014085120077051845,-0.36771902902604925,1.0,0.45958075733436493,margin,SPEAKER_00
real,200.0,long_00000_5639-61-121,s1,coarse_to_fine,1,False,6.835363559819082e-05,-0.45080788726917176,1.0,0.33634676656439494,margin,SPEAKER_01
real,200.0,long_00000_5639-61-121,s2,coarse_to_fine,1,True,7.887475336504035e-05,0.6579454761328007,1.0,0.5131366208062579,accepted,SPEAKER_02
real,200.0,long_00000_5639-61-121,s3,coarse_to_fine,1,False,0.00014085120077051845,-0.45425668930077256,1.0,0.45958075733436493,margin,SPEAKER_00
real,400.0,long_00000_5639-61-121,s1,gated_deflation,0,True,7.106399380395537e-05,0.2735749014156581,1.0,0.7682448032613279,accepted,SPEAKER_01
real,400.0,long_00000_5639-61-121,s2,gated_deflation,0,True,7.806809654918973e-05,0.530646118564938,1.0,0.7737374183244999,accepted,SPEAKER_02
real,400.0,long_00000_5639-61-121,s3,gated_deflation,0,True,0.00014212825623129494,0.19966611397263728,0.9997233150317756,0.8228098019427843,accepted,SPEAKER_00
real,400.0,long_00000_5639-61-121,s1,coarse_to_fine,0,False,7.106399380395537e-05,-0.41279935449711375,1.0,0.3352182866560775,margin,SPEAKER_01
real,400.0,long_00000_5639-61-121,s2,coarse_to_fine,0,True,7.806809654918973e-05,0.5257567261117397,1.0,0.5095455085225372,accepted,SPEAKER_02
real,400.0,long_00000_5639-61-121,s3,coarse_to_fine,0,False,0.00014212825623129494,-0.22876637142170003,1.0,0.4532027497388859,margin,SPEAKER_00
real,400.0,long_00000_5639-61-121,s1,coarse_to_fine,1,False,7.106399380395537e-05,-0.450902455233305,1.0,0.3352182866560775,margin,SPEAKER_01
real,400.0,long_00000_5639-61-121,s2,coarse_to_fine,1,True,7.806809654918973e-05,0.6617701187957801,1.0,0.5128800389290428,accepted,SPEAKER_02
real,400.0,long_00000_5639-61-121,s3,coarse_to_fine,1,False,0.00014212825623129494,-0.32115168341070216,1.0,0.4532027497388859,margin,SPEAKER_00
real,800.0,long_00000_5639-61-121,s1,gated_deflation,0,True,7.445368926541384e-05,0.2684138691621913,1.0,0.7675598641578749,accepted,SPEAKER_01
real,800.0,long_00000_5639-61-121,s2,gated_deflation,0,True,7.768243824088772e-05,0.5376955066821922,1.0,0.7741586312293455,accepted,SPEAKER_02
real,800.0,long_00000_5639-61-121,s3,gated_deflation,0,True,0.00014535731059843587,0.19385276856407108,0.9768962180808548,0.8227745891251322,accepted,SPEAKER_00
real,800.0,long_00000_5639-61-121,s1,coarse_to_fine,0,False,7.445368926541384e-05,-0.414863894681869,1.0,0.33142962501694867,margin,SPEAKER_01
real,800.0,long_00000_5639-61-121,s2,coarse_to_fine,0,True,7.768243824088772e-05,0.527221878794423,1.0,0.5134422324505821,accepted,SPEAKER_02
real,800.0,long_00000_5639-61-121,s3,coarse_to_fine,0,False,0.00014535731059843587,-0.34204260025874744,0.9157446808510639,0.49042207417603567,margin,SPEAKER_00
real,800.0,long_00000_5639-61-121,s1,coarse_to_fine,1,False,7.445368926541384e-05,-0.44935409860330733,1.0,0.33142962501694867,margin,SPEAKER_01
real,800.0,long_00000_5639-61-121,s2,coarse_to_fine,1,True,7.768243824088772e-05,0.6632673239404987,1.0,0.5154044869460885,accepted,SPEAKER_02
real,800.0,long_00000_5639-61-121,s3,coarse_to_fine,1,False,0.00014535731059843587,-0.42482179777390305,0.9157446808510639,0.49042207417603567,margin,SPEAKER_00
oracle,0.0,long_00001_3729-2300-8230,s1,gated_deflation,0,True,0.0,0.6294714688352175,0.9976456876456876,0.7729448051193253,accepted,s1
oracle,0.0,long_00001_3729-2300-8230,s2,gated_deflation,0,True,0.0,0.40392964797574377,0.98393164717614,0.7065526399266921,accepted,s2
oracle,0.0,long_00001_3729-2300-8230,s3,gated_deflation,0,True,0.0,0.502982758669255,0.9798888594866367,0.6967578921568345,accepted,s3
oracle,0.0,long_00001_3729-2300-8230,s1,coarse_to_fine,0,True,0.0,0.17811335959719532,1.0,0.413943379311489,accepted,s1
oracle,0.0,long_00001_3729-2300-8230,s2,coarse_to_fine,0,True,0.0,0.2630656662968549,0.974640557466702,0.20718571993388082,accepted,s2
oracle,0.0,long_00001_3729-2300-8230,s3,coarse_to_fine,0,False,0.0,-0.22490156278360773,0.9840051747963894,0.3108471080525686,margin,s3
oracle,0.0,long_00001_3729-2300-8230,s1,coarse_to_fine,1,True,0.0,0.27789786845964526,1.0,0.41176243113295397,accepted,s1
oracle,0.0,long_00001_3729-2300-8230,s2,coarse_to_fine,1,True,0.0,0.39576383089014244,0.9745670518361707,0.18636978055119627,accepted,s2
oracle,0.0,long_00001_3729-2300-8230,s3,coarse_to_fine,1,False,0.0,-0.344086291989783,0.9840051747963894,0.3108471080525686,margin,s3
oracle,200.0,long_00001_3729-2300-8230,s1,gated_deflation,0,True,0.0,0.6254053027039783,0.9853952417498081,0.7729614528231428,accepted,s1
oracle,200.0,long_00001_3729-2300-8230,s2,gated_deflation,0,True,0.0,0.4016421359872178,0.9822761472546502,0.7075498448376856,accepted,s2
oracle,200.0,long_00001_3729-2300-8230,s3,gated_deflation,0,True,0.0,0.5082486124811691,0.9745139635581646,0.6965914948930427,accepted,s3
oracle,200.0,long_00001_3729-2300-8230,s1,coarse_to_fine,0,True,0.0,0.18574417487827954,0.9853952417498081,0.41824731898617035,accepted,s1
oracle,200.0,long_00001_3729-2300-8230,s2,coarse_to_fine,0,True,0.0,0.25858337109148144,0.9749789311557351,0.21139729917895644,accepted,s2
oracle,200.0,long_00001_3729-2300-8230,s3,coarse_to_fine,0,False,0.0,-0.20207144636625263,0.9803696492400685,0.3087935689626336,margin,s3
oracle,200.0,long_00001_3729-2300-8230,s1,coarse_to_fine,1,True,0.0,0.2793016612174455,0.9853952417498081,0.41650596462765427,accepted,s1
oracle,200.0,long_00001_3729-2300-8230,s2,coarse_to_fine,1,True,0.0,0.3963084966649745,0.9748772194937665,0.19023505011177558,accepted,s2
oracle,200.0,long_00001_3729-2300-8230,s3,coarse_to_fine,1,False,0.0,-0.33190568767948403,0.9803696492400685,0.3087935689626336,margin,s3
oracle,400.0,long_00001_3729-2300-8230,s1,gated_deflation,0,True,0.0,0.6343984354698676,0.9785443517816528,0.7729167748944107,accepted,s1
oracle,400.0,long_00001_3729-2300-8230,s2,gated_deflation,0,True,0.0,0.4108449557437396,0.974426872805594,0.7054790077986838,accepted,s2
oracle,400.0,long_00001_3729-2300-8230,s3,gated_deflation,0,True,0.0,0.4945319797524444,0.96823561517911,0.6967684054771605,accepted,s3
oracle,400.0,long_00001_3729-2300-8230,s1,coarse_to_fine,0,True,0.0,0.18418138051035043,0.9794541319181198,0.42022234358891164,accepted,s1
oracle,400.0,long_00001_3729-2300-8230,s2,coarse_to_fine,0,True,0.0,0.27591729299605794,0.9642498060957744,0.20778286293821602,accepted,s2
oracle,400.0,long_00001_3729-2300-8230,s3,coarse_to_fine,0,False,0.0,-0.22046293061901345,0.9801140444112493,0.31306081620553833,margin,s3
oracle,400.0,long_00001_3729-2300-8230,s1,coarse_to_fine,1,True,0.0,0.2806410608910469,0.9791357088703563,0.41576917534485364,accepted,s1
oracle,400.0,long_00001_3729-2300-8230,s2,coarse_to_fine,1,True,0.0,0.3987528572692661,0.9642282611818104,0.1882845540447757,accepted,s2
oracle,400.0,long_00001_3729-2300-8230,s3,coarse_to_fine,1,False,0.0,-0.3328614192232672,0.9801140444112493,0.31306081620553833,margin,s3
oracle,800.0,long_00001_3729-2300-8230,s1,gated_deflation,0,True,0.0,0.6303286578423126,0.9748260547742413,0.7728260081931524,accepted,s1
oracle,800.0,long_00001_3729-2300-8230,s2,gated_deflation,0,True,0.0,0.3980088949107947,0.9740473582567089,0.7065389637646846,accepted,s2
oracle,800.0,long_00001_3729-2300-8230,s3,gated_deflation,0,True,0.0,0.5076557872665688,0.968794754429811,0.6966894342221135,accepted,s3
oracle,800.0,long_00001_3729-2300-8230,s1,coarse_to_fine,0,True,0.0,0.24614884329557274,0.9748260547742413,0.41801643511958736,accepted,s1
oracle,800.0,long_00001_3729-2300-8230,s2,coarse_to_fine,0,True,0.0,0.27278647447096316,0.9624835022886187,0.21305772503288403,accepted,s2
oracle,800.0,long_00001_3729-2300-8230,s3,coarse_to_fine,0,False,0.0,-0.1656485380102618,0.9805888629917722,0.30790784044872405,margin,s3
oracle,800.0,long_00001_3729-2300-8230,s1,coarse_to_fine,1,True,0.0,0.3433847005686806,0.9742264988897114,0.4108299548174805,accepted,s1
oracle,800.0,long_00001_3729-2300-8230,s2,coarse_to_fine,1,True,0.0,0.4011523623809127,0.9630802280194322,0.1940168444327373,accepted,s2
oracle,800.0,long_00001_3729-2300-8230,s3,coarse_to_fine,1,False,0.0,-0.29462159161949286,0.9805888629917722,0.30790784044872405,margin,s3
real,0.0,long_00001_3729-2300-8230,s1,gated_deflation,0,True,6.971299810599987e-05,0.5534367030162848,0.9986623953240038,0.7963464252755318,accepted,SPEAKER_02
real,0.0,long_00001_3729-2300-8230,s2,gated_deflation,0,True,5.354640335792748e-05,0.5021349728904962,0.9893059952761445,0.7189317089340304,accepted,SPEAKER_00
real,0.0,long_00001_3729-2300-8230,s3,gated_deflation,0,True,8.950516368376608e-05,0.45201219503249235,0.9853124289934105,0.7013783769995351,accepted,SPEAKER_01
real,0.0,long_00001_3729-2300-8230,s1,coarse_to_fine,0,True,6.971299810599987e-05,0.38085636870424816,1.0,0.37598778916559433,accepted,SPEAKER_02
real,0.0,long_00001_3729-2300-8230,s2,coarse_to_fine,0,True,5.354640335792748e-05,0.3619280108555991,0.9914594481166719,0.19810344996310436,accepted,SPEAKER_00
real,0.0,long_00001_3729-2300-8230,s3,coarse_to_fine,0,False,8.950516368376608e-05,-0.3553590300856855,0.9820375616409611,0.23101336028382866,margin,SPEAKER_01
real,0.0,long_00001_3729-2300-8230,s1,coarse_to_fine,1,True,6.971299810599987e-05,0.618755128980741,1.0,0.3875110813241318,accepted,SPEAKER_02
real,0.0,long_00001_3729-2300-8230,s2,coarse_to_fine,1,True,5.354640335792748e-05,0.5299572637184728,0.991375511488826,0.16995914370625292,accepted,SPEAKER_00
real,0.0,long_00001_3729-2300-8230,s3,coarse_to_fine,1,False,8.950516368376608e-05,-0.5304700103517476,0.9820375616409611,0.23101336028382866,margin,SPEAKER_01
real,200.0,long_00001_3729-2300-8230,s1,gated_deflation,0,True,6.999157548233158e-05,0.6315149240995511,0.9979150377899401,0.7964699230414282,accepted,SPEAKER_02
real,200.0,long_00001_3729-2300-8230,s2,gated_deflation,0,True,7.31644460852962e-05,0.49268561685754075,0.9937660278826875,0.7237999362319745,accepted,SPEAKER_00
real,200.0,long_00001_3729-2300-8230,s3,gated_deflation,0,True,0.00010074303041026686,0.4521485981883075,0.9593602201393069,0.700247599384888,accepted,SPEAKER_01
real,200.0,long_00001_3729-2300-8230,s1,coarse_to_fine,0,True,6.999157548233158e-05,0.4591050137084631,1.0,0.3743233321658905,accepted,SPEAKER_02
real,200.0,long_00001_3729-2300-8230,s2,coarse_to_fine,0,True,7.31644460852962e-05,0.3486322377913079,0.9915224005875564,0.20446118093464338,accepted,SPEAKER_00
real,200.0,long_00001_3729-2300-8230,s3,coarse_to_fine,0,False,0.00010074303041026686,-0.3279358653390714,0.982774555107659,0.21624062770763017,margin,SPEAKER_01
real,200.0,long_00001_3729-2300-8230,s1,coarse_to_fine,1,True,6.999157548233158e-05,0.6486329993299631,1.0,0.38382037586595075,accepted,SPEAKER_02
real,200.0,long_00001_3729-2300-8230,s2,coarse_to_fine,1,True,7.31644460852962e-05,0.529856988686141,0.991375511488826,0.17632821532979126,accepted,SPEAKER_00
real,200.0,long_00001_3729-2300-8230,s3,coarse_to_fine,1,False,0.00010074303041026686,-0.51516175922678,0.982774555107659,0.21624062770763017,margin,SPEAKER_01
real,400.0,long_00001_3729-2300-8230,s1,gated_deflation,0,True,7.25455633439458e-05,0.5926579241658463,0.9980342516753536,0.79300986901711,accepted,SPEAKER_02
real,400.0,long_00001_3729-2300-8230,s2,gated_deflation,0,True,8.761295637464476e-05,0.36848139554188025,0.9904180991460575,0.7235751450617871,accepted,SPEAKER_00
real,400.0,long_00001_3729-2300-8230,s3,gated_deflation,0,True,0.0,0.533035638602922,0.9950047319260996,0.714770869488167,accepted,SPEAKER_01
real,400.0,long_00001_3729-2300-8230,s1,coarse_to_fine,0,True,7.25455633439458e-05,0.4366858530266025,1.0,0.3719374732403617,accepted,SPEAKER_02
real,400.0,long_00001_3729-2300-8230,s2,coarse_to_fine,0,True,8.761295637464476e-05,0.5126542707074182,1.0,0.24323556034267568,accepted,SPEAKER_00
real,400.0,long_00001_3729-2300-8230,s3,coarse_to_fine,0,False,0.0,-0.1342470930882571,1.0,0.3057232243269625,margin,SPEAKER_01
real,400.0,long_00001_3729-2300-8230,s1,coarse_to_fine,1,True,7.25455633439458e-05,0.6321238477474533,1.0,0.3824135099379273,accepted,SPEAKER_02
real,400.0,long_00001_3729-2300-8230,s2,coarse_to_fine,1,True,8.761295637464476e-05,0.6401174849834226,1.0,0.23255086899160216,accepted,SPEAKER_00
real,400.0,long_00001_3729-2300-8230,s3,coarse_to_fine,1,False,0.0,-0.16428268798121548,1.0,0.3057232243269625,margin,SPEAKER_01
real,800.0,long_00001_3729-2300-8230,s1,gated_deflation,0,True,6.5440409231705e-05,0.5673993624465019,0.9637471079843241,0.7932569415966967,accepted,SPEAKER_02
real,800.0,long_00001_3729-2300-8230,s2,gated_deflation,0,True,2.059187371341246e-05,0.4321565921188474,0.9766593665768194,0.7171456113066613,accepted,SPEAKER_00
real,800.0,long_00001_3729-2300-8230,s3,gated_deflation,0,True,0.0,0.5093590617758783,0.9904564975345952,0.7147255953864352,accepted,SPEAKER_01
real,800.0,long_00001_3729-2300-8230,s1,coarse_to_fine,0,True,6.5440409231705e-05,0.49840383414621114,1.0,0.35151609445372073,accepted,SPEAKER_02
real,800.0,long_00001_3729-2300-8230,s2,coarse_to_fine,0,True,2.059187371341246e-05,0.5107685141743815,1.0,0.24164378861140567,accepted,SPEAKER_00
real,800.0,long_00001_3729-2300-8230,s3,coarse_to_fine,0,False,0.0,-0.17379824843624536,0.9888123423248593,0.31218877082537694,margin,SPEAKER_01
real,800.0,long_00001_3729-2300-8230,s1,coarse_to_fine,1,True,6.5440409231705e-05,0.6552792523284692,1.0,0.36390868141038724,accepted,SPEAKER_02
real,800.0,long_00001_3729-2300-8230,s2,coarse_to_fine,1,True,2.059187371341246e-05,0.627285207466165,1.0,0.2380276579913415,accepted,SPEAKER_00
real,800.0,long_00001_3729-2300-8230,s3,coarse_to_fine,1,False,0.0,-0.2049653169608503,0.9888123423248593,0.31218877082537694,margin,SPEAKER_01
oracle,0.0,long_00002_4077-237-2300,s1,gated_deflation,0,True,0.0,0.5032467029592427,1.0,0.7405644209649451,accepted,s1
oracle,0.0,long_00002_4077-237-2300,s2,gated_deflation,0,True,0.0,0.18598787735202182,0.9788154343112527,0.7851361748393484,accepted,s2
oracle,0.0,long_00002_4077-237-2300,s3,gated_deflation,0,True,0.0,0.4167860340516659,0.9782554978996788,0.7212392833731036,accepted,s3
oracle,0.0,long_00002_4077-237-2300,s1,coarse_to_fine,0,True,0.0,0.318110091786968,1.0,0.49136823314744077,accepted,s1
oracle,0.0,long_00002_4077-237-2300,s2,coarse_to_fine,0,True,0.0,0.15635864821815282,0.983159707518139,0.46871150022292685,accepted,s2
oracle,0.0,long_00002_4077-237-2300,s3,coarse_to_fine,0,True,0.0,0.40566243490526677,0.9752285643686681,0.24511087701391412,accepted,s3
oracle,0.0,long_00002_4077-237-2300,s1,coarse_to_fine,1,True,0.0,0.30055024739366465,1.0,0.49169603019170693,accepted,s1
oracle,0.0,long_00002_4077-237-2300,s2,coarse_to_fine,1,True,0.0,0.1326033012512674,0.9930337935123232,0.4650192675300541,accepted,s2
oracle,0.0,long_00002_4077-237-2300,s3,coarse_to_fine,1,True,0.0,0.5891816535737195,0.9789736224363726,0.26063166580813074,accepted,s3
oracle,200.0,long_00002_4077-237-2300,s1,gated_deflation,0,True,0.0,0.4965917870762228,1.0,0.7406934125958633,accepted,s1
oracle,200.0,long_00002_4077-237-2300,s2,gated_deflation,0,True,0.0,0.19112575002456278,0.9747109931921221,0.7847435163800565,accepted,s2
oracle,200.0,long_00002_4077-237-2300,s3,gated_deflation,0,True,0.0,0.4058632108613341,0.9752562850866487,0.7218591176113751,accepted,s3
oracle,200.0,long_00002_4077-237-2300,s1,coarse_to_fine,0,True,0.0,0.31167250316775075,1.0,0.49092734235703417,accepted,s1
oracle,200.0,long_00002_4077-237-2300,s2,coarse_to_fine,0,True,0.0,0.17294813648219454,0.9835152564138354,0.46292052452188914,accepted,s2
oracle,200.0,long_00002_4077-237-2300,s3,coarse_to_fine,0,True,0.0,0.4141475093085344,0.9755613863802782,0.2501603452828075,accepted,s3
oracle,200.0,long_00002_4077-237-2300,s1,coarse_to_fine,1,True,0.0,0.3009540877765393,1.0,0.49297145287338145,accepted,s1
oracle,200.0,long_00002_4077-237-2300,s2,coarse_to_fine,1,True,0.0,0.14529707404562697,0.9930697077133525,0.46257822466902865,accepted,s2
oracle,200.0,long_00002_4077-237-2300,s3,coarse_to_fine,1,True,0.0,0.5880556432185928,0.9792149743714913,0.2609071543848309,accepted,s3
oracle,400.0,long_00002_4077-237-2300,s1,gated_deflation,0,True,0.0,0.5075385382545203,1.0,0.7407884110930035,accepted,s1
oracle,400.0,long_00002_4077-237-2300,s2,gated_deflation,0,True,0.0,0.18410141243082817,0.9683884029569002,0.7851146566986409,accepted,s2
oracle,400.0,long_00002_4077-237-2300,s3,gated_deflation,0,True,0.0,0.4109349877859141,0.9716436580660719,0.7214120590304606,accepted,s3
oracle,400.0,long_00002_4077-237-2300,s1,coarse_to_fine,0,True,0.0,0.33203856423554495,1.0,0.48915440814611644,accepted,s1
oracle,400.0,long_00002_4077-237-2300,s2,coarse_to_fine,0,True,0.0,0.17666175229137704,0.9830278015515861,0.4647060681437062,accepted,s2
oracle,400.0,long_00002_4077-237-2300,s3,coarse_to_fine,0,True,0.0,0.4444768394882856,0.9758485049433325,0.24382739531831965,accepted,s3
oracle,400.0,long_00002_4077-237-2300,s1,coarse_to_fine,1,True,0.0,0.3127873764802227,1.0,0.4916153094715052,accepted,s1
oracle,400.0,long_00002_4077-237-2300,s2,coarse_to_fine,1,True,0.0,0.15251680553570768,0.9930703183236245,0.4643606919709368,accepted,s2
oracle,400.0,long_00002_4077-237-2300,s3,coarse_to_fine,1,True,0.0,0.6051956814423348,0.979495719797444,0.26067467859893767,accepted,s3
oracle,800.0,long_00002_4077-237-2300,s1,gated_deflation,0,True,0.0,0.4987777728478637,1.0,0.7408462788306689,accepted,s1
oracle,800.0,long_00002_4077-237-2300,s2,gated_deflation,0,True,0.0,0.1871221299793669,0.9568080341422877,0.7850308568774643,accepted,s2
oracle,800.0,long_00002_4077-237-2300,s3,gated_deflation,0,True,0.0,0.40449958355023863,0.9723922769013421,0.7213557705764979,accepted,s3
oracle,800.0,long_00002_4077-237-2300,s1,coarse_to_fine,0,True,0.0,0.3306113900752623,1.0,0.488197276164889,accepted,s1
oracle,800.0,long_00002_4077-237-2300,s2,coarse_to_fine,0,True,0.0,0.1896761609060631,0.9771075875854245,0.4638243084917308,accepted,s2
oracle,800.0,long_00002_4077-237-2300,s3,coarse_to_fine,0,True,0.0,0.45738989789104156,0.9764318931010125,0.2439272787916174,accepted,s3
oracle,800.0,long_00002_4077-237-2300,s1,coarse_to_fine,1,True,0.0,0.31085126625845594,1.0,0.4911826519572455,accepted,s1
oracle,800.0,long_00002_4077-237-2300,s2,coarse_to_fine,1,True,0.0,0.15852766989226608,0.9865954458280436,0.46415535819706105,accepted,s2
oracle,800.0,long_00002_4077-237-2300,s3,coarse_to_fine,1,True,0.0,0.6034772522670371,0.9799637979750412,0.25657166286086186,accepted,s3
real,0.0,long_00002_4077-237-2300,s1,gated_deflation,0,True,8.556522991362703e-05,0.40160228508272544,1.0,0.7396932554849236,accepted,SPEAKER_01
real,0.0,long_00002_4077-237-2300,s2,gated_deflation,0,True,7.029985186404625e-05,0.3197650786618177,0.9931677890011223,0.8039547410575809,accepted,SPEAKER_00
real,0.0,long_00002_4077-237-2300,s3,gated_deflation,0,True,3.695892652213014e-05,0.5163471068882802,0.9857567443987197,0.7314147097926671,accepted,SPEAKER_02
real,0.0,long_00002_4077-237-2300,s1,coarse_to_fine,0,True,8.556522991362703e-05,0.20708247128957635,1.0,0.5023032226844094,accepted,SPEAKER_01
real,0.0,long_00002_4077-237-2300,s2,coarse_to_fine,0,True,7.029985186404625e-05,0.3194578822881539,0.967175655187351,0.47496524152264996,accepted,SPEAKER_00
real,0.0,long_00002_4077-237-2300,s3,coarse_to_fine,0,True,3.695892652213014e-05,0.4190439380133405,0.9876259401163616,0.23585158644916895,accepted,SPEAKER_02
real,0.0,long_00002_4077-237-2300,s1,coarse_to_fine,1,True,8.556522991362703e-05,0.26339577702373285,1.0,0.4993797168296248,accepted,SPEAKER_01
real,0.0,long_00002_4077-237-2300,s2,coarse_to_fine,1,True,7.029985186404625e-05,0.23509267796661526,0.9891271388347411,0.47197839747488,accepted,SPEAKER_00
real,0.0,long_00002_4077-237-2300,s3,coarse_to_fine,1,True,3.695892652213014e-05,0.6521386230421342,0.9876259401163616,0.24414568619915128,accepted,SPEAKER_02
real,200.0,long_00002_4077-237-2300,s1,gated_deflation,0,True,0.0,0.5186428129987559,1.0,0.7407920051421905,accepted,SPEAKER_01
real,200.0,long_00002_4077-237-2300,s2,gated_deflation,0,True,6.999457874094245e-05,0.220068530388563,0.9913533920083691,0.8156665680978779,accepted,SPEAKER_00
real,200.0,long_00002_4077-237-2300,s3,gated_deflation,0,True,3.695892652213014e-05,0.44109593072110875,0.9822574410514109,0.7299682299660504,accepted,SPEAKER_02
real,200.0,long_00002_4077-237-2300,s1,coarse_to_fine,0,True,0.0,0.3075349902407543,1.0,0.49069048327071096,accepted,SPEAKER_01
real,200.0,long_00002_4077-237-2300,s2,coarse_to_fine,0,True,6.999457874094245e-05,0.2513786326794454,0.9671973142733377,0.47492289730994763,accepted,SPEAKER_00
real,200.0,long_00002_4077-237-2300,s3,coarse_to_fine,0,True,3.695892652213014e-05,0.4411548284969864,0.975322383602552,0.23736037006884117,accepted,SPEAKER_02
real,200.0,long_00002_4077-237-2300,s1,coarse_to_fine,1,True,0.0,0.32280025162685255,1.0,0.48903035460274447,accepted,SPEAKER_01
real,200.0,long_00002_4077-237-2300,s2,coarse_to_fine,1,True,6.999457874094245e-05,0.20974827505766314,0.9891379683777345,0.47189033962490556,accepted,SPEAKER_00
real,200.0,long_00002_4077-237-2300,s3,coarse_to_fine,1,True,3.695892652213014e-05,0.6621334475416483,0.9879462467761639,0.24693436942612143,accepted,SPEAKER_02
real,400.0,long_00002_4077-237-2300,s1,gated_deflation,0,True,0.0,0.5175563863207029,1.0,0.741043024373165,accepted,SPEAKER_01
real,400.0,long_00002_4077-237-2300,s2,gated_deflation,0,True,7.024751694986484e-05,0.21928497863859914,0.9913864599296854,0.8156903087826628,accepted,SPEAKER_00
real,400.0,long_00002_4077-237-2300,s3,gated_deflation,0,True,3.695892652213014e-05,0.43530176275727644,0.9843389946231971,0.729171214336158,accepted,SPEAKER_02
real,400.0,long_00002_4077-237-2300,s1,coarse_to_fine,0,True,0.0,0.3313406782893696,1.0,0.4908872918706185,accepted,SPEAKER_01
real,400.0,long_00002_4077-237-2300,s2,coarse_to_fine,0,True,7.024751694986484e-05,0.24710926540251166,0.9672081438163309,0.4745294058001124,accepted,SPEAKER_00
real,400.0,long_00002_4077-237-2300,s3,coarse_to_fine,0,True,3.695892652213014e-05,0.4588909350089559,0.9763496812800833,0.24274758753513648,accepted,SPEAKER_02
real,400.0,long_00002_4077-237-2300,s1,coarse_to_fine,1,True,0.0,0.3309943993031933,1.0,0.4925807938606116,accepted,SPEAKER_01
real,400.0,long_00002_4077-237-2300,s2,coarse_to_fine,1,True,7.024751694986484e-05,0.21543876036697784,0.9891704570067144,0.47195871616406965,accepted,SPEAKER_00
real,400.0,long_00002_4077-237-2300,s3,coarse_to_fine,1,True,3.695892652213014e-05,0.651847106514621,0.9884740470924939,0.2508371664408695,accepted,SPEAKER_02
real,800.0,long_00002_4077-237-2300,s1,gated_deflation,0,True,0.0,0.5227143625745272,1.0,0.7413574992704167,accepted,SPEAKER_01
real,800.0,long_00002_4077-237-2300,s2,gated_deflation,0,True,7.109718525155155e-05,0.21622625445290755,0.9912634792348407,0.8154917281282892,accepted,SPEAKER_00
real,800.0,long_00002_4077-237-2300,s3,gated_deflation,0,True,3.695892652213014e-05,0.4274238571392163,0.9853749900374592,0.7283750714223447,accepted,SPEAKER_02
real,800.0,long_00002_4077-237-2300,s1,coarse_to_fine,0,True,0.0,0.348008585111185,1.0,0.48963688384316556,accepted,SPEAKER_01
real,800.0,long_00002_4077-237-2300,s2,coarse_to_fine,0,True,7.109718525155155e-05,0.2531123304811632,0.9671973142733377,0.47202282007791135,accepted,SPEAKER_00
real,800.0,long_00002_4077-237-2300,s3,coarse_to_fine,0,True,3.695892652213014e-05,0.4066918912670851,0.9893069540128364,0.23043553470344136,accepted,SPEAKER_02
real,800.0,long_00002_4077-237-2300,s1,coarse_to_fine,1,True,0.0,0.33941302215526137,1.0,0.4920475255703618,accepted,SPEAKER_01
real,800.0,long_00002_4077-237-2300,s2,coarse_to_fine,1,True,7.109718525155155e-05,0.2220804084821978,0.9891054797487546,0.47006952010323244,accepted,SPEAKER_00
real,800.0,long_00002_4077-237-2300,s3,coarse_to_fine,1,True,3.695892652213014e-05,0.6030533181499758,0.9949125596184419,0.24519733159297039,accepted,SPEAKER_02
oracle,0.0,long_00003_4507-7176-8455,s1,gated_deflation,0,True,0.0,0.5823682737476975,0.9737666578413203,0.7327171265959738,accepted,s1
oracle,0.0,long_00003_4507-7176-8455,s2,gated_deflation,0,True,0.0,0.33980347551708984,0.9831837887645202,0.7254686776762638,accepted,s2
oracle,0.0,long_00003_4507-7176-8455,s3,gated_deflation,0,True,0.0,0.658841572174892,0.9688741927471436,0.7371022983619271,accepted,s3
oracle,0.0,long_00003_4507-7176-8455,s1,coarse_to_fine,0,False,0.0,0.010028212700510575,0.9737666578413203,0.3689250698048375,margin,s1
oracle,0.0,long_00003_4507-7176-8455,s2,coarse_to_fine,0,True,0.0,0.6189387225841639,0.9377371811843614,0.33577003706370573,accepted,s2
oracle,0.0,long_00003_4507-7176-8455,s3,coarse_to_fine,0,True,0.0,0.13977467800094073,0.9775366368604074,0.3011181655638941,accepted,s3
oracle,0.0,long_00003_4507-7176-8455,s1,coarse_to_fine,1,False,0.0,0.00861970796306677,0.9737666578413203,0.3689250698048375,margin,s1
oracle,0.0,long_00003_4507-7176-8455,s2,coarse_to_fine,1,True,0.0,0.5215847840285577,0.9588297590680435,0.36409249349836803,accepted,s2
oracle,0.0,long_00003_4507-7176-8455,s3,coarse_to_fine,1,True,0.0,0.2720570801657598,0.9831485966219573,0.33164710454192675,accepted,s3
oracle,200.0,long_00003_4507-7176-8455,s1,gated_deflation,0,True,0.0,0.5823837484007175,0.97404268310412,0.7328189266155463,accepted,s1
oracle,200.0,long_00003_4507-7176-8455,s2,gated_deflation,0,True,0.0,0.34079304790397535,0.9817726601095506,0.727092885216542,accepted,s2
oracle,200.0,long_00003_4507-7176-8455,s3,gated_deflation,0,True,0.0,0.6581436313540393,0.9693250122669284,0.7374462998662222,accepted,s3
oracle,200.0,long_00003_4507-7176-8455,s1,coarse_to_fine,0,False,0.0,0.04613168091080183,0.97404268310412,0.3704576925422271,margin,s1
oracle,200.0,long_00003_4507-7176-8455,s2,coarse_to_fine,0,True,0.0,0.6255878031657827,0.9441310731834966,0.3396946433423829,accepted,s2
oracle,200.0,long_00003_4507-7176-8455,s3,coarse_to_fine,0,True,0.0,0.13723177979113077,0.9777125245338567,0.3000592005167611,accepted,s3
oracle,200.0,long_00003_4507-7176-8455,s1,coarse_to_fine,1,False,0.0,0.04119251889638509,0.97404268310412,0.3704576925422271,margin,s1
oracle,200.0,long_00003_4507-7176-8455,s2,coarse_to_fine,1,True,0.0,0.526238616178832,0.9618454336638269,0.36415043760306076,accepted,s2
oracle,200.0,long_00003_4507-7176-8455,s3,coarse_to_fine,1,True,0.0,0.28626701768286567,0.9833169774288518,0.3303550750037244,accepted,s3
oracle,400.0,long_00003_4507-7176-8455,s1,gated_deflation,0,True,0.0,0.5836481948552394,0.9743626591555773,0.7326840985877181,accepted,s1
oracle,400.0,long_00003_4507-7176-8455,s2,gated_deflation,0,True,0.0,0.335654739776214,0.9820246014070589,0.7270588608519848,accepted,s2
oracle,400.0,long_00003_4507-7176-8455,s3,gated_deflation,0,True,0.0,0.6589863518651656,0.9611079132331556,0.7374231809082583,accepted,s3
oracle,400.0,long_00003_4507-7176-8455,s1,coarse_to_fine,0,False,0.0,0.059120055969693774,0.9743626591555773,0.36673415908354895,margin,s1
oracle,400.0,long_00003_4507-7176-8455,s2,coarse_to_fine,0,True,0.0,0.6286015185243922,0.9448380421349122,0.33773500227603986,accepted,s2
oracle,400.0,long_00003_4507-7176-8455,s3,coarse_to_fine,0,True,0.0,0.1418370097232587,0.9779826102762966,0.2997730853215832,accepted,s3
oracle,400.0,long_00003_4507-7176-8455,s1,coarse_to_fine,1,False,0.0,0.05941980388122925,0.9743626591555773,0.36673415908354895,margin,s1
oracle,400.0,long_00003_4507-7176-8455,s2,coarse_to_fine,1,True,0.0,0.5322615274704492,0.962370304371569,0.36272393275757264,accepted,s2
oracle,400.0,long_00003_4507-7176-8455,s3,coarse_to_fine,1,True,0.0,0.2924865607734366,0.9835191468734852,0.3307752239718335,accepted,s3
oracle,800.0,long_00003_4507-7176-8455,s1,gated_deflation,0,True,0.0,0.5847766896766763,0.9749318686258533,0.732399105320784,accepted,s1
oracle,800.0,long_00003_4507-7176-8455,s2,gated_deflation,0,True,0.0,0.3293744196633645,0.9824029913113644,0.7262692949842028,accepted,s2
oracle,800.0,long_00003_4507-7176-8455,s3,gated_deflation,0,True,0.0,0.6651708971927397,0.9383208116422148,0.7371389078629235,accepted,s3
oracle,800.0,long_00003_4507-7176-8455,s1,coarse_to_fine,0,True,0.0,0.12179508028111746,0.9749318686258533,0.3624540821800567,accepted,s1
oracle,800.0,long_00003_4507-7176-8455,s2,coarse_to_fine,0,True,0.0,0.6307617980098288,0.9460287135110836,0.33403999684261576,accepted,s2
oracle,800.0,long_00003_4507-7176-8455,s3,coarse_to_fine,0,True,0.0,0.1661110206347441,0.9540863109323237,0.30185714115280554,accepted,s3
oracle,800.0,long_00003_4507-7176-8455,s1,coarse_to_fine,1,True,0.0,0.3477085613127978,0.9607577332621583,0.3777468800176874,accepted,s1
oracle,800.0,long_00003_4507-7176-8455,s2,coarse_to_fine,1,True,0.0,0.5404184831951846,0.9628438176045852,0.3589899503948068,accepted,s2
oracle,800.0,long_00003_4507-7176-8455,s3,coarse_to_fine,1,True,0.0,0.306870676516696,0.95980241362991,0.33238432210926383,accepted,s3
real,0.0,long_00003_4507-7176-8455,s1,gated_deflation,0,True,6.694671496102066e-05,0.5486591583462479,0.9108129801628254,0.7747906244144531,accepted,SPEAKER_01
real,0.0,long_00003_4507-7176-8455,s2,gated_deflation,0,True,0.00025416256497575953,0.3119489362576825,0.9400167084377611,0.7346636028214902,accepted,SPEAKER_02
real,0.0,long_00003_4507-7176-8455,s3,gated_deflation,0,True,3.4976217703335656e-05,0.6249081509334791,0.9931384015594542,0.7503491801974863,accepted,SPEAKER_00
real,0.0,long_00003_4507-7176-8455,s1,coarse_to_fine,0,False,6.694671496102066e-05,0.08360366746321263,0.9605501266739052,0.3565487245230804,margin,SPEAKER_01
real,0.0,long_00003_4507-7176-8455,s2,coarse_to_fine,0,True,0.00025416256497575953,0.4802278657243993,0.9315856322715034,0.3433479058149011,accepted,SPEAKER_02
real,0.0,long_00003_4507-7176-8455,s3,coarse_to_fine,0,True,3.4976217703335656e-05,0.36179904344525504,1.0,0.2846580893983161,accepted,SPEAKER_00
real,0.0,long_00003_4507-7176-8455,s1,coarse_to_fine,1,False,6.694671496102066e-05,0.03499491514082509,0.9605501266739052,0.3565487245230804,margin,SPEAKER_01
real,0.0,long_00003_4507-7176-8455,s2,coarse_to_fine,1,True,0.00025416256497575953,0.5950365287481598,0.9462988365594676,0.36480764954599204,accepted,SPEAKER_02
real,0.0,long_00003_4507-7176-8455,s3,coarse_to_fine,1,True,3.4976217703335656e-05,0.48528481117559374,1.0,0.30622407200465607,accepted,SPEAKER_00
real,200.0,long_00003_4507-7176-8455,s1,gated_deflation,0,True,6.52080604350371e-05,0.5442434736400263,0.9599256840445896,0.7744403611435321,accepted,SPEAKER_01
real,200.0,long_00003_4507-7176-8455,s2,gated_deflation,0,True,0.0,0.42254822446495316,0.9496692763115092,0.7372440003082784,accepted,SPEAKER_02
real,200.0,long_00003_4507-7176-8455,s3,gated_deflation,0,True,3.4976217703335656e-05,0.6236233022967383,0.9704292411368298,0.7444287926264396,accepted,SPEAKER_00
real,200.0,long_00003_4507-7176-8455,s1,coarse_to_fine,0,False,6.52080604350371e-05,0.024521157333032284,0.9605752160018937,0.3544910458287907,margin,SPEAKER_01
real,200.0,long_00003_4507-7176-8455,s2,coarse_to_fine,0,True,0.0,0.5703538557608646,0.9325201219817028,0.33781226117009855,accepted,SPEAKER_02
real,200.0,long_00003_4507-7176-8455,s3,coarse_to_fine,0,True,3.4976217703335656e-05,0.436578562958324,1.0,0.28243133398837544,accepted,SPEAKER_00
real,200.0,long_00003_4507-7176-8455,s1,coarse_to_fine,1,False,6.52080604350371e-05,0.011173991960627738,0.9605752160018937,0.3544910458287907,margin,SPEAKER_01
real,200.0,long_00003_4507-7176-8455,s2,coarse_to_fine,1,True,0.0,0.6693889359099388,0.9476378543218518,0.3634464557801064,accepted,SPEAKER_02
real,200.0,long_00003_4507-7176-8455,s3,coarse_to_fine,1,True,3.4976217703335656e-05,0.5705010030520503,1.0,0.302423132775786,accepted,SPEAKER_00
real,400.0,long_00003_4507-7176-8455,s1,gated_deflation,0,True,6.87012796298694e-05,0.5457750282553009,0.9503373520628249,0.7750222161597808,accepted,SPEAKER_01
real,400.0,long_00003_4507-7176-8455,s2,gated_deflation,0,True,0.0,0.4213205199578865,0.949183499407127,0.7381561719674713,accepted,SPEAKER_02
real,400.0,long_00003_4507-7176-8455,s3,gated_deflation,0,True,3.4976217703335656e-05,0.6228375194957183,0.9474813174647108,0.7446224374259527,accepted,SPEAKER_00
real,400.0,long_00003_4507-7176-8455,s1,coarse_to_fine,0,False,6.87012796298694e-05,0.07341579514133711,0.9610988500406551,0.3568747318501517,margin,SPEAKER_01
real,400.0,long_00003_4507-7176-8455,s2,coarse_to_fine,0,True,0.0,0.5974687794778512,0.9464843603671099,0.33948127633686626,accepted,SPEAKER_02
real,400.0,long_00003_4507-7176-8455,s3,coarse_to_fine,0,True,3.4976217703335656e-05,0.4798725201632629,1.0,0.28770911661826715,accepted,SPEAKER_00
real,400.0,long_00003_4507-7176-8455,s1,coarse_to_fine,1,False,6.87012796298694e-05,0.07023497685545138,0.9610988500406551,0.3568747318501517,margin,SPEAKER_01
real,400.0,long_00003_4507-7176-8455,s2,coarse_to_fine,1,True,0.0,0.661642017180241,0.9643678591496535,0.3631732381082344,accepted,SPEAKER_02
real,400.0,long_00003_4507-7176-8455,s3,coarse_to_fine,1,True,3.4976217703335656e-05,0.5823606373015631,1.0,0.3089238601886836,accepted,SPEAKER_00
real,800.0,long_00003_4507-7176-8455,s1,gated_deflation,0,True,6.497545180991447e-05,0.5522134033797208,0.951767973507104,0.7751226305014666,accepted,SPEAKER_01
real,800.0,long_00003_4507-7176-8455,s2,gated_deflation,0,True,0.0,0.4156780961662133,0.9473080586006363,0.7383506415978353,accepted,SPEAKER_02
real,800.0,long_00003_4507-7176-8455,s3,gated_deflation,0,True,3.4976217703335656e-05,0.6230316239583917,0.9354311215349034,0.7442469688704625,accepted,SPEAKER_00
real,800.0,long_00003_4507-7176-8455,s1,coarse_to_fine,0,True,6.497545180991447e-05,0.13738622068626322,0.962257811625042,0.3454188660413031,accepted,SPEAKER_01
real,800.0,long_00003_4507-7176-8455,s2,coarse_to_fine,0,True,0.0,0.5983605903080761,0.9516151454179623,0.33906080812092787,accepted,SPEAKER_02
real,800.0,long_00003_4507-7176-8455,s3,coarse_to_fine,0,True,3.4976217703335656e-05,0.28302134025144704,0.9843288375080282,0.28900618296791275,accepted,SPEAKER_00
real,800.0,long_00003_4507-7176-8455,s1,coarse_to_fine,1,True,6.497545180991447e-05,0.3892326244854141,0.959009967521559,0.3636267390138302,accepted,SPEAKER_01
real,800.0,long_00003_4507-7176-8455,s2,coarse_to_fine,1,True,0.0,0.5772025994124353,0.9617779403694897,0.36226369368817546,accepted,SPEAKER_02
real,800.0,long_00003_4507-7176-8455,s3,coarse_to_fine,1,True,3.4976217703335656e-05,0.3680408997740784,0.9868407906943553,0.3226373044591224,accepted,SPEAKER_00
oracle,0.0,long_00004_5639-61-1089,s1,gated_deflation,0,True,0.0,0.2934614270882245,1.0,0.7487324319379761,accepted,s1
oracle,0.0,long_00004_5639-61-1089,s2,gated_deflation,0,True,0.0,0.3518428722314639,1.0,0.7564529501612256,accepted,s2
oracle,0.0,long_00004_5639-61-1089,s3,gated_deflation,0,True,0.0,0.2760995961699244,1.0,0.7426669466152054,accepted,s3
oracle,0.0,long_00004_5639-61-1089,s1,coarse_to_fine,0,False,0.0,-0.5195810390614007,1.0,0.3790800621536016,margin,s1
oracle,0.0,long_00004_5639-61-1089,s2,coarse_to_fine,0,True,0.0,0.22340035687001203,1.0,0.4646864247945976,accepted,s2
oracle,0.0,long_00004_5639-61-1089,s3,coarse_to_fine,0,False,0.0,-0.1597782570739551,1.0,0.3964243663148541,margin,s3
oracle,0.0,long_00004_5639-61-1089,s1,coarse_to_fine,1,False,0.0,-0.5418680081828662,1.0,0.3790800621536016,margin,s1
oracle,0.0,long_00004_5639-61-1089,s2,coarse_to_fine,1,True,0.0,0.3924515423192292,1.0,0.4799972410518623,accepted,s2
oracle,0.0,long_00004_5639-61-1089,s3,coarse_to_fine,1,False,0.0,-0.291278167264449,1.0,0.3964243663148541,margin,s3
oracle,200.0,long_00004_5639-61-1089,s1,gated_deflation,0,True,0.0,0.29688009404304033,1.0,0.7486143249178049,accepted,s1
oracle,200.0,long_00004_5639-61-1089,s2,gated_deflation,0,True,0.0,0.3546737423285665,1.0,0.7567502808934642,accepted,s2
oracle,200.0,long_00004_5639-61-1089,s3,gated_deflation,0,True,0.0,0.27815563101864527,1.0,0.7430199572135984,accepted,s3
oracle,200.0,long_00004_5639-61-1089,s1,coarse_to_fine,0,False,0.0,-0.5071007714688389,1.0,0.3754608199165166,margin,s1
oracle,200.0,long_00004_5639-61-1089,s2,coarse_to_fine,0,True,0.0,0.22394971063983327,1.0,0.4632588125349599,accepted,s2
oracle,200.0,long_00004_5639-61-1089,s3,coarse_to_fine,0,False,0.0,-0.1530872247420375,1.0,0.3991315786385893,margin,s3
oracle,200.0,long_00004_5639-61-1089,s1,coarse_to_fine,1,False,0.0,-0.5300613735786734,1.0,0.3754608199165166,margin,s1
oracle,200.0,long_00004_5639-61-1089,s2,coarse_to_fine,1,True,0.0,0.3935874682918019,1.0,0.4767076851684002,accepted,s2
oracle,200.0,long_00004_5639-61-1089,s3,coarse_to_fine,1,False,0.0,-0.2860790342043781,1.0,0.3991315786385893,margin,s3
oracle,400.0,long_00004_5639-61-1089,s1,gated_deflation,0,True,0.0,0.3021943860708074,1.0,0.7487510592902659,accepted,s1
oracle,400.0,long_00004_5639-61-1089,s2,gated_deflation,0,True,0.0,0.3492788330641554,1.0,0.7565708148064499,accepted,s2
oracle,400.0,long_00004_5639-61-1089,s3,gated_deflation,0,True,0.0,0.28250922927487965,0.9924274907353526,0.7427726570449218,accepted,s3
oracle,400.0,long_00004_5639-61-1089,s1,coarse_to_fine,0,False,0.0,-0.47152849639724526,1.0,0.3766721947041137,margin,s1
oracle,400.0,long_00004_5639-61-1089,s2,coarse_to_fine,0,True,0.0,0.21723753153744818,1.0,0.459752218217426,accepted,s2
oracle,400.0,long_00004_5639-61-1089,s3,coarse_to_fine,0,False,0.0,-0.1437027325633109,1.0,0.3957935126664839,margin,s3
oracle,400.0,long_00004_5639-61-1089,s1,coarse_to_fine,1,False,0.0,-0.494295190415579,1.0,0.3766721947041137,margin,s1
oracle,400.0,long_00004_5639-61-1089,s2,coarse_to_fine,1,True,0.0,0.3928416822144817,1.0,0.47498443241748456,accepted,s2
oracle,400.0,long_00004_5639-61-1089,s3,coarse_to_fine,1,False,0.0,-0.279274126353806,1.0,0.3957935126664839,margin,s3
oracle,800.0,long_00004_5639-61-1089,s1,gated_deflation,0,True,0.0,0.30393588043742137,0.9959659558311713,0.7487051106064413,accepted,s1
oracle,800.0,long_00004_5639-61-1089,s2,gated_deflation,0,True,0.0,0.3530263104723322,1.0,0.7574510422754612,accepted,s2
oracle,800.0,long_00004_5639-61-1089,s3,gated_deflation,0,True,0.0,0.27534264391014196,0.9815252159875639,0.7428799296289592,accepted,s3
oracle,800.0,long_00004_5639-61-1089,s1,coarse_to_fine,0,False,0.0,-0.4327693278983716,0.9959659558311713,0.37831616463785334,margin,s1
oracle,800.0,long_00004_5639-61-1089,s2,coarse_to_fine,0,True,0.0,0.23641464997601025,1.0,0.4646256739220718,accepted,s2
oracle,800.0,long_00004_5639-61-1089,s3,coarse_to_fine,0,False,0.0,-0.14079104579616553,0.9879226331051388,0.3963885266518697,margin,s3
oracle,800.0,long_00004_5639-61-1089,s1,coarse_to_fine,1,False,0.0,-0.4538757071431346,0.9959659558311713,0.37831616463785334,margin,s1
oracle,800.0,long_00004_5639-61-1089,s2,coarse_to_fine,1,True,0.0,0.40189066613407953,1.0,0.47822226749755103,accepted,s2
oracle,800.0,long_00004_5639-61-1089,s3,coarse_to_fine,1,False,0.0,-0.2679185594398028,0.9879226331051388,0.3963885266518697,margin,s3
real,0.0,long_00004_5639-61-1089,s1,gated_deflation,0,True,0.0,0.4147612571272689,1.0,0.7858940937593714,accepted,SPEAKER_00
real,0.0,long_00004_5639-61-1089,s2,gated_deflation,0,True,5.639920551064065e-05,0.3556904175340298,0.9997478619373743,0.7712887996443271,accepted,SPEAKER_02
real,0.0,long_00004_5639-61-1089,s3,gated_deflation,0,True,4.7605091891082406e-05,0.24819759275827613,1.0,0.7581284217146456,accepted,SPEAKER_01
real,0.0,long_00004_5639-61-1089,s1,coarse_to_fine,0,False,0.0,-0.0978181532921068,1.0,0.3993835786304704,margin,SPEAKER_00
real,0.0,long_00004_5639-61-1089,s2,coarse_to_fine,0,True,5.639920551064065e-05,0.26286182395658475,1.0,0.409175261272055,accepted,SPEAKER_02
real,0.0,long_00004_5639-61-1089,s3,coarse_to_fine,0,False,4.7605091891082406e-05,-0.22151690461140572,1.0,0.36979378600355306,margin,SPEAKER_01
real,0.0,long_00004_5639-61-1089,s1,coarse_to_fine,1,False,0.0,-0.05530348933718793,1.0,0.3993835786304704,margin,SPEAKER_00
real,0.0,long_00004_5639-61-1089,s2,coarse_to_fine,1,True,5.639920551064065e-05,0.41543607721532927,1.0,0.4082255359472809,accepted,SPEAKER_02
real,0.0,long_00004_5639-61-1089,s3,coarse_to_fine,1,False,4.7605091891082406e-05,-0.3725241265672289,1.0,0.36979378600355306,margin,SPEAKER_01
real,200.0,long_00004_5639-61-1089,s1,gated_deflation,0,True,0.0,0.40898694139105224,1.0,0.7860121904274574,accepted,SPEAKER_00
real,200.0,long_00004_5639-61-1089,s2,gated_deflation,0,True,6.327588279481134e-05,0.35786965082844346,0.9717214790583563,0.7724275913482886,accepted,SPEAKER_02
real,200.0,long_00004_5639-61-1089,s3,gated_deflation,0,True,4.7605091891082406e-05,0.25042119154925613,1.0,0.7581302425768168,accepted,SPEAKER_01
real,200.0,long_00004_5639-61-1089,s1,coarse_to_fine,0,False,0.0,-0.09824527751740969,1.0,0.4008449656446095,margin,SPEAKER_00
real,200.0,long_00004_5639-61-1089,s2,coarse_to_fine,0,True,6.327588279481134e-05,0.23792498413531515,1.0,0.41019480456150065,accepted,SPEAKER_02
real,200.0,long_00004_5639-61-1089,s3,coarse_to_fine,0,False,4.7605091891082406e-05,-0.21287710697372553,1.0,0.3708358533015624,margin,SPEAKER_01
real,200.0,long_00004_5639-61-1089,s1,coarse_to_fine,1,False,0.0,-0.04760856255157242,1.0,0.4008449656446095,margin,SPEAKER_00
real,200.0,long_00004_5639-61-1089,s2,coarse_to_fine,1,True,6.327588279481134e-05,0.3942445348619762,1.0,0.4116421424214094,accepted,SPEAKER_02
real,200.0,long_00004_5639-61-1089,s3,coarse_to_fine,1,False,4.7605091891082406e-05,-0.3645422388254739,1.0,0.3708358533015624,margin,SPEAKER_01
real,400.0,long_00004_5639-61-1089,s1,gated_deflation,0,True,0.0,0.4292182836110277,1.0,0.7859877156924484,accepted,SPEAKER_00
real,400.0,long_00004_5639-61-1089,s2,gated_deflation,0,True,6.149565128874403e-05,0.3613342325468315,0.9657990379476216,0.7714207077985544,accepted,SPEAKER_02
real,400.0,long_00004_5639-61-1089,s3,gated_deflation,0,True,4.7605091891082406e-05,0.26038560984139436,0.9997501619320811,0.757947026085536,accepted,SPEAKER_01
real,400.0,long_00004_5639-61-1089,s1,coarse_to_fine,0,False,0.0,-0.08539346793038849,1.0,0.40064120214838567,margin,SPEAKER_00
real,400.0,long_00004_5639-61-1089,s2,coarse_to_fine,0,True,6.149565128874403e-05,0.41442261110286005,1.0,0.44434395046746283,accepted,SPEAKER_02
real,400.0,long_00004_5639-61-1089,s3,coarse_to_fine,0,False,4.7605091891082406e-05,-0.20710148992150956,1.0,0.3712512091559505,margin,SPEAKER_01
real,400.0,long_00004_5639-61-1089,s1,coarse_to_fine,1,False,0.0,-0.13536703388365467,1.0,0.40064120214838567,margin,SPEAKER_00
real,400.0,long_00004_5639-61-1089,s2,coarse_to_fine,1,True,6.149565128874403e-05,0.5366733718124211,1.0,0.45559743660317825,accepted,SPEAKER_02
real,400.0,long_00004_5639-61-1089,s3,coarse_to_fine,1,False,4.7605091891082406e-05,-0.25059181819293863,1.0,0.3712512091559505,margin,SPEAKER_01
real,800.0,long_00004_5639-61-1089,s1,gated_deflation,0,True,0.0,0.42382260492331736,1.0,0.7859008434059446,accepted,SPEAKER_00
real,800.0,long_00004_5639-61-1089,s2,gated_deflation,0,True,8.980524763350212e-05,0.37225075762535637,0.9700217233888486,0.7744864822143489,accepted,SPEAKER_02
real,800.0,long_00004_5639-61-1089,s3,gated_deflation,0,True,4.7605091891082406e-05,0.2419190468650647,0.9956637094768261,0.7576463848247212,accepted,SPEAKER_01
real,800.0,long_00004_5639-61-1089,s1,coarse_to_fine,0,False,0.0,-0.11556163853820389,1.0,0.40073614941448027,margin,SPEAKER_00
real,800.0,long_00004_5639-61-1089,s2,coarse_to_fine,0,True,8.980524763350212e-05,0.41616602828566157,1.0,0.47236606580011686,accepted,SPEAKER_02
real,800.0,long_00004_5639-61-1089,s3,coarse_to_fine,0,False,4.7605091891082406e-05,-0.13442505213634126,0.9934401123093612,0.41418230296985853,margin,SPEAKER_01
real,800.0,long_00004_5639-61-1089,s1,coarse_to_fine,1,False,0.0,-0.1540334129609181,1.0,0.40073614941448027,margin,SPEAKER_00
real,800.0,long_00004_5639-61-1089,s2,coarse_to_fine,1,True,8.980524763350212e-05,0.5444677504401428,1.0,0.48188734983181086,accepted,SPEAKER_02
real,800.0,long_00004_5639-61-1089,s3,coarse_to_fine,1,False,4.7605091891082406e-05,-0.20264494414362144,0.9934401123093612,0.41418230296985853,margin,SPEAKER_01
oracle,0.0,long_00005_3570-908-4507,s1,gated_deflation,0,True,0.0,0.4306679220857393,1.0,0.74940620607813,accepted,s1
oracle,0.0,long_00005_3570-908-4507,s2,gated_deflation,0,True,0.0,0.4207984093422154,0.9430300581149212,0.7232827936068161,accepted,s2
oracle,0.0,long_00005_3570-908-4507,s3,gated_deflation,0,True,0.0,0.3544989515898017,0.9169197762992961,0.7244761840642989,accepted,s3
oracle,0.0,long_00005_3570-908-4507,s1,coarse_to_fine,0,True,0.0,0.5517349762368702,1.0,0.2968356448610496,accepted,s1
oracle,0.0,long_00005_3570-908-4507,s2,coarse_to_fine,0,True,0.0,0.49338178189374965,0.9714046379326969,0.3916158065822822,accepted,s2
oracle,0.0,long_00005_3570-908-4507,s3,coarse_to_fine,0,True,0.0,0.317052782881198,0.8760847555684119,0.3373851475451591,accepted,s3
oracle,0.0,long_00005_3570-908-4507,s1,coarse_to_fine,1,True,0.0,0.6405700072320729,1.0,0.27150876877166064,accepted,s1
oracle,0.0,long_00005_3570-908-4507,s2,coarse_to_fine,1,True,0.0,0.5216124424212923,0.97512293896442,0.3996028247483179,accepted,s2
oracle,0.0,long_00005_3570-908-4507,s3,coarse_to_fine,1,True,0.0,0.4422974858681114,0.8539015041943882,0.3532868813949977,accepted,s3
oracle,200.0,long_00005_3570-908-4507,s1,gated_deflation,0,True,0.0,0.4224032286586211,1.0,0.7490342159024872,accepted,s1
oracle,200.0,long_00005_3570-908-4507,s2,gated_deflation,0,True,0.0,0.41873536512789106,0.9425199050146669,0.7231820327927768,accepted,s2
oracle,200.0,long_00005_3570-908-4507,s3,gated_deflation,0,True,0.0,0.3602636300616264,0.9188532613885971,0.7236236364906213,accepted,s3
oracle,200.0,long_00005_3570-908-4507,s1,coarse_to_fine,0,True,0.0,0.5574127705950456,1.0,0.29520682508426055,accepted,s1
oracle,200.0,long_00005_3570-908-4507,s2,coarse_to_fine,0,True,0.0,0.48821027063889205,0.9688723617610543,0.390945593838391,accepted,s2
oracle,200.0,long_00005_3570-908-4507,s3,coarse_to_fine,0,True,0.0,0.316351145277355,0.8711739566421545,0.3275540464952655,accepted,s3
oracle,200.0,long_00005_3570-908-4507,s1,coarse_to_fine,1,True,0.0,0.6473956132434515,1.0,0.27525635013764055,accepted,s1
oracle,200.0,long_00005_3570-908-4507,s2,coarse_to_fine,1,True,0.0,0.5211914138655852,0.9663952822080031,0.3986841182866136,accepted,s2
oracle,200.0,long_00005_3570-908-4507,s3,coarse_to_fine,1,True,0.0,0.4421041135209589,0.8531479801356127,0.3477489092933954,accepted,s3
oracle,400.0,long_00005_3570-908-4507,s1,gated_deflation,0,True,0.0,0.4275039445597758,1.0,0.7486802630959859,accepted,s1
oracle,400.0,long_00005_3570-908-4507,s2,gated_deflation,0,True,0.0,0.42262101859982315,0.9381701844146375,0.7227866819696567,accepted,s2
oracle,400.0,long_00005_3570-908-4507,s3,gated_deflation,0,True,0.0,0.35551112266436724,0.9150446977580172,0.724514288403879,accepted,s3
oracle,400.0,long_00005_3570-908-4507,s1,coarse_to_fine,0,True,0.0,0.5528815796027835,1.0,0.29143263918838336,accepted,s1
oracle,400.0,long_00005_3570-908-4507,s2,coarse_to_fine,0,True,0.0,0.4990792736953253,0.9691549995270079,0.3918337750729639,accepted,s2
oracle,400.0,long_00005_3570-908-4507,s3,coarse_to_fine,0,True,0.0,0.32154081067980544,0.8864464099895941,0.3355264166832517,accepted,s3
oracle,400.0,long_00005_3570-908-4507,s1,coarse_to_fine,1,True,0.0,0.6402612400978859,1.0,0.2730258516503862,accepted,s1
oracle,400.0,long_00005_3570-908-4507,s2,coarse_to_fine,1,True,0.0,0.5226542449619228,0.96421814397881,0.3986207770975611,accepted,s2
oracle,400.0,long_00005_3570-908-4507,s3,coarse_to_fine,1,True,0.0,0.4442669278231398,0.8548327972755653,0.3489636298416264,accepted,s3
oracle,800.0,long_00005_3570-908-4507,s1,gated_deflation,0,True,0.0,0.42750574660916296,1.0,0.7485238337434431,accepted,s1
oracle,800.0,long_00005_3570-908-4507,s2,gated_deflation,0,True,0.0,0.42580928608655144,0.9269861612589188,0.7227332822691022,accepted,s2
oracle,800.0,long_00005_3570-908-4507,s3,gated_deflation,0,True,0.0,0.35592299408753464,0.9165931668368767,0.7242762038009146,accepted,s3
oracle,800.0,long_00005_3570-908-4507,s1,coarse_to_fine,0,True,0.0,0.5530329174504126,1.0,0.2942918558114495,accepted,s1
oracle,800.0,long_00005_3570-908-4507,s2,coarse_to_fine,0,True,0.0,0.4989092691660736,0.9493837619533934,0.39321017086882976,accepted,s2
oracle,800.0,long_00005_3570-908-4507,s3,coarse_to_fine,0,True,0.0,0.32247098428418064,0.8796885154581747,0.3292347963624784,accepted,s3
oracle,800.0,long_00005_3570-908-4507,s1,coarse_to_fine,1,True,0.0,0.6354540776663142,0.9970248259556023,0.275770890659652,accepted,s1
oracle,800.0,long_00005_3570-908-4507,s2,coarse_to_fine,1,True,0.0,0.5247456844069716,0.9477938445826757,0.3982227693484965,accepted,s2
oracle,800.0,long_00005_3570-908-4507,s3,coarse_to_fine,1,True,0.0,0.4483787350603221,0.8575051063039644,0.3425725246735275,accepted,s3
real,0.0,long_00005_3570-908-4507,s1,gated_deflation,0,True,0.00013360482567984695,0.353604429863945,0.9932902670111973,0.7503732953930918,accepted,SPEAKER_01
real,0.0,long_00005_3570-908-4507,s3,gated_deflation,0,True,4.504900729494259e-05,0.3865523981808323,0.965229156096736,0.6909835340297904,accepted,SPEAKER_02
real,0.0,long_00005_3570-908-4507,s2,gated_deflation,0,True,4.33377828783621e-05,0.4150672756746115,0.9806405107609927,0.815354939355139,accepted,SPEAKER_00
real,0.0,long_00005_3570-908-4507,s1,coarse_to_fine,0,True,0.00013360482567984695,0.3846435855731998,1.0,0.27784195925570027,accepted,SPEAKER_01
real,0.0,long_00005_3570-908-4507,s3,coarse_to_fine,0,True,4.504900729494259e-05,0.28611558179100127,0.9288210745957225,0.2981114829922628,accepted,SPEAKER_02
real,0.0,long_00005_3570-908-4507,s2,coarse_to_fine,0,True,4.33377828783621e-05,0.47341449517100004,0.9794470526864894,0.40147179823310225,accepted,SPEAKER_00
real,0.0,long_00005_3570-908-4507,s1,coarse_to_fine,1,True,0.00013360482567984695,0.5844230803584675,1.0,0.2879262320193049,accepted,SPEAKER_01
real,0.0,long_00005_3570-908-4507,s3,coarse_to_fine,1,True,4.504900729494259e-05,0.47812761427922534,0.9389410537297861,0.3355248652583923,accepted,SPEAKER_02
real,0.0,long_00005_3570-908-4507,s2,coarse_to_fine,1,True,4.33377828783621e-05,0.576740483456772,1.0,0.40418597453727884,accepted,SPEAKER_00
real,200.0,long_00005_3570-908-4507,s1,gated_deflation,0,True,0.00015969255464602539,0.23973110569647743,0.9730957817120186,0.7515782792630781,accepted,SPEAKER_01
real,200.0,long_00005_3570-908-4507,s3,gated_deflation,0,True,4.504900729494259e-05,0.3868296601230088,0.9289765449003932,0.6901947858584219,accepted,SPEAKER_02
real,200.0,long_00005_3570-908-4507,s2,gated_deflation,0,True,4.33377828783621e-05,0.41767407116927374,0.9800356617762067,0.8155207832545853,accepted,SPEAKER_00
real,200.0,long_00005_3570-908-4507,s1,coarse_to_fine,0,True,0.00015969255464602539,0.3222985926618654,1.0,0.2979040382165201,accepted,SPEAKER_01
real,200.0,long_00005_3570-908-4507,s3,coarse_to_fine,0,True,4.504900729494259e-05,0.293729062741528,0.8607638888888889,0.3206376138748155,accepted,SPEAKER_02
real,200.0,long_00005_3570-908-4507,s2,coarse_to_fine,0,True,4.33377828783621e-05,0.46937997282100385,0.979264475743349,0.40104646279740364,accepted,SPEAKER_00
real,200.0,long_00005_3570-908-4507,s1,coarse_to_fine,1,True,0.00015969255464602539,0.6353401196423523,1.0,0.2554525826568021,accepted,SPEAKER_01
real,200.0,long_00005_3570-908-4507,s3,coarse_to_fine,1,True,4.504900729494259e-05,0.4760939916453812,0.861087962962963,0.34917795565681475,accepted,SPEAKER_02
real,200.0,long_00005_3570-908-4507,s2,coarse_to_fine,1,True,4.33377828783621e-05,0.5676603648403813,1.0,0.4031434721438516,accepted,SPEAKER_00
real,400.0,long_00005_3570-908-4507,s1,gated_deflation,0,True,0.0,0.4141589172086656,1.0,0.747414348103402,accepted,SPEAKER_01
real,400.0,long_00005_3570-908-4507,s3,gated_deflation,0,True,4.504900729494259e-05,0.35187679073206546,0.9391865719819238,0.6919707035214767,accepted,SPEAKER_02
real,400.0,long_00005_3570-908-4507,s2,gated_deflation,0,True,4.33377828783621e-05,0.39189430092184563,0.9381178508496849,0.8066748541807021,accepted,SPEAKER_00
real,400.0,long_00005_3570-908-4507,s1,coarse_to_fine,0,True,0.0,0.5281426580305717,1.0,0.2886622358924296,accepted,SPEAKER_01
real,400.0,long_00005_3570-908-4507,s3,coarse_to_fine,0,True,4.504900729494259e-05,0.2924758935995581,0.8607870370370371,0.3209707425518694,accepted,SPEAKER_02
real,400.0,long_00005_3570-908-4507,s2,coarse_to_fine,0,True,4.33377828783621e-05,0.46782786719748504,0.9792123109024518,0.3995673039361319,accepted,SPEAKER_00
real,400.0,long_00005_3570-908-4507,s1,coarse_to_fine,1,True,0.0,0.668929712821109,1.0,0.24060504355421167,accepted,SPEAKER_01
real,400.0,long_00005_3570-908-4507,s3,coarse_to_fine,1,True,4.504900729494259e-05,0.46654699244561304,0.8611805555555555,0.3484314755993083,accepted,SPEAKER_02
real,400.0,long_00005_3570-908-4507,s2,coarse_to_fine,1,True,4.33377828783621e-05,0.5659027242369572,1.0,0.4049846173132364,accepted,SPEAKER_00
real,800.0,long_00005_3570-908-4507,s1,gated_deflation,0,True,0.0,0.41212383558153903,0.9999279184823564,0.7467913159257107,accepted,SPEAKER_01
real,800.0,long_00005_3570-908-4507,s3,gated_deflation,0,True,4.504900729494259e-05,0.3524293093755535,0.9375135043531679,0.6916977712428128,accepted,SPEAKER_02
real,800.0,long_00005_3570-908-4507,s2,gated_deflation,0,True,4.33377828783621e-05,0.3936902636644019,0.9395032144944477,0.8064177718384398,accepted,SPEAKER_00
real,800.0,long_00005_3570-908-4507,s1,coarse_to_fine,0,True,0.0,0.5562676682920922,1.0,0.28964713907385603,accepted,SPEAKER_01
real,800.0,long_00005_3570-908-4507,s3,coarse_to_fine,0,True,4.504900729494259e-05,0.291382129093804,0.8607870370370371,0.3207716956751642,accepted,SPEAKER_02
real,800.0,long_00005_3570-908-4507,s2,coarse_to_fine,0,True,4.33377828783621e-05,0.46498960785450916,0.9791862284820031,0.39875874469874617,accepted,SPEAKER_00
real,800.0,long_00005_3570-908-4507,s1,coarse_to_fine,1,True,0.0,0.6572036884247204,1.0,0.27185137727196435,accepted,SPEAKER_01
real,800.0,long_00005_3570-908-4507,s3,coarse_to_fine,1,True,4.504900729494259e-05,0.4622145011166454,0.8612037037037037,0.3476055564362618,accepted,SPEAKER_02
real,800.0,long_00005_3570-908-4507,s2,coarse_to_fine,1,True,4.33377828783621e-05,0.5629515070432993,1.0,0.40515826992059006,accepted,SPEAKER_00
oracle,0.0,long_00006_1089-8230-7176,s1,gated_deflation,0,True,0.0,0.23248686777697036,1.0,0.7323981130740451,accepted,s1
oracle,0.0,long_00006_1089-8230-7176,s2,gated_deflation,0,True,0.0,0.1929898780499385,0.9207357833535429,0.7198920423009352,accepted,s2
oracle,0.0,long_00006_1089-8230-7176,s3,gated_deflation,0,True,0.0,0.25847963761924164,0.9800332502078138,0.716811247238101,accepted,s3
oracle,0.0,long_00006_1089-8230-7176,s1,coarse_to_fine,0,False,0.0,0.06284991865252365,1.0,0.36395273326359157,margin,s1
oracle,0.0,long_00006_1089-8230-7176,s2,coarse_to_fine,0,False,0.0,-0.036075889273781137,0.9797962103296254,0.3030339740809066,margin,s2
oracle,0.0,long_00006_1089-8230-7176,s3,coarse_to_fine,0,True,0.0,0.19221580924649828,0.9960515378221114,0.27602612832358137,accepted,s3
oracle,0.0,long_00006_1089-8230-7176,s1,coarse_to_fine,1,False,0.0,0.06284991865252365,1.0,0.36395273326359157,margin,s1
oracle,0.0,long_00006_1089-8230-7176,s2,coarse_to_fine,1,False,0.0,-0.036075889273781137,0.9797962103296254,0.3030339740809066,margin,s2
oracle,0.0,long_00006_1089-8230-7176,s3,coarse_to_fine,1,True,0.0,0.27069300366138005,0.9900665004156276,0.29145369814254524,accepted,s3
oracle,200.0,long_00006_1089-8230-7176,s1,gated_deflation,0,True,0.0,0.2325424031644271,1.0,0.7323826453802634,accepted,s1
oracle,200.0,long_00006_1089-8230-7176,s2,gated_deflation,0,True,0.0,0.1967434425937521,0.9198131314682308,0.7199499475336006,accepted,s2
oracle,200.0,long_00006_1089-8230-7176,s3,gated_deflation,0,True,0.0,0.25515543501529503,0.9803363412633306,0.7170050437966111,accepted,s3
oracle,200.0,long_00006_1089-8230-7176,s1,coarse_to_fine,0,False,0.0,0.07115609265017209,1.0,0.36615724888491163,margin,s1
oracle,200.0,long_00006_1089-8230-7176,s2,coarse_to_fine,0,False,0.0,-0.03073321753297409,0.9708449972583764,0.3022306174143297,margin,s2
oracle,200.0,long_00006_1089-8230-7176,s3,coarse_to_fine,0,True,0.0,0.1818964371381394,0.9965627563576702,0.28239795898613546,accepted,s3
oracle,200.0,long_00006_1089-8230-7176,s1,coarse_to_fine,1,False,0.0,0.07115609265017209,1.0,0.36615724888491163,margin,s1
oracle,200.0,long_00006_1089-8230-7176,s2,coarse_to_fine,1,False,0.0,-0.03073321753297409,0.9708449972583764,0.3022306174143297,margin,s2
oracle,200.0,long_00006_1089-8230-7176,s3,coarse_to_fine,1,True,0.0,0.26758277678566034,0.9901394585726004,0.29079650309748645,accepted,s3
oracle,400.0,long_00006_1089-8230-7176,s1,gated_deflation,0,True,0.0,0.22575601589667094,1.0,0.7325001201761172,accepted,s1
oracle,400.0,long_00006_1089-8230-7176,s2,gated_deflation,0,True,0.0,0.21000739684652348,0.9236302824378849,0.7177435682031287,accepted,s2
oracle,400.0,long_00006_1089-8230-7176,s3,gated_deflation,0,True,0.0,0.23786418268374376,0.980663967611336,0.7163298947563534,accepted,s3
oracle,400.0,long_00006_1089-8230-7176,s1,coarse_to_fine,0,False,0.0,0.06913701079824142,1.0,0.3673042491115777,margin,s1
oracle,400.0,long_00006_1089-8230-7176,s2,coarse_to_fine,0,False,0.0,-0.021405891705872482,0.9636886251462156,0.2935416352895766,margin,s2
oracle,400.0,long_00006_1089-8230-7176,s3,coarse_to_fine,0,True,0.0,0.18350137792141885,0.9963400809716599,0.27695239386054266,accepted,s3
oracle,400.0,long_00006_1089-8230-7176,s1,coarse_to_fine,1,False,0.0,0.06913701079824142,1.0,0.3673042491115777,margin,s1
oracle,400.0,long_00006_1089-8230-7176,s2,coarse_to_fine,1,False,0.0,-0.021405891705872482,0.9636886251462156,0.2935416352895766,margin,s2
oracle,400.0,long_00006_1089-8230-7176,s3,coarse_to_fine,1,True,0.0,0.2620854780115992,0.9905587044534413,0.2933829891646573,accepted,s3
oracle,800.0,long_00006_1089-8230-7176,s1,gated_deflation,0,True,0.0,0.2352037621509936,1.0,0.7327243723582852,accepted,s1
oracle,800.0,long_00006_1089-8230-7176,s2,gated_deflation,0,True,0.0,0.19515275343569027,0.9099717145988212,0.7189331088970354,accepted,s2
oracle,800.0,long_00006_1089-8230-7176,s3,gated_deflation,0,True,0.0,0.2630601654078053,0.981112865035517,0.716906933397591,accepted,s3
oracle,800.0,long_00006_1089-8230-7176,s1,coarse_to_fine,0,False,0.0,0.0873783724870375,1.0,0.37197423439908284,margin,s1
oracle,800.0,long_00006_1089-8230-7176,s2,coarse_to_fine,0,False,0.0,-0.009547195544867715,0.9809140609745892,0.2931022033464345,margin,s2
oracle,800.0,long_00006_1089-8230-7176,s3,coarse_to_fine,0,True,0.0,0.19230253838005795,0.9900710339384372,0.2788112491426111,accepted,s3
oracle,800.0,long_00006_1089-8230-7176,s1,coarse_to_fine,1,False,0.0,0.0873783724870375,1.0,0.37197423439908284,margin,s1
oracle,800.0,long_00006_1089-8230-7176,s2,coarse_to_fine,1,False,0.0,-0.009547195544867715,0.9809140609745892,0.2931022033464345,margin,s2
oracle,800.0,long_00006_1089-8230-7176,s3,coarse_to_fine,1,True,0.0,0.26746492292938395,0.9902762430939227,0.30116497842438084,accepted,s3
real,0.0,long_00006_1089-8230-7176,s1,gated_deflation,0,True,0.00016908858174213685,0.22630670230957894,0.9999222319432293,0.7310595844181027,accepted,SPEAKER_02
real,0.0,long_00006_1089-8230-7176,s2,gated_deflation,0,False,8.27090177785913e-05,0.00046321100964707984,0.965198975571316,0.7492090130380304,margin,SPEAKER_01
real,0.0,long_00006_1089-8230-7176,s3,gated_deflation,0,True,4.883735485341198e-05,0.2970668828309797,0.9986559139784946,0.7318255858288432,accepted,SPEAKER_00
real,0.0,long_00006_1089-8230-7176,s1,coarse_to_fine,0,True,0.00016908858174213685,0.1660225875610678,1.0,0.3579688250063805,accepted,SPEAKER_02
real,0.0,long_00006_1089-8230-7176,s2,coarse_to_fine,0,False,8.27090177785913e-05,-0.11421158546722354,1.0,0.27733552901304,margin,SPEAKER_01
real,0.0,long_00006_1089-8230-7176,s3,coarse_to_fine,0,True,4.883735485341198e-05,0.17474753770736884,1.0,0.2757009702539489,accepted,SPEAKER_00
real,0.0,long_00006_1089-8230-7176,s1,coarse_to_fine,1,True,0.00016908858174213685,0.2973826976011381,1.0,0.3596235022225752,accepted,SPEAKER_02
real,0.0,long_00006_1089-8230-7176,s2,coarse_to_fine,1,False,8.27090177785913e-05,-0.27712828859258765,1.0,0.27733552901304,margin,SPEAKER_01
real,0.0,long_00006_1089-8230-7176,s3,coarse_to_fine,1,True,4.883735485341198e-05,0.2534426988966242,1.0,0.3146797378778173,accepted,SPEAKER_00
real,200.0,long_00006_1089-8230-7176,s1,gated_deflation,0,True,0.00018192804756772923,0.2670887341929329,1.0,0.7310616624885049,accepted,SPEAKER_02
real,200.0,long_00006_1089-8230-7176,s2,gated_deflation,0,False,0.00016066820633816488,-0.02542043750390377,0.9593582887700535,0.7486071068044658,margin,SPEAKER_01
real,200.0,long_00006_1089-8230-7176,s3,gated_deflation,0,True,4.8357785658086404e-05,0.35450378544498046,0.9987172177879133,0.7323241582765521,accepted,SPEAKER_00
real,200.0,long_00006_1089-8230-7176,s1,coarse_to_fine,0,True,0.00018192804756772923,0.20487611154061858,1.0,0.3662984567844839,accepted,SPEAKER_02
real,200.0,long_00006_1089-8230-7176,s2,coarse_to_fine,0,False,0.00016066820633816488,-0.143463218682073,1.0,0.2761138391306376,margin,SPEAKER_01
real,200.0,long_00006_1089-8230-7176,s3,coarse_to_fine,0,True,4.8357785658086404e-05,0.21041545735263312,1.0,0.277572096456108,accepted,SPEAKER_00
real,200.0,long_00006_1089-8230-7176,s1,coarse_to_fine,1,True,0.00018192804756772923,0.3280112507073195,1.0,0.36923435270238225,accepted,SPEAKER_02
real,200.0,long_00006_1089-8230-7176,s2,coarse_to_fine,1,False,0.00016066820633816488,-0.30241809126662245,1.0,0.2761138391306376,margin,SPEAKER_01
real,200.0,long_00006_1089-8230-7176,s3,coarse_to_fine,1,True,4.8357785658086404e-05,0.263345948879366,1.0,0.3162460919291267,accepted,SPEAKER_00
real,400.0,long_00006_1089-8230-7176,s1,gated_deflation,0,True,0.00015697237649700218,0.19310088789275026,1.0,0.7298920793420651,accepted,SPEAKER_02
real,400.0,long_00006_1089-8230-7176,s2,gated_deflation,0,False,0.0,0.06341342476331391,0.9751528910303929,0.746490182107857,margin,SPEAKER_01
real,400.0,long_00006_1089-8230-7176,s3,gated_deflation,0,True,4.827149724268183e-05,0.2557328563323956,0.9951017811704834,0.7325929140991513,accepted,SPEAKER_00
real,400.0,long_00006_1089-8230-7176,s1,coarse_to_fine,0,True,0.00015697237649700218,0.128976383993052,0.9937713846798408,0.35203738584626154,accepted,SPEAKER_02
real,400.0,long_00006_1089-8230-7176,s2,coarse_to_fine,0,False,0.0,-0.06872375654289531,0.9930058027079304,0.25413331245369725,margin,SPEAKER_01
real,400.0,long_00006_1089-8230-7176,s3,coarse_to_fine,0,True,4.827149724268183e-05,0.16957957400065804,1.0,0.27530420281138207,accepted,SPEAKER_00
real,400.0,long_00006_1089-8230-7176,s1,coarse_to_fine,1,True,0.00015697237649700218,0.2807200757318945,0.9937574191746387,0.35662238423228376,accepted,SPEAKER_02
real,400.0,long_00006_1089-8230-7176,s2,coarse_to_fine,1,False,0.0,-0.21778328984549633,0.9930058027079304,0.25413331245369725,margin,SPEAKER_01
real,400.0,long_00006_1089-8230-7176,s3,coarse_to_fine,1,True,4.827149724268183e-05,0.2821034160150304,1.0,0.3211216615209748,accepted,SPEAKER_00
real,800.0,long_00006_1089-8230-7176,s1,gated_deflation,0,True,0.0,0.23740920502664709,1.0,0.7343007935712281,accepted,SPEAKER_02
real,800.0,long_00006_1089-8230-7176,s2,gated_deflation,0,True,0.0,0.2056868037864112,0.9158399211699102,0.7468388083880445,accepted,SPEAKER_01
real,800.0,long_00006_1089-8230-7176,s3,gated_deflation,0,True,4.83008906854354e-05,0.25746893177801833,0.989218045770796,0.7259624912009539,accepted,SPEAKER_00
real,800.0,long_00006_1089-8230-7176,s1,coarse_to_fine,0,False,0.0,0.0837723029344245,1.0,0.3695671046655834,margin,SPEAKER_02
real,800.0,long_00006_1089-8230-7176,s2,coarse_to_fine,0,False,0.0,-0.03721461263216386,0.986253700093856,0.24910871613150068,margin,SPEAKER_01
real,800.0,long_00006_1089-8230-7176,s3,coarse_to_fine,0,True,4.83008906854354e-05,0.2369600592996609,1.0,0.29025419683322484,accepted,SPEAKER_00
real,800.0,long_00006_1089-8230-7176,s1,coarse_to_fine,1,False,0.0,0.0837723029344245,1.0,0.3695671046655834,margin,SPEAKER_02
real,800.0,long_00006_1089-8230-7176,s2,coarse_to_fine,1,False,0.0,-0.1588486567229178,0.986253700093856,0.24910871613150068,margin,SPEAKER_01
real,800.0,long_00006_1089-8230-7176,s3,coarse_to_fine,1,True,4.83008906854354e-05,0.325532987372367,1.0,0.287508737588898,accepted,SPEAKER_00
oracle,0.0,long_00007_1188-4077-121,s1,gated_deflation,0,True,0.0,0.4439814182657448,1.0,0.7031853244949383,accepted,s1
oracle,0.0,long_00007_1188-4077-121,s2,gated_deflation,0,True,0.0,0.5488485163668619,0.9910547133426235,0.7324889391658529,accepted,s2
oracle,0.0,long_00007_1188-4077-121,s3,gated_deflation,0,True,0.0,0.26090783846725735,0.9915588642095843,0.8089985510750034,accepted,s3
oracle,0.0,long_00007_1188-4077-121,s1,coarse_to_fine,0,False,0.0,-0.11163540196123345,1.0,0.32153230541225275,margin,s1
oracle,0.0,long_00007_1188-4077-121,s2,coarse_to_fine,0,True,0.0,0.5703009010816851,1.0,0.5259635120965428,accepted,s2
oracle,0.0,long_00007_1188-4077-121,s3,coarse_to_fine,0,False,0.0,-0.5778857685033767,0.9745816722262902,0.4717536889515147,margin,s3
oracle,0.0,long_00007_1188-4077-121,s1,coarse_to_fine,1,False,0.0,-0.18616074408151329,1.0,0.32153230541225275,margin,s1
oracle,0.0,long_00007_1188-4077-121,s2,coarse_to_fine,1,True,0.0,0.6767100385458162,1.0,0.5231531768564535,accepted,s2
oracle,0.0,long_00007_1188-4077-121,s3,coarse_to_fine,1,False,0.0,-0.649258077690354,0.9745816722262902,0.4717536889515147,margin,s3
oracle,200.0,long_00007_1188-4077-121,s1,gated_deflation,0,True,0.0,0.4446603406900542,1.0,0.703060129205278,accepted,s1
oracle,200.0,long_00007_1188-4077-121,s2,gated_deflation,0,True,0.0,0.5458450344161987,0.9911578024302994,0.733308242973466,accepted,s2
oracle,200.0,long_00007_1188-4077-121,s3,gated_deflation,0,True,0.0,0.2827256448715552,0.9811794060043463,0.8092356161053939,accepted,s3
oracle,200.0,long_00007_1188-4077-121,s1,coarse_to_fine,0,False,0.0,-0.10320651648128887,1.0,0.3201985408758502,margin,s1
oracle,200.0,long_00007_1188-4077-121,s2,coarse_to_fine,0,True,0.0,0.5755327247604525,1.0,0.528067205085648,accepted,s2
oracle,200.0,long_00007_1188-4077-121,s3,coarse_to_fine,0,False,0.0,-0.5650558010742002,0.9686703511925523,0.4772507610849241,margin,s3
oracle,200.0,long_00007_1188-4077-121,s1,coarse_to_fine,1,False,0.0,-0.17684334432160786,1.0,0.3201985408758502,margin,s1
oracle,200.0,long_00007_1188-4077-121,s2,coarse_to_fine,1,True,0.0,0.6764508371739362,1.0,0.5230249718714801,accepted,s2
oracle,200.0,long_00007_1188-4077-121,s3,coarse_to_fine,1,False,0.0,-0.6374042156414635,0.9686703511925523,0.4772507610849241,margin,s3
oracle,400.0,long_00007_1188-4077-121,s1,gated_deflation,0,True,0.0,0.44376211166489465,0.9939662567915356,0.7028667671599552,accepted,s1
oracle,400.0,long_00007_1188-4077-121,s2,gated_deflation,0,True,0.0,0.5464164816919084,0.9912620624148232,0.7333894065999333,accepted,s2
oracle,400.0,long_00007_1188-4077-121,s3,gated_deflation,0,True,0.0,0.2737422782319143,0.9786916359196242,0.8091042828455608,accepted,s3
oracle,400.0,long_00007_1188-4077-121,s1,coarse_to_fine,0,False,0.0,-0.09255907381049477,0.9939662567915356,0.3189322423455573,margin,s1
oracle,400.0,long_00007_1188-4077-121,s2,coarse_to_fine,0,True,0.0,0.5796782418103072,1.0,0.52794921416449,accepted,s2
oracle,400.0,long_00007_1188-4077-121,s3,coarse_to_fine,0,False,0.0,-0.5550296930629437,0.9663751227669684,0.47437421444383276,margin,s3
oracle,400.0,long_00007_1188-4077-121,s1,coarse_to_fine,1,False,0.0,-0.16842606556811013,0.9939662567915356,0.3189322423455573,margin,s1
oracle,400.0,long_00007_1188-4077-121,s2,coarse_to_fine,1,True,0.0,0.6830344595003308,1.0,0.5225396201664625,accepted,s2
oracle,400.0,long_00007_1188-4077-121,s3,coarse_to_fine,1,False,0.0,-0.6280904699181237,0.9663751227669684,0.47437421444383276,margin,s3
oracle,800.0,long_00007_1188-4077-121,s1,gated_deflation,0,True,0.0,0.4374291997752639,0.9717360916969527,0.7027221140422732,accepted,s1
oracle,800.0,long_00007_1188-4077-121,s2,gated_deflation,0,True,0.0,0.546504608072282,0.9896858963134572,0.7328468587595639,accepted,s2
oracle,800.0,long_00007_1188-4077-121,s3,gated_deflation,0,True,0.0,0.26916066990298465,0.9762235853715593,0.8089675123705183,accepted,s3
oracle,800.0,long_00007_1188-4077-121,s1,coarse_to_fine,0,False,0.0,-0.09478122117811427,0.9717360916969527,0.3169711573543324,margin,s1
oracle,800.0,long_00007_1188-4077-121,s2,coarse_to_fine,0,True,0.0,0.5958134081853896,1.0,0.5235432804502957,accepted,s2
oracle,800.0,long_00007_1188-4077-121,s3,coarse_to_fine,0,False,0.0,-0.5384631896436276,0.9691731863904557,0.4729780602359901,margin,s3
oracle,800.0,long_00007_1188-4077-121,s1,coarse_to_fine,1,False,0.0,-0.16688892783374099,0.9717360916969527,0.3169711573543324,margin,s1
oracle,800.0,long_00007_1188-4077-121,s2,coarse_to_fine,1,True,0.0,0.6949458951792813,1.0,0.5199221351867385,accepted,s2
oracle,800.0,long_00007_1188-4077-121,s3,coarse_to_fine,1,False,0.0,-0.6077473653550267,0.9691731863904557,0.4729780602359901,margin,s3
real,0.0,long_00007_1188-4077-121,s1,gated_deflation,0,True,5.3082867441405494e-05,0.46028592409783414,0.9998362471704474,0.752140937744766,accepted,SPEAKER_00
real,0.0,long_00007_1188-4077-121,s2,gated_deflation,0,True,9.96561576956757e-05,0.49567776423046844,0.9975579975579976,0.7303887794364458,accepted,SPEAKER_01
real,0.0,long_00007_1188-4077-121,s3,gated_deflation,0,True,7.227986956850508e-05,0.4243588182772987,0.9959182098765432,0.8191232578554329,accepted,SPEAKER_02
real,0.0,long_00007_1188-4077-121,s1,coarse_to_fine,0,False,5.3082867441405494e-05,0.018736646786753686,1.0,0.3385597426525367,margin,SPEAKER_00
real,0.0,long_00007_1188-4077-121,s2,coarse_to_fine,0,True,9.96561576956757e-05,0.5273234865011307,1.0,0.48918281965187016,accepted,SPEAKER_01
real,0.0,long_00007_1188-4077-121,s3,coarse_to_fine,0,False,7.227986956850508e-05,-0.41978793887768856,1.0,0.4473263699804841,margin,SPEAKER_02
real,0.0,long_00007_1188-4077-121,s1,coarse_to_fine,1,False,5.3082867441405494e-05,-0.038332462649627974,1.0,0.3385597426525367,margin,SPEAKER_00
real,0.0,long_00007_1188-4077-121,s2,coarse_to_fine,1,True,9.96561576956757e-05,0.6249200533252577,1.0,0.5074279721892886,accepted,SPEAKER_01
real,0.0,long_00007_1188-4077-121,s3,coarse_to_fine,1,False,7.227986956850508e-05,-0.49095949102094943,1.0,0.4473263699804841,margin,SPEAKER_02
real,200.0,long_00007_1188-4077-121,s1,gated_deflation,0,True,5.3082867441405494e-05,0.42513909727239035,0.9997666386633063,0.7519908212947598,accepted,SPEAKER_00
real,200.0,long_00007_1188-4077-121,s2,gated_deflation,0,True,0.00013515422827861884,0.5046154830802976,0.9915785613884984,0.7331456120244046,accepted,SPEAKER_01
real,200.0,long_00007_1188-4077-121,s3,gated_deflation,0,True,7.362846022115259e-05,0.3828499225028886,0.9958765243902439,0.8190236832473272,accepted,SPEAKER_02
real,200.0,long_00007_1188-4077-121,s1,coarse_to_fine,0,False,5.3082867441405494e-05,0.06244252062474431,1.0,0.3340047461945671,margin,SPEAKER_00
real,200.0,long_00007_1188-4077-121,s2,coarse_to_fine,0,True,0.00013515422827861884,0.5235996111004977,1.0,0.4974535224684827,accepted,SPEAKER_01
real,200.0,long_00007_1188-4077-121,s3,coarse_to_fine,0,False,7.362846022115259e-05,-0.392819660504361,1.0,0.4468973828627659,margin,SPEAKER_02
real,200.0,long_00007_1188-4077-121,s1,coarse_to_fine,1,False,5.3082867441405494e-05,0.010523367621218194,1.0,0.3340047461945671,margin,SPEAKER_00
real,200.0,long_00007_1188-4077-121,s2,coarse_to_fine,1,True,0.00013515422827861884,0.6197716950715827,1.0,0.513661795475672,accepted,SPEAKER_01
real,200.0,long_00007_1188-4077-121,s3,coarse_to_fine,1,False,7.362846022115259e-05,-0.46576113852641066,1.0,0.4468973828627659,margin,SPEAKER_02
real,400.0,long_00007_1188-4077-121,s1,gated_deflation,0,True,5.3082867441405494e-05,0.4912816291733936,0.9997766461181096,0.7515949602434069,accepted,SPEAKER_00
real,400.0,long_00007_1188-4077-121,s2,gated_deflation,0,True,5.750682170550976e-05,0.5071490172655702,0.9946597659236606,0.7351197674537124,accepted,SPEAKER_01
real,400.0,long_00007_1188-4077-121,s3,gated_deflation,0,True,7.615276501750568e-05,0.32516374350472455,0.9890737951807229,0.8195649983080329,accepted,SPEAKER_02
real,400.0,long_00007_1188-4077-121,s1,coarse_to_fine,0,True,5.3082867441405494e-05,0.16425933186652264,1.0,0.32948597858856055,accepted,SPEAKER_00
real,400.0,long_00007_1188-4077-121,s2,coarse_to_fine,0,True,5.750682170550976e-05,0.511594701317641,1.0,0.4995036855462449,accepted,SPEAKER_01
real,400.0,long_00007_1188-4077-121,s3,coarse_to_fine,0,False,7.615276501750568e-05,-0.36814326219052396,1.0,0.4439182010209512,margin,SPEAKER_02
real,400.0,long_00007_1188-4077-121,s1,coarse_to_fine,1,True,5.3082867441405494e-05,0.21980811459736305,1.0,0.37116668144512444,accepted,SPEAKER_00
real,400.0,long_00007_1188-4077-121,s2,coarse_to_fine,1,True,5.750682170550976e-05,0.44780149674654335,1.0,0.5165485948717756,accepted,SPEAKER_01
real,400.0,long_00007_1188-4077-121,s3,coarse_to_fine,1,False,7.615276501750568e-05,-0.4500912759960596,1.0,0.4439182010209512,margin,SPEAKER_02
real,800.0,long_00007_1188-4077-121,s1,gated_deflation,0,True,5.3082867441405494e-05,0.43078003098357676,0.9974031502767134,0.754502022688226,accepted,SPEAKER_00
real,800.0,long_00007_1188-4077-121,s2,gated_deflation,0,True,0.0,0.532481396225683,1.0,0.753025112805964,accepted,SPEAKER_01
real,800.0,long_00007_1188-4077-121,s3,gated_deflation,0,True,7.293079197880245e-05,0.3402960546297886,0.9754632352941176,0.825581971756576,accepted,SPEAKER_02
real,800.0,long_00007_1188-4077-121,s1,coarse_to_fine,0,True,5.3082867441405494e-05,0.1910482635636065,1.0,0.32556482919276614,accepted,SPEAKER_00
real,800.0,long_00007_1188-4077-121,s2,coarse_to_fine,0,True,0.0,0.528606039602432,1.0,0.5316529858443998,accepted,SPEAKER_01
real,800.0,long_00007_1188-4077-121,s3,coarse_to_fine,0,False,7.293079197880245e-05,-0.38519017029266855,0.9876939804289809,0.44207686172810867,margin,SPEAKER_02
real,800.0,long_00007_1188-4077-121,s1,coarse_to_fine,1,True,5.3082867441405494e-05,0.23448491298804275,1.0,0.36925882988234043,accepted,SPEAKER_00
real,800.0,long_00007_1188-4077-121,s2,coarse_to_fine,1,True,0.0,0.4445097929284685,1.0,0.5269437343862762,accepted,SPEAKER_01
real,800.0,long_00007_1188-4077-121,s3,coarse_to_fine,1,False,7.293079197880245e-05,-0.45069359815341603,0.9876939804289809,0.44207686172810867,margin,SPEAKER_02
oracle,0.0,long_00008_672-5639-121,s1,gated_deflation,0,True,0.0,0.37568013202329736,0.9971727210418094,0.7668595377179991,accepted,s1
oracle,0.0,long_00008_672-5639-121,s2,gated_deflation,0,True,0.0,0.1292182155861175,0.9720990391722099,0.7639372259738535,accepted,s2
oracle,0.0,long_00008_672-5639-121,s3,gated_deflation,0,True,0.0,0.39130020100528096,0.9448307279179055,0.7842302835365121,accepted,s3
oracle,0.0,long_00008_672-5639-121,s1,coarse_to_fine,0,True,0.0,0.2534007697956182,1.0,0.45563796147839825,accepted,s1
oracle,0.0,long_00008_672-5639-121,s2,coarse_to_fine,0,False,0.0,-0.04392299436075453,1.0,0.4067144774585335,margin,s2
oracle,0.0,long_00008_672-5639-121,s3,coarse_to_fine,0,True,0.0,0.13690681310570763,0.9508967104632204,0.47484624794291813,accepted,s3
oracle,0.0,long_00008_672-5639-121,s1,coarse_to_fine,1,True,0.0,0.46611510634144987,0.996851439342015,0.44408263933719544,accepted,s1
oracle,0.0,long_00008_672-5639-121,s2,coarse_to_fine,1,False,0.0,-0.20491505121008913,1.0,0.4067144774585335,margin,s2
oracle,0.0,long_00008_672-5639-121,s3,coarse_to_fine,1,True,0.0,0.2874602775769176,0.9506089958760909,0.4641827188927289,accepted,s3
oracle,200.0,long_00008_672-5639-121,s1,gated_deflation,0,True,0.0,0.37959768472785316,0.9994352834876892,0.7668316492813261,accepted,s1
oracle,200.0,long_00008_672-5639-121,s2,gated_deflation,0,True,0.0,0.12325082173064333,0.9723348286808651,0.763442503093166,accepted,s2
oracle,200.0,long_00008_672-5639-121,s3,gated_deflation,0,True,0.0,0.3967421348370583,0.9327909472554528,0.7840582434533226,accepted,s3
oracle,200.0,long_00008_672-5639-121,s1,coarse_to_fine,0,True,0.0,0.2591928086942746,1.0,0.45702480924626165,accepted,s1
oracle,200.0,long_00008_672-5639-121,s2,coarse_to_fine,0,False,0.0,-0.04114390175493654,0.9967669979670205,0.4034824278840871,margin,s2
oracle,200.0,long_00008_672-5639-121,s3,coarse_to_fine,0,True,0.0,0.1304013661040374,0.9388987090053975,0.4767362786776863,accepted,s3
oracle,200.0,long_00008_672-5639-121,s1,coarse_to_fine,1,True,0.0,0.4691276881172284,1.0,0.4416152221207111,accepted,s1
oracle,200.0,long_00008_672-5639-121,s2,coarse_to_fine,1,False,0.0,-0.19936089358733444,0.9967669979670205,0.4034824278840871,margin,s2
oracle,200.0,long_00008_672-5639-121,s3,coarse_to_fine,1,True,0.0,0.2812162093966415,0.9385514977431269,0.46816040306174833,accepted,s3
oracle,400.0,long_00008_672-5639-121,s1,gated_deflation,0,True,0.0,0.38409018874303696,1.0,0.7667728010517393,accepted,s1
oracle,400.0,long_00008_672-5639-121,s2,gated_deflation,0,True,0.0,0.11867827213672205,0.971935431609644,0.763437283649857,accepted,s2
oracle,400.0,long_00008_672-5639-121,s3,gated_deflation,0,True,0.0,0.3935226267244161,0.9213163554752034,0.7842668234805956,accepted,s3
oracle,400.0,long_00008_672-5639-121,s1,coarse_to_fine,0,True,0.0,0.2653607009579586,1.0,0.45820495713019066,accepted,s1
oracle,400.0,long_00008_672-5639-121,s2,coarse_to_fine,0,False,0.0,-0.0434287127695594,1.0,0.40247340217543676,margin,s2
oracle,400.0,long_00008_672-5639-121,s3,coarse_to_fine,0,True,0.0,0.12855398187823108,0.9271999002524859,0.481490293921027,accepted,s3
oracle,400.0,long_00008_672-5639-121,s1,coarse_to_fine,1,True,0.0,0.4704699695309422,1.0,0.44111841588953143,accepted,s1
oracle,400.0,long_00008_672-5639-121,s2,coarse_to_fine,1,False,0.0,-0.20212132225831192,1.0,0.40247340217543676,margin,s2
oracle,400.0,long_00008_672-5639-121,s3,coarse_to_fine,1,True,0.0,0.2813578290420111,0.926818054300053,0.4752384288211609,accepted,s3
oracle,800.0,long_00008_672-5639-121,s1,gated_deflation,0,True,0.0,0.37319423561864906,1.0,0.7668484566087399,accepted,s1
oracle,800.0,long_00008_672-5639-121,s2,gated_deflation,0,True,0.0,0.12926277819059862,0.9694806970085039,0.763945034383402,accepted,s2
oracle,800.0,long_00008_672-5639-121,s3,gated_deflation,0,True,0.0,0.40318301521899347,0.9105030260636842,0.7843231843210767,accepted,s3
oracle,800.0,long_00008_672-5639-121,s1,coarse_to_fine,0,True,0.0,0.2584504298232142,1.0,0.46157001705603234,accepted,s1
oracle,800.0,long_00008_672-5639-121,s2,coarse_to_fine,0,False,0.0,-0.008426426462472492,1.0,0.4005777422825556,margin,s2
oracle,800.0,long_00008_672-5639-121,s3,coarse_to_fine,0,True,0.0,0.14040951100062793,0.9171101852133451,0.4849670510756795,accepted,s3
oracle,800.0,long_00008_672-5639-121,s1,coarse_to_fine,1,True,0.0,0.4573536639675256,0.9965725365960236,0.44211807471273645,accepted,s1
oracle,800.0,long_00008_672-5639-121,s2,coarse_to_fine,1,False,0.0,-0.16533320731965528,1.0,0.4005777422825556,margin,s2
oracle,800.0,long_00008_672-5639-121,s3,coarse_to_fine,1,True,0.0,0.29354131991805843,0.9167224232839634,0.48056868649397894,accepted,s3
real,0.0,long_00008_672-5639-121,s1,gated_deflation,0,True,0.00010713417601982828,0.27912381578460105,0.999846364883402,0.8218407863273307,accepted,SPEAKER_02
real,0.0,long_00008_672-5639-121,s2,gated_deflation,0,True,6.740768522121347e-05,0.20073829269949506,0.972922502334267,0.7613435977999261,accepted,SPEAKER_01
real,0.0,long_00008_672-5639-121,s3,gated_deflation,0,True,5.3491170436563625e-05,0.4297648826019964,0.9767088087162092,0.780989203420321,accepted,SPEAKER_00
real,0.0,long_00008_672-5639-121,s1,coarse_to_fine,0,False,0.00010713417601982828,-0.016006962087637022,1.0,0.4344238459313009,margin,SPEAKER_02
real,0.0,long_00008_672-5639-121,s2,coarse_to_fine,0,False,6.740768522121347e-05,-0.1509575260475723,0.9898199875853507,0.4143033137472053,margin,SPEAKER_01
real,0.0,long_00008_672-5639-121,s3,coarse_to_fine,0,True,5.3491170436563625e-05,0.10363614826871737,0.9738878543347818,0.45502425786807704,accepted,SPEAKER_00
real,0.0,long_00008_672-5639-121,s1,coarse_to_fine,1,False,0.00010713417601982828,-0.016006962087637022,1.0,0.4344238459313009,margin,SPEAKER_02
real,0.0,long_00008_672-5639-121,s2,coarse_to_fine,1,False,6.740768522121347e-05,-0.31727630160959186,0.9898199875853507,0.4143033137472053,margin,SPEAKER_01
real,0.0,long_00008_672-5639-121,s3,coarse_to_fine,1,True,5.3491170436563625e-05,0.30837400061962406,0.9743947858472998,0.4486665455563418,accepted,SPEAKER_00
real,200.0,long_00008_672-5639-121,s1,gated_deflation,0,True,0.00010713417601982828,0.28374638874922115,0.9728351002414192,0.8217228058557022,accepted,SPEAKER_02
real,200.0,long_00008_672-5639-121,s2,gated_deflation,0,True,6.994225973948536e-05,0.1962827199849856,0.9659642456170654,0.7602417795688434,accepted,SPEAKER_01
real,200.0,long_00008_672-5639-121,s3,gated_deflation,0,True,5.427081735688107e-05,0.4313245280100745,0.9645909319056383,0.7809802105101925,accepted,SPEAKER_00
real,200.0,long_00008_672-5639-121,s1,coarse_to_fine,0,False,0.00010713417601982828,-0.0022559242227062626,1.0,0.4371633436036098,margin,SPEAKER_02
real,200.0,long_00008_672-5639-121,s2,coarse_to_fine,0,False,6.994225973948536e-05,-0.158299020504986,0.9898096420442789,0.4082387819251003,margin,SPEAKER_01
real,200.0,long_00008_672-5639-121,s3,coarse_to_fine,0,True,5.427081735688107e-05,0.13608699591466467,0.9562284813539635,0.448412283034454,accepted,SPEAKER_00
real,200.0,long_00008_672-5639-121,s1,coarse_to_fine,1,False,0.00010713417601982828,-0.0022559242227062626,1.0,0.4371633436036098,margin,SPEAKER_02
real,200.0,long_00008_672-5639-121,s2,coarse_to_fine,1,False,6.994225973948536e-05,-0.3157343339908695,0.9898096420442789,0.4082387819251003,margin,SPEAKER_01
real,200.0,long_00008_672-5639-121,s3,coarse_to_fine,1,True,5.427081735688107e-05,0.32680363840939286,0.9566598913178744,0.4343911798442239,accepted,SPEAKER_00
real,400.0,long_00008_672-5639-121,s1,gated_deflation,0,True,0.00010713417601982828,0.28365607590083763,0.9638468569107342,0.8215268908052005,accepted,SPEAKER_02
real,400.0,long_00008_672-5639-121,s2,gated_deflation,0,True,7.814981925481115e-05,0.19720464663962184,0.9667871249684847,0.7598137534693815,accepted,SPEAKER_01
real,400.0,long_00008_672-5639-121,s3,gated_deflation,0,True,6.0267052579024655e-05,0.4205659495855939,0.963952987915908,0.7811489719348294,accepted,SPEAKER_00
real,400.0,long_00008_672-5639-121,s1,coarse_to_fine,0,False,0.00010713417601982828,0.017656530858293218,1.0,0.43875356157093354,margin,SPEAKER_02
real,400.0,long_00008_672-5639-121,s2,coarse_to_fine,0,False,7.814981925481115e-05,-0.14979087515435296,0.9898199875853507,0.40900672758639883,margin,SPEAKER_01
real,400.0,long_00008_672-5639-121,s3,coarse_to_fine,0,True,6.0267052579024655e-05,0.14891844254699782,0.9568018995373971,0.4503629650032011,accepted,SPEAKER_00
real,400.0,long_00008_672-5639-121,s1,coarse_to_fine,1,False,0.00010713417601982828,0.017656530858293218,1.0,0.43875356157093354,margin,SPEAKER_02
real,400.0,long_00008_672-5639-121,s2,coarse_to_fine,1,False,7.814981925481115e-05,-0.3097187763795193,0.9898199875853507,0.40900672758639883,margin,SPEAKER_01
real,400.0,long_00008_672-5639-121,s3,coarse_to_fine,1,True,6.0267052579024655e-05,0.33551784133874185,0.9572030949359316,0.43475544304301805,accepted,SPEAKER_00
real,800.0,long_00008_672-5639-121,s1,gated_deflation,0,True,0.00010713417601982828,0.29163233646714637,0.9611401977894124,0.8215075933490075,accepted,SPEAKER_02
real,800.0,long_00008_672-5639-121,s2,gated_deflation,0,True,8.536424246290521e-05,0.18797210592198,0.9656749637555387,0.7597169435598139,accepted,SPEAKER_01
real,800.0,long_00008_672-5639-121,s3,gated_deflation,0,True,5.861822674980404e-05,0.4271682799172452,0.9440103744529097,0.7807887032395479,accepted,SPEAKER_00
real,800.0,long_00008_672-5639-121,s1,coarse_to_fine,0,True,0.00010713417601982828,0.26288414235586577,1.0,0.4392582641961171,accepted,SPEAKER_02
real,800.0,long_00008_672-5639-121,s2,coarse_to_fine,0,False,8.536424246290521e-05,-0.148242306739085,0.9898199875853507,0.4097012587097317,margin,SPEAKER_01
real,800.0,long_00008_672-5639-121,s3,coarse_to_fine,0,True,5.861822674980404e-05,0.15505094994426005,0.9312482546774644,0.45416349568933895,accepted,SPEAKER_00
real,800.0,long_00008_672-5639-121,s1,coarse_to_fine,1,True,0.00010713417601982828,0.5208501571175196,1.0,0.4171534091657322,accepted,SPEAKER_02
real,800.0,long_00008_672-5639-121,s2,coarse_to_fine,1,False,8.536424246290521e-05,-0.30167890795883623,0.9898199875853507,0.4097012587097317,margin,SPEAKER_01
real,800.0,long_00008_672-5639-121,s3,coarse_to_fine,1,True,5.861822674980404e-05,0.3367190327476629,0.9314397414927993,0.4422410662934768,accepted,SPEAKER_00
oracle,0.0,long_00009_4992-5105-1580,s1,gated_deflation,0,True,0.0,0.43324940585959343,0.9709656944702458,0.7383235406286182,accepted,s1
oracle,0.0,long_00009_4992-5105-1580,s2,gated_deflation,0,True,0.0,0.42479848348260696,1.0,0.7542666106314537,accepted,s2
oracle,0.0,long_00009_4992-5105-1580,s3,gated_deflation,0,True,0.0,0.3535203017683766,0.9922458097673097,0.8331502742336412,accepted,s3
oracle,0.0,long_00009_4992-5105-1580,s1,coarse_to_fine,0,True,0.0,0.27797249508624083,0.9709656944702458,0.4014099156498403,accepted,s1
oracle,0.0,long_00009_4992-5105-1580,s2,coarse_to_fine,0,True,0.0,0.5381649179363359,1.0,0.5195234483296951,accepted,s2
oracle,0.0,long_00009_4992-5105-1580,s3,coarse_to_fine,0,False,0.0,0.07356545148742999,1.0,0.6174474207037774,margin,s3
oracle,0.0,long_00009_4992-5105-1580,s1,coarse_to_fine,1,True,0.0,0.5129255359615028,0.9696807851879373,0.3733453357087274,accepted,s1
oracle,0.0,long_00009_4992-5105-1580,s2,coarse_to_fine,1,True,0.0,0.6405869559284318,1.0,0.5179318505828179,accepted,s2
oracle,0.0,long_00009_4992-5105-1580,s3,coarse_to_fine,1,False,0.0,0.019584975073156485,1.0,0.6174474207037774,margin,s3
oracle,200.0,long_00009_4992-5105-1580,s1,gated_deflation,0,True,0.0,0.43165735957701556,0.9588965685974677,0.7382528011578793,accepted,s1
oracle,200.0,long_00009_4992-5105-1580,s2,gated_deflation,0,True,0.0,0.42306152023667637,1.0,0.7545337454439446,accepted,s2
oracle,200.0,long_00009_4992-5105-1580,s3,gated_deflation,0,True,0.0,0.3523696219821295,0.992318703509624,0.8331843523659619,accepted,s3
oracle,200.0,long_00009_4992-5105-1580,s1,coarse_to_fine,0,True,0.0,0.2820277729727434,0.9588965685974677,0.40156269895085994,accepted,s1
oracle,200.0,long_00009_4992-5105-1580,s2,coarse_to_fine,0,True,0.0,0.5371032437157109,1.0,0.5200972695720404,accepted,s2
oracle,200.0,long_00009_4992-5105-1580,s3,coarse_to_fine,0,False,0.0,0.08678124644221286,0.9970859640602234,0.6168006716679317,margin,s3
oracle,200.0,long_00009_4992-5105-1580,s1,coarse_to_fine,1,True,0.0,0.5034791823778576,0.9578338124655942,0.3760143439336224,accepted,s1
oracle,200.0,long_00009_4992-5105-1580,s2,coarse_to_fine,1,True,0.0,0.6394991513606088,1.0,0.5166688759849373,accepted,s2
oracle,200.0,long_00009_4992-5105-1580,s3,coarse_to_fine,1,False,0.0,0.03188965696525714,0.9970859640602234,0.6168006716679317,margin,s3
oracle,400.0,long_00009_4992-5105-1580,s1,gated_deflation,0,True,0.0,0.4324086569233692,0.9580865913348239,0.7381551849315936,accepted,s1
oracle,400.0,long_00009_4992-5105-1580,s2,gated_deflation,0,True,0.0,0.42270811148895615,1.0,0.7546007163768107,accepted,s2
oracle,400.0,long_00009_4992-5105-1580,s3,gated_deflation,0,True,0.0,0.35172550236150996,0.9924027732091799,0.8332160274696574,accepted,s3
oracle,400.0,long_00009_4992-5105-1580,s1,coarse_to_fine,0,True,0.0,0.2905464434396767,0.9580865913348239,0.39867599489329003,accepted,s1
oracle,400.0,long_00009_4992-5105-1580,s2,coarse_to_fine,0,True,0.0,0.5374416504912964,1.0,0.5188295307795274,accepted,s2
oracle,400.0,long_00009_4992-5105-1580,s3,coarse_to_fine,0,True,0.0,0.1033972029532525,0.9971407606082842,0.6161057280827421,accepted,s3
oracle,400.0,long_00009_4992-5105-1580,s1,coarse_to_fine,1,True,0.0,0.4202070172194706,0.957036678953411,0.3740102575909096,accepted,s1
oracle,400.0,long_00009_4992-5105-1580,s2,coarse_to_fine,1,True,0.0,0.46344524373212165,1.0,0.5153691050487503,accepted,s2
oracle,400.0,long_00009_4992-5105-1580,s3,coarse_to_fine,1,False,0.0,-0.004192125885058684,1.0,0.6324262196066914,margin,s3
oracle,800.0,long_00009_4992-5105-1580,s1,gated_deflation,0,True,0.0,0.4322250266088432,0.9555726001534014,0.7381183549899442,accepted,s1
oracle,800.0,long_00009_4992-5105-1580,s2,gated_deflation,0,True,0.0,0.4205720499372776,1.0,0.754577518834245,accepted,s2
oracle,800.0,long_00009_4992-5105-1580,s3,gated_deflation,0,True,0.0,0.351332277823963,0.9707410530492795,0.8332922623178822,accepted,s3
oracle,800.0,long_00009_4992-5105-1580,s1,coarse_to_fine,0,True,0.0,0.3124579652809031,0.9555726001534014,0.39528206568811963,accepted,s1
oracle,800.0,long_00009_4992-5105-1580,s2,coarse_to_fine,0,True,0.0,0.533550311337215,1.0,0.5169975583477536,accepted,s2
oracle,800.0,long_00009_4992-5105-1580,s3,coarse_to_fine,0,True,0.0,0.12255740200107579,0.9907554376131544,0.6173898935747812,accepted,s3
oracle,800.0,long_00009_4992-5105-1580,s1,coarse_to_fine,1,True,0.0,0.43568974699597546,0.954259838338545,0.3740224264325177,accepted,s1
oracle,800.0,long_00009_4992-5105-1580,s2,coarse_to_fine,1,True,0.0,0.46935275369462326,1.0,0.5136128729561603,accepted,s2
oracle,800.0,long_00009_4992-5105-1580,s3,coarse_to_fine,1,False,0.0,0.017486054151330643,0.9953560179559039,0.6339204655321781,margin,s3
real,0.0,long_00009_4992-5105-1580,s1,gated_deflation,0,True,5.031928522641089e-05,0.44821201271276656,0.9987046632124352,0.7526090509608712,accepted,SPEAKER_02
real,0.0,long_00009_4992-5105-1580,s2,gated_deflation,0,True,3.234701503994554e-05,0.44507272104182705,1.0,0.7755301676127381,accepted,SPEAKER_00
real,0.0,long_00009_4992-5105-1580,s3,gated_deflation,0,True,5.7955696026185394e-05,0.34580646178212754,1.0,0.8515689363994765,accepted,SPEAKER_01
real,0.0,long_00009_4992-5105-1580,s1,coarse_to_fine,0,True,5.031928522641089e-05,0.24074539990356814,1.0,0.35569004365758083,accepted,SPEAKER_02
real,0.0,long_00009_4992-5105-1580,s2,coarse_to_fine,0,True,3.234701503994554e-05,0.4322985590723952,1.0,0.4642453119325163,accepted,SPEAKER_00
real,0.0,long_00009_4992-5105-1580,s3,coarse_to_fine,0,False,5.7955696026185394e-05,0.09252519787917346,1.0,0.599771047358367,margin,SPEAKER_01
real,0.0,long_00009_4992-5105-1580,s1,coarse_to_fine,1,True,5.031928522641089e-05,0.5128729095937534,1.0,0.33532548416076613,accepted,SPEAKER_02
real,0.0,long_00009_4992-5105-1580,s2,coarse_to_fine,1,True,3.234701503994554e-05,0.5633337629347208,1.0,0.48244492877778505,accepted,SPEAKER_00
real,0.0,long_00009_4992-5105-1580,s3,coarse_to_fine,1,False,5.7955696026185394e-05,0.027832551565345365,1.0,0.599771047358367,margin,SPEAKER_01
real,200.0,long_00009_4992-5105-1580,s1,gated_deflation,0,True,5.031928522641089e-05,0.4486617907506756,0.9987796058578918,0.7521510376702701,accepted,SPEAKER_02
real,200.0,long_00009_4992-5105-1580,s2,gated_deflation,0,True,3.295061452765852e-05,0.44514034123429685,1.0,0.7732987324211059,accepted,SPEAKER_00
real,200.0,long_00009_4992-5105-1580,s3,gated_deflation,0,True,5.943552453174352e-05,0.340010336664027,1.0,0.8514785992551224,accepted,SPEAKER_01
real,200.0,long_00009_4992-5105-1580,s1,coarse_to_fine,0,True,5.031928522641089e-05,0.22115544291544686,1.0,0.35948349765727056,accepted,SPEAKER_02
real,200.0,long_00009_4992-5105-1580,s2,coarse_to_fine,0,True,3.295061452765852e-05,0.48671355742408906,1.0,0.4493812674368079,accepted,SPEAKER_00
real,200.0,long_00009_4992-5105-1580,s3,coarse_to_fine,0,False,5.943552453174352e-05,0.08992914857442214,1.0,0.5999644010369658,margin,SPEAKER_01
real,200.0,long_00009_4992-5105-1580,s1,coarse_to_fine,1,True,5.031928522641089e-05,0.49606044011731315,1.0,0.34709618260605574,accepted,SPEAKER_02
real,200.0,long_00009_4992-5105-1580,s2,coarse_to_fine,1,True,3.295061452765852e-05,0.5957563025698136,1.0,0.47561707388861235,accepted,SPEAKER_00
real,200.0,long_00009_4992-5105-1580,s3,coarse_to_fine,1,False,5.943552453174352e-05,0.036461126891147,1.0,0.5999644010369658,margin,SPEAKER_01
real,400.0,long_00009_4992-5105-1580,s1,gated_deflation,0,True,5.031928522641089e-05,0.4478310929716744,0.9827892667920014,0.7520092487457546,accepted,SPEAKER_02
real,400.0,long_00009_4992-5105-1580,s2,gated_deflation,0,True,3.305544938784377e-05,0.4452280131627701,1.0,0.7736310895977853,accepted,SPEAKER_00
real,400.0,long_00009_4992-5105-1580,s3,gated_deflation,0,True,5.874030145791915e-05,0.33862867587684214,1.0,0.851240212313557,accepted,SPEAKER_01
real,400.0,long_00009_4992-5105-1580,s1,coarse_to_fine,0,True,5.031928522641089e-05,0.2259904687062541,1.0,0.359337248863704,accepted,SPEAKER_02
real,400.0,long_00009_4992-5105-1580,s2,coarse_to_fine,0,True,3.305544938784377e-05,0.48472184462915385,1.0,0.45239790992917217,accepted,SPEAKER_00
real,400.0,long_00009_4992-5105-1580,s3,coarse_to_fine,0,False,5.874030145791915e-05,0.09700631305862228,1.0,0.5980173541120837,margin,SPEAKER_01
real,400.0,long_00009_4992-5105-1580,s1,coarse_to_fine,1,True,5.031928522641089e-05,0.5042877231265575,1.0,0.3474357524116448,accepted,SPEAKER_02
real,400.0,long_00009_4992-5105-1580,s2,coarse_to_fine,1,True,3.305544938784377e-05,0.5761594091597207,1.0,0.4814376783183811,accepted,SPEAKER_00
real,400.0,long_00009_4992-5105-1580,s3,coarse_to_fine,1,False,5.874030145791915e-05,0.03988314245009572,1.0,0.5980173541120837,margin,SPEAKER_01
real,800.0,long_00009_4992-5105-1580,s1,gated_deflation,0,True,5.024605490300403e-05,0.4460863975772636,0.9731531382140785,0.7521422475343181,accepted,SPEAKER_02
real,800.0,long_00009_4992-5105-1580,s2,gated_deflation,0,True,3.143583545444036e-05,0.4433807568811018,1.0,0.774782862017413,accepted,SPEAKER_00
real,800.0,long_00009_4992-5105-1580,s3,gated_deflation,0,True,5.897723832228897e-05,0.3351591959736771,1.0,0.8512002535830835,accepted,SPEAKER_01
real,800.0,long_00009_4992-5105-1580,s1,coarse_to_fine,0,True,5.024605490300403e-05,0.39106760728888823,0.9930803231214754,0.32795494137156106,accepted,SPEAKER_02
real,800.0,long_00009_4992-5105-1580,s2,coarse_to_fine,0,True,3.143583545444036e-05,0.5167004991406356,1.0,0.5104415228629349,accepted,SPEAKER_00
real,800.0,long_00009_4992-5105-1580,s3,coarse_to_fine,0,False,5.897723832228897e-05,0.08557989329373883,1.0,0.5976677357290773,margin,SPEAKER_01
real,800.0,long_00009_4992-5105-1580,s1,coarse_to_fine,1,True,5.024605490300403e-05,0.5695618672350721,1.0,0.33523264806825526,accepted,SPEAKER_02
real,800.0,long_00009_4992-5105-1580,s2,coarse_to_fine,1,True,3.143583545444036e-05,0.6155410994259165,1.0,0.5061522258881361,accepted,SPEAKER_00
real,800.0,long_00009_4992-5105-1580,s3,coarse_to_fine,1,False,5.897723832228897e-05,0.04212399151148605,1.0,0.5976677357290773,margin,SPEAKER_01
oracle,0.0,long_00010_2300-1089-8463,s1,gated_deflation,0,True,0.0,0.29643015467997547,0.9960992907801418,0.7271065959863129,accepted,s1
oracle,0.0,long_00010_2300-1089-8463,s2,gated_deflation,0,True,0.0,0.30219390362839604,0.9288460295922982,0.7672424106163763,accepted,s2
oracle,0.0,long_00010_2300-1089-8463,s3,gated_deflation,0,True,0.0,0.46784150890616255,0.9781144781144782,0.7792563115220169,accepted,s3
oracle,0.0,long_00010_2300-1089-8463,s1,coarse_to_fine,0,False,0.0,-0.025225902730992567,0.9960992907801418,0.2969292800745259,margin,s1
oracle,0.0,long_00010_2300-1089-8463,s2,coarse_to_fine,0,True,0.0,0.10134943897995574,1.0,0.36969326301478783,accepted,s2
oracle,0.0,long_00010_2300-1089-8463,s3,coarse_to_fine,0,False,0.0,0.04757396417739512,0.9865319865319865,0.5178281970403698,margin,s3
oracle,0.0,long_00010_2300-1089-8463,s1,coarse_to_fine,1,False,0.0,-0.21406207571318547,0.9960992907801418,0.2969292800745259,margin,s1
oracle,0.0,long_00010_2300-1089-8463,s2,coarse_to_fine,1,True,0.0,0.23361124347948636,0.9928191489361702,0.33105209288205417,accepted,s2
oracle,0.0,long_00010_2300-1089-8463,s3,coarse_to_fine,1,False,0.0,-0.035831522671880944,0.9865319865319865,0.5178281970403698,margin,s3
oracle,200.0,long_00010_2300-1089-8463,s1,gated_deflation,0,True,0.0,0.2959789963031425,0.9961489497135583,0.7271097835555539,accepted,s1
oracle,200.0,long_00010_2300-1089-8463,s2,gated_deflation,0,True,0.0,0.2967973591006366,0.9357857051731836,0.7675387253688003,accepted,s2
oracle,200.0,long_00010_2300-1089-8463,s3,gated_deflation,0,True,0.0,0.4665568924394748,0.9778109818460752,0.7792226031449582,accepted,s3
oracle,200.0,long_00010_2300-1089-8463,s1,coarse_to_fine,0,False,0.0,-0.0026900492005601517,0.9961489497135583,0.296248081584831,margin,s1
oracle,200.0,long_00010_2300-1089-8463,s2,coarse_to_fine,0,True,0.0,0.1046452978026603,1.0,0.3702571774533243,accepted,s2
oracle,200.0,long_00010_2300-1089-8463,s3,coarse_to_fine,0,False,0.0,0.05376217691143137,0.9866562260291486,0.5158070833211632,margin,s3
oracle,200.0,long_00010_2300-1089-8463,s1,coarse_to_fine,1,False,0.0,-0.19005991554016766,0.9961489497135583,0.296248081584831,margin,s1
oracle,200.0,long_00010_2300-1089-8463,s2,coarse_to_fine,1,True,0.0,0.23570706623933713,0.9961648631444939,0.3318768136139735,accepted,s2
oracle,200.0,long_00010_2300-1089-8463,s3,coarse_to_fine,1,False,0.0,-0.030036697437810678,0.9866562260291486,0.5158070833211632,margin,s3
oracle,400.0,long_00010_2300-1089-8463,s1,gated_deflation,0,True,0.0,0.29726467741604534,0.9961973601508485,0.7269870775285342,accepted,s1
oracle,400.0,long_00010_2300-1089-8463,s2,gated_deflation,0,True,0.0,0.2947255359978845,0.9247653838886439,0.7667951450798147,accepted,s2
oracle,400.0,long_00010_2300-1089-8463,s3,gated_deflation,0,True,0.0,0.46313575996765294,0.9745329462257006,0.779051726505039,accepted,s3
oracle,400.0,long_00010_2300-1089-8463,s1,coarse_to_fine,0,False,0.0,0.010869061298646732,0.9961973601508485,0.29545485892623413,margin,s1
oracle,400.0,long_00010_2300-1089-8463,s2,coarse_to_fine,0,True,0.0,0.10438115357106104,0.9910590823381521,0.3663209499163001,accepted,s2
oracle,400.0,long_00010_2300-1089-8463,s3,coarse_to_fine,0,False,0.0,0.0614683791088948,0.9867931078010603,0.515249876775909,margin,s3
oracle,400.0,long_00010_2300-1089-8463,s1,coarse_to_fine,1,False,0.0,-0.17422670772642712,0.9961973601508485,0.29545485892623413,margin,s1
oracle,400.0,long_00010_2300-1089-8463,s2,coarse_to_fine,1,True,0.0,0.23769010450486194,0.9833988057825267,0.3309562857716225,accepted,s2
oracle,400.0,long_00010_2300-1089-8463,s3,coarse_to_fine,1,False,0.0,-0.021829225846337952,0.9867931078010603,0.515249876775909,margin,s3
oracle,800.0,long_00010_2300-1089-8463,s1,gated_deflation,0,True,0.0,0.29023577159643155,0.9962829552421827,0.7269016240754945,accepted,s1
oracle,800.0,long_00010_2300-1089-8463,s2,gated_deflation,0,True,0.0,0.2947005728185423,0.920758585734472,0.7670225323803324,accepted,s2
oracle,800.0,long_00010_2300-1089-8463,s3,gated_deflation,0,True,0.0,0.465278691362702,0.9713586555035706,0.7794548723585865,accepted,s3
oracle,800.0,long_00010_2300-1089-8463,s1,coarse_to_fine,0,False,0.0,0.04050824669667363,0.9962829552421827,0.2937691213113851,margin,s1
oracle,800.0,long_00010_2300-1089-8463,s2,coarse_to_fine,0,True,0.0,0.11604806343118446,0.9667841814837523,0.37020670366574093,accepted,s2
oracle,800.0,long_00010_2300-1089-8463,s3,coarse_to_fine,0,True,0.0,0.12158189531159891,0.9872645284412707,0.5189750002690815,accepted,s3
oracle,800.0,long_00010_2300-1089-8463,s1,coarse_to_fine,1,False,0.0,-0.1379613219619814,0.9962829552421827,0.2937691213113851,margin,s1
oracle,800.0,long_00010_2300-1089-8463,s2,coarse_to_fine,1,True,0.0,0.24942189742298349,0.9624156958920908,0.33698659220644644,accepted,s2
oracle,800.0,long_00010_2300-1089-8463,s3,coarse_to_fine,1,True,0.0,0.1998794985946296,0.987849359763605,0.5178181965189388,accepted,s3
real,0.0,long_00010_2300-1089-8463,s1,gated_deflation,0,True,2.4481260891100974e-05,0.4404380704478516,0.9870791809212157,0.7382655782555526,accepted,SPEAKER_02
real,0.0,long_00010_2300-1089-8463,s2,gated_deflation,0,True,0.00019383274115203795,0.22888545938254123,0.9861875258157786,0.778175957293336,accepted,SPEAKER_01
real,0.0,long_00010_2300-1089-8463,s3,gated_deflation,0,True,4.6022024218494805e-05,0.636147769306552,0.9996160039638301,0.7995782252130234,accepted,SPEAKER_00
real,0.0,long_00010_2300-1089-8463,s1,coarse_to_fine,0,True,2.4481260891100974e-05,0.3022873462058959,0.9878595478595479,0.2550512137336388,accepted,SPEAKER_02
real,0.0,long_00010_2300-1089-8463,s2,coarse_to_fine,0,False,0.00019383274115203795,-0.2568870947674866,1.0,0.2990464165161134,margin,SPEAKER_01
real,0.0,long_00010_2300-1089-8463,s3,coarse_to_fine,0,False,4.6022024218494805e-05,-0.07584156083076354,1.0,0.5001733481371398,margin,SPEAKER_00
real,0.0,long_00010_2300-1089-8463,s1,coarse_to_fine,1,True,2.4481260891100974e-05,0.4671981740747286,0.987974987974988,0.28144018457333037,accepted,SPEAKER_02
real,0.0,long_00010_2300-1089-8463,s2,coarse_to_fine,1,False,0.00019383274115203795,-0.42765707403883224,1.0,0.2990464165161134,margin,SPEAKER_01
real,0.0,long_00010_2300-1089-8463,s3,coarse_to_fine,1,False,4.6022024218494805e-05,-0.07584156083076354,1.0,0.5001733481371398,margin,SPEAKER_00
real,200.0,long_00010_2300-1089-8463,s1,gated_deflation,0,True,2.453387381996578e-05,0.4582506037617026,0.987798330811655,0.7382920410608167,accepted,SPEAKER_02
real,200.0,long_00010_2300-1089-8463,s2,gated_deflation,0,True,0.00024670493601979866,0.20575812634137775,0.971924585600405,0.7804792388113315,accepted,SPEAKER_01
real,200.0,long_00010_2300-1089-8463,s3,gated_deflation,0,True,4.6022024218494805e-05,0.6230975710271011,0.9994887414336996,0.7992826134364552,accepted,SPEAKER_00
real,200.0,long_00010_2300-1089-8463,s1,coarse_to_fine,0,True,2.453387381996578e-05,0.3619246279191617,0.9878787878787879,0.25681390991457703,accepted,SPEAKER_02
real,200.0,long_00010_2300-1089-8463,s2,coarse_to_fine,0,False,0.00024670493601979866,-0.15367350458877382,1.0,0.3161839566283832,margin,SPEAKER_01
real,200.0,long_00010_2300-1089-8463,s3,coarse_to_fine,0,False,4.6022024218494805e-05,-0.08096930250194123,1.0,0.5010519850117838,margin,SPEAKER_00
real,200.0,long_00010_2300-1089-8463,s1,coarse_to_fine,1,True,2.453387381996578e-05,0.5284453025958842,0.987994227994228,0.28208951786016473,accepted,SPEAKER_02
real,200.0,long_00010_2300-1089-8463,s2,coarse_to_fine,1,False,0.00024670493601979866,-0.32978126459838797,1.0,0.3161839566283832,margin,SPEAKER_01
real,200.0,long_00010_2300-1089-8463,s3,coarse_to_fine,1,False,4.6022024218494805e-05,-0.08096930250194123,1.0,0.5010519850117838,margin,SPEAKER_00
real,400.0,long_00010_2300-1089-8463,s1,gated_deflation,0,True,2.4738036062355836e-05,0.3632462170246079,0.9880244125138161,0.7382625579840519,accepted,SPEAKER_02
real,400.0,long_00010_2300-1089-8463,s2,gated_deflation,0,True,0.0002798581441862954,0.1645207912643758,0.968439427997513,0.7831055836796251,accepted,SPEAKER_01
real,400.0,long_00010_2300-1089-8463,s3,gated_deflation,0,True,4.6022024218494805e-05,0.5923842487252144,0.9832735382526908,0.799169258000239,accepted,SPEAKER_00
real,400.0,long_00010_2300-1089-8463,s1,coarse_to_fine,0,True,2.4738036062355836e-05,0.2322366260343487,0.987917267917268,0.2584564979824262,accepted,SPEAKER_02
real,400.0,long_00010_2300-1089-8463,s2,coarse_to_fine,0,False,0.0002798581441862954,-0.0815249196506046,1.0,0.34135062209086536,margin,SPEAKER_01
real,400.0,long_00010_2300-1089-8463,s3,coarse_to_fine,0,False,4.6022024218494805e-05,0.026839987736696047,1.0,0.5017025815744782,margin,SPEAKER_00
real,400.0,long_00010_2300-1089-8463,s1,coarse_to_fine,1,True,2.4738036062355836e-05,0.39873037452392357,1.0,0.2840311052715753,accepted,SPEAKER_02
real,400.0,long_00010_2300-1089-8463,s2,coarse_to_fine,1,False,0.0002798581441862954,-0.24021229028108437,1.0,0.34135062209086536,margin,SPEAKER_01
real,400.0,long_00010_2300-1089-8463,s3,coarse_to_fine,1,False,4.6022024218494805e-05,-0.025258008251700104,1.0,0.5017025815744782,margin,SPEAKER_00
real,800.0,long_00010_2300-1089-8463,s1,gated_deflation,0,True,2.5893436029672567e-05,0.29071946313953567,0.9795608186861858,0.7386083945170919,accepted,SPEAKER_02
real,800.0,long_00010_2300-1089-8463,s2,gated_deflation,0,True,0.0,0.32724355821087614,0.998868374032162,0.7914249950876416,accepted,SPEAKER_01
real,800.0,long_00010_2300-1089-8463,s3,gated_deflation,0,True,4.6022024218494805e-05,0.4789272541765129,0.895713638423199,0.7985463686510558,accepted,SPEAKER_00
real,800.0,long_00010_2300-1089-8463,s1,coarse_to_fine,0,True,2.5893436029672567e-05,0.21604418010895043,0.9879557479557479,0.25842241435398255,accepted,SPEAKER_02
real,800.0,long_00010_2300-1089-8463,s2,coarse_to_fine,0,False,0.0,0.05708116754199266,1.0,0.3602900748378633,margin,SPEAKER_01
real,800.0,long_00010_2300-1089-8463,s3,coarse_to_fine,0,True,4.6022024218494805e-05,0.3281686398267991,0.9702630166398283,0.5093756414453823,accepted,SPEAKER_00
real,800.0,long_00010_2300-1089-8463,s1,coarse_to_fine,1,True,2.5893436029672567e-05,0.38478772766935654,1.0,0.28434023493407246,accepted,SPEAKER_02
real,800.0,long_00010_2300-1089-8463,s2,coarse_to_fine,1,False,0.0,-0.09715436750594819,1.0,0.3602900748378633,margin,SPEAKER_01
real,800.0,long_00010_2300-1089-8463,s3,coarse_to_fine,1,True,4.6022024218494805e-05,0.4895309223384017,0.9827339416711397,0.5203681728704651,accepted,SPEAKER_00
oracle,0.0,long_00011_5683-7176-4507,s1,gated_deflation,0,True,0.0,0.5635842251085645,0.9490069284064665,0.7906003890571861,accepted,s1
oracle,0.0,long_00011_5683-7176-4507,s2,gated_deflation,0,True,0.0,0.35744606197164946,0.9474107392560828,0.7658090653877401,accepted,s2
oracle,0.0,long_00011_5683-7176-4507,s3,gated_deflation,0,True,0.0,0.46389504302000595,0.9733041678426945,0.7100484958183765,accepted,s3
oracle,0.0,long_00011_5683-7176-4507,s1,coarse_to_fine,0,True,0.0,0.3264592167192078,0.9490069284064665,0.5284694598456567,accepted,s1
oracle,0.0,long_00011_5683-7176-4507,s2,coarse_to_fine,0,True,0.0,0.6766983912843234,0.9713625866050808,0.41245104385543624,accepted,s2
oracle,0.0,long_00011_5683-7176-4507,s3,coarse_to_fine,0,False,0.0,-0.04860585594572436,0.9560243986577602,0.3809434955159253,margin,s3
oracle,0.0,long_00011_5683-7176-4507,s1,coarse_to_fine,1,True,0.0,0.5134018349465782,0.957328714395689,0.5574660655950396,accepted,s1
oracle,0.0,long_00011_5683-7176-4507,s2,coarse_to_fine,1,True,0.0,0.6535385959509425,0.9713317936874519,0.41767719817246185,accepted,s2
oracle,0.0,long_00011_5683-7176-4507,s3,coarse_to_fine,1,False,0.0,-0.06800529073770928,0.9560243986577602,0.3809434955159253,margin,s3
oracle,200.0,long_00011_5683-7176-4507,s1,gated_deflation,0,True,0.0,0.5544699920020408,0.9456349809885931,0.7904711762992043,accepted,s1
oracle,200.0,long_00011_5683-7176-4507,s2,gated_deflation,0,True,0.0,0.35509036803102595,0.9426160952702495,0.7649055149970058,accepted,s2
oracle,200.0,long_00011_5683-7176-4507,s3,gated_deflation,0,True,0.0,0.4662255745847059,0.9667048657354353,0.7094529729056676,accepted,s3
oracle,200.0,long_00011_5683-7176-4507,s1,coarse_to_fine,0,True,0.0,0.34565931248671156,0.9456349809885931,0.5267395350527576,accepted,s1
oracle,200.0,long_00011_5683-7176-4507,s2,coarse_to_fine,0,True,0.0,0.6806654373005973,0.95906463878327,0.405804462481314,accepted,s2
oracle,200.0,long_00011_5683-7176-4507,s3,coarse_to_fine,0,False,0.0,-0.034751335980683806,0.9566001796388639,0.38078037200064035,margin,s3
oracle,200.0,long_00011_5683-7176-4507,s1,coarse_to_fine,1,True,0.0,0.5244883818612307,0.9578555133079848,0.5566760656452738,accepted,s1
oracle,200.0,long_00011_5683-7176-4507,s2,coarse_to_fine,1,True,0.0,0.6549519918184724,0.9595209125475285,0.41758821954089254,accepted,s2
oracle,200.0,long_00011_5683-7176-4507,s3,coarse_to_fine,1,False,0.0,-0.05423220516899829,0.9566001796388639,0.38078037200064035,margin,s3
oracle,400.0,long_00011_5683-7176-4507,s1,gated_deflation,0,True,0.0,0.559425085636875,0.9405785123966942,0.7904277679320549,accepted,s1
oracle,400.0,long_00011_5683-7176-4507,s2,gated_deflation,0,True,0.0,0.35990249888651576,0.9348071616991601,0.7650206858672134,accepted,s2
oracle,400.0,long_00011_5683-7176-4507,s3,gated_deflation,0,True,0.0,0.46397119901845646,0.9671811423501698,0.709615461336831,accepted,s3
oracle,400.0,long_00011_5683-7176-4507,s1,coarse_to_fine,0,True,0.0,0.34390735501492725,0.9422464312546958,0.5268936028443241,accepted,s1
oracle,400.0,long_00011_5683-7176-4507,s2,coarse_to_fine,0,True,0.0,0.6914094855820774,0.9579864763335838,0.4029857398373734,accepted,s2
oracle,400.0,long_00011_5683-7176-4507,s3,coarse_to_fine,0,False,0.0,0.004359168107296418,0.957337779545385,0.38047668862284184,margin,s3
oracle,400.0,long_00011_5683-7176-4507,s1,coarse_to_fine,1,True,0.0,0.5200791764741728,0.958084147257701,0.5577386136542186,accepted,s1
oracle,400.0,long_00011_5683-7176-4507,s2,coarse_to_fine,1,True,0.0,0.6570415616398071,0.9616679188580015,0.41503255339066103,accepted,s2
oracle,400.0,long_00011_5683-7176-4507,s3,coarse_to_fine,1,False,0.0,-0.009561923938310679,0.957337779545385,0.38047668862284184,margin,s3
oracle,800.0,long_00011_5683-7176-4507,s1,gated_deflation,0,True,0.0,0.558452130985644,0.9381217901687454,0.7905374377724111,accepted,s1
oracle,800.0,long_00011_5683-7176-4507,s2,gated_deflation,0,True,0.0,0.3482526305071761,0.9396443266925195,0.7652543988629971,accepted,s2
oracle,800.0,long_00011_5683-7176-4507,s3,gated_deflation,0,True,0.0,0.46349165153457694,0.9680323707707469,0.709963369926613,accepted,s3
oracle,800.0,long_00011_5683-7176-4507,s1,coarse_to_fine,0,True,0.0,0.3953140570300559,0.9381217901687454,0.5253959734141134,accepted,s1
oracle,800.0,long_00011_5683-7176-4507,s2,coarse_to_fine,0,True,0.0,0.6896949091945777,0.9635509904622157,0.40940253512283115,accepted,s2
oracle,800.0,long_00011_5683-7176-4507,s3,coarse_to_fine,0,False,0.0,0.07927394669856763,0.9582225938423866,0.37640996072508404,margin,s3
oracle,800.0,long_00011_5683-7176-4507,s1,coarse_to_fine,1,True,0.0,0.5462099623408967,0.9537637564196625,0.5564757761599068,accepted,s1
oracle,800.0,long_00011_5683-7176-4507,s2,coarse_to_fine,1,True,0.0,0.6616277636407444,0.9625898752751284,0.41341149923600345,accepted,s2
oracle,800.0,long_00011_5683-7176-4507,s3,coarse_to_fine,1,False,0.0,0.06780268733266348,0.9582225938423866,0.37640996072508404,margin,s3
real,0.0,long_00011_5683-7176-4507,s1,gated_deflation,0,True,4.1741069189270015e-05,0.5520011020154953,0.9613902237755448,0.8052226371976028,accepted,SPEAKER_00
real,0.0,long_00011_5683-7176-4507,s2,gated_deflation,0,True,6.865437512250634e-05,0.3771090891409636,0.9958496804599403,0.7771699245788412,accepted,SPEAKER_01
real,0.0,long_00011_5683-7176-4507,s3,gated_deflation,0,True,3.4119891703388527e-05,0.45945598068231097,0.98085917896216,0.7255692535529387,accepted,SPEAKER_02
real,0.0,long_00011_5683-7176-4507,s1,coarse_to_fine,0,True,4.1741069189270015e-05,0.3221260804992949,1.0,0.5504004880651566,accepted,SPEAKER_00
real,0.0,long_00011_5683-7176-4507,s2,coarse_to_fine,0,True,6.865437512250634e-05,0.6154795869428651,1.0,0.4059304687747249,accepted,SPEAKER_01
real,0.0,long_00011_5683-7176-4507,s3,coarse_to_fine,0,True,3.4119891703388527e-05,0.18958432512562273,1.0,0.35817942752608917,accepted,SPEAKER_02
real,0.0,long_00011_5683-7176-4507,s1,coarse_to_fine,1,True,4.1741069189270015e-05,0.5863048765685119,1.0,0.5665849438896137,accepted,SPEAKER_00
real,0.0,long_00011_5683-7176-4507,s2,coarse_to_fine,1,True,6.865437512250634e-05,0.629061224545155,1.0,0.3795542611022642,accepted,SPEAKER_01
real,0.0,long_00011_5683-7176-4507,s3,coarse_to_fine,1,True,3.4119891703388527e-05,0.3906469050658518,1.0,0.3647588743690911,accepted,SPEAKER_02
real,200.0,long_00011_5683-7176-4507,s1,gated_deflation,0,True,4.1741069189270015e-05,0.5445429493606946,0.9615711444585066,0.8051614521303606,accepted,SPEAKER_00
real,200.0,long_00011_5683-7176-4507,s2,gated_deflation,0,True,7.761586076205111e-05,0.37370371451249024,0.9739916014073318,0.7764774928258927,accepted,SPEAKER_01
real,200.0,long_00011_5683-7176-4507,s3,gated_deflation,0,True,3.2275791675394686e-05,0.4634906120893465,0.9716565170183638,0.7250993208016614,accepted,SPEAKER_02
real,200.0,long_00011_5683-7176-4507,s1,coarse_to_fine,0,True,4.1741069189270015e-05,0.3517051410810151,1.0,0.5311125989938719,accepted,SPEAKER_00
real,200.0,long_00011_5683-7176-4507,s2,coarse_to_fine,0,True,7.761586076205111e-05,0.6226896729877865,1.0,0.40872732847996335,accepted,SPEAKER_01
real,200.0,long_00011_5683-7176-4507,s3,coarse_to_fine,0,False,3.2275791675394686e-05,0.05300778511108539,0.9761136478944699,0.3509227390342562,margin,SPEAKER_02
real,200.0,long_00011_5683-7176-4507,s1,coarse_to_fine,1,True,4.1741069189270015e-05,0.5948017764952443,1.0,0.5567655164125097,accepted,SPEAKER_00
real,200.0,long_00011_5683-7176-4507,s2,coarse_to_fine,1,True,7.761586076205111e-05,0.6856116361342185,1.0,0.38853003038923123,accepted,SPEAKER_01
real,200.0,long_00011_5683-7176-4507,s3,coarse_to_fine,1,False,3.2275791675394686e-05,0.01684751282361624,0.9761136478944699,0.3509227390342562,margin,SPEAKER_02
real,400.0,long_00011_5683-7176-4507,s1,gated_deflation,0,True,4.1741069189270015e-05,0.5465256744978952,0.9472835092003139,0.8052140658387084,accepted,SPEAKER_00
real,400.0,long_00011_5683-7176-4507,s2,gated_deflation,0,True,7.7046904497351e-05,0.3803184458294749,0.9726204716336295,0.7741835331593508,accepted,SPEAKER_01
real,400.0,long_00011_5683-7176-4507,s3,gated_deflation,0,True,3.583274335442265e-05,0.4627184277221252,0.970036866359447,0.7253098237206111,accepted,SPEAKER_02
real,400.0,long_00011_5683-7176-4507,s1,coarse_to_fine,0,True,4.1741069189270015e-05,0.337529375850833,0.9898715041572185,0.5321558076902182,accepted,SPEAKER_00
real,400.0,long_00011_5683-7176-4507,s2,coarse_to_fine,0,True,7.7046904497351e-05,0.6178842884628023,1.0,0.37864110208502544,accepted,SPEAKER_01
real,400.0,long_00011_5683-7176-4507,s3,coarse_to_fine,0,False,3.583274335442265e-05,0.048842392660978284,0.9761136478944699,0.3537830501465399,margin,SPEAKER_02
real,400.0,long_00011_5683-7176-4507,s1,coarse_to_fine,1,True,4.1741069189270015e-05,0.5902159643499877,1.0,0.5559128594104964,accepted,SPEAKER_00
real,400.0,long_00011_5683-7176-4507,s2,coarse_to_fine,1,True,7.7046904497351e-05,0.688787831002154,1.0,0.378840630090998,accepted,SPEAKER_01
real,400.0,long_00011_5683-7176-4507,s3,coarse_to_fine,1,False,3.583274335442265e-05,0.00729677341208762,0.9761136478944699,0.3537830501465399,margin,SPEAKER_02
real,800.0,long_00011_5683-7176-4507,s1,gated_deflation,0,True,4.1741069189270015e-05,0.5446801995582993,0.9371680291414292,0.8051874421278608,accepted,SPEAKER_00
real,800.0,long_00011_5683-7176-4507,s2,gated_deflation,0,True,0.00014212795436417992,0.29738520373666333,0.9610612750484486,0.7820255962932112,accepted,SPEAKER_01
real,800.0,long_00011_5683-7176-4507,s3,gated_deflation,0,True,3.611338683844302e-05,0.4648891878383875,0.97088630259624,0.72510203781665,accepted,SPEAKER_02
real,800.0,long_00011_5683-7176-4507,s1,coarse_to_fine,0,True,4.1741069189270015e-05,0.3662371948387114,0.9887053233992009,0.5325828961807324,accepted,SPEAKER_00
real,800.0,long_00011_5683-7176-4507,s2,coarse_to_fine,0,True,0.00014212795436417992,0.5511721424146678,0.9846843699044957,0.4742561748742634,accepted,SPEAKER_01
real,800.0,long_00011_5683-7176-4507,s3,coarse_to_fine,0,False,3.611338683844302e-05,0.0515383174054212,0.9760933536276002,0.35292714838162725,margin,SPEAKER_02
real,800.0,long_00011_5683-7176-4507,s1,coarse_to_fine,1,True,4.1741069189270015e-05,0.5929176536187437,1.0,0.5561804381029051,accepted,SPEAKER_00
real,800.0,long_00011_5683-7176-4507,s2,coarse_to_fine,1,True,0.00014212795436417992,0.6664207635546868,1.0,0.4585839883276003,accepted,SPEAKER_01
real,800.0,long_00011_5683-7176-4507,s3,coarse_to_fine,1,False,3.611338683844302e-05,-0.009163451472493755,0.9760933536276002,0.35292714838162725,margin,SPEAKER_02
oracle,0.0,long_00012_1284-2300-3570,s1,gated_deflation,0,True,0.0,0.3441935122098505,0.9870872350911779,0.7364768776084476,accepted,s1
oracle,0.0,long_00012_1284-2300-3570,s2,gated_deflation,0,True,0.0,0.40194166082506755,0.944026782112156,0.6732172651089899,accepted,s2
oracle,0.0,long_00012_1284-2300-3570,s3,gated_deflation,0,True,0.0,0.47227440437019075,0.954610273146923,0.7151323668464479,accepted,s3
oracle,0.0,long_00012_1284-2300-3570,s1,coarse_to_fine,0,False,0.0,-0.424809946956684,0.9870872350911779,0.2840027069848538,margin,s1
oracle,0.0,long_00012_1284-2300-3570,s2,coarse_to_fine,0,True,0.0,0.22401078895893944,0.9542280438681603,0.2276803714563582,accepted,s2
oracle,0.0,long_00012_1284-2300-3570,s3,coarse_to_fine,0,True,0.0,0.1740497543580552,0.9594836964511482,0.23779828226557823,accepted,s3
oracle,0.0,long_00012_1284-2300-3570,s1,coarse_to_fine,1,False,0.0,-0.4712314527091242,0.9870872350911779,0.2840027069848538,margin,s1
oracle,0.0,long_00012_1284-2300-3570,s2,coarse_to_fine,1,True,0.0,0.24555940913891605,0.9563450060274618,0.21452681493267722,accepted,s2
oracle,0.0,long_00012_1284-2300-3570,s3,coarse_to_fine,1,True,0.0,0.18823298783025955,0.9655626120960865,0.17005930583049586,accepted,s3
oracle,200.0,long_00012_1284-2300-3570,s1,gated_deflation,0,True,0.0,0.3481999915519168,0.9872547429868656,0.7364231962378547,accepted,s1
oracle,200.0,long_00012_1284-2300-3570,s2,gated_deflation,0,True,0.0,0.40186560775189706,0.9444793550562487,0.673127969922602,accepted,s2
oracle,200.0,long_00012_1284-2300-3570,s3,gated_deflation,0,True,0.0,0.47410208753681515,0.9493548574583709,0.7151469492419235,accepted,s3
oracle,200.0,long_00012_1284-2300-3570,s1,coarse_to_fine,0,False,0.0,-0.3981479994882717,0.9872547429868656,0.284222798337545,margin,s1
oracle,200.0,long_00012_1284-2300-3570,s2,coarse_to_fine,0,True,0.0,0.24511918630545715,0.9547165150678563,0.22840974421051582,accepted,s2
oracle,200.0,long_00012_1284-2300-3570,s3,coarse_to_fine,0,True,0.0,0.1910544529195411,0.959969195896661,0.23836484943024294,accepted,s3
oracle,200.0,long_00012_1284-2300-3570,s1,coarse_to_fine,1,False,0.0,-0.44988120341149657,0.9872547429868656,0.284222798337545,margin,s1
oracle,200.0,long_00012_1284-2300-3570,s2,coarse_to_fine,1,True,0.0,0.26495519627289477,0.9568233994943477,0.21358659720623946,accepted,s2
oracle,200.0,long_00012_1284-2300-3570,s3,coarse_to_fine,1,True,0.0,0.19090300918738634,0.9655197465926594,0.16162239407771278,accepted,s3
oracle,400.0,long_00012_1284-2300-3570,s1,gated_deflation,0,True,0.0,0.3487111843925737,0.9874179606210981,0.7363471525674701,accepted,s1
oracle,400.0,long_00012_1284-2300-3570,s2,gated_deflation,0,True,0.0,0.40237165124438223,0.9411962874360295,0.6728493190818648,accepted,s2
oracle,400.0,long_00012_1284-2300-3570,s3,gated_deflation,0,True,0.0,0.47020491596696073,0.9498434402918617,0.7149931693323915,accepted,s3
oracle,400.0,long_00012_1284-2300-3570,s1,coarse_to_fine,0,False,0.0,-0.37330293387889124,0.9874179606210981,0.284248668567746,margin,s1
oracle,400.0,long_00012_1284-2300-3570,s2,coarse_to_fine,0,True,0.0,0.2325518543395575,0.9436385050702364,0.2300510544365094,accepted,s2
oracle,400.0,long_00012_1284-2300-3570,s3,coarse_to_fine,0,True,0.0,0.21762581461793318,0.9604579012381144,0.23866130759834273,accepted,s3
oracle,400.0,long_00012_1284-2300-3570,s1,coarse_to_fine,1,False,0.0,-0.4251574762435899,0.9874179606210981,0.284248668567746,margin,s1
oracle,400.0,long_00012_1284-2300-3570,s2,coarse_to_fine,1,True,0.0,0.2641538028161001,0.9456996351727902,0.21736688962111414,accepted,s2
oracle,400.0,long_00012_1284-2300-3570,s3,coarse_to_fine,1,True,0.0,0.2090020095994548,0.9659518542989285,0.1630617214623125,accepted,s3
oracle,800.0,long_00012_1284-2300-3570,s1,gated_deflation,0,True,0.0,0.3547509698846131,0.9877477758701421,0.7366688446424758,accepted,s1
oracle,800.0,long_00012_1284-2300-3570,s2,gated_deflation,0,True,0.0,0.393749340744876,0.9407282027023032,0.6741971011982268,accepted,s2
oracle,800.0,long_00012_1284-2300-3570,s3,gated_deflation,0,True,0.0,0.4746112014965798,0.941401533234113,0.7154029445464732,accepted,s3
oracle,800.0,long_00012_1284-2300-3570,s1,coarse_to_fine,0,False,0.0,-0.32142836882747455,0.9877477758701421,0.28953332340310745,margin,s1
oracle,800.0,long_00012_1284-2300-3570,s2,coarse_to_fine,0,True,0.0,0.281198195088069,0.9427845328690573,0.23742703477658522,accepted,s2
oracle,800.0,long_00012_1284-2300-3570,s3,coarse_to_fine,0,True,0.0,0.24522109307082313,0.9613040914324226,0.24072513031519208,accepted,s3
oracle,800.0,long_00012_1284-2300-3570,s1,coarse_to_fine,1,False,0.0,-0.38041803732375873,0.9877477758701421,0.28953332340310745,margin,s1
oracle,800.0,long_00012_1284-2300-3570,s2,coarse_to_fine,1,True,0.0,0.30877581386846575,0.9448976439864087,0.22504002459315245,accepted,s2
oracle,800.0,long_00012_1284-2300-3570,s3,coarse_to_fine,1,True,0.0,0.25250783845290325,0.9672643284378423,0.18181865676281533,accepted,s3
real,0.0,long_00012_1284-2300-3570,s1,gated_deflation,0,True,4.2004077431563446e-05,0.3592700810465994,1.0,0.7566088995520396,accepted,SPEAKER_00
real,0.0,long_00012_1284-2300-3570,s2,gated_deflation,0,True,0.0001616385991049479,0.39332709337587407,0.9771996386630533,0.6996986119069726,accepted,SPEAKER_02
real,0.0,long_00012_1284-2300-3570,s3,gated_deflation,0,True,0.00020785866813445952,0.32478165039620593,0.9911464609946172,0.7151814111898698,accepted,SPEAKER_01
real,0.0,long_00012_1284-2300-3570,s1,coarse_to_fine,0,False,4.2004077431563446e-05,-0.20446417938448785,1.0,0.27556080890333307,margin,SPEAKER_00
real,0.0,long_00012_1284-2300-3570,s2,coarse_to_fine,0,True,0.0001616385991049479,0.19741269959107272,0.9841481481481481,0.2668670316759567,accepted,SPEAKER_02
real,0.0,long_00012_1284-2300-3570,s3,coarse_to_fine,0,False,0.00020785866813445952,0.041724835787847914,0.9879461279461279,0.21581814929924104,margin,SPEAKER_01
real,0.0,long_00012_1284-2300-3570,s1,coarse_to_fine,1,False,4.2004077431563446e-05,-0.30440297359717156,1.0,0.27556080890333307,margin,SPEAKER_00
real,0.0,long_00012_1284-2300-3570,s2,coarse_to_fine,1,True,0.0001616385991049479,0.48926455263358765,0.9837845117845118,0.2516464253273936,accepted,SPEAKER_02
real,0.0,long_00012_1284-2300-3570,s3,coarse_to_fine,1,False,0.00020785866813445952,-0.16280695417616775,0.9879461279461279,0.21581814929924104,margin,SPEAKER_01
real,200.0,long_00012_1284-2300-3570,s1,gated_deflation,0,True,4.2004077431563446e-05,0.38113701392447025,0.9789509803921569,0.7494727251947441,accepted,SPEAKER_00
real,200.0,long_00012_1284-2300-3570,s2,gated_deflation,0,True,2.184071654342278e-05,0.4141264774771153,0.9652852330761709,0.6904514585868538,accepted,SPEAKER_02
real,200.0,long_00012_1284-2300-3570,s3,gated_deflation,0,True,0.0,0.5041721601367861,0.9673860911270983,0.7201256344426255,accepted,SPEAKER_01
real,200.0,long_00012_1284-2300-3570,s1,coarse_to_fine,0,False,4.2004077431563446e-05,-0.18267946405413488,1.0,0.2722799041491959,margin,SPEAKER_00
real,200.0,long_00012_1284-2300-3570,s2,coarse_to_fine,0,True,2.184071654342278e-05,0.13338740017600748,0.9845880026367831,0.21825210660550354,accepted,SPEAKER_02
real,200.0,long_00012_1284-2300-3570,s3,coarse_to_fine,0,True,0.0,0.28317509117380724,0.98614370468029,0.22355497720860643,accepted,SPEAKER_01
real,200.0,long_00012_1284-2300-3570,s1,coarse_to_fine,1,False,4.2004077431563446e-05,-0.2641221525143877,1.0,0.2722799041491959,margin,SPEAKER_00
real,200.0,long_00012_1284-2300-3570,s2,coarse_to_fine,1,True,2.184071654342278e-05,0.21255354679182326,0.9842452208305866,0.19595555101142936,accepted,SPEAKER_02
real,200.0,long_00012_1284-2300-3570,s3,coarse_to_fine,1,True,0.0,0.25819495819417027,0.9864733025708635,0.16519210689683478,accepted,SPEAKER_01
real,400.0,long_00012_1284-2300-3570,s1,gated_deflation,0,True,4.2004077431563446e-05,0.3748935273820303,0.9586329588014981,0.7493761564917619,accepted,SPEAKER_00
real,400.0,long_00012_1284-2300-3570,s2,gated_deflation,0,True,2.1136484375686884e-05,0.41503112694939454,0.9611223554977949,0.690975024959008,accepted,SPEAKER_02
real,400.0,long_00012_1284-2300-3570,s3,gated_deflation,0,True,0.0,0.5079789767022509,0.9587797674679427,0.7197131153475229,accepted,SPEAKER_01
real,400.0,long_00012_1284-2300-3570,s1,coarse_to_fine,0,False,4.2004077431563446e-05,-0.10387962194820755,1.0,0.27824636803060726,margin,SPEAKER_00
real,400.0,long_00012_1284-2300-3570,s2,coarse_to_fine,0,True,2.1136484375686884e-05,0.14731759329213995,0.9847901872175597,0.22561315355226236,accepted,SPEAKER_02
real,400.0,long_00012_1284-2300-3570,s3,coarse_to_fine,0,True,0.0,0.20649983655599208,0.9587797674679427,0.23362898984251887,accepted,SPEAKER_01
real,400.0,long_00012_1284-2300-3570,s1,coarse_to_fine,1,False,4.2004077431563446e-05,-0.18643734049186889,1.0,0.27824636803060726,margin,SPEAKER_00
real,400.0,long_00012_1284-2300-3570,s2,coarse_to_fine,1,True,2.1136484375686884e-05,0.1925772511171343,0.984609425435765,0.19977150408089975,accepted,SPEAKER_02
real,400.0,long_00012_1284-2300-3570,s3,coarse_to_fine,1,True,0.0,0.18733929432245466,0.9644472690567871,0.16595316744232025,accepted,SPEAKER_01
real,800.0,long_00012_1284-2300-3570,s1,gated_deflation,0,True,4.2004077431563446e-05,0.37788130342683246,0.9596378792632098,0.7493524121241437,accepted,SPEAKER_00
real,800.0,long_00012_1284-2300-3570,s2,gated_deflation,0,True,1.7939086176293646e-05,0.41042565008112436,0.9527759918700873,0.6911275937208154,accepted,SPEAKER_02
real,800.0,long_00012_1284-2300-3570,s3,gated_deflation,0,True,0.0,0.5099848902277502,0.9597575669064223,0.7194341182668532,accepted,SPEAKER_01
real,800.0,long_00012_1284-2300-3570,s1,coarse_to_fine,0,False,4.2004077431563446e-05,-0.21265391446559284,1.0,0.2775861784137509,margin,SPEAKER_00
real,800.0,long_00012_1284-2300-3570,s2,coarse_to_fine,0,True,1.7939086176293646e-05,0.16402784990676011,0.9594916305021699,0.23204159668489355,accepted,SPEAKER_02
real,800.0,long_00012_1284-2300-3570,s3,coarse_to_fine,0,True,0.0,0.24548746868312227,0.9597575669064223,0.2355586849529657,accepted,SPEAKER_01
real,800.0,long_00012_1284-2300-3570,s1,coarse_to_fine,1,False,4.2004077431563446e-05,-0.2905414336948025,1.0,0.2775861784137509,margin,SPEAKER_00
real,800.0,long_00012_1284-2300-3570,s2,coarse_to_fine,1,True,1.7939086176293646e-05,0.23742400873403402,0.9591568505889647,0.21179838117275906,accepted,SPEAKER_02
real,800.0,long_00012_1284-2300-3570,s3,coarse_to_fine,1,True,0.0,0.2305526989612683,0.9657599766329549,0.16983934069834852,accepted,SPEAKER_01
oracle,0.0,long_00013_4970-121-1320,s1,gated_deflation,0,True,0.0,0.510531006350196,0.9665078049454344,0.7553127655203281,accepted,s1
oracle,0.0,long_00013_4970-121-1320,s2,gated_deflation,0,True,0.0,0.3737331324568036,0.9538615576121665,0.7611855934286673,accepted,s2
oracle,0.0,long_00013_4970-121-1320,s3,gated_deflation,0,True,0.0,0.460221980525497,0.9903945589054173,0.7603192517949268,accepted,s3
oracle,0.0,long_00013_4970-121-1320,s1,coarse_to_fine,0,True,0.0,0.20007746480408833,0.9665078049454344,0.46231790482226354,accepted,s1
oracle,0.0,long_00013_4970-121-1320,s2,coarse_to_fine,0,False,0.0,-0.24271774884020436,1.0,0.48959298876944113,margin,s2
oracle,0.0,long_00013_4970-121-1320,s3,coarse_to_fine,0,True,0.0,0.4348343025701878,0.9871728581656193,0.4099872764901517,accepted,s3
oracle,0.0,long_00013_4970-121-1320,s1,coarse_to_fine,1,True,0.0,0.43668980950934716,0.9668669705760464,0.4817353938740202,accepted,s1
oracle,0.0,long_00013_4970-121-1320,s2,coarse_to_fine,1,False,0.0,-0.3703110724415284,1.0,0.48959298876944113,margin,s2
oracle,0.0,long_00013_4970-121-1320,s3,coarse_to_fine,1,True,0.0,0.5135586676248108,0.9811802296290404,0.4113030283364138,accepted,s3
oracle,200.0,long_00013_4970-121-1320,s1,gated_deflation,0,True,0.0,0.5054064994455943,0.9668192376007652,0.75517760048697,accepted,s1
oracle,200.0,long_00013_4970-121-1320,s2,gated_deflation,0,True,0.0,0.3486113338176435,0.9505809284146276,0.7607198159408093,accepted,s2
oracle,200.0,long_00013_4970-121-1320,s3,gated_deflation,0,True,0.0,0.4617969284756369,0.9872484454123265,0.7601293471795488,accepted,s3
oracle,200.0,long_00013_4970-121-1320,s1,coarse_to_fine,0,True,0.0,0.22291324786640698,0.9668192376007652,0.45785354514276855,accepted,s1
oracle,200.0,long_00013_4970-121-1320,s2,coarse_to_fine,0,False,0.0,-0.23016611593485808,1.0,0.4881273924780047,margin,s2
oracle,200.0,long_00013_4970-121-1320,s3,coarse_to_fine,0,True,0.0,0.4490824119122389,0.9907183900506389,0.41165152711898645,accepted,s3
oracle,200.0,long_00013_4970-121-1320,s1,coarse_to_fine,1,True,0.0,0.45830711812849884,0.967215466593797,0.4759264442773241,accepted,s1
oracle,200.0,long_00013_4970-121-1320,s2,coarse_to_fine,1,False,0.0,-0.34970897091136305,1.0,0.4881273924780047,margin,s2
oracle,200.0,long_00013_4970-121-1320,s3,coarse_to_fine,1,True,0.0,0.5163310053703756,0.9844541232650277,0.41350878095096755,accepted,s3
oracle,400.0,long_00013_4970-121-1320,s1,gated_deflation,0,True,0.0,0.5006773069835116,0.9671712393566698,0.7551648937782187,accepted,s1
oracle,400.0,long_00013_4970-121-1320,s2,gated_deflation,0,True,0.0,0.36648745234484154,0.9539221009694338,0.7613311654840763,accepted,s2
oracle,400.0,long_00013_4970-121-1320,s3,gated_deflation,0,True,0.0,0.4645169159207229,0.987393867005946,0.7604257090451245,accepted,s3
oracle,400.0,long_00013_4970-121-1320,s1,coarse_to_fine,0,True,0.0,0.21589360518910683,0.9671712393566698,0.4582852177667909,accepted,s1
oracle,400.0,long_00013_4970-121-1320,s2,coarse_to_fine,0,False,0.0,-0.18716915574356352,1.0,0.49332679514705813,margin,s2
oracle,400.0,long_00013_4970-121-1320,s3,coarse_to_fine,0,True,0.0,0.46030155069965184,0.9940799210656142,0.41470861015504284,accepted,s3
oracle,400.0,long_00013_4970-121-1320,s1,coarse_to_fine,1,True,0.0,0.44732497458215426,0.9675158805243952,0.4756778958041683,accepted,s1
oracle,400.0,long_00013_4970-121-1320,s2,coarse_to_fine,1,False,0.0,-0.30426165167445884,1.0,0.49332679514705813,margin,s2
oracle,400.0,long_00013_4970-121-1320,s3,coarse_to_fine,1,True,0.0,0.5245198752888357,0.987380884376704,0.41614192375602405,accepted,s3
oracle,800.0,long_00013_4970-121-1320,s1,gated_deflation,0,True,0.0,0.5033062069762357,0.967866119857124,0.7552796654925388,accepted,s1
oracle,800.0,long_00013_4970-121-1320,s2,gated_deflation,0,True,0.0,0.35116807042351694,0.9544859158582767,0.7608417072406045,accepted,s2
oracle,800.0,long_00013_4970-121-1320,s3,gated_deflation,0,True,0.0,0.4662726727106191,0.9744422964413807,0.7601625179993127,accepted,s3
oracle,800.0,long_00013_4970-121-1320,s1,coarse_to_fine,0,True,0.0,0.2609937400703815,0.967866119857124,0.45878801482642734,accepted,s1
oracle,800.0,long_00013_4970-121-1320,s2,coarse_to_fine,0,False,0.0,-0.1598733637671375,1.0,0.4902218472032704,margin,s2
oracle,800.0,long_00013_4970-121-1320,s3,coarse_to_fine,0,True,0.0,0.4702740593299621,0.9935962658662529,0.4118465296155242,accepted,s3
oracle,800.0,long_00013_4970-121-1320,s1,coarse_to_fine,1,True,0.0,0.4683326093670185,0.968196851435375,0.47802866459079457,accepted,s1
oracle,800.0,long_00013_4970-121-1320,s2,coarse_to_fine,1,False,0.0,-0.2719927151260791,1.0,0.4902218472032704,margin,s2
oracle,800.0,long_00013_4970-121-1320,s3,coarse_to_fine,1,True,0.0,0.5249921590436801,0.9819143794673517,0.41313159625684354,accepted,s3
real,0.0,long_00013_4970-121-1320,s1,gated_deflation,0,True,3.604080524452782e-05,0.4069983742262092,0.9738460876672259,0.7871535365147495,accepted,SPEAKER_02
real,0.0,long_00013_4970-121-1320,s2,gated_deflation,0,True,9.51296133944204e-05,0.4062117794081429,0.9867042345542897,0.777235864391347,accepted,SPEAKER_00
real,0.0,long_00013_4970-121-1320,s3,gated_deflation,0,True,3.590206212734712e-05,0.550024673114729,0.9968209552679647,0.7715430972764848,accepted,SPEAKER_01
real,0.0,long_00013_4970-121-1320,s1,coarse_to_fine,0,True,3.604080524452782e-05,0.24614683205802895,0.9771851851851852,0.4297393751544191,accepted,SPEAKER_02
real,0.0,long_00013_4970-121-1320,s2,coarse_to_fine,0,False,9.51296133944204e-05,-0.05679985037355134,0.9831111111111112,0.4642210040746335,margin,SPEAKER_00
real,0.0,long_00013_4970-121-1320,s3,coarse_to_fine,0,True,3.590206212734712e-05,0.2934838087541161,1.0,0.46915834559030767,accepted,SPEAKER_01
real,0.0,long_00013_4970-121-1320,s1,coarse_to_fine,1,True,3.604080524452782e-05,0.5021693794557661,0.9775353535353536,0.46036193048139795,accepted,SPEAKER_02
real,0.0,long_00013_4970-121-1320,s2,coarse_to_fine,1,False,9.51296133944204e-05,-0.28792039038497347,0.9831111111111112,0.4642210040746335,margin,SPEAKER_00
real,0.0,long_00013_4970-121-1320,s3,coarse_to_fine,1,True,3.590206212734712e-05,0.5483924638759475,1.0,0.4711490863314253,accepted,SPEAKER_01
real,200.0,long_00013_4970-121-1320,s1,gated_deflation,0,True,3.604080524452782e-05,0.4269770534982348,0.9764384712305754,0.7931792194886215,accepted,SPEAKER_02
real,200.0,long_00013_4970-121-1320,s2,gated_deflation,0,True,9.504155888493848e-05,0.3998532369251493,0.9713312584414822,0.7784108494172243,accepted,SPEAKER_00
real,200.0,long_00013_4970-121-1320,s3,gated_deflation,0,True,3.6435066578448734e-05,0.5459803884327117,0.9901545506582713,0.7694304948443523,accepted,SPEAKER_01
real,200.0,long_00013_4970-121-1320,s1,coarse_to_fine,0,True,3.604080524452782e-05,0.25221972881169386,0.9776664469347396,0.4236096963888724,accepted,SPEAKER_02
real,200.0,long_00013_4970-121-1320,s2,coarse_to_fine,0,False,9.504155888493848e-05,-0.013963862737034316,0.9833091628213579,0.4449934196403471,margin,SPEAKER_00
real,200.0,long_00013_4970-121-1320,s3,coarse_to_fine,0,True,3.6435066578448734e-05,0.4362473690939624,1.0,0.414334114306199,accepted,SPEAKER_01
real,200.0,long_00013_4970-121-1320,s1,coarse_to_fine,1,True,3.604080524452782e-05,0.4605047208267239,0.9779037574159526,0.45276907102521485,accepted,SPEAKER_02
real,200.0,long_00013_4970-121-1320,s2,coarse_to_fine,1,False,9.504155888493848e-05,-0.2543466267621195,0.9833091628213579,0.4449934196403471,margin,SPEAKER_00
real,200.0,long_00013_4970-121-1320,s3,coarse_to_fine,1,True,3.6435066578448734e-05,0.4909390237919882,1.0,0.40692896529916034,accepted,SPEAKER_01
real,400.0,long_00013_4970-121-1320,s1,gated_deflation,0,True,3.604080524452782e-05,0.40789346273280064,0.9693079154579362,0.787148094107962,accepted,SPEAKER_02
real,400.0,long_00013_4970-121-1320,s2,gated_deflation,0,True,0.00011059050290079541,0.38531446076004294,0.963293518922922,0.777413167543622,accepted,SPEAKER_00
real,400.0,long_00013_4970-121-1320,s3,gated_deflation,0,True,3.581777184534753e-05,0.5472465943947487,0.9970181043663472,0.7714466826685412,accepted,SPEAKER_01
real,400.0,long_00013_4970-121-1320,s1,coarse_to_fine,0,True,3.604080524452782e-05,0.2460505522421979,0.9697094899935442,0.426229406856484,accepted,SPEAKER_02
real,400.0,long_00013_4970-121-1320,s2,coarse_to_fine,0,False,0.00011059050290079541,0.09864085070323425,0.9728109612502676,0.46529583794223367,margin,SPEAKER_00
real,400.0,long_00013_4970-121-1320,s3,coarse_to_fine,0,True,3.581777184534753e-05,0.4921893190344614,1.0,0.4015312754293055,accepted,SPEAKER_01
real,400.0,long_00013_4970-121-1320,s1,coarse_to_fine,1,True,3.604080524452782e-05,0.4704883216141348,0.9698773402194965,0.4517594629538104,accepted,SPEAKER_02
real,400.0,long_00013_4970-121-1320,s2,coarse_to_fine,1,False,0.00011059050290079541,-0.15393673264966856,0.9728109612502676,0.46529583794223367,margin,SPEAKER_00
real,400.0,long_00013_4970-121-1320,s3,coarse_to_fine,1,True,3.581777184534753e-05,0.5233790932471799,1.0,0.39435380125018765,accepted,SPEAKER_01
real,800.0,long_00013_4970-121-1320,s1,gated_deflation,0,True,3.604080524452782e-05,0.4270234114878739,0.9678966491723859,0.7932051076328377,accepted,SPEAKER_02
real,800.0,long_00013_4970-121-1320,s2,gated_deflation,0,True,9.984140984061446e-05,0.36067331920646706,0.9680465693998999,0.7793941555713007,accepted,SPEAKER_00
real,800.0,long_00013_4970-121-1320,s3,gated_deflation,0,True,3.614121434210308e-05,0.5468318273249654,0.9937443305896186,0.769048729796088,accepted,SPEAKER_01
real,800.0,long_00013_4970-121-1320,s1,coarse_to_fine,0,True,3.604080524452782e-05,0.3016463250400611,0.9645009299442033,0.4221931836950937,accepted,SPEAKER_02
real,800.0,long_00013_4970-121-1320,s2,coarse_to_fine,0,False,9.984140984061446e-05,0.058317852895460265,0.9734532220081353,0.46717105244013907,margin,SPEAKER_00
real,800.0,long_00013_4970-121-1320,s3,coarse_to_fine,0,True,3.614121434210308e-05,0.5167590851016072,0.9971039811859567,0.41917723184555095,accepted,SPEAKER_01
real,800.0,long_00013_4970-121-1320,s1,coarse_to_fine,1,True,3.604080524452782e-05,0.48238147768043754,0.964649721016739,0.45027895180259986,accepted,SPEAKER_02
real,800.0,long_00013_4970-121-1320,s2,coarse_to_fine,1,False,9.984140984061446e-05,-0.18985776043499525,0.9734532220081353,0.46717105244013907,margin,SPEAKER_00
real,800.0,long_00013_4970-121-1320,s3,coarse_to_fine,1,True,3.614121434210308e-05,0.543771781156878,0.9900218377288762,0.41456051981288194,accepted,SPEAKER_01
oracle,0.0,long_00014_6829-2094-7021,s1,gated_deflation,0,True,0.0,0.18002269366006346,1.0,0.7919104936622082,accepted,s1
oracle,0.0,long_00014_6829-2094-7021,s2,gated_deflation,0,True,0.0,0.31502498428668335,0.9490649217143761,0.6335028963582848,accepted,s2
oracle,0.0,long_00014_6829-2094-7021,s3,gated_deflation,0,True,0.0,0.5337682950464177,1.0,0.7334769648735026,accepted,s3
oracle,0.0,long_00014_6829-2094-7021,s1,coarse_to_fine,0,False,0.0,-0.002816485223195775,1.0,0.37674282760019195,margin,s1
oracle,0.0,long_00014_6829-2094-7021,s2,coarse_to_fine,0,True,0.0,0.38120461370219594,1.0,0.3462106844051225,accepted,s2
oracle,0.0,long_00014_6829-2094-7021,s3,coarse_to_fine,0,True,0.0,0.1980219794798581,1.0,0.2761776213404817,accepted,s3
oracle,0.0,long_00014_6829-2094-7021,s1,coarse_to_fine,1,False,0.0,-0.07876496718171633,1.0,0.37674282760019195,margin,s1
oracle,0.0,long_00014_6829-2094-7021,s2,coarse_to_fine,1,True,0.0,0.28093567672020237,1.0,0.3236683600016709,accepted,s2
oracle,0.0,long_00014_6829-2094-7021,s3,coarse_to_fine,1,True,0.0,0.3067400629108491,1.0,0.2047833587099863,accepted,s3
oracle,200.0,long_00014_6829-2094-7021,s1,gated_deflation,0,True,0.0,0.18013879136332045,1.0,0.7917189726024505,accepted,s1
oracle,200.0,long_00014_6829-2094-7021,s2,gated_deflation,0,True,0.0,0.3174685675138089,0.9497756794824977,0.6340024141965491,accepted,s2
oracle,200.0,long_00014_6829-2094-7021,s3,gated_deflation,0,True,0.0,0.5309635897289848,0.999988924576365,0.7331563560173012,accepted,s3
oracle,200.0,long_00014_6829-2094-7021,s1,coarse_to_fine,0,False,0.0,0.0017185243375889003,1.0,0.3754147641758624,margin,s1
oracle,200.0,long_00014_6829-2094-7021,s2,coarse_to_fine,0,True,0.0,0.40037893621231485,1.0,0.35127428750049766,accepted,s2
oracle,200.0,long_00014_6829-2094-7021,s3,coarse_to_fine,0,True,0.0,0.19556732117010917,1.0,0.27339316008237263,accepted,s3
oracle,200.0,long_00014_6829-2094-7021,s1,coarse_to_fine,1,False,0.0,-0.07762509049488975,1.0,0.3754147641758624,margin,s1
oracle,200.0,long_00014_6829-2094-7021,s2,coarse_to_fine,1,True,0.0,0.29498442787510293,1.0,0.3335156912732746,accepted,s2
oracle,200.0,long_00014_6829-2094-7021,s3,coarse_to_fine,1,True,0.0,0.3185331104682866,1.0,0.20287907696974683,accepted,s3
oracle,400.0,long_00014_6829-2094-7021,s1,gated_deflation,0,True,0.0,0.177346935610192,1.0,0.7916801237569892,accepted,s1
oracle,400.0,long_00014_6829-2094-7021,s2,gated_deflation,0,True,0.0,0.317200265849957,0.9488131808560071,0.6335942148638989,accepted,s2
oracle,400.0,long_00014_6829-2094-7021,s3,gated_deflation,0,True,0.0,0.5288809954295604,0.9923482270282139,0.7334219516390662,accepted,s3
oracle,400.0,long_00014_6829-2094-7021,s1,coarse_to_fine,0,False,0.0,0.005818515234782495,1.0,0.3764635768318329,margin,s1
oracle,400.0,long_00014_6829-2094-7021,s2,coarse_to_fine,0,True,0.0,0.3969955610431664,1.0,0.3483084392097822,accepted,s2
oracle,400.0,long_00014_6829-2094-7021,s3,coarse_to_fine,0,True,0.0,0.19653985335572927,0.996849269952794,0.2746862675309398,accepted,s3
oracle,400.0,long_00014_6829-2094-7021,s1,coarse_to_fine,1,False,0.0,-0.07301441565384592,1.0,0.3764635768318329,margin,s1
oracle,400.0,long_00014_6829-2094-7021,s2,coarse_to_fine,1,True,0.0,0.2962935039055049,1.0,0.3283267295964126,accepted,s2
oracle,400.0,long_00014_6829-2094-7021,s3,coarse_to_fine,1,True,0.0,0.3202516456596758,0.9961850916675815,0.20471710213279642,accepted,s3
oracle,800.0,long_00014_6829-2094-7021,s1,gated_deflation,0,True,0.0,0.18311037294784455,1.0,0.7918377596096486,accepted,s1
oracle,800.0,long_00014_6829-2094-7021,s2,gated_deflation,0,True,0.0,0.3210413755321194,0.9359603419495169,0.6327057498065988,accepted,s2
oracle,800.0,long_00014_6829-2094-7021,s3,gated_deflation,0,True,0.0,0.5257393973553742,0.9752130758442119,0.7322021498660143,accepted,s3
oracle,800.0,long_00014_6829-2094-7021,s1,coarse_to_fine,0,False,0.0,0.021844828765279933,1.0,0.3798249230224809,margin,s1
oracle,800.0,long_00014_6829-2094-7021,s2,coarse_to_fine,0,True,0.0,0.3972317978215765,1.0,0.34267330025687603,accepted,s2
oracle,800.0,long_00014_6829-2094-7021,s3,coarse_to_fine,0,True,0.0,0.1925795667376155,0.9804671485597152,0.2702116081925867,accepted,s3
oracle,800.0,long_00014_6829-2094-7021,s1,coarse_to_fine,1,False,0.0,-0.04802650879180226,1.0,0.3798249230224809,margin,s1
oracle,800.0,long_00014_6829-2094-7021,s2,coarse_to_fine,1,True,0.0,0.29324726232294196,1.0,0.31862882692507055,accepted,s2
oracle,800.0,long_00014_6829-2094-7021,s3,coarse_to_fine,1,True,0.0,0.3272859320014496,0.9793990721760708,0.20548949251581428,accepted,s3
real,0.0,long_00014_6829-2094-7021,s1,gated_deflation,0,True,2.8840904151418955e-05,0.1352657302410713,0.9984591679506933,0.8007966100879524,accepted,SPEAKER_01
real,0.0,long_00014_6829-2094-7021,s2,gated_deflation,0,True,0.00015121653228374735,0.34377862282967764,0.9978811268945537,0.6628548712730141,accepted,SPEAKER_02
real,0.0,long_00014_6829-2094-7021,s3,gated_deflation,0,True,3.833432350762605e-05,0.5257293983663368,1.0,0.7583085120843631,accepted,SPEAKER_00
real,0.0,long_00014_6829-2094-7021,s1,coarse_to_fine,0,False,2.8840904151418955e-05,-0.14898634577992925,1.0,0.3759424353736588,margin,SPEAKER_01
real,0.0,long_00014_6829-2094-7021,s2,coarse_to_fine,0,True,0.00015121653228374735,0.3983982799948946,1.0,0.33300339246149296,accepted,SPEAKER_02
real,0.0,long_00014_6829-2094-7021,s3,coarse_to_fine,0,True,3.833432350762605e-05,0.21553782994683257,1.0,0.26394634191322436,accepted,SPEAKER_00
real,0.0,long_00014_6829-2094-7021,s1,coarse_to_fine,1,False,2.8840904151418955e-05,-0.13648729483861038,1.0,0.3759424353736588,margin,SPEAKER_01
real,0.0,long_00014_6829-2094-7021,s2,coarse_to_fine,1,True,0.00015121653228374735,0.4065355749908799,1.0,0.3079287930105902,accepted,SPEAKER_02
real,0.0,long_00014_6829-2094-7021,s3,coarse_to_fine,1,True,3.833432350762605e-05,0.3597936152257879,1.0,0.22419586063397523,accepted,SPEAKER_00
real,200.0,long_00014_6829-2094-7021,s1,gated_deflation,0,False,2.859459035907497e-05,0.09784030821982737,0.998611325412745,0.8005047504124897,margin,SPEAKER_01
real,200.0,long_00014_6829-2094-7021,s2,gated_deflation,0,True,0.00018703568972480003,0.3544738855841453,0.9994438150169945,0.6671887754224565,accepted,SPEAKER_02
real,200.0,long_00014_6829-2094-7021,s3,gated_deflation,0,True,3.833432350762605e-05,0.5166345332044949,1.0,0.7597994168719243,accepted,SPEAKER_00
real,200.0,long_00014_6829-2094-7021,s1,coarse_to_fine,0,False,2.859459035907497e-05,-0.147639969134654,1.0,0.3783573061824734,margin,SPEAKER_01
real,200.0,long_00014_6829-2094-7021,s2,coarse_to_fine,0,True,0.00018703568972480003,0.4290997789848843,1.0,0.3467291919395383,accepted,SPEAKER_02
real,200.0,long_00014_6829-2094-7021,s3,coarse_to_fine,0,True,3.833432350762605e-05,0.23451192380757468,1.0,0.2622564740311341,accepted,SPEAKER_00
real,200.0,long_00014_6829-2094-7021,s1,coarse_to_fine,1,False,2.859459035907497e-05,-0.12959461558741808,1.0,0.3783573061824734,margin,SPEAKER_01
real,200.0,long_00014_6829-2094-7021,s2,coarse_to_fine,1,True,0.00018703568972480003,0.4195626998186095,1.0,0.3101834512168196,accepted,SPEAKER_02
real,200.0,long_00014_6829-2094-7021,s3,coarse_to_fine,1,True,3.833432350762605e-05,0.3712701216862153,1.0,0.22685112205504307,accepted,SPEAKER_00
real,400.0,long_00014_6829-2094-7021,s1,gated_deflation,0,True,2.8663497518928785e-05,0.2156934335479822,0.9734026119926976,0.801190649526385,accepted,SPEAKER_01
real,400.0,long_00014_6829-2094-7021,s2,gated_deflation,0,True,1.1689243619580432e-05,0.3998616471000433,0.9922374791650131,0.6707336182528518,accepted,SPEAKER_02
real,400.0,long_00014_6829-2094-7021,s3,gated_deflation,0,True,3.833432350762605e-05,0.5481197962333015,1.0,0.7652159860776675,accepted,SPEAKER_00
real,400.0,long_00014_6829-2094-7021,s1,coarse_to_fine,0,False,2.8663497518928785e-05,-0.06540793040735327,1.0,0.37616041909865083,margin,SPEAKER_01
real,400.0,long_00014_6829-2094-7021,s2,coarse_to_fine,0,True,1.1689243619580432e-05,0.44318218038272256,1.0,0.3700556079260761,accepted,SPEAKER_02
real,400.0,long_00014_6829-2094-7021,s3,coarse_to_fine,0,True,3.833432350762605e-05,0.3162802670081499,1.0,0.2600717012639474,accepted,SPEAKER_00
real,400.0,long_00014_6829-2094-7021,s1,coarse_to_fine,1,False,2.8663497518928785e-05,-0.12259825749916775,1.0,0.37616041909865083,margin,SPEAKER_01
real,400.0,long_00014_6829-2094-7021,s2,coarse_to_fine,1,True,1.1689243619580432e-05,0.3482182508716497,1.0,0.3761357987396099,accepted,SPEAKER_02
real,400.0,long_00014_6829-2094-7021,s3,coarse_to_fine,1,True,3.833432350762605e-05,0.41730135636015386,1.0,0.22925050170942987,accepted,SPEAKER_00
real,800.0,long_00014_6829-2094-7021,s1,gated_deflation,0,True,2.8944994606573492e-05,0.22453053719549332,0.952126689329243,0.8004731930803598,accepted,SPEAKER_01
real,800.0,long_00014_6829-2094-7021,s2,gated_deflation,0,True,1.2666664326767196e-05,0.39486698988359664,0.9947200307869924,0.6704234066054005,accepted,SPEAKER_02
real,800.0,long_00014_6829-2094-7021,s3,gated_deflation,0,True,3.833432350762605e-05,0.5480559664306202,1.0,0.7648813400254397,accepted,SPEAKER_00
real,800.0,long_00014_6829-2094-7021,s1,coarse_to_fine,0,False,2.8944994606573492e-05,0.037807144341166166,1.0,0.370150887142272,margin,SPEAKER_01
real,800.0,long_00014_6829-2094-7021,s2,coarse_to_fine,0,True,1.2666664326767196e-05,0.42029300532973096,1.0,0.3663400605217283,accepted,SPEAKER_02
real,800.0,long_00014_6829-2094-7021,s3,coarse_to_fine,0,True,3.833432350762605e-05,0.3338087320993607,1.0,0.2609364361175156,accepted,SPEAKER_00
real,800.0,long_00014_6829-2094-7021,s1,coarse_to_fine,1,False,2.8944994606573492e-05,-0.03480163986124751,1.0,0.370150887142272,margin,SPEAKER_01
real,800.0,long_00014_6829-2094-7021,s2,coarse_to_fine,1,True,1.2666664326767196e-05,0.321542950693419,1.0,0.3678898668464986,accepted,SPEAKER_02
real,800.0,long_00014_6829-2094-7021,s3,coarse_to_fine,1,True,3.833432350762605e-05,0.4195975460934793,1.0,0.23437913284142722,accepted,SPEAKER_00
oracle,0.0,long_00015_4992-1089-4970,s1,gated_deflation,0,True,0.0,0.5416567170406583,0.976911482597972,0.7288654333403183,accepted,s1
oracle,0.0,long_00015_4992-1089-4970,s2,gated_deflation,0,True,0.0,0.4197711522266577,0.9275994984442484,0.784260242287754,accepted,s2
oracle,0.0,long_00015_4992-1089-4970,s3,gated_deflation,0,True,0.0,0.48394203767424077,0.9035439889161786,0.750222417295203,accepted,s3
oracle,0.0,long_00015_4992-1089-4970,s1,coarse_to_fine,0,True,0.0,0.5015709082286155,0.976911482597972,0.37653547585703906,accepted,s1
oracle,0.0,long_00015_4992-1089-4970,s2,coarse_to_fine,0,True,0.0,0.40367445693859944,0.9961404951128163,0.4272643524420822,accepted,s2
oracle,0.0,long_00015_4992-1089-4970,s3,coarse_to_fine,0,True,0.0,0.41019027459064783,0.8851627936268027,0.5091863921969857,accepted,s3
oracle,0.0,long_00015_4992-1089-4970,s1,coarse_to_fine,1,True,0.0,0.4452127121885713,0.9762263633872293,0.3744784080149681,accepted,s1
oracle,0.0,long_00015_4992-1089-4970,s2,coarse_to_fine,1,True,0.0,0.46969892402153673,0.9958131603787947,0.4301487599000322,accepted,s2
oracle,0.0,long_00015_4992-1089-4970,s3,coarse_to_fine,1,True,0.0,0.43849686769887586,0.9003243277284464,0.5223207443068882,accepted,s3
oracle,200.0,long_00015_4992-1089-4970,s1,gated_deflation,0,True,0.0,0.5401471938255766,0.9702099816491682,0.72885252692778,accepted,s1
oracle,200.0,long_00015_4992-1089-4970,s2,gated_deflation,0,True,0.0,0.4222559852402786,0.926849034388905,0.784211542790512,accepted,s2
oracle,200.0,long_00015_4992-1089-4970,s3,gated_deflation,0,True,0.0,0.486890561144788,0.8960678524783879,0.75014460823362,accepted,s3
oracle,200.0,long_00015_4992-1089-4970,s1,coarse_to_fine,0,True,0.0,0.5005320487114445,0.969036731746939,0.3743629389266403,accepted,s1
oracle,200.0,long_00015_4992-1089-4970,s2,coarse_to_fine,0,True,0.0,0.41111751773184824,0.9962320628139948,0.42996714597635893,accepted,s2
oracle,200.0,long_00015_4992-1089-4970,s3,coarse_to_fine,0,True,0.0,0.4256242611991725,0.8882704148267927,0.5086038732808805,accepted,s3
oracle,200.0,long_00015_4992-1089-4970,s1,coarse_to_fine,1,True,0.0,0.43794663857164484,0.9681718359856804,0.37135685073037333,accepted,s1
oracle,200.0,long_00015_4992-1089-4970,s2,coarse_to_fine,1,True,0.0,0.47344769589281444,0.9958635420113715,0.43200723243840483,accepted,s2
oracle,200.0,long_00015_4992-1089-4970,s3,coarse_to_fine,1,True,0.0,0.45193287584393144,0.9030645562534984,0.5203340740598572,accepted,s3
oracle,400.0,long_00015_4992-1089-4970,s1,gated_deflation,0,True,0.0,0.5360144189834393,0.9706459379923308,0.7286971674252549,accepted,s1
oracle,400.0,long_00015_4992-1089-4970,s2,gated_deflation,0,True,0.0,0.4206532621057673,0.9260902732669678,0.7842347906608762,accepted,s2
oracle,400.0,long_00015_4992-1089-4970,s3,gated_deflation,0,True,0.0,0.48407583414174304,0.9022590453959088,0.7501763047712593,accepted,s3
oracle,400.0,long_00015_4992-1089-4970,s1,coarse_to_fine,0,True,0.0,0.5018683644391561,0.9706459379923308,0.3719325870026755,accepted,s1
oracle,400.0,long_00015_4992-1089-4970,s2,coarse_to_fine,0,True,0.0,0.4299778325488217,0.9966855919859695,0.4290594378343609,accepted,s2
oracle,400.0,long_00015_4992-1089-4970,s3,coarse_to_fine,0,True,0.0,0.4399279309669355,0.8900116714785921,0.5080112515295647,accepted,s3
oracle,400.0,long_00015_4992-1089-4970,s1,coarse_to_fine,1,True,0.0,0.4403801832985249,0.9696724235308106,0.3709723461870793,accepted,s1
oracle,400.0,long_00015_4992-1089-4970,s2,coarse_to_fine,1,True,0.0,0.4804566444199684,0.995912725543236,0.4317378493767331,accepted,s2
oracle,400.0,long_00015_4992-1089-4970,s3,coarse_to_fine,1,True,0.0,0.46435342833618626,0.903979052767369,0.5176599357054888,accepted,s3
oracle,800.0,long_00015_4992-1089-4970,s1,gated_deflation,0,True,0.0,0.5311426674293062,0.9712914839871084,0.7284219336790075,accepted,s1
oracle,800.0,long_00015_4992-1089-4970,s2,gated_deflation,0,True,0.0,0.4187288633794676,0.9272850632015222,0.7841074948143355,accepted,s2
oracle,800.0,long_00015_4992-1089-4970,s3,gated_deflation,0,True,0.0,0.48292973097310304,0.8880028778703759,0.7502530369407532,accepted,s3
oracle,800.0,long_00015_4992-1089-4970,s1,coarse_to_fine,0,True,0.0,0.5107026162729023,0.9712914839871084,0.3672223904452096,accepted,s1
oracle,800.0,long_00015_4992-1089-4970,s2,coarse_to_fine,0,True,0.0,0.44674448417628093,0.9960512180250283,0.42534431882619456,accepted,s2
oracle,800.0,long_00015_4992-1089-4970,s3,coarse_to_fine,0,True,0.0,0.437660935116602,0.8856721026440434,0.5066244071664607,accepted,s3
oracle,800.0,long_00015_4992-1089-4970,s1,coarse_to_fine,1,True,0.0,0.46014928718706577,0.9706599692227287,0.3698457464490534,accepted,s1
oracle,800.0,long_00015_4992-1089-4970,s2,coarse_to_fine,1,True,0.0,0.49247543288858464,0.9960076652826573,0.4289850977625258,accepted,s2
oracle,800.0,long_00015_4992-1089-4970,s3,coarse_to_fine,1,True,0.0,0.45930022713257107,0.9017626956052521,0.516776139498223,accepted,s3
real,0.0,long_00015_4992-1089-4970,s1,gated_deflation,0,True,4.575704814972334e-05,0.46799390759516224,0.9749920080376308,0.7443030866839846,accepted,SPEAKER_01
real,0.0,long_00015_4992-1089-4970,s2,gated_deflation,0,True,0.0001775399438686778,0.4057806204025481,0.999046822318554,0.8079732771891555,accepted,SPEAKER_02
real,0.0,long_00015_4992-1089-4970,s3,gated_deflation,0,True,4.486392044341745e-05,0.42698677621458203,0.9517037037037037,0.7846564064686055,accepted,SPEAKER_00
real,0.0,long_00015_4992-1089-4970,s1,coarse_to_fine,0,True,4.575704814972334e-05,0.53944274347392,1.0,0.3824613672455763,accepted,SPEAKER_01
real,0.0,long_00015_4992-1089-4970,s2,coarse_to_fine,0,True,0.0001775399438686778,0.33091099335658947,1.0,0.42524975596358844,accepted,SPEAKER_02
real,0.0,long_00015_4992-1089-4970,s3,coarse_to_fine,0,True,4.486392044341745e-05,0.30498296627515187,0.9577492877492878,0.5195616663563681,accepted,SPEAKER_00
real,0.0,long_00015_4992-1089-4970,s1,coarse_to_fine,1,True,4.575704814972334e-05,0.5411344090524493,1.0,0.3824188005194951,accepted,SPEAKER_01
real,0.0,long_00015_4992-1089-4970,s2,coarse_to_fine,1,True,0.0001775399438686778,0.4430908411311785,1.0,0.44126976372051446,accepted,SPEAKER_02
real,0.0,long_00015_4992-1089-4970,s3,coarse_to_fine,1,True,4.486392044341745e-05,0.3582875400934301,0.9763532763532764,0.5374899400728427,accepted,SPEAKER_00
real,200.0,long_00015_4992-1089-4970,s1,gated_deflation,0,True,4.575704814972334e-05,0.4997421769799624,0.9900574569073195,0.7526765355817481,accepted,SPEAKER_01
real,200.0,long_00015_4992-1089-4970,s2,gated_deflation,0,True,2.2416751072020807e-05,0.4381025607096592,0.9796005774783446,0.8039893853742466,accepted,SPEAKER_02
real,200.0,long_00015_4992-1089-4970,s3,gated_deflation,0,True,4.486392044341745e-05,0.4692902658955731,0.9218879463405011,0.787229772671851,accepted,SPEAKER_00
real,200.0,long_00015_4992-1089-4970,s1,coarse_to_fine,0,True,4.575704814972334e-05,0.5418153077057712,1.0,0.3784464206392804,accepted,SPEAKER_01
real,200.0,long_00015_4992-1089-4970,s2,coarse_to_fine,0,True,2.2416751072020807e-05,0.34967777635596015,1.0,0.4406811428138037,accepted,SPEAKER_02
real,200.0,long_00015_4992-1089-4970,s3,coarse_to_fine,0,True,4.486392044341745e-05,0.39580052742646316,0.966549195161444,0.5205876027235173,accepted,SPEAKER_00
real,200.0,long_00015_4992-1089-4970,s1,coarse_to_fine,1,True,4.575704814972334e-05,0.5184926153255718,0.9924605007853645,0.375304742200884,accepted,SPEAKER_01
real,200.0,long_00015_4992-1089-4970,s2,coarse_to_fine,1,True,2.2416751072020807e-05,0.44664768603987515,1.0,0.4475911727770934,accepted,SPEAKER_02
real,200.0,long_00015_4992-1089-4970,s3,coarse_to_fine,1,True,4.486392044341745e-05,0.42540272710240623,0.9816172968854177,0.5409808936969142,accepted,SPEAKER_00
real,400.0,long_00015_4992-1089-4970,s1,gated_deflation,0,True,4.575704814972334e-05,0.49743013728026464,0.9882179555409997,0.75268202475173,accepted,SPEAKER_01
real,400.0,long_00015_4992-1089-4970,s2,gated_deflation,0,True,2.1995078112099097e-05,0.4369494526887976,0.977134438650235,0.8039860657939315,accepted,SPEAKER_02
real,400.0,long_00015_4992-1089-4970,s3,gated_deflation,0,True,4.486392044341745e-05,0.46487388544542385,0.8948812855466282,0.7869937560974374,accepted,SPEAKER_00
real,400.0,long_00015_4992-1089-4970,s1,coarse_to_fine,0,True,4.575704814972334e-05,0.5734617961203231,0.9879832980857871,0.3634159367931647,accepted,SPEAKER_01
real,400.0,long_00015_4992-1089-4970,s2,coarse_to_fine,0,True,2.1995078112099097e-05,0.3490771770941158,1.0,0.44200128063372984,accepted,SPEAKER_02
real,400.0,long_00015_4992-1089-4970,s3,coarse_to_fine,0,True,4.486392044341745e-05,0.4044594767377854,0.966965523615861,0.515611222475233,accepted,SPEAKER_00
real,400.0,long_00015_4992-1089-4970,s1,coarse_to_fine,1,True,4.575704814972334e-05,0.572601655677252,0.9878097717043545,0.36299619317102977,accepted,SPEAKER_01
real,400.0,long_00015_4992-1089-4970,s2,coarse_to_fine,1,True,2.1995078112099097e-05,0.4537167550196224,1.0,0.4486970384937155,accepted,SPEAKER_02
real,400.0,long_00015_4992-1089-4970,s3,coarse_to_fine,1,True,4.486392044341745e-05,0.4476749574313408,0.9805342453091783,0.5366208436407743,accepted,SPEAKER_00
real,800.0,long_00015_4992-1089-4970,s1,gated_deflation,0,True,4.575704814972334e-05,0.5060201620668607,0.9790800654246619,0.7524856921759565,accepted,SPEAKER_01
real,800.0,long_00015_4992-1089-4970,s2,gated_deflation,0,True,2.5884852560663155e-05,0.4329891457131308,0.973350207919002,0.8036093367942708,accepted,SPEAKER_02
real,800.0,long_00015_4992-1089-4970,s3,gated_deflation,0,True,4.486392044341745e-05,0.4726260347960992,0.8883990522931122,0.7866397615161068,accepted,SPEAKER_00
real,800.0,long_00015_4992-1089-4970,s1,coarse_to_fine,0,True,4.575704814972334e-05,0.5733751378542875,0.9880266796811453,0.36265526858901753,accepted,SPEAKER_01
real,800.0,long_00015_4992-1089-4970,s2,coarse_to_fine,0,True,2.5884852560663155e-05,0.34343965175908553,1.0,0.44132645512416513,accepted,SPEAKER_02
real,800.0,long_00015_4992-1089-4970,s3,coarse_to_fine,0,True,4.486392044341745e-05,0.421466049980725,0.9191293047433399,0.4974005365662889,accepted,SPEAKER_00
real,800.0,long_00015_4992-1089-4970,s1,coarse_to_fine,1,True,4.575704814972334e-05,0.5706817346089533,0.9877880809066754,0.3620172089289532,accepted,SPEAKER_01
real,800.0,long_00015_4992-1089-4970,s2,coarse_to_fine,1,True,2.5884852560663155e-05,0.4549364445379249,1.0,0.44892142130543183,accepted,SPEAKER_02
real,800.0,long_00015_4992-1089-4970,s3,coarse_to_fine,1,True,4.486392044341745e-05,0.4660794133269647,0.9341780376868096,0.5195431902562387,accepted,SPEAKER_00
oracle,0.0,long_00016_4970-5639-1221,s1,gated_deflation,0,True,0.0,0.6603085760093003,0.9320976705687596,0.7710476369442162,accepted,s1
oracle,0.0,long_00016_4970-5639-1221,s2,gated_deflation,0,True,0.0,0.17657723397799913,0.9134277970987248,0.7745420880468524,accepted,s2
oracle,0.0,long_00016_4970-5639-1221,s3,gated_deflation,0,True,0.0,0.5298052301295489,1.0,0.7778496825919553,accepted,s3
oracle,0.0,long_00016_4970-5639-1221,s1,coarse_to_fine,0,True,0.0,0.6185446042383163,0.9329032162705451,0.5263928490927015,accepted,s1
oracle,0.0,long_00016_4970-5639-1221,s2,coarse_to_fine,0,False,0.0,-0.4158043084921674,0.9274269835639115,0.3859075984562124,margin,s2
oracle,0.0,long_00016_4970-5639-1221,s3,coarse_to_fine,0,True,0.0,0.5650395403066099,1.0,0.5566149629114268,accepted,s3
oracle,0.0,long_00016_4970-5639-1221,s1,coarse_to_fine,1,True,0.0,0.6220341764101494,0.9386602814236727,0.5620690647634882,accepted,s1
oracle,0.0,long_00016_4970-5639-1221,s2,coarse_to_fine,1,False,0.0,-0.4843083776212986,0.9274269835639115,0.3859075984562124,margin,s2
oracle,0.0,long_00016_4970-5639-1221,s3,coarse_to_fine,1,True,0.0,0.6103639560649843,1.0,0.5604696495085851,accepted,s3
oracle,200.0,long_00016_4970-5639-1221,s1,gated_deflation,0,True,0.0,0.6593700411483034,0.9211610377468739,0.7710138650796738,accepted,s1
oracle,200.0,long_00016_4970-5639-1221,s2,gated_deflation,0,True,0.0,0.18388465839425483,0.9120509329455085,0.7747254619060169,accepted,s2
oracle,200.0,long_00016_4970-5639-1221,s3,gated_deflation,0,True,0.0,0.5291210150449218,1.0,0.7777752233362315,accepted,s3
oracle,200.0,long_00016_4970-5639-1221,s1,coarse_to_fine,0,True,0.0,0.626757668141126,0.9219863854154493,0.5266325819026552,accepted,s1
oracle,200.0,long_00016_4970-5639-1221,s2,coarse_to_fine,0,False,0.0,-0.3927080281261116,0.922651045927311,0.3869904347182951,margin,s2
oracle,200.0,long_00016_4970-5639-1221,s3,coarse_to_fine,0,True,0.0,0.5731054078359568,1.0,0.548739015876402,accepted,s3
oracle,200.0,long_00016_4970-5639-1221,s1,coarse_to_fine,1,True,0.0,0.6277942809843933,0.9272525417786608,0.5614121183195173,accepted,s1
oracle,200.0,long_00016_4970-5639-1221,s2,coarse_to_fine,1,False,0.0,-0.46067504778985957,0.922651045927311,0.3869904347182951,margin,s2
oracle,200.0,long_00016_4970-5639-1221,s3,coarse_to_fine,1,True,0.0,0.6115021706662749,1.0,0.5571202250576165,accepted,s3
oracle,400.0,long_00016_4970-5639-1221,s1,gated_deflation,0,True,0.0,0.6573832690003063,0.9171768511031535,0.7710792357874697,accepted,s1
oracle,400.0,long_00016_4970-5639-1221,s2,gated_deflation,0,True,0.0,0.190062526227398,0.9088509032001711,0.7739156721913905,accepted,s2
oracle,400.0,long_00016_4970-5639-1221,s3,gated_deflation,0,True,0.0,0.5252401725677927,1.0,0.7773216386935891,accepted,s3
oracle,400.0,long_00016_4970-5639-1221,s1,coarse_to_fine,0,True,0.0,0.6156277130744121,0.9179926648954603,0.5241728413242484,accepted,s1
oracle,400.0,long_00016_4970-5639-1221,s2,coarse_to_fine,0,False,0.0,-0.3687447964417987,0.9251978167956567,0.3862717867591932,margin,s2
oracle,400.0,long_00016_4970-5639-1221,s3,coarse_to_fine,0,True,0.0,0.5749170539171943,1.0,0.5483139970772667,accepted,s3
oracle,400.0,long_00016_4970-5639-1221,s1,coarse_to_fine,1,True,0.0,0.6243351476892659,0.9237105810326903,0.5592171700081681,accepted,s1
oracle,400.0,long_00016_4970-5639-1221,s2,coarse_to_fine,1,False,0.0,-0.43761973701251833,0.9251978167956567,0.3862717867591932,margin,s2
oracle,400.0,long_00016_4970-5639-1221,s3,coarse_to_fine,1,True,0.0,0.6149971497262448,1.0,0.5553558473304636,accepted,s3
oracle,800.0,long_00016_4970-5639-1221,s1,gated_deflation,0,True,0.0,0.6588224018512764,0.9187930450491137,0.7711799055246095,accepted,s1
oracle,800.0,long_00016_4970-5639-1221,s2,gated_deflation,0,True,0.0,0.19485030436619083,0.904108362920309,0.7742128353341304,accepted,s2
oracle,800.0,long_00016_4970-5639-1221,s3,gated_deflation,0,True,0.0,0.5231145902406542,1.0,0.7770659637684887,accepted,s3
oracle,800.0,long_00016_4970-5639-1221,s1,coarse_to_fine,0,True,0.0,0.6073188970742905,0.9197315682511008,0.5197009776906377,accepted,s1
oracle,800.0,long_00016_4970-5639-1221,s2,coarse_to_fine,0,False,0.0,-0.31828573880925226,0.9323204809754996,0.3902697115616377,margin,s2
oracle,800.0,long_00016_4970-5639-1221,s3,coarse_to_fine,0,True,0.0,0.5717555149605488,1.0,0.5454414482037341,accepted,s3
oracle,800.0,long_00016_4970-5639-1221,s1,coarse_to_fine,1,True,0.0,0.6218762107184665,0.9247417297053179,0.5533641932422059,accepted,s1
oracle,800.0,long_00016_4970-5639-1221,s2,coarse_to_fine,1,False,0.0,-0.39042503687880004,0.9323204809754996,0.3902697115616377,margin,s2
oracle,800.0,long_00016_4970-5639-1221,s3,coarse_to_fine,1,True,0.0,0.6035555324619719,1.0,0.5534902221817243,accepted,s3
real,0.0,long_00016_4970-5639-1221,s1,gated_deflation,0,True,4.470519069353351e-05,0.5850186867534484,0.9687486302870918,0.7875965562820185,accepted,SPEAKER_00
real,0.0,long_00016_4970-5639-1221,s2,gated_deflation,0,True,0.00013313173420209014,0.23460531956552477,0.9862903454334212,0.7981561198490882,accepted,SPEAKER_02
real,0.0,long_00016_4970-5639-1221,s3,gated_deflation,0,True,3.765145612163485e-05,0.6295807147728164,1.0,0.797442949946503,accepted,SPEAKER_01
real,0.0,long_00016_4970-5639-1221,s1,coarse_to_fine,0,True,4.470519069353351e-05,0.41621332324153437,0.9788625445529211,0.49324656078445184,accepted,SPEAKER_00
real,0.0,long_00016_4970-5639-1221,s2,coarse_to_fine,0,False,0.00013313173420209014,-0.08873921437456816,0.9816519448318611,0.37508115987592316,margin,SPEAKER_02
real,0.0,long_00016_4970-5639-1221,s3,coarse_to_fine,0,True,3.765145612163485e-05,0.5129408936205928,1.0,0.537666884366013,accepted,SPEAKER_01
real,0.0,long_00016_4970-5639-1221,s1,coarse_to_fine,1,True,4.470519069353351e-05,0.4250313702886291,0.9865798853246552,0.5996376523821189,accepted,SPEAKER_00
real,0.0,long_00016_4970-5639-1221,s2,coarse_to_fine,1,False,0.00013313173420209014,-0.1925999322968473,0.9816519448318611,0.37508115987592316,margin,SPEAKER_02
real,0.0,long_00016_4970-5639-1221,s3,coarse_to_fine,1,True,3.765145612163485e-05,0.6677225346384712,1.0,0.5178977996653706,accepted,SPEAKER_01
real,200.0,long_00016_4970-5639-1221,s1,gated_deflation,0,True,4.470519069353351e-05,0.5837744231833578,0.9613090983355458,0.7872193481972314,accepted,SPEAKER_00
real,200.0,long_00016_4970-5639-1221,s2,gated_deflation,0,True,0.0001789319504319032,0.1775994141276076,0.9191809051780357,0.7926341536555573,accepted,SPEAKER_02
real,200.0,long_00016_4970-5639-1221,s3,gated_deflation,0,True,3.765145612163485e-05,0.6186498950412584,1.0,0.7981189887295337,accepted,SPEAKER_01
real,200.0,long_00016_4970-5639-1221,s1,coarse_to_fine,0,True,4.470519069353351e-05,0.42684931495960265,0.9788625445529211,0.4928434017551541,accepted,SPEAKER_00
real,200.0,long_00016_4970-5639-1221,s2,coarse_to_fine,0,False,0.0001789319504319032,-0.20746893033982222,0.9354856901170168,0.3222584218951694,margin,SPEAKER_02
real,200.0,long_00016_4970-5639-1221,s3,coarse_to_fine,0,True,3.765145612163485e-05,0.5120285466278524,1.0,0.5511093698395526,accepted,SPEAKER_01
real,200.0,long_00016_4970-5639-1221,s1,coarse_to_fine,1,True,4.470519069353351e-05,0.4133087967356325,0.9865178986517898,0.5984395193383931,accepted,SPEAKER_00
real,200.0,long_00016_4970-5639-1221,s2,coarse_to_fine,1,False,0.0001789319504319032,-0.30603433730865454,0.9354856901170168,0.3222584218951694,margin,SPEAKER_02
real,200.0,long_00016_4970-5639-1221,s3,coarse_to_fine,1,True,3.765145612163485e-05,0.6427104735839458,1.0,0.5308361606230387,accepted,SPEAKER_01
real,400.0,long_00016_4970-5639-1221,s1,gated_deflation,0,True,4.470519069353351e-05,0.5808333000696959,0.9637975654174255,0.7870229030223829,accepted,SPEAKER_00
real,400.0,long_00016_4970-5639-1221,s2,gated_deflation,0,True,8.645522991222446e-05,0.22532997213919237,0.9496458593730853,0.796383622813023,accepted,SPEAKER_02
real,400.0,long_00016_4970-5639-1221,s3,gated_deflation,0,True,3.765145612163485e-05,0.6124365057400762,1.0,0.7986257457769363,accepted,SPEAKER_01
real,400.0,long_00016_4970-5639-1221,s1,coarse_to_fine,0,True,4.470519069353351e-05,0.42969897250032457,0.9788315512164885,0.4923187617339322,accepted,SPEAKER_00
real,400.0,long_00016_4970-5639-1221,s2,coarse_to_fine,0,False,8.645522991222446e-05,-0.12261838898761879,0.9475373210114756,0.36323393786439434,margin,SPEAKER_02
real,400.0,long_00016_4970-5639-1221,s3,coarse_to_fine,0,True,3.765145612163485e-05,0.6323399732963658,1.0,0.5651921175662505,accepted,SPEAKER_01
real,400.0,long_00016_4970-5639-1221,s1,coarse_to_fine,1,True,4.470519069353351e-05,0.44347635619714093,0.9864869053153572,0.5965151711954545,accepted,SPEAKER_00
real,400.0,long_00016_4970-5639-1221,s2,coarse_to_fine,1,False,8.645522991222446e-05,-0.1919510932065483,0.9475373210114756,0.36323393786439434,margin,SPEAKER_02
real,400.0,long_00016_4970-5639-1221,s3,coarse_to_fine,1,True,3.765145612163485e-05,0.6780147364302891,1.0,0.5557874765219445,accepted,SPEAKER_01
real,800.0,long_00016_4970-5639-1221,s1,gated_deflation,0,True,4.470488430648538e-05,0.5399368145831687,0.9443009753831862,0.7893623594338751,accepted,SPEAKER_00
real,800.0,long_00016_4970-5639-1221,s2,gated_deflation,0,True,0.0,0.21817135332929616,0.9701521868287556,0.7869648157782259,accepted,SPEAKER_02
real,800.0,long_00016_4970-5639-1221,s3,gated_deflation,0,True,3.765145612163485e-05,0.5838640633316837,0.9868129907209137,0.7982602493344366,accepted,SPEAKER_01
real,800.0,long_00016_4970-5639-1221,s1,coarse_to_fine,0,True,4.470488430648538e-05,0.7090453297272168,0.987186036611324,0.4751924067525901,accepted,SPEAKER_00
real,800.0,long_00016_4970-5639-1221,s2,coarse_to_fine,0,False,0.0,-0.3384747742947743,0.9500349406009784,0.38031415822476144,margin,SPEAKER_02
real,800.0,long_00016_4970-5639-1221,s3,coarse_to_fine,0,True,3.765145612163485e-05,0.6325822900431485,1.0,0.566431819349956,accepted,SPEAKER_01
real,800.0,long_00016_4970-5639-1221,s1,coarse_to_fine,1,True,4.470488430648538e-05,0.814602215002368,0.9871647509578544,0.4717122357306948,accepted,SPEAKER_00
real,800.0,long_00016_4970-5639-1221,s2,coarse_to_fine,1,False,0.0,-0.4103712211217319,0.9500349406009784,0.38031415822476144,margin,SPEAKER_02
real,800.0,long_00016_4970-5639-1221,s3,coarse_to_fine,1,True,3.765145612163485e-05,0.8033214453487096,1.0,0.5566075975740823,accepted,SPEAKER_01
oracle,0.0,long_00017_4507-908-6829,s1,gated_deflation,0,True,0.0,0.4369699493275259,0.9236391746265001,0.7328031700061052,accepted,s1
oracle,0.0,long_00017_4507-908-6829,s2,gated_deflation,0,True,0.0,0.4910727376426698,0.9487675450936259,0.750548989347228,accepted,s2
oracle,0.0,long_00017_4507-908-6829,s3,gated_deflation,0,True,0.0,0.3815812394825983,0.9662610972727853,0.7618262003831451,accepted,s3
oracle,0.0,long_00017_4507-908-6829,s1,coarse_to_fine,0,False,0.0,0.016621841199885523,0.9236391746265001,0.33699636950694084,margin,s1
oracle,0.0,long_00017_4507-908-6829,s2,coarse_to_fine,0,True,0.0,0.47442411739948764,0.8994688341905461,0.35675965299068785,accepted,s2
oracle,0.0,long_00017_4507-908-6829,s3,coarse_to_fine,0,True,0.0,0.4656773848717546,0.9627642587979818,0.45457670498125907,accepted,s3
oracle,0.0,long_00017_4507-908-6829,s1,coarse_to_fine,1,False,0.0,-0.053390589840000335,0.9236391746265001,0.33699636950694084,margin,s1
oracle,0.0,long_00017_4507-908-6829,s2,coarse_to_fine,1,True,0.0,0.5841088005383261,0.9014817536125398,0.36561158169344166,accepted,s2
oracle,0.0,long_00017_4507-908-6829,s3,coarse_to_fine,1,True,0.0,0.5938152338896978,0.9646883183240723,0.485729940812292,accepted,s3
oracle,200.0,long_00017_4507-908-6829,s1,gated_deflation,0,True,0.0,0.4339768027552669,0.9245402855068957,0.7328120215796876,accepted,s1
oracle,200.0,long_00017_4507-908-6829,s2,gated_deflation,0,True,0.0,0.49085303963428306,0.9432523387569854,0.7500869790000055,accepted,s2
oracle,200.0,long_00017_4507-908-6829,s3,gated_deflation,0,True,0.0,0.3737485779695446,0.9657643312101911,0.7616838408457648,accepted,s3
oracle,200.0,long_00017_4507-908-6829,s1,coarse_to_fine,0,False,0.0,0.04659775547574757,0.9245402855068957,0.33514421371485,margin,s1
oracle,200.0,long_00017_4507-908-6829,s2,coarse_to_fine,0,True,0.0,0.47678730911234196,0.9069909871763852,0.35407295332648725,accepted,s2
oracle,200.0,long_00017_4507-908-6829,s3,coarse_to_fine,0,True,0.0,0.4742316478626791,0.9631550734691303,0.45287313991295874,accepted,s3
oracle,200.0,long_00017_4507-908-6829,s1,coarse_to_fine,1,False,0.0,-0.024120398163080647,0.9245402855068957,0.33514421371485,margin,s1
oracle,200.0,long_00017_4507-908-6829,s2,coarse_to_fine,1,True,0.0,0.5828034096539325,0.8989611057343334,0.3635682595404633,accepted,s2
oracle,200.0,long_00017_4507-908-6829,s3,coarse_to_fine,1,True,0.0,0.6017127564058745,0.9651415778520527,0.48422544375485305,accepted,s3
oracle,400.0,long_00017_4507-908-6829,s1,gated_deflation,0,True,0.0,0.4359487947879077,0.9253526177384652,0.7327043708448501,accepted,s1
oracle,400.0,long_00017_4507-908-6829,s2,gated_deflation,0,True,0.0,0.48608086505902603,0.9365907773948581,0.7496446942333238,accepted,s2
oracle,400.0,long_00017_4507-908-6829,s3,gated_deflation,0,True,0.0,0.38333039700023636,0.9586706732266301,0.7617213307990192,accepted,s3
oracle,400.0,long_00017_4507-908-6829,s1,coarse_to_fine,0,False,0.0,0.08747913642305016,0.9254273248864451,0.33172121522428,margin,s1
oracle,400.0,long_00017_4507-908-6829,s2,coarse_to_fine,0,True,0.0,0.4740044602616406,0.9023951111642362,0.3545098970423271,accepted,s2
oracle,400.0,long_00017_4507-908-6829,s3,coarse_to_fine,0,True,0.0,0.4819935048805325,0.960414460982749,0.4516888413276149,accepted,s3
oracle,400.0,long_00017_4507-908-6829,s1,coarse_to_fine,1,False,0.0,0.011042497040528287,0.9254273248864451,0.33172121522428,margin,s1
oracle,400.0,long_00017_4507-908-6829,s2,coarse_to_fine,1,True,0.0,0.5877489451932594,0.9001090724360507,0.3651290844698991,accepted,s2
oracle,400.0,long_00017_4507-908-6829,s3,coarse_to_fine,1,True,0.0,0.6060921318989154,0.9622127421062465,0.4800347111864321,accepted,s3
oracle,800.0,long_00017_4507-908-6829,s1,gated_deflation,0,True,0.0,0.4317730782618523,0.922272647676862,0.7326451618950284,accepted,s1
oracle,800.0,long_00017_4507-908-6829,s2,gated_deflation,0,True,0.0,0.4883649596106727,0.9418745720325107,0.7500689081407435,accepted,s2
oracle,800.0,long_00017_4507-908-6829,s3,gated_deflation,0,True,0.0,0.3832392250545273,0.9476514553077717,0.7616385812406319,accepted,s3
oracle,800.0,long_00017_4507-908-6829,s1,coarse_to_fine,0,False,0.0,0.08233965175178976,0.9221632033621293,0.3349107554599199,margin,s1
oracle,800.0,long_00017_4507-908-6829,s2,coarse_to_fine,0,True,0.0,0.49433760457482895,0.9103796988092459,0.3551110955989456,accepted,s2
oracle,800.0,long_00017_4507-908-6829,s3,coarse_to_fine,0,True,0.0,0.48420085281235664,0.9613614267484961,0.44911985812560434,accepted,s3
oracle,800.0,long_00017_4507-908-6829,s1,coarse_to_fine,1,False,0.0,0.01449424615104622,0.9221632033621293,0.3349107554599199,margin,s1
oracle,800.0,long_00017_4507-908-6829,s2,coarse_to_fine,1,True,0.0,0.5933120249282289,0.9031271888862946,0.3644148787134752,accepted,s2
oracle,800.0,long_00017_4507-908-6829,s3,coarse_to_fine,1,True,0.0,0.6096968905893534,0.9592878410402869,0.47766276760160586,accepted,s3
real,0.0,long_00017_4507-908-6829,s1,gated_deflation,0,True,6.225083486552495e-05,0.42353557637040945,0.9700781398894607,0.7625971250384256,accepted,SPEAKER_02
real,0.0,long_00017_4507-908-6829,s2,gated_deflation,0,True,6.941011486897473e-05,0.5000308497489954,0.9897712852294526,0.7760814220005323,accepted,SPEAKER_00
real,0.0,long_00017_4507-908-6829,s3,gated_deflation,0,True,4.2462933007242863e-05,0.3573786244718563,0.9951719576719577,0.774165259328261,accepted,SPEAKER_01
real,0.0,long_00017_4507-908-6829,s1,coarse_to_fine,0,True,6.225083486552495e-05,0.18653598006530742,1.0,0.3293657701870642,accepted,SPEAKER_02
real,0.0,long_00017_4507-908-6829,s2,coarse_to_fine,0,True,6.941011486897473e-05,0.2856975840809166,1.0,0.43847537833585015,accepted,SPEAKER_00
real,0.0,long_00017_4507-908-6829,s3,coarse_to_fine,0,True,4.2462933007242863e-05,0.40024296054777814,1.0,0.4602541591563036,accepted,SPEAKER_01
real,0.0,long_00017_4507-908-6829,s1,coarse_to_fine,1,True,6.225083486552495e-05,0.46714421431037045,1.0,0.2897549802079392,accepted,SPEAKER_02
real,0.0,long_00017_4507-908-6829,s2,coarse_to_fine,1,True,6.941011486897473e-05,0.5251540875495162,1.0,0.44229933514529723,accepted,SPEAKER_00
real,0.0,long_00017_4507-908-6829,s3,coarse_to_fine,1,True,4.2462933007242863e-05,0.5573460326264736,1.0,0.5196791514486675,accepted,SPEAKER_01
real,200.0,long_00017_4507-908-6829,s1,gated_deflation,0,True,6.225083486552495e-05,0.4208609734971925,0.9385972382748342,0.7627735633047621,accepted,SPEAKER_02
real,200.0,long_00017_4507-908-6829,s2,gated_deflation,0,True,7.452907029001681e-05,0.4959453493473447,0.9749440832249675,0.7766209962252628,accepted,SPEAKER_00
real,200.0,long_00017_4507-908-6829,s3,gated_deflation,0,True,4.2462933007242863e-05,0.35421025525211186,0.9846667648936692,0.7740421051280059,accepted,SPEAKER_01
real,200.0,long_00017_4507-908-6829,s1,coarse_to_fine,0,True,6.225083486552495e-05,0.20984633855374296,1.0,0.3245827602822564,accepted,SPEAKER_02
real,200.0,long_00017_4507-908-6829,s2,coarse_to_fine,0,True,7.452907029001681e-05,0.28820964601908783,1.0,0.4365549509264543,accepted,SPEAKER_00
real,200.0,long_00017_4507-908-6829,s3,coarse_to_fine,0,True,4.2462933007242863e-05,0.38132780875298544,0.9791890002330459,0.45382501843042783,accepted,SPEAKER_01
real,200.0,long_00017_4507-908-6829,s1,coarse_to_fine,1,True,6.225083486552495e-05,0.48145305847948006,1.0,0.29282994218796343,accepted,SPEAKER_02
real,200.0,long_00017_4507-908-6829,s2,coarse_to_fine,1,True,7.452907029001681e-05,0.5232079667814655,1.0,0.4459722135720745,accepted,SPEAKER_00
real,200.0,long_00017_4507-908-6829,s3,coarse_to_fine,1,True,4.2462933007242863e-05,0.5470930113385358,0.9794919599161035,0.5020122324994777,accepted,SPEAKER_01
real,400.0,long_00017_4507-908-6829,s1,gated_deflation,0,True,6.225083486552495e-05,0.41856008827472485,0.9334301621883321,0.7628428489021092,accepted,SPEAKER_02
real,400.0,long_00017_4507-908-6829,s2,gated_deflation,0,True,7.135444737742908e-05,0.5017441090324928,0.9609716220950602,0.7763734183284839,accepted,SPEAKER_00
real,400.0,long_00017_4507-908-6829,s3,gated_deflation,0,True,4.2462933007242863e-05,0.35366787328581256,0.9837106596624983,0.7738871524593731,accepted,SPEAKER_01
real,400.0,long_00017_4507-908-6829,s1,coarse_to_fine,0,True,6.225083486552495e-05,0.20576745276015307,1.0,0.3259588488283677,accepted,SPEAKER_02
real,400.0,long_00017_4507-908-6829,s2,coarse_to_fine,0,True,7.135444737742908e-05,0.3046128892495841,1.0,0.43756219810199537,accepted,SPEAKER_00
real,400.0,long_00017_4507-908-6829,s3,coarse_to_fine,0,True,4.2462933007242863e-05,0.37309600371653084,0.9669569255776153,0.4535537372605031,accepted,SPEAKER_01
real,400.0,long_00017_4507-908-6829,s1,coarse_to_fine,1,True,6.225083486552495e-05,0.4716780867637904,1.0,0.2954864387811332,accepted,SPEAKER_02
real,400.0,long_00017_4507-908-6829,s2,coarse_to_fine,1,True,7.135444737742908e-05,0.5160829492121399,1.0,0.4530965851902987,accepted,SPEAKER_00
real,400.0,long_00017_4507-908-6829,s3,coarse_to_fine,1,True,4.2462933007242863e-05,0.5432920349145742,0.9694183211424591,0.5092188360696703,accepted,SPEAKER_01
real,800.0,long_00017_4507-908-6829,s1,gated_deflation,0,True,6.225083486552495e-05,0.42023585821056364,0.9333333333333333,0.7628750488563262,accepted,SPEAKER_02
real,800.0,long_00017_4507-908-6829,s2,gated_deflation,0,True,7.16566595509344e-05,0.49971625678635945,0.9499079977748299,0.7757926360297304,accepted,SPEAKER_00
real,800.0,long_00017_4507-908-6829,s3,gated_deflation,0,True,4.2462933007242863e-05,0.3547440204727332,0.9803801182790844,0.7737678842694503,accepted,SPEAKER_01
real,800.0,long_00017_4507-908-6829,s1,coarse_to_fine,0,True,6.225083486552495e-05,0.19972191364252,1.0,0.32592669011324593,accepted,SPEAKER_02
real,800.0,long_00017_4507-908-6829,s2,coarse_to_fine,0,True,7.16566595509344e-05,0.5014649946773084,0.992112456071847,0.3452133964512334,accepted,SPEAKER_00
real,800.0,long_00017_4507-908-6829,s3,coarse_to_fine,0,True,4.2462933007242863e-05,0.37306286410078277,0.9669337048647394,0.4521882698256325,accepted,SPEAKER_01
real,800.0,long_00017_4507-908-6829,s1,coarse_to_fine,1,True,6.225083486552495e-05,0.4569575388939162,1.0,0.2966341369122347,accepted,SPEAKER_02
real,800.0,long_00017_4507-908-6829,s2,coarse_to_fine,1,True,7.16566595509344e-05,0.573318651695359,1.0,0.35600697704423084,accepted,SPEAKER_00
real,800.0,long_00017_4507-908-6829,s3,coarse_to_fine,1,True,4.2462933007242863e-05,0.5447619538467439,0.9695112039939626,0.5107568649035042,accepted,SPEAKER_01
oracle,0.0,long_00018_4970-1089-3729,s1,gated_deflation,0,True,0.0,0.4419432968057889,0.9613175243215566,0.7888352953299778,accepted,s1
oracle,0.0,long_00018_4970-1089-3729,s2,gated_deflation,0,True,0.0,0.46634206521335775,0.9595187627571047,0.7690403465240168,accepted,s2
oracle,0.0,long_00018_4970-1089-3729,s3,gated_deflation,0,True,0.0,0.46708050592331407,0.9930106035386228,0.7502157171327946,accepted,s3
oracle,0.0,long_00018_4970-1089-3729,s1,coarse_to_fine,0,True,0.0,0.3736202146001535,0.9613175243215566,0.5142616864972382,accepted,s1
oracle,0.0,long_00018_4970-1089-3729,s2,coarse_to_fine,0,True,0.0,0.4663460467333585,0.9954534245730843,0.4402689981485966,accepted,s2
oracle,0.0,long_00018_4970-1089-3729,s3,coarse_to_fine,0,True,0.0,0.17756501710461858,0.9926021823562049,0.4594778531992319,accepted,s3
oracle,0.0,long_00018_4970-1089-3729,s1,coarse_to_fine,1,True,0.0,0.45021124881713637,0.96927003328213,0.5466013090837034,accepted,s1
oracle,0.0,long_00018_4970-1089-3729,s2,coarse_to_fine,1,True,0.0,0.5166507175894977,1.0,0.45310734730536345,accepted,s2
oracle,0.0,long_00018_4970-1089-3729,s3,coarse_to_fine,1,False,0.0,0.05196694053200701,0.9920781702731027,0.47012896397422427,margin,s3
oracle,200.0,long_00018_4970-1089-3729,s1,gated_deflation,0,True,0.0,0.44225379418822525,0.9491595045500506,0.7889248808483018,accepted,s1
oracle,200.0,long_00018_4970-1089-3729,s2,gated_deflation,0,True,0.0,0.46539146284016075,0.9532369359590634,0.7688362143924429,accepted,s2
oracle,200.0,long_00018_4970-1089-3729,s3,gated_deflation,0,True,0.0,0.4671180547602186,0.9815327933743377,0.7500524764317272,accepted,s3
oracle,200.0,long_00018_4970-1089-3729,s1,coarse_to_fine,0,True,0.0,0.3691627165634539,0.9491595045500506,0.51302330771563,accepted,s1
oracle,200.0,long_00018_4970-1089-3729,s2,coarse_to_fine,0,True,0.0,0.4719320787159141,0.9955164119115767,0.4374548765083156,accepted,s2
oracle,200.0,long_00018_4970-1089-3729,s3,coarse_to_fine,0,True,0.0,0.1736881013994021,0.9822331161317824,0.45809664785537346,accepted,s3
oracle,200.0,long_00018_4970-1089-3729,s1,coarse_to_fine,1,True,0.0,0.4473471078484299,0.9568535136501517,0.5425505934805303,accepted,s1
oracle,200.0,long_00018_4970-1089-3729,s2,coarse_to_fine,1,True,0.0,0.5172042393796239,1.0,0.4502571129862647,accepted,s2
oracle,200.0,long_00018_4970-1089-3729,s3,coarse_to_fine,1,False,0.0,0.0543231652685936,0.9811293465684184,0.4669288327445736,margin,s3
oracle,400.0,long_00018_4970-1089-3729,s1,gated_deflation,0,True,0.0,0.46227886613240937,0.9371099600599101,0.7890492551267441,accepted,s1
oracle,400.0,long_00018_4970-1089-3729,s2,gated_deflation,0,True,0.0,0.45332861893076537,0.9486559963240925,0.7686779667597505,accepted,s2
oracle,400.0,long_00018_4970-1089-3729,s3,gated_deflation,0,True,0.0,0.49159992856586066,0.9697145177787136,0.750001393051983,accepted,s3
oracle,400.0,long_00018_4970-1089-3729,s1,coarse_to_fine,0,True,0.0,0.37692638204676154,0.9371099600599101,0.5120692139859965,accepted,s1
oracle,400.0,long_00018_4970-1089-3729,s2,coarse_to_fine,0,True,0.0,0.47796294576322607,0.9872525720474099,0.43452316507482375,accepted,s2
oracle,400.0,long_00018_4970-1089-3729,s3,coarse_to_fine,0,True,0.0,0.18515717141790633,0.9699702183984117,0.4594650459499788,accepted,s3
oracle,400.0,long_00018_4970-1089-3729,s1,coarse_to_fine,1,True,0.0,0.4501338147546937,0.9441072765851223,0.5398579756357899,accepted,s1
oracle,400.0,long_00018_4970-1089-3729,s2,coarse_to_fine,1,True,0.0,0.5175710731482764,0.9917423741050478,0.44883745181372486,accepted,s2
oracle,400.0,long_00018_4970-1089-3729,s3,coarse_to_fine,1,False,0.0,0.060246188720456395,0.9692331989651646,0.468002434563336,margin,s3
oracle,800.0,long_00018_4970-1089-3729,s1,gated_deflation,0,True,0.0,0.44365935267702583,0.928953056502679,0.7890432692306327,accepted,s1
oracle,800.0,long_00018_4970-1089-3729,s2,gated_deflation,0,True,0.0,0.46509855099875547,0.9435304230826731,0.7684653266369711,accepted,s2
oracle,800.0,long_00018_4970-1089-3729,s3,gated_deflation,0,True,0.0,0.470734866089731,0.9469185124258269,0.7499552298735368,accepted,s3
oracle,800.0,long_00018_4970-1089-3729,s1,coarse_to_fine,0,True,0.0,0.40133095856715695,0.928953056502679,0.508681615748993,accepted,s1
oracle,800.0,long_00018_4970-1089-3729,s2,coarse_to_fine,0,True,0.0,0.48122659788652267,0.9880955878033018,0.43380039723648206,accepted,s2
oracle,800.0,long_00018_4970-1089-3729,s3,coarse_to_fine,0,True,0.0,0.18797082162510853,0.9471608601139768,0.4631771281012343,accepted,s3
oracle,800.0,long_00018_4970-1089-3729,s1,coarse_to_fine,1,True,0.0,0.46695178696354445,0.9358636751095957,0.5361028038700292,accepted,s1
oracle,800.0,long_00018_4970-1089-3729,s2,coarse_to_fine,1,True,0.0,0.524167502420533,0.9925092532753658,0.4454689155837334,accepted,s2
oracle,800.0,long_00018_4970-1089-3729,s3,coarse_to_fine,1,False,0.0,0.06859618036519655,0.9464485047882029,0.470401947846953,margin,s3
real,0.0,long_00018_4970-1089-3729,s1,gated_deflation,0,True,5.574649297728759e-05,0.48078104085038237,0.9780238126620096,0.8172647788004107,accepted,SPEAKER_00
real,0.0,long_00018_4970-1089-3729,s2,gated_deflation,0,True,0.00022873093926866904,0.3166619702742135,0.9974582889598864,0.7746577262779422,accepted,SPEAKER_01
real,0.0,long_00018_4970-1089-3729,s3,gated_deflation,0,True,6.055783314812892e-05,0.5832284076801502,0.9285903250188965,0.7718507843947674,accepted,SPEAKER_02
real,0.0,long_00018_4970-1089-3729,s1,coarse_to_fine,0,True,5.574649297728759e-05,0.49553144074856914,0.9917392592592592,0.499244672047127,accepted,SPEAKER_00
real,0.0,long_00018_4970-1089-3729,s2,coarse_to_fine,0,True,0.00022873093926866904,0.3351764131718013,0.9939612390952306,0.4810621880931045,accepted,SPEAKER_01
real,0.0,long_00018_4970-1089-3729,s3,coarse_to_fine,0,True,6.055783314812892e-05,0.5340553858591222,1.0,0.42960658250985256,accepted,SPEAKER_02
real,0.0,long_00018_4970-1089-3729,s1,coarse_to_fine,1,True,5.574649297728759e-05,0.5158462444828145,0.9927111111111111,0.5294237672141759,accepted,SPEAKER_00
real,0.0,long_00018_4970-1089-3729,s2,coarse_to_fine,1,True,0.00022873093926866904,0.44811324682105796,0.9948806352191402,0.4868858756364639,accepted,SPEAKER_01
real,0.0,long_00018_4970-1089-3729,s3,coarse_to_fine,1,True,6.055783314812892e-05,0.6026854320510888,1.0,0.46997691659321533,accepted,SPEAKER_02
real,200.0,long_00018_4970-1089-3729,s1,gated_deflation,0,True,5.574649297728759e-05,0.4831720135413361,0.9779125687795156,0.817310034648269,accepted,SPEAKER_00
real,200.0,long_00018_4970-1089-3729,s2,gated_deflation,0,True,7.421258634355747e-05,0.36996478621858336,0.9952869269949066,0.7753534902175,accepted,SPEAKER_01
real,200.0,long_00018_4970-1089-3729,s3,gated_deflation,0,True,6.055783314812892e-05,0.5493803275391106,0.9311370209689082,0.7717771950203279,accepted,SPEAKER_02
real,200.0,long_00018_4970-1089-3729,s1,coarse_to_fine,0,True,5.574649297728759e-05,0.47153067375645324,0.9917274074074074,0.49989909413810313,accepted,SPEAKER_00
real,200.0,long_00018_4970-1089-3729,s2,coarse_to_fine,0,True,7.421258634355747e-05,0.4111170321898059,0.9928787956635667,0.4737111738757716,accepted,SPEAKER_01
real,200.0,long_00018_4970-1089-3729,s3,coarse_to_fine,0,True,6.055783314812892e-05,0.49742193395560064,1.0,0.4304752545245053,accepted,SPEAKER_02
real,200.0,long_00018_4970-1089-3729,s1,coarse_to_fine,1,True,5.574649297728759e-05,0.5246921692675839,0.9926992592592593,0.5309490336953859,accepted,SPEAKER_00
real,200.0,long_00018_4970-1089-3729,s2,coarse_to_fine,1,True,7.421258634355747e-05,0.4756790926485223,0.993639212865437,0.48260586004650774,accepted,SPEAKER_01
real,200.0,long_00018_4970-1089-3729,s3,coarse_to_fine,1,True,6.055783314812892e-05,0.5940047625508788,1.0,0.46993321255681975,accepted,SPEAKER_02
real,400.0,long_00018_4970-1089-3729,s1,gated_deflation,0,True,5.574649297728759e-05,0.4962735512298116,0.974399110426824,0.8172365510174224,accepted,SPEAKER_00
real,400.0,long_00018_4970-1089-3729,s2,gated_deflation,0,True,9.977878252145748e-05,0.3576106812068808,0.981993006993007,0.775206831464163,accepted,SPEAKER_01
real,400.0,long_00018_4970-1089-3729,s3,gated_deflation,0,True,6.055783314812892e-05,0.5641025755478846,0.923951048951049,0.7718167038986254,accepted,SPEAKER_02
real,400.0,long_00018_4970-1089-3729,s1,coarse_to_fine,0,True,5.574649297728759e-05,0.49746288907506503,0.9917274074074074,0.49998309251490797,accepted,SPEAKER_00
real,400.0,long_00018_4970-1089-3729,s2,coarse_to_fine,0,True,9.977878252145748e-05,0.3797005133175931,0.9884547338624071,0.46119049072775137,accepted,SPEAKER_01
real,400.0,long_00018_4970-1089-3729,s3,coarse_to_fine,0,True,6.055783314812892e-05,0.5167357762099765,1.0,0.4321497338493991,accepted,SPEAKER_02
real,400.0,long_00018_4970-1089-3729,s1,coarse_to_fine,1,True,5.574649297728759e-05,0.5418918591872062,0.9926992592592593,0.5319613040472402,accepted,SPEAKER_00
real,400.0,long_00018_4970-1089-3729,s2,coarse_to_fine,1,True,9.977878252145748e-05,0.46232391701057224,0.9930445331850579,0.4739340583355824,accepted,SPEAKER_01
real,400.0,long_00018_4970-1089-3729,s3,coarse_to_fine,1,True,6.055783314812892e-05,0.6028344978097886,1.0,0.4709656597028663,accepted,SPEAKER_02
real,800.0,long_00018_4970-1089-3729,s1,gated_deflation,0,True,5.574649297728759e-05,0.34698488643751546,0.9484133093832863,0.8172893319379911,accepted,SPEAKER_00
real,800.0,long_00018_4970-1089-3729,s2,gated_deflation,0,True,0.0,0.5437528951350019,0.9740547506703527,0.7733020798448501,accepted,SPEAKER_01
real,800.0,long_00018_4970-1089-3729,s3,gated_deflation,0,True,4.748088953436993e-05,0.5361249043401597,0.941167480365103,0.7806258453846302,accepted,SPEAKER_02
real,800.0,long_00018_4970-1089-3729,s1,coarse_to_fine,0,True,5.574649297728759e-05,0.4263224866735469,0.9917274074074074,0.5009161008529609,accepted,SPEAKER_00
real,800.0,long_00018_4970-1089-3729,s2,coarse_to_fine,0,True,0.0,0.45197968752824147,0.9737648729373746,0.46524488003205267,accepted,SPEAKER_01
real,800.0,long_00018_4970-1089-3729,s3,coarse_to_fine,0,True,4.748088953436993e-05,0.47653693388389556,1.0,0.44055149324715714,accepted,SPEAKER_02
real,800.0,long_00018_4970-1089-3729,s1,coarse_to_fine,1,True,5.574649297728759e-05,0.49643151708166666,0.9926874074074075,0.5332277169149935,accepted,SPEAKER_00
real,800.0,long_00018_4970-1089-3729,s2,coarse_to_fine,1,True,0.0,0.4855675128462103,0.9749106399647456,0.47513640725698125,accepted,SPEAKER_01
real,800.0,long_00018_4970-1089-3729,s3,coarse_to_fine,1,True,4.748088953436993e-05,0.5813823218031893,1.0,0.47900783033436434,accepted,SPEAKER_02
oracle,0.0,long_00019_3729-5639-3570,s1,gated_deflation,0,True,0.0,0.483840544818895,0.9370048225973131,0.7702118216018021,accepted,s1
oracle,0.0,long_00019_3729-5639-3570,s2,gated_deflation,0,True,0.0,0.2992779062869849,0.9614722852608315,0.7672690005208604,accepted,s2
oracle,0.0,long_00019_3729-5639-3570,s3,gated_deflation,0,True,0.0,0.3473241219876571,0.9747797931436639,0.6942315829224162,accepted,s3
oracle,0.0,long_00019_3729-5639-3570,s1,coarse_to_fine,0,True,0.0,0.29941128112132925,0.9370048225973131,0.40268206539663387,accepted,s1
oracle,0.0,long_00019_3729-5639-3570,s2,coarse_to_fine,0,False,0.0,-0.23454965635122282,1.0,0.3778699331827744,margin,s2
oracle,0.0,long_00019_3729-5639-3570,s3,coarse_to_fine,0,True,0.0,0.48390573554534205,0.9705060921339349,0.2907793682245833,accepted,s3
oracle,0.0,long_00019_3729-5639-3570,s1,coarse_to_fine,1,True,0.0,0.48818848061811365,0.9295341026524285,0.38476620263657507,accepted,s1
oracle,0.0,long_00019_3729-5639-3570,s2,coarse_to_fine,1,False,0.0,-0.41313700338401405,1.0,0.3778699331827744,margin,s2
oracle,0.0,long_00019_3729-5639-3570,s3,coarse_to_fine,1,True,0.0,0.6221800813130371,0.9707976552189792,0.28276926833330984,accepted,s3
oracle,200.0,long_00019_3729-5639-3570,s1,gated_deflation,0,True,0.0,0.48940647268505444,0.9375212850493814,0.7702964943801738,accepted,s1
oracle,200.0,long_00019_3729-5639-3570,s2,gated_deflation,0,True,0.0,0.29768416378294915,0.9529896363183278,0.7677508032312885,accepted,s2
oracle,200.0,long_00019_3729-5639-3570,s3,gated_deflation,0,True,0.0,0.3455288607515291,0.9717202801443168,0.6943870986619769,accepted,s3
oracle,200.0,long_00019_3729-5639-3570,s1,coarse_to_fine,0,True,0.0,0.31267172655826286,0.9375212850493814,0.40258589636591346,accepted,s1
oracle,200.0,long_00019_3729-5639-3570,s2,coarse_to_fine,0,False,0.0,-0.2336466355599855,0.987775286638665,0.3793676140255193,margin,s2
oracle,200.0,long_00019_3729-5639-3570,s3,coarse_to_fine,0,True,0.0,0.4885532073237413,0.9708713579722887,0.2894166497095287,accepted,s3
oracle,200.0,long_00019_3729-5639-3570,s1,coarse_to_fine,1,True,0.0,0.4975448187340437,0.9303056533091156,0.3837798845577956,accepted,s1
oracle,200.0,long_00019_3729-5639-3570,s2,coarse_to_fine,1,False,0.0,-0.4099339038584124,0.987775286638665,0.3793676140255193,margin,s2
oracle,200.0,long_00019_3729-5639-3570,s3,coarse_to_fine,1,True,0.0,0.6273852871813401,0.9711063275020465,0.27958484606318557,accepted,s3
oracle,400.0,long_00019_3729-5639-3570,s1,gated_deflation,0,True,0.0,0.4880873231208472,0.928422101245931,0.7702092965142376,accepted,s1
oracle,400.0,long_00019_3729-5639-3570,s2,gated_deflation,0,True,0.0,0.2968668839639769,0.9393210565206682,0.7679475217947587,accepted,s2
oracle,400.0,long_00019_3729-5639-3570,s3,gated_deflation,0,True,0.0,0.34595890548990343,0.9725234400742893,0.694737987211313,accepted,s3
oracle,400.0,long_00019_3729-5639-3570,s1,coarse_to_fine,0,True,0.0,0.31423986747419896,0.928422101245931,0.403527664636083,accepted,s1
oracle,400.0,long_00019_3729-5639-3570,s2,coarse_to_fine,0,False,0.0,-0.22693438717991282,0.9798798967336402,0.3792029450950219,margin,s2
oracle,400.0,long_00019_3729-5639-3570,s3,coarse_to_fine,0,True,0.0,0.50704148617987,0.9712054039481173,0.2876496052184711,accepted,s3
oracle,400.0,long_00019_3729-5639-3570,s1,coarse_to_fine,1,True,0.0,0.505579853143483,0.9213155236277921,0.38804353719280843,accepted,s1
oracle,400.0,long_00019_3729-5639-3570,s2,coarse_to_fine,1,False,0.0,-0.4057376688800796,0.9798798967336402,0.3792029450950219,margin,s2
oracle,400.0,long_00019_3729-5639-3570,s3,coarse_to_fine,1,True,0.0,0.6407051498475891,0.9714450468801485,0.27895113327542137,accepted,s3
oracle,800.0,long_00019_3729-5639-3570,s1,gated_deflation,0,True,0.0,0.4933539650441147,0.9168336260840927,0.7703309793708558,accepted,s1
oracle,800.0,long_00019_3729-5639-3570,s2,gated_deflation,0,True,0.0,0.2893552656219441,0.9374389328650929,0.7673029496701261,accepted,s2
oracle,800.0,long_00019_3729-5639-3570,s3,gated_deflation,0,True,0.0,0.34036854556227614,0.9693926805722143,0.6942412906253799,accepted,s3
oracle,800.0,long_00019_3729-5639-3570,s1,coarse_to_fine,0,True,0.0,0.33599575795010567,0.9168336260840927,0.40868880810367464,accepted,s1
oracle,800.0,long_00019_3729-5639-3570,s2,coarse_to_fine,0,False,0.0,-0.17353246817345291,0.9795188824239763,0.37531356842829267,margin,s2
oracle,800.0,long_00019_3729-5639-3570,s3,coarse_to_fine,0,True,0.0,0.5129182074173073,0.9719231781879882,0.28601007335428785,accepted,s3
oracle,800.0,long_00019_3729-5639-3570,s1,coarse_to_fine,1,True,0.0,0.5229593637956935,0.9127511252607311,0.39539396939807575,accepted,s1
oracle,800.0,long_00019_3729-5639-3570,s2,coarse_to_fine,1,False,0.0,-0.35263766171312183,0.9795188824239763,0.37531356842829267,margin,s2
oracle,800.0,long_00019_3729-5639-3570,s3,coarse_to_fine,1,True,0.0,0.6398240999832738,0.97213527191879,0.2753038734834041,accepted,s3
real,0.0,long_00019_3729-5639-3570,s1,gated_deflation,0,True,4.75186198639977e-05,0.5498264849815117,0.9472021419009371,0.7870338933086298,accepted,SPEAKER_02
real,0.0,long_00019_3729-5639-3570,s2,gated_deflation,0,True,6.838982096905611e-05,0.24908354496282625,0.9999495408214755,0.8097999811099249,accepted,SPEAKER_01
real,0.0,long_00019_3729-5639-3570,s3,gated_deflation,0,True,5.470677980402941e-05,0.35305419118687464,0.9348448687350835,0.6911380692649851,accepted,SPEAKER_00
real,0.0,long_00019_3729-5639-3570,s1,coarse_to_fine,0,True,4.75186198639977e-05,0.16054929929224587,0.9211170848267622,0.34164925659980133,accepted,SPEAKER_02
real,0.0,long_00019_3729-5639-3570,s2,coarse_to_fine,0,False,6.838982096905611e-05,-0.08185647403591284,1.0,0.41490813212905175,margin,SPEAKER_01
real,0.0,long_00019_3729-5639-3570,s3,coarse_to_fine,0,True,5.470677980402941e-05,0.45416519301079117,0.9650924494819394,0.26887011371088004,accepted,SPEAKER_00
real,0.0,long_00019_3729-5639-3570,s1,coarse_to_fine,1,True,4.75186198639977e-05,0.39610271178138945,0.921236559139785,0.36552208848264245,accepted,SPEAKER_02
real,0.0,long_00019_3729-5639-3570,s2,coarse_to_fine,1,False,6.838982096905611e-05,-0.1490193528929104,1.0,0.41490813212905175,margin,SPEAKER_01
real,0.0,long_00019_3729-5639-3570,s3,coarse_to_fine,1,True,5.470677980402941e-05,0.5963728098667216,0.9692598317018719,0.26867937581118845,accepted,SPEAKER_00
real,200.0,long_00019_3729-5639-3570,s1,gated_deflation,0,True,4.75186198639977e-05,0.5470196621870608,0.9355180236954878,0.7870887864106354,accepted,SPEAKER_02
real,200.0,long_00019_3729-5639-3570,s2,gated_deflation,0,True,6.838982096905611e-05,0.2479429732236212,0.99700586987619,0.8099422256130377,accepted,SPEAKER_01
real,200.0,long_00019_3729-5639-3570,s3,gated_deflation,0,True,5.7528632733937634e-05,0.3573547977054223,0.9356272889873094,0.690870721339863,accepted,SPEAKER_00
real,200.0,long_00019_3729-5639-3570,s1,coarse_to_fine,0,True,4.75186198639977e-05,0.41752985234643925,0.9050373740656483,0.3727881681125319,accepted,SPEAKER_02
real,200.0,long_00019_3729-5639-3570,s2,coarse_to_fine,0,False,6.838982096905611e-05,-0.061306532477355125,0.995329466012197,0.4166482764746218,margin,SPEAKER_01
real,200.0,long_00019_3729-5639-3570,s3,coarse_to_fine,0,True,5.7528632733937634e-05,0.4705467339471128,0.9658328180336163,0.2672365231697742,accepted,SPEAKER_00
real,200.0,long_00019_3729-5639-3570,s1,coarse_to_fine,1,True,4.75186198639977e-05,0.6082499443298185,0.9057523561910952,0.38288948631882863,accepted,SPEAKER_02
real,200.0,long_00019_3729-5639-3570,s2,coarse_to_fine,1,False,6.838982096905611e-05,-0.12139639052507639,0.995329466012197,0.4166482764746218,margin,SPEAKER_01
real,200.0,long_00019_3729-5639-3570,s3,coarse_to_fine,1,True,5.7528632733937634e-05,0.6362347071981103,0.982438585642813,0.26761197696677785,accepted,SPEAKER_00
real,400.0,long_00019_3729-5639-3570,s1,gated_deflation,0,True,4.75186198639977e-05,0.5466171041314525,0.9379613924561828,0.7870208701932394,accepted,SPEAKER_02
real,400.0,long_00019_3729-5639-3570,s2,gated_deflation,0,True,6.838982096905611e-05,0.25055578316018384,0.9968436295805414,0.8099511242549208,accepted,SPEAKER_01
real,400.0,long_00019_3729-5639-3570,s3,gated_deflation,0,True,5.5024477331738535e-05,0.3570587697237276,0.9377248984329658,0.6909996792877598,accepted,SPEAKER_00
real,400.0,long_00019_3729-5639-3570,s1,coarse_to_fine,0,True,4.75186198639977e-05,0.43352436254867954,0.9074121000950269,0.3756535726460258,accepted,SPEAKER_02
real,400.0,long_00019_3729-5639-3570,s2,coarse_to_fine,0,False,6.838982096905611e-05,-0.051844508164129444,0.995329466012197,0.4170547009884887,margin,SPEAKER_01
real,400.0,long_00019_3729-5639-3570,s3,coarse_to_fine,0,True,5.5024477331738535e-05,0.4641945651387529,0.9702137058920979,0.2684354054675767,accepted,SPEAKER_00
real,400.0,long_00019_3729-5639-3570,s1,coarse_to_fine,1,True,4.75186198639977e-05,0.6168805350849458,0.9095185302502375,0.3970248634179551,accepted,SPEAKER_02
real,400.0,long_00019_3729-5639-3570,s2,coarse_to_fine,1,False,6.838982096905611e-05,-0.11636347254453028,0.995329466012197,0.4170547009884887,margin,SPEAKER_01
real,400.0,long_00019_3729-5639-3570,s3,coarse_to_fine,1,True,5.5024477331738535e-05,0.6306750066895237,0.9836545364183555,0.26486148552766636,accepted,SPEAKER_00
real,800.0,long_00019_3729-5639-3570,s1,gated_deflation,0,True,4.75186198639977e-05,0.5509575773092927,0.9261449666441796,0.7869223263617916,accepted,SPEAKER_02
real,800.0,long_00019_3729-5639-3570,s2,gated_deflation,0,True,6.805898724152882e-05,0.24276341309722005,0.9885920436817472,0.8091842879715521,accepted,SPEAKER_01
real,800.0,long_00019_3729-5639-3570,s3,gated_deflation,0,True,7.275499303350658e-05,0.3216455741983402,0.9839618927643493,0.6881644710328018,accepted,SPEAKER_00
real,800.0,long_00019_3729-5639-3570,s1,coarse_to_fine,0,True,4.75186198639977e-05,0.42471462690268125,0.8800271329514622,0.38024748019101373,accepted,SPEAKER_02
real,800.0,long_00019_3729-5639-3570,s2,coarse_to_fine,0,False,6.805898724152882e-05,-0.07021434907662272,0.9952104715156924,0.4057223403264336,margin,SPEAKER_01
real,800.0,long_00019_3729-5639-3570,s3,coarse_to_fine,0,True,7.275499303350658e-05,0.4712290353613992,0.9615872846551816,0.2552841566964617,accepted,SPEAKER_00
real,800.0,long_00019_3729-5639-3570,s1,coarse_to_fine,1,True,4.75186198639977e-05,0.6035365206352441,0.8817154054868858,0.3950726043674827,accepted,SPEAKER_02
real,800.0,long_00019_3729-5639-3570,s2,coarse_to_fine,1,False,6.805898724152882e-05,-0.12390869895514267,0.9952104715156924,0.4057223403264336,margin,SPEAKER_01
real,800.0,long_00019_3729-5639-3570,s3,coarse_to_fine,1,True,7.275499303350658e-05,0.6311625626616932,0.9730972318523654,0.2572305374256511,accepted,SPEAKER_00
oracle,0.0,long_00020_1284-1580-260,s1,gated_deflation,0,True,0.0,0.3155253571155584,0.9965850837709427,0.7501935753383001,accepted,s1
oracle,0.0,long_00020_1284-1580-260,s2,gated_deflation,0,True,0.0,0.3569665800151647,0.9890019066949596,0.828833852777481,accepted,s2
oracle,0.0,long_00020_1284-1580-260,s3,gated_deflation,0,True,0.0,0.4940296494581278,1.0,0.7387924972072404,accepted,s3
oracle,0.0,long_00020_1284-1580-260,s1,coarse_to_fine,0,True,0.0,0.21688668633920483,0.9965850837709427,0.4161401979690619,accepted,s1
oracle,0.0,long_00020_1284-1580-260,s2,coarse_to_fine,0,True,0.0,0.405255488944725,0.9934628654439804,0.5942143574127478,accepted,s2
oracle,0.0,long_00020_1284-1580-260,s3,coarse_to_fine,0,True,0.0,0.5015047749893308,0.9863204406512923,0.4445581094656793,accepted,s3
oracle,0.0,long_00020_1284-1580-260,s1,coarse_to_fine,1,True,0.0,0.3931471854146453,1.0,0.4203843755751964,accepted,s1
oracle,0.0,long_00020_1284-1580-260,s2,coarse_to_fine,1,True,0.0,0.45766384234802304,1.0,0.6014899924062561,accepted,s2
oracle,0.0,long_00020_1284-1580-260,s3,coarse_to_fine,1,True,0.0,0.56110157963473,0.9875764178923794,0.452676198729193,accepted,s3
oracle,200.0,long_00020_1284-1580-260,s1,gated_deflation,0,True,0.0,0.32131953124684404,0.9888707088169918,0.7503340404076891,accepted,s1
oracle,200.0,long_00020_1284-1580-260,s2,gated_deflation,0,True,0.0,0.3525809102200515,0.9832191572743567,0.8294282820066254,accepted,s2
oracle,200.0,long_00020_1284-1580-260,s3,gated_deflation,0,True,0.0,0.4988023300005607,1.0,0.7387710646274058,accepted,s3
oracle,200.0,long_00020_1284-1580-260,s1,coarse_to_fine,0,True,0.0,0.22206062556432243,0.9888707088169918,0.4201489327310307,accepted,s1
oracle,200.0,long_00020_1284-1580-260,s2,coarse_to_fine,0,True,0.0,0.4025022547124308,0.9824771245738891,0.5973790823617315,accepted,s2
oracle,200.0,long_00020_1284-1580-260,s3,coarse_to_fine,0,True,0.0,0.4998182463383514,0.9864915375874649,0.44465427503541666,accepted,s3
oracle,200.0,long_00020_1284-1580-260,s1,coarse_to_fine,1,True,0.0,0.39223636476250273,1.0,0.4232911360154559,accepted,s1
oracle,200.0,long_00020_1284-1580-260,s2,coarse_to_fine,1,True,0.0,0.4548503518121961,0.9889659709347527,0.6037039222727901,accepted,s2
oracle,200.0,long_00020_1284-1580-260,s3,coarse_to_fine,1,True,0.0,0.5584053766700652,0.9876801626696968,0.4516202886754227,accepted,s3
oracle,400.0,long_00020_1284-1580-260,s1,gated_deflation,0,True,0.0,0.317224471896565,0.9768083678946085,0.7504163902757447,accepted,s1
oracle,400.0,long_00020_1284-1580-260,s2,gated_deflation,0,True,0.0,0.35489087399935726,0.9742248701863914,0.8295863239106136,accepted,s2
oracle,400.0,long_00020_1284-1580-260,s3,gated_deflation,0,True,0.0,0.49402184151213707,0.9973036463565983,0.7388096203260739,accepted,s3
oracle,400.0,long_00020_1284-1580-260,s1,coarse_to_fine,0,True,0.0,0.21960844080004466,0.9768083678946085,0.4186811053982385,accepted,s1
oracle,400.0,long_00020_1284-1580-260,s2,coarse_to_fine,0,True,0.0,0.40022832779439493,0.9708498315702382,0.5982110197665274,accepted,s2
oracle,400.0,long_00020_1284-1580-260,s3,coarse_to_fine,0,True,0.0,0.5051988602656772,0.9867103008096448,0.44594913022206767,accepted,s3
oracle,400.0,long_00020_1284-1580-260,s1,coarse_to_fine,1,True,0.0,0.3873253091606645,0.984897231031959,0.4198900268460053,accepted,s1
oracle,400.0,long_00020_1284-1580-260,s2,coarse_to_fine,1,True,0.0,0.44881491277421637,0.977269369422611,0.6040210334984153,accepted,s2
oracle,400.0,long_00020_1284-1580-260,s3,coarse_to_fine,1,True,0.0,0.5528789019059164,0.9877149695644466,0.4490019749636936,accepted,s3
oracle,800.0,long_00020_1284-1580-260,s1,gated_deflation,0,True,0.0,0.3165220158089641,0.9657358894974994,0.7505949235780794,accepted,s1
oracle,800.0,long_00020_1284-1580-260,s2,gated_deflation,0,True,0.0,0.3558524683878614,0.9614891403112817,0.8301904277849994,accepted,s2
oracle,800.0,long_00020_1284-1580-260,s3,gated_deflation,0,True,0.0,0.491938424087093,0.986576987471855,0.7386884990837319,accepted,s3
oracle,800.0,long_00020_1284-1580-260,s1,coarse_to_fine,0,True,0.0,0.2264524831162103,0.9657358894974994,0.41506092514946785,accepted,s1
oracle,800.0,long_00020_1284-1580-260,s2,coarse_to_fine,0,True,0.0,0.41227256710464183,0.9777293458807228,0.6007520090371108,accepted,s2
oracle,800.0,long_00020_1284-1580-260,s3,coarse_to_fine,0,True,0.0,0.5129410057498907,0.9869955545291842,0.4449328136527075,accepted,s3
oracle,800.0,long_00020_1284-1580-260,s1,coarse_to_fine,1,True,0.0,0.3857227549706005,0.973825613241248,0.41507463964192615,accepted,s1
oracle,800.0,long_00020_1284-1580-260,s2,coarse_to_fine,1,True,0.0,0.45327420315364064,0.9784510132209456,0.605612306773307,accepted,s2
oracle,800.0,long_00020_1284-1580-260,s3,coarse_to_fine,1,True,0.0,0.5592237222773959,0.9879914554586917,0.4487984036136278,accepted,s3
real,0.0,long_00020_1284-1580-260,s1,gated_deflation,0,True,7.574949749918957e-05,0.27894172891697766,1.0,0.7720897766745255,accepted,SPEAKER_01
real,0.0,long_00020_1284-1580-260,s2,gated_deflation,0,True,5.4341277430530284e-05,0.3059011327708862,0.99996356159392,0.8503350003606153,accepted,SPEAKER_02
real,0.0,long_00020_1284-1580-260,s3,gated_deflation,0,True,1.6196220578945506e-05,0.5388243803760883,0.9927737809752198,0.741975151821254,accepted,SPEAKER_00
real,0.0,long_00020_1284-1580-260,s1,coarse_to_fine,0,True,7.574949749918957e-05,0.3000608626244539,1.0,0.41068767823990354,accepted,SPEAKER_01
real,0.0,long_00020_1284-1580-260,s2,coarse_to_fine,0,True,5.4341277430530284e-05,0.3394703824607854,1.0,0.6338264371605811,accepted,SPEAKER_02
real,0.0,long_00020_1284-1580-260,s3,coarse_to_fine,0,True,1.6196220578945506e-05,0.2725601840508219,1.0,0.47416819266257115,accepted,SPEAKER_00
real,0.0,long_00020_1284-1580-260,s1,coarse_to_fine,1,True,7.574949749918957e-05,0.4699846190118981,1.0,0.3964559405648758,accepted,SPEAKER_01
real,0.0,long_00020_1284-1580-260,s2,coarse_to_fine,1,True,5.4341277430530284e-05,0.4458037565962357,1.0,0.6368096511683973,accepted,SPEAKER_02
real,0.0,long_00020_1284-1580-260,s3,coarse_to_fine,1,True,1.6196220578945506e-05,0.4692416608800708,1.0,0.4556745871746906,accepted,SPEAKER_00
real,200.0,long_00020_1284-1580-260,s1,gated_deflation,0,True,7.574949749918957e-05,0.2789124524060005,0.990995483628152,0.7715632419501751,accepted,SPEAKER_01
real,200.0,long_00020_1284-1580-260,s2,gated_deflation,0,True,5.4341277430530284e-05,0.30827709819548343,0.9946920525025241,0.8502205281655536,accepted,SPEAKER_02
real,200.0,long_00020_1284-1580-260,s3,gated_deflation,0,True,1.6196220578945506e-05,0.5373678608540293,0.9951878222440461,0.741921351567416,accepted,SPEAKER_00
real,200.0,long_00020_1284-1580-260,s1,coarse_to_fine,0,True,7.574949749918957e-05,0.3357471048215654,1.0,0.4050162500464346,accepted,SPEAKER_01
real,200.0,long_00020_1284-1580-260,s2,coarse_to_fine,0,True,5.4341277430530284e-05,0.34311539631835847,1.0,0.6326578186132656,accepted,SPEAKER_02
real,200.0,long_00020_1284-1580-260,s3,coarse_to_fine,0,True,1.6196220578945506e-05,0.2787727345181351,1.0,0.4642636260574775,accepted,SPEAKER_00
real,200.0,long_00020_1284-1580-260,s1,coarse_to_fine,1,True,7.574949749918957e-05,0.5287473872671622,1.0,0.38036273846969526,accepted,SPEAKER_01
real,200.0,long_00020_1284-1580-260,s2,coarse_to_fine,1,True,5.4341277430530284e-05,0.4608911222615648,1.0,0.636150981682416,accepted,SPEAKER_02
real,200.0,long_00020_1284-1580-260,s3,coarse_to_fine,1,True,1.6196220578945506e-05,0.5267377493185171,1.0,0.44796244117500855,accepted,SPEAKER_00
real,400.0,long_00020_1284-1580-260,s1,gated_deflation,0,True,7.574949749918957e-05,0.2757223162814418,0.9896894409937889,0.7713003473458767,accepted,SPEAKER_01
real,400.0,long_00020_1284-1580-260,s2,gated_deflation,0,True,5.4341277430530284e-05,0.31065532601226636,0.9952633898540976,0.8499593390699779,accepted,SPEAKER_02
real,400.0,long_00020_1284-1580-260,s3,gated_deflation,0,True,1.6196220578945506e-05,0.5376503104732082,0.9955140529158656,0.7416545213488208,accepted,SPEAKER_00
real,400.0,long_00020_1284-1580-260,s1,coarse_to_fine,0,True,7.574949749918957e-05,0.35626006140629896,1.0,0.40038321553313294,accepted,SPEAKER_01
real,400.0,long_00020_1284-1580-260,s2,coarse_to_fine,0,True,5.4341277430530284e-05,0.3379838615920788,1.0,0.632449511578886,accepted,SPEAKER_02
real,400.0,long_00020_1284-1580-260,s3,coarse_to_fine,0,True,1.6196220578945506e-05,0.2914423463048124,1.0,0.45723517156210175,accepted,SPEAKER_00
real,400.0,long_00020_1284-1580-260,s1,coarse_to_fine,1,True,7.574949749918957e-05,0.5197541563699664,1.0,0.37714197098791186,accepted,SPEAKER_01
real,400.0,long_00020_1284-1580-260,s2,coarse_to_fine,1,True,5.4341277430530284e-05,0.45070565323800865,1.0,0.6353194671058002,accepted,SPEAKER_02
real,400.0,long_00020_1284-1580-260,s3,coarse_to_fine,1,True,1.6196220578945506e-05,0.5447337076448535,1.0,0.4480442262807914,accepted,SPEAKER_00
real,800.0,long_00020_1284-1580-260,s1,gated_deflation,0,True,7.6058781314337e-05,0.27528646387889416,0.966777570396819,0.7708833118116423,accepted,SPEAKER_01
real,800.0,long_00020_1284-1580-260,s2,gated_deflation,0,True,5.4341277430530284e-05,0.3155018655875486,0.9890278374527939,0.8503788024215844,accepted,SPEAKER_02
real,800.0,long_00020_1284-1580-260,s3,gated_deflation,0,True,1.6196220578945506e-05,0.5418028877822778,0.9956905594405594,0.7415449849289892,accepted,SPEAKER_00
real,800.0,long_00020_1284-1580-260,s1,coarse_to_fine,0,True,7.6058781314337e-05,0.1957930786045886,0.9928975487115022,0.40023092475885086,accepted,SPEAKER_01
real,800.0,long_00020_1284-1580-260,s2,coarse_to_fine,0,True,5.4341277430530284e-05,0.33686737473439315,1.0,0.6318445432769133,accepted,SPEAKER_02
real,800.0,long_00020_1284-1580-260,s3,coarse_to_fine,0,True,1.6196220578945506e-05,0.36756579167339254,1.0,0.44261137057852296,accepted,SPEAKER_00
real,800.0,long_00020_1284-1580-260,s1,coarse_to_fine,1,True,7.6058781314337e-05,0.29668958491064745,1.0,0.41669291457354307,accepted,SPEAKER_01
real,800.0,long_00020_1284-1580-260,s2,coarse_to_fine,1,True,5.4341277430530284e-05,0.38234418023434935,1.0,0.634869689263381,accepted,SPEAKER_02
real,800.0,long_00020_1284-1580-260,s3,coarse_to_fine,1,True,1.6196220578945506e-05,0.5545921015589811,1.0,0.45252197404298716,accepted,SPEAKER_00
oracle,0.0,long_00021_4507-260-1580,s1,gated_deflation,0,True,0.0,0.6251360592822396,0.8503974047039741,0.7411693247461679,accepted,s1
oracle,0.0,long_00021_4507-260-1580,s2,gated_deflation,0,True,0.0,0.4079473578352237,0.9811091087293307,0.7558406936161277,accepted,s2
oracle,0.0,long_00021_4507-260-1580,s3,gated_deflation,0,True,0.0,0.53555571398492,0.9879212530447384,0.8221246636006444,accepted,s3
oracle,0.0,long_00021_4507-260-1580,s1,coarse_to_fine,0,True,0.0,0.16453683003800157,0.8505758313057583,0.3356386274340189,accepted,s1
oracle,0.0,long_00021_4507-260-1580,s2,coarse_to_fine,0,True,0.0,0.5070147763711743,0.9927697098634107,0.4997157308440073,accepted,s2
oracle,0.0,long_00021_4507-260-1580,s3,coarse_to_fine,0,True,0.0,0.5014743833550412,0.9842983997780039,0.6182057127327266,accepted,s3
oracle,0.0,long_00021_4507-260-1580,s1,coarse_to_fine,1,True,0.0,0.32823621827515126,0.8303244120032441,0.3330600142305815,accepted,s1
oracle,0.0,long_00021_4507-260-1580,s2,coarse_to_fine,1,True,0.0,0.6000657371493503,0.99225326056794,0.4972220071430292,accepted,s2
oracle,0.0,long_00021_4507-260-1580,s3,coarse_to_fine,1,True,0.0,0.5693597095703018,0.9923149261554589,0.6314722265860679,accepted,s3
oracle,200.0,long_00021_4507-260-1580,s1,gated_deflation,0,True,0.0,0.6218951218925625,0.8521136909527622,0.7412150015070669,accepted,s1
oracle,200.0,long_00021_4507-260-1580,s2,gated_deflation,0,True,0.0,0.41093082756817173,0.9813177120734334,0.7560291025162038,accepted,s2
oracle,200.0,long_00021_4507-260-1580,s3,gated_deflation,0,True,0.0,0.5380253442127461,0.9880836353668565,0.8221633304691477,accepted,s3
oracle,200.0,long_00021_4507-260-1580,s1,coarse_to_fine,0,True,0.0,0.20150689736920968,0.8526180944755805,0.3340993688884143,accepted,s1
oracle,200.0,long_00021_4507-260-1580,s2,coarse_to_fine,0,True,0.0,0.5135462337700667,0.9928577955106144,0.4994808681068658,accepted,s2
oracle,200.0,long_00021_4507-260-1580,s3,coarse_to_fine,0,True,0.0,0.5183440228523656,0.9844973045411629,0.6180064887467752,accepted,s3
oracle,200.0,long_00021_4507-260-1580,s1,coarse_to_fine,1,True,0.0,0.3691027330756937,0.8320176140912731,0.32949231216322117,accepted,s1
oracle,200.0,long_00021_4507-260-1580,s2,coarse_to_fine,1,True,0.0,0.6080344335000956,0.9923095665945847,0.4966061007093945,accepted,s2
oracle,200.0,long_00021_4507-260-1580,s3,coarse_to_fine,1,True,0.0,0.581203273851201,0.9924009380805896,0.6310943324661352,accepted,s3
oracle,400.0,long_00021_4507-260-1580,s1,gated_deflation,0,True,0.0,0.6225649069810679,0.8538181818181818,0.7411514633372299,accepted,s1
oracle,400.0,long_00021_4507-260-1580,s2,gated_deflation,0,True,0.0,0.4050956838241292,0.9829704893767923,0.7569201056987693,accepted,s2
oracle,400.0,long_00021_4507-260-1580,s3,gated_deflation,0,True,0.0,0.5371833534822106,0.9798242710558782,0.8222338869134692,accepted,s3
oracle,400.0,long_00021_4507-260-1580,s1,coarse_to_fine,0,True,0.0,0.21890199212145162,0.8543320158102767,0.33252590625393846,accepted,s1
oracle,400.0,long_00021_4507-260-1580,s2,coarse_to_fine,0,True,0.0,0.5105100993726255,0.9928911022176752,0.502704169356793,accepted,s2
oracle,400.0,long_00021_4507-260-1580,s3,coarse_to_fine,0,True,0.0,0.5107074856485023,0.979613637047513,0.6166981770649106,accepted,s3
oracle,400.0,long_00021_4507-260-1580,s1,coarse_to_fine,1,True,0.0,0.39836332637292843,0.8329407114624506,0.3269527670647577,accepted,s1
oracle,400.0,long_00021_4507-260-1580,s2,coarse_to_fine,1,True,0.0,0.6119194904525185,0.9924773568441008,0.4971674490323025,accepted,s2
oracle,400.0,long_00021_4507-260-1580,s3,coarse_to_fine,1,True,0.0,0.5789789004453951,0.9876854331537929,0.6305760429071847,accepted,s3
oracle,800.0,long_00021_4507-260-1580,s1,gated_deflation,0,True,0.0,0.6196758911980643,0.8503084040092521,0.7411906649677378,accepted,s1
oracle,800.0,long_00021_4507-260-1580,s2,gated_deflation,0,True,0.0,0.39652144583252796,0.9834218604231244,0.756769690068361,accepted,s2
oracle,800.0,long_00021_4507-260-1580,s3,gated_deflation,0,True,0.0,0.5408852641565894,0.9683322069755825,0.8222346093467224,accepted,s3
oracle,800.0,long_00021_4507-260-1580,s1,coarse_to_fine,0,True,0.0,0.2830979476872493,0.8508558211256746,0.335141674777936,accepted,s1
oracle,800.0,long_00021_4507-260-1580,s2,coarse_to_fine,0,True,0.0,0.49945037455993796,0.9930582082096788,0.5003978277914833,accepted,s2
oracle,800.0,long_00021_4507-260-1580,s3,coarse_to_fine,0,True,0.0,0.5250321757551504,0.9738342197279112,0.6181262194121383,accepted,s3
oracle,800.0,long_00021_4507-260-1580,s1,coarse_to_fine,1,True,0.0,0.45014260309699144,0.8258982266769468,0.32710088787473657,accepted,s1
oracle,800.0,long_00021_4507-260-1580,s2,coarse_to_fine,1,True,0.0,0.6038981693737855,0.992727646695854,0.4974480852648041,accepted,s2
oracle,800.0,long_00021_4507-260-1580,s3,coarse_to_fine,1,True,0.0,0.5859774428181712,0.9820321452707667,0.631197780403612,accepted,s3
real,0.0,long_00021_4507-260-1580,s1,gated_deflation,0,True,5.3210509564576665e-05,0.6141244974390394,0.8228336590988824,0.751607901800497,accepted,SPEAKER_01
real,0.0,long_00021_4507-260-1580,s2,gated_deflation,0,True,7.108315001981708e-05,0.42198234358767084,0.9533737373737374,0.7736825005239478,accepted,SPEAKER_00
real,0.0,long_00021_4507-260-1580,s3,gated_deflation,0,True,4.424542336106446e-05,0.49807560300366727,0.9999767062660144,0.8407603896349258,accepted,SPEAKER_02
real,0.0,long_00021_4507-260-1580,s1,coarse_to_fine,0,True,5.3210509564576665e-05,0.37345266711118696,0.8584493041749502,0.312736822183258,accepted,SPEAKER_01
real,0.0,long_00021_4507-260-1580,s2,coarse_to_fine,0,True,7.108315001981708e-05,0.5999820155893791,0.9637434651351152,0.3636181731907933,accepted,SPEAKER_00
real,0.0,long_00021_4507-260-1580,s3,coarse_to_fine,0,True,4.424542336106446e-05,0.3894767895106134,1.0,0.6227330171293247,accepted,SPEAKER_02
real,0.0,long_00021_4507-260-1580,s1,coarse_to_fine,1,True,5.3210509564576665e-05,0.5561770567774578,0.859421250276121,0.32503847199110025,accepted,SPEAKER_01
real,0.0,long_00021_4507-260-1580,s2,coarse_to_fine,1,True,7.108315001981708e-05,0.637815567046755,0.9616523083719902,0.35308569599092593,accepted,SPEAKER_00
real,0.0,long_00021_4507-260-1580,s3,coarse_to_fine,1,True,4.424542336106446e-05,0.5575239564400181,1.0,0.6330788002926951,accepted,SPEAKER_02
real,200.0,long_00021_4507-260-1580,s1,gated_deflation,0,True,5.3210509564576665e-05,0.6161768873450426,0.8349342009420677,0.7518109928805735,accepted,SPEAKER_01
real,200.0,long_00021_4507-260-1580,s2,gated_deflation,0,True,7.803486627355796e-05,0.43327144510123117,0.9530686272123086,0.7734108570763121,accepted,SPEAKER_00
real,200.0,long_00021_4507-260-1580,s3,gated_deflation,0,True,4.561786659569576e-05,0.4947805873473424,0.996516087790326,0.8409542020482589,accepted,SPEAKER_02
real,200.0,long_00021_4507-260-1580,s1,coarse_to_fine,0,True,5.3210509564576665e-05,0.4190070887267931,0.8629594993165959,0.30832106028003553,accepted,SPEAKER_01
real,200.0,long_00021_4507-260-1580,s2,coarse_to_fine,0,True,7.803486627355796e-05,0.6149269964895958,0.962937918135386,0.3501890742610649,accepted,SPEAKER_00
real,200.0,long_00021_4507-260-1580,s3,coarse_to_fine,0,True,4.561786659569576e-05,0.3837008983646223,1.0,0.6212804410567624,accepted,SPEAKER_02
real,200.0,long_00021_4507-260-1580,s1,coarse_to_fine,1,True,5.3210509564576665e-05,0.5867406160288047,0.8646859938133947,0.3222600181804057,accepted,SPEAKER_01
real,200.0,long_00021_4507-260-1580,s2,coarse_to_fine,1,True,7.803486627355796e-05,0.645228003980236,0.9624919070570462,0.3448109479849334,accepted,SPEAKER_00
real,200.0,long_00021_4507-260-1580,s3,coarse_to_fine,1,True,4.561786659569576e-05,0.558710830132474,1.0,0.631959162038568,accepted,SPEAKER_02
real,400.0,long_00021_4507-260-1580,s1,gated_deflation,0,True,5.3210509564576665e-05,0.6248566120738419,0.8420571751518862,0.7534241238294981,accepted,SPEAKER_01
real,400.0,long_00021_4507-260-1580,s2,gated_deflation,0,True,9.553959400152746e-05,0.4053269428617836,0.9359561549132422,0.7745016421297574,accepted,SPEAKER_00
real,400.0,long_00021_4507-260-1580,s3,gated_deflation,0,True,5.2139288618380175e-05,0.4975647808849447,0.9830633731524601,0.8395873524313948,accepted,SPEAKER_02
real,400.0,long_00021_4507-260-1580,s1,coarse_to_fine,0,True,5.3210509564576665e-05,0.46668703888717955,0.8664228957176008,0.3086361792255809,accepted,SPEAKER_01
real,400.0,long_00021_4507-260-1580,s2,coarse_to_fine,0,True,9.553959400152746e-05,0.5844412111853423,0.9640812882357077,0.35432950408115904,accepted,SPEAKER_00
real,400.0,long_00021_4507-260-1580,s3,coarse_to_fine,0,True,5.2139288618380175e-05,0.353404787515879,1.0,0.6107269390625398,accepted,SPEAKER_02
real,400.0,long_00021_4507-260-1580,s1,coarse_to_fine,1,True,5.3210509564576665e-05,0.6103972707568459,0.8674776738625976,0.3190500921157157,accepted,SPEAKER_01
real,400.0,long_00021_4507-260-1580,s2,coarse_to_fine,1,True,9.553959400152746e-05,0.615034205867118,0.9638422051895085,0.3505449544413603,accepted,SPEAKER_00
real,400.0,long_00021_4507-260-1580,s3,coarse_to_fine,1,True,5.2139288618380175e-05,0.5364070964352197,1.0,0.6243607201364543,accepted,SPEAKER_02
real,800.0,long_00021_4507-260-1580,s1,gated_deflation,0,True,5.3210509564576665e-05,0.6214128761342532,0.9086877333576177,0.7536913671517224,accepted,SPEAKER_01
real,800.0,long_00021_4507-260-1580,s2,gated_deflation,0,True,3.740193088427168e-05,0.42911624618647626,0.9890331767656373,0.7661896347269348,accepted,SPEAKER_00
real,800.0,long_00021_4507-260-1580,s3,gated_deflation,0,True,5.2139288618380175e-05,0.49759183688901953,0.9570896254167484,0.840541277024369,accepted,SPEAKER_02
real,800.0,long_00021_4507-260-1580,s1,coarse_to_fine,0,True,5.3210509564576665e-05,0.4850861999920518,0.8720409124554203,0.3041519467553783,accepted,SPEAKER_01
real,800.0,long_00021_4507-260-1580,s2,coarse_to_fine,0,True,3.740193088427168e-05,0.5976357958311639,0.9696176821983273,0.3812792048735558,accepted,SPEAKER_00
real,800.0,long_00021_4507-260-1580,s3,coarse_to_fine,0,True,5.2139288618380175e-05,0.4109710008401232,1.0,0.6107507572988344,accepted,SPEAKER_02
real,800.0,long_00021_4507-260-1580,s1,coarse_to_fine,1,True,5.3210509564576665e-05,0.6233332362082085,0.8750420563892066,0.3118867374476855,accepted,SPEAKER_01
real,800.0,long_00021_4507-260-1580,s2,coarse_to_fine,1,True,3.740193088427168e-05,0.5773840840911477,0.9537873357228196,0.3593926132768761,accepted,SPEAKER_00
real,800.0,long_00021_4507-260-1580,s3,coarse_to_fine,1,True,5.2139288618380175e-05,0.5697945657788113,1.0,0.6243559867134689,accepted,SPEAKER_02
oracle,0.0,long_00022_1320-4992-7729,s1,gated_deflation,0,True,0.0,0.5472477850803332,0.9810544246900856,0.7101800081381363,accepted,s1
oracle,0.0,long_00022_1320-4992-7729,s2,gated_deflation,0,True,0.0,0.17969385205655275,0.9748892567557211,0.7648964029219663,accepted,s2
oracle,0.0,long_00022_1320-4992-7729,s3,gated_deflation,0,True,0.0,0.4504804906117084,0.9704325019794141,0.6853075967466925,accepted,s3
oracle,0.0,long_00022_1320-4992-7729,s1,coarse_to_fine,0,True,0.0,0.5789579503090216,0.9810544246900856,0.26146619245513364,accepted,s1
oracle,0.0,long_00022_1320-4992-7729,s2,coarse_to_fine,0,True,0.0,0.3670811221791007,0.9760013169572561,0.39069741363442273,accepted,s2
oracle,0.0,long_00022_1320-4992-7729,s3,coarse_to_fine,0,True,0.0,0.48622133677558815,0.9654922143045659,0.2839827734181422,accepted,s3
oracle,0.0,long_00022_1320-4992-7729,s1,coarse_to_fine,1,True,0.0,0.5891206414699854,0.9811761000887514,0.2627520004224819,accepted,s1
oracle,0.0,long_00022_1320-4992-7729,s2,coarse_to_fine,1,True,0.0,0.46217970988377743,0.9688296258123622,0.39469032380891994,accepted,s2
oracle,0.0,long_00022_1320-4992-7729,s3,coarse_to_fine,1,True,0.0,0.49882718744312027,0.965335510688836,0.29787359611089864,accepted,s3
oracle,200.0,long_00022_1320-4992-7729,s1,gated_deflation,0,True,0.0,0.543428193567426,0.9812830818874013,0.7101096962713448,accepted,s1
oracle,200.0,long_00022_1320-4992-7729,s2,gated_deflation,0,True,0.0,0.17467695808359773,0.9690457443103526,0.7651851014303493,accepted,s2
oracle,200.0,long_00022_1320-4992-7729,s3,gated_deflation,0,True,0.0,0.4556107131445839,0.9707443344620995,0.6854414726170951,accepted,s3
oracle,200.0,long_00022_1320-4992-7729,s1,coarse_to_fine,0,True,0.0,0.5743779842975549,0.9812830818874013,0.2615639397133453,accepted,s1
oracle,200.0,long_00022_1320-4992-7729,s2,coarse_to_fine,0,True,0.0,0.35855694108684344,0.9649721192221687,0.3935795770442761,accepted,s2
oracle,200.0,long_00022_1320-4992-7729,s3,coarse_to_fine,0,True,0.0,0.4915935134446493,0.9660311930190154,0.2840470453046098,accepted,s3
oracle,200.0,long_00022_1320-4992-7729,s1,coarse_to_fine,1,True,0.0,0.5830853095373916,0.9814033796597696,0.26481859440424765,accepted,s1
oracle,200.0,long_00022_1320-4992-7729,s2,coarse_to_fine,1,True,0.0,0.4593044261320199,0.9577896345778256,0.3961209318414262,accepted,s2
oracle,200.0,long_00022_1320-4992-7729,s3,coarse_to_fine,1,True,0.0,0.498706067599272,0.9657788486585048,0.2971406639122761,accepted,s3
oracle,400.0,long_00022_1320-4992-7729,s1,gated_deflation,0,True,0.0,0.5419718957117066,0.9814786308041087,0.709890558664248,accepted,s1
oracle,400.0,long_00022_1320-4992-7729,s2,gated_deflation,0,True,0.0,0.17552713763055172,0.9634804984964318,0.7652205696576846,accepted,s2
oracle,400.0,long_00022_1320-4992-7729,s3,gated_deflation,0,True,0.0,0.4570271772988864,0.971120467986629,0.6853216264615227,accepted,s3
oracle,400.0,long_00022_1320-4992-7729,s1,coarse_to_fine,0,True,0.0,0.5874762992394608,0.9814786308041087,0.2598377630775582,accepted,s1
oracle,400.0,long_00022_1320-4992-7729,s2,coarse_to_fine,0,True,0.0,0.3571146206241253,0.954063925662627,0.39476116036147013,accepted,s2
oracle,400.0,long_00022_1320-4992-7729,s3,coarse_to_fine,0,True,0.0,0.4961705338280994,0.9664679223450758,0.281115102336791,accepted,s3
oracle,400.0,long_00022_1320-4992-7729,s1,coarse_to_fine,1,True,0.0,0.5962678021381851,0.9816115760306754,0.26489129703164765,accepted,s1
oracle,400.0,long_00022_1320-4992-7729,s2,coarse_to_fine,1,True,0.0,0.46417808201166955,0.9470388200061575,0.39728566064029525,accepted,s2
oracle,400.0,long_00022_1320-4992-7729,s3,coarse_to_fine,1,True,0.0,0.4991518987481113,0.9662188223193623,0.2931085662001138,accepted,s3
oracle,800.0,long_00022_1320-4992-7729,s1,gated_deflation,0,True,0.0,0.5397387913507206,0.9818637247118728,0.7095529348375571,accepted,s1
oracle,800.0,long_00022_1320-4992-7729,s2,gated_deflation,0,True,0.0,0.17185899492252,0.9590194474072559,0.7654157340392465,accepted,s2
oracle,800.0,long_00022_1320-4992-7729,s3,gated_deflation,0,True,0.0,0.4613262187898324,0.9718366131862622,0.6849621987341855,accepted,s3
oracle,800.0,long_00022_1320-4992-7729,s1,coarse_to_fine,0,True,0.0,0.5866030288054793,0.9818637247118728,0.25958397441915626,accepted,s1
oracle,800.0,long_00022_1320-4992-7729,s2,coarse_to_fine,0,True,0.0,0.37196119738896527,0.9453653261792001,0.39568272408801847,accepted,s2
oracle,800.0,long_00022_1320-4992-7729,s3,coarse_to_fine,0,True,0.0,0.5030677915054926,0.9671753572323891,0.27527227573049423,accepted,s3
oracle,800.0,long_00022_1320-4992-7729,s1,coarse_to_fine,1,True,0.0,0.5991487552122063,0.9820074461386843,0.26363865458665836,accepted,s1
oracle,800.0,long_00022_1320-4992-7729,s2,coarse_to_fine,1,True,0.0,0.4680656381357314,0.9384803854471789,0.39892996434545713,accepted,s2
oracle,800.0,long_00022_1320-4992-7729,s3,coarse_to_fine,1,True,0.0,0.5021745588894593,0.9671205189270494,0.2906148187302974,accepted,s3
real,0.0,long_00022_1320-4992-7729,s1,gated_deflation,0,True,2.8468005443230447e-05,0.48195174787269884,0.9896095190212837,0.7255624205135562,accepted,SPEAKER_00
real,0.0,long_00022_1320-4992-7729,s2,gated_deflation,0,True,7.539086866586853e-05,0.15592920718757847,0.9851242381622128,0.7851240839720651,accepted,SPEAKER_02
real,0.0,long_00022_1320-4992-7729,s3,gated_deflation,0,True,6.18847573851527e-05,0.5033998924341925,0.9762026394210302,0.7012718056316055,accepted,SPEAKER_01
real,0.0,long_00022_1320-4992-7729,s1,coarse_to_fine,0,True,2.8468005443230447e-05,0.4293122105400851,0.9819189268008166,0.25974676771935246,accepted,SPEAKER_00
real,0.0,long_00022_1320-4992-7729,s2,coarse_to_fine,0,True,7.539086866586853e-05,0.26944051812738323,0.9815106445027705,0.4226862369446107,accepted,SPEAKER_02
real,0.0,long_00022_1320-4992-7729,s3,coarse_to_fine,0,True,6.18847573851527e-05,0.45325280344994284,0.985778908679672,0.2965971349109368,accepted,SPEAKER_01
real,0.0,long_00022_1320-4992-7729,s1,coarse_to_fine,1,True,2.8468005443230447e-05,0.5433307627008152,0.9845581802274715,0.2732196362710113,accepted,SPEAKER_00
real,0.0,long_00022_1320-4992-7729,s2,coarse_to_fine,1,True,7.539086866586853e-05,0.41254559042024896,0.9809419655876349,0.4192393254032763,accepted,SPEAKER_02
real,0.0,long_00022_1320-4992-7729,s3,coarse_to_fine,1,True,6.18847573851527e-05,0.5098215997791073,0.985778908679672,0.30246067380142977,accepted,SPEAKER_01
real,200.0,long_00022_1320-4992-7729,s1,gated_deflation,0,True,2.8468005443230447e-05,0.48232946486336004,0.9899245975137558,0.7253643274547533,accepted,SPEAKER_00
real,200.0,long_00022_1320-4992-7729,s2,gated_deflation,0,True,7.500047553616755e-05,0.15242356180843875,0.9854995863590403,0.7847822996615536,accepted,SPEAKER_02
real,200.0,long_00022_1320-4992-7729,s3,gated_deflation,0,True,6.18847573851527e-05,0.49582272085361645,0.969828897338403,0.7002904273414436,accepted,SPEAKER_01
real,200.0,long_00022_1320-4992-7729,s1,coarse_to_fine,0,True,2.8468005443230447e-05,0.5217802460037555,0.9828500069376994,0.25887082080416945,accepted,SPEAKER_00
real,200.0,long_00022_1320-4992-7729,s2,coarse_to_fine,0,True,7.500047553616755e-05,0.2651640881624384,0.9820269882285386,0.41508976212185356,accepted,SPEAKER_02
real,200.0,long_00022_1320-4992-7729,s3,coarse_to_fine,0,True,6.18847573851527e-05,0.43415662786596626,0.9886237750319556,0.2914420313120615,accepted,SPEAKER_01
real,200.0,long_00022_1320-4992-7729,s1,coarse_to_fine,1,True,2.8468005443230447e-05,0.5983551810980217,0.9830303871236298,0.26153666973150896,accepted,SPEAKER_00
real,200.0,long_00022_1320-4992-7729,s2,coarse_to_fine,1,True,7.500047553616755e-05,0.4142874070665622,0.9813953488372092,0.41399449724821596,accepted,SPEAKER_02
real,200.0,long_00022_1320-4992-7729,s3,coarse_to_fine,1,True,6.18847573851527e-05,0.48907459670554393,0.9888155091606305,0.30081016740608774,accepted,SPEAKER_01
real,400.0,long_00022_1320-4992-7729,s1,gated_deflation,0,True,2.8468005443230447e-05,0.4814311557043537,0.990188679245283,0.7250497206515714,accepted,SPEAKER_00
real,400.0,long_00022_1320-4992-7729,s2,gated_deflation,0,True,8.022864433114426e-05,0.15356007126154186,0.982629767189057,0.7843876739105711,accepted,SPEAKER_02
real,400.0,long_00022_1320-4992-7729,s3,gated_deflation,0,True,6.18847573851527e-05,0.4919475697575109,0.9615459363957597,0.6997602500121138,accepted,SPEAKER_01
real,400.0,long_00022_1320-4992-7729,s1,coarse_to_fine,0,True,2.8468005443230447e-05,0.5357569163172041,0.9832360526673001,0.2608202068729807,accepted,SPEAKER_00
real,400.0,long_00022_1320-4992-7729,s2,coarse_to_fine,0,True,8.022864433114426e-05,0.2664230652459459,0.982184898076371,0.4119883348465301,accepted,SPEAKER_02
real,400.0,long_00022_1320-4992-7729,s3,coarse_to_fine,0,True,6.18847573851527e-05,0.4411906930562808,0.9786597526924611,0.2914643233529752,accepted,SPEAKER_01
real,400.0,long_00022_1320-4992-7729,s1,coarse_to_fine,1,True,2.8468005443230447e-05,0.6122997892323955,0.9835075335957649,0.26753432957256124,accepted,SPEAKER_00
real,400.0,long_00022_1320-4992-7729,s2,coarse_to_fine,1,True,8.022864433114426e-05,0.41902511109708845,0.9815676141257537,0.41172006560851404,accepted,SPEAKER_02
real,400.0,long_00022_1320-4992-7729,s3,coarse_to_fine,1,True,6.18847573851527e-05,0.49003264993837087,0.9787794176306343,0.2993175320249651,accepted,SPEAKER_01
real,800.0,long_00022_1320-4992-7729,s1,gated_deflation,0,True,2.8468005443230447e-05,0.47933939131344955,0.9904526112185686,0.7249544496128859,accepted,SPEAKER_00
real,800.0,long_00022_1320-4992-7729,s2,gated_deflation,0,True,6.342363364619977e-05,0.14311858658698628,0.9769596663843096,0.7803927928677071,accepted,SPEAKER_02
real,800.0,long_00022_1320-4992-7729,s3,gated_deflation,0,True,6.18847573851527e-05,0.5076229966197234,0.9645521929644949,0.6989294387703181,accepted,SPEAKER_01
real,800.0,long_00022_1320-4992-7729,s1,coarse_to_fine,0,True,2.8468005443230447e-05,0.5297710892407519,0.9832893222289931,0.2610172386676742,accepted,SPEAKER_00
real,800.0,long_00022_1320-4992-7729,s2,coarse_to_fine,0,True,6.342363364619977e-05,0.2720811141923765,0.9823140970427792,0.3929846349996227,accepted,SPEAKER_02
real,800.0,long_00022_1320-4992-7729,s3,coarse_to_fine,0,True,6.18847573851527e-05,0.49673576473216813,0.9658954093124207,0.28415678795441107,accepted,SPEAKER_01
real,800.0,long_00022_1320-4992-7729,s1,coarse_to_fine,1,True,2.8468005443230447e-05,0.5942135711227368,0.9835466179159049,0.26618265036761707,accepted,SPEAKER_00
real,800.0,long_00022_1320-4992-7729,s2,coarse_to_fine,1,True,6.342363364619977e-05,0.4227980394698572,0.9818403674992823,0.3909917690323947,accepted,SPEAKER_02
real,800.0,long_00022_1320-4992-7729,s3,coarse_to_fine,1,True,6.18847573851527e-05,0.515605640615636,0.9657561734714771,0.29813706944188406,accepted,SPEAKER_01
oracle,0.0,long_00023_5639-7127-2094,s1,gated_deflation,0,True,0.0,0.3206123505085742,0.9141522029372496,0.740961847857477,accepted,s1
oracle,0.0,long_00023_5639-7127-2094,s2,gated_deflation,0,True,0.0,0.40829063396662735,0.9612074074074074,0.7903997880104757,accepted,s2
oracle,0.0,long_00023_5639-7127-2094,s3,gated_deflation,0,True,0.0,0.41444143309003667,1.0,0.7241675846199475,accepted,s3
oracle,0.0,long_00023_5639-7127-2094,s1,coarse_to_fine,0,False,0.0,-0.19464257121155082,0.9141522029372496,0.41445771820969524,margin,s1
oracle,0.0,long_00023_5639-7127-2094,s2,coarse_to_fine,0,True,0.0,0.4732152819917084,0.9791907086847167,0.533523633611482,accepted,s2
oracle,0.0,long_00023_5639-7127-2094,s3,coarse_to_fine,0,True,0.0,0.1583978094482451,1.0,0.4170470323238334,accepted,s3
oracle,0.0,long_00023_5639-7127-2094,s1,coarse_to_fine,1,False,0.0,-0.2376183560269849,0.9141522029372496,0.41445771820969524,margin,s1
oracle,0.0,long_00023_5639-7127-2094,s2,coarse_to_fine,1,True,0.0,0.46875724597379753,0.9825935789317947,0.5362466228478316,accepted,s2
oracle,0.0,long_00023_5639-7127-2094,s3,coarse_to_fine,1,True,0.0,0.2512187928449836,1.0,0.3912091919274962,accepted,s3
oracle,200.0,long_00023_5639-7127-2094,s1,gated_deflation,0,True,0.0,0.3139379759160354,0.9152177100131945,0.7410311658213732,accepted,s1
oracle,200.0,long_00023_5639-7127-2094,s2,gated_deflation,0,True,0.0,0.41530582230062457,0.9561530014641288,0.7918630105146225,accepted,s2
oracle,200.0,long_00023_5639-7127-2094,s3,gated_deflation,0,True,0.0,0.41350559802232567,1.0,0.7247456307038646,accepted,s3
oracle,200.0,long_00023_5639-7127-2094,s1,coarse_to_fine,0,False,0.0,-0.18346765496211626,0.9152177100131945,0.41381956634693057,margin,s1
oracle,200.0,long_00023_5639-7127-2094,s2,coarse_to_fine,0,True,0.0,0.47468537300139363,0.9678388653311888,0.5404163015734698,accepted,s2
oracle,200.0,long_00023_5639-7127-2094,s3,coarse_to_fine,0,True,0.0,0.1601914906626679,1.0,0.41688701646402115,accepted,s3
oracle,200.0,long_00023_5639-7127-2094,s1,coarse_to_fine,1,False,0.0,-0.2218909756722075,0.9152177100131945,0.41381956634693057,margin,s1
oracle,200.0,long_00023_5639-7127-2094,s2,coarse_to_fine,1,True,0.0,0.4653786977792725,0.9714943705220062,0.5380789360507041,accepted,s2
oracle,200.0,long_00023_5639-7127-2094,s3,coarse_to_fine,1,True,0.0,0.251642705778502,1.0,0.3912983763275058,accepted,s3
oracle,400.0,long_00023_5639-7127-2094,s1,gated_deflation,0,True,0.0,0.3185184734264444,0.9085784668888567,0.7409257177935629,accepted,s1
oracle,400.0,long_00023_5639-7127-2094,s2,gated_deflation,0,True,0.0,0.4095292054859141,0.9554124457308248,0.7906900773482014,accepted,s2
oracle,400.0,long_00023_5639-7127-2094,s3,gated_deflation,0,True,0.0,0.41007888288124345,1.0,0.7246424274654277,accepted,s3
oracle,400.0,long_00023_5639-7127-2094,s1,coarse_to_fine,0,False,0.0,-0.18207643190487566,0.9085784668888567,0.4130009132409221,margin,s1
oracle,400.0,long_00023_5639-7127-2094,s2,coarse_to_fine,0,True,0.0,0.47560270106093316,0.9702413643590114,0.532958278300839,accepted,s2
oracle,400.0,long_00023_5639-7127-2094,s3,coarse_to_fine,0,True,0.0,0.1747544518515749,1.0,0.4133952366513322,accepted,s3
oracle,400.0,long_00023_5639-7127-2094,s1,coarse_to_fine,1,False,0.0,-0.22415379228196908,0.9085784668888567,0.4130009132409221,margin,s1
oracle,400.0,long_00023_5639-7127-2094,s2,coarse_to_fine,1,True,0.0,0.4667942990842214,0.9713181095534037,0.5318742121032838,accepted,s2
oracle,400.0,long_00023_5639-7127-2094,s3,coarse_to_fine,1,True,0.0,0.2791055882795688,1.0,0.3911615674041445,accepted,s3
oracle,800.0,long_00023_5639-7127-2094,s1,gated_deflation,0,True,0.0,0.31898825757758065,0.8879549638861352,0.7408007769678663,accepted,s1
oracle,800.0,long_00023_5639-7127-2094,s2,gated_deflation,0,True,0.0,0.40743333081381383,0.9487376237623762,0.7906504519628935,accepted,s2
oracle,800.0,long_00023_5639-7127-2094,s3,gated_deflation,0,True,0.0,0.41139233483674886,1.0,0.7248535351372842,accepted,s3
oracle,800.0,long_00023_5639-7127-2094,s1,coarse_to_fine,0,False,0.0,-0.18193282493855478,0.8879549638861352,0.41841601197511347,margin,s1
oracle,800.0,long_00023_5639-7127-2094,s2,coarse_to_fine,0,True,0.0,0.4754106951114739,0.9708927814663088,0.5308383547842692,accepted,s2
oracle,800.0,long_00023_5639-7127-2094,s3,coarse_to_fine,0,True,0.0,0.2228384321867266,1.0,0.4067663599700276,accepted,s3
oracle,800.0,long_00023_5639-7127-2094,s1,coarse_to_fine,1,False,0.0,-0.2272499318770076,0.8879549638861352,0.41841601197511347,margin,s1
oracle,800.0,long_00023_5639-7127-2094,s2,coarse_to_fine,1,True,0.0,0.486809906753163,0.9721782737674813,0.5275923545381038,accepted,s2
oracle,800.0,long_00023_5639-7127-2094,s3,coarse_to_fine,1,True,0.0,0.32727985761452005,1.0,0.3825786860356388,accepted,s3
real,0.0,long_00023_5639-7127-2094,s1,gated_deflation,0,True,6.059702578724267e-05,0.2923267175088048,0.9873847216057602,0.7567109009158072,accepted,SPEAKER_01
real,0.0,long_00023_5639-7127-2094,s3,gated_deflation,0,True,5.354582560683897e-05,0.4287223525596119,0.9971667825108397,0.730613586505545,accepted,SPEAKER_00
real,0.0,long_00023_5639-7127-2094,s2,gated_deflation,0,True,5.0143949731048285e-05,0.40115097390057197,0.9898782698782699,0.8255379605997553,accepted,SPEAKER_02
real,0.0,long_00023_5639-7127-2094,s1,coarse_to_fine,0,False,6.059702578724267e-05,-0.3763603819114039,0.9929189100995268,0.4356743772848479,margin,SPEAKER_01
real,0.0,long_00023_5639-7127-2094,s3,coarse_to_fine,0,True,5.354582560683897e-05,0.37518015379984493,1.0,0.3858594033869439,accepted,SPEAKER_00
real,0.0,long_00023_5639-7127-2094,s2,coarse_to_fine,0,True,5.0143949731048285e-05,0.3221058954741065,0.9860662424539076,0.46180850316767136,accepted,SPEAKER_02
real,0.0,long_00023_5639-7127-2094,s1,coarse_to_fine,1,False,6.059702578724267e-05,-0.49865764610641866,0.9929189100995268,0.4356743772848479,margin,SPEAKER_01
real,0.0,long_00023_5639-7127-2094,s3,coarse_to_fine,1,True,5.354582560683897e-05,0.48214904133140973,1.0,0.3814381352143795,accepted,SPEAKER_00
real,0.0,long_00023_5639-7127-2094,s2,coarse_to_fine,1,True,5.0143949731048285e-05,0.5132538744885082,0.9862783488334149,0.4776872963549023,accepted,SPEAKER_02
real,200.0,long_00023_5639-7127-2094,s1,gated_deflation,0,True,6.059702578724267e-05,0.28861260487267404,0.9537272685206608,0.7565784282930825,accepted,SPEAKER_01
real,200.0,long_00023_5639-7127-2094,s3,gated_deflation,0,True,5.406580152568645e-05,0.42274126074201673,0.9943829841189337,0.7307791771174381,accepted,SPEAKER_00
real,200.0,long_00023_5639-7127-2094,s2,gated_deflation,0,True,5.0143949731048285e-05,0.3969067494909431,0.9764990914597214,0.8266335513952476,accepted,SPEAKER_02
real,200.0,long_00023_5639-7127-2094,s1,coarse_to_fine,0,False,6.059702578724267e-05,-0.3847486371450798,0.9617904277309588,0.43823865658885136,margin,SPEAKER_01
real,200.0,long_00023_5639-7127-2094,s3,coarse_to_fine,0,True,5.406580152568645e-05,0.3791158618446711,1.0,0.3902513434013134,accepted,SPEAKER_00
real,200.0,long_00023_5639-7127-2094,s2,coarse_to_fine,0,True,5.0143949731048285e-05,0.2987990725643485,0.9793616510679146,0.4567056836435161,accepted,SPEAKER_02
real,200.0,long_00023_5639-7127-2094,s1,coarse_to_fine,1,False,6.059702578724267e-05,-0.50301186979807,0.9617904277309588,0.43823865658885136,margin,SPEAKER_01
real,200.0,long_00023_5639-7127-2094,s3,coarse_to_fine,1,True,5.406580152568645e-05,0.4918862035212327,1.0,0.3757276360991658,accepted,SPEAKER_00
real,200.0,long_00023_5639-7127-2094,s2,coarse_to_fine,1,True,5.0143949731048285e-05,0.49373949823761365,0.9795216382689385,0.4702494780470697,accepted,SPEAKER_02
real,400.0,long_00023_5639-7127-2094,s1,gated_deflation,0,True,6.059702578724267e-05,0.2885840878350893,0.9432050309977253,0.7565127139261589,accepted,SPEAKER_01
real,400.0,long_00023_5639-7127-2094,s3,gated_deflation,0,True,5.4296347315914855e-05,0.4211041825965084,0.9904800222834329,0.730655182275071,accepted,SPEAKER_00
real,400.0,long_00023_5639-7127-2094,s2,gated_deflation,0,True,5.0143949731048285e-05,0.3951488679248752,0.9708684998638715,0.8270163994352714,accepted,SPEAKER_02
real,400.0,long_00023_5639-7127-2094,s1,coarse_to_fine,0,False,6.059702578724267e-05,-0.2944088378370735,0.9446482372218404,0.42924836606673045,margin,SPEAKER_01
real,400.0,long_00023_5639-7127-2094,s3,coarse_to_fine,0,True,5.4296347315914855e-05,0.3783580444235194,1.0,0.3837991575171814,accepted,SPEAKER_00
real,400.0,long_00023_5639-7127-2094,s2,coarse_to_fine,0,True,5.0143949731048285e-05,0.29930710604240723,0.9793296536277097,0.4561565122242004,accepted,SPEAKER_02
real,400.0,long_00023_5639-7127-2094,s1,coarse_to_fine,1,False,6.059702578724267e-05,-0.4023223829986342,0.9446482372218404,0.42924836606673045,margin,SPEAKER_01
real,400.0,long_00023_5639-7127-2094,s3,coarse_to_fine,1,True,5.4296347315914855e-05,0.48845429254640715,1.0,0.37024414139130135,accepted,SPEAKER_00
real,400.0,long_00023_5639-7127-2094,s2,coarse_to_fine,1,True,5.0143949731048285e-05,0.49513315227617233,0.9794736421086313,0.4695470885825778,accepted,SPEAKER_02
real,800.0,long_00023_5639-7127-2094,s1,gated_deflation,0,True,6.059702578724267e-05,0.28744822437123513,0.9328768303186907,0.7564767657293381,accepted,SPEAKER_01
real,800.0,long_00023_5639-7127-2094,s3,gated_deflation,0,True,5.494265509469777e-05,0.4177940067358932,0.9881945919698947,0.7305500292574019,accepted,SPEAKER_00
real,800.0,long_00023_5639-7127-2094,s2,gated_deflation,0,True,4.9985616977407244e-05,0.39155937230641685,0.9644178322949747,0.8269847422677986,accepted,SPEAKER_02
real,800.0,long_00023_5639-7127-2094,s1,coarse_to_fine,0,False,6.059702578724267e-05,-0.2763558439907161,0.9403257599336031,0.42976732084854197,margin,SPEAKER_01
real,800.0,long_00023_5639-7127-2094,s3,coarse_to_fine,0,True,5.494265509469777e-05,0.3914359571781727,1.0,0.37812160470260975,accepted,SPEAKER_00
real,800.0,long_00023_5639-7127-2094,s2,coarse_to_fine,0,True,4.9985616977407244e-05,0.4730727473503855,0.9707004687396844,0.5472004404318804,accepted,SPEAKER_02
real,800.0,long_00023_5639-7127-2094,s1,coarse_to_fine,1,False,6.059702578724267e-05,-0.3011109996897847,0.9403257599336031,0.42976732084854197,margin,SPEAKER_01
real,800.0,long_00023_5639-7127-2094,s3,coarse_to_fine,1,True,5.494265509469777e-05,0.5298759434557445,1.0,0.3685233749381297,accepted,SPEAKER_00
real,800.0,long_00023_5639-7127-2094,s2,coarse_to_fine,1,True,4.9985616977407244e-05,0.6204754714235162,0.9780682643427742,0.5508154741235611,accepted,SPEAKER_02
oracle,0.0,long_00024_8224-1284-2961,s1,gated_deflation,0,True,0.0,0.5947592058176835,0.9206098140557238,0.7104507131533231,accepted,s1
oracle,0.0,long_00024_8224-1284-2961,s2,gated_deflation,0,True,0.0,0.4066315278241492,0.9527769312261454,0.7137087031668085,accepted,s2
oracle,0.0,long_00024_8224-1284-2961,s3,gated_deflation,0,True,0.0,0.37433222600237,0.9270593910501972,0.7644690785497651,accepted,s3
oracle,0.0,long_00024_8224-1284-2961,s1,coarse_to_fine,0,False,0.0,-0.055458732269851374,0.9206098140557238,0.2841745929717764,margin,s1
oracle,0.0,long_00024_8224-1284-2961,s2,coarse_to_fine,0,True,0.0,0.35176582154692415,0.9795621577140263,0.3545131783269318,accepted,s2
oracle,0.0,long_00024_8224-1284-2961,s3,coarse_to_fine,0,False,0.0,-0.19746123737445626,0.9548820975568231,0.3704179970570418,margin,s3
oracle,0.0,long_00024_8224-1284-2961,s1,coarse_to_fine,1,False,0.0,-0.13805168666254064,0.9206098140557238,0.2841745929717764,margin,s1
oracle,0.0,long_00024_8224-1284-2961,s2,coarse_to_fine,1,True,0.0,0.5127581567126694,0.9736812235748135,0.35398262515896345,accepted,s2
oracle,0.0,long_00024_8224-1284-2961,s3,coarse_to_fine,1,False,0.0,-0.35505013308954864,0.9548820975568231,0.3704179970570418,margin,s3
oracle,200.0,long_00024_8224-1284-2961,s1,gated_deflation,0,True,0.0,0.5923962742935887,0.9209769271414313,0.7101639118044761,accepted,s1
oracle,200.0,long_00024_8224-1284-2961,s2,gated_deflation,0,True,0.0,0.4044589255739981,0.9453820993587445,0.7131974107455951,accepted,s2
oracle,200.0,long_00024_8224-1284-2961,s3,gated_deflation,0,True,0.0,0.37585922067084027,0.9178614516988861,0.7645519322136713,accepted,s3
oracle,200.0,long_00024_8224-1284-2961,s1,coarse_to_fine,0,False,0.0,-0.05122359532183646,0.9209769271414313,0.2822862415117621,margin,s1
oracle,200.0,long_00024_8224-1284-2961,s2,coarse_to_fine,0,True,0.0,0.3662482173284311,0.979805561011195,0.352047217675502,accepted,s2
oracle,200.0,long_00024_8224-1284-2961,s3,coarse_to_fine,0,False,0.0,-0.1932092747276723,0.9478970848180467,0.3716654966835716,margin,s3
oracle,200.0,long_00024_8224-1284-2961,s1,coarse_to_fine,1,False,0.0,-0.12904223835487255,0.9209769271414313,0.2822862415117621,margin,s1
oracle,200.0,long_00024_8224-1284-2961,s2,coarse_to_fine,1,True,0.0,0.5248185684173945,0.9739765999831654,0.35196200858094956,accepted,s2
oracle,200.0,long_00024_8224-1284-2961,s3,coarse_to_fine,1,False,0.0,-0.3494298075455681,0.9478970848180467,0.3716654966835716,margin,s3
oracle,400.0,long_00024_8224-1284-2961,s1,gated_deflation,0,True,0.0,0.5919409703660538,0.9179626298381013,0.7101678296889293,accepted,s1
oracle,400.0,long_00024_8224-1284-2961,s2,gated_deflation,0,True,0.0,0.3999787857558646,0.9383855503708851,0.712371577256577,accepted,s2
oracle,400.0,long_00024_8224-1284-2961,s3,gated_deflation,0,True,0.0,0.3776171746021659,0.9076121639244195,0.7644567221141686,accepted,s3
oracle,400.0,long_00024_8224-1284-2961,s1,coarse_to_fine,0,False,0.0,-0.02903948433474607,0.9179626298381013,0.2847131183042547,margin,s1
oracle,400.0,long_00024_8224-1284-2961,s2,coarse_to_fine,0,True,0.0,0.38392952153722754,0.9797244804528176,0.3485394647360058,accepted,s2
oracle,400.0,long_00024_8224-1284-2961,s3,coarse_to_fine,0,False,0.0,-0.18783602076457778,0.9372103992675009,0.37491467788968147,margin,s3
oracle,400.0,long_00024_8224-1284-2961,s1,coarse_to_fine,1,False,0.0,-0.1063143992422137,0.9179626298381013,0.2847131183042547,margin,s1
oracle,400.0,long_00024_8224-1284-2961,s2,coarse_to_fine,1,True,0.0,0.5317770737943299,0.9741683083155296,0.35073936465884487,accepted,s2
oracle,400.0,long_00024_8224-1284-2961,s3,coarse_to_fine,1,False,0.0,-0.3407107199148574,0.9372103992675009,0.37491467788968147,margin,s3
oracle,800.0,long_00024_8224-1284-2961,s1,gated_deflation,0,True,0.0,0.594939906178336,0.9191430839902456,0.7096820161853176,accepted,s1
oracle,800.0,long_00024_8224-1284-2961,s2,gated_deflation,0,True,0.0,0.3874601237157599,0.9300241308056083,0.7107174262458507,accepted,s2
oracle,800.0,long_00024_8224-1284-2961,s3,gated_deflation,0,True,0.0,0.40075610009980217,0.8888602372356885,0.7642264370728908,accepted,s3
oracle,800.0,long_00024_8224-1284-2961,s1,coarse_to_fine,0,False,0.0,0.05701393434553881,0.9191430839902456,0.2791477720787391,margin,s1
oracle,800.0,long_00024_8224-1284-2961,s2,coarse_to_fine,0,True,0.0,0.4000599853183342,0.9801851198393094,0.34402033090131595,accepted,s2
oracle,800.0,long_00024_8224-1284-2961,s3,coarse_to_fine,0,False,0.0,-0.17737319087175052,0.9253616894221113,0.37683116986778686,margin,s3
oracle,800.0,long_00024_8224-1284-2961,s1,coarse_to_fine,1,False,0.0,-0.011908028496396827,0.9191430839902456,0.2791477720787391,margin,s1
oracle,800.0,long_00024_8224-1284-2961,s2,coarse_to_fine,1,True,0.0,0.5401649028743407,0.9746274531093075,0.34705323132460286,accepted,s2
oracle,800.0,long_00024_8224-1284-2961,s3,coarse_to_fine,1,False,0.0,-0.32852926664362603,0.9253616894221113,0.37683116986778686,margin,s3
real,0.0,long_00024_8224-1284-2961,s1,gated_deflation,0,True,6.258218473510499e-05,0.5560042510214243,0.9941326392278076,0.7653191697400549,accepted,SPEAKER_00
real,0.0,long_00024_8224-1284-2961,s2,gated_deflation,0,True,4.8191692779609266e-05,0.4963742872410086,0.9883633465341602,0.7315303878250679,accepted,SPEAKER_02
real,0.0,long_00024_8224-1284-2961,s3,gated_deflation,0,True,6.238274628621794e-05,0.36400437183596657,0.9798968122351207,0.7996185292164768,accepted,SPEAKER_01
real,0.0,long_00024_8224-1284-2961,s1,coarse_to_fine,0,False,6.258218473510499e-05,-0.02031826263124753,1.0,0.19160033704813037,margin,SPEAKER_00
real,0.0,long_00024_8224-1284-2961,s2,coarse_to_fine,0,True,4.8191692779609266e-05,0.4565955337690201,1.0,0.3235374980886088,accepted,SPEAKER_02
real,0.0,long_00024_8224-1284-2961,s3,coarse_to_fine,0,False,6.238274628621794e-05,-0.23373211457608345,0.9882224407298154,0.4010123098383418,margin,SPEAKER_01
real,0.0,long_00024_8224-1284-2961,s1,coarse_to_fine,1,False,6.258218473510499e-05,-0.09430320810534243,1.0,0.19160033704813037,margin,SPEAKER_00
real,0.0,long_00024_8224-1284-2961,s2,coarse_to_fine,1,True,4.8191692779609266e-05,0.6485504498541508,1.0,0.3281972224017981,accepted,SPEAKER_02
real,0.0,long_00024_8224-1284-2961,s3,coarse_to_fine,1,False,6.238274628621794e-05,-0.4000561611769541,0.9882224407298154,0.4010123098383418,margin,SPEAKER_01
real,200.0,long_00024_8224-1284-2961,s1,gated_deflation,0,True,6.379317193344489e-05,0.5592498462536095,0.992985564646412,0.7654826877331982,accepted,SPEAKER_00
real,200.0,long_00024_8224-1284-2961,s2,gated_deflation,0,True,4.734717653288771e-05,0.4886050477942629,0.9731600786197859,0.7308419064325161,accepted,SPEAKER_02
real,200.0,long_00024_8224-1284-2961,s3,gated_deflation,0,True,6.238274628621794e-05,0.36433496243685204,0.9658761410417039,0.7998901984286132,accepted,SPEAKER_01
real,200.0,long_00024_8224-1284-2961,s1,coarse_to_fine,0,False,6.379317193344489e-05,-0.02359116338668027,1.0,0.1922250399473027,margin,SPEAKER_00
real,200.0,long_00024_8224-1284-2961,s2,coarse_to_fine,0,True,4.734717653288771e-05,0.5018075090714735,1.0,0.32635788831331225,accepted,SPEAKER_02
real,200.0,long_00024_8224-1284-2961,s3,coarse_to_fine,0,False,6.238274628621794e-05,-0.23107341080479327,0.9882224407298154,0.4026604660366752,margin,SPEAKER_01
real,200.0,long_00024_8224-1284-2961,s1,coarse_to_fine,1,False,6.379317193344489e-05,-0.10618627389859792,1.0,0.1922250399473027,margin,SPEAKER_00
real,200.0,long_00024_8224-1284-2961,s2,coarse_to_fine,1,True,4.734717653288771e-05,0.6735275791654469,1.0,0.33212171330056295,accepted,SPEAKER_02
real,200.0,long_00024_8224-1284-2961,s3,coarse_to_fine,1,False,6.238274628621794e-05,-0.3808454446417594,0.9882224407298154,0.4026604660366752,margin,SPEAKER_01
real,400.0,long_00024_8224-1284-2961,s1,gated_deflation,0,True,6.25403963043592e-05,0.557210221049635,0.9931211861415099,0.7654819238476015,accepted,SPEAKER_00
real,400.0,long_00024_8224-1284-2961,s2,gated_deflation,0,True,4.957801669874318e-05,0.4795826566295203,0.9704638623558635,0.7302133493291721,accepted,SPEAKER_02
real,400.0,long_00024_8224-1284-2961,s3,gated_deflation,0,True,6.238274628621794e-05,0.3629194207755717,0.9461893161649556,0.7998570525527998,accepted,SPEAKER_01
real,400.0,long_00024_8224-1284-2961,s1,coarse_to_fine,0,False,6.25403963043592e-05,-0.015825767090547005,1.0,0.19443790870883776,margin,SPEAKER_00
real,400.0,long_00024_8224-1284-2961,s2,coarse_to_fine,0,True,4.957801669874318e-05,0.1687960880230568,0.9716499929547696,0.37136078513541965,accepted,SPEAKER_02
real,400.0,long_00024_8224-1284-2961,s3,coarse_to_fine,0,False,6.238274628621794e-05,-0.2232746936298055,0.9888342619906042,0.4035524993985374,margin,SPEAKER_01
real,400.0,long_00024_8224-1284-2961,s1,coarse_to_fine,1,False,6.25403963043592e-05,-0.08217316555465476,1.0,0.19443790870883776,margin,SPEAKER_00
real,400.0,long_00024_8224-1284-2961,s2,coarse_to_fine,1,True,4.957801669874318e-05,0.40654664030699045,0.9681696491475271,0.3778954972625615,accepted,SPEAKER_02
real,400.0,long_00024_8224-1284-2961,s3,coarse_to_fine,1,False,6.238274628621794e-05,-0.3246233302414712,0.9888342619906042,0.4035524993985374,margin,SPEAKER_01
real,800.0,long_00024_8224-1284-2961,s1,gated_deflation,0,True,6.74777542298134e-05,0.5509254259474421,0.9779235705392204,0.7654954978769439,accepted,SPEAKER_00
real,800.0,long_00024_8224-1284-2961,s2,gated_deflation,0,True,5.0669597117980135e-05,0.4822640062194231,0.96869353247306,0.7290070253865697,accepted,SPEAKER_02
real,800.0,long_00024_8224-1284-2961,s3,gated_deflation,0,True,6.238274628621794e-05,0.3606453989565441,0.9170131129569508,0.7997346550888382,accepted,SPEAKER_01
real,800.0,long_00024_8224-1284-2961,s1,coarse_to_fine,0,False,6.74777542298134e-05,-0.028543279582137537,1.0,0.1924785592213032,margin,SPEAKER_00
real,800.0,long_00024_8224-1284-2961,s2,coarse_to_fine,0,True,5.0669597117980135e-05,0.40777916856956403,0.9779365646461038,0.34258194331937547,accepted,SPEAKER_02
real,800.0,long_00024_8224-1284-2961,s3,coarse_to_fine,0,False,6.238274628621794e-05,-0.22642919600911993,0.988856112749918,0.40454601728652756,margin,SPEAKER_01
real,800.0,long_00024_8224-1284-2961,s1,coarse_to_fine,1,False,6.74777542298134e-05,-0.10137073326169471,1.0,0.1924785592213032,margin,SPEAKER_00
real,800.0,long_00024_8224-1284-2961,s2,coarse_to_fine,1,True,5.0669597117980135e-05,0.5562599837769384,0.9777857171211941,0.35232807737404126,accepted,SPEAKER_02
real,800.0,long_00024_8224-1284-2961,s3,coarse_to_fine,1,False,6.238274628621794e-05,-0.3510481008338696,0.988856112749918,0.40454601728652756,margin,SPEAKER_01
