scene,speaker,system,m,depth,si_sdr,deflation_index,n_accepted_before,refine_rounds
hetero_different-chapter_00000_8555-4077-7176,s1,no_recursion,3,1,inf,,,0
hetero_different-chapter_00000_8555-4077-7176,s1,no_recursion,3,2,nan,,,0
hetero_different-chapter_00000_8555-4077-7176,s1,no_recursion,3,3,3.8077620895788,,,0
hetero_different-chapter_00000_8555-4077-7176,s2,no_recursion,3,1,54.473465113310475,,,0
hetero_different-chapter_00000_8555-4077-7176,s2,no_recursion,3,2,-14.018852053151981,,,0
hetero_different-chapter_00000_8555-4077-7176,s2,no_recursion,3,3,-7.679864710625145,,,0
hetero_different-chapter_00000_8555-4077-7176,s3,no_recursion,3,1,67.85349359415817,,,0
hetero_different-chapter_00000_8555-4077-7176,s3,no_recursion,3,2,-7.765106368705289,,,0
hetero_different-chapter_00000_8555-4077-7176,s3,no_recursion,3,3,-4.305004257861657,,,0
hetero_different-chapter_00000_8555-4077-7176,s1,ungated_deflation,3,1,inf,0,0,0
hetero_different-chapter_00000_8555-4077-7176,s1,ungated_deflation,3,2,nan,0,0,0
hetero_different-chapter_00000_8555-4077-7176,s1,ungated_deflation,3,3,3.8077620895788,0,0,0
hetero_different-chapter_00000_8555-4077-7176,s2,ungated_deflation,3,1,55.23531035923931,1,1,0
hetero_different-chapter_00000_8555-4077-7176,s2,ungated_deflation,3,2,-17.13828784799209,1,1,0
hetero_different-chapter_00000_8555-4077-7176,s2,ungated_deflation,3,3,-11.675018249056652,1,1,0
hetero_different-chapter_00000_8555-4077-7176,s3,ungated_deflation,3,1,29.95820466239789,2,2,0
hetero_different-chapter_00000_8555-4077-7176,s3,ungated_deflation,3,2,1.2199549034666015,2,2,0
hetero_different-chapter_00000_8555-4077-7176,s3,ungated_deflation,3,3,2.9952149413839795,2,2,0
hetero_different-chapter_00000_8555-4077-7176,s1,gated_deflation,3,1,inf,0,0,0
hetero_different-chapter_00000_8555-4077-7176,s1,gated_deflation,3,2,nan,0,0,0
hetero_different-chapter_00000_8555-4077-7176,s1,gated_deflation,3,3,3.8077620895788,0,0,0
hetero_different-chapter_00000_8555-4077-7176,s2,gated_deflation,3,1,55.23531035923931,1,1,0
hetero_different-chapter_00000_8555-4077-7176,s2,gated_deflation,3,2,-17.13828784799209,1,1,0
hetero_different-chapter_00000_8555-4077-7176,s2,gated_deflation,3,3,-11.675018249056652,1,1,0
hetero_different-chapter_00000_8555-4077-7176,s3,gated_deflation,3,1,29.95820466239789,2,2,0
hetero_different-chapter_00000_8555-4077-7176,s3,gated_deflation,3,2,1.2199549034666015,2,2,0
hetero_different-chapter_00000_8555-4077-7176,s3,gated_deflation,3,3,2.9952149413839795,2,2,0
hetero_different-chapter_00000_8555-4077-7176,s1,coarse_to_fine,3,1,inf,,,2
hetero_different-chapter_00000_8555-4077-7176,s1,coarse_to_fine,3,2,nan,,,2
hetero_different-chapter_00000_8555-4077-7176,s1,coarse_to_fine,3,3,4.396660487773384,,,2
hetero_different-chapter_00000_8555-4077-7176,s2,coarse_to_fine,3,1,54.473465113310475,,,2
hetero_different-chapter_00000_8555-4077-7176,s2,coarse_to_fine,3,2,-14.018852053151981,,,2
hetero_different-chapter_00000_8555-4077-7176,s2,coarse_to_fine,3,3,-7.679864710625145,,,2
hetero_different-chapter_00000_8555-4077-7176,s3,coarse_to_fine,3,1,67.85349359415817,,,2
hetero_different-chapter_00000_8555-4077-7176,s3,coarse_to_fine,3,2,-7.765106368705289,,,2
hetero_different-chapter_00000_8555-4077-7176,s3,coarse_to_fine,3,3,-4.305004257861657,,,2
hetero_different-chapter_00001_7021-8224-61,s1,no_recursion,3,1,inf,,,0
hetero_different-chapter_00001_7021-8224-61,s1,no_recursion,3,2,7.261994319283169,,,0
hetero_different-chapter_00001_7021-8224-61,s1,no_recursion,3,3,-1.9230830109010288,,,0
hetero_different-chapter_00001_7021-8224-61,s2,no_recursion,3,1,67.05497796404282,,,0
hetero_different-chapter_00001_7021-8224-61,s2,no_recursion,3,2,1.851862304127748,,,0
hetero_different-chapter_00001_7021-8224-61,s2,no_recursion,3,3,-0.6883501826093069,,,0
hetero_different-chapter_00001_7021-8224-61,s3,no_recursion,3,1,54.8089064971953,,,0
hetero_different-chapter_00001_7021-8224-61,s3,no_recursion,3,2,nan,,,0
hetero_different-chapter_00001_7021-8224-61,s3,no_recursion,3,3,-0.08537910160410281,,,0
hetero_different-chapter_00001_7021-8224-61,s1,ungated_deflation,3,1,inf,0,0,0
hetero_different-chapter_00001_7021-8224-61,s1,ungated_deflation,3,2,7.261994319283169,0,0,0
hetero_different-chapter_00001_7021-8224-61,s1,ungated_deflation,3,3,-1.9230830109010288,0,0,0
hetero_different-chapter_00001_7021-8224-61,s2,ungated_deflation,3,1,61.36693408354431,1,1,0
hetero_different-chapter_00001_7021-8224-61,s2,ungated_deflation,3,2,-0.731440218833082,1,1,0
hetero_different-chapter_00001_7021-8224-61,s2,ungated_deflation,3,3,-2.832481218471017,1,1,0
hetero_different-chapter_00001_7021-8224-61,s3,ungated_deflation,3,1,42.27804607039537,2,2,0
hetero_different-chapter_00001_7021-8224-61,s3,ungated_deflation,3,2,nan,2,2,0
hetero_different-chapter_00001_7021-8224-61,s3,ungated_deflation,3,3,-3.3514919002475407,2,2,0
hetero_different-chapter_00001_7021-8224-61,s1,gated_deflation,3,1,inf,0,0,0
hetero_different-chapter_00001_7021-8224-61,s1,gated_deflation,3,2,7.261994319283169,0,0,0
hetero_different-chapter_00001_7021-8224-61,s1,gated_deflation,3,3,-1.9230830109010288,0,0,0
hetero_different-chapter_00001_7021-8224-61,s2,gated_deflation,3,1,61.36693408354431,1,1,0
hetero_different-chapter_00001_7021-8224-61,s2,gated_deflation,3,2,-0.731440218833082,1,1,0
hetero_different-chapter_00001_7021-8224-61,s2,gated_deflation,3,3,-2.832481218471017,1,1,0
hetero_different-chapter_00001_7021-8224-61,s3,gated_deflation,3,1,42.27804607039537,2,2,0
hetero_different-chapter_00001_7021-8224-61,s3,gated_deflation,3,2,nan,2,2,0
hetero_different-chapter_00001_7021-8224-61,s3,gated_deflation,3,3,-3.3514919002475407,2,2,0
hetero_different-chapter_00001_7021-8224-61,s1,coarse_to_fine,3,1,inf,,,2
hetero_different-chapter_00001_7021-8224-61,s1,coarse_to_fine,3,2,7.261994319283169,,,2
hetero_different-chapter_00001_7021-8224-61,s1,coarse_to_fine,3,3,-1.9230830109010288,,,2
hetero_different-chapter_00001_7021-8224-61,s2,coarse_to_fine,3,1,67.05497796404282,,,2
hetero_different-chapter_00001_7021-8224-61,s2,coarse_to_fine,3,2,1.851862304127748,,,2
hetero_different-chapter_00001_7021-8224-61,s2,coarse_to_fine,3,3,-0.6883501826093069,,,2
hetero_different-chapter_00001_7021-8224-61,s3,coarse_to_fine,3,1,50.98832995848838,,,2
hetero_different-chapter_00001_7021-8224-61,s3,coarse_to_fine,3,2,nan,,,2
hetero_different-chapter_00001_7021-8224-61,s3,coarse_to_fine,3,3,-7.102246402541251,,,2
hetero_different-chapter_00002_7127-8463-4077,s1,no_recursion,3,1,inf,,,0
hetero_different-chapter_00002_7127-8463-4077,s1,no_recursion,3,2,nan,,,0
hetero_different-chapter_00002_7127-8463-4077,s1,no_recursion,3,3,-2.4175978162824134,,,0
hetero_different-chapter_00002_7127-8463-4077,s2,no_recursion,3,1,59.205713493128385,,,0
hetero_different-chapter_00002_7127-8463-4077,s2,no_recursion,3,2,1.9689462721049777,,,0
hetero_different-chapter_00002_7127-8463-4077,s2,no_recursion,3,3,1.6842368222344042,,,0
hetero_different-chapter_00002_7127-8463-4077,s3,no_recursion,3,1,42.44808666103324,,,0
hetero_different-chapter_00002_7127-8463-4077,s3,no_recursion,3,2,-6.557290001188301,,,0
hetero_different-chapter_00002_7127-8463-4077,s3,no_recursion,3,3,-1.7643635590496765,,,0
hetero_different-chapter_00002_7127-8463-4077,s1,ungated_deflation,3,1,inf,0,0,0
hetero_different-chapter_00002_7127-8463-4077,s1,ungated_deflation,3,2,nan,0,0,0
hetero_different-chapter_00002_7127-8463-4077,s1,ungated_deflation,3,3,-2.4175978162824134,0,0,0
hetero_different-chapter_00002_7127-8463-4077,s2,ungated_deflation,3,1,58.125737764751634,2,2,0
hetero_different-chapter_00002_7127-8463-4077,s2,ungated_deflation,3,2,-0.3492943509712263,2,2,0
hetero_different-chapter_00002_7127-8463-4077,s2,ungated_deflation,3,3,-4.611706560239803,2,2,0
hetero_different-chapter_00002_7127-8463-4077,s3,ungated_deflation,3,1,38.8711050159149,1,1,0
hetero_different-chapter_00002_7127-8463-4077,s3,ungated_deflation,3,2,-10.900312068499186,1,1,0
hetero_different-chapter_00002_7127-8463-4077,s3,ungated_deflation,3,3,-5.229470681946137,1,1,0
hetero_different-chapter_00002_7127-8463-4077,s1,gated_deflation,3,1,inf,0,0,0
hetero_different-chapter_00002_7127-8463-4077,s1,gated_deflation,3,2,nan,0,0,0
hetero_different-chapter_00002_7127-8463-4077,s1,gated_deflation,3,3,-2.4175978162824134,0,0,0
hetero_different-chapter_00002_7127-8463-4077,s2,gated_deflation,3,1,58.125737764751634,2,2,0
hetero_different-chapter_00002_7127-8463-4077,s2,gated_deflation,3,2,-0.3492943509712263,2,2,0
hetero_different-chapter_00002_7127-8463-4077,s2,gated_deflation,3,3,-4.611706560239803,2,2,0
hetero_different-chapter_00002_7127-8463-4077,s3,gated_deflation,3,1,38.8711050159149,1,1,0
hetero_different-chapter_00002_7127-8463-4077,s3,gated_deflation,3,2,-10.900312068499186,1,1,0
hetero_different-chapter_00002_7127-8463-4077,s3,gated_deflation,3,3,-5.229470681946137,1,1,0
hetero_different-chapter_00002_7127-8463-4077,s1,coarse_to_fine,3,1,inf,,,2
hetero_different-chapter_00002_7127-8463-4077,s1,coarse_to_fine,3,2,nan,,,2
hetero_different-chapter_00002_7127-8463-4077,s1,coarse_to_fine,3,3,-2.4175978162824134,,,2
hetero_different-chapter_00002_7127-8463-4077,s2,coarse_to_fine,3,1,62.67609788351709,,,2
hetero_different-chapter_00002_7127-8463-4077,s2,coarse_to_fine,3,2,-0.11076611569169079,,,2
hetero_different-chapter_00002_7127-8463-4077,s2,coarse_to_fine,3,3,-0.05519227822750461,,,2
hetero_different-chapter_00002_7127-8463-4077,s3,coarse_to_fine,3,1,41.52320186205208,,,2
hetero_different-chapter_00002_7127-8463-4077,s3,coarse_to_fine,3,2,-8.108570117211064,,,2
hetero_different-chapter_00002_7127-8463-4077,s3,coarse_to_fine,3,3,-2.8493771936715087,,,2
hetero_different-chapter_00003_2830-5142-7021,s1,no_recursion,3,1,inf,,,0
hetero_different-chapter_00003_2830-5142-7021,s1,no_recursion,3,2,nan,,,0
hetero_different-chapter_00003_2830-5142-7021,s1,no_recursion,3,3,1.295733668536327,,,0
hetero_different-chapter_00003_2830-5142-7021,s2,no_recursion,3,1,55.315908602094346,,,0
hetero_different-chapter_00003_2830-5142-7021,s2,no_recursion,3,2,13.915058639791392,,,0
hetero_different-chapter_00003_2830-5142-7021,s2,no_recursion,3,3,0.5649755648448376,,,0
hetero_different-chapter_00003_2830-5142-7021,s3,no_recursion,3,1,50.170642346741545,,,0
hetero_different-chapter_00003_2830-5142-7021,s3,no_recursion,3,2,17.38618962329518,,,0
hetero_different-chapter_00003_2830-5142-7021,s3,no_recursion,3,3,0.495495030145735,,,0
hetero_different-chapter_00003_2830-5142-7021,s1,ungated_deflation,3,1,inf,0,0,0
hetero_different-chapter_00003_2830-5142-7021,s1,ungated_deflation,3,2,nan,0,0,0
hetero_different-chapter_00003_2830-5142-7021,s1,ungated_deflation,3,3,1.295733668536327,0,0,0
hetero_different-chapter_00003_2830-5142-7021,s2,ungated_deflation,3,1,55.31755763702649,1,1,0
hetero_different-chapter_00003_2830-5142-7021,s2,ungated_deflation,3,2,10.519176290581061,1,1,0
hetero_different-chapter_00003_2830-5142-7021,s2,ungated_deflation,3,3,-3.347312186909643,1,1,0
hetero_different-chapter_00003_2830-5142-7021,s3,ungated_deflation,3,1,26.45674603480647,2,2,0
hetero_different-chapter_00003_2830-5142-7021,s3,ungated_deflation,3,2,7.739417908307775,2,2,0
hetero_different-chapter_00003_2830-5142-7021,s3,ungated_deflation,3,3,-8.334587991105288,2,2,0
hetero_different-chapter_00003_2830-5142-7021,s1,gated_deflation,3,1,inf,0,0,0
hetero_different-chapter_00003_2830-5142-7021,s1,gated_deflation,3,2,nan,0,0,0
hetero_different-chapter_00003_2830-5142-7021,s1,gated_deflation,3,3,1.295733668536327,0,0,0
hetero_different-chapter_00003_2830-5142-7021,s2,gated_deflation,3,1,55.31755763702649,1,1,0
hetero_different-chapter_00003_2830-5142-7021,s2,gated_deflation,3,2,10.519176290581061,1,1,0
hetero_different-chapter_00003_2830-5142-7021,s2,gated_deflation,3,3,-3.347312186909643,1,1,0
hetero_different-chapter_00003_2830-5142-7021,s3,gated_deflation,3,1,26.45674603480647,2,2,0
hetero_different-chapter_00003_2830-5142-7021,s3,gated_deflation,3,2,7.739417908307775,2,2,0
hetero_different-chapter_00003_2830-5142-7021,s3,gated_deflation,3,3,-8.334587991105288,2,2,0
hetero_different-chapter_00003_2830-5142-7021,s1,coarse_to_fine,3,1,inf,,,2
hetero_different-chapter_00003_2830-5142-7021,s1,coarse_to_fine,3,2,nan,,,2
hetero_different-chapter_00003_2830-5142-7021,s1,coarse_to_fine,3,3,-3.5898779977939794,,,2
hetero_different-chapter_00003_2830-5142-7021,s2,coarse_to_fine,3,1,55.33143087729097,,,2
hetero_different-chapter_00003_2830-5142-7021,s2,coarse_to_fine,3,2,13.691994846404292,,,2
hetero_different-chapter_00003_2830-5142-7021,s2,coarse_to_fine,3,3,0.7975934791829408,,,2
hetero_different-chapter_00003_2830-5142-7021,s3,coarse_to_fine,3,1,50.170642346741545,,,2
hetero_different-chapter_00003_2830-5142-7021,s3,coarse_to_fine,3,2,17.38618962329518,,,2
hetero_different-chapter_00003_2830-5142-7021,s3,coarse_to_fine,3,3,0.495495030145735,,,2
hetero_different-chapter_00004_908-7021-8463,s1,no_recursion,3,1,70.1796184894723,,,0
hetero_different-chapter_00004_908-7021-8463,s1,no_recursion,3,2,-14.801220695185327,,,0
hetero_different-chapter_00004_908-7021-8463,s1,no_recursion,3,3,-0.06931083889792422,,,0
hetero_different-chapter_00004_908-7021-8463,s2,no_recursion,3,1,inf,,,0
hetero_different-chapter_00004_908-7021-8463,s2,no_recursion,3,2,nan,,,0
hetero_different-chapter_00004_908-7021-8463,s2,no_recursion,3,3,2.1468342386748036,,,0
hetero_different-chapter_00004_908-7021-8463,s3,no_recursion,3,1,54.01916504998316,,,0
hetero_different-chapter_00004_908-7021-8463,s3,no_recursion,3,2,11.090002228970224,,,0
hetero_different-chapter_00004_908-7021-8463,s3,no_recursion,3,3,6.765083615116358,,,0
hetero_different-chapter_00004_908-7021-8463,s1,ungated_deflation,3,1,70.1796184894723,0,0,0
hetero_different-chapter_00004_908-7021-8463,s1,ungated_deflation,3,2,-14.801220695185327,0,0,0
hetero_different-chapter_00004_908-7021-8463,s1,ungated_deflation,3,3,-0.06931083889792422,0,0,0
hetero_different-chapter_00004_908-7021-8463,s2,ungated_deflation,3,1,inf,1,1,0
hetero_different-chapter_00004_908-7021-8463,s2,ungated_deflation,3,2,nan,1,1,0
hetero_different-chapter_00004_908-7021-8463,s2,ungated_deflation,3,3,-8.472980604855827,1,1,0
hetero_different-chapter_00004_908-7021-8463,s3,ungated_deflation,3,1,36.7877863309443,2,2,0
hetero_different-chapter_00004_908-7021-8463,s3,ungated_deflation,3,2,7.947117321230097,2,2,0
hetero_different-chapter_00004_908-7021-8463,s3,ungated_deflation,3,3,-0.14215314805314336,2,2,0
hetero_different-chapter_00004_908-7021-8463,s1,gated_deflation,3,1,70.1796184894723,0,0,0
hetero_different-chapter_00004_908-7021-8463,s1,gated_deflation,3,2,-14.801220695185327,0,0,0
hetero_different-chapter_00004_908-7021-8463,s1,gated_deflation,3,3,-0.06931083889792422,0,0,0
hetero_different-chapter_00004_908-7021-8463,s2,gated_deflation,3,1,inf,1,1,0
hetero_different-chapter_00004_908-7021-8463,s2,gated_deflation,3,2,nan,1,1,0
hetero_different-chapter_00004_908-7021-8463,s2,gated_deflation,3,3,-8.472980604855827,1,1,0
hetero_different-chapter_00004_908-7021-8463,s3,gated_deflation,3,1,36.7877863309443,2,2,0
hetero_different-chapter_00004_908-7021-8463,s3,gated_deflation,3,2,7.947117321230097,2,2,0
hetero_different-chapter_00004_908-7021-8463,s3,gated_deflation,3,3,-0.14215314805314336,2,2,0
hetero_different-chapter_00004_908-7021-8463,s1,coarse_to_fine,3,1,70.1796184894723,,,2
hetero_different-chapter_00004_908-7021-8463,s1,coarse_to_fine,3,2,-14.801220695185327,,,2
hetero_different-chapter_00004_908-7021-8463,s1,coarse_to_fine,3,3,-0.06931083889792422,,,2
hetero_different-chapter_00004_908-7021-8463,s2,coarse_to_fine,3,1,inf,,,2
hetero_different-chapter_00004_908-7021-8463,s2,coarse_to_fine,3,2,nan,,,2
hetero_different-chapter_00004_908-7021-8463,s2,coarse_to_fine,3,3,2.7131763516076846,,,2
hetero_different-chapter_00004_908-7021-8463,s3,coarse_to_fine,3,1,40.74656514066643,,,2
hetero_different-chapter_00004_908-7021-8463,s3,coarse_to_fine,3,2,6.748145840762567,,,2
hetero_different-chapter_00004_908-7021-8463,s3,coarse_to_fine,3,3,-0.3070268719739929,,,2
hetero_different-chapter_00005_260-1284-7021,s1,no_recursion,3,1,55.49601204699029,,,0
hetero_different-chapter_00005_260-1284-7021,s1,no_recursion,3,2,22.66773811430895,,,0
hetero_different-chapter_00005_260-1284-7021,s1,no_recursion,3,3,-3.484957950804909,,,0
hetero_different-chapter_00005_260-1284-7021,s2,no_recursion,3,1,inf,,,0
hetero_different-chapter_00005_260-1284-7021,s2,no_recursion,3,2,nan,,,0
hetero_different-chapter_00005_260-1284-7021,s2,no_recursion,3,3,2.060929630290111,,,0
hetero_different-chapter_00005_260-1284-7021,s3,no_recursion,3,1,67.08064357454288,,,0
hetero_different-chapter_00005_260-1284-7021,s3,no_recursion,3,2,-53.199835118347885,,,0
hetero_different-chapter_00005_260-1284-7021,s3,no_recursion,3,3,-0.6813190328534489,,,0
hetero_different-chapter_00005_260-1284-7021,s1,ungated_deflation,3,1,54.643861020698814,2,2,0
hetero_different-chapter_00005_260-1284-7021,s1,ungated_deflation,3,2,0.68338772949715,2,2,0
hetero_different-chapter_00005_260-1284-7021,s1,ungated_deflation,3,3,-18.664637689144413,2,2,0
hetero_different-chapter_00005_260-1284-7021,s2,ungated_deflation,3,1,inf,0,0,0
hetero_different-chapter_00005_260-1284-7021,s2,ungated_deflation,3,2,nan,0,0,0
hetero_different-chapter_00005_260-1284-7021,s2,ungated_deflation,3,3,2.060929630290111,0,0,0
hetero_different-chapter_00005_260-1284-7021,s3,ungated_deflation,3,1,61.51807646819525,1,1,0
hetero_different-chapter_00005_260-1284-7021,s3,ungated_deflation,3,2,-49.74633367818284,1,1,0
hetero_different-chapter_00005_260-1284-7021,s3,ungated_deflation,3,3,-7.658440882225061,1,1,0
hetero_different-chapter_00005_260-1284-7021,s1,gated_deflation,3,1,54.643861020698814,2,2,0
hetero_different-chapter_00005_260-1284-7021,s1,gated_deflation,3,2,0.68338772949715,2,2,0
hetero_different-chapter_00005_260-1284-7021,s1,gated_deflation,3,3,-18.664637689144413,2,2,0
hetero_different-chapter_00005_260-1284-7021,s2,gated_deflation,3,1,inf,0,0,0
hetero_different-chapter_00005_260-1284-7021,s2,gated_deflation,3,2,nan,0,0,0
hetero_different-chapter_00005_260-1284-7021,s2,gated_deflation,3,3,2.060929630290111,0,0,0
hetero_different-chapter_00005_260-1284-7021,s3,gated_deflation,3,1,61.51807646819525,1,1,0
hetero_different-chapter_00005_260-1284-7021,s3,gated_deflation,3,2,-49.74633367818284,1,1,0
hetero_different-chapter_00005_260-1284-7021,s3,gated_deflation,3,3,-7.658440882225061,1,1,0
hetero_different-chapter_00005_260-1284-7021,s1,coarse_to_fine,3,1,55.49601204699029,,,2
hetero_different-chapter_00005_260-1284-7021,s1,coarse_to_fine,3,2,22.66773811430895,,,2
hetero_different-chapter_00005_260-1284-7021,s1,coarse_to_fine,3,3,-3.484957950804909,,,2
hetero_different-chapter_00005_260-1284-7021,s2,coarse_to_fine,3,1,inf,,,2
hetero_different-chapter_00005_260-1284-7021,s2,coarse_to_fine,3,2,nan,,,2
hetero_different-chapter_00005_260-1284-7021,s2,coarse_to_fine,3,3,2.060929630290111,,,2
hetero_different-chapter_00005_260-1284-7021,s3,coarse_to_fine,3,1,67.08064357454288,,,2
hetero_different-chapter_00005_260-1284-7021,s3,coarse_to_fine,3,2,-53.199835118347885,,,2
hetero_different-chapter_00005_260-1284-7021,s3,coarse_to_fine,3,3,-0.6813190328534489,,,2
hetero_different-chapter_00006_1221-3570-8463,s1,no_recursion,3,1,inf,,,0
hetero_different-chapter_00006_1221-3570-8463,s1,no_recursion,3,2,1.823278947635765,,,0
hetero_different-chapter_00006_1221-3570-8463,s1,no_recursion,3,3,4.5874803956255885,,,0
hetero_different-chapter_00006_1221-3570-8463,s2,no_recursion,3,1,59.10997062227723,,,0
hetero_different-chapter_00006_1221-3570-8463,s2,no_recursion,3,2,15.002392033289375,,,0
hetero_different-chapter_00006_1221-3570-8463,s2,no_recursion,3,3,7.987140069367108,,,0
hetero_different-chapter_00006_1221-3570-8463,s3,no_recursion,3,1,42.2224635706723,,,0
hetero_different-chapter_00006_1221-3570-8463,s3,no_recursion,3,2,nan,,,0
hetero_different-chapter_00006_1221-3570-8463,s3,no_recursion,3,3,-6.62409945982507,,,0
hetero_different-chapter_00006_1221-3570-8463,s1,ungated_deflation,3,1,inf,0,0,0
hetero_different-chapter_00006_1221-3570-8463,s1,ungated_deflation,3,2,1.823278947635765,0,0,0
hetero_different-chapter_00006_1221-3570-8463,s1,ungated_deflation,3,3,4.5874803956255885,0,0,0
hetero_different-chapter_00006_1221-3570-8463,s2,ungated_deflation,3,1,58.471502617797,1,1,0
hetero_different-chapter_00006_1221-3570-8463,s2,ungated_deflation,3,2,3.8447626734114655,1,1,0
hetero_different-chapter_00006_1221-3570-8463,s2,ungated_deflation,3,3,-3.662540109926728,1,1,0
hetero_different-chapter_00006_1221-3570-8463,s3,ungated_deflation,3,1,26.812287028188745,2,2,0
hetero_different-chapter_00006_1221-3570-8463,s3,ungated_deflation,3,2,nan,2,2,0
hetero_different-chapter_00006_1221-3570-8463,s3,ungated_deflation,3,3,-6.041067818672375,2,2,0
hetero_different-chapter_00006_1221-3570-8463,s1,gated_deflation,3,1,inf,0,0,0
hetero_different-chapter_00006_1221-3570-8463,s1,gated_deflation,3,2,1.823278947635765,0,0,0
hetero_different-chapter_00006_1221-3570-8463,s1,gated_deflation,3,3,4.5874803956255885,0,0,0
hetero_different-chapter_00006_1221-3570-8463,s2,gated_deflation,3,1,58.471502617797,1,1,0
hetero_different-chapter_00006_1221-3570-8463,s2,gated_deflation,3,2,3.8447626734114655,1,1,0
hetero_different-chapter_00006_1221-3570-8463,s2,gated_deflation,3,3,-3.662540109926728,1,1,0
hetero_different-chapter_00006_1221-3570-8463,s3,gated_deflation,3,1,26.812287028188745,2,2,0
hetero_different-chapter_00006_1221-3570-8463,s3,gated_deflation,3,2,nan,2,2,0
hetero_different-chapter_00006_1221-3570-8463,s3,gated_deflation,3,3,-6.041067818672375,2,2,0
hetero_different-chapter_00006_1221-3570-8463,s1,coarse_to_fine,3,1,inf,,,2
hetero_different-chapter_00006_1221-3570-8463,s1,coarse_to_fine,3,2,0.14675469610993117,,,2
hetero_different-chapter_00006_1221-3570-8463,s1,coarse_to_fine,3,3,-0.12596289764146062,,,2
hetero_different-chapter_00006_1221-3570-8463,s2,coarse_to_fine,3,1,62.53312126260912,,,2
hetero_different-chapter_00006_1221-3570-8463,s2,coarse_to_fine,3,2,14.605022897016624,,,2
hetero_different-chapter_00006_1221-3570-8463,s2,coarse_to_fine,3,3,8.431001402789859,,,2
hetero_different-chapter_00006_1221-3570-8463,s3,coarse_to_fine,3,1,42.2224635706723,,,2
hetero_different-chapter_00006_1221-3570-8463,s3,coarse_to_fine,3,2,nan,,,2
hetero_different-chapter_00006_1221-3570-8463,s3,coarse_to_fine,3,3,-6.62409945982507,,,2
hetero_different-chapter_00007_1221-6829-2830,s1,no_recursion,3,1,inf,,,0
hetero_different-chapter_00007_1221-6829-2830,s1,no_recursion,3,2,1.5237613394156593,,,0
hetero_different-chapter_00007_1221-6829-2830,s1,no_recursion,3,3,-0.7618143262994571,,,0
hetero_different-chapter_00007_1221-6829-2830,s2,no_recursion,3,1,67.50836343671185,,,0
hetero_different-chapter_00007_1221-6829-2830,s2,no_recursion,3,2,-4.420661290033362,,,0
hetero_different-chapter_00007_1221-6829-2830,s2,no_recursion,3,3,-9.992980825409184,,,0
hetero_different-chapter_00007_1221-6829-2830,s3,no_recursion,3,1,35.978823480132135,,,0
hetero_different-chapter_00007_1221-6829-2830,s3,no_recursion,3,2,nan,,,0
hetero_different-chapter_00007_1221-6829-2830,s3,no_recursion,3,3,5.830692088393839,,,0
hetero_different-chapter_00007_1221-6829-2830,s1,ungated_deflation,3,1,inf,0,0,0
hetero_different-chapter_00007_1221-6829-2830,s1,ungated_deflation,3,2,1.5237613394156593,0,0,0
hetero_different-chapter_00007_1221-6829-2830,s1,ungated_deflation,3,3,-0.7618143262994571,0,0,0
hetero_different-chapter_00007_1221-6829-2830,s2,ungated_deflation,3,1,57.43993687709,1,1,0
hetero_different-chapter_00007_1221-6829-2830,s2,ungated_deflation,3,2,-12.01161890704513,1,1,0
hetero_different-chapter_00007_1221-6829-2830,s2,ungated_deflation,3,3,-1.9306381549685567,1,1,0
hetero_different-chapter_00007_1221-6829-2830,s3,ungated_deflation,3,1,28.05777999476379,2,2,0
hetero_different-chapter_00007_1221-6829-2830,s3,ungated_deflation,3,2,nan,2,2,0
hetero_different-chapter_00007_1221-6829-2830,s3,ungated_deflation,3,3,-15.398497468808937,2,2,0
hetero_different-chapter_00007_1221-6829-2830,s1,gated_deflation,3,1,inf,0,0,0
hetero_different-chapter_00007_1221-6829-2830,s1,gated_deflation,3,2,1.5237613394156593,0,0,0
hetero_different-chapter_00007_1221-6829-2830,s1,gated_deflation,3,3,-0.7618143262994571,0,0,0
hetero_different-chapter_00007_1221-6829-2830,s2,gated_deflation,3,1,57.43993687709,1,1,0
hetero_different-chapter_00007_1221-6829-2830,s2,gated_deflation,3,2,-12.01161890704513,1,1,0
hetero_different-chapter_00007_1221-6829-2830,s2,gated_deflation,3,3,-1.9306381549685567,1,1,0
hetero_different-chapter_00007_1221-6829-2830,s3,gated_deflation,3,1,28.05777999476379,2,2,0
hetero_different-chapter_00007_1221-6829-2830,s3,gated_deflation,3,2,nan,2,2,0
hetero_different-chapter_00007_1221-6829-2830,s3,gated_deflation,3,3,-15.398497468808937,2,2,0
hetero_different-chapter_00007_1221-6829-2830,s1,coarse_to_fine,3,1,inf,,,2
hetero_different-chapter_00007_1221-6829-2830,s1,coarse_to_fine,3,2,1.5237613394156593,,,2
hetero_different-chapter_00007_1221-6829-2830,s1,coarse_to_fine,3,3,-0.7618143262994571,,,2
hetero_different-chapter_00007_1221-6829-2830,s2,coarse_to_fine,3,1,67.50836343671185,,,2
hetero_different-chapter_00007_1221-6829-2830,s2,coarse_to_fine,3,2,-4.420661290033362,,,2
hetero_different-chapter_00007_1221-6829-2830,s2,coarse_to_fine,3,3,-9.992980825409184,,,2
hetero_different-chapter_00007_1221-6829-2830,s3,coarse_to_fine,3,1,37.074825970623976,,,2
hetero_different-chapter_00007_1221-6829-2830,s3,coarse_to_fine,3,2,nan,,,2
hetero_different-chapter_00007_1221-6829-2830,s3,coarse_to_fine,3,3,5.354288836665145,,,2
hetero_different-chapter_00008_908-5683-8555,s1,no_recursion,3,1,47.10042686068431,,,0
hetero_different-chapter_00008_908-5683-8555,s1,no_recursion,3,2,10.857947242902764,,,0
hetero_different-chapter_00008_908-5683-8555,s1,no_recursion,3,3,3.2449910021430135,,,0
hetero_different-chapter_00008_908-5683-8555,s2,no_recursion,3,1,inf,,,0
hetero_different-chapter_00008_908-5683-8555,s2,no_recursion,3,2,8.162183663563749,,,0
hetero_different-chapter_00008_908-5683-8555,s2,no_recursion,3,3,-3.327565207620111,,,0
hetero_different-chapter_00008_908-5683-8555,s3,no_recursion,3,1,47.94212766424409,,,0
hetero_different-chapter_00008_908-5683-8555,s3,no_recursion,3,2,nan,,,0
hetero_different-chapter_00008_908-5683-8555,s3,no_recursion,3,3,2.315647554107345,,,0
hetero_different-chapter_00008_908-5683-8555,s1,ungated_deflation,3,1,46.73908011796008,2,2,0
hetero_different-chapter_00008_908-5683-8555,s1,ungated_deflation,3,2,0.41654431547448667,2,2,0
hetero_different-chapter_00008_908-5683-8555,s1,ungated_deflation,3,3,-6.107318728300058,2,2,0
hetero_different-chapter_00008_908-5683-8555,s2,ungated_deflation,3,1,inf,0,0,0
hetero_different-chapter_00008_908-5683-8555,s2,ungated_deflation,3,2,8.162183663563749,0,0,0
hetero_different-chapter_00008_908-5683-8555,s2,ungated_deflation,3,3,-3.327565207620111,0,0,0
hetero_different-chapter_00008_908-5683-8555,s3,ungated_deflation,3,1,30.845438025918753,1,1,0
hetero_different-chapter_00008_908-5683-8555,s3,ungated_deflation,3,2,nan,1,1,0
hetero_different-chapter_00008_908-5683-8555,s3,ungated_deflation,3,3,1.4314135446602152,1,1,0
hetero_different-chapter_00008_908-5683-8555,s1,gated_deflation,3,1,46.73908011796008,2,2,0
hetero_different-chapter_00008_908-5683-8555,s1,gated_deflation,3,2,0.41654431547448667,2,2,0
hetero_different-chapter_00008_908-5683-8555,s1,gated_deflation,3,3,-6.107318728300058,2,2,0
hetero_different-chapter_00008_908-5683-8555,s2,gated_deflation,3,1,inf,0,0,0
hetero_different-chapter_00008_908-5683-8555,s2,gated_deflation,3,2,8.162183663563749,0,0,0
hetero_different-chapter_00008_908-5683-8555,s2,gated_deflation,3,3,-3.327565207620111,0,0,0
hetero_different-chapter_00008_908-5683-8555,s3,gated_deflation,3,1,30.845438025918753,1,1,0
hetero_different-chapter_00008_908-5683-8555,s3,gated_deflation,3,2,nan,1,1,0
hetero_different-chapter_00008_908-5683-8555,s3,gated_deflation,3,3,1.4314135446602152,1,1,0
hetero_different-chapter_00008_908-5683-8555,s1,coarse_to_fine,3,1,46.271955032000925,,,2
hetero_different-chapter_00008_908-5683-8555,s1,coarse_to_fine,3,2,9.152917448845402,,,2
hetero_different-chapter_00008_908-5683-8555,s1,coarse_to_fine,3,3,5.825181604027864,,,2
hetero_different-chapter_00008_908-5683-8555,s2,coarse_to_fine,3,1,inf,,,2
hetero_different-chapter_00008_908-5683-8555,s2,coarse_to_fine,3,2,2.624903300857795,,,2
hetero_different-chapter_00008_908-5683-8555,s2,coarse_to_fine,3,3,-26.63315316989788,,,2
hetero_different-chapter_00008_908-5683-8555,s3,coarse_to_fine,3,1,47.94212766424409,,,2
hetero_different-chapter_00008_908-5683-8555,s3,coarse_to_fine,3,2,nan,,,2
hetero_different-chapter_00008_908-5683-8555,s3,coarse_to_fine,3,3,2.315647554107345,,,2
hetero_different-chapter_00009_7127-4446-8463,s1,no_recursion,3,1,inf,,,0
hetero_different-chapter_00009_7127-4446-8463,s1,no_recursion,3,2,nan,,,0
hetero_different-chapter_00009_7127-4446-8463,s1,no_recursion,3,3,-0.5839949098514876,,,0
hetero_different-chapter_00009_7127-4446-8463,s2,no_recursion,3,1,inf,,,0
hetero_different-chapter_00009_7127-4446-8463,s2,no_recursion,3,2,-21.67175710123761,,,0
hetero_different-chapter_00009_7127-4446-8463,s2,no_recursion,3,3,-15.29226865065258,,,0
hetero_different-chapter_00009_7127-4446-8463,s3,no_recursion,3,1,42.34919598099261,,,0
hetero_different-chapter_00009_7127-4446-8463,s3,no_recursion,3,2,24.144310446727076,,,0
hetero_different-chapter_00009_7127-4446-8463,s3,no_recursion,3,3,-2.582511235823215,,,0
hetero_different-chapter_00009_7127-4446-8463,s1,ungated_deflation,3,1,inf,0,0,0
hetero_different-chapter_00009_7127-4446-8463,s1,ungated_deflation,3,2,nan,0,0,0
hetero_different-chapter_00009_7127-4446-8463,s1,ungated_deflation,3,3,-0.5839949098514876,0,0,0
hetero_different-chapter_00009_7127-4446-8463,s2,ungated_deflation,3,1,inf,1,1,0
hetero_different-chapter_00009_7127-4446-8463,s2,ungated_deflation,3,2,-28.580252022249304,1,1,0
hetero_different-chapter_00009_7127-4446-8463,s2,ungated_deflation,3,3,-16.873880764294867,1,1,0
hetero_different-chapter_00009_7127-4446-8463,s3,ungated_deflation,3,1,28.147550361976702,2,2,0
hetero_different-chapter_00009_7127-4446-8463,s3,ungated_deflation,3,2,4.803476615433902,2,2,0
hetero_different-chapter_00009_7127-4446-8463,s3,ungated_deflation,3,3,-7.872508374784402,2,2,0
hetero_different-chapter_00009_7127-4446-8463,s1,gated_deflation,3,1,inf,0,0,0
hetero_different-chapter_00009_7127-4446-8463,s1,gated_deflation,3,2,nan,0,0,0
hetero_different-chapter_00009_7127-4446-8463,s1,gated_deflation,3,3,-0.5839949098514876,0,0,0
hetero_different-chapter_00009_7127-4446-8463,s2,gated_deflation,3,1,inf,1,1,0
hetero_different-chapter_00009_7127-4446-8463,s2,gated_deflation,3,2,-28.580252022249304,1,1,0
hetero_different-chapter_00009_7127-4446-8463,s2,gated_deflation,3,3,-16.873880764294867,1,1,0
hetero_different-chapter_00009_7127-4446-8463,s3,gated_deflation,3,1,28.147550361976702,2,2,0
hetero_different-chapter_00009_7127-4446-8463,s3,gated_deflation,3,2,4.803476615433902,2,2,0
hetero_different-chapter_00009_7127-4446-8463,s3,gated_deflation,3,3,-7.872508374784402,2,2,0
hetero_different-chapter_00009_7127-4446-8463,s1,coarse_to_fine,3,1,inf,,,2
hetero_different-chapter_00009_7127-4446-8463,s1,coarse_to_fine,3,2,nan,,,2
hetero_different-chapter_00009_7127-4446-8463,s1,coarse_to_fine,3,3,-0.5839949098514876,,,2
hetero_different-chapter_00009_7127-4446-8463,s2,coarse_to_fine,3,1,inf,,,2
hetero_different-chapter_00009_7127-4446-8463,s2,coarse_to_fine,3,2,-21.67175710123761,,,2
hetero_different-chapter_00009_7127-4446-8463,s2,coarse_to_fine,3,3,-15.29226865065258,,,2
hetero_different-chapter_00009_7127-4446-8463,s3,coarse_to_fine,3,1,42.17338780803884,,,2
hetero_different-chapter_00009_7127-4446-8463,s3,coarse_to_fine,3,2,22.567500061006044,,,2
hetero_different-chapter_00009_7127-4446-8463,s3,coarse_to_fine,3,3,-4.337105100517162,,,2
hetero_different-chapter_00010_4992-2961-2830,s1,no_recursion,3,1,72.19434095480851,,,0
hetero_different-chapter_00010_4992-2961-2830,s1,no_recursion,3,2,9.88201713954815,,,0
hetero_different-chapter_00010_4992-2961-2830,s1,no_recursion,3,3,-1.2245048308689297,,,0
hetero_different-chapter_00010_4992-2961-2830,s2,no_recursion,3,1,inf,,,0
hetero_different-chapter_00010_4992-2961-2830,s2,no_recursion,3,2,11.885459988887806,,,0
hetero_different-chapter_00010_4992-2961-2830,s2,no_recursion,3,3,-0.1731617343355231,,,0
hetero_different-chapter_00010_4992-2961-2830,s3,no_recursion,3,1,43.306937060212874,,,0
hetero_different-chapter_00010_4992-2961-2830,s3,no_recursion,3,2,nan,,,0
hetero_different-chapter_00010_4992-2961-2830,s3,no_recursion,3,3,2.799297138363431,,,0
hetero_different-chapter_00010_4992-2961-2830,s1,ungated_deflation,3,1,72.19434095480851,0,0,0
hetero_different-chapter_00010_4992-2961-2830,s1,ungated_deflation,3,2,9.88201713954815,0,0,0
hetero_different-chapter_00010_4992-2961-2830,s1,ungated_deflation,3,3,-1.2245048308689297,0,0,0
hetero_different-chapter_00010_4992-2961-2830,s2,ungated_deflation,3,1,inf,1,1,0
hetero_different-chapter_00010_4992-2961-2830,s2,ungated_deflation,3,2,8.117474782494545,1,1,0
hetero_different-chapter_00010_4992-2961-2830,s2,ungated_deflation,3,3,-1.823222835151013,1,1,0
hetero_different-chapter_00010_4992-2961-2830,s3,ungated_deflation,3,1,39.91942960845621,2,2,0
hetero_different-chapter_00010_4992-2961-2830,s3,ungated_deflation,3,2,nan,2,2,0
hetero_different-chapter_00010_4992-2961-2830,s3,ungated_deflation,3,3,-2.30347489874931,2,2,0
hetero_different-chapter_00010_4992-2961-2830,s1,gated_deflation,3,1,72.19434095480851,0,0,0
hetero_different-chapter_00010_4992-2961-2830,s1,gated_deflation,3,2,9.88201713954815,0,0,0
hetero_different-chapter_00010_4992-2961-2830,s1,gated_deflation,3,3,-1.2245048308689297,0,0,0
hetero_different-chapter_00010_4992-2961-2830,s2,gated_deflation,3,1,inf,1,1,0
hetero_different-chapter_00010_4992-2961-2830,s2,gated_deflation,3,2,8.117474782494545,1,1,0
hetero_different-chapter_00010_4992-2961-2830,s2,gated_deflation,3,3,-1.823222835151013,1,1,0
hetero_different-chapter_00010_4992-2961-2830,s3,gated_deflation,3,1,39.91942960845621,2,2,0
hetero_different-chapter_00010_4992-2961-2830,s3,gated_deflation,3,2,nan,2,2,0
hetero_different-chapter_00010_4992-2961-2830,s3,gated_deflation,3,3,-2.30347489874931,2,2,0
hetero_different-chapter_00010_4992-2961-2830,s1,coarse_to_fine,3,1,70.61650532095861,,,2
hetero_different-chapter_00010_4992-2961-2830,s1,coarse_to_fine,3,2,9.590934392226092,,,2
hetero_different-chapter_00010_4992-2961-2830,s1,coarse_to_fine,3,3,-5.747563110401792,,,2
hetero_different-chapter_00010_4992-2961-2830,s2,coarse_to_fine,3,1,inf,,,2
hetero_different-chapter_00010_4992-2961-2830,s2,coarse_to_fine,3,2,10.121843206437347,,,2
hetero_different-chapter_00010_4992-2961-2830,s2,coarse_to_fine,3,3,-1.2235082758445435,,,2
hetero_different-chapter_00010_4992-2961-2830,s3,coarse_to_fine,3,1,40.432791895069144,,,2
hetero_different-chapter_00010_4992-2961-2830,s3,coarse_to_fine,3,2,nan,,,2
hetero_different-chapter_00010_4992-2961-2830,s3,coarse_to_fine,3,3,9.13580308487492,,,2
hetero_different-chapter_00011_1284-4992-8555,s1,no_recursion,3,1,inf,,,0
hetero_different-chapter_00011_1284-4992-8555,s1,no_recursion,3,2,nan,,,0
hetero_different-chapter_00011_1284-4992-8555,s1,no_recursion,3,3,1.8455005953210057,,,0
hetero_different-chapter_00011_1284-4992-8555,s2,no_recursion,3,1,77.69449296938971,,,0
hetero_different-chapter_00011_1284-4992-8555,s2,no_recursion,3,2,-7.07980881439631,,,0
hetero_different-chapter_00011_1284-4992-8555,s2,no_recursion,3,3,-12.049631869192812,,,0
hetero_different-chapter_00011_1284-4992-8555,s3,no_recursion,3,1,51.69421091874029,,,0
hetero_different-chapter_00011_1284-4992-8555,s3,no_recursion,3,2,-6.644336780712777,,,0
hetero_different-chapter_00011_1284-4992-8555,s3,no_recursion,3,3,-9.76385644729473,,,0
hetero_different-chapter_00011_1284-4992-8555,s1,ungated_deflation,3,1,inf,0,0,0
hetero_different-chapter_00011_1284-4992-8555,s1,ungated_deflation,3,2,nan,0,0,0
hetero_different-chapter_00011_1284-4992-8555,s1,ungated_deflation,3,3,1.8455005953210057,0,0,0
hetero_different-chapter_00011_1284-4992-8555,s2,ungated_deflation,3,1,78.22294369926841,1,1,0
hetero_different-chapter_00011_1284-4992-8555,s2,ungated_deflation,3,2,-4.144186937620937,1,1,0
hetero_different-chapter_00011_1284-4992-8555,s2,ungated_deflation,3,3,-15.366118008761745,1,1,0
hetero_different-chapter_00011_1284-4992-8555,s3,ungated_deflation,3,1,33.00713443262793,2,2,0
hetero_different-chapter_00011_1284-4992-8555,s3,ungated_deflation,3,2,-7.983685326791404,2,2,0
hetero_different-chapter_00011_1284-4992-8555,s3,ungated_deflation,3,3,-9.339087398127301,2,2,0
hetero_different-chapter_00011_1284-4992-8555,s1,gated_deflation,3,1,inf,0,0,0
hetero_different-chapter_00011_1284-4992-8555,s1,gated_deflation,3,2,nan,0,0,0
hetero_different-chapter_00011_1284-4992-8555,s1,gated_deflation,3,3,1.8455005953210057,0,0,0
hetero_different-chapter_00011_1284-4992-8555,s2,gated_deflation,3,1,78.22294369926841,1,1,0
hetero_different-chapter_00011_1284-4992-8555,s2,gated_deflation,3,2,-4.144186937620937,1,1,0
hetero_different-chapter_00011_1284-4992-8555,s2,gated_deflation,3,3,-15.366118008761745,1,1,0
hetero_different-chapter_00011_1284-4992-8555,s3,gated_deflation,3,1,33.00713443262793,2,2,0
hetero_different-chapter_00011_1284-4992-8555,s3,gated_deflation,3,2,-7.983685326791404,2,2,0
hetero_different-chapter_00011_1284-4992-8555,s3,gated_deflation,3,3,-9.339087398127301,2,2,0
hetero_different-chapter_00011_1284-4992-8555,s1,coarse_to_fine,3,1,inf,,,2
hetero_different-chapter_00011_1284-4992-8555,s1,coarse_to_fine,3,2,nan,,,2
hetero_different-chapter_00011_1284-4992-8555,s1,coarse_to_fine,3,3,1.8455005953210057,,,2
hetero_different-chapter_00011_1284-4992-8555,s2,coarse_to_fine,3,1,77.69449296938971,,,2
hetero_different-chapter_00011_1284-4992-8555,s2,coarse_to_fine,3,2,-7.07980881439631,,,2
hetero_different-chapter_00011_1284-4992-8555,s2,coarse_to_fine,3,3,-12.049631869192812,,,2
hetero_different-chapter_00011_1284-4992-8555,s3,coarse_to_fine,3,1,51.69421091874029,,,2
hetero_different-chapter_00011_1284-4992-8555,s3,coarse_to_fine,3,2,-6.644336780712777,,,2
hetero_different-chapter_00011_1284-4992-8555,s3,coarse_to_fine,3,3,-9.76385644729473,,,2
hetero_different-chapter_00012_5142-2961-3570,s1,no_recursion,3,1,inf,,,0
hetero_different-chapter_00012_5142-2961-3570,s1,no_recursion,3,2,nan,,,0
hetero_different-chapter_00012_5142-2961-3570,s1,no_recursion,3,3,2.2680054868854143,,,0
hetero_different-chapter_00012_5142-2961-3570,s2,no_recursion,3,1,inf,,,0
hetero_different-chapter_00012_5142-2961-3570,s2,no_recursion,3,2,5.007690391172171,,,0
hetero_different-chapter_00012_5142-2961-3570,s2,no_recursion,3,3,0.5819872020735283,,,0
hetero_different-chapter_00012_5142-2961-3570,s3,no_recursion,3,1,55.728296446214486,,,0
hetero_different-chapter_00012_5142-2961-3570,s3,no_recursion,3,2,13.7789952810885,,,0
hetero_different-chapter_00012_5142-2961-3570,s3,no_recursion,3,3,11.217072448425222,,,0
hetero_different-chapter_00012_5142-2961-3570,s1,ungated_deflation,3,1,inf,0,0,0
hetero_different-chapter_00012_5142-2961-3570,s1,ungated_deflation,3,2,nan,0,0,0
hetero_different-chapter_00012_5142-2961-3570,s1,ungated_deflation,3,3,2.2680054868854143,0,0,0
hetero_different-chapter_00012_5142-2961-3570,s2,ungated_deflation,3,1,inf,1,1,0
hetero_different-chapter_00012_5142-2961-3570,s2,ungated_deflation,3,2,1.562031693121554,1,1,0
hetero_different-chapter_00012_5142-2961-3570,s2,ungated_deflation,3,3,-9.93278474545445,1,1,0
hetero_different-chapter_00012_5142-2961-3570,s3,ungated_deflation,3,1,22.3794871958078,2,2,0
hetero_different-chapter_00012_5142-2961-3570,s3,ungated_deflation,3,2,1.313280365376249,2,2,0
hetero_different-chapter_00012_5142-2961-3570,s3,ungated_deflation,3,3,-5.981084918722051,2,2,0
hetero_different-chapter_00012_5142-2961-3570,s1,gated_deflation,3,1,inf,0,0,0
hetero_different-chapter_00012_5142-2961-3570,s1,gated_deflation,3,2,nan,0,0,0
hetero_different-chapter_00012_5142-2961-3570,s1,gated_deflation,3,3,2.2680054868854143,0,0,0
hetero_different-chapter_00012_5142-2961-3570,s2,gated_deflation,3,1,inf,1,1,0
hetero_different-chapter_00012_5142-2961-3570,s2,gated_deflation,3,2,1.562031693121554,1,1,0
hetero_different-chapter_00012_5142-2961-3570,s2,gated_deflation,3,3,-9.93278474545445,1,1,0
hetero_different-chapter_00012_5142-2961-3570,s3,gated_deflation,3,1,22.3794871958078,2,2,0
hetero_different-chapter_00012_5142-2961-3570,s3,gated_deflation,3,2,1.313280365376249,2,2,0
hetero_different-chapter_00012_5142-2961-3570,s3,gated_deflation,3,3,-5.981084918722051,2,2,0
hetero_different-chapter_00012_5142-2961-3570,s1,coarse_to_fine,3,1,inf,,,2
hetero_different-chapter_00012_5142-2961-3570,s1,coarse_to_fine,3,2,nan,,,2
hetero_different-chapter_00012_5142-2961-3570,s1,coarse_to_fine,3,3,2.250580748800163,,,2
hetero_different-chapter_00012_5142-2961-3570,s2,coarse_to_fine,3,1,inf,,,2
hetero_different-chapter_00012_5142-2961-3570,s2,coarse_to_fine,3,2,5.007690391172171,,,2
hetero_different-chapter_00012_5142-2961-3570,s2,coarse_to_fine,3,3,0.5819872020735283,,,2
hetero_different-chapter_00012_5142-2961-3570,s3,coarse_to_fine,3,1,52.28167616844809,,,2
hetero_different-chapter_00012_5142-2961-3570,s3,coarse_to_fine,3,2,13.05646170737729,,,2
hetero_different-chapter_00012_5142-2961-3570,s3,coarse_to_fine,3,3,11.34241129763587,,,2
hetero_different-chapter_00013_260-1580-1320,s1,no_recursion,3,1,inf,,,0
hetero_different-chapter_00013_260-1580-1320,s1,no_recursion,3,2,8.563131841518182,,,0
hetero_different-chapter_00013_260-1580-1320,s1,no_recursion,3,3,-10.54526077726331,,,0
hetero_different-chapter_00013_260-1580-1320,s2,no_recursion,3,1,74.21849673789936,,,0
hetero_different-chapter_00013_260-1580-1320,s2,no_recursion,3,2,6.3561503118248295,,,0
hetero_different-chapter_00013_260-1580-1320,s2,no_recursion,3,3,-1.5446744690924883,,,0
hetero_different-chapter_00013_260-1580-1320,s3,no_recursion,3,1,56.818446848128985,,,0
hetero_different-chapter_00013_260-1580-1320,s3,no_recursion,3,2,nan,,,0
hetero_different-chapter_00013_260-1580-1320,s3,no_recursion,3,3,7.976887187861972,,,0
hetero_different-chapter_00013_260-1580-1320,s1,ungated_deflation,3,1,inf,0,0,0
hetero_different-chapter_00013_260-1580-1320,s1,ungated_deflation,3,2,8.563131841518182,0,0,0
hetero_different-chapter_00013_260-1580-1320,s1,ungated_deflation,3,3,-10.54526077726331,0,0,0
hetero_different-chapter_00013_260-1580-1320,s2,ungated_deflation,3,1,64.98203419430826,1,1,0
hetero_different-chapter_00013_260-1580-1320,s2,ungated_deflation,3,2,3.2151677040906663,1,1,0
hetero_different-chapter_00013_260-1580-1320,s2,ungated_deflation,3,3,-3.429399043520279,1,1,0
hetero_different-chapter_00013_260-1580-1320,s3,ungated_deflation,3,1,47.4554940312067,2,2,0
hetero_different-chapter_00013_260-1580-1320,s3,ungated_deflation,3,2,nan,2,2,0
hetero_different-chapter_00013_260-1580-1320,s3,ungated_deflation,3,3,3.4624647251845135,2,2,0
hetero_different-chapter_00013_260-1580-1320,s1,gated_deflation,3,1,inf,0,0,0
hetero_different-chapter_00013_260-1580-1320,s1,gated_deflation,3,2,8.563131841518182,0,0,0
hetero_different-chapter_00013_260-1580-1320,s1,gated_deflation,3,3,-10.54526077726331,0,0,0
hetero_different-chapter_00013_260-1580-1320,s2,gated_deflation,3,1,64.98203419430826,1,1,0
hetero_different-chapter_00013_260-1580-1320,s2,gated_deflation,3,2,3.2151677040906663,1,1,0
hetero_different-chapter_00013_260-1580-1320,s2,gated_deflation,3,3,-3.429399043520279,1,1,0
hetero_different-chapter_00013_260-1580-1320,s3,gated_deflation,3,1,47.4554940312067,2,2,0
hetero_different-chapter_00013_260-1580-1320,s3,gated_deflation,3,2,nan,2,2,0
hetero_different-chapter_00013_260-1580-1320,s3,gated_deflation,3,3,3.4624647251845135,2,2,0
hetero_different-chapter_00013_260-1580-1320,s1,coarse_to_fine,3,1,inf,,,2
hetero_different-chapter_00013_260-1580-1320,s1,coarse_to_fine,3,2,8.563131841518182,,,2
hetero_different-chapter_00013_260-1580-1320,s1,coarse_to_fine,3,3,-10.54526077726331,,,2
hetero_different-chapter_00013_260-1580-1320,s2,coarse_to_fine,3,1,72.92477595569241,,,2
hetero_different-chapter_00013_260-1580-1320,s2,coarse_to_fine,3,2,4.267062745710587,,,2
hetero_different-chapter_00013_260-1580-1320,s2,coarse_to_fine,3,3,-3.9969552246272455,,,2
hetero_different-chapter_00013_260-1580-1320,s3,coarse_to_fine,3,1,56.941314305994844,,,2
hetero_different-chapter_00013_260-1580-1320,s3,coarse_to_fine,3,2,nan,,,2
hetero_different-chapter_00013_260-1580-1320,s3,coarse_to_fine,3,3,7.53893398968919,,,2
hetero_different-chapter_00014_1580-6829-5683,s1,no_recursion,3,1,30.391183331408612,,,0
hetero_different-chapter_00014_1580-6829-5683,s1,no_recursion,3,2,13.993271143681465,,,0
hetero_different-chapter_00014_1580-6829-5683,s1,no_recursion,3,3,-0.17784961720591846,,,0
hetero_different-chapter_00014_1580-6829-5683,s2,no_recursion,3,1,inf,,,0
hetero_different-chapter_00014_1580-6829-5683,s2,no_recursion,3,2,7.62659787341417,,,0
hetero_different-chapter_00014_1580-6829-5683,s2,no_recursion,3,3,1.0523088683344652,,,0
hetero_different-chapter_00014_1580-6829-5683,s3,no_recursion,3,1,37.027545543341574,,,0
hetero_different-chapter_00014_1580-6829-5683,s3,no_recursion,3,2,nan,,,0
hetero_different-chapter_00014_1580-6829-5683,s3,no_recursion,3,3,-2.9687534720462767,,,0
hetero_different-chapter_00014_1580-6829-5683,s1,ungated_deflation,3,1,30.391183331408612,0,0,0
hetero_different-chapter_00014_1580-6829-5683,s1,ungated_deflation,3,2,13.993271143681465,0,0,0
hetero_different-chapter_00014_1580-6829-5683,s1,ungated_deflation,3,3,-0.17784961720591846,0,0,0
hetero_different-chapter_00014_1580-6829-5683,s2,ungated_deflation,3,1,inf,1,1,0
hetero_different-chapter_00014_1580-6829-5683,s2,ungated_deflation,3,2,-13.06048452810937,1,1,0
hetero_different-chapter_00014_1580-6829-5683,s2,ungated_deflation,3,3,-12.52694824014686,1,1,0
hetero_different-chapter_00014_1580-6829-5683,s3,ungated_deflation,3,1,26.778177348163354,2,2,0
hetero_different-chapter_00014_1580-6829-5683,s3,ungated_deflation,3,2,nan,2,2,0
hetero_different-chapter_00014_1580-6829-5683,s3,ungated_deflation,3,3,-12.754420073243617,2,2,0
hetero_different-chapter_00014_1580-6829-5683,s1,gated_deflation,3,1,30.391183331408612,0,0,0
hetero_different-chapter_00014_1580-6829-5683,s1,gated_deflation,3,2,13.993271143681465,0,0,0
hetero_different-chapter_00014_1580-6829-5683,s1,gated_deflation,3,3,-0.17784961720591846,0,0,0
hetero_different-chapter_00014_1580-6829-5683,s2,gated_deflation,3,1,inf,1,1,0
hetero_different-chapter_00014_1580-6829-5683,s2,gated_deflation,3,2,-13.06048452810937,1,1,0
hetero_different-chapter_00014_1580-6829-5683,s2,gated_deflation,3,3,-12.52694824014686,1,1,0
hetero_different-chapter_00014_1580-6829-5683,s3,gated_deflation,3,1,26.778177348163354,2,2,0
hetero_different-chapter_00014_1580-6829-5683,s3,gated_deflation,3,2,nan,2,2,0
hetero_different-chapter_00014_1580-6829-5683,s3,gated_deflation,3,3,-12.754420073243617,2,2,0
hetero_different-chapter_00014_1580-6829-5683,s1,coarse_to_fine,3,1,30.391183331408612,,,2
hetero_different-chapter_00014_1580-6829-5683,s1,coarse_to_fine,3,2,13.993271143681465,,,2
hetero_different-chapter_00014_1580-6829-5683,s1,coarse_to_fine,3,3,-0.17784961720591846,,,2
hetero_different-chapter_00014_1580-6829-5683,s2,coarse_to_fine,3,1,inf,,,2
hetero_different-chapter_00014_1580-6829-5683,s2,coarse_to_fine,3,2,7.631579264389263,,,2
hetero_different-chapter_00014_1580-6829-5683,s2,coarse_to_fine,3,3,0.7160867445716659,,,2
hetero_different-chapter_00014_1580-6829-5683,s3,coarse_to_fine,3,1,37.027545543341574,,,2
hetero_different-chapter_00014_1580-6829-5683,s3,coarse_to_fine,3,2,nan,,,2
hetero_different-chapter_00014_1580-6829-5683,s3,coarse_to_fine,3,3,-2.9687534720462767,,,2
hetero_different-chapter_00015_5683-4077-6829,s1,no_recursion,3,1,78.85388913008367,,,0
hetero_different-chapter_00015_5683-4077-6829,s1,no_recursion,3,2,6.852399090173762,,,0
hetero_different-chapter_00015_5683-4077-6829,s1,no_recursion,3,3,-6.171653200096455,,,0
hetero_different-chapter_00015_5683-4077-6829,s2,no_recursion,3,1,inf,,,0
hetero_different-chapter_00015_5683-4077-6829,s2,no_recursion,3,2,5.145693131645842,,,0
hetero_different-chapter_00015_5683-4077-6829,s2,no_recursion,3,3,2.8323596816071777,,,0
hetero_different-chapter_00015_5683-4077-6829,s3,no_recursion,3,1,43.95841171163564,,,0
hetero_different-chapter_00015_5683-4077-6829,s3,no_recursion,3,2,nan,,,0
hetero_different-chapter_00015_5683-4077-6829,s3,no_recursion,3,3,4.640837016897752,,,0
hetero_different-chapter_00015_5683-4077-6829,s1,ungated_deflation,3,1,78.85388913008367,0,0,0
hetero_different-chapter_00015_5683-4077-6829,s1,ungated_deflation,3,2,6.852399090173762,0,0,0
hetero_different-chapter_00015_5683-4077-6829,s1,ungated_deflation,3,3,-6.171653200096455,0,0,0
hetero_different-chapter_00015_5683-4077-6829,s2,ungated_deflation,3,1,inf,1,1,0
hetero_different-chapter_00015_5683-4077-6829,s2,ungated_deflation,3,2,-0.18283910831692898,1,1,0
hetero_different-chapter_00015_5683-4077-6829,s2,ungated_deflation,3,3,-3.339528635942441,1,1,0
hetero_different-chapter_00015_5683-4077-6829,s3,ungated_deflation,3,1,21.78435330765827,2,2,0
hetero_different-chapter_00015_5683-4077-6829,s3,ungated_deflation,3,2,nan,2,2,0
hetero_different-chapter_00015_5683-4077-6829,s3,ungated_deflation,3,3,1.5669800447513107,2,2,0
hetero_different-chapter_00015_5683-4077-6829,s1,gated_deflation,3,1,78.85388913008367,0,0,0
hetero_different-chapter_00015_5683-4077-6829,s1,gated_deflation,3,2,6.852399090173762,0,0,0
hetero_different-chapter_00015_5683-4077-6829,s1,gated_deflation,3,3,-6.171653200096455,0,0,0
hetero_different-chapter_00015_5683-4077-6829,s2,gated_deflation,3,1,inf,1,1,0
hetero_different-chapter_00015_5683-4077-6829,s2,gated_deflation,3,2,-0.18283910831692898,1,1,0
hetero_different-chapter_00015_5683-4077-6829,s2,gated_deflation,3,3,-3.339528635942441,1,1,0
hetero_different-chapter_00015_5683-4077-6829,s3,gated_deflation,3,1,21.78435330765827,2,2,0
hetero_different-chapter_00015_5683-4077-6829,s3,gated_deflation,3,2,nan,2,2,0
hetero_different-chapter_00015_5683-4077-6829,s3,gated_deflation,3,3,1.5669800447513107,2,2,0
hetero_different-chapter_00015_5683-4077-6829,s1,coarse_to_fine,3,1,78.85388913008367,,,2
hetero_different-chapter_00015_5683-4077-6829,s1,coarse_to_fine,3,2,6.852399090173762,,,2
hetero_different-chapter_00015_5683-4077-6829,s1,coarse_to_fine,3,3,-6.171653200096455,,,2
hetero_different-chapter_00015_5683-4077-6829,s2,coarse_to_fine,3,1,inf,,,2
hetero_different-chapter_00015_5683-4077-6829,s2,coarse_to_fine,3,2,0.06134075324649624,,,2
hetero_different-chapter_00015_5683-4077-6829,s2,coarse_to_fine,3,3,0.8036990046752859,,,2
hetero_different-chapter_00015_5683-4077-6829,s3,coarse_to_fine,3,1,41.787580992228904,,,2
hetero_different-chapter_00015_5683-4077-6829,s3,coarse_to_fine,3,2,nan,,,2
hetero_different-chapter_00015_5683-4077-6829,s3,coarse_to_fine,3,3,4.758751873274434,,,2
hetero_different-chapter_00016_2961-8555-1580,s1,no_recursion,3,1,55.57747027756154,,,0
hetero_different-chapter_00016_2961-8555-1580,s1,no_recursion,3,2,13.396766880404316,,,0
hetero_different-chapter_00016_2961-8555-1580,s1,no_recursion,3,3,0.3564958499259155,,,0
hetero_different-chapter_00016_2961-8555-1580,s2,no_recursion,3,1,inf,,,0
hetero_different-chapter_00016_2961-8555-1580,s2,no_recursion,3,2,nan,,,0
hetero_different-chapter_00016_2961-8555-1580,s2,no_recursion,3,3,-5.480471438334207,,,0
hetero_different-chapter_00016_2961-8555-1580,s3,no_recursion,3,1,58.490889791063665,,,0
hetero_different-chapter_00016_2961-8555-1580,s3,no_recursion,3,2,-4.062703568446137,,,0
hetero_different-chapter_00016_2961-8555-1580,s3,no_recursion,3,3,2.432215991979893,,,0
hetero_different-chapter_00016_2961-8555-1580,s1,ungated_deflation,3,1,50.94666494383994,2,2,0
hetero_different-chapter_00016_2961-8555-1580,s1,ungated_deflation,3,2,8.310355191193137,2,2,0
hetero_different-chapter_00016_2961-8555-1580,s1,ungated_deflation,3,3,-4.794703738365266,2,2,0
hetero_different-chapter_00016_2961-8555-1580,s2,ungated_deflation,3,1,inf,0,0,0
hetero_different-chapter_00016_2961-8555-1580,s2,ungated_deflation,3,2,nan,0,0,0
hetero_different-chapter_00016_2961-8555-1580,s2,ungated_deflation,3,3,-5.480471438334207,0,0,0
hetero_different-chapter_00016_2961-8555-1580,s3,ungated_deflation,3,1,48.188532885312824,1,1,0
hetero_different-chapter_00016_2961-8555-1580,s3,ungated_deflation,3,2,-6.856831422041915,1,1,0
hetero_different-chapter_00016_2961-8555-1580,s3,ungated_deflation,3,3,-1.3346581737328251,1,1,0
hetero_different-chapter_00016_2961-8555-1580,s1,gated_deflation,3,1,50.94666494383994,2,2,0
hetero_different-chapter_00016_2961-8555-1580,s1,gated_deflation,3,2,8.310355191193137,2,2,0
hetero_different-chapter_00016_2961-8555-1580,s1,gated_deflation,3,3,-4.794703738365266,2,2,0
hetero_different-chapter_00016_2961-8555-1580,s2,gated_deflation,3,1,inf,0,0,0
hetero_different-chapter_00016_2961-8555-1580,s2,gated_deflation,3,2,nan,0,0,0
hetero_different-chapter_00016_2961-8555-1580,s2,gated_deflation,3,3,-5.480471438334207,0,0,0
hetero_different-chapter_00016_2961-8555-1580,s3,gated_deflation,3,1,48.188532885312824,1,1,0
hetero_different-chapter_00016_2961-8555-1580,s3,gated_deflation,3,2,-6.856831422041915,1,1,0
hetero_different-chapter_00016_2961-8555-1580,s3,gated_deflation,3,3,-1.3346581737328251,1,1,0
hetero_different-chapter_00016_2961-8555-1580,s1,coarse_to_fine,3,1,55.57747027756154,,,2
hetero_different-chapter_00016_2961-8555-1580,s1,coarse_to_fine,3,2,13.396766880404316,,,2
hetero_different-chapter_00016_2961-8555-1580,s1,coarse_to_fine,3,3,0.3564958499259155,,,2
hetero_different-chapter_00016_2961-8555-1580,s2,coarse_to_fine,3,1,inf,,,2
hetero_different-chapter_00016_2961-8555-1580,s2,coarse_to_fine,3,2,nan,,,2
hetero_different-chapter_00016_2961-8555-1580,s2,coarse_to_fine,3,3,1.983163646740162,,,2
hetero_different-chapter_00016_2961-8555-1580,s3,coarse_to_fine,3,1,57.95322172429608,,,2
hetero_different-chapter_00016_2961-8555-1580,s3,coarse_to_fine,3,2,-1.7070060931516005,,,2
hetero_different-chapter_00016_2961-8555-1580,s3,coarse_to_fine,3,3,1.36776984457042,,,2
hetero_different-chapter_00017_1221-4992-8555,s1,no_recursion,3,1,49.84504292383507,,,0
hetero_different-chapter_00017_1221-4992-8555,s1,no_recursion,3,2,-3.5199197166114997,,,0
hetero_different-chapter_00017_1221-4992-8555,s1,no_recursion,3,3,-7.176074617723916,,,0
hetero_different-chapter_00017_1221-4992-8555,s2,no_recursion,3,1,inf,,,0
hetero_different-chapter_00017_1221-4992-8555,s2,no_recursion,3,2,-19.64427538724266,,,0
hetero_different-chapter_00017_1221-4992-8555,s2,no_recursion,3,3,-2.5681211038665044,,,0
hetero_different-chapter_00017_1221-4992-8555,s3,no_recursion,3,1,58.630279017463636,,,0
hetero_different-chapter_00017_1221-4992-8555,s3,no_recursion,3,2,nan,,,0
hetero_different-chapter_00017_1221-4992-8555,s3,no_recursion,3,3,-13.047270262402751,,,0
hetero_different-chapter_00017_1221-4992-8555,s1,ungated_deflation,3,1,36.29458926906092,2,2,0
hetero_different-chapter_00017_1221-4992-8555,s1,ungated_deflation,3,2,-8.408320283361109,2,2,0
hetero_different-chapter_00017_1221-4992-8555,s1,ungated_deflation,3,3,-12.152356072718515,2,2,0
hetero_different-chapter_00017_1221-4992-8555,s2,ungated_deflation,3,1,inf,0,0,0
hetero_different-chapter_00017_1221-4992-8555,s2,ungated_deflation,3,2,-19.64427538724266,0,0,0
hetero_different-chapter_00017_1221-4992-8555,s2,ungated_deflation,3,3,-2.5681211038665044,0,0,0
hetero_different-chapter_00017_1221-4992-8555,s3,ungated_deflation,3,1,44.21110687059854,1,1,0
hetero_different-chapter_00017_1221-4992-8555,s3,ungated_deflation,3,2,nan,1,1,0
hetero_different-chapter_00017_1221-4992-8555,s3,ungated_deflation,3,3,-10.899538795311797,1,1,0
hetero_different-chapter_00017_1221-4992-8555,s1,gated_deflation,3,1,36.29458926906092,2,2,0
hetero_different-chapter_00017_1221-4992-8555,s1,gated_deflation,3,2,-8.408320283361109,2,2,0
hetero_different-chapter_00017_1221-4992-8555,s1,gated_deflation,3,3,-12.152356072718515,2,2,0
hetero_different-chapter_00017_1221-4992-8555,s2,gated_deflation,3,1,inf,0,0,0
hetero_different-chapter_00017_1221-4992-8555,s2,gated_deflation,3,2,-19.64427538724266,0,0,0
hetero_different-chapter_00017_1221-4992-8555,s2,gated_deflation,3,3,-2.5681211038665044,0,0,0
hetero_different-chapter_00017_1221-4992-8555,s3,gated_deflation,3,1,44.21110687059854,1,1,0
hetero_different-chapter_00017_1221-4992-8555,s3,gated_deflation,3,2,nan,1,1,0
hetero_different-chapter_00017_1221-4992-8555,s3,gated_deflation,3,3,-10.899538795311797,1,1,0
hetero_different-chapter_00017_1221-4992-8555,s1,coarse_to_fine,3,1,49.84504292383507,,,2
hetero_different-chapter_00017_1221-4992-8555,s1,coarse_to_fine,3,2,-3.5199197166114997,,,2
hetero_different-chapter_00017_1221-4992-8555,s1,coarse_to_fine,3,3,-7.176074617723916,,,2
hetero_different-chapter_00017_1221-4992-8555,s2,coarse_to_fine,3,1,inf,,,2
hetero_different-chapter_00017_1221-4992-8555,s2,coarse_to_fine,3,2,-19.64427538724266,,,2
hetero_different-chapter_00017_1221-4992-8555,s2,coarse_to_fine,3,3,-2.5681211038665044,,,2
hetero_different-chapter_00017_1221-4992-8555,s3,coarse_to_fine,3,1,58.630279017463636,,,2
hetero_different-chapter_00017_1221-4992-8555,s3,coarse_to_fine,3,2,nan,,,2
hetero_different-chapter_00017_1221-4992-8555,s3,coarse_to_fine,3,3,-13.047270262402751,,,2
hetero_different-chapter_00018_4992-908-8555,s1,no_recursion,3,1,58.97561157311084,,,0
hetero_different-chapter_00018_4992-908-8555,s1,no_recursion,3,2,14.639864881228188,,,0
hetero_different-chapter_00018_4992-908-8555,s1,no_recursion,3,3,0.514672022785817,,,0
hetero_different-chapter_00018_4992-908-8555,s2,no_recursion,3,1,inf,,,0
hetero_different-chapter_00018_4992-908-8555,s2,no_recursion,3,2,-8.556014427367188,,,0
hetero_different-chapter_00018_4992-908-8555,s2,no_recursion,3,3,7.780560967845039,,,0
hetero_different-chapter_00018_4992-908-8555,s3,no_recursion,3,1,59.680483747002135,,,0
hetero_different-chapter_00018_4992-908-8555,s3,no_recursion,3,2,nan,,,0
hetero_different-chapter_00018_4992-908-8555,s3,no_recursion,3,3,-10.388400996471152,,,0
hetero_different-chapter_00018_4992-908-8555,s1,ungated_deflation,3,1,56.404383900049694,2,2,0
hetero_different-chapter_00018_4992-908-8555,s1,ungated_deflation,3,2,1.477057500845328,2,2,0
hetero_different-chapter_00018_4992-908-8555,s1,ungated_deflation,3,3,-8.331052504814313,2,2,0
hetero_different-chapter_00018_4992-908-8555,s2,ungated_deflation,3,1,inf,0,0,0
hetero_different-chapter_00018_4992-908-8555,s2,ungated_deflation,3,2,-8.556014427367188,0,0,0
hetero_different-chapter_00018_4992-908-8555,s2,ungated_deflation,3,3,7.780560967845039,0,0,0
hetero_different-chapter_00018_4992-908-8555,s3,ungated_deflation,3,1,44.07747460484859,1,1,0
hetero_different-chapter_00018_4992-908-8555,s3,ungated_deflation,3,2,nan,1,1,0
hetero_different-chapter_00018_4992-908-8555,s3,ungated_deflation,3,3,-11.729968434742977,1,1,0
hetero_different-chapter_00018_4992-908-8555,s1,gated_deflation,3,1,56.404383900049694,2,2,0
hetero_different-chapter_00018_4992-908-8555,s1,gated_deflation,3,2,1.477057500845328,2,2,0
hetero_different-chapter_00018_4992-908-8555,s1,gated_deflation,3,3,-8.331052504814313,2,2,0
hetero_different-chapter_00018_4992-908-8555,s2,gated_deflation,3,1,inf,0,0,0
hetero_different-chapter_00018_4992-908-8555,s2,gated_deflation,3,2,-8.556014427367188,0,0,0
hetero_different-chapter_00018_4992-908-8555,s2,gated_deflation,3,3,7.780560967845039,0,0,0
hetero_different-chapter_00018_4992-908-8555,s3,gated_deflation,3,1,44.07747460484859,1,1,0
hetero_different-chapter_00018_4992-908-8555,s3,gated_deflation,3,2,nan,1,1,0
hetero_different-chapter_00018_4992-908-8555,s3,gated_deflation,3,3,-11.729968434742977,1,1,0
hetero_different-chapter_00018_4992-908-8555,s1,coarse_to_fine,3,1,56.9387183247009,,,2
hetero_different-chapter_00018_4992-908-8555,s1,coarse_to_fine,3,2,18.9780353852157,,,2
hetero_different-chapter_00018_4992-908-8555,s1,coarse_to_fine,3,3,3.1909936374871823,,,2
hetero_different-chapter_00018_4992-908-8555,s2,coarse_to_fine,3,1,inf,,,2
hetero_different-chapter_00018_4992-908-8555,s2,coarse_to_fine,3,2,-7.379078068980251,,,2
hetero_different-chapter_00018_4992-908-8555,s2,coarse_to_fine,3,3,8.601201931329545,,,2
hetero_different-chapter_00018_4992-908-8555,s3,coarse_to_fine,3,1,59.680483747002135,,,2
hetero_different-chapter_00018_4992-908-8555,s3,coarse_to_fine,3,2,nan,,,2
hetero_different-chapter_00018_4992-908-8555,s3,coarse_to_fine,3,3,-10.388400996471152,,,2
hetero_different-chapter_00019_4077-8224-7176,s1,no_recursion,3,1,inf,,,0
hetero_different-chapter_00019_4077-8224-7176,s1,no_recursion,3,2,-1.159629595588089,,,0
hetero_different-chapter_00019_4077-8224-7176,s1,no_recursion,3,3,-1.7038703547359355,,,0
hetero_different-chapter_00019_4077-8224-7176,s2,no_recursion,3,1,inf,,,0
hetero_different-chapter_00019_4077-8224-7176,s2,no_recursion,3,2,nan,,,0
hetero_different-chapter_00019_4077-8224-7176,s2,no_recursion,3,3,0.239158466815642,,,0
hetero_different-chapter_00019_4077-8224-7176,s3,no_recursion,3,1,59.9738975482652,,,0
hetero_different-chapter_00019_4077-8224-7176,s3,no_recursion,3,2,11.121728497248068,,,0
hetero_different-chapter_00019_4077-8224-7176,s3,no_recursion,3,3,2.1325575407649326,,,0
hetero_different-chapter_00019_4077-8224-7176,s1,ungated_deflation,3,1,inf,0,0,0
hetero_different-chapter_00019_4077-8224-7176,s1,ungated_deflation,3,2,-1.159629595588089,0,0,0
hetero_different-chapter_00019_4077-8224-7176,s1,ungated_deflation,3,3,-1.7038703547359355,0,0,0
hetero_different-chapter_00019_4077-8224-7176,s2,ungated_deflation,3,1,inf,1,1,0
hetero_different-chapter_00019_4077-8224-7176,s2,ungated_deflation,3,2,nan,1,1,0
hetero_different-chapter_00019_4077-8224-7176,s2,ungated_deflation,3,3,-1.2685396252144723,1,1,0
hetero_different-chapter_00019_4077-8224-7176,s3,ungated_deflation,3,1,31.58460228483704,2,2,0
hetero_different-chapter_00019_4077-8224-7176,s3,ungated_deflation,3,2,-9.568457213102956,2,2,0
hetero_different-chapter_00019_4077-8224-7176,s3,ungated_deflation,3,3,-13.851359262378116,2,2,0
hetero_different-chapter_00019_4077-8224-7176,s1,gated_deflation,3,1,inf,0,0,0
hetero_different-chapter_00019_4077-8224-7176,s1,gated_deflation,3,2,-1.159629595588089,0,0,0
hetero_different-chapter_00019_4077-8224-7176,s1,gated_deflation,3,3,-1.7038703547359355,0,0,0
hetero_different-chapter_00019_4077-8224-7176,s2,gated_deflation,3,1,inf,1,1,0
hetero_different-chapter_00019_4077-8224-7176,s2,gated_deflation,3,2,nan,1,1,0
hetero_different-chapter_00019_4077-8224-7176,s2,gated_deflation,3,3,-1.2685396252144723,1,1,0
hetero_different-chapter_00019_4077-8224-7176,s3,gated_deflation,3,1,31.58460228483704,2,2,0
hetero_different-chapter_00019_4077-8224-7176,s3,gated_deflation,3,2,-9.568457213102956,2,2,0
hetero_different-chapter_00019_4077-8224-7176,s3,gated_deflation,3,3,-13.851359262378116,2,2,0
hetero_different-chapter_00019_4077-8224-7176,s1,coarse_to_fine,3,1,inf,,,2
hetero_different-chapter_00019_4077-8224-7176,s1,coarse_to_fine,3,2,-2.2802292051373683,,,2
hetero_different-chapter_00019_4077-8224-7176,s1,coarse_to_fine,3,3,-3.1418780261440644,,,2
hetero_different-chapter_00019_4077-8224-7176,s2,coarse_to_fine,3,1,inf,,,2
hetero_different-chapter_00019_4077-8224-7176,s2,coarse_to_fine,3,2,nan,,,2
hetero_different-chapter_00019_4077-8224-7176,s2,coarse_to_fine,3,3,0.239158466815642,,,2
hetero_different-chapter_00019_4077-8224-7176,s3,coarse_to_fine,3,1,50.46227955902364,,,2
hetero_different-chapter_00019_4077-8224-7176,s3,coarse_to_fine,3,2,8.424955704275627,,,2
hetero_different-chapter_00019_4077-8224-7176,s3,coarse_to_fine,3,3,-0.7413664702655841,,,2
hetero_different-chapter_00020_7127-8555-6930,s1,no_recursion,3,1,66.34909244153684,,,0
hetero_different-chapter_00020_7127-8555-6930,s1,no_recursion,3,2,8.042405369548502,,,0
hetero_different-chapter_00020_7127-8555-6930,s1,no_recursion,3,3,3.628946812970436,,,0
hetero_different-chapter_00020_7127-8555-6930,s2,no_recursion,3,1,inf,,,0
hetero_different-chapter_00020_7127-8555-6930,s2,no_recursion,3,2,nan,,,0
hetero_different-chapter_00020_7127-8555-6930,s2,no_recursion,3,3,-4.202022457063997,,,0
hetero_different-chapter_00020_7127-8555-6930,s3,no_recursion,3,1,46.97070767506153,,,0
hetero_different-chapter_00020_7127-8555-6930,s3,no_recursion,3,2,-6.204772787957825,,,0
hetero_different-chapter_00020_7127-8555-6930,s3,no_recursion,3,3,-4.094597408081546,,,0
hetero_different-chapter_00020_7127-8555-6930,s1,ungated_deflation,3,1,58.8664820617097,2,2,0
hetero_different-chapter_00020_7127-8555-6930,s1,ungated_deflation,3,2,6.502373785986259,2,2,0
hetero_different-chapter_00020_7127-8555-6930,s1,ungated_deflation,3,3,-5.51889850467921,2,2,0
hetero_different-chapter_00020_7127-8555-6930,s2,ungated_deflation,3,1,inf,0,0,0
hetero_different-chapter_00020_7127-8555-6930,s2,ungated_deflation,3,2,nan,0,0,0
hetero_different-chapter_00020_7127-8555-6930,s2,ungated_deflation,3,3,-4.202022457063997,0,0,0
hetero_different-chapter_00020_7127-8555-6930,s3,ungated_deflation,3,1,35.17220173151255,1,1,0
hetero_different-chapter_00020_7127-8555-6930,s3,ungated_deflation,3,2,-7.171435331051722,1,1,0
hetero_different-chapter_00020_7127-8555-6930,s3,ungated_deflation,3,3,-3.677003804618523,1,1,0
hetero_different-chapter_00020_7127-8555-6930,s1,gated_deflation,3,1,58.8664820617097,2,2,0
hetero_different-chapter_00020_7127-8555-6930,s1,gated_deflation,3,2,6.502373785986259,2,2,0
hetero_different-chapter_00020_7127-8555-6930,s1,gated_deflation,3,3,-5.51889850467921,2,2,0
hetero_different-chapter_00020_7127-8555-6930,s2,gated_deflation,3,1,inf,0,0,0
hetero_different-chapter_00020_7127-8555-6930,s2,gated_deflation,3,2,nan,0,0,0
hetero_different-chapter_00020_7127-8555-6930,s2,gated_deflation,3,3,-4.202022457063997,0,0,0
hetero_different-chapter_00020_7127-8555-6930,s3,gated_deflation,3,1,35.17220173151255,1,1,0
hetero_different-chapter_00020_7127-8555-6930,s3,gated_deflation,3,2,-7.171435331051722,1,1,0
hetero_different-chapter_00020_7127-8555-6930,s3,gated_deflation,3,3,-3.677003804618523,1,1,0
hetero_different-chapter_00020_7127-8555-6930,s1,coarse_to_fine,3,1,66.21279474187438,,,2
hetero_different-chapter_00020_7127-8555-6930,s1,coarse_to_fine,3,2,7.210217381954869,,,2
hetero_different-chapter_00020_7127-8555-6930,s1,coarse_to_fine,3,3,4.034307905760171,,,2
hetero_different-chapter_00020_7127-8555-6930,s2,coarse_to_fine,3,1,inf,,,2
hetero_different-chapter_00020_7127-8555-6930,s2,coarse_to_fine,3,2,nan,,,2
hetero_different-chapter_00020_7127-8555-6930,s2,coarse_to_fine,3,3,-4.202022457063997,,,2
hetero_different-chapter_00020_7127-8555-6930,s3,coarse_to_fine,3,1,46.97070767506153,,,2
hetero_different-chapter_00020_7127-8555-6930,s3,coarse_to_fine,3,2,-6.204772787957825,,,2
hetero_different-chapter_00020_7127-8555-6930,s3,coarse_to_fine,3,3,-4.094597408081546,,,2
hetero_different-chapter_00021_1320-4446-908,s1,no_recursion,3,1,inf,,,0
hetero_different-chapter_00021_1320-4446-908,s1,no_recursion,3,2,nan,,,0
hetero_different-chapter_00021_1320-4446-908,s1,no_recursion,3,3,-1.5940934228952734,,,0
hetero_different-chapter_00021_1320-4446-908,s2,no_recursion,3,1,65.71349628768631,,,0
hetero_different-chapter_00021_1320-4446-908,s2,no_recursion,3,2,-41.319227054309536,,,0
hetero_different-chapter_00021_1320-4446-908,s2,no_recursion,3,3,0.011225945252432364,,,0
hetero_different-chapter_00021_1320-4446-908,s3,no_recursion,3,1,41.408447778728544,,,0
hetero_different-chapter_00021_1320-4446-908,s3,no_recursion,3,2,2.3539733134914282,,,0
hetero_different-chapter_00021_1320-4446-908,s3,no_recursion,3,3,0.9381119621843468,,,0
hetero_different-chapter_00021_1320-4446-908,s1,ungated_deflation,3,1,inf,0,0,0
hetero_different-chapter_00021_1320-4446-908,s1,ungated_deflation,3,2,nan,0,0,0
hetero_different-chapter_00021_1320-4446-908,s1,ungated_deflation,3,3,-1.5940934228952734,0,0,0
hetero_different-chapter_00021_1320-4446-908,s2,ungated_deflation,3,1,52.16439270832747,2,2,0
hetero_different-chapter_00021_1320-4446-908,s2,ungated_deflation,3,2,3.15032222354104,2,2,0
hetero_different-chapter_00021_1320-4446-908,s2,ungated_deflation,3,3,-3.8725775454779487,2,2,0
hetero_different-chapter_00021_1320-4446-908,s3,ungated_deflation,3,1,35.538958650065965,1,1,0
hetero_different-chapter_00021_1320-4446-908,s3,ungated_deflation,3,2,10.681237164779242,1,1,0
hetero_different-chapter_00021_1320-4446-908,s3,ungated_deflation,3,3,-4.922672663582391,1,1,0
hetero_different-chapter_00021_1320-4446-908,s1,gated_deflation,3,1,inf,0,0,0
hetero_different-chapter_00021_1320-4446-908,s1,gated_deflation,3,2,nan,0,0,0
hetero_different-chapter_00021_1320-4446-908,s1,gated_deflation,3,3,-1.5940934228952734,0,0,0
hetero_different-chapter_00021_1320-4446-908,s2,gated_deflation,3,1,52.16439270832747,2,2,0
hetero_different-chapter_00021_1320-4446-908,s2,gated_deflation,3,2,3.15032222354104,2,2,0
hetero_different-chapter_00021_1320-4446-908,s2,gated_deflation,3,3,-3.8725775454779487,2,2,0
hetero_different-chapter_00021_1320-4446-908,s3,gated_deflation,3,1,35.538958650065965,1,1,0
hetero_different-chapter_00021_1320-4446-908,s3,gated_deflation,3,2,10.681237164779242,1,1,0
hetero_different-chapter_00021_1320-4446-908,s3,gated_deflation,3,3,-4.922672663582391,1,1,0
hetero_different-chapter_00021_1320-4446-908,s1,coarse_to_fine,3,1,inf,,,2
hetero_different-chapter_00021_1320-4446-908,s1,coarse_to_fine,3,2,nan,,,2
hetero_different-chapter_00021_1320-4446-908,s1,coarse_to_fine,3,3,-2.516045622995465,,,2
hetero_different-chapter_00021_1320-4446-908,s2,coarse_to_fine,3,1,59.562560956291605,,,2
hetero_different-chapter_00021_1320-4446-908,s2,coarse_to_fine,3,2,-15.981585098308052,,,2
hetero_different-chapter_00021_1320-4446-908,s2,coarse_to_fine,3,3,-3.9017276067260593,,,2
hetero_different-chapter_00021_1320-4446-908,s3,coarse_to_fine,3,1,46.01222101356214,,,2
hetero_different-chapter_00021_1320-4446-908,s3,coarse_to_fine,3,2,-7.089298334061997,,,2
hetero_different-chapter_00021_1320-4446-908,s3,coarse_to_fine,3,3,-5.812195234533722,,,2
hetero_different-chapter_00022_8463-237-3570,s1,no_recursion,3,1,67.10618496600381,,,0
hetero_different-chapter_00022_8463-237-3570,s1,no_recursion,3,2,7.612320372712025,,,0
hetero_different-chapter_00022_8463-237-3570,s1,no_recursion,3,3,0.8771677577676108,,,0
hetero_different-chapter_00022_8463-237-3570,s2,no_recursion,3,1,inf,,,0
hetero_different-chapter_00022_8463-237-3570,s2,no_recursion,3,2,nan,,,0
hetero_different-chapter_00022_8463-237-3570,s2,no_recursion,3,3,-10.630660281986707,,,0
hetero_different-chapter_00022_8463-237-3570,s3,no_recursion,3,1,69.0605129762565,,,0
hetero_different-chapter_00022_8463-237-3570,s3,no_recursion,3,2,5.429153084216772,,,0
hetero_different-chapter_00022_8463-237-3570,s3,no_recursion,3,3,10.434044414081063,,,0
hetero_different-chapter_00022_8463-237-3570,s1,ungated_deflation,3,1,62.282902563802516,2,2,0
hetero_different-chapter_00022_8463-237-3570,s1,ungated_deflation,3,2,-4.1098814260561705,2,2,0
hetero_different-chapter_00022_8463-237-3570,s1,ungated_deflation,3,3,-6.4896882014833075,2,2,0
hetero_different-chapter_00022_8463-237-3570,s2,ungated_deflation,3,1,inf,0,0,0
hetero_different-chapter_00022_8463-237-3570,s2,ungated_deflation,3,2,nan,0,0,0
hetero_different-chapter_00022_8463-237-3570,s2,ungated_deflation,3,3,-10.630660281986707,0,0,0
hetero_different-chapter_00022_8463-237-3570,s3,ungated_deflation,3,1,61.399646085347285,1,1,0
hetero_different-chapter_00022_8463-237-3570,s3,ungated_deflation,3,2,-2.6479126553916563,1,1,0
hetero_different-chapter_00022_8463-237-3570,s3,ungated_deflation,3,3,-1.339986893338594,1,1,0
hetero_different-chapter_00022_8463-237-3570,s1,gated_deflation,3,1,62.282902563802516,2,2,0
hetero_different-chapter_00022_8463-237-3570,s1,gated_deflation,3,2,-4.1098814260561705,2,2,0
hetero_different-chapter_00022_8463-237-3570,s1,gated_deflation,3,3,-6.4896882014833075,2,2,0
hetero_different-chapter_00022_8463-237-3570,s2,gated_deflation,3,1,inf,0,0,0
hetero_different-chapter_00022_8463-237-3570,s2,gated_deflation,3,2,nan,0,0,0
hetero_different-chapter_00022_8463-237-3570,s2,gated_deflation,3,3,-10.630660281986707,0,0,0
hetero_different-chapter_00022_8463-237-3570,s3,gated_deflation,3,1,61.399646085347285,1,1,0
hetero_different-chapter_00022_8463-237-3570,s3,gated_deflation,3,2,-2.6479126553916563,1,1,0
hetero_different-chapter_00022_8463-237-3570,s3,gated_deflation,3,3,-1.339986893338594,1,1,0
hetero_different-chapter_00022_8463-237-3570,s1,coarse_to_fine,3,1,63.90741459896071,,,2
hetero_different-chapter_00022_8463-237-3570,s1,coarse_to_fine,3,2,8.695964724995248,,,2
hetero_different-chapter_00022_8463-237-3570,s1,coarse_to_fine,3,3,3.021617843705301,,,2
hetero_different-chapter_00022_8463-237-3570,s2,coarse_to_fine,3,1,inf,,,2
hetero_different-chapter_00022_8463-237-3570,s2,coarse_to_fine,3,2,nan,,,2
hetero_different-chapter_00022_8463-237-3570,s2,coarse_to_fine,3,3,-10.630660281986707,,,2
hetero_different-chapter_00022_8463-237-3570,s3,coarse_to_fine,3,1,66.27134404403611,,,2
hetero_different-chapter_00022_8463-237-3570,s3,coarse_to_fine,3,2,8.130506466810521,,,2
hetero_different-chapter_00022_8463-237-3570,s3,coarse_to_fine,3,3,11.05013560939938,,,2
hetero_different-chapter_00023_5683-1221-1284,s1,no_recursion,3,1,inf,,,0
hetero_different-chapter_00023_5683-1221-1284,s1,no_recursion,3,2,nan,,,0
hetero_different-chapter_00023_5683-1221-1284,s1,no_recursion,3,3,-8.365182055275444,,,0
hetero_different-chapter_00023_5683-1221-1284,s2,no_recursion,3,1,51.47044883933931,,,0
hetero_different-chapter_00023_5683-1221-1284,s2,no_recursion,3,2,5.554703455342622,,,0
hetero_different-chapter_00023_5683-1221-1284,s2,no_recursion,3,3,2.6527538895314966,,,0
hetero_different-chapter_00023_5683-1221-1284,s3,no_recursion,3,1,30.650654797960684,,,0
hetero_different-chapter_00023_5683-1221-1284,s3,no_recursion,3,2,3.774186723792763,,,0
hetero_different-chapter_00023_5683-1221-1284,s3,no_recursion,3,3,0.8299809701937338,,,0
hetero_different-chapter_00023_5683-1221-1284,s1,ungated_deflation,3,1,inf,0,0,0
hetero_different-chapter_00023_5683-1221-1284,s1,ungated_deflation,3,2,nan,0,0,0
hetero_different-chapter_00023_5683-1221-1284,s1,ungated_deflation,3,3,-8.365182055275444,0,0,0
hetero_different-chapter_00023_5683-1221-1284,s2,ungated_deflation,3,1,51.69987662208237,1,1,0
hetero_different-chapter_00023_5683-1221-1284,s2,ungated_deflation,3,2,-6.931056195301618,1,1,0
hetero_different-chapter_00023_5683-1221-1284,s2,ungated_deflation,3,3,2.8358628850650907,1,1,0
hetero_different-chapter_00023_5683-1221-1284,s3,ungated_deflation,3,1,27.616348555006333,2,2,0
hetero_different-chapter_00023_5683-1221-1284,s3,ungated_deflation,3,2,6.616991490196962,2,2,0
hetero_different-chapter_00023_5683-1221-1284,s3,ungated_deflation,3,3,-18.30860280035779,2,2,0
hetero_different-chapter_00023_5683-1221-1284,s1,gated_deflation,3,1,inf,0,0,0
hetero_different-chapter_00023_5683-1221-1284,s1,gated_deflation,3,2,nan,0,0,0
hetero_different-chapter_00023_5683-1221-1284,s1,gated_deflation,3,3,-8.365182055275444,0,0,0
hetero_different-chapter_00023_5683-1221-1284,s2,gated_deflation,3,1,51.69987662208237,1,1,0
hetero_different-chapter_00023_5683-1221-1284,s2,gated_deflation,3,2,-6.931056195301618,1,1,0
hetero_different-chapter_00023_5683-1221-1284,s2,gated_deflation,3,3,2.8358628850650907,1,1,0
hetero_different-chapter_00023_5683-1221-1284,s3,gated_deflation,3,1,27.616348555006333,2,2,0
hetero_different-chapter_00023_5683-1221-1284,s3,gated_deflation,3,2,6.616991490196962,2,2,0
hetero_different-chapter_00023_5683-1221-1284,s3,gated_deflation,3,3,-18.30860280035779,2,2,0
hetero_different-chapter_00023_5683-1221-1284,s1,coarse_to_fine,3,1,inf,,,2
hetero_different-chapter_00023_5683-1221-1284,s1,coarse_to_fine,3,2,nan,,,2
hetero_different-chapter_00023_5683-1221-1284,s1,coarse_to_fine,3,3,-8.365182055275444,,,2
hetero_different-chapter_00023_5683-1221-1284,s2,coarse_to_fine,3,1,51.47044883933931,,,2
hetero_different-chapter_00023_5683-1221-1284,s2,coarse_to_fine,3,2,5.554703455342622,,,2
hetero_different-chapter_00023_5683-1221-1284,s2,coarse_to_fine,3,3,2.6527538895314966,,,2
hetero_different-chapter_00023_5683-1221-1284,s3,coarse_to_fine,3,1,30.650654797960684,,,2
hetero_different-chapter_00023_5683-1221-1284,s3,coarse_to_fine,3,2,3.774186723792763,,,2
hetero_different-chapter_00023_5683-1221-1284,s3,coarse_to_fine,3,3,0.8299809701937338,,,2
hetero_different-chapter_00024_1221-7021-1320,s1,no_recursion,3,1,inf,,,0
hetero_different-chapter_00024_1221-7021-1320,s1,no_recursion,3,2,7.413261170184555,,,0
hetero_different-chapter_00024_1221-7021-1320,s1,no_recursion,3,3,3.6695377644144536,,,0
hetero_different-chapter_00024_1221-7021-1320,s2,no_recursion,3,1,85.06533844373465,,,0
hetero_different-chapter_00024_1221-7021-1320,s2,no_recursion,3,2,6.395641912603404,,,0
hetero_different-chapter_00024_1221-7021-1320,s2,no_recursion,3,3,-4.007485018538943,,,0
hetero_different-chapter_00024_1221-7021-1320,s3,no_recursion,3,1,36.13976748829947,,,0
hetero_different-chapter_00024_1221-7021-1320,s3,no_recursion,3,2,nan,,,0
hetero_different-chapter_00024_1221-7021-1320,s3,no_recursion,3,3,0.28603446344574474,,,0
hetero_different-chapter_00024_1221-7021-1320,s1,ungated_deflation,3,1,inf,0,0,0
hetero_different-chapter_00024_1221-7021-1320,s1,ungated_deflation,3,2,7.413261170184555,0,0,0
hetero_different-chapter_00024_1221-7021-1320,s1,ungated_deflation,3,3,3.6695377644144536,0,0,0
hetero_different-chapter_00024_1221-7021-1320,s2,ungated_deflation,3,1,54.54292056027362,1,1,0
hetero_different-chapter_00024_1221-7021-1320,s2,ungated_deflation,3,2,-0.9274640058376817,1,1,0
hetero_different-chapter_00024_1221-7021-1320,s2,ungated_deflation,3,3,-3.389383725667992,1,1,0
hetero_different-chapter_00024_1221-7021-1320,s3,ungated_deflation,3,1,27.00432780541111,2,2,0
hetero_different-chapter_00024_1221-7021-1320,s3,ungated_deflation,3,2,nan,2,2,0
hetero_different-chapter_00024_1221-7021-1320,s3,ungated_deflation,3,3,-4.411258717142499,2,2,0
hetero_different-chapter_00024_1221-7021-1320,s1,gated_deflation,3,1,inf,0,0,0
hetero_different-chapter_00024_1221-7021-1320,s1,gated_deflation,3,2,7.413261170184555,0,0,0
hetero_different-chapter_00024_1221-7021-1320,s1,gated_deflation,3,3,3.6695377644144536,0,0,0
hetero_different-chapter_00024_1221-7021-1320,s2,gated_deflation,3,1,54.54292056027362,1,1,0
hetero_different-chapter_00024_1221-7021-1320,s2,gated_deflation,3,2,-0.9274640058376817,1,1,0
hetero_different-chapter_00024_1221-7021-1320,s2,gated_deflation,3,3,-3.389383725667992,1,1,0
hetero_different-chapter_00024_1221-7021-1320,s3,gated_deflation,3,1,27.00432780541111,2,2,0
hetero_different-chapter_00024_1221-7021-1320,s3,gated_deflation,3,2,nan,2,2,0
hetero_different-chapter_00024_1221-7021-1320,s3,gated_deflation,3,3,-4.411258717142499,2,2,0
hetero_different-chapter_00024_1221-7021-1320,s1,coarse_to_fine,3,1,inf,,,2
hetero_different-chapter_00024_1221-7021-1320,s1,coarse_to_fine,3,2,7.595366493017345,,,2
hetero_different-chapter_00024_1221-7021-1320,s1,coarse_to_fine,3,3,2.8068554506114616,,,2
hetero_different-chapter_00024_1221-7021-1320,s2,coarse_to_fine,3,1,85.06533844373465,,,2
hetero_different-chapter_00024_1221-7021-1320,s2,coarse_to_fine,3,2,6.395641912603404,,,2
hetero_different-chapter_00024_1221-7021-1320,s2,coarse_to_fine,3,3,-4.007485018538943,,,2
hetero_different-chapter_00024_1221-7021-1320,s3,coarse_to_fine,3,1,36.13976748829947,,,2
hetero_different-chapter_00024_1221-7021-1320,s3,coarse_to_fine,3,2,nan,,,2
hetero_different-chapter_00024_1221-7021-1320,s3,coarse_to_fine,3,3,0.28603446344574474,,,2
hetero_different-chapter_00025_237-4970-6829,s1,no_recursion,3,1,inf,,,0
hetero_different-chapter_00025_237-4970-6829,s1,no_recursion,3,2,-48.79970802409823,,,0
hetero_different-chapter_00025_237-4970-6829,s1,no_recursion,3,3,-20.73179537551269,,,0
hetero_different-chapter_00025_237-4970-6829,s2,no_recursion,3,1,inf,,,0
hetero_different-chapter_00025_237-4970-6829,s2,no_recursion,3,2,nan,,,0
hetero_different-chapter_00025_237-4970-6829,s2,no_recursion,3,3,-5.233826771119817,,,0
hetero_different-chapter_00025_237-4970-6829,s3,no_recursion,3,1,36.61430861579141,,,0
hetero_different-chapter_00025_237-4970-6829,s3,no_recursion,3,2,22.558715083786364,,,0
hetero_different-chapter_00025_237-4970-6829,s3,no_recursion,3,3,5.777359297954431,,,0
hetero_different-chapter_00025_237-4970-6829,s1,ungated_deflation,3,1,inf,0,0,0
hetero_different-chapter_00025_237-4970-6829,s1,ungated_deflation,3,2,-48.79970802409823,0,0,0
hetero_different-chapter_00025_237-4970-6829,s1,ungated_deflation,3,3,-20.73179537551269,0,0,0
hetero_different-chapter_00025_237-4970-6829,s2,ungated_deflation,3,1,inf,1,1,0
hetero_different-chapter_00025_237-4970-6829,s2,ungated_deflation,3,2,nan,1,1,0
hetero_different-chapter_00025_237-4970-6829,s2,ungated_deflation,3,3,-3.5983015499698157,1,1,0
hetero_different-chapter_00025_237-4970-6829,s3,ungated_deflation,3,1,27.674306515903883,2,2,0
hetero_different-chapter_00025_237-4970-6829,s3,ungated_deflation,3,2,20.725767607463098,2,2,0
hetero_different-chapter_00025_237-4970-6829,s3,ungated_deflation,3,3,0.35458507738199135,2,2,0
hetero_different-chapter_00025_237-4970-6829,s1,gated_deflation,3,1,inf,0,0,0
hetero_different-chapter_00025_237-4970-6829,s1,gated_deflation,3,2,-48.79970802409823,0,0,0
hetero_different-chapter_00025_237-4970-6829,s1,gated_deflation,3,3,-20.73179537551269,0,0,0
hetero_different-chapter_00025_237-4970-6829,s2,gated_deflation,3,1,inf,1,1,0
hetero_different-chapter_00025_237-4970-6829,s2,gated_deflation,3,2,nan,1,1,0
hetero_different-chapter_00025_237-4970-6829,s2,gated_deflation,3,3,-3.5983015499698157,1,1,0
hetero_different-chapter_00025_237-4970-6829,s3,gated_deflation,3,1,27.674306515903883,2,2,0
hetero_different-chapter_00025_237-4970-6829,s3,gated_deflation,3,2,20.725767607463098,2,2,0
hetero_different-chapter_00025_237-4970-6829,s3,gated_deflation,3,3,0.35458507738199135,2,2,0
hetero_different-chapter_00025_237-4970-6829,s1,coarse_to_fine,3,1,inf,,,2
hetero_different-chapter_00025_237-4970-6829,s1,coarse_to_fine,3,2,-48.79970802409823,,,2
hetero_different-chapter_00025_237-4970-6829,s1,coarse_to_fine,3,3,-20.73179537551269,,,2
hetero_different-chapter_00025_237-4970-6829,s2,coarse_to_fine,3,1,inf,,,2
hetero_different-chapter_00025_237-4970-6829,s2,coarse_to_fine,3,2,nan,,,2
hetero_different-chapter_00025_237-4970-6829,s2,coarse_to_fine,3,3,-5.233826771119817,,,2
hetero_different-chapter_00025_237-4970-6829,s3,coarse_to_fine,3,1,35.597360726392104,,,2
hetero_different-chapter_00025_237-4970-6829,s3,coarse_to_fine,3,2,21.966914729287687,,,2
hetero_different-chapter_00025_237-4970-6829,s3,coarse_to_fine,3,3,7.898474693183405,,,2
hetero_different-chapter_00026_8463-7021-4970,s1,no_recursion,3,1,inf,,,0
hetero_different-chapter_00026_8463-7021-4970,s1,no_recursion,3,2,-7.205221849826225,,,0
hetero_different-chapter_00026_8463-7021-4970,s1,no_recursion,3,3,-5.039664991221356,,,0
hetero_different-chapter_00026_8463-7021-4970,s2,no_recursion,3,1,90.29096203607345,,,0
hetero_different-chapter_00026_8463-7021-4970,s2,no_recursion,3,2,20.64672238680862,,,0
hetero_different-chapter_00026_8463-7021-4970,s2,no_recursion,3,3,8.376359130694274,,,0
hetero_different-chapter_00026_8463-7021-4970,s3,no_recursion,3,1,41.14289877699521,,,0
hetero_different-chapter_00026_8463-7021-4970,s3,no_recursion,3,2,nan,,,0
hetero_different-chapter_00026_8463-7021-4970,s3,no_recursion,3,3,-5.026317886691732,,,0
hetero_different-chapter_00026_8463-7021-4970,s1,ungated_deflation,3,1,inf,0,0,0
hetero_different-chapter_00026_8463-7021-4970,s1,ungated_deflation,3,2,-7.205221849826225,0,0,0
hetero_different-chapter_00026_8463-7021-4970,s1,ungated_deflation,3,3,-5.039664991221356,0,0,0
hetero_different-chapter_00026_8463-7021-4970,s2,ungated_deflation,3,1,85.30699648369526,1,1,0
hetero_different-chapter_00026_8463-7021-4970,s2,ungated_deflation,3,2,18.361407436926488,1,1,0
hetero_different-chapter_00026_8463-7021-4970,s2,ungated_deflation,3,3,2.03382688247925,1,1,0
hetero_different-chapter_00026_8463-7021-4970,s3,ungated_deflation,3,1,33.72412927200508,2,2,0
hetero_different-chapter_00026_8463-7021-4970,s3,ungated_deflation,3,2,nan,2,2,0
hetero_different-chapter_00026_8463-7021-4970,s3,ungated_deflation,3,3,-7.8664861598717355,2,2,0
hetero_different-chapter_00026_8463-7021-4970,s1,gated_deflation,3,1,inf,0,0,0
hetero_different-chapter_00026_8463-7021-4970,s1,gated_deflation,3,2,-7.205221849826225,0,0,0
hetero_different-chapter_00026_8463-7021-4970,s1,gated_deflation,3,3,-5.039664991221356,0,0,0
hetero_different-chapter_00026_8463-7021-4970,s2,gated_deflation,3,1,85.30699648369526,1,1,0
hetero_different-chapter_00026_8463-7021-4970,s2,gated_deflation,3,2,18.361407436926488,1,1,0
hetero_different-chapter_00026_8463-7021-4970,s2,gated_deflation,3,3,2.03382688247925,1,1,0
hetero_different-chapter_00026_8463-7021-4970,s3,gated_deflation,3,1,33.72412927200508,2,2,0
hetero_different-chapter_00026_8463-7021-4970,s3,gated_deflation,3,2,nan,2,2,0
hetero_different-chapter_00026_8463-7021-4970,s3,gated_deflation,3,3,-7.8664861598717355,2,2,0
hetero_different-chapter_00026_8463-7021-4970,s1,coarse_to_fine,3,1,inf,,,2
hetero_different-chapter_00026_8463-7021-4970,s1,coarse_to_fine,3,2,-7.205221849826225,,,2
hetero_different-chapter_00026_8463-7021-4970,s1,coarse_to_fine,3,3,-5.039664991221356,,,2
hetero_different-chapter_00026_8463-7021-4970,s2,coarse_to_fine,3,1,89.66106921218936,,,2
hetero_different-chapter_00026_8463-7021-4970,s2,coarse_to_fine,3,2,21.579383286739095,,,2
hetero_different-chapter_00026_8463-7021-4970,s2,coarse_to_fine,3,3,7.861936134601864,,,2
hetero_different-chapter_00026_8463-7021-4970,s3,coarse_to_fine,3,1,41.14289877699521,,,2
hetero_different-chapter_00026_8463-7021-4970,s3,coarse_to_fine,3,2,nan,,,2
hetero_different-chapter_00026_8463-7021-4970,s3,coarse_to_fine,3,3,-5.026317886691732,,,2
hetero_different-chapter_00027_121-1089-260,s1,no_recursion,3,1,75.55338492386213,,,0
hetero_different-chapter_00027_121-1089-260,s1,no_recursion,3,2,16.285795457730938,,,0
hetero_different-chapter_00027_121-1089-260,s1,no_recursion,3,3,-0.634938256197418,,,0
hetero_different-chapter_00027_121-1089-260,s2,no_recursion,3,1,inf,,,0
hetero_different-chapter_00027_121-1089-260,s2,no_recursion,3,2,11.224196733307789,,,0
hetero_different-chapter_00027_121-1089-260,s2,no_recursion,3,3,3.8480491112167203,,,0
hetero_different-chapter_00027_121-1089-260,s3,no_recursion,3,1,57.79030748118123,,,0
hetero_different-chapter_00027_121-1089-260,s3,no_recursion,3,2,nan,,,0
hetero_different-chapter_00027_121-1089-260,s3,no_recursion,3,3,0.24735491546560603,,,0
hetero_different-chapter_00027_121-1089-260,s1,ungated_deflation,3,1,61.032854720008274,2,2,0
hetero_different-chapter_00027_121-1089-260,s1,ungated_deflation,3,2,3.09602749977838,2,2,0
hetero_different-chapter_00027_121-1089-260,s1,ungated_deflation,3,3,-4.018943334944028,2,2,0
hetero_different-chapter_00027_121-1089-260,s2,ungated_deflation,3,1,inf,0,0,0
hetero_different-chapter_00027_121-1089-260,s2,ungated_deflation,3,2,11.224196733307789,0,0,0
hetero_different-chapter_00027_121-1089-260,s2,ungated_deflation,3,3,3.8480491112167203,0,0,0
hetero_different-chapter_00027_121-1089-260,s3,ungated_deflation,3,1,50.366819369069376,1,1,0
hetero_different-chapter_00027_121-1089-260,s3,ungated_deflation,3,2,nan,1,1,0
hetero_different-chapter_00027_121-1089-260,s3,ungated_deflation,3,3,-5.337994568058692,1,1,0
hetero_different-chapter_00027_121-1089-260,s1,gated_deflation,3,1,61.032854720008274,2,2,0
hetero_different-chapter_00027_121-1089-260,s1,gated_deflation,3,2,3.09602749977838,2,2,0
hetero_different-chapter_00027_121-1089-260,s1,gated_deflation,3,3,-4.018943334944028,2,2,0
hetero_different-chapter_00027_121-1089-260,s2,gated_deflation,3,1,inf,0,0,0
hetero_different-chapter_00027_121-1089-260,s2,gated_deflation,3,2,11.224196733307789,0,0,0
hetero_different-chapter_00027_121-1089-260,s2,gated_deflation,3,3,3.8480491112167203,0,0,0
hetero_different-chapter_00027_121-1089-260,s3,gated_deflation,3,1,50.366819369069376,1,1,0
hetero_different-chapter_00027_121-1089-260,s3,gated_deflation,3,2,nan,1,1,0
hetero_different-chapter_00027_121-1089-260,s3,gated_deflation,3,3,-5.337994568058692,1,1,0
hetero_different-chapter_00027_121-1089-260,s1,coarse_to_fine,3,1,72.00602790914486,,,2
hetero_different-chapter_00027_121-1089-260,s1,coarse_to_fine,3,2,15.45560859166808,,,2
hetero_different-chapter_00027_121-1089-260,s1,coarse_to_fine,3,3,0.163329228688258,,,2
hetero_different-chapter_00027_121-1089-260,s2,coarse_to_fine,3,1,inf,,,2
hetero_different-chapter_00027_121-1089-260,s2,coarse_to_fine,3,2,9.60465350762631,,,2
hetero_different-chapter_00027_121-1089-260,s2,coarse_to_fine,3,3,3.681124313638327,,,2
hetero_different-chapter_00027_121-1089-260,s3,coarse_to_fine,3,1,57.79030748118123,,,2
hetero_different-chapter_00027_121-1089-260,s3,coarse_to_fine,3,2,nan,,,2
hetero_different-chapter_00027_121-1089-260,s3,coarse_to_fine,3,3,0.24735491546560603,,,2
hetero_different-chapter_00028_5105-1320-5683,s1,no_recursion,3,1,35.55712407378492,,,0
hetero_different-chapter_00028_5105-1320-5683,s1,no_recursion,3,2,13.523245099855126,,,0
hetero_different-chapter_00028_5105-1320-5683,s1,no_recursion,3,3,-4.75797725375231,,,0
hetero_different-chapter_00028_5105-1320-5683,s2,no_recursion,3,1,inf,,,0
hetero_different-chapter_00028_5105-1320-5683,s2,no_recursion,3,2,3.300195606972276,,,0
hetero_different-chapter_00028_5105-1320-5683,s2,no_recursion,3,3,13.397008004061766,,,0
hetero_different-chapter_00028_5105-1320-5683,s3,no_recursion,3,1,39.84828925462558,,,0
hetero_different-chapter_00028_5105-1320-5683,s3,no_recursion,3,2,nan,,,0
hetero_different-chapter_00028_5105-1320-5683,s3,no_recursion,3,3,10.241092632221175,,,0
hetero_different-chapter_00028_5105-1320-5683,s1,ungated_deflation,3,1,35.4536487322588,2,2,0
hetero_different-chapter_00028_5105-1320-5683,s1,ungated_deflation,3,2,-9.16367929990686,2,2,0
hetero_different-chapter_00028_5105-1320-5683,s1,ungated_deflation,3,3,-16.554902442378083,2,2,0
hetero_different-chapter_00028_5105-1320-5683,s2,ungated_deflation,3,1,inf,0,0,0
hetero_different-chapter_00028_5105-1320-5683,s2,ungated_deflation,3,2,3.300195606972276,0,0,0
hetero_different-chapter_00028_5105-1320-5683,s2,ungated_deflation,3,3,13.397008004061766,0,0,0
hetero_different-chapter_00028_5105-1320-5683,s3,ungated_deflation,3,1,26.521218279683918,1,1,0
hetero_different-chapter_00028_5105-1320-5683,s3,ungated_deflation,3,2,nan,1,1,0
hetero_different-chapter_00028_5105-1320-5683,s3,ungated_deflation,3,3,4.948006085650562,1,1,0
hetero_different-chapter_00028_5105-1320-5683,s1,gated_deflation,3,1,35.4536487322588,2,2,0
hetero_different-chapter_00028_5105-1320-5683,s1,gated_deflation,3,2,-9.16367929990686,2,2,0
hetero_different-chapter_00028_5105-1320-5683,s1,gated_deflation,3,3,-16.554902442378083,2,2,0
hetero_different-chapter_00028_5105-1320-5683,s2,gated_deflation,3,1,inf,0,0,0
hetero_different-chapter_00028_5105-1320-5683,s2,gated_deflation,3,2,3.300195606972276,0,0,0
hetero_different-chapter_00028_5105-1320-5683,s2,gated_deflation,3,3,13.397008004061766,0,0,0
hetero_different-chapter_00028_5105-1320-5683,s3,gated_deflation,3,1,26.521218279683918,1,1,0
hetero_different-chapter_00028_5105-1320-5683,s3,gated_deflation,3,2,nan,1,1,0
hetero_different-chapter_00028_5105-1320-5683,s3,gated_deflation,3,3,4.948006085650562,1,1,0
hetero_different-chapter_00028_5105-1320-5683,s1,coarse_to_fine,3,1,35.8980566734525,,,2
hetero_different-chapter_00028_5105-1320-5683,s1,coarse_to_fine,3,2,-9.637725626154973,,,2
hetero_different-chapter_00028_5105-1320-5683,s1,coarse_to_fine,3,3,-12.435444917692205,,,2
hetero_different-chapter_00028_5105-1320-5683,s2,coarse_to_fine,3,1,inf,,,2
hetero_different-chapter_00028_5105-1320-5683,s2,coarse_to_fine,3,2,5.475038869019841,,,2
hetero_different-chapter_00028_5105-1320-5683,s2,coarse_to_fine,3,3,11.882502292035076,,,2
hetero_different-chapter_00028_5105-1320-5683,s3,coarse_to_fine,3,1,36.560364526893224,,,2
hetero_different-chapter_00028_5105-1320-5683,s3,coarse_to_fine,3,2,nan,,,2
hetero_different-chapter_00028_5105-1320-5683,s3,coarse_to_fine,3,3,8.89026444910858,,,2
hetero_different-chapter_00029_1995-4992-7021,s1,no_recursion,3,1,inf,,,0
hetero_different-chapter_00029_1995-4992-7021,s1,no_recursion,3,2,1.4917800818389637,,,0
hetero_different-chapter_00029_1995-4992-7021,s1,no_recursion,3,3,2.8604748576609613,,,0
hetero_different-chapter_00029_1995-4992-7021,s2,no_recursion,3,1,74.30961838086382,,,0
hetero_different-chapter_00029_1995-4992-7021,s2,no_recursion,3,2,-12.6152406405671,,,0
hetero_different-chapter_00029_1995-4992-7021,s2,no_recursion,3,3,-7.318400452909492,,,0
hetero_different-chapter_00029_1995-4992-7021,s3,no_recursion,3,1,36.26390619354518,,,0
hetero_different-chapter_00029_1995-4992-7021,s3,no_recursion,3,2,nan,,,0
hetero_different-chapter_00029_1995-4992-7021,s3,no_recursion,3,3,8.15689136624242,,,0
hetero_different-chapter_00029_1995-4992-7021,s1,ungated_deflation,3,1,inf,0,0,0
hetero_different-chapter_00029_1995-4992-7021,s1,ungated_deflation,3,2,1.4917800818389637,0,0,0
hetero_different-chapter_00029_1995-4992-7021,s1,ungated_deflation,3,3,2.8604748576609613,0,0,0
hetero_different-chapter_00029_1995-4992-7021,s2,ungated_deflation,3,1,74.02882902390374,2,2,0
hetero_different-chapter_00029_1995-4992-7021,s2,ungated_deflation,3,2,-14.406036911318235,2,2,0
hetero_different-chapter_00029_1995-4992-7021,s2,ungated_deflation,3,3,-13.589892738642204,2,2,0
hetero_different-chapter_00029_1995-4992-7021,s3,ungated_deflation,3,1,18.13647746233665,1,1,0
hetero_different-chapter_00029_1995-4992-7021,s3,ungated_deflation,3,2,nan,1,1,0
hetero_different-chapter_00029_1995-4992-7021,s3,ungated_deflation,3,3,-5.648586724919451,1,1,0
hetero_different-chapter_00029_1995-4992-7021,s1,gated_deflation,3,1,inf,0,0,0
hetero_different-chapter_00029_1995-4992-7021,s1,gated_deflation,3,2,1.4917800818389637,0,0,0
hetero_different-chapter_00029_1995-4992-7021,s1,gated_deflation,3,3,2.8604748576609613,0,0,0
hetero_different-chapter_00029_1995-4992-7021,s2,gated_deflation,3,1,74.02882902390374,2,2,0
hetero_different-chapter_00029_1995-4992-7021,s2,gated_deflation,3,2,-14.406036911318235,2,2,0
hetero_different-chapter_00029_1995-4992-7021,s2,gated_deflation,3,3,-13.589892738642204,2,2,0
hetero_different-chapter_00029_1995-4992-7021,s3,gated_deflation,3,1,18.13647746233665,1,1,0
hetero_different-chapter_00029_1995-4992-7021,s3,gated_deflation,3,2,nan,1,1,0
hetero_different-chapter_00029_1995-4992-7021,s3,gated_deflation,3,3,-5.648586724919451,1,1,0
hetero_different-chapter_00029_1995-4992-7021,s1,coarse_to_fine,3,1,inf,,,2
hetero_different-chapter_00029_1995-4992-7021,s1,coarse_to_fine,3,2,8.746329359252554,,,2
hetero_different-chapter_00029_1995-4992-7021,s1,coarse_to_fine,3,3,4.473443145960333,,,2
hetero_different-chapter_00029_1995-4992-7021,s2,coarse_to_fine,3,1,74.30961838086382,,,2
hetero_different-chapter_00029_1995-4992-7021,s2,coarse_to_fine,3,2,-12.6152406405671,,,2
hetero_different-chapter_00029_1995-4992-7021,s2,coarse_to_fine,3,3,-7.318400452909492,,,2
hetero_different-chapter_00029_1995-4992-7021,s3,coarse_to_fine,3,1,37.04174882337533,,,2
hetero_different-chapter_00029_1995-4992-7021,s3,coarse_to_fine,3,2,nan,,,2
hetero_different-chapter_00029_1995-4992-7021,s3,coarse_to_fine,3,3,8.295389884140992,,,2
hetero_different-chapter_00030_8555-1221-6930,s1,no_recursion,3,1,inf,,,0
hetero_different-chapter_00030_8555-1221-6930,s1,no_recursion,3,2,nan,,,0
hetero_different-chapter_00030_8555-1221-6930,s1,no_recursion,3,3,1.4833763907609931,,,0
hetero_different-chapter_00030_8555-1221-6930,s2,no_recursion,3,1,62.35122067269554,,,0
hetero_different-chapter_00030_8555-1221-6930,s2,no_recursion,3,2,2.715531562481388,,,0
hetero_different-chapter_00030_8555-1221-6930,s2,no_recursion,3,3,1.0246532142146276,,,0
hetero_different-chapter_00030_8555-1221-6930,s3,no_recursion,3,1,39.42789798565279,,,0
hetero_different-chapter_00030_8555-1221-6930,s3,no_recursion,3,2,4.596298438482355,,,0
hetero_different-chapter_00030_8555-1221-6930,s3,no_recursion,3,3,2.110922356147741,,,0
hetero_different-chapter_00030_8555-1221-6930,s1,ungated_deflation,3,1,inf,0,0,0
hetero_different-chapter_00030_8555-1221-6930,s1,ungated_deflation,3,2,nan,0,0,0
hetero_different-chapter_00030_8555-1221-6930,s1,ungated_deflation,3,3,1.4833763907609931,0,0,0
hetero_different-chapter_00030_8555-1221-6930,s2,ungated_deflation,3,1,62.28203377474167,1,1,0
hetero_different-chapter_00030_8555-1221-6930,s2,ungated_deflation,3,2,2.1144649979664276,1,1,0
hetero_different-chapter_00030_8555-1221-6930,s2,ungated_deflation,3,3,-1.6875184969945671,1,1,0
hetero_different-chapter_00030_8555-1221-6930,s3,ungated_deflation,3,1,24.36293153631343,2,2,0
hetero_different-chapter_00030_8555-1221-6930,s3,ungated_deflation,3,2,0.12152336500250535,2,2,0
hetero_different-chapter_00030_8555-1221-6930,s3,ungated_deflation,3,3,-4.203262255535739,2,2,0
hetero_different-chapter_00030_8555-1221-6930,s1,gated_deflation,3,1,inf,0,0,0
hetero_different-chapter_00030_8555-1221-6930,s1,gated_deflation,3,2,nan,0,0,0
hetero_different-chapter_00030_8555-1221-6930,s1,gated_deflation,3,3,1.4833763907609931,0,0,0
hetero_different-chapter_00030_8555-1221-6930,s2,gated_deflation,3,1,62.28203377474167,1,1,0
hetero_different-chapter_00030_8555-1221-6930,s2,gated_deflation,3,2,2.1144649979664276,1,1,0
hetero_different-chapter_00030_8555-1221-6930,s2,gated_deflation,3,3,-1.6875184969945671,1,1,0
hetero_different-chapter_00030_8555-1221-6930,s3,gated_deflation,3,1,24.36293153631343,2,2,0
hetero_different-chapter_00030_8555-1221-6930,s3,gated_deflation,3,2,0.12152336500250535,2,2,0
hetero_different-chapter_00030_8555-1221-6930,s3,gated_deflation,3,3,-4.203262255535739,2,2,0
hetero_different-chapter_00030_8555-1221-6930,s1,coarse_to_fine,3,1,inf,,,2
hetero_different-chapter_00030_8555-1221-6930,s1,coarse_to_fine,3,2,nan,,,2
hetero_different-chapter_00030_8555-1221-6930,s1,coarse_to_fine,3,3,3.2310881482145586,,,2
hetero_different-chapter_00030_8555-1221-6930,s2,coarse_to_fine,3,1,61.510740935632114,,,2
hetero_different-chapter_00030_8555-1221-6930,s2,coarse_to_fine,3,2,1.5076354930824196,,,2
hetero_different-chapter_00030_8555-1221-6930,s2,coarse_to_fine,3,3,-2.256785797165428,,,2
hetero_different-chapter_00030_8555-1221-6930,s3,coarse_to_fine,3,1,37.265107597182315,,,2
hetero_different-chapter_00030_8555-1221-6930,s3,coarse_to_fine,3,2,4.277814358243994,,,2
hetero_different-chapter_00030_8555-1221-6930,s3,coarse_to_fine,3,3,4.7571904122960635,,,2
hetero_different-chapter_00031_1580-2961-4446,s1,no_recursion,3,1,inf,,,0
hetero_different-chapter_00031_1580-2961-4446,s1,no_recursion,3,2,-24.21772639830873,,,0
hetero_different-chapter_00031_1580-2961-4446,s1,no_recursion,3,3,-0.8639188673839099,,,0
hetero_different-chapter_00031_1580-2961-4446,s2,no_recursion,3,1,53.38594652876691,,,0
hetero_different-chapter_00031_1580-2961-4446,s2,no_recursion,3,2,14.448350861692719,,,0
hetero_different-chapter_00031_1580-2961-4446,s2,no_recursion,3,3,0.16606121725967857,,,0
hetero_different-chapter_00031_1580-2961-4446,s3,no_recursion,3,1,57.615768117346704,,,0
hetero_different-chapter_00031_1580-2961-4446,s3,no_recursion,3,2,nan,,,0
hetero_different-chapter_00031_1580-2961-4446,s3,no_recursion,3,3,-8.777363908409571,,,0
hetero_different-chapter_00031_1580-2961-4446,s1,ungated_deflation,3,1,inf,0,0,0
hetero_different-chapter_00031_1580-2961-4446,s1,ungated_deflation,3,2,-24.21772639830873,0,0,0
hetero_different-chapter_00031_1580-2961-4446,s1,ungated_deflation,3,3,-0.8639188673839099,0,0,0
hetero_different-chapter_00031_1580-2961-4446,s2,ungated_deflation,3,1,55.75009445101773,2,2,0
hetero_different-chapter_00031_1580-2961-4446,s2,ungated_deflation,3,2,3.824111218315758,2,2,0
hetero_different-chapter_00031_1580-2961-4446,s2,ungated_deflation,3,3,-27.898869454581106,2,2,0
hetero_different-chapter_00031_1580-2961-4446,s3,ungated_deflation,3,1,44.62381609929936,1,1,0
hetero_different-chapter_00031_1580-2961-4446,s3,ungated_deflation,3,2,nan,1,1,0
hetero_different-chapter_00031_1580-2961-4446,s3,ungated_deflation,3,3,1.4277951862882285,1,1,0
hetero_different-chapter_00031_1580-2961-4446,s1,gated_deflation,3,1,inf,0,0,0
hetero_different-chapter_00031_1580-2961-4446,s1,gated_deflation,3,2,-24.21772639830873,0,0,0
hetero_different-chapter_00031_1580-2961-4446,s1,gated_deflation,3,3,-0.8639188673839099,0,0,0
hetero_different-chapter_00031_1580-2961-4446,s2,gated_deflation,3,1,55.75009445101773,2,2,0
hetero_different-chapter_00031_1580-2961-4446,s2,gated_deflation,3,2,3.824111218315758,2,2,0
hetero_different-chapter_00031_1580-2961-4446,s2,gated_deflation,3,3,-27.898869454581106,2,2,0
hetero_different-chapter_00031_1580-2961-4446,s3,gated_deflation,3,1,44.62381609929936,1,1,0
hetero_different-chapter_00031_1580-2961-4446,s3,gated_deflation,3,2,nan,1,1,0
hetero_different-chapter_00031_1580-2961-4446,s3,gated_deflation,3,3,1.4277951862882285,1,1,0
hetero_different-chapter_00031_1580-2961-4446,s1,coarse_to_fine,3,1,inf,,,2
hetero_different-chapter_00031_1580-2961-4446,s1,coarse_to_fine,3,2,-22.630621494760398,,,2
hetero_different-chapter_00031_1580-2961-4446,s1,coarse_to_fine,3,3,-3.5574144749974703,,,2
hetero_different-chapter_00031_1580-2961-4446,s2,coarse_to_fine,3,1,54.63614055024517,,,2
hetero_different-chapter_00031_1580-2961-4446,s2,coarse_to_fine,3,2,11.146010698160696,,,2
hetero_different-chapter_00031_1580-2961-4446,s2,coarse_to_fine,3,3,0.6671928974491885,,,2
hetero_different-chapter_00031_1580-2961-4446,s3,coarse_to_fine,3,1,57.615768117346704,,,2
hetero_different-chapter_00031_1580-2961-4446,s3,coarse_to_fine,3,2,nan,,,2
hetero_different-chapter_00031_1580-2961-4446,s3,coarse_to_fine,3,3,-8.777363908409571,,,2
hetero_different-chapter_00032_121-6829-7021,s1,no_recursion,3,1,85.81784737829587,,,0
hetero_different-chapter_00032_121-6829-7021,s1,no_recursion,3,2,6.403518525176275,,,0
hetero_different-chapter_00032_121-6829-7021,s1,no_recursion,3,3,-2.9612822979740425,,,0
hetero_different-chapter_00032_121-6829-7021,s2,no_recursion,3,1,inf,,,0
hetero_different-chapter_00032_121-6829-7021,s2,no_recursion,3,2,nan,,,0
hetero_different-chapter_00032_121-6829-7021,s2,no_recursion,3,3,-3.00764356276971,,,0
hetero_different-chapter_00032_121-6829-7021,s3,no_recursion,3,1,51.981582466973606,,,0
hetero_different-chapter_00032_121-6829-7021,s3,no_recursion,3,2,11.146194406496496,,,0
hetero_different-chapter_00032_121-6829-7021,s3,no_recursion,3,3,6.409483229595892,,,0
hetero_different-chapter_00032_121-6829-7021,s1,ungated_deflation,3,1,85.81784737829587,0,0,0
hetero_different-chapter_00032_121-6829-7021,s1,ungated_deflation,3,2,6.403518525176275,0,0,0
hetero_different-chapter_00032_121-6829-7021,s1,ungated_deflation,3,3,-2.9612822979740425,0,0,0
hetero_different-chapter_00032_121-6829-7021,s2,ungated_deflation,3,1,inf,1,1,0
hetero_different-chapter_00032_121-6829-7021,s2,ungated_deflation,3,2,nan,1,1,0
hetero_different-chapter_00032_121-6829-7021,s2,ungated_deflation,3,3,-4.460461147997619,1,1,0
hetero_different-chapter_00032_121-6829-7021,s3,ungated_deflation,3,1,31.376316845499723,2,2,0
hetero_different-chapter_00032_121-6829-7021,s3,ungated_deflation,3,2,-2.003387479197018,2,2,0
hetero_different-chapter_00032_121-6829-7021,s3,ungated_deflation,3,3,-5.721272153926618,2,2,0
hetero_different-chapter_00032_121-6829-7021,s1,gated_deflation,3,1,85.81784737829587,0,0,0
hetero_different-chapter_00032_121-6829-7021,s1,gated_deflation,3,2,6.403518525176275,0,0,0
hetero_different-chapter_00032_121-6829-7021,s1,gated_deflation,3,3,-2.9612822979740425,0,0,0
hetero_different-chapter_00032_121-6829-7021,s2,gated_deflation,3,1,inf,1,1,0
hetero_different-chapter_00032_121-6829-7021,s2,gated_deflation,3,2,nan,1,1,0
hetero_different-chapter_00032_121-6829-7021,s2,gated_deflation,3,3,-4.460461147997619,1,1,0
hetero_different-chapter_00032_121-6829-7021,s3,gated_deflation,3,1,31.376316845499723,2,2,0
hetero_different-chapter_00032_121-6829-7021,s3,gated_deflation,3,2,-2.003387479197018,2,2,0
hetero_different-chapter_00032_121-6829-7021,s3,gated_deflation,3,3,-5.721272153926618,2,2,0
hetero_different-chapter_00032_121-6829-7021,s1,coarse_to_fine,3,1,87.17725584324543,,,2
hetero_different-chapter_00032_121-6829-7021,s1,coarse_to_fine,3,2,3.6768585481252685,,,2
hetero_different-chapter_00032_121-6829-7021,s1,coarse_to_fine,3,3,-3.2708221229590877,,,2
hetero_different-chapter_00032_121-6829-7021,s2,coarse_to_fine,3,1,inf,,,2
hetero_different-chapter_00032_121-6829-7021,s2,coarse_to_fine,3,2,nan,,,2
hetero_different-chapter_00032_121-6829-7021,s2,coarse_to_fine,3,3,-13.485757270428564,,,2
hetero_different-chapter_00032_121-6829-7021,s3,coarse_to_fine,3,1,51.94310631227868,,,2
hetero_different-chapter_00032_121-6829-7021,s3,coarse_to_fine,3,2,7.508925548988286,,,2
hetero_different-chapter_00032_121-6829-7021,s3,coarse_to_fine,3,3,6.68618931875895,,,2
hetero_different-chapter_00033_908-1221-8224,s1,no_recursion,3,1,61.610656170743255,,,0
hetero_different-chapter_00033_908-1221-8224,s1,no_recursion,3,2,12.668780254008336,,,0
hetero_different-chapter_00033_908-1221-8224,s1,no_recursion,3,3,0.9729993024109129,,,0
hetero_different-chapter_00033_908-1221-8224,s2,no_recursion,3,1,inf,,,0
hetero_different-chapter_00033_908-1221-8224,s2,no_recursion,3,2,2.9541557394699733,,,0
hetero_different-chapter_00033_908-1221-8224,s2,no_recursion,3,3,5.972684661819358,,,0
hetero_different-chapter_00033_908-1221-8224,s3,no_recursion,3,1,37.014828456155804,,,0
hetero_different-chapter_00033_908-1221-8224,s3,no_recursion,3,2,nan,,,0
hetero_different-chapter_00033_908-1221-8224,s3,no_recursion,3,3,3.594395135152801,,,0
hetero_different-chapter_00033_908-1221-8224,s1,ungated_deflation,3,1,61.610656170743255,0,0,0
hetero_different-chapter_00033_908-1221-8224,s1,ungated_deflation,3,2,12.668780254008336,0,0,0
hetero_different-chapter_00033_908-1221-8224,s1,ungated_deflation,3,3,0.9729993024109129,0,0,0
hetero_different-chapter_00033_908-1221-8224,s2,ungated_deflation,3,1,inf,1,1,0
hetero_different-chapter_00033_908-1221-8224,s2,ungated_deflation,3,2,0.6484032037269614,1,1,0
hetero_different-chapter_00033_908-1221-8224,s2,ungated_deflation,3,3,0.48760464144157434,1,1,0
hetero_different-chapter_00033_908-1221-8224,s3,ungated_deflation,3,1,25.845687341265403,2,2,0
hetero_different-chapter_00033_908-1221-8224,s3,ungated_deflation,3,2,nan,2,2,0
hetero_different-chapter_00033_908-1221-8224,s3,ungated_deflation,3,3,-1.8491372430326378,2,2,0
hetero_different-chapter_00033_908-1221-8224,s1,gated_deflation,3,1,61.610656170743255,0,0,0
hetero_different-chapter_00033_908-1221-8224,s1,gated_deflation,3,2,12.668780254008336,0,0,0
hetero_different-chapter_00033_908-1221-8224,s1,gated_deflation,3,3,0.9729993024109129,0,0,0
hetero_different-chapter_00033_908-1221-8224,s2,gated_deflation,3,1,inf,1,1,0
hetero_different-chapter_00033_908-1221-8224,s2,gated_deflation,3,2,0.6484032037269614,1,1,0
hetero_different-chapter_00033_908-1221-8224,s2,gated_deflation,3,3,0.48760464144157434,1,1,0
hetero_different-chapter_00033_908-1221-8224,s3,gated_deflation,3,1,25.845687341265403,2,2,0
hetero_different-chapter_00033_908-1221-8224,s3,gated_deflation,3,2,nan,2,2,0
hetero_different-chapter_00033_908-1221-8224,s3,gated_deflation,3,3,-1.8491372430326378,2,2,0
hetero_different-chapter_00033_908-1221-8224,s1,coarse_to_fine,3,1,66.18632946700649,,,2
hetero_different-chapter_00033_908-1221-8224,s1,coarse_to_fine,3,2,10.398592427890296,,,2
hetero_different-chapter_00033_908-1221-8224,s1,coarse_to_fine,3,3,-0.01912541550113427,,,2
hetero_different-chapter_00033_908-1221-8224,s2,coarse_to_fine,3,1,inf,,,2
hetero_different-chapter_00033_908-1221-8224,s2,coarse_to_fine,3,2,7.19439709049135,,,2
hetero_different-chapter_00033_908-1221-8224,s2,coarse_to_fine,3,3,2.7604357562568578,,,2
hetero_different-chapter_00033_908-1221-8224,s3,coarse_to_fine,3,1,41.711933790330264,,,2
hetero_different-chapter_00033_908-1221-8224,s3,coarse_to_fine,3,2,nan,,,2
hetero_different-chapter_00033_908-1221-8224,s3,coarse_to_fine,3,3,1.9882710714142802,,,2
hetero_different-chapter_00034_8463-1995-260,s1,no_recursion,3,1,inf,,,0
hetero_different-chapter_00034_8463-1995-260,s1,no_recursion,3,2,nan,,,0
hetero_different-chapter_00034_8463-1995-260,s1,no_recursion,3,3,-0.12296706358431038,,,0
hetero_different-chapter_00034_8463-1995-260,s2,no_recursion,3,1,70.57411871064781,,,0
hetero_different-chapter_00034_8463-1995-260,s2,no_recursion,3,2,24.57547780458889,,,0
hetero_different-chapter_00034_8463-1995-260,s2,no_recursion,3,3,2.784886151570648,,,0
hetero_different-chapter_00034_8463-1995-260,s3,no_recursion,3,1,35.048506357013714,,,0
hetero_different-chapter_00034_8463-1995-260,s3,no_recursion,3,2,-22.7707474788086,,,0
hetero_different-chapter_00034_8463-1995-260,s3,no_recursion,3,3,1.0235010123492605,,,0
hetero_different-chapter_00034_8463-1995-260,s1,ungated_deflation,3,1,inf,0,0,0
hetero_different-chapter_00034_8463-1995-260,s1,ungated_deflation,3,2,nan,0,0,0
hetero_different-chapter_00034_8463-1995-260,s1,ungated_deflation,3,3,-0.12296706358431038,0,0,0
hetero_different-chapter_00034_8463-1995-260,s2,ungated_deflation,3,1,70.50691265803655,1,1,0
hetero_different-chapter_00034_8463-1995-260,s2,ungated_deflation,3,2,20.919929269037006,1,1,0
hetero_different-chapter_00034_8463-1995-260,s2,ungated_deflation,3,3,-1.3600020768542223,1,1,0
hetero_different-chapter_00034_8463-1995-260,s3,ungated_deflation,3,1,23.63480132206991,2,2,0
hetero_different-chapter_00034_8463-1995-260,s3,ungated_deflation,3,2,-34.552264615957846,2,2,0
hetero_different-chapter_00034_8463-1995-260,s3,ungated_deflation,3,3,-8.319809384865078,2,2,0
hetero_different-chapter_00034_8463-1995-260,s1,gated_deflation,3,1,inf,0,0,0
hetero_different-chapter_00034_8463-1995-260,s1,gated_deflation,3,2,nan,0,0,0
hetero_different-chapter_00034_8463-1995-260,s1,gated_deflation,3,3,-0.12296706358431038,0,0,0
hetero_different-chapter_00034_8463-1995-260,s2,gated_deflation,3,1,70.50691265803655,1,1,0
hetero_different-chapter_00034_8463-1995-260,s2,gated_deflation,3,2,20.919929269037006,1,1,0
hetero_different-chapter_00034_8463-1995-260,s2,gated_deflation,3,3,-1.3600020768542223,1,1,0
hetero_different-chapter_00034_8463-1995-260,s3,gated_deflation,3,1,23.63480132206991,2,2,0
hetero_different-chapter_00034_8463-1995-260,s3,gated_deflation,3,2,-34.552264615957846,2,2,0
hetero_different-chapter_00034_8463-1995-260,s3,gated_deflation,3,3,-8.319809384865078,2,2,0
hetero_different-chapter_00034_8463-1995-260,s1,coarse_to_fine,3,1,inf,,,2
hetero_different-chapter_00034_8463-1995-260,s1,coarse_to_fine,3,2,nan,,,2
hetero_different-chapter_00034_8463-1995-260,s1,coarse_to_fine,3,3,1.3733849675048246,,,2
hetero_different-chapter_00034_8463-1995-260,s2,coarse_to_fine,3,1,70.52569006339213,,,2
hetero_different-chapter_00034_8463-1995-260,s2,coarse_to_fine,3,2,25.353619552580078,,,2
hetero_different-chapter_00034_8463-1995-260,s2,coarse_to_fine,3,3,6.2076017920550495,,,2
hetero_different-chapter_00034_8463-1995-260,s3,coarse_to_fine,3,1,37.71887577025603,,,2
hetero_different-chapter_00034_8463-1995-260,s3,coarse_to_fine,3,2,-18.41370277591226,,,2
hetero_different-chapter_00034_8463-1995-260,s3,coarse_to_fine,3,3,1.8235701008462721,,,2
hetero_different-chapter_00035_8463-7176-1320,s1,no_recursion,3,1,inf,,,0
hetero_different-chapter_00035_8463-7176-1320,s1,no_recursion,3,2,nan,,,0
hetero_different-chapter_00035_8463-7176-1320,s1,no_recursion,3,3,2.7252792079698813,,,0
hetero_different-chapter_00035_8463-7176-1320,s2,no_recursion,3,1,inf,,,0
hetero_different-chapter_00035_8463-7176-1320,s2,no_recursion,3,2,-6.5668945862744845,,,0
hetero_different-chapter_00035_8463-7176-1320,s2,no_recursion,3,3,-0.7715935786440855,,,0
hetero_different-chapter_00035_8463-7176-1320,s3,no_recursion,3,1,36.942779907499805,,,0
hetero_different-chapter_00035_8463-7176-1320,s3,no_recursion,3,2,5.080284928026012,,,0
hetero_different-chapter_00035_8463-7176-1320,s3,no_recursion,3,3,0.30957157521153583,,,0
hetero_different-chapter_00035_8463-7176-1320,s1,ungated_deflation,3,1,inf,0,0,0
hetero_different-chapter_00035_8463-7176-1320,s1,ungated_deflation,3,2,nan,0,0,0
hetero_different-chapter_00035_8463-7176-1320,s1,ungated_deflation,3,3,2.7252792079698813,0,0,0
hetero_different-chapter_00035_8463-7176-1320,s2,ungated_deflation,3,1,inf,1,1,0
hetero_different-chapter_00035_8463-7176-1320,s2,ungated_deflation,3,2,-5.0715160301873405,1,1,0
hetero_different-chapter_00035_8463-7176-1320,s2,ungated_deflation,3,3,-0.796881844703816,1,1,0
hetero_different-chapter_00035_8463-7176-1320,s3,ungated_deflation,3,1,32.20564950261631,2,2,0
hetero_different-chapter_00035_8463-7176-1320,s3,ungated_deflation,3,2,4.476615901092761,2,2,0
hetero_different-chapter_00035_8463-7176-1320,s3,ungated_deflation,3,3,-4.365977120887376,2,2,0
hetero_different-chapter_00035_8463-7176-1320,s1,gated_deflation,3,1,inf,0,0,0
hetero_different-chapter_00035_8463-7176-1320,s1,gated_deflation,3,2,nan,0,0,0
hetero_different-chapter_00035_8463-7176-1320,s1,gated_deflation,3,3,2.7252792079698813,0,0,0
hetero_different-chapter_00035_8463-7176-1320,s2,gated_deflation,3,1,inf,1,1,0
hetero_different-chapter_00035_8463-7176-1320,s2,gated_deflation,3,2,-5.0715160301873405,1,1,0
hetero_different-chapter_00035_8463-7176-1320,s2,gated_deflation,3,3,-0.796881844703816,1,1,0
hetero_different-chapter_00035_8463-7176-1320,s3,gated_deflation,3,1,32.20564950261631,2,2,0
hetero_different-chapter_00035_8463-7176-1320,s3,gated_deflation,3,2,4.476615901092761,2,2,0
hetero_different-chapter_00035_8463-7176-1320,s3,gated_deflation,3,3,-4.365977120887376,2,2,0
hetero_different-chapter_00035_8463-7176-1320,s1,coarse_to_fine,3,1,inf,,,2
hetero_different-chapter_00035_8463-7176-1320,s1,coarse_to_fine,3,2,nan,,,2
hetero_different-chapter_00035_8463-7176-1320,s1,coarse_to_fine,3,3,1.6616245093139284,,,2
hetero_different-chapter_00035_8463-7176-1320,s2,coarse_to_fine,3,1,inf,,,2
hetero_different-chapter_00035_8463-7176-1320,s2,coarse_to_fine,3,2,-6.5668945862744845,,,2
hetero_different-chapter_00035_8463-7176-1320,s2,coarse_to_fine,3,3,-0.7715935786440855,,,2
hetero_different-chapter_00035_8463-7176-1320,s3,coarse_to_fine,3,1,36.942779907499805,,,2
hetero_different-chapter_00035_8463-7176-1320,s3,coarse_to_fine,3,2,5.080284928026012,,,2
hetero_different-chapter_00035_8463-7176-1320,s3,coarse_to_fine,3,3,0.30957157521153583,,,2
hetero_different-chapter_00036_5105-61-4970,s1,no_recursion,3,1,57.92803353911005,,,0
hetero_different-chapter_00036_5105-61-4970,s1,no_recursion,3,2,15.337413694156483,,,0
hetero_different-chapter_00036_5105-61-4970,s1,no_recursion,3,3,-3.5360383889421314,,,0
hetero_different-chapter_00036_5105-61-4970,s2,no_recursion,3,1,inf,,,0
hetero_different-chapter_00036_5105-61-4970,s2,no_recursion,3,2,nan,,,0
hetero_different-chapter_00036_5105-61-4970,s2,no_recursion,3,3,7.331545070853006,,,0
hetero_different-chapter_00036_5105-61-4970,s3,no_recursion,3,1,37.26577354617091,,,0
hetero_different-chapter_00036_5105-61-4970,s3,no_recursion,3,2,-16.21930688828083,,,0
hetero_different-chapter_00036_5105-61-4970,s3,no_recursion,3,3,4.230779314513155,,,0
hetero_different-chapter_00036_5105-61-4970,s1,ungated_deflation,3,1,53.58560120291788,2,2,0
hetero_different-chapter_00036_5105-61-4970,s1,ungated_deflation,3,2,11.059373794366165,2,2,0
hetero_different-chapter_00036_5105-61-4970,s1,ungated_deflation,3,3,-3.523273854347644,2,2,0
hetero_different-chapter_00036_5105-61-4970,s2,ungated_deflation,3,1,inf,0,0,0
hetero_different-chapter_00036_5105-61-4970,s2,ungated_deflation,3,2,nan,0,0,0
hetero_different-chapter_00036_5105-61-4970,s2,ungated_deflation,3,3,7.331545070853006,0,0,0
hetero_different-chapter_00036_5105-61-4970,s3,ungated_deflation,3,1,31.309124124696584,1,1,0
hetero_different-chapter_00036_5105-61-4970,s3,ungated_deflation,3,2,-17.332366350141253,1,1,0
hetero_different-chapter_00036_5105-61-4970,s3,ungated_deflation,3,3,0.04291959613069457,1,1,0
hetero_different-chapter_00036_5105-61-4970,s1,gated_deflation,3,1,53.58560120291788,2,2,0
hetero_different-chapter_00036_5105-61-4970,s1,gated_deflation,3,2,11.059373794366165,2,2,0
hetero_different-chapter_00036_5105-61-4970,s1,gated_deflation,3,3,-3.523273854347644,2,2,0
hetero_different-chapter_00036_5105-61-4970,s2,gated_deflation,3,1,inf,0,0,0
hetero_different-chapter_00036_5105-61-4970,s2,gated_deflation,3,2,nan,0,0,0
hetero_different-chapter_00036_5105-61-4970,s2,gated_deflation,3,3,7.331545070853006,0,0,0
hetero_different-chapter_00036_5105-61-4970,s3,gated_deflation,3,1,31.309124124696584,1,1,0
hetero_different-chapter_00036_5105-61-4970,s3,gated_deflation,3,2,-17.332366350141253,1,1,0
hetero_different-chapter_00036_5105-61-4970,s3,gated_deflation,3,3,0.04291959613069457,1,1,0
hetero_different-chapter_00036_5105-61-4970,s1,coarse_to_fine,3,1,57.92803353911005,,,2
hetero_different-chapter_00036_5105-61-4970,s1,coarse_to_fine,3,2,15.337413694156483,,,2
hetero_different-chapter_00036_5105-61-4970,s1,coarse_to_fine,3,3,-3.5360383889421314,,,2
hetero_different-chapter_00036_5105-61-4970,s2,coarse_to_fine,3,1,inf,,,2
hetero_different-chapter_00036_5105-61-4970,s2,coarse_to_fine,3,2,nan,,,2
hetero_different-chapter_00036_5105-61-4970,s2,coarse_to_fine,3,3,7.710479052740688,,,2
hetero_different-chapter_00036_5105-61-4970,s3,coarse_to_fine,3,1,38.23635791154106,,,2
hetero_different-chapter_00036_5105-61-4970,s3,coarse_to_fine,3,2,-10.716629668697582,,,2
hetero_different-chapter_00036_5105-61-4970,s3,coarse_to_fine,3,3,4.180319667372815,,,2
hetero_different-chapter_00037_3570-6829-4992,s1,no_recursion,3,1,inf,,,0
hetero_different-chapter_00037_3570-6829-4992,s1,no_recursion,3,2,17.44502201325767,,,0
hetero_different-chapter_00037_3570-6829-4992,s1,no_recursion,3,3,6.525115529314479,,,0
hetero_different-chapter_00037_3570-6829-4992,s2,no_recursion,3,1,inf,,,0
hetero_different-chapter_00037_3570-6829-4992,s2,no_recursion,3,2,nan,,,0
hetero_different-chapter_00037_3570-6829-4992,s2,no_recursion,3,3,3.4451354321007304,,,0
hetero_different-chapter_00037_3570-6829-4992,s3,no_recursion,3,1,54.69070541543775,,,0
hetero_different-chapter_00037_3570-6829-4992,s3,no_recursion,3,2,8.733299849255094,,,0
hetero_different-chapter_00037_3570-6829-4992,s3,no_recursion,3,3,-9.637935873144283,,,0
hetero_different-chapter_00037_3570-6829-4992,s1,ungated_deflation,3,1,inf,0,0,0
hetero_different-chapter_00037_3570-6829-4992,s1,ungated_deflation,3,2,17.44502201325767,0,0,0
hetero_different-chapter_00037_3570-6829-4992,s1,ungated_deflation,3,3,6.525115529314479,0,0,0
hetero_different-chapter_00037_3570-6829-4992,s2,ungated_deflation,3,1,inf,1,1,0
hetero_different-chapter_00037_3570-6829-4992,s2,ungated_deflation,3,2,nan,1,1,0
hetero_different-chapter_00037_3570-6829-4992,s2,ungated_deflation,3,3,-5.0319848980359065,1,1,0
hetero_different-chapter_00037_3570-6829-4992,s3,ungated_deflation,3,1,43.96433764664789,2,2,0
hetero_different-chapter_00037_3570-6829-4992,s3,ungated_deflation,3,2,-24.985674726222484,2,2,0
hetero_different-chapter_00037_3570-6829-4992,s3,ungated_deflation,3,3,-16.444897526443206,2,2,0
hetero_different-chapter_00037_3570-6829-4992,s1,gated_deflation,3,1,inf,0,0,0
hetero_different-chapter_00037_3570-6829-4992,s1,gated_deflation,3,2,17.44502201325767,0,0,0
hetero_different-chapter_00037_3570-6829-4992,s1,gated_deflation,3,3,6.525115529314479,0,0,0
hetero_different-chapter_00037_3570-6829-4992,s2,gated_deflation,3,1,inf,1,1,0
hetero_different-chapter_00037_3570-6829-4992,s2,gated_deflation,3,2,nan,1,1,0
hetero_different-chapter_00037_3570-6829-4992,s2,gated_deflation,3,3,-5.0319848980359065,1,1,0
hetero_different-chapter_00037_3570-6829-4992,s3,gated_deflation,3,1,43.96433764664789,2,2,0
hetero_different-chapter_00037_3570-6829-4992,s3,gated_deflation,3,2,-24.985674726222484,2,2,0
hetero_different-chapter_00037_3570-6829-4992,s3,gated_deflation,3,3,-16.444897526443206,2,2,0
hetero_different-chapter_00037_3570-6829-4992,s1,coarse_to_fine,3,1,inf,,,2
hetero_different-chapter_00037_3570-6829-4992,s1,coarse_to_fine,3,2,17.484705100031977,,,2
hetero_different-chapter_00037_3570-6829-4992,s1,coarse_to_fine,3,3,6.735929727908928,,,2
hetero_different-chapter_00037_3570-6829-4992,s2,coarse_to_fine,3,1,inf,,,2
hetero_different-chapter_00037_3570-6829-4992,s2,coarse_to_fine,3,2,nan,,,2
hetero_different-chapter_00037_3570-6829-4992,s2,coarse_to_fine,3,3,-0.9426755065073789,,,2
hetero_different-chapter_00037_3570-6829-4992,s3,coarse_to_fine,3,1,54.69070541543775,,,2
hetero_different-chapter_00037_3570-6829-4992,s3,coarse_to_fine,3,2,8.733299849255094,,,2
hetero_different-chapter_00037_3570-6829-4992,s3,coarse_to_fine,3,3,-9.637935873144283,,,2
hetero_different-chapter_00038_1089-237-5142,s1,no_recursion,3,1,51.00404497434325,,,0
hetero_different-chapter_00038_1089-237-5142,s1,no_recursion,3,2,19.660034768299642,,,0
hetero_different-chapter_00038_1089-237-5142,s1,no_recursion,3,3,8.814360761344819,,,0
hetero_different-chapter_00038_1089-237-5142,s2,no_recursion,3,1,inf,,,0
hetero_different-chapter_00038_1089-237-5142,s2,no_recursion,3,2,-12.314774525100251,,,0
hetero_different-chapter_00038_1089-237-5142,s2,no_recursion,3,3,0.4499124740463326,,,0
hetero_different-chapter_00038_1089-237-5142,s3,no_recursion,3,1,49.54682057543363,,,0
hetero_different-chapter_00038_1089-237-5142,s3,no_recursion,3,2,nan,,,0
hetero_different-chapter_00038_1089-237-5142,s3,no_recursion,3,3,-2.6101653202462387,,,0
hetero_different-chapter_00038_1089-237-5142,s1,ungated_deflation,3,1,53.6002954593703,2,2,0
hetero_different-chapter_00038_1089-237-5142,s1,ungated_deflation,3,2,13.660801333908932,2,2,0
hetero_different-chapter_00038_1089-237-5142,s1,ungated_deflation,3,3,-2.6364159745995197,2,2,0
hetero_different-chapter_00038_1089-237-5142,s2,ungated_deflation,3,1,inf,0,0,0
hetero_different-chapter_00038_1089-237-5142,s2,ungated_deflation,3,2,-12.314774525100251,0,0,0
hetero_different-chapter_00038_1089-237-5142,s2,ungated_deflation,3,3,0.4499124740463326,0,0,0
hetero_different-chapter_00038_1089-237-5142,s3,ungated_deflation,3,1,45.94823112471491,1,1,0
hetero_different-chapter_00038_1089-237-5142,s3,ungated_deflation,3,2,nan,1,1,0
hetero_different-chapter_00038_1089-237-5142,s3,ungated_deflation,3,3,-4.7791230906983015,1,1,0
hetero_different-chapter_00038_1089-237-5142,s1,gated_deflation,3,1,53.6002954593703,2,2,0
hetero_different-chapter_00038_1089-237-5142,s1,gated_deflation,3,2,13.660801333908932,2,2,0
hetero_different-chapter_00038_1089-237-5142,s1,gated_deflation,3,3,-2.6364159745995197,2,2,0
hetero_different-chapter_00038_1089-237-5142,s2,gated_deflation,3,1,inf,0,0,0
hetero_different-chapter_00038_1089-237-5142,s2,gated_deflation,3,2,-12.314774525100251,0,0,0
hetero_different-chapter_00038_1089-237-5142,s2,gated_deflation,3,3,0.4499124740463326,0,0,0
hetero_different-chapter_00038_1089-237-5142,s3,gated_deflation,3,1,45.94823112471491,1,1,0
hetero_different-chapter_00038_1089-237-5142,s3,gated_deflation,3,2,nan,1,1,0
hetero_different-chapter_00038_1089-237-5142,s3,gated_deflation,3,3,-4.7791230906983015,1,1,0
hetero_different-chapter_00038_1089-237-5142,s1,coarse_to_fine,3,1,50.97905005473721,,,2
hetero_different-chapter_00038_1089-237-5142,s1,coarse_to_fine,3,2,19.495386443058326,,,2
hetero_different-chapter_00038_1089-237-5142,s1,coarse_to_fine,3,3,8.031966601628625,,,2
hetero_different-chapter_00038_1089-237-5142,s2,coarse_to_fine,3,1,inf,,,2
hetero_different-chapter_00038_1089-237-5142,s2,coarse_to_fine,3,2,-12.10916997004084,,,2
hetero_different-chapter_00038_1089-237-5142,s2,coarse_to_fine,3,3,-4.881254679051417,,,2
hetero_different-chapter_00038_1089-237-5142,s3,coarse_to_fine,3,1,49.54682057543363,,,2
hetero_different-chapter_00038_1089-237-5142,s3,coarse_to_fine,3,2,nan,,,2
hetero_different-chapter_00038_1089-237-5142,s3,coarse_to_fine,3,3,-2.6101653202462387,,,2
hetero_different-chapter_00039_5142-121-7127,s1,no_recursion,3,1,inf,,,0
hetero_different-chapter_00039_5142-121-7127,s1,no_recursion,3,2,nan,,,0
hetero_different-chapter_00039_5142-121-7127,s1,no_recursion,3,3,1.6213892247582808,,,0
hetero_different-chapter_00039_5142-121-7127,s2,no_recursion,3,1,67.14056957674777,,,0
hetero_different-chapter_00039_5142-121-7127,s2,no_recursion,3,2,12.670701159278497,,,0
hetero_different-chapter_00039_5142-121-7127,s2,no_recursion,3,3,-8.411798330613369,,,0
hetero_different-chapter_00039_5142-121-7127,s3,no_recursion,3,1,36.703396887772904,,,0
hetero_different-chapter_00039_5142-121-7127,s3,no_recursion,3,2,-1.4057521746008628,,,0
hetero_different-chapter_00039_5142-121-7127,s3,no_recursion,3,3,-0.05484717221068548,,,0
hetero_different-chapter_00039_5142-121-7127,s1,ungated_deflation,3,1,inf,0,0,0
hetero_different-chapter_00039_5142-121-7127,s1,ungated_deflation,3,2,nan,0,0,0
hetero_different-chapter_00039_5142-121-7127,s1,ungated_deflation,3,3,1.6213892247582808,0,0,0
hetero_different-chapter_00039_5142-121-7127,s2,ungated_deflation,3,1,59.5379167386518,2,2,0
hetero_different-chapter_00039_5142-121-7127,s2,ungated_deflation,3,2,-4.825819035670481,2,2,0
hetero_different-chapter_00039_5142-121-7127,s2,ungated_deflation,3,3,-18.390904330036516,2,2,0
hetero_different-chapter_00039_5142-121-7127,s3,ungated_deflation,3,1,38.358441314640544,1,1,0
hetero_different-chapter_00039_5142-121-7127,s3,ungated_deflation,3,2,-0.4598979878903906,1,1,0
hetero_different-chapter_00039_5142-121-7127,s3,ungated_deflation,3,3,-7.234558641203806,1,1,0
hetero_different-chapter_00039_5142-121-7127,s1,gated_deflation,3,1,inf,0,0,0
hetero_different-chapter_00039_5142-121-7127,s1,gated_deflation,3,2,nan,0,0,0
hetero_different-chapter_00039_5142-121-7127,s1,gated_deflation,3,3,1.6213892247582808,0,0,0
hetero_different-chapter_00039_5142-121-7127,s2,gated_deflation,3,1,59.5379167386518,2,2,0
hetero_different-chapter_00039_5142-121-7127,s2,gated_deflation,3,2,-4.825819035670481,2,2,0
hetero_different-chapter_00039_5142-121-7127,s2,gated_deflation,3,3,-18.390904330036516,2,2,0
hetero_different-chapter_00039_5142-121-7127,s3,gated_deflation,3,1,38.358441314640544,1,1,0
hetero_different-chapter_00039_5142-121-7127,s3,gated_deflation,3,2,-0.4598979878903906,1,1,0
hetero_different-chapter_00039_5142-121-7127,s3,gated_deflation,3,3,-7.234558641203806,1,1,0
hetero_different-chapter_00039_5142-121-7127,s1,coarse_to_fine,3,1,inf,,,2
hetero_different-chapter_00039_5142-121-7127,s1,coarse_to_fine,3,2,nan,,,2
hetero_different-chapter_00039_5142-121-7127,s1,coarse_to_fine,3,3,-1.027496843963812,,,2
hetero_different-chapter_00039_5142-121-7127,s2,coarse_to_fine,3,1,67.14056957674777,,,2
hetero_different-chapter_00039_5142-121-7127,s2,coarse_to_fine,3,2,12.670701159278497,,,2
hetero_different-chapter_00039_5142-121-7127,s2,coarse_to_fine,3,3,-8.411798330613369,,,2
hetero_different-chapter_00039_5142-121-7127,s3,coarse_to_fine,3,1,37.02354253748818,,,2
hetero_different-chapter_00039_5142-121-7127,s3,coarse_to_fine,3,2,-6.038765287673708,,,2
hetero_different-chapter_00039_5142-121-7127,s3,coarse_to_fine,3,3,0.9339502076305719,,,2
hetero_different-chapter_00040_5142-8224-7127,s1,no_recursion,3,1,50.56685674705789,,,0
hetero_different-chapter_00040_5142-8224-7127,s1,no_recursion,3,2,3.3277527169714323,,,0
hetero_different-chapter_00040_5142-8224-7127,s1,no_recursion,3,3,0.40934607174830834,,,0
hetero_different-chapter_00040_5142-8224-7127,s2,no_recursion,3,1,inf,,,0
hetero_different-chapter_00040_5142-8224-7127,s2,no_recursion,3,2,nan,,,0
hetero_different-chapter_00040_5142-8224-7127,s2,no_recursion,3,3,5.084912383415913,,,0
hetero_different-chapter_00040_5142-8224-7127,s3,no_recursion,3,1,37.498235346528055,,,0
hetero_different-chapter_00040_5142-8224-7127,s3,no_recursion,3,2,-20.564972963999413,,,0
hetero_different-chapter_00040_5142-8224-7127,s3,no_recursion,3,3,-3.7849789438030896,,,0
hetero_different-chapter_00040_5142-8224-7127,s1,ungated_deflation,3,1,50.56685674705789,0,0,0
hetero_different-chapter_00040_5142-8224-7127,s1,ungated_deflation,3,2,3.3277527169714323,0,0,0
hetero_different-chapter_00040_5142-8224-7127,s1,ungated_deflation,3,3,0.40934607174830834,0,0,0
hetero_different-chapter_00040_5142-8224-7127,s2,ungated_deflation,3,1,inf,1,1,0
hetero_different-chapter_00040_5142-8224-7127,s2,ungated_deflation,3,2,nan,1,1,0
hetero_different-chapter_00040_5142-8224-7127,s2,ungated_deflation,3,3,-7.076133829355219,1,1,0
hetero_different-chapter_00040_5142-8224-7127,s3,ungated_deflation,3,1,32.148089581885024,2,2,0
hetero_different-chapter_00040_5142-8224-7127,s3,ungated_deflation,3,2,-20.506339389411217,2,2,0
hetero_different-chapter_00040_5142-8224-7127,s3,ungated_deflation,3,3,-7.318016914644922,2,2,0
hetero_different-chapter_00040_5142-8224-7127,s1,gated_deflation,3,1,50.56685674705789,0,0,0
hetero_different-chapter_00040_5142-8224-7127,s1,gated_deflation,3,2,3.3277527169714323,0,0,0
hetero_different-chapter_00040_5142-8224-7127,s1,gated_deflation,3,3,0.40934607174830834,0,0,0
hetero_different-chapter_00040_5142-8224-7127,s2,gated_deflation,3,1,inf,1,1,0
hetero_different-chapter_00040_5142-8224-7127,s2,gated_deflation,3,2,nan,1,1,0
hetero_different-chapter_00040_5142-8224-7127,s2,gated_deflation,3,3,-7.076133829355219,1,1,0
hetero_different-chapter_00040_5142-8224-7127,s3,gated_deflation,3,1,32.148089581885024,2,2,0
hetero_different-chapter_00040_5142-8224-7127,s3,gated_deflation,3,2,-20.506339389411217,2,2,0
hetero_different-chapter_00040_5142-8224-7127,s3,gated_deflation,3,3,-7.318016914644922,2,2,0
hetero_different-chapter_00040_5142-8224-7127,s1,coarse_to_fine,3,1,57.830846074866464,,,2
hetero_different-chapter_00040_5142-8224-7127,s1,coarse_to_fine,3,2,9.761000561440085,,,2
hetero_different-chapter_00040_5142-8224-7127,s1,coarse_to_fine,3,3,0.5978504245725489,,,2
hetero_different-chapter_00040_5142-8224-7127,s2,coarse_to_fine,3,1,inf,,,2
hetero_different-chapter_00040_5142-8224-7127,s2,coarse_to_fine,3,2,nan,,,2
hetero_different-chapter_00040_5142-8224-7127,s2,coarse_to_fine,3,3,5.084912383415913,,,2
hetero_different-chapter_00040_5142-8224-7127,s3,coarse_to_fine,3,1,37.498235346528055,,,2
hetero_different-chapter_00040_5142-8224-7127,s3,coarse_to_fine,3,2,-20.564972963999413,,,2
hetero_different-chapter_00040_5142-8224-7127,s3,coarse_to_fine,3,3,-3.7849789438030896,,,2
hetero_different-chapter_00041_8555-61-1284,s1,no_recursion,3,1,inf,,,0
hetero_different-chapter_00041_8555-61-1284,s1,no_recursion,3,2,nan,,,0
hetero_different-chapter_00041_8555-61-1284,s1,no_recursion,3,3,3.3587852165385885,,,0
hetero_different-chapter_00041_8555-61-1284,s2,no_recursion,3,1,51.70751598425866,,,0
hetero_different-chapter_00041_8555-61-1284,s2,no_recursion,3,2,8.739931384290308,,,0
hetero_different-chapter_00041_8555-61-1284,s2,no_recursion,3,3,5.073712825242469,,,0
hetero_different-chapter_00041_8555-61-1284,s3,no_recursion,3,1,28.31655982241322,,,0
hetero_different-chapter_00041_8555-61-1284,s3,no_recursion,3,2,0.00455604250754791,,,0
hetero_different-chapter_00041_8555-61-1284,s3,no_recursion,3,3,-2.6528061324631196,,,0
hetero_different-chapter_00041_8555-61-1284,s1,ungated_deflation,3,1,inf,0,0,0
hetero_different-chapter_00041_8555-61-1284,s1,ungated_deflation,3,2,nan,0,0,0
hetero_different-chapter_00041_8555-61-1284,s1,ungated_deflation,3,3,3.3587852165385885,0,0,0
hetero_different-chapter_00041_8555-61-1284,s2,ungated_deflation,3,1,51.774127709714044,1,1,0
hetero_different-chapter_00041_8555-61-1284,s2,ungated_deflation,3,2,7.074841540007956,1,1,0
hetero_different-chapter_00041_8555-61-1284,s2,ungated_deflation,3,3,0.6503415336319794,1,1,0
hetero_different-chapter_00041_8555-61-1284,s3,ungated_deflation,3,1,24.11428625276345,2,2,0
hetero_different-chapter_00041_8555-61-1284,s3,ungated_deflation,3,2,-4.184238876323664,2,2,0
hetero_different-chapter_00041_8555-61-1284,s3,ungated_deflation,3,3,-13.859218550365265,2,2,0
hetero_different-chapter_00041_8555-61-1284,s1,gated_deflation,3,1,inf,0,0,0
hetero_different-chapter_00041_8555-61-1284,s1,gated_deflation,3,2,nan,0,0,0
hetero_different-chapter_00041_8555-61-1284,s1,gated_deflation,3,3,3.3587852165385885,0,0,0
hetero_different-chapter_00041_8555-61-1284,s2,gated_deflation,3,1,51.774127709714044,1,1,0
hetero_different-chapter_00041_8555-61-1284,s2,gated_deflation,3,2,7.074841540007956,1,1,0
hetero_different-chapter_00041_8555-61-1284,s2,gated_deflation,3,3,0.6503415336319794,1,1,0
hetero_different-chapter_00041_8555-61-1284,s3,gated_deflation,3,1,24.11428625276345,2,2,0
hetero_different-chapter_00041_8555-61-1284,s3,gated_deflation,3,2,-4.184238876323664,2,2,0
hetero_different-chapter_00041_8555-61-1284,s3,gated_deflation,3,3,-13.859218550365265,2,2,0
hetero_different-chapter_00041_8555-61-1284,s1,coarse_to_fine,3,1,inf,,,2
hetero_different-chapter_00041_8555-61-1284,s1,coarse_to_fine,3,2,nan,,,2
hetero_different-chapter_00041_8555-61-1284,s1,coarse_to_fine,3,3,2.575885928194623,,,2
hetero_different-chapter_00041_8555-61-1284,s2,coarse_to_fine,3,1,50.47199797975712,,,2
hetero_different-chapter_00041_8555-61-1284,s2,coarse_to_fine,3,2,8.395491742573334,,,2
hetero_different-chapter_00041_8555-61-1284,s2,coarse_to_fine,3,3,4.919039632761381,,,2
hetero_different-chapter_00041_8555-61-1284,s3,coarse_to_fine,3,1,28.89623029911876,,,2
hetero_different-chapter_00041_8555-61-1284,s3,coarse_to_fine,3,2,7.224637335739041,,,2
hetero_different-chapter_00041_8555-61-1284,s3,coarse_to_fine,3,3,5.273875783768246,,,2
hetero_different-chapter_00042_7176-5142-5683,s1,no_recursion,3,1,inf,,,0
hetero_different-chapter_00042_7176-5142-5683,s1,no_recursion,3,2,nan,,,0
hetero_different-chapter_00042_7176-5142-5683,s1,no_recursion,3,3,6.154772880388525,,,0
hetero_different-chapter_00042_7176-5142-5683,s2,no_recursion,3,1,53.69918707372496,,,0
hetero_different-chapter_00042_7176-5142-5683,s2,no_recursion,3,2,-1.4940519464576252,,,0
hetero_different-chapter_00042_7176-5142-5683,s2,no_recursion,3,3,-4.404614749416411,,,0
hetero_different-chapter_00042_7176-5142-5683,s3,no_recursion,3,1,42.90295991969601,,,0
hetero_different-chapter_00042_7176-5142-5683,s3,no_recursion,3,2,9.365366079653322,,,0
hetero_different-chapter_00042_7176-5142-5683,s3,no_recursion,3,3,4.148870901418459,,,0
hetero_different-chapter_00042_7176-5142-5683,s1,ungated_deflation,3,1,inf,0,0,0
hetero_different-chapter_00042_7176-5142-5683,s1,ungated_deflation,3,2,nan,0,0,0
hetero_different-chapter_00042_7176-5142-5683,s1,ungated_deflation,3,3,6.154772880388525,0,0,0
hetero_different-chapter_00042_7176-5142-5683,s2,ungated_deflation,3,1,54.03784183956249,1,1,0
hetero_different-chapter_00042_7176-5142-5683,s2,ungated_deflation,3,2,-5.882736550490577,1,1,0
hetero_different-chapter_00042_7176-5142-5683,s2,ungated_deflation,3,3,-9.473366942354144,1,1,0
hetero_different-chapter_00042_7176-5142-5683,s3,ungated_deflation,3,1,27.885344235371075,2,2,0
hetero_different-chapter_00042_7176-5142-5683,s3,ungated_deflation,3,2,7.075929932007469,2,2,0
hetero_different-chapter_00042_7176-5142-5683,s3,ungated_deflation,3,3,-2.5791429775761716,2,2,0
hetero_different-chapter_00042_7176-5142-5683,s1,gated_deflation,3,1,inf,0,0,0
hetero_different-chapter_00042_7176-5142-5683,s1,gated_deflation,3,2,nan,0,0,0
hetero_different-chapter_00042_7176-5142-5683,s1,gated_deflation,3,3,6.154772880388525,0,0,0
hetero_different-chapter_00042_7176-5142-5683,s2,gated_deflation,3,1,54.03784183956249,1,1,0
hetero_different-chapter_00042_7176-5142-5683,s2,gated_deflation,3,2,-5.882736550490577,1,1,0
hetero_different-chapter_00042_7176-5142-5683,s2,gated_deflation,3,3,-9.473366942354144,1,1,0
hetero_different-chapter_00042_7176-5142-5683,s3,gated_deflation,3,1,27.885344235371075,2,2,0
hetero_different-chapter_00042_7176-5142-5683,s3,gated_deflation,3,2,7.075929932007469,2,2,0
hetero_different-chapter_00042_7176-5142-5683,s3,gated_deflation,3,3,-2.5791429775761716,2,2,0
hetero_different-chapter_00042_7176-5142-5683,s1,coarse_to_fine,3,1,inf,,,2
hetero_different-chapter_00042_7176-5142-5683,s1,coarse_to_fine,3,2,nan,,,2
hetero_different-chapter_00042_7176-5142-5683,s1,coarse_to_fine,3,3,5.867688406882483,,,2
hetero_different-chapter_00042_7176-5142-5683,s2,coarse_to_fine,3,1,51.694966528293385,,,2
hetero_different-chapter_00042_7176-5142-5683,s2,coarse_to_fine,3,2,1.5416276846050438,,,2
hetero_different-chapter_00042_7176-5142-5683,s2,coarse_to_fine,3,3,-3.8731561875845486,,,2
hetero_different-chapter_00042_7176-5142-5683,s3,coarse_to_fine,3,1,42.90295991969601,,,2
hetero_different-chapter_00042_7176-5142-5683,s3,coarse_to_fine,3,2,9.365366079653322,,,2
hetero_different-chapter_00042_7176-5142-5683,s3,coarse_to_fine,3,3,4.148870901418459,,,2
hetero_different-chapter_00043_1320-3570-2830,s1,no_recursion,3,1,61.393278193655206,,,0
hetero_different-chapter_00043_1320-3570-2830,s1,no_recursion,3,2,17.231611451588865,,,0
hetero_different-chapter_00043_1320-3570-2830,s1,no_recursion,3,3,3.6470916667096938,,,0
hetero_different-chapter_00043_1320-3570-2830,s2,no_recursion,3,1,inf,,,0
hetero_different-chapter_00043_1320-3570-2830,s2,no_recursion,3,2,-7.922973249823297,,,0
hetero_different-chapter_00043_1320-3570-2830,s2,no_recursion,3,3,4.1486670645340595,,,0
hetero_different-chapter_00043_1320-3570-2830,s3,no_recursion,3,1,40.75054595562385,,,0
hetero_different-chapter_00043_1320-3570-2830,s3,no_recursion,3,2,nan,,,0
hetero_different-chapter_00043_1320-3570-2830,s3,no_recursion,3,3,-4.316373903092353,,,0
hetero_different-chapter_00043_1320-3570-2830,s1,ungated_deflation,3,1,61.393278193655206,0,0,0
hetero_different-chapter_00043_1320-3570-2830,s1,ungated_deflation,3,2,17.231611451588865,0,0,0
hetero_different-chapter_00043_1320-3570-2830,s1,ungated_deflation,3,3,3.6470916667096938,0,0,0
hetero_different-chapter_00043_1320-3570-2830,s2,ungated_deflation,3,1,inf,1,1,0
hetero_different-chapter_00043_1320-3570-2830,s2,ungated_deflation,3,2,-24.07977116519611,1,1,0
hetero_different-chapter_00043_1320-3570-2830,s2,ungated_deflation,3,3,-18.09887404041756,1,1,0
hetero_different-chapter_00043_1320-3570-2830,s3,ungated_deflation,3,1,7.440308332596711,2,2,0
hetero_different-chapter_00043_1320-3570-2830,s3,ungated_deflation,3,2,nan,2,2,0
hetero_different-chapter_00043_1320-3570-2830,s3,ungated_deflation,3,3,-8.22749190541437,2,2,0
hetero_different-chapter_00043_1320-3570-2830,s1,gated_deflation,3,1,61.393278193655206,0,0,0
hetero_different-chapter_00043_1320-3570-2830,s1,gated_deflation,3,2,17.231611451588865,0,0,0
hetero_different-chapter_00043_1320-3570-2830,s1,gated_deflation,3,3,3.6470916667096938,0,0,0
hetero_different-chapter_00043_1320-3570-2830,s2,gated_deflation,3,1,inf,1,1,0
hetero_different-chapter_00043_1320-3570-2830,s2,gated_deflation,3,2,-24.07977116519611,1,1,0
hetero_different-chapter_00043_1320-3570-2830,s2,gated_deflation,3,3,-18.09887404041756,1,1,0
hetero_different-chapter_00043_1320-3570-2830,s3,gated_deflation,3,1,7.440308332596711,2,2,0
hetero_different-chapter_00043_1320-3570-2830,s3,gated_deflation,3,2,nan,2,2,0
hetero_different-chapter_00043_1320-3570-2830,s3,gated_deflation,3,3,-8.22749190541437,2,2,0
hetero_different-chapter_00043_1320-3570-2830,s1,coarse_to_fine,3,1,59.400307259735456,,,2
hetero_different-chapter_00043_1320-3570-2830,s1,coarse_to_fine,3,2,16.74155922048231,,,2
hetero_different-chapter_00043_1320-3570-2830,s1,coarse_to_fine,3,3,3.712811405158152,,,2
hetero_different-chapter_00043_1320-3570-2830,s2,coarse_to_fine,3,1,inf,,,2
hetero_different-chapter_00043_1320-3570-2830,s2,coarse_to_fine,3,2,-19.98381685523488,,,2
hetero_different-chapter_00043_1320-3570-2830,s2,coarse_to_fine,3,3,-7.9695437136251535,,,2
hetero_different-chapter_00043_1320-3570-2830,s3,coarse_to_fine,3,1,40.75054595562385,,,2
hetero_different-chapter_00043_1320-3570-2830,s3,coarse_to_fine,3,2,nan,,,2
hetero_different-chapter_00043_1320-3570-2830,s3,coarse_to_fine,3,3,-4.316373903092353,,,2
hetero_different-chapter_00044_5142-4446-260,s1,no_recursion,3,1,inf,,,0
hetero_different-chapter_00044_5142-4446-260,s1,no_recursion,3,2,nan,,,0
hetero_different-chapter_00044_5142-4446-260,s1,no_recursion,3,3,2.7148031200114127,,,0
hetero_different-chapter_00044_5142-4446-260,s2,no_recursion,3,1,78.88786957394616,,,0
hetero_different-chapter_00044_5142-4446-260,s2,no_recursion,3,2,16.43527297026093,,,0
hetero_different-chapter_00044_5142-4446-260,s2,no_recursion,3,3,-5.826438534014622,,,0
hetero_different-chapter_00044_5142-4446-260,s3,no_recursion,3,1,36.491707173797494,,,0
hetero_different-chapter_00044_5142-4446-260,s3,no_recursion,3,2,-17.53231341031497,,,0
hetero_different-chapter_00044_5142-4446-260,s3,no_recursion,3,3,9.636041952067018,,,0
hetero_different-chapter_00044_5142-4446-260,s1,ungated_deflation,3,1,inf,0,0,0
hetero_different-chapter_00044_5142-4446-260,s1,ungated_deflation,3,2,nan,0,0,0
hetero_different-chapter_00044_5142-4446-260,s1,ungated_deflation,3,3,2.7148031200114127,0,0,0
hetero_different-chapter_00044_5142-4446-260,s2,ungated_deflation,3,1,70.87338477041885,2,2,0
hetero_different-chapter_00044_5142-4446-260,s2,ungated_deflation,3,2,14.944112762203305,2,2,0
hetero_different-chapter_00044_5142-4446-260,s2,ungated_deflation,3,3,-5.955189446541463,2,2,0
hetero_different-chapter_00044_5142-4446-260,s3,ungated_deflation,3,1,25.094295015235055,1,1,0
hetero_different-chapter_00044_5142-4446-260,s3,ungated_deflation,3,2,-15.622273002886942,1,1,0
hetero_different-chapter_00044_5142-4446-260,s3,ungated_deflation,3,3,1.47507795513664,1,1,0
hetero_different-chapter_00044_5142-4446-260,s1,gated_deflation,3,1,inf,0,0,0
hetero_different-chapter_00044_5142-4446-260,s1,gated_deflation,3,2,nan,0,0,0
hetero_different-chapter_00044_5142-4446-260,s1,gated_deflation,3,3,2.7148031200114127,0,0,0
hetero_different-chapter_00044_5142-4446-260,s2,gated_deflation,3,1,67.39215629347923,2,1,0
hetero_different-chapter_00044_5142-4446-260,s2,gated_deflation,3,2,15.54856582156177,2,1,0
hetero_different-chapter_00044_5142-4446-260,s2,gated_deflation,3,3,-3.562280991735606,2,1,0
hetero_different-chapter_00044_5142-4446-260,s3,gated_deflation,3,1,36.491707173797494,1,0,0
hetero_different-chapter_00044_5142-4446-260,s3,gated_deflation,3,2,-17.53231341031497,1,0,0
hetero_different-chapter_00044_5142-4446-260,s3,gated_deflation,3,3,9.636041952067018,1,0,0
hetero_different-chapter_00044_5142-4446-260,s1,coarse_to_fine,3,1,inf,,,2
hetero_different-chapter_00044_5142-4446-260,s1,coarse_to_fine,3,2,nan,,,2
hetero_different-chapter_00044_5142-4446-260,s1,coarse_to_fine,3,3,2.7148031200114127,,,2
hetero_different-chapter_00044_5142-4446-260,s2,coarse_to_fine,3,1,78.88786957394616,,,2
hetero_different-chapter_00044_5142-4446-260,s2,coarse_to_fine,3,2,16.43527297026093,,,2
hetero_different-chapter_00044_5142-4446-260,s2,coarse_to_fine,3,3,-5.826438534014622,,,2
hetero_different-chapter_00044_5142-4446-260,s3,coarse_to_fine,3,1,41.26993171935993,,,2
hetero_different-chapter_00044_5142-4446-260,s3,coarse_to_fine,3,2,-20.07164647689967,,,2
hetero_different-chapter_00044_5142-4446-260,s3,coarse_to_fine,3,3,9.073321998631785,,,2
hetero_different-chapter_00045_6829-3570-7021,s1,no_recursion,3,1,inf,,,0
hetero_different-chapter_00045_6829-3570-7021,s1,no_recursion,3,2,-15.948333543589063,,,0
hetero_different-chapter_00045_6829-3570-7021,s1,no_recursion,3,3,-0.5000615055501485,,,0
hetero_different-chapter_00045_6829-3570-7021,s2,no_recursion,3,1,69.4232788562414,,,0
hetero_different-chapter_00045_6829-3570-7021,s2,no_recursion,3,2,17.097037355299044,,,0
hetero_different-chapter_00045_6829-3570-7021,s2,no_recursion,3,3,5.20465882891124,,,0
hetero_different-chapter_00045_6829-3570-7021,s3,no_recursion,3,1,34.31340566489872,,,0
hetero_different-chapter_00045_6829-3570-7021,s3,no_recursion,3,2,nan,,,0
hetero_different-chapter_00045_6829-3570-7021,s3,no_recursion,3,3,-0.09428564455237624,,,0
hetero_different-chapter_00045_6829-3570-7021,s1,ungated_deflation,3,1,inf,0,0,0
hetero_different-chapter_00045_6829-3570-7021,s1,ungated_deflation,3,2,-15.948333543589063,0,0,0
hetero_different-chapter_00045_6829-3570-7021,s1,ungated_deflation,3,3,-0.5000615055501485,0,0,0
hetero_different-chapter_00045_6829-3570-7021,s2,ungated_deflation,3,1,71.70438911409971,1,1,0
hetero_different-chapter_00045_6829-3570-7021,s2,ungated_deflation,3,2,-2.52490037770459,1,1,0
hetero_different-chapter_00045_6829-3570-7021,s2,ungated_deflation,3,3,-12.144419181524977,1,1,0
hetero_different-chapter_00045_6829-3570-7021,s3,ungated_deflation,3,1,24.83383282750015,2,2,0
hetero_different-chapter_00045_6829-3570-7021,s3,ungated_deflation,3,2,nan,2,2,0
hetero_different-chapter_00045_6829-3570-7021,s3,ungated_deflation,3,3,-8.254687967436684,2,2,0
hetero_different-chapter_00045_6829-3570-7021,s1,gated_deflation,3,1,inf,0,0,0
hetero_different-chapter_00045_6829-3570-7021,s1,gated_deflation,3,2,-15.948333543589063,0,0,0
hetero_different-chapter_00045_6829-3570-7021,s1,gated_deflation,3,3,-0.5000615055501485,0,0,0
hetero_different-chapter_00045_6829-3570-7021,s2,gated_deflation,3,1,71.70438911409971,1,1,0
hetero_different-chapter_00045_6829-3570-7021,s2,gated_deflation,3,2,-2.52490037770459,1,1,0
hetero_different-chapter_00045_6829-3570-7021,s2,gated_deflation,3,3,-12.144419181524977,1,1,0
hetero_different-chapter_00045_6829-3570-7021,s3,gated_deflation,3,1,24.83383282750015,2,2,0
hetero_different-chapter_00045_6829-3570-7021,s3,gated_deflation,3,2,nan,2,2,0
hetero_different-chapter_00045_6829-3570-7021,s3,gated_deflation,3,3,-8.254687967436684,2,2,0
hetero_different-chapter_00045_6829-3570-7021,s1,coarse_to_fine,3,1,inf,,,2
hetero_different-chapter_00045_6829-3570-7021,s1,coarse_to_fine,3,2,-15.948333543589063,,,2
hetero_different-chapter_00045_6829-3570-7021,s1,coarse_to_fine,3,3,-0.5000615055501485,,,2
hetero_different-chapter_00045_6829-3570-7021,s2,coarse_to_fine,3,1,68.5260380779527,,,2
hetero_different-chapter_00045_6829-3570-7021,s2,coarse_to_fine,3,2,19.277660686937335,,,2
hetero_different-chapter_00045_6829-3570-7021,s2,coarse_to_fine,3,3,5.571242744838224,,,2
hetero_different-chapter_00045_6829-3570-7021,s3,coarse_to_fine,3,1,34.31340566489872,,,2
hetero_different-chapter_00045_6829-3570-7021,s3,coarse_to_fine,3,2,nan,,,2
hetero_different-chapter_00045_6829-3570-7021,s3,coarse_to_fine,3,3,-0.09428564455237624,,,2
hetero_different-chapter_00046_2830-1089-4992,s1,no_recursion,3,1,inf,,,0
hetero_different-chapter_00046_2830-1089-4992,s1,no_recursion,3,2,nan,,,0
hetero_different-chapter_00046_2830-1089-4992,s1,no_recursion,3,3,-16.56476429661676,,,0
hetero_different-chapter_00046_2830-1089-4992,s2,no_recursion,3,1,46.67231326157264,,,0
hetero_different-chapter_00046_2830-1089-4992,s2,no_recursion,3,2,4.023056494168204,,,0
hetero_different-chapter_00046_2830-1089-4992,s2,no_recursion,3,3,-1.6773157945668495,,,0
hetero_different-chapter_00046_2830-1089-4992,s3,no_recursion,3,1,44.74141796484616,,,0
hetero_different-chapter_00046_2830-1089-4992,s3,no_recursion,3,2,-17.775313825520012,,,0
hetero_different-chapter_00046_2830-1089-4992,s3,no_recursion,3,3,-5.57773607214158,,,0
hetero_different-chapter_00046_2830-1089-4992,s1,ungated_deflation,3,1,inf,0,0,0
hetero_different-chapter_00046_2830-1089-4992,s1,ungated_deflation,3,2,nan,0,0,0
hetero_different-chapter_00046_2830-1089-4992,s1,ungated_deflation,3,3,-16.56476429661676,0,0,0
hetero_different-chapter_00046_2830-1089-4992,s2,ungated_deflation,3,1,43.686108655970095,2,2,0
hetero_different-chapter_00046_2830-1089-4992,s2,ungated_deflation,3,2,13.795002717698996,2,2,0
hetero_different-chapter_00046_2830-1089-4992,s2,ungated_deflation,3,3,-2.175244744391933,2,2,0
hetero_different-chapter_00046_2830-1089-4992,s3,ungated_deflation,3,1,33.71426363975662,1,1,0
hetero_different-chapter_00046_2830-1089-4992,s3,ungated_deflation,3,2,-18.04361465956324,1,1,0
hetero_different-chapter_00046_2830-1089-4992,s3,ungated_deflation,3,3,-10.21402155189892,1,1,0
hetero_different-chapter_00046_2830-1089-4992,s1,gated_deflation,3,1,inf,0,0,0
hetero_different-chapter_00046_2830-1089-4992,s1,gated_deflation,3,2,nan,0,0,0
hetero_different-chapter_00046_2830-1089-4992,s1,gated_deflation,3,3,-16.56476429661676,0,0,0
hetero_different-chapter_00046_2830-1089-4992,s2,gated_deflation,3,1,43.686108655970095,2,2,0
hetero_different-chapter_00046_2830-1089-4992,s2,gated_deflation,3,2,13.795002717698996,2,2,0
hetero_different-chapter_00046_2830-1089-4992,s2,gated_deflation,3,3,-2.175244744391933,2,2,0
hetero_different-chapter_00046_2830-1089-4992,s3,gated_deflation,3,1,33.71426363975662,1,1,0
hetero_different-chapter_00046_2830-1089-4992,s3,gated_deflation,3,2,-18.04361465956324,1,1,0
hetero_different-chapter_00046_2830-1089-4992,s3,gated_deflation,3,3,-10.21402155189892,1,1,0
hetero_different-chapter_00046_2830-1089-4992,s1,coarse_to_fine,3,1,inf,,,2
hetero_different-chapter_00046_2830-1089-4992,s1,coarse_to_fine,3,2,nan,,,2
hetero_different-chapter_00046_2830-1089-4992,s1,coarse_to_fine,3,3,-16.56476429661676,,,2
hetero_different-chapter_00046_2830-1089-4992,s2,coarse_to_fine,3,1,46.67231326157264,,,2
hetero_different-chapter_00046_2830-1089-4992,s2,coarse_to_fine,3,2,4.023056494168204,,,2
hetero_different-chapter_00046_2830-1089-4992,s2,coarse_to_fine,3,3,-1.6773157945668495,,,2
hetero_different-chapter_00046_2830-1089-4992,s3,coarse_to_fine,3,1,46.85062047018886,,,2
hetero_different-chapter_00046_2830-1089-4992,s3,coarse_to_fine,3,2,-19.55529286242286,,,2
hetero_different-chapter_00046_2830-1089-4992,s3,coarse_to_fine,3,3,-17.985370769893258,,,2
hetero_different-chapter_00047_1089-1221-1995,s1,no_recursion,3,1,inf,,,0
hetero_different-chapter_00047_1089-1221-1995,s1,no_recursion,3,2,-3.0348555985334826,,,0
hetero_different-chapter_00047_1089-1221-1995,s1,no_recursion,3,3,5.786397396124141,,,0
hetero_different-chapter_00047_1089-1221-1995,s2,no_recursion,3,1,56.07018350894488,,,0
hetero_different-chapter_00047_1089-1221-1995,s2,no_recursion,3,2,7.133034130308468,,,0
hetero_different-chapter_00047_1089-1221-1995,s2,no_recursion,3,3,1.3332362902175694,,,0
hetero_different-chapter_00047_1089-1221-1995,s3,no_recursion,3,1,32.689996406674254,,,0
hetero_different-chapter_00047_1089-1221-1995,s3,no_recursion,3,2,nan,,,0
hetero_different-chapter_00047_1089-1221-1995,s3,no_recursion,3,3,9.473751495782368,,,0
hetero_different-chapter_00047_1089-1221-1995,s1,ungated_deflation,3,1,inf,0,0,0
hetero_different-chapter_00047_1089-1221-1995,s1,ungated_deflation,3,2,-3.0348555985334826,0,0,0
hetero_different-chapter_00047_1089-1221-1995,s1,ungated_deflation,3,3,5.786397396124141,0,0,0
hetero_different-chapter_00047_1089-1221-1995,s2,ungated_deflation,3,1,63.14254212040231,1,1,0
hetero_different-chapter_00047_1089-1221-1995,s2,ungated_deflation,3,2,-3.0738745019520115,1,1,0
hetero_different-chapter_00047_1089-1221-1995,s2,ungated_deflation,3,3,-9.777671430124355,1,1,0
hetero_different-chapter_00047_1089-1221-1995,s3,ungated_deflation,3,1,17.97888516093569,2,2,0
hetero_different-chapter_00047_1089-1221-1995,s3,ungated_deflation,3,2,nan,2,2,0
hetero_different-chapter_00047_1089-1221-1995,s3,ungated_deflation,3,3,1.712403400785418,2,2,0
hetero_different-chapter_00047_1089-1221-1995,s1,gated_deflation,3,1,inf,0,0,0
hetero_different-chapter_00047_1089-1221-1995,s1,gated_deflation,3,2,-3.0348555985334826,0,0,0
hetero_different-chapter_00047_1089-1221-1995,s1,gated_deflation,3,3,5.786397396124141,0,0,0
hetero_different-chapter_00047_1089-1221-1995,s2,gated_deflation,3,1,63.14254212040231,1,1,0
hetero_different-chapter_00047_1089-1221-1995,s2,gated_deflation,3,2,-3.0738745019520115,1,1,0
hetero_different-chapter_00047_1089-1221-1995,s2,gated_deflation,3,3,-9.777671430124355,1,1,0
hetero_different-chapter_00047_1089-1221-1995,s3,gated_deflation,3,1,17.97888516093569,2,2,0
hetero_different-chapter_00047_1089-1221-1995,s3,gated_deflation,3,2,nan,2,2,0
hetero_different-chapter_00047_1089-1221-1995,s3,gated_deflation,3,3,1.712403400785418,2,2,0
hetero_different-chapter_00047_1089-1221-1995,s1,coarse_to_fine,3,1,inf,,,2
hetero_different-chapter_00047_1089-1221-1995,s1,coarse_to_fine,3,2,-3.4821284799053984,,,2
hetero_different-chapter_00047_1089-1221-1995,s1,coarse_to_fine,3,3,4.973822803167877,,,2
hetero_different-chapter_00047_1089-1221-1995,s2,coarse_to_fine,3,1,52.73958553428951,,,2
hetero_different-chapter_00047_1089-1221-1995,s2,coarse_to_fine,3,2,1.680766638131417,,,2
hetero_different-chapter_00047_1089-1221-1995,s2,coarse_to_fine,3,3,0.8031289990940914,,,2
hetero_different-chapter_00047_1089-1221-1995,s3,coarse_to_fine,3,1,34.06618080765398,,,2
hetero_different-chapter_00047_1089-1221-1995,s3,coarse_to_fine,3,2,nan,,,2
hetero_different-chapter_00047_1089-1221-1995,s3,coarse_to_fine,3,3,8.890229664632054,,,2
hetero_different-chapter_00048_6930-1320-61,s1,no_recursion,3,1,inf,,,0
hetero_different-chapter_00048_6930-1320-61,s1,no_recursion,3,2,-10.70668842943454,,,0
hetero_different-chapter_00048_6930-1320-61,s1,no_recursion,3,3,0.17920005028159863,,,0
hetero_different-chapter_00048_6930-1320-61,s2,no_recursion,3,1,51.87150171584133,,,0
hetero_different-chapter_00048_6930-1320-61,s2,no_recursion,3,2,18.7589916865574,,,0
hetero_different-chapter_00048_6930-1320-61,s2,no_recursion,3,3,-2.6624705653375003,,,0
hetero_different-chapter_00048_6930-1320-61,s3,no_recursion,3,1,47.71153652535162,,,0
hetero_different-chapter_00048_6930-1320-61,s3,no_recursion,3,2,nan,,,0
hetero_different-chapter_00048_6930-1320-61,s3,no_recursion,3,3,-2.4756542369641696,,,0
hetero_different-chapter_00048_6930-1320-61,s1,ungated_deflation,3,1,inf,0,0,0
hetero_different-chapter_00048_6930-1320-61,s1,ungated_deflation,3,2,-10.70668842943454,0,0,0
hetero_different-chapter_00048_6930-1320-61,s1,ungated_deflation,3,3,0.17920005028159863,0,0,0
hetero_different-chapter_00048_6930-1320-61,s2,ungated_deflation,3,1,51.90358887365338,2,2,0
hetero_different-chapter_00048_6930-1320-61,s2,ungated_deflation,3,2,5.762164626212822,2,2,0
hetero_different-chapter_00048_6930-1320-61,s2,ungated_deflation,3,3,-6.709890951898576,2,2,0
hetero_different-chapter_00048_6930-1320-61,s3,ungated_deflation,3,1,47.319989053740116,1,1,0
hetero_different-chapter_00048_6930-1320-61,s3,ungated_deflation,3,2,nan,1,1,0
hetero_different-chapter_00048_6930-1320-61,s3,ungated_deflation,3,3,-1.1372459714305987,1,1,0
hetero_different-chapter_00048_6930-1320-61,s1,gated_deflation,3,1,inf,0,0,0
hetero_different-chapter_00048_6930-1320-61,s1,gated_deflation,3,2,-10.70668842943454,0,0,0
hetero_different-chapter_00048_6930-1320-61,s1,gated_deflation,3,3,0.17920005028159863,0,0,0
hetero_different-chapter_00048_6930-1320-61,s2,gated_deflation,3,1,51.90358887365338,2,2,0
hetero_different-chapter_00048_6930-1320-61,s2,gated_deflation,3,2,5.762164626212822,2,2,0
hetero_different-chapter_00048_6930-1320-61,s2,gated_deflation,3,3,-6.709890951898576,2,2,0
hetero_different-chapter_00048_6930-1320-61,s3,gated_deflation,3,1,47.319989053740116,1,1,0
hetero_different-chapter_00048_6930-1320-61,s3,gated_deflation,3,2,nan,1,1,0
hetero_different-chapter_00048_6930-1320-61,s3,gated_deflation,3,3,-1.1372459714305987,1,1,0
hetero_different-chapter_00048_6930-1320-61,s1,coarse_to_fine,3,1,inf,,,2
hetero_different-chapter_00048_6930-1320-61,s1,coarse_to_fine,3,2,-12.921139481863499,,,2
hetero_different-chapter_00048_6930-1320-61,s1,coarse_to_fine,3,3,-7.096546696562029,,,2
hetero_different-chapter_00048_6930-1320-61,s2,coarse_to_fine,3,1,51.87150171584133,,,2
hetero_different-chapter_00048_6930-1320-61,s2,coarse_to_fine,3,2,18.7589916865574,,,2
hetero_different-chapter_00048_6930-1320-61,s2,coarse_to_fine,3,3,-2.6624705653375003,,,2
hetero_different-chapter_00048_6930-1320-61,s3,coarse_to_fine,3,1,47.71153652535162,,,2
hetero_different-chapter_00048_6930-1320-61,s3,coarse_to_fine,3,2,nan,,,2
hetero_different-chapter_00048_6930-1320-61,s3,coarse_to_fine,3,3,-2.4756542369641696,,,2
hetero_different-chapter_00049_61-237-8224,s1,no_recursion,3,1,41.09705485988975,,,0
hetero_different-chapter_00049_61-237-8224,s1,no_recursion,3,2,13.545780256827092,,,0
hetero_different-chapter_00049_61-237-8224,s1,no_recursion,3,3,2.2732624161582167,,,0
hetero_different-chapter_00049_61-237-8224,s2,no_recursion,3,1,inf,,,0
hetero_different-chapter_00049_61-237-8224,s2,no_recursion,3,2,nan,,,0
hetero_different-chapter_00049_61-237-8224,s2,no_recursion,3,3,1.0821361734028554,,,0
hetero_different-chapter_00049_61-237-8224,s3,no_recursion,3,1,50.19576076097195,,,0
hetero_different-chapter_00049_61-237-8224,s3,no_recursion,3,2,-5.10308484437597,,,0
hetero_different-chapter_00049_61-237-8224,s3,no_recursion,3,3,3.916610407477241,,,0
hetero_different-chapter_00049_61-237-8224,s1,ungated_deflation,3,1,37.595120572167794,2,2,0
hetero_different-chapter_00049_61-237-8224,s1,ungated_deflation,3,2,5.726341203978559,2,2,0
hetero_different-chapter_00049_61-237-8224,s1,ungated_deflation,3,3,-3.2371658327152892,2,2,0
hetero_different-chapter_00049_61-237-8224,s2,ungated_deflation,3,1,inf,0,0,0
hetero_different-chapter_00049_61-237-8224,s2,ungated_deflation,3,2,nan,0,0,0
hetero_different-chapter_00049_61-237-8224,s2,ungated_deflation,3,3,1.0821361734028554,0,0,0
hetero_different-chapter_00049_61-237-8224,s3,ungated_deflation,3,1,52.53757294206112,1,1,0
hetero_different-chapter_00049_61-237-8224,s3,ungated_deflation,3,2,-11.64043594627312,1,1,0
hetero_different-chapter_00049_61-237-8224,s3,ungated_deflation,3,3,-4.519646674319336,1,1,0
hetero_different-chapter_00049_61-237-8224,s1,gated_deflation,3,1,37.595120572167794,2,2,0
hetero_different-chapter_00049_61-237-8224,s1,gated_deflation,3,2,5.726341203978559,2,2,0
hetero_different-chapter_00049_61-237-8224,s1,gated_deflation,3,3,-3.2371658327152892,2,2,0
hetero_different-chapter_00049_61-237-8224,s2,gated_deflation,3,1,inf,0,0,0
hetero_different-chapter_00049_61-237-8224,s2,gated_deflation,3,2,nan,0,0,0
hetero_different-chapter_00049_61-237-8224,s2,gated_deflation,3,3,1.0821361734028554,0,0,0
hetero_different-chapter_00049_61-237-8224,s3,gated_deflation,3,1,52.53757294206112,1,1,0
hetero_different-chapter_00049_61-237-8224,s3,gated_deflation,3,2,-11.64043594627312,1,1,0
hetero_different-chapter_00049_61-237-8224,s3,gated_deflation,3,3,-4.519646674319336,1,1,0
hetero_different-chapter_00049_61-237-8224,s1,coarse_to_fine,3,1,44.001968098588684,,,2
hetero_different-chapter_00049_61-237-8224,s1,coarse_to_fine,3,2,-3.8751733230133727,,,2
hetero_different-chapter_00049_61-237-8224,s1,coarse_to_fine,3,3,-2.533472019530377,,,2
hetero_different-chapter_00049_61-237-8224,s2,coarse_to_fine,3,1,inf,,,2
hetero_different-chapter_00049_61-237-8224,s2,coarse_to_fine,3,2,nan,,,2
hetero_different-chapter_00049_61-237-8224,s2,coarse_to_fine,3,3,-1.2388943197925755,,,2
hetero_different-chapter_00049_61-237-8224,s3,coarse_to_fine,3,1,50.19576076097195,,,2
hetero_different-chapter_00049_61-237-8224,s3,coarse_to_fine,3,2,-5.10308484437597,,,2
hetero_different-chapter_00049_61-237-8224,s3,coarse_to_fine,3,3,3.916610407477241,,,2
hetero_different-chapter_00050_6829-121-7021,s1,no_recursion,3,1,inf,,,0
hetero_different-chapter_00050_6829-121-7021,s1,no_recursion,3,2,-6.470889832196671,,,0
hetero_different-chapter_00050_6829-121-7021,s1,no_recursion,3,3,-0.12917053839469883,,,0
hetero_different-chapter_00050_6829-121-7021,s2,no_recursion,3,1,74.03984584503004,,,0
hetero_different-chapter_00050_6829-121-7021,s2,no_recursion,3,2,3.8826909177207165,,,0
hetero_different-chapter_00050_6829-121-7021,s2,no_recursion,3,3,-1.6197720862355234,,,0
hetero_different-chapter_00050_6829-121-7021,s3,no_recursion,3,1,49.43551033752296,,,0
hetero_different-chapter_00050_6829-121-7021,s3,no_recursion,3,2,nan,,,0
hetero_different-chapter_00050_6829-121-7021,s3,no_recursion,3,3,6.506266913766753,,,0
hetero_different-chapter_00050_6829-121-7021,s1,ungated_deflation,3,1,inf,0,0,0
hetero_different-chapter_00050_6829-121-7021,s1,ungated_deflation,3,2,-6.470889832196671,0,0,0
hetero_different-chapter_00050_6829-121-7021,s1,ungated_deflation,3,3,-0.12917053839469883,0,0,0
hetero_different-chapter_00050_6829-121-7021,s2,ungated_deflation,3,1,62.57437945332535,1,1,0
hetero_different-chapter_00050_6829-121-7021,s2,ungated_deflation,3,2,4.998234174160978,1,1,0
hetero_different-chapter_00050_6829-121-7021,s2,ungated_deflation,3,3,-1.78046201292109,1,1,0
hetero_different-chapter_00050_6829-121-7021,s3,ungated_deflation,3,1,23.236505568803487,2,2,0
hetero_different-chapter_00050_6829-121-7021,s3,ungated_deflation,3,2,nan,2,2,0
hetero_different-chapter_00050_6829-121-7021,s3,ungated_deflation,3,3,-1.5367052363259353,2,2,0
hetero_different-chapter_00050_6829-121-7021,s1,gated_deflation,3,1,inf,0,0,0
hetero_different-chapter_00050_6829-121-7021,s1,gated_deflation,3,2,-6.470889832196671,0,0,0
hetero_different-chapter_00050_6829-121-7021,s1,gated_deflation,3,3,-0.12917053839469883,0,0,0
hetero_different-chapter_00050_6829-121-7021,s2,gated_deflation,3,1,62.57437945332535,1,1,0
hetero_different-chapter_00050_6829-121-7021,s2,gated_deflation,3,2,4.998234174160978,1,1,0
hetero_different-chapter_00050_6829-121-7021,s2,gated_deflation,3,3,-1.78046201292109,1,1,0
hetero_different-chapter_00050_6829-121-7021,s3,gated_deflation,3,1,23.236505568803487,2,2,0
hetero_different-chapter_00050_6829-121-7021,s3,gated_deflation,3,2,nan,2,2,0
hetero_different-chapter_00050_6829-121-7021,s3,gated_deflation,3,3,-1.5367052363259353,2,2,0
hetero_different-chapter_00050_6829-121-7021,s1,coarse_to_fine,3,1,inf,,,2
hetero_different-chapter_00050_6829-121-7021,s1,coarse_to_fine,3,2,-1.4315354879427273,,,2
hetero_different-chapter_00050_6829-121-7021,s1,coarse_to_fine,3,3,-0.7458097547425493,,,2
hetero_different-chapter_00050_6829-121-7021,s2,coarse_to_fine,3,1,74.03984584503004,,,2
hetero_different-chapter_00050_6829-121-7021,s2,coarse_to_fine,3,2,3.8826909177207165,,,2
hetero_different-chapter_00050_6829-121-7021,s2,coarse_to_fine,3,3,-1.6197720862355234,,,2
hetero_different-chapter_00050_6829-121-7021,s3,coarse_to_fine,3,1,49.790013524237324,,,2
hetero_different-chapter_00050_6829-121-7021,s3,coarse_to_fine,3,2,nan,,,2
hetero_different-chapter_00050_6829-121-7021,s3,coarse_to_fine,3,3,4.923388098476726,,,2
hetero_different-chapter_00051_1580-4077-61,s1,no_recursion,3,1,inf,,,0
hetero_different-chapter_00051_1580-4077-61,s1,no_recursion,3,2,nan,,,0
hetero_different-chapter_00051_1580-4077-61,s1,no_recursion,3,3,3.746004638596996,,,0
hetero_different-chapter_00051_1580-4077-61,s2,no_recursion,3,1,inf,,,0
hetero_different-chapter_00051_1580-4077-61,s2,no_recursion,3,2,-2.600660200170069,,,0
hetero_different-chapter_00051_1580-4077-61,s2,no_recursion,3,3,-1.2506753052108648,,,0
hetero_different-chapter_00051_1580-4077-61,s3,no_recursion,3,1,49.568512175540384,,,0
hetero_different-chapter_00051_1580-4077-61,s3,no_recursion,3,2,6.5556742602498055,,,0
hetero_different-chapter_00051_1580-4077-61,s3,no_recursion,3,3,0.8810230031864407,,,0
hetero_different-chapter_00051_1580-4077-61,s1,ungated_deflation,3,1,inf,0,0,0
hetero_different-chapter_00051_1580-4077-61,s1,ungated_deflation,3,2,nan,0,0,0
hetero_different-chapter_00051_1580-4077-61,s1,ungated_deflation,3,3,3.746004638596996,0,0,0
hetero_different-chapter_00051_1580-4077-61,s2,ungated_deflation,3,1,inf,1,1,0
hetero_different-chapter_00051_1580-4077-61,s2,ungated_deflation,3,2,-6.670901254963857,1,1,0
hetero_different-chapter_00051_1580-4077-61,s2,ungated_deflation,3,3,-6.886548095924586,1,1,0
hetero_different-chapter_00051_1580-4077-61,s3,ungated_deflation,3,1,37.56877477573026,2,2,0
hetero_different-chapter_00051_1580-4077-61,s3,ungated_deflation,3,2,7.339673975663205,2,2,0
hetero_different-chapter_00051_1580-4077-61,s3,ungated_deflation,3,3,2.915401532162746,2,2,0
hetero_different-chapter_00051_1580-4077-61,s1,gated_deflation,3,1,inf,0,0,0
hetero_different-chapter_00051_1580-4077-61,s1,gated_deflation,3,2,nan,0,0,0
hetero_different-chapter_00051_1580-4077-61,s1,gated_deflation,3,3,3.746004638596996,0,0,0
hetero_different-chapter_00051_1580-4077-61,s2,gated_deflation,3,1,inf,1,1,0
hetero_different-chapter_00051_1580-4077-61,s2,gated_deflation,3,2,-6.670901254963857,1,1,0
hetero_different-chapter_00051_1580-4077-61,s2,gated_deflation,3,3,-6.886548095924586,1,1,0
hetero_different-chapter_00051_1580-4077-61,s3,gated_deflation,3,1,37.56877477573026,2,2,0
hetero_different-chapter_00051_1580-4077-61,s3,gated_deflation,3,2,7.339673975663205,2,2,0
hetero_different-chapter_00051_1580-4077-61,s3,gated_deflation,3,3,2.915401532162746,2,2,0
hetero_different-chapter_00051_1580-4077-61,s1,coarse_to_fine,3,1,inf,,,2
hetero_different-chapter_00051_1580-4077-61,s1,coarse_to_fine,3,2,nan,,,2
hetero_different-chapter_00051_1580-4077-61,s1,coarse_to_fine,3,3,2.3417847737930138,,,2
hetero_different-chapter_00051_1580-4077-61,s2,coarse_to_fine,3,1,inf,,,2
hetero_different-chapter_00051_1580-4077-61,s2,coarse_to_fine,3,2,-7.1230855295748094,,,2
hetero_different-chapter_00051_1580-4077-61,s2,coarse_to_fine,3,3,-6.026692889354839,,,2
hetero_different-chapter_00051_1580-4077-61,s3,coarse_to_fine,3,1,49.568512175540384,,,2
hetero_different-chapter_00051_1580-4077-61,s3,coarse_to_fine,3,2,6.5556742602498055,,,2
hetero_different-chapter_00051_1580-4077-61,s3,coarse_to_fine,3,3,0.8810230031864407,,,2
hetero_different-chapter_00052_2961-1580-237,s1,no_recursion,3,1,50.76388793908413,,,0
hetero_different-chapter_00052_2961-1580-237,s1,no_recursion,3,2,19.90798846964733,,,0
hetero_different-chapter_00052_2961-1580-237,s1,no_recursion,3,3,1.37622066121206,,,0
hetero_different-chapter_00052_2961-1580-237,s2,no_recursion,3,1,inf,,,0
hetero_different-chapter_00052_2961-1580-237,s2,no_recursion,3,2,nan,,,0
hetero_different-chapter_00052_2961-1580-237,s2,no_recursion,3,3,-0.3495010668316413,,,0
hetero_different-chapter_00052_2961-1580-237,s3,no_recursion,3,1,42.1791895829037,,,0
hetero_different-chapter_00052_2961-1580-237,s3,no_recursion,3,2,-39.35260241840081,,,0
hetero_different-chapter_00052_2961-1580-237,s3,no_recursion,3,3,-9.529316491223089,,,0
hetero_different-chapter_00052_2961-1580-237,s1,ungated_deflation,3,1,45.47307812556725,2,2,0
hetero_different-chapter_00052_2961-1580-237,s1,ungated_deflation,3,2,11.089208936453677,2,2,0
hetero_different-chapter_00052_2961-1580-237,s1,ungated_deflation,3,3,-7.766429164208873,2,2,0
hetero_different-chapter_00052_2961-1580-237,s2,ungated_deflation,3,1,inf,0,0,0
hetero_different-chapter_00052_2961-1580-237,s2,ungated_deflation,3,2,nan,0,0,0
hetero_different-chapter_00052_2961-1580-237,s2,ungated_deflation,3,3,-0.3495010668316413,0,0,0
hetero_different-chapter_00052_2961-1580-237,s3,ungated_deflation,3,1,42.07179064626747,1,1,0
hetero_different-chapter_00052_2961-1580-237,s3,ungated_deflation,3,2,-31.499840713860042,1,1,0
hetero_different-chapter_00052_2961-1580-237,s3,ungated_deflation,3,3,-8.72768951362579,1,1,0
hetero_different-chapter_00052_2961-1580-237,s1,gated_deflation,3,1,45.47307812556725,2,2,0
hetero_different-chapter_00052_2961-1580-237,s1,gated_deflation,3,2,11.089208936453677,2,2,0
hetero_different-chapter_00052_2961-1580-237,s1,gated_deflation,3,3,-7.766429164208873,2,2,0
hetero_different-chapter_00052_2961-1580-237,s2,gated_deflation,3,1,inf,0,0,0
hetero_different-chapter_00052_2961-1580-237,s2,gated_deflation,3,2,nan,0,0,0
hetero_different-chapter_00052_2961-1580-237,s2,gated_deflation,3,3,-0.3495010668316413,0,0,0
hetero_different-chapter_00052_2961-1580-237,s3,gated_deflation,3,1,42.07179064626747,1,1,0
hetero_different-chapter_00052_2961-1580-237,s3,gated_deflation,3,2,-31.499840713860042,1,1,0
hetero_different-chapter_00052_2961-1580-237,s3,gated_deflation,3,3,-8.72768951362579,1,1,0
hetero_different-chapter_00052_2961-1580-237,s1,coarse_to_fine,3,1,51.05544073850417,,,2
hetero_different-chapter_00052_2961-1580-237,s1,coarse_to_fine,3,2,20.92108781944799,,,2
hetero_different-chapter_00052_2961-1580-237,s1,coarse_to_fine,3,3,2.408382192343981,,,2
hetero_different-chapter_00052_2961-1580-237,s2,coarse_to_fine,3,1,inf,,,2
hetero_different-chapter_00052_2961-1580-237,s2,coarse_to_fine,3,2,nan,,,2
hetero_different-chapter_00052_2961-1580-237,s2,coarse_to_fine,3,3,-0.3495010668316413,,,2
hetero_different-chapter_00052_2961-1580-237,s3,coarse_to_fine,3,1,42.1791895829037,,,2
hetero_different-chapter_00052_2961-1580-237,s3,coarse_to_fine,3,2,-39.35260241840081,,,2
hetero_different-chapter_00052_2961-1580-237,s3,coarse_to_fine,3,3,-9.529316491223089,,,2
hetero_different-chapter_00053_1995-5142-4077,s1,no_recursion,3,1,59.74807983237261,,,0
hetero_different-chapter_00053_1995-5142-4077,s1,no_recursion,3,2,18.021700620168282,,,0
hetero_different-chapter_00053_1995-5142-4077,s1,no_recursion,3,3,9.666810914576526,,,0
hetero_different-chapter_00053_1995-5142-4077,s2,no_recursion,3,1,inf,,,0
hetero_different-chapter_00053_1995-5142-4077,s2,no_recursion,3,2,nan,,,0
hetero_different-chapter_00053_1995-5142-4077,s2,no_recursion,3,3,4.150791073639345,,,0
hetero_different-chapter_00053_1995-5142-4077,s3,no_recursion,3,1,38.779213669068945,,,0
hetero_different-chapter_00053_1995-5142-4077,s3,no_recursion,3,2,-3.7072472210971483,,,0
hetero_different-chapter_00053_1995-5142-4077,s3,no_recursion,3,3,4.463682415993564,,,0
hetero_different-chapter_00053_1995-5142-4077,s1,ungated_deflation,3,1,59.74807983237261,0,0,0
hetero_different-chapter_00053_1995-5142-4077,s1,ungated_deflation,3,2,18.021700620168282,0,0,0
hetero_different-chapter_00053_1995-5142-4077,s1,ungated_deflation,3,3,9.666810914576526,0,0,0
hetero_different-chapter_00053_1995-5142-4077,s2,ungated_deflation,3,1,inf,1,1,0
hetero_different-chapter_00053_1995-5142-4077,s2,ungated_deflation,3,2,nan,1,1,0
hetero_different-chapter_00053_1995-5142-4077,s2,ungated_deflation,3,3,-1.810925910404709,1,1,0
hetero_different-chapter_00053_1995-5142-4077,s3,ungated_deflation,3,1,22.443733835575287,2,2,0
hetero_different-chapter_00053_1995-5142-4077,s3,ungated_deflation,3,2,-12.286599382571264,2,2,0
hetero_different-chapter_00053_1995-5142-4077,s3,ungated_deflation,3,3,-1.6761815394867827,2,2,0
hetero_different-chapter_00053_1995-5142-4077,s1,gated_deflation,3,1,59.74807983237261,0,0,0
hetero_different-chapter_00053_1995-5142-4077,s1,gated_deflation,3,2,18.021700620168282,0,0,0
hetero_different-chapter_00053_1995-5142-4077,s1,gated_deflation,3,3,9.666810914576526,0,0,0
hetero_different-chapter_00053_1995-5142-4077,s2,gated_deflation,3,1,inf,1,1,0
hetero_different-chapter_00053_1995-5142-4077,s2,gated_deflation,3,2,nan,1,1,0
hetero_different-chapter_00053_1995-5142-4077,s2,gated_deflation,3,3,-1.810925910404709,1,1,0
hetero_different-chapter_00053_1995-5142-4077,s3,gated_deflation,3,1,22.443733835575287,2,2,0
hetero_different-chapter_00053_1995-5142-4077,s3,gated_deflation,3,2,-12.286599382571264,2,2,0
hetero_different-chapter_00053_1995-5142-4077,s3,gated_deflation,3,3,-1.6761815394867827,2,2,0
hetero_different-chapter_00053_1995-5142-4077,s1,coarse_to_fine,3,1,59.64148212148504,,,2
hetero_different-chapter_00053_1995-5142-4077,s1,coarse_to_fine,3,2,19.12408778242481,,,2
hetero_different-chapter_00053_1995-5142-4077,s1,coarse_to_fine,3,3,9.864718516669441,,,2
hetero_different-chapter_00053_1995-5142-4077,s2,coarse_to_fine,3,1,inf,,,2
hetero_different-chapter_00053_1995-5142-4077,s2,coarse_to_fine,3,2,nan,,,2
hetero_different-chapter_00053_1995-5142-4077,s2,coarse_to_fine,3,3,2.8737194832182453,,,2
hetero_different-chapter_00053_1995-5142-4077,s3,coarse_to_fine,3,1,35.43745732590327,,,2
hetero_different-chapter_00053_1995-5142-4077,s3,coarse_to_fine,3,2,-5.134998570737574,,,2
hetero_different-chapter_00053_1995-5142-4077,s3,coarse_to_fine,3,3,2.240457540071948,,,2
hetero_different-chapter_00054_61-7176-4992,s1,no_recursion,3,1,inf,,,0
hetero_different-chapter_00054_61-7176-4992,s1,no_recursion,3,2,nan,,,0
hetero_different-chapter_00054_61-7176-4992,s1,no_recursion,3,3,-2.9352179586716405,,,0
hetero_different-chapter_00054_61-7176-4992,s2,no_recursion,3,1,60.970754597647115,,,0
hetero_different-chapter_00054_61-7176-4992,s2,no_recursion,3,2,8.032052526540953,,,0
hetero_different-chapter_00054_61-7176-4992,s2,no_recursion,3,3,-1.787954772234409,,,0
hetero_different-chapter_00054_61-7176-4992,s3,no_recursion,3,1,48.24805339085951,,,0
hetero_different-chapter_00054_61-7176-4992,s3,no_recursion,3,2,-24.15569791093806,,,0
hetero_different-chapter_00054_61-7176-4992,s3,no_recursion,3,3,0.8805893061647412,,,0
hetero_different-chapter_00054_61-7176-4992,s1,ungated_deflation,3,1,inf,0,0,0
hetero_different-chapter_00054_61-7176-4992,s1,ungated_deflation,3,2,nan,0,0,0
hetero_different-chapter_00054_61-7176-4992,s1,ungated_deflation,3,3,-2.9352179586716405,0,0,0
hetero_different-chapter_00054_61-7176-4992,s2,ungated_deflation,3,1,61.26292561615227,1,1,0
hetero_different-chapter_00054_61-7176-4992,s2,ungated_deflation,3,2,14.033187425943431,1,1,0
hetero_different-chapter_00054_61-7176-4992,s2,ungated_deflation,3,3,-2.483609881230469,1,1,0
hetero_different-chapter_00054_61-7176-4992,s3,ungated_deflation,3,1,20.589789447716473,2,2,0
hetero_different-chapter_00054_61-7176-4992,s3,ungated_deflation,3,2,-28.822840290667365,2,2,0
hetero_different-chapter_00054_61-7176-4992,s3,ungated_deflation,3,3,-8.406850645509481,2,2,0
hetero_different-chapter_00054_61-7176-4992,s1,gated_deflation,3,1,inf,0,0,0
hetero_different-chapter_00054_61-7176-4992,s1,gated_deflation,3,2,nan,0,0,0
hetero_different-chapter_00054_61-7176-4992,s1,gated_deflation,3,3,-2.9352179586716405,0,0,0
hetero_different-chapter_00054_61-7176-4992,s2,gated_deflation,3,1,61.26292561615227,1,1,0
hetero_different-chapter_00054_61-7176-4992,s2,gated_deflation,3,2,14.033187425943431,1,1,0
hetero_different-chapter_00054_61-7176-4992,s2,gated_deflation,3,3,-2.483609881230469,1,1,0
hetero_different-chapter_00054_61-7176-4992,s3,gated_deflation,3,1,20.589789447716473,2,2,0
hetero_different-chapter_00054_61-7176-4992,s3,gated_deflation,3,2,-28.822840290667365,2,2,0
hetero_different-chapter_00054_61-7176-4992,s3,gated_deflation,3,3,-8.406850645509481,2,2,0
hetero_different-chapter_00054_61-7176-4992,s1,coarse_to_fine,3,1,inf,,,2
hetero_different-chapter_00054_61-7176-4992,s1,coarse_to_fine,3,2,nan,,,2
hetero_different-chapter_00054_61-7176-4992,s1,coarse_to_fine,3,3,-2.9352179586716405,,,2
hetero_different-chapter_00054_61-7176-4992,s2,coarse_to_fine,3,1,60.970754597647115,,,2
hetero_different-chapter_00054_61-7176-4992,s2,coarse_to_fine,3,2,8.032052526540953,,,2
hetero_different-chapter_00054_61-7176-4992,s2,coarse_to_fine,3,3,-1.787954772234409,,,2
hetero_different-chapter_00054_61-7176-4992,s3,coarse_to_fine,3,1,36.75976107882195,,,2
hetero_different-chapter_00054_61-7176-4992,s3,coarse_to_fine,3,2,-23.487393276619393,,,2
hetero_different-chapter_00054_61-7176-4992,s3,coarse_to_fine,3,3,-2.380734363494516,,,2
hetero_different-chapter_00055_908-260-1580,s1,no_recursion,3,1,inf,,,0
hetero_different-chapter_00055_908-260-1580,s1,no_recursion,3,2,-10.081661500140255,,,0
hetero_different-chapter_00055_908-260-1580,s1,no_recursion,3,3,4.861206224915804,,,0
hetero_different-chapter_00055_908-260-1580,s2,no_recursion,3,1,inf,,,0
hetero_different-chapter_00055_908-260-1580,s2,no_recursion,3,2,nan,,,0
hetero_different-chapter_00055_908-260-1580,s2,no_recursion,3,3,-0.6280013474002915,,,0
hetero_different-chapter_00055_908-260-1580,s3,no_recursion,3,1,57.84553391821981,,,0
hetero_different-chapter_00055_908-260-1580,s3,no_recursion,3,2,14.805816792692703,,,0
hetero_different-chapter_00055_908-260-1580,s3,no_recursion,3,3,6.513198581101507,,,0
hetero_different-chapter_00055_908-260-1580,s1,ungated_deflation,3,1,inf,0,0,0
hetero_different-chapter_00055_908-260-1580,s1,ungated_deflation,3,2,-10.081661500140255,0,0,0
hetero_different-chapter_00055_908-260-1580,s1,ungated_deflation,3,3,4.861206224915804,0,0,0
hetero_different-chapter_00055_908-260-1580,s2,ungated_deflation,3,1,inf,1,1,0
hetero_different-chapter_00055_908-260-1580,s2,ungated_deflation,3,2,nan,1,1,0
hetero_different-chapter_00055_908-260-1580,s2,ungated_deflation,3,3,-13.686433875186399,1,1,0
hetero_different-chapter_00055_908-260-1580,s3,ungated_deflation,3,1,41.95345347110169,2,2,0
hetero_different-chapter_00055_908-260-1580,s3,ungated_deflation,3,2,2.7096982841026134,2,2,0
hetero_different-chapter_00055_908-260-1580,s3,ungated_deflation,3,3,-1.681955797155463,2,2,0
hetero_different-chapter_00055_908-260-1580,s1,gated_deflation,3,1,inf,0,0,0
hetero_different-chapter_00055_908-260-1580,s1,gated_deflation,3,2,-10.081661500140255,0,0,0
hetero_different-chapter_00055_908-260-1580,s1,gated_deflation,3,3,4.861206224915804,0,0,0
hetero_different-chapter_00055_908-260-1580,s2,gated_deflation,3,1,inf,1,1,0
hetero_different-chapter_00055_908-260-1580,s2,gated_deflation,3,2,nan,1,1,0
hetero_different-chapter_00055_908-260-1580,s2,gated_deflation,3,3,-13.686433875186399,1,1,0
hetero_different-chapter_00055_908-260-1580,s3,gated_deflation,3,1,41.95345347110169,2,2,0
hetero_different-chapter_00055_908-260-1580,s3,gated_deflation,3,2,2.7096982841026134,2,2,0
hetero_different-chapter_00055_908-260-1580,s3,gated_deflation,3,3,-1.681955797155463,2,2,0
hetero_different-chapter_00055_908-260-1580,s1,coarse_to_fine,3,1,inf,,,2
hetero_different-chapter_00055_908-260-1580,s1,coarse_to_fine,3,2,-11.09945330122689,,,2
hetero_different-chapter_00055_908-260-1580,s1,coarse_to_fine,3,3,2.806243361469173,,,2
hetero_different-chapter_00055_908-260-1580,s2,coarse_to_fine,3,1,inf,,,2
hetero_different-chapter_00055_908-260-1580,s2,coarse_to_fine,3,2,nan,,,2
hetero_different-chapter_00055_908-260-1580,s2,coarse_to_fine,3,3,-0.6280013474002915,,,2
hetero_different-chapter_00055_908-260-1580,s3,coarse_to_fine,3,1,58.07782257049,,,2
hetero_different-chapter_00055_908-260-1580,s3,coarse_to_fine,3,2,13.158594195411947,,,2
hetero_different-chapter_00055_908-260-1580,s3,coarse_to_fine,3,3,6.232173539896802,,,2
hetero_different-chapter_00056_1320-8463-4992,s1,no_recursion,3,1,inf,,,0
hetero_different-chapter_00056_1320-8463-4992,s1,no_recursion,3,2,17.220827586757583,,,0
hetero_different-chapter_00056_1320-8463-4992,s1,no_recursion,3,3,8.708528221237918,,,0
hetero_different-chapter_00056_1320-8463-4992,s2,no_recursion,3,1,inf,,,0
hetero_different-chapter_00056_1320-8463-4992,s2,no_recursion,3,2,nan,,,0
hetero_different-chapter_00056_1320-8463-4992,s2,no_recursion,3,3,-0.5117071273883891,,,0
hetero_different-chapter_00056_1320-8463-4992,s3,no_recursion,3,1,36.32170950829925,,,0
hetero_different-chapter_00056_1320-8463-4992,s3,no_recursion,3,2,-21.97634473868216,,,0
hetero_different-chapter_00056_1320-8463-4992,s3,no_recursion,3,3,-25.03660851348553,,,0
hetero_different-chapter_00056_1320-8463-4992,s1,ungated_deflation,3,1,inf,0,0,0
hetero_different-chapter_00056_1320-8463-4992,s1,ungated_deflation,3,2,17.220827586757583,0,0,0
hetero_different-chapter_00056_1320-8463-4992,s1,ungated_deflation,3,3,8.708528221237918,0,0,0
hetero_different-chapter_00056_1320-8463-4992,s2,ungated_deflation,3,1,inf,1,1,0
hetero_different-chapter_00056_1320-8463-4992,s2,ungated_deflation,3,2,nan,1,1,0
hetero_different-chapter_00056_1320-8463-4992,s2,ungated_deflation,3,3,-8.75457648960481,1,1,0
hetero_different-chapter_00056_1320-8463-4992,s3,ungated_deflation,3,1,15.658643538134081,2,2,0
hetero_different-chapter_00056_1320-8463-4992,s3,ungated_deflation,3,2,-23.669682231741042,2,2,0
hetero_different-chapter_00056_1320-8463-4992,s3,ungated_deflation,3,3,-19.27125577294187,2,2,0
hetero_different-chapter_00056_1320-8463-4992,s1,gated_deflation,3,1,inf,0,0,0
hetero_different-chapter_00056_1320-8463-4992,s1,gated_deflation,3,2,17.220827586757583,0,0,0
hetero_different-chapter_00056_1320-8463-4992,s1,gated_deflation,3,3,8.708528221237918,0,0,0
hetero_different-chapter_00056_1320-8463-4992,s2,gated_deflation,3,1,inf,1,1,0
hetero_different-chapter_00056_1320-8463-4992,s2,gated_deflation,3,2,nan,1,1,0
hetero_different-chapter_00056_1320-8463-4992,s2,gated_deflation,3,3,-8.75457648960481,1,1,0
hetero_different-chapter_00056_1320-8463-4992,s3,gated_deflation,3,1,15.658643538134081,2,2,0
hetero_different-chapter_00056_1320-8463-4992,s3,gated_deflation,3,2,-23.669682231741042,2,2,0
hetero_different-chapter_00056_1320-8463-4992,s3,gated_deflation,3,3,-19.27125577294187,2,2,0
hetero_different-chapter_00056_1320-8463-4992,s1,coarse_to_fine,3,1,inf,,,2
hetero_different-chapter_00056_1320-8463-4992,s1,coarse_to_fine,3,2,16.512657708662942,,,2
hetero_different-chapter_00056_1320-8463-4992,s1,coarse_to_fine,3,3,8.924701630860026,,,2
hetero_different-chapter_00056_1320-8463-4992,s2,coarse_to_fine,3,1,inf,,,2
hetero_different-chapter_00056_1320-8463-4992,s2,coarse_to_fine,3,2,nan,,,2
hetero_different-chapter_00056_1320-8463-4992,s2,coarse_to_fine,3,3,0.9150398136864311,,,2
hetero_different-chapter_00056_1320-8463-4992,s3,coarse_to_fine,3,1,36.32170950829925,,,2
hetero_different-chapter_00056_1320-8463-4992,s3,coarse_to_fine,3,2,-21.97634473868216,,,2
hetero_different-chapter_00056_1320-8463-4992,s3,coarse_to_fine,3,3,-25.03660851348553,,,2
hetero_different-chapter_00057_4446-8463-1284,s1,no_recursion,3,1,inf,,,0
hetero_different-chapter_00057_4446-8463-1284,s1,no_recursion,3,2,-16.4110522330763,,,0
hetero_different-chapter_00057_4446-8463-1284,s1,no_recursion,3,3,-16.40504179838476,,,0
hetero_different-chapter_00057_4446-8463-1284,s2,no_recursion,3,1,inf,,,0
hetero_different-chapter_00057_4446-8463-1284,s2,no_recursion,3,2,nan,,,0
hetero_different-chapter_00057_4446-8463-1284,s2,no_recursion,3,3,-2.5281273399644935,,,0
hetero_different-chapter_00057_4446-8463-1284,s3,no_recursion,3,1,62.80118245301375,,,0
hetero_different-chapter_00057_4446-8463-1284,s3,no_recursion,3,2,11.490497211026078,,,0
hetero_different-chapter_00057_4446-8463-1284,s3,no_recursion,3,3,-3.799311197722152,,,0
hetero_different-chapter_00057_4446-8463-1284,s1,ungated_deflation,3,1,inf,0,0,0
hetero_different-chapter_00057_4446-8463-1284,s1,ungated_deflation,3,2,-16.4110522330763,0,0,0
hetero_different-chapter_00057_4446-8463-1284,s1,ungated_deflation,3,3,-16.40504179838476,0,0,0
hetero_different-chapter_00057_4446-8463-1284,s2,ungated_deflation,3,1,inf,1,1,0
hetero_different-chapter_00057_4446-8463-1284,s2,ungated_deflation,3,2,nan,1,1,0
hetero_different-chapter_00057_4446-8463-1284,s2,ungated_deflation,3,3,-2.617003613595622,1,1,0
hetero_different-chapter_00057_4446-8463-1284,s3,ungated_deflation,3,1,45.97579646116103,2,2,0
hetero_different-chapter_00057_4446-8463-1284,s3,ungated_deflation,3,2,8.984065945003971,2,2,0
hetero_different-chapter_00057_4446-8463-1284,s3,ungated_deflation,3,3,-16.574245455159193,2,2,0
hetero_different-chapter_00057_4446-8463-1284,s1,gated_deflation,3,1,inf,0,0,0
hetero_different-chapter_00057_4446-8463-1284,s1,gated_deflation,3,2,-16.4110522330763,0,0,0
hetero_different-chapter_00057_4446-8463-1284,s1,gated_deflation,3,3,-16.40504179838476,0,0,0
hetero_different-chapter_00057_4446-8463-1284,s2,gated_deflation,3,1,inf,1,1,0
hetero_different-chapter_00057_4446-8463-1284,s2,gated_deflation,3,2,nan,1,1,0
hetero_different-chapter_00057_4446-8463-1284,s2,gated_deflation,3,3,-2.617003613595622,1,1,0
hetero_different-chapter_00057_4446-8463-1284,s3,gated_deflation,3,1,45.97579646116103,2,2,0
hetero_different-chapter_00057_4446-8463-1284,s3,gated_deflation,3,2,8.984065945003971,2,2,0
hetero_different-chapter_00057_4446-8463-1284,s3,gated_deflation,3,3,-16.574245455159193,2,2,0
hetero_different-chapter_00057_4446-8463-1284,s1,coarse_to_fine,3,1,inf,,,2
hetero_different-chapter_00057_4446-8463-1284,s1,coarse_to_fine,3,2,-16.4110522330763,,,2
hetero_different-chapter_00057_4446-8463-1284,s1,coarse_to_fine,3,3,-16.40504179838476,,,2
hetero_different-chapter_00057_4446-8463-1284,s2,coarse_to_fine,3,1,inf,,,2
hetero_different-chapter_00057_4446-8463-1284,s2,coarse_to_fine,3,2,nan,,,2
hetero_different-chapter_00057_4446-8463-1284,s2,coarse_to_fine,3,3,-2.5281273399644935,,,2
hetero_different-chapter_00057_4446-8463-1284,s3,coarse_to_fine,3,1,62.80118245301375,,,2
hetero_different-chapter_00057_4446-8463-1284,s3,coarse_to_fine,3,2,11.490497211026078,,,2
hetero_different-chapter_00057_4446-8463-1284,s3,coarse_to_fine,3,3,-3.799311197722152,,,2
hetero_different-chapter_00058_5142-8463-908,s1,no_recursion,3,1,inf,,,0
hetero_different-chapter_00058_5142-8463-908,s1,no_recursion,3,2,nan,,,0
hetero_different-chapter_00058_5142-8463-908,s1,no_recursion,3,3,3.2205661246322324,,,0
hetero_different-chapter_00058_5142-8463-908,s2,no_recursion,3,1,65.63853571466568,,,0
hetero_different-chapter_00058_5142-8463-908,s2,no_recursion,3,2,4.075894748436028,,,0
hetero_different-chapter_00058_5142-8463-908,s2,no_recursion,3,3,1.5904330083448186,,,0
hetero_different-chapter_00058_5142-8463-908,s3,no_recursion,3,1,53.102572770705414,,,0
hetero_different-chapter_00058_5142-8463-908,s3,no_recursion,3,2,5.442928028289581,,,0
hetero_different-chapter_00058_5142-8463-908,s3,no_recursion,3,3,7.526812193908583,,,0
hetero_different-chapter_00058_5142-8463-908,s1,ungated_deflation,3,1,inf,0,0,0
hetero_different-chapter_00058_5142-8463-908,s1,ungated_deflation,3,2,nan,0,0,0
hetero_different-chapter_00058_5142-8463-908,s1,ungated_deflation,3,3,3.2205661246322324,0,0,0
hetero_different-chapter_00058_5142-8463-908,s2,ungated_deflation,3,1,64.49561937848095,1,1,0
hetero_different-chapter_00058_5142-8463-908,s2,ungated_deflation,3,2,-2.9653355280100357,1,1,0
hetero_different-chapter_00058_5142-8463-908,s2,ungated_deflation,3,3,-8.607695476505922,1,1,0
hetero_different-chapter_00058_5142-8463-908,s3,ungated_deflation,3,1,21.341750728649316,2,2,0
hetero_different-chapter_00058_5142-8463-908,s3,ungated_deflation,3,2,1.8936516783754922,2,2,0
hetero_different-chapter_00058_5142-8463-908,s3,ungated_deflation,3,3,-4.431804708704759,2,2,0
hetero_different-chapter_00058_5142-8463-908,s1,gated_deflation,3,1,inf,0,0,0
hetero_different-chapter_00058_5142-8463-908,s1,gated_deflation,3,2,nan,0,0,0
hetero_different-chapter_00058_5142-8463-908,s1,gated_deflation,3,3,3.2205661246322324,0,0,0
hetero_different-chapter_00058_5142-8463-908,s2,gated_deflation,3,1,64.49561937848095,1,1,0
hetero_different-chapter_00058_5142-8463-908,s2,gated_deflation,3,2,-2.9653355280100357,1,1,0
hetero_different-chapter_00058_5142-8463-908,s2,gated_deflation,3,3,-8.607695476505922,1,1,0
hetero_different-chapter_00058_5142-8463-908,s3,gated_deflation,3,1,21.341750728649316,2,2,0
hetero_different-chapter_00058_5142-8463-908,s3,gated_deflation,3,2,1.8936516783754922,2,2,0
hetero_different-chapter_00058_5142-8463-908,s3,gated_deflation,3,3,-4.431804708704759,2,2,0
hetero_different-chapter_00058_5142-8463-908,s1,coarse_to_fine,3,1,inf,,,2
hetero_different-chapter_00058_5142-8463-908,s1,coarse_to_fine,3,2,nan,,,2
hetero_different-chapter_00058_5142-8463-908,s1,coarse_to_fine,3,3,2.1893409846615555,,,2
hetero_different-chapter_00058_5142-8463-908,s2,coarse_to_fine,3,1,64.74496877504906,,,2
hetero_different-chapter_00058_5142-8463-908,s2,coarse_to_fine,3,2,0.07388356542583273,,,2
hetero_different-chapter_00058_5142-8463-908,s2,coarse_to_fine,3,3,-1.2315304129110332,,,2
hetero_different-chapter_00058_5142-8463-908,s3,coarse_to_fine,3,1,48.49112990826196,,,2
hetero_different-chapter_00058_5142-8463-908,s3,coarse_to_fine,3,2,4.643720278722557,,,2
hetero_different-chapter_00058_5142-8463-908,s3,coarse_to_fine,3,3,6.500956126774804,,,2
hetero_different-chapter_00059_8463-5105-4992,s1,no_recursion,3,1,41.11463778954243,,,0
hetero_different-chapter_00059_8463-5105-4992,s1,no_recursion,3,2,23.912114692427593,,,0
hetero_different-chapter_00059_8463-5105-4992,s1,no_recursion,3,3,-2.147077642275548,,,0
hetero_different-chapter_00059_8463-5105-4992,s2,no_recursion,3,1,inf,,,0
hetero_different-chapter_00059_8463-5105-4992,s2,no_recursion,3,2,nan,,,0
hetero_different-chapter_00059_8463-5105-4992,s2,no_recursion,3,3,-3.001240271914309,,,0
hetero_different-chapter_00059_8463-5105-4992,s3,no_recursion,3,1,42.53929254200732,,,0
hetero_different-chapter_00059_8463-5105-4992,s3,no_recursion,3,2,-36.28742590592234,,,0
hetero_different-chapter_00059_8463-5105-4992,s3,no_recursion,3,3,0.47271041867352587,,,0
hetero_different-chapter_00059_8463-5105-4992,s1,ungated_deflation,3,1,34.59898368209261,2,2,0
hetero_different-chapter_00059_8463-5105-4992,s1,ungated_deflation,3,2,11.856742147426294,2,2,0
hetero_different-chapter_00059_8463-5105-4992,s1,ungated_deflation,3,3,-5.719193402904402,2,2,0
hetero_different-chapter_00059_8463-5105-4992,s2,ungated_deflation,3,1,inf,0,0,0
hetero_different-chapter_00059_8463-5105-4992,s2,ungated_deflation,3,2,nan,0,0,0
hetero_different-chapter_00059_8463-5105-4992,s2,ungated_deflation,3,3,-3.001240271914309,0,0,0
hetero_different-chapter_00059_8463-5105-4992,s3,ungated_deflation,3,1,40.61060939560862,1,1,0
hetero_different-chapter_00059_8463-5105-4992,s3,ungated_deflation,3,2,-35.28777214565623,1,1,0
hetero_different-chapter_00059_8463-5105-4992,s3,ungated_deflation,3,3,-1.7218667772330996,1,1,0
hetero_different-chapter_00059_8463-5105-4992,s1,gated_deflation,3,1,42.11980160538857,2,1,0
hetero_different-chapter_00059_8463-5105-4992,s1,gated_deflation,3,2,16.87345144763938,2,1,0
hetero_different-chapter_00059_8463-5105-4992,s1,gated_deflation,3,3,-4.309403080114938,2,1,0
hetero_different-chapter_00059_8463-5105-4992,s2,gated_deflation,3,1,inf,0,0,0
hetero_different-chapter_00059_8463-5105-4992,s2,gated_deflation,3,2,nan,0,0,0
hetero_different-chapter_00059_8463-5105-4992,s2,gated_deflation,3,3,-3.001240271914309,0,0,0
hetero_different-chapter_00059_8463-5105-4992,s3,gated_deflation,3,1,40.61060939560862,1,1,0
hetero_different-chapter_00059_8463-5105-4992,s3,gated_deflation,3,2,-35.28777214565623,1,1,0
hetero_different-chapter_00059_8463-5105-4992,s3,gated_deflation,3,3,-1.7218667772330996,1,1,0
hetero_different-chapter_00059_8463-5105-4992,s1,coarse_to_fine,3,1,41.25685667075303,,,2
hetero_different-chapter_00059_8463-5105-4992,s1,coarse_to_fine,3,2,22.140014469569962,,,2
hetero_different-chapter_00059_8463-5105-4992,s1,coarse_to_fine,3,3,-1.3524944783037358,,,2
hetero_different-chapter_00059_8463-5105-4992,s2,coarse_to_fine,3,1,inf,,,2
hetero_different-chapter_00059_8463-5105-4992,s2,coarse_to_fine,3,2,nan,,,2
hetero_different-chapter_00059_8463-5105-4992,s2,coarse_to_fine,3,3,-3.194041509847247,,,2
hetero_different-chapter_00059_8463-5105-4992,s3,coarse_to_fine,3,1,42.53929254200732,,,2
hetero_different-chapter_00059_8463-5105-4992,s3,coarse_to_fine,3,2,-36.28742590592234,,,2
hetero_different-chapter_00059_8463-5105-4992,s3,coarse_to_fine,3,3,0.47271041867352587,,,2
hetero_different-chapter_00060_6930-8555-121,s1,no_recursion,3,1,inf,,,0
hetero_different-chapter_00060_6930-8555-121,s1,no_recursion,3,2,nan,,,0
hetero_different-chapter_00060_6930-8555-121,s1,no_recursion,3,3,0.8584964631356775,,,0
hetero_different-chapter_00060_6930-8555-121,s2,no_recursion,3,1,79.19123303308135,,,0
hetero_different-chapter_00060_6930-8555-121,s2,no_recursion,3,2,3.03506065822209,,,0
hetero_different-chapter_00060_6930-8555-121,s2,no_recursion,3,3,-4.136036910457496,,,0
hetero_different-chapter_00060_6930-8555-121,s3,no_recursion,3,1,54.4492128936459,,,0
hetero_different-chapter_00060_6930-8555-121,s3,no_recursion,3,2,-3.140489332755303,,,0
hetero_different-chapter_00060_6930-8555-121,s3,no_recursion,3,3,-12.359577734292058,,,0
hetero_different-chapter_00060_6930-8555-121,s1,ungated_deflation,3,1,inf,0,0,0
hetero_different-chapter_00060_6930-8555-121,s1,ungated_deflation,3,2,nan,0,0,0
hetero_different-chapter_00060_6930-8555-121,s1,ungated_deflation,3,3,0.8584964631356775,0,0,0
hetero_different-chapter_00060_6930-8555-121,s2,ungated_deflation,3,1,69.96618990049978,1,1,0
hetero_different-chapter_00060_6930-8555-121,s2,ungated_deflation,3,2,-1.851700852211007,1,1,0
hetero_different-chapter_00060_6930-8555-121,s2,ungated_deflation,3,3,-18.985384315876633,1,1,0
hetero_different-chapter_00060_6930-8555-121,s3,ungated_deflation,3,1,23.887010658157692,2,2,0
hetero_different-chapter_00060_6930-8555-121,s3,ungated_deflation,3,2,-11.707720833656278,2,2,0
hetero_different-chapter_00060_6930-8555-121,s3,ungated_deflation,3,3,-12.298535215124318,2,2,0
hetero_different-chapter_00060_6930-8555-121,s1,gated_deflation,3,1,inf,0,0,0
hetero_different-chapter_00060_6930-8555-121,s1,gated_deflation,3,2,nan,0,0,0
hetero_different-chapter_00060_6930-8555-121,s1,gated_deflation,3,3,0.8584964631356775,0,0,0
hetero_different-chapter_00060_6930-8555-121,s2,gated_deflation,3,1,69.96618990049978,1,1,0
hetero_different-chapter_00060_6930-8555-121,s2,gated_deflation,3,2,-1.851700852211007,1,1,0
hetero_different-chapter_00060_6930-8555-121,s2,gated_deflation,3,3,-18.985384315876633,1,1,0
hetero_different-chapter_00060_6930-8555-121,s3,gated_deflation,3,1,23.887010658157692,2,2,0
hetero_different-chapter_00060_6930-8555-121,s3,gated_deflation,3,2,-11.707720833656278,2,2,0
hetero_different-chapter_00060_6930-8555-121,s3,gated_deflation,3,3,-12.298535215124318,2,2,0
hetero_different-chapter_00060_6930-8555-121,s1,coarse_to_fine,3,1,inf,,,2
hetero_different-chapter_00060_6930-8555-121,s1,coarse_to_fine,3,2,nan,,,2
hetero_different-chapter_00060_6930-8555-121,s1,coarse_to_fine,3,3,3.4198196146738176,,,2
hetero_different-chapter_00060_6930-8555-121,s2,coarse_to_fine,3,1,66.45643009589645,,,2
hetero_different-chapter_00060_6930-8555-121,s2,coarse_to_fine,3,2,14.473052536617958,,,2
hetero_different-chapter_00060_6930-8555-121,s2,coarse_to_fine,3,3,-1.7534667051323698,,,2
hetero_different-chapter_00060_6930-8555-121,s3,coarse_to_fine,3,1,54.4492128936459,,,2
hetero_different-chapter_00060_6930-8555-121,s3,coarse_to_fine,3,2,-3.140489332755303,,,2
hetero_different-chapter_00060_6930-8555-121,s3,coarse_to_fine,3,3,-12.359577734292058,,,2
hetero_different-chapter_00061_4992-3570-5105,s1,no_recursion,3,1,71.18820510743089,,,0
hetero_different-chapter_00061_4992-3570-5105,s1,no_recursion,3,2,-15.137432013232582,,,0
hetero_different-chapter_00061_4992-3570-5105,s1,no_recursion,3,3,-12.219500550700753,,,0
hetero_different-chapter_00061_4992-3570-5105,s2,no_recursion,3,1,inf,,,0
hetero_different-chapter_00061_4992-3570-5105,s2,no_recursion,3,2,nan,,,0
hetero_different-chapter_00061_4992-3570-5105,s2,no_recursion,3,3,6.4484250161675565,,,0
hetero_different-chapter_00061_4992-3570-5105,s3,no_recursion,3,1,49.19605744981652,,,0
hetero_different-chapter_00061_4992-3570-5105,s3,no_recursion,3,2,14.746239172286884,,,0
hetero_different-chapter_00061_4992-3570-5105,s3,no_recursion,3,3,-7.8437242971880625,,,0
hetero_different-chapter_00061_4992-3570-5105,s1,ungated_deflation,3,1,71.18820510743089,0,0,0
hetero_different-chapter_00061_4992-3570-5105,s1,ungated_deflation,3,2,-15.137432013232582,0,0,0
hetero_different-chapter_00061_4992-3570-5105,s1,ungated_deflation,3,3,-12.219500550700753,0,0,0
hetero_different-chapter_00061_4992-3570-5105,s2,ungated_deflation,3,1,inf,1,1,0
hetero_different-chapter_00061_4992-3570-5105,s2,ungated_deflation,3,2,nan,1,1,0
hetero_different-chapter_00061_4992-3570-5105,s2,ungated_deflation,3,3,4.900103782736625,1,1,0
hetero_different-chapter_00061_4992-3570-5105,s3,ungated_deflation,3,1,43.75471755412076,2,2,0
hetero_different-chapter_00061_4992-3570-5105,s3,ungated_deflation,3,2,15.874151043653066,2,2,0
hetero_different-chapter_00061_4992-3570-5105,s3,ungated_deflation,3,3,-17.42124928847908,2,2,0
hetero_different-chapter_00061_4992-3570-5105,s1,gated_deflation,3,1,71.18820510743089,0,0,0
hetero_different-chapter_00061_4992-3570-5105,s1,gated_deflation,3,2,-15.137432013232582,0,0,0
hetero_different-chapter_00061_4992-3570-5105,s1,gated_deflation,3,3,-12.219500550700753,0,0,0
hetero_different-chapter_00061_4992-3570-5105,s2,gated_deflation,3,1,inf,1,1,0
hetero_different-chapter_00061_4992-3570-5105,s2,gated_deflation,3,2,nan,1,1,0
hetero_different-chapter_00061_4992-3570-5105,s2,gated_deflation,3,3,4.900103782736625,1,1,0
hetero_different-chapter_00061_4992-3570-5105,s3,gated_deflation,3,1,43.75471755412076,2,2,0
hetero_different-chapter_00061_4992-3570-5105,s3,gated_deflation,3,2,15.874151043653066,2,2,0
hetero_different-chapter_00061_4992-3570-5105,s3,gated_deflation,3,3,-17.42124928847908,2,2,0
hetero_different-chapter_00061_4992-3570-5105,s1,coarse_to_fine,3,1,71.18820510743089,,,2
hetero_different-chapter_00061_4992-3570-5105,s1,coarse_to_fine,3,2,-15.137432013232582,,,2
hetero_different-chapter_00061_4992-3570-5105,s1,coarse_to_fine,3,3,-12.219500550700753,,,2
hetero_different-chapter_00061_4992-3570-5105,s2,coarse_to_fine,3,1,inf,,,2
hetero_different-chapter_00061_4992-3570-5105,s2,coarse_to_fine,3,2,nan,,,2
hetero_different-chapter_00061_4992-3570-5105,s2,coarse_to_fine,3,3,6.4484250161675565,,,2
hetero_different-chapter_00061_4992-3570-5105,s3,coarse_to_fine,3,1,49.19605744981652,,,2
hetero_different-chapter_00061_4992-3570-5105,s3,coarse_to_fine,3,2,14.746239172286884,,,2
hetero_different-chapter_00061_4992-3570-5105,s3,coarse_to_fine,3,3,-7.8437242971880625,,,2
hetero_different-chapter_00062_6829-7021-3570,s1,no_recursion,3,1,inf,,,0
hetero_different-chapter_00062_6829-7021-3570,s1,no_recursion,3,2,nan,,,0
hetero_different-chapter_00062_6829-7021-3570,s1,no_recursion,3,3,-1.225735406886148,,,0
hetero_different-chapter_00062_6829-7021-3570,s2,no_recursion,3,1,inf,,,0
hetero_different-chapter_00062_6829-7021-3570,s2,no_recursion,3,2,2.2368359219669522,,,0
hetero_different-chapter_00062_6829-7021-3570,s2,no_recursion,3,3,8.220145828476266,,,0
hetero_different-chapter_00062_6829-7021-3570,s3,no_recursion,3,1,31.806493192657427,,,0
hetero_different-chapter_00062_6829-7021-3570,s3,no_recursion,3,2,11.352821324502374,,,0
hetero_different-chapter_00062_6829-7021-3570,s3,no_recursion,3,3,6.672408646934418,,,0
hetero_different-chapter_00062_6829-7021-3570,s1,ungated_deflation,3,1,inf,0,0,0
hetero_different-chapter_00062_6829-7021-3570,s1,ungated_deflation,3,2,nan,0,0,0
hetero_different-chapter_00062_6829-7021-3570,s1,ungated_deflation,3,3,-1.225735406886148,0,0,0
hetero_different-chapter_00062_6829-7021-3570,s2,ungated_deflation,3,1,inf,1,1,0
hetero_different-chapter_00062_6829-7021-3570,s2,ungated_deflation,3,2,5.291206688908643,1,1,0
hetero_different-chapter_00062_6829-7021-3570,s2,ungated_deflation,3,3,-8.446556034253165,1,1,0
hetero_different-chapter_00062_6829-7021-3570,s3,ungated_deflation,3,1,28.288657828543084,2,2,0
hetero_different-chapter_00062_6829-7021-3570,s3,ungated_deflation,3,2,-4.247522312398011,2,2,0
hetero_different-chapter_00062_6829-7021-3570,s3,ungated_deflation,3,3,-2.1935478132496096,2,2,0
hetero_different-chapter_00062_6829-7021-3570,s1,gated_deflation,3,1,inf,0,0,0
hetero_different-chapter_00062_6829-7021-3570,s1,gated_deflation,3,2,nan,0,0,0
hetero_different-chapter_00062_6829-7021-3570,s1,gated_deflation,3,3,-1.225735406886148,0,0,0
hetero_different-chapter_00062_6829-7021-3570,s2,gated_deflation,3,1,inf,1,1,0
hetero_different-chapter_00062_6829-7021-3570,s2,gated_deflation,3,2,5.291206688908643,1,1,0
hetero_different-chapter_00062_6829-7021-3570,s2,gated_deflation,3,3,-8.446556034253165,1,1,0
hetero_different-chapter_00062_6829-7021-3570,s3,gated_deflation,3,1,28.288657828543084,2,2,0
hetero_different-chapter_00062_6829-7021-3570,s3,gated_deflation,3,2,-4.247522312398011,2,2,0
hetero_different-chapter_00062_6829-7021-3570,s3,gated_deflation,3,3,-2.1935478132496096,2,2,0
hetero_different-chapter_00062_6829-7021-3570,s1,coarse_to_fine,3,1,inf,,,2
hetero_different-chapter_00062_6829-7021-3570,s1,coarse_to_fine,3,2,nan,,,2
hetero_different-chapter_00062_6829-7021-3570,s1,coarse_to_fine,3,3,-9.813695747359844,,,2
hetero_different-chapter_00062_6829-7021-3570,s2,coarse_to_fine,3,1,inf,,,2
hetero_different-chapter_00062_6829-7021-3570,s2,coarse_to_fine,3,2,-3.811488948953502,,,2
hetero_different-chapter_00062_6829-7021-3570,s2,coarse_to_fine,3,3,6.368853574569824,,,2
hetero_different-chapter_00062_6829-7021-3570,s3,coarse_to_fine,3,1,32.47713840137445,,,2
hetero_different-chapter_00062_6829-7021-3570,s3,coarse_to_fine,3,2,12.382626373785994,,,2
hetero_different-chapter_00062_6829-7021-3570,s3,coarse_to_fine,3,3,6.581436715435682,,,2
hetero_different-chapter_00063_8463-61-237,s1,no_recursion,3,1,30.199725932842423,,,0
hetero_different-chapter_00063_8463-61-237,s1,no_recursion,3,2,20.44934085659474,,,0
hetero_different-chapter_00063_8463-61-237,s1,no_recursion,3,3,-0.9592755951550409,,,0
hetero_different-chapter_00063_8463-61-237,s2,no_recursion,3,1,inf,,,0
hetero_different-chapter_00063_8463-61-237,s2,no_recursion,3,2,nan,,,0
hetero_different-chapter_00063_8463-61-237,s2,no_recursion,3,3,-11.62987708778797,,,0
hetero_different-chapter_00063_8463-61-237,s3,no_recursion,3,1,62.76022861548016,,,0
hetero_different-chapter_00063_8463-61-237,s3,no_recursion,3,2,-9.993369187454206,,,0
hetero_different-chapter_00063_8463-61-237,s3,no_recursion,3,3,-6.7894173818435855,,,0
hetero_different-chapter_00063_8463-61-237,s1,ungated_deflation,3,1,32.07199232092018,2,2,0
hetero_different-chapter_00063_8463-61-237,s1,ungated_deflation,3,2,7.669588165037986,2,2,0
hetero_different-chapter_00063_8463-61-237,s1,ungated_deflation,3,3,-2.011123243183966,2,2,0
hetero_different-chapter_00063_8463-61-237,s2,ungated_deflation,3,1,inf,0,0,0
hetero_different-chapter_00063_8463-61-237,s2,ungated_deflation,3,2,nan,0,0,0
hetero_different-chapter_00063_8463-61-237,s2,ungated_deflation,3,3,-11.62987708778797,0,0,0
hetero_different-chapter_00063_8463-61-237,s3,ungated_deflation,3,1,47.374001605476565,1,1,0
hetero_different-chapter_00063_8463-61-237,s3,ungated_deflation,3,2,-13.67673409880946,1,1,0
hetero_different-chapter_00063_8463-61-237,s3,ungated_deflation,3,3,-9.137172163271565,1,1,0
hetero_different-chapter_00063_8463-61-237,s1,gated_deflation,3,1,32.07199232092018,2,2,0
hetero_different-chapter_00063_8463-61-237,s1,gated_deflation,3,2,7.669588165037986,2,2,0
hetero_different-chapter_00063_8463-61-237,s1,gated_deflation,3,3,-2.011123243183966,2,2,0
hetero_different-chapter_00063_8463-61-237,s2,gated_deflation,3,1,inf,0,0,0
hetero_different-chapter_00063_8463-61-237,s2,gated_deflation,3,2,nan,0,0,0
hetero_different-chapter_00063_8463-61-237,s2,gated_deflation,3,3,-11.62987708778797,0,0,0
hetero_different-chapter_00063_8463-61-237,s3,gated_deflation,3,1,47.374001605476565,1,1,0
hetero_different-chapter_00063_8463-61-237,s3,gated_deflation,3,2,-13.67673409880946,1,1,0
hetero_different-chapter_00063_8463-61-237,s3,gated_deflation,3,3,-9.137172163271565,1,1,0
hetero_different-chapter_00063_8463-61-237,s1,coarse_to_fine,3,1,30.199725932842423,,,2
hetero_different-chapter_00063_8463-61-237,s1,coarse_to_fine,3,2,20.44934085659474,,,2
hetero_different-chapter_00063_8463-61-237,s1,coarse_to_fine,3,3,-0.9592755951550409,,,2
hetero_different-chapter_00063_8463-61-237,s2,coarse_to_fine,3,1,inf,,,2
hetero_different-chapter_00063_8463-61-237,s2,coarse_to_fine,3,2,nan,,,2
hetero_different-chapter_00063_8463-61-237,s2,coarse_to_fine,3,3,-11.62987708778797,,,2
hetero_different-chapter_00063_8463-61-237,s3,coarse_to_fine,3,1,62.76022861548016,,,2
hetero_different-chapter_00063_8463-61-237,s3,coarse_to_fine,3,2,-9.993369187454206,,,2
hetero_different-chapter_00063_8463-61-237,s3,coarse_to_fine,3,3,-6.7894173818435855,,,2
hetero_different-chapter_00064_5142-1580-237,s1,no_recursion,3,1,inf,,,0
hetero_different-chapter_00064_5142-1580-237,s1,no_recursion,3,2,-19.46401304676757,,,0
hetero_different-chapter_00064_5142-1580-237,s1,no_recursion,3,3,-6.9810119888386435,,,0
hetero_different-chapter_00064_5142-1580-237,s2,no_recursion,3,1,52.574915222099406,,,0
hetero_different-chapter_00064_5142-1580-237,s2,no_recursion,3,2,14.024805299556816,,,0
hetero_different-chapter_00064_5142-1580-237,s2,no_recursion,3,3,-0.7203021121584243,,,0
hetero_different-chapter_00064_5142-1580-237,s3,no_recursion,3,1,56.956006165517266,,,0
hetero_different-chapter_00064_5142-1580-237,s3,no_recursion,3,2,nan,,,0
hetero_different-chapter_00064_5142-1580-237,s3,no_recursion,3,3,-15.54367478764743,,,0
hetero_different-chapter_00064_5142-1580-237,s1,ungated_deflation,3,1,inf,0,0,0
hetero_different-chapter_00064_5142-1580-237,s1,ungated_deflation,3,2,-19.46401304676757,0,0,0
hetero_different-chapter_00064_5142-1580-237,s1,ungated_deflation,3,3,-6.9810119888386435,0,0,0
hetero_different-chapter_00064_5142-1580-237,s2,ungated_deflation,3,1,49.66028907976472,2,2,0
hetero_different-chapter_00064_5142-1580-237,s2,ungated_deflation,3,2,12.649733423085529,2,2,0
hetero_different-chapter_00064_5142-1580-237,s2,ungated_deflation,3,3,-2.237100806413689,2,2,0
hetero_different-chapter_00064_5142-1580-237,s3,ungated_deflation,3,1,39.530988001742465,1,1,0
hetero_different-chapter_00064_5142-1580-237,s3,ungated_deflation,3,2,nan,1,1,0
hetero_different-chapter_00064_5142-1580-237,s3,ungated_deflation,3,3,-11.684540146813518,1,1,0
hetero_different-chapter_00064_5142-1580-237,s1,gated_deflation,3,1,inf,0,0,0
hetero_different-chapter_00064_5142-1580-237,s1,gated_deflation,3,2,-19.46401304676757,0,0,0
hetero_different-chapter_00064_5142-1580-237,s1,gated_deflation,3,3,-6.9810119888386435,0,0,0
hetero_different-chapter_00064_5142-1580-237,s2,gated_deflation,3,1,49.66028907976472,2,2,0
hetero_different-chapter_00064_5142-1580-237,s2,gated_deflation,3,2,12.649733423085529,2,2,0
hetero_different-chapter_00064_5142-1580-237,s2,gated_deflation,3,3,-2.237100806413689,2,2,0
hetero_different-chapter_00064_5142-1580-237,s3,gated_deflation,3,1,39.530988001742465,1,1,0
hetero_different-chapter_00064_5142-1580-237,s3,gated_deflation,3,2,nan,1,1,0
hetero_different-chapter_00064_5142-1580-237,s3,gated_deflation,3,3,-11.684540146813518,1,1,0
hetero_different-chapter_00064_5142-1580-237,s1,coarse_to_fine,3,1,inf,,,2
hetero_different-chapter_00064_5142-1580-237,s1,coarse_to_fine,3,2,-19.46401304676757,,,2
hetero_different-chapter_00064_5142-1580-237,s1,coarse_to_fine,3,3,-6.9810119888386435,,,2
hetero_different-chapter_00064_5142-1580-237,s2,coarse_to_fine,3,1,52.497229605592764,,,2
hetero_different-chapter_00064_5142-1580-237,s2,coarse_to_fine,3,2,14.364466517815702,,,2
hetero_different-chapter_00064_5142-1580-237,s2,coarse_to_fine,3,3,-0.8850097818872714,,,2
hetero_different-chapter_00064_5142-1580-237,s3,coarse_to_fine,3,1,56.956006165517266,,,2
hetero_different-chapter_00064_5142-1580-237,s3,coarse_to_fine,3,2,nan,,,2
hetero_different-chapter_00064_5142-1580-237,s3,coarse_to_fine,3,3,-15.54367478764743,,,2
hetero_different-chapter_00065_4077-1221-5683,s1,no_recursion,3,1,62.08175292774989,,,0
hetero_different-chapter_00065_4077-1221-5683,s1,no_recursion,3,2,6.995144445378699,,,0
hetero_different-chapter_00065_4077-1221-5683,s1,no_recursion,3,3,3.9530945563036464,,,0
hetero_different-chapter_00065_4077-1221-5683,s2,no_recursion,3,1,inf,,,0
hetero_different-chapter_00065_4077-1221-5683,s2,no_recursion,3,2,5.644792694399627,,,0
hetero_different-chapter_00065_4077-1221-5683,s2,no_recursion,3,3,-2.8065411992042955,,,0
hetero_different-chapter_00065_4077-1221-5683,s3,no_recursion,3,1,61.703391956387705,,,0
hetero_different-chapter_00065_4077-1221-5683,s3,no_recursion,3,2,nan,,,0
hetero_different-chapter_00065_4077-1221-5683,s3,no_recursion,3,3,1.179030948453663,,,0
hetero_different-chapter_00065_4077-1221-5683,s1,ungated_deflation,3,1,62.08175292774989,0,0,0
hetero_different-chapter_00065_4077-1221-5683,s1,ungated_deflation,3,2,6.995144445378699,0,0,0
hetero_different-chapter_00065_4077-1221-5683,s1,ungated_deflation,3,3,3.9530945563036464,0,0,0
hetero_different-chapter_00065_4077-1221-5683,s2,ungated_deflation,3,1,inf,1,1,0
hetero_different-chapter_00065_4077-1221-5683,s2,ungated_deflation,3,2,2.216057907738245,1,1,0
hetero_different-chapter_00065_4077-1221-5683,s2,ungated_deflation,3,3,-9.199532977118404,1,1,0
hetero_different-chapter_00065_4077-1221-5683,s3,ungated_deflation,3,1,41.094187304898895,2,2,0
hetero_different-chapter_00065_4077-1221-5683,s3,ungated_deflation,3,2,nan,2,2,0
hetero_different-chapter_00065_4077-1221-5683,s3,ungated_deflation,3,3,-5.398041125451938,2,2,0
hetero_different-chapter_00065_4077-1221-5683,s1,gated_deflation,3,1,62.08175292774989,0,0,0
hetero_different-chapter_00065_4077-1221-5683,s1,gated_deflation,3,2,6.995144445378699,0,0,0
hetero_different-chapter_00065_4077-1221-5683,s1,gated_deflation,3,3,3.9530945563036464,0,0,0
hetero_different-chapter_00065_4077-1221-5683,s2,gated_deflation,3,1,inf,1,1,0
hetero_different-chapter_00065_4077-1221-5683,s2,gated_deflation,3,2,2.216057907738245,1,1,0
hetero_different-chapter_00065_4077-1221-5683,s2,gated_deflation,3,3,-9.199532977118404,1,1,0
hetero_different-chapter_00065_4077-1221-5683,s3,gated_deflation,3,1,41.094187304898895,2,2,0
hetero_different-chapter_00065_4077-1221-5683,s3,gated_deflation,3,2,nan,2,2,0
hetero_different-chapter_00065_4077-1221-5683,s3,gated_deflation,3,3,-5.398041125451938,2,2,0
hetero_different-chapter_00065_4077-1221-5683,s1,coarse_to_fine,3,1,61.410257841148415,,,2
hetero_different-chapter_00065_4077-1221-5683,s1,coarse_to_fine,3,2,6.12180149483644,,,2
hetero_different-chapter_00065_4077-1221-5683,s1,coarse_to_fine,3,3,2.5594836296570813,,,2
hetero_different-chapter_00065_4077-1221-5683,s2,coarse_to_fine,3,1,inf,,,2
hetero_different-chapter_00065_4077-1221-5683,s2,coarse_to_fine,3,2,2.4596733858085167,,,2
hetero_different-chapter_00065_4077-1221-5683,s2,coarse_to_fine,3,3,-2.936588875792139,,,2
hetero_different-chapter_00065_4077-1221-5683,s3,coarse_to_fine,3,1,61.703391956387705,,,2
hetero_different-chapter_00065_4077-1221-5683,s3,coarse_to_fine,3,2,nan,,,2
hetero_different-chapter_00065_4077-1221-5683,s3,coarse_to_fine,3,3,1.179030948453663,,,2
hetero_different-chapter_00066_237-260-4992,s1,no_recursion,3,1,62.05488570177664,,,0
hetero_different-chapter_00066_237-260-4992,s1,no_recursion,3,2,9.858940848784988,,,0
hetero_different-chapter_00066_237-260-4992,s1,no_recursion,3,3,-13.401178125066425,,,0
hetero_different-chapter_00066_237-260-4992,s2,no_recursion,3,1,inf,,,0
hetero_different-chapter_00066_237-260-4992,s2,no_recursion,3,2,-29.633021139560537,,,0
hetero_different-chapter_00066_237-260-4992,s2,no_recursion,3,3,8.479097064428357,,,0
hetero_different-chapter_00066_237-260-4992,s3,no_recursion,3,1,55.54014045795219,,,0
hetero_different-chapter_00066_237-260-4992,s3,no_recursion,3,2,nan,,,0
hetero_different-chapter_00066_237-260-4992,s3,no_recursion,3,3,-4.775507488825859,,,0
hetero_different-chapter_00066_237-260-4992,s1,ungated_deflation,3,1,62.05488570177664,0,0,0
hetero_different-chapter_00066_237-260-4992,s1,ungated_deflation,3,2,9.858940848784988,0,0,0
hetero_different-chapter_00066_237-260-4992,s1,ungated_deflation,3,3,-13.401178125066425,0,0,0
hetero_different-chapter_00066_237-260-4992,s2,ungated_deflation,3,1,inf,1,1,0
hetero_different-chapter_00066_237-260-4992,s2,ungated_deflation,3,2,-26.41200439922766,1,1,0
hetero_different-chapter_00066_237-260-4992,s2,ungated_deflation,3,3,2.084599637613448,1,1,0
hetero_different-chapter_00066_237-260-4992,s3,ungated_deflation,3,1,17.271292169048102,2,2,0
hetero_different-chapter_00066_237-260-4992,s3,ungated_deflation,3,2,nan,2,2,0
hetero_different-chapter_00066_237-260-4992,s3,ungated_deflation,3,3,-2.8800467153090024,2,2,0
hetero_different-chapter_00066_237-260-4992,s1,gated_deflation,3,1,62.05488570177664,0,0,0
hetero_different-chapter_00066_237-260-4992,s1,gated_deflation,3,2,9.858940848784988,0,0,0
hetero_different-chapter_00066_237-260-4992,s1,gated_deflation,3,3,-13.401178125066425,0,0,0
hetero_different-chapter_00066_237-260-4992,s2,gated_deflation,3,1,inf,1,1,0
hetero_different-chapter_00066_237-260-4992,s2,gated_deflation,3,2,-26.41200439922766,1,1,0
hetero_different-chapter_00066_237-260-4992,s2,gated_deflation,3,3,2.084599637613448,1,1,0
hetero_different-chapter_00066_237-260-4992,s3,gated_deflation,3,1,17.271292169048102,2,2,0
hetero_different-chapter_00066_237-260-4992,s3,gated_deflation,3,2,nan,2,2,0
hetero_different-chapter_00066_237-260-4992,s3,gated_deflation,3,3,-2.8800467153090024,2,2,0
hetero_different-chapter_00066_237-260-4992,s1,coarse_to_fine,3,1,62.05488570177664,,,2
hetero_different-chapter_00066_237-260-4992,s1,coarse_to_fine,3,2,9.858940848784988,,,2
hetero_different-chapter_00066_237-260-4992,s1,coarse_to_fine,3,3,-13.401178125066425,,,2
hetero_different-chapter_00066_237-260-4992,s2,coarse_to_fine,3,1,inf,,,2
hetero_different-chapter_00066_237-260-4992,s2,coarse_to_fine,3,2,-28.558813573918528,,,2
hetero_different-chapter_00066_237-260-4992,s2,coarse_to_fine,3,3,7.92025313830783,,,2
hetero_different-chapter_00066_237-260-4992,s3,coarse_to_fine,3,1,49.7374024663814,,,2
hetero_different-chapter_00066_237-260-4992,s3,coarse_to_fine,3,2,nan,,,2
hetero_different-chapter_00066_237-260-4992,s3,coarse_to_fine,3,3,4.504895266882114,,,2
hetero_different-chapter_00067_1580-5105-5142,s1,no_recursion,3,1,63.29492794093282,,,0
hetero_different-chapter_00067_1580-5105-5142,s1,no_recursion,3,2,6.449160295941995,,,0
hetero_different-chapter_00067_1580-5105-5142,s1,no_recursion,3,3,-0.527795419399554,,,0
hetero_different-chapter_00067_1580-5105-5142,s2,no_recursion,3,1,inf,,,0
hetero_different-chapter_00067_1580-5105-5142,s2,no_recursion,3,2,nan,,,0
hetero_different-chapter_00067_1580-5105-5142,s2,no_recursion,3,3,-2.0534846623610252,,,0
hetero_different-chapter_00067_1580-5105-5142,s3,no_recursion,3,1,42.64539428912684,,,0
hetero_different-chapter_00067_1580-5105-5142,s3,no_recursion,3,2,-18.941693367188453,,,0
hetero_different-chapter_00067_1580-5105-5142,s3,no_recursion,3,3,-3.9792332732175066,,,0
hetero_different-chapter_00067_1580-5105-5142,s1,ungated_deflation,3,1,63.29492794093282,0,0,0
hetero_different-chapter_00067_1580-5105-5142,s1,ungated_deflation,3,2,6.449160295941995,0,0,0
hetero_different-chapter_00067_1580-5105-5142,s1,ungated_deflation,3,3,-0.527795419399554,0,0,0
hetero_different-chapter_00067_1580-5105-5142,s2,ungated_deflation,3,1,inf,1,1,0
hetero_different-chapter_00067_1580-5105-5142,s2,ungated_deflation,3,2,nan,1,1,0
hetero_different-chapter_00067_1580-5105-5142,s2,ungated_deflation,3,3,-13.347092725201744,1,1,0
hetero_different-chapter_00067_1580-5105-5142,s3,ungated_deflation,3,1,42.07110992893166,2,2,0
hetero_different-chapter_00067_1580-5105-5142,s3,ungated_deflation,3,2,0.8524152107846978,2,2,0
hetero_different-chapter_00067_1580-5105-5142,s3,ungated_deflation,3,3,-5.924442380270851,2,2,0
hetero_different-chapter_00067_1580-5105-5142,s1,gated_deflation,3,1,63.29492794093282,0,0,0
hetero_different-chapter_00067_1580-5105-5142,s1,gated_deflation,3,2,6.449160295941995,0,0,0
hetero_different-chapter_00067_1580-5105-5142,s1,gated_deflation,3,3,-0.527795419399554,0,0,0
hetero_different-chapter_00067_1580-5105-5142,s2,gated_deflation,3,1,inf,1,1,0
hetero_different-chapter_00067_1580-5105-5142,s2,gated_deflation,3,2,nan,1,1,0
hetero_different-chapter_00067_1580-5105-5142,s2,gated_deflation,3,3,-13.347092725201744,1,1,0
hetero_different-chapter_00067_1580-5105-5142,s3,gated_deflation,3,1,42.07110992893166,2,2,0
hetero_different-chapter_00067_1580-5105-5142,s3,gated_deflation,3,2,0.8524152107846978,2,2,0
hetero_different-chapter_00067_1580-5105-5142,s3,gated_deflation,3,3,-5.924442380270851,2,2,0
hetero_different-chapter_00067_1580-5105-5142,s1,coarse_to_fine,3,1,62.49891673835567,,,2
hetero_different-chapter_00067_1580-5105-5142,s1,coarse_to_fine,3,2,-6.226984207919704,,,2
hetero_different-chapter_00067_1580-5105-5142,s1,coarse_to_fine,3,3,-3.660422253137909,,,2
hetero_different-chapter_00067_1580-5105-5142,s2,coarse_to_fine,3,1,inf,,,2
hetero_different-chapter_00067_1580-5105-5142,s2,coarse_to_fine,3,2,nan,,,2
hetero_different-chapter_00067_1580-5105-5142,s2,coarse_to_fine,3,3,-2.0534846623610252,,,2
hetero_different-chapter_00067_1580-5105-5142,s3,coarse_to_fine,3,1,42.64539428912684,,,2
hetero_different-chapter_00067_1580-5105-5142,s3,coarse_to_fine,3,2,-18.941693367188453,,,2
hetero_different-chapter_00067_1580-5105-5142,s3,coarse_to_fine,3,3,-3.9792332732175066,,,2
hetero_different-chapter_00068_7176-1284-1320,s1,no_recursion,3,1,inf,,,0
hetero_different-chapter_00068_7176-1284-1320,s1,no_recursion,3,2,4.606757715673398,,,0
hetero_different-chapter_00068_7176-1284-1320,s1,no_recursion,3,3,5.774823885149206,,,0
hetero_different-chapter_00068_7176-1284-1320,s2,no_recursion,3,1,66.80987275673584,,,0
hetero_different-chapter_00068_7176-1284-1320,s2,no_recursion,3,2,4.708487851015534,,,0
hetero_different-chapter_00068_7176-1284-1320,s2,no_recursion,3,3,3.1731722515475136,,,0
hetero_different-chapter_00068_7176-1284-1320,s3,no_recursion,3,1,53.17325849068783,,,0
hetero_different-chapter_00068_7176-1284-1320,s3,no_recursion,3,2,nan,,,0
hetero_different-chapter_00068_7176-1284-1320,s3,no_recursion,3,3,-12.196150182168823,,,0
hetero_different-chapter_00068_7176-1284-1320,s1,ungated_deflation,3,1,inf,0,0,0
hetero_different-chapter_00068_7176-1284-1320,s1,ungated_deflation,3,2,4.606757715673398,0,0,0
hetero_different-chapter_00068_7176-1284-1320,s1,ungated_deflation,3,3,5.774823885149206,0,0,0
hetero_different-chapter_00068_7176-1284-1320,s2,ungated_deflation,3,1,64.85487587894265,1,1,0
hetero_different-chapter_00068_7176-1284-1320,s2,ungated_deflation,3,2,-4.081061779860581,1,1,0
hetero_different-chapter_00068_7176-1284-1320,s2,ungated_deflation,3,3,-4.563897810616895,1,1,0
hetero_different-chapter_00068_7176-1284-1320,s3,ungated_deflation,3,1,35.41316626842716,2,2,0
hetero_different-chapter_00068_7176-1284-1320,s3,ungated_deflation,3,2,nan,2,2,0
hetero_different-chapter_00068_7176-1284-1320,s3,ungated_deflation,3,3,-12.170067455803856,2,2,0
hetero_different-chapter_00068_7176-1284-1320,s1,gated_deflation,3,1,inf,0,0,0
hetero_different-chapter_00068_7176-1284-1320,s1,gated_deflation,3,2,4.606757715673398,0,0,0
hetero_different-chapter_00068_7176-1284-1320,s1,gated_deflation,3,3,5.774823885149206,0,0,0
hetero_different-chapter_00068_7176-1284-1320,s2,gated_deflation,3,1,64.85487587894265,1,1,0
hetero_different-chapter_00068_7176-1284-1320,s2,gated_deflation,3,2,-4.081061779860581,1,1,0
hetero_different-chapter_00068_7176-1284-1320,s2,gated_deflation,3,3,-4.563897810616895,1,1,0
hetero_different-chapter_00068_7176-1284-1320,s3,gated_deflation,3,1,35.41316626842716,2,2,0
hetero_different-chapter_00068_7176-1284-1320,s3,gated_deflation,3,2,nan,2,2,0
hetero_different-chapter_00068_7176-1284-1320,s3,gated_deflation,3,3,-12.170067455803856,2,2,0
hetero_different-chapter_00068_7176-1284-1320,s1,coarse_to_fine,3,1,inf,,,2
hetero_different-chapter_00068_7176-1284-1320,s1,coarse_to_fine,3,2,6.799057360736974,,,2
hetero_different-chapter_00068_7176-1284-1320,s1,coarse_to_fine,3,3,6.1644693797117736,,,2
hetero_different-chapter_00068_7176-1284-1320,s2,coarse_to_fine,3,1,67.92388965265259,,,2
hetero_different-chapter_00068_7176-1284-1320,s2,coarse_to_fine,3,2,-13.81764702359973,,,2
hetero_different-chapter_00068_7176-1284-1320,s2,coarse_to_fine,3,3,-14.327814804877924,,,2
hetero_different-chapter_00068_7176-1284-1320,s3,coarse_to_fine,3,1,53.17325849068783,,,2
hetero_different-chapter_00068_7176-1284-1320,s3,coarse_to_fine,3,2,nan,,,2
hetero_different-chapter_00068_7176-1284-1320,s3,coarse_to_fine,3,3,-12.196150182168823,,,2
hetero_different-chapter_00069_6829-4992-2830,s1,no_recursion,3,1,inf,,,0
hetero_different-chapter_00069_6829-4992-2830,s1,no_recursion,3,2,-5.9123787505678695,,,0
hetero_different-chapter_00069_6829-4992-2830,s1,no_recursion,3,3,-12.461664756622174,,,0
hetero_different-chapter_00069_6829-4992-2830,s2,no_recursion,3,1,39.525279698422096,,,0
hetero_different-chapter_00069_6829-4992-2830,s2,no_recursion,3,2,-7.883801960708294,,,0
hetero_different-chapter_00069_6829-4992-2830,s2,no_recursion,3,3,-18.642104616214027,,,0
hetero_different-chapter_00069_6829-4992-2830,s3,no_recursion,3,1,49.93965632724529,,,0
hetero_different-chapter_00069_6829-4992-2830,s3,no_recursion,3,2,nan,,,0
hetero_different-chapter_00069_6829-4992-2830,s3,no_recursion,3,3,-12.833077258834717,,,0
hetero_different-chapter_00069_6829-4992-2830,s1,ungated_deflation,3,1,inf,0,0,0
hetero_different-chapter_00069_6829-4992-2830,s1,ungated_deflation,3,2,-5.9123787505678695,0,0,0
hetero_different-chapter_00069_6829-4992-2830,s1,ungated_deflation,3,3,-12.461664756622174,0,0,0
hetero_different-chapter_00069_6829-4992-2830,s2,ungated_deflation,3,1,41.470596865543534,2,2,0
hetero_different-chapter_00069_6829-4992-2830,s2,ungated_deflation,3,2,-10.767235936420159,2,2,0
hetero_different-chapter_00069_6829-4992-2830,s2,ungated_deflation,3,3,-18.240954140955385,2,2,0
hetero_different-chapter_00069_6829-4992-2830,s3,ungated_deflation,3,1,46.41869640029947,1,1,0
hetero_different-chapter_00069_6829-4992-2830,s3,ungated_deflation,3,2,nan,1,1,0
hetero_different-chapter_00069_6829-4992-2830,s3,ungated_deflation,3,3,-16.18483618585951,1,1,0
hetero_different-chapter_00069_6829-4992-2830,s1,gated_deflation,3,1,inf,0,0,0
hetero_different-chapter_00069_6829-4992-2830,s1,gated_deflation,3,2,-5.9123787505678695,0,0,0
hetero_different-chapter_00069_6829-4992-2830,s1,gated_deflation,3,3,-12.461664756622174,0,0,0
hetero_different-chapter_00069_6829-4992-2830,s2,gated_deflation,3,1,41.470596865543534,2,2,0
hetero_different-chapter_00069_6829-4992-2830,s2,gated_deflation,3,2,-10.767235936420159,2,2,0
hetero_different-chapter_00069_6829-4992-2830,s2,gated_deflation,3,3,-18.240954140955385,2,2,0
hetero_different-chapter_00069_6829-4992-2830,s3,gated_deflation,3,1,46.41869640029947,1,1,0
hetero_different-chapter_00069_6829-4992-2830,s3,gated_deflation,3,2,nan,1,1,0
hetero_different-chapter_00069_6829-4992-2830,s3,gated_deflation,3,3,-16.18483618585951,1,1,0
hetero_different-chapter_00069_6829-4992-2830,s1,coarse_to_fine,3,1,inf,,,2
hetero_different-chapter_00069_6829-4992-2830,s1,coarse_to_fine,3,2,-5.9123787505678695,,,2
hetero_different-chapter_00069_6829-4992-2830,s1,coarse_to_fine,3,3,-12.461664756622174,,,2
hetero_different-chapter_00069_6829-4992-2830,s2,coarse_to_fine,3,1,39.525279698422096,,,2
hetero_different-chapter_00069_6829-4992-2830,s2,coarse_to_fine,3,2,-7.883801960708294,,,2
hetero_different-chapter_00069_6829-4992-2830,s2,coarse_to_fine,3,3,-18.642104616214027,,,2
hetero_different-chapter_00069_6829-4992-2830,s3,coarse_to_fine,3,1,49.93965632724529,,,2
hetero_different-chapter_00069_6829-4992-2830,s3,coarse_to_fine,3,2,nan,,,2
hetero_different-chapter_00069_6829-4992-2830,s3,coarse_to_fine,3,3,-12.833077258834717,,,2
hetero_different-chapter_00070_6829-5683-4992,s1,no_recursion,3,1,36.27274517838475,,,0
hetero_different-chapter_00070_6829-5683-4992,s1,no_recursion,3,2,3.7879118302410197,,,0
hetero_different-chapter_00070_6829-5683-4992,s1,no_recursion,3,3,-7.744849647952229,,,0
hetero_different-chapter_00070_6829-5683-4992,s2,no_recursion,3,1,inf,,,0
hetero_different-chapter_00070_6829-5683-4992,s2,no_recursion,3,2,nan,,,0
hetero_different-chapter_00070_6829-5683-4992,s2,no_recursion,3,3,-4.491847667069989,,,0
hetero_different-chapter_00070_6829-5683-4992,s3,no_recursion,3,1,32.786302284965515,,,0
hetero_different-chapter_00070_6829-5683-4992,s3,no_recursion,3,2,-17.387890498549897,,,0
hetero_different-chapter_00070_6829-5683-4992,s3,no_recursion,3,3,-10.66628646948329,,,0
hetero_different-chapter_00070_6829-5683-4992,s1,ungated_deflation,3,1,36.27274517838475,0,0,0
hetero_different-chapter_00070_6829-5683-4992,s1,ungated_deflation,3,2,3.7879118302410197,0,0,0
hetero_different-chapter_00070_6829-5683-4992,s1,ungated_deflation,3,3,-7.744849647952229,0,0,0
hetero_different-chapter_00070_6829-5683-4992,s2,ungated_deflation,3,1,inf,1,1,0
hetero_different-chapter_00070_6829-5683-4992,s2,ungated_deflation,3,2,nan,1,1,0
hetero_different-chapter_00070_6829-5683-4992,s2,ungated_deflation,3,3,-5.650740315099039,1,1,0
hetero_different-chapter_00070_6829-5683-4992,s3,ungated_deflation,3,1,17.44968685511527,2,2,0
hetero_different-chapter_00070_6829-5683-4992,s3,ungated_deflation,3,2,-23.155995039179885,2,2,0
hetero_different-chapter_00070_6829-5683-4992,s3,ungated_deflation,3,3,-9.54713248992547,2,2,0
hetero_different-chapter_00070_6829-5683-4992,s1,gated_deflation,3,1,36.27274517838475,0,0,0
hetero_different-chapter_00070_6829-5683-4992,s1,gated_deflation,3,2,3.7879118302410197,0,0,0
hetero_different-chapter_00070_6829-5683-4992,s1,gated_deflation,3,3,-7.744849647952229,0,0,0
hetero_different-chapter_00070_6829-5683-4992,s2,gated_deflation,3,1,inf,1,1,0
hetero_different-chapter_00070_6829-5683-4992,s2,gated_deflation,3,2,nan,1,1,0
hetero_different-chapter_00070_6829-5683-4992,s2,gated_deflation,3,3,-5.650740315099039,1,1,0
hetero_different-chapter_00070_6829-5683-4992,s3,gated_deflation,3,1,17.44968685511527,2,2,0
hetero_different-chapter_00070_6829-5683-4992,s3,gated_deflation,3,2,-23.155995039179885,2,2,0
hetero_different-chapter_00070_6829-5683-4992,s3,gated_deflation,3,3,-9.54713248992547,2,2,0
hetero_different-chapter_00070_6829-5683-4992,s1,coarse_to_fine,3,1,36.85098741827818,,,2
hetero_different-chapter_00070_6829-5683-4992,s1,coarse_to_fine,3,2,-2.506024465084835,,,2
hetero_different-chapter_00070_6829-5683-4992,s1,coarse_to_fine,3,3,-8.106953327851258,,,2
hetero_different-chapter_00070_6829-5683-4992,s2,coarse_to_fine,3,1,inf,,,2
hetero_different-chapter_00070_6829-5683-4992,s2,coarse_to_fine,3,2,nan,,,2
hetero_different-chapter_00070_6829-5683-4992,s2,coarse_to_fine,3,3,-4.491847667069989,,,2
hetero_different-chapter_00070_6829-5683-4992,s3,coarse_to_fine,3,1,32.786302284965515,,,2
hetero_different-chapter_00070_6829-5683-4992,s3,coarse_to_fine,3,2,-17.387890498549897,,,2
hetero_different-chapter_00070_6829-5683-4992,s3,coarse_to_fine,3,3,-10.66628646948329,,,2
hetero_different-chapter_00071_260-5683-1284,s1,no_recursion,3,1,69.40752906830484,,,0
hetero_different-chapter_00071_260-5683-1284,s1,no_recursion,3,2,3.6664827278860783,,,0
hetero_different-chapter_00071_260-5683-1284,s1,no_recursion,3,3,3.548836030494839,,,0
hetero_different-chapter_00071_260-5683-1284,s2,no_recursion,3,1,inf,,,0
hetero_different-chapter_00071_260-5683-1284,s2,no_recursion,3,2,5.535711375141345,,,0
hetero_different-chapter_00071_260-5683-1284,s2,no_recursion,3,3,-10.269707976990547,,,0
hetero_different-chapter_00071_260-5683-1284,s3,no_recursion,3,1,49.7996275016183,,,0
hetero_different-chapter_00071_260-5683-1284,s3,no_recursion,3,2,nan,,,0
hetero_different-chapter_00071_260-5683-1284,s3,no_recursion,3,3,-2.5664735558910095,,,0
hetero_different-chapter_00071_260-5683-1284,s1,ungated_deflation,3,1,69.40752906830484,0,0,0
hetero_different-chapter_00071_260-5683-1284,s1,ungated_deflation,3,2,3.6664827278860783,0,0,0
hetero_different-chapter_00071_260-5683-1284,s1,ungated_deflation,3,3,3.548836030494839,0,0,0
hetero_different-chapter_00071_260-5683-1284,s2,ungated_deflation,3,1,inf,1,1,0
hetero_different-chapter_00071_260-5683-1284,s2,ungated_deflation,3,2,-8.900038661888761,1,1,0
hetero_different-chapter_00071_260-5683-1284,s2,ungated_deflation,3,3,-15.747884999627393,1,1,0
hetero_different-chapter_00071_260-5683-1284,s3,ungated_deflation,3,1,34.52891015197385,2,2,0
hetero_different-chapter_00071_260-5683-1284,s3,ungated_deflation,3,2,nan,2,2,0
hetero_different-chapter_00071_260-5683-1284,s3,ungated_deflation,3,3,-8.551044226083533,2,2,0
hetero_different-chapter_00071_260-5683-1284,s1,gated_deflation,3,1,69.40752906830484,0,0,0
hetero_different-chapter_00071_260-5683-1284,s1,gated_deflation,3,2,3.6664827278860783,0,0,0
hetero_different-chapter_00071_260-5683-1284,s1,gated_deflation,3,3,3.548836030494839,0,0,0
hetero_different-chapter_00071_260-5683-1284,s2,gated_deflation,3,1,inf,1,1,0
hetero_different-chapter_00071_260-5683-1284,s2,gated_deflation,3,2,-8.900038661888761,1,1,0
hetero_different-chapter_00071_260-5683-1284,s2,gated_deflation,3,3,-15.747884999627393,1,1,0
hetero_different-chapter_00071_260-5683-1284,s3,gated_deflation,3,1,34.52891015197385,2,2,0
hetero_different-chapter_00071_260-5683-1284,s3,gated_deflation,3,2,nan,2,2,0
hetero_different-chapter_00071_260-5683-1284,s3,gated_deflation,3,3,-8.551044226083533,2,2,0
hetero_different-chapter_00071_260-5683-1284,s1,coarse_to_fine,3,1,70.34503901386996,,,2
hetero_different-chapter_00071_260-5683-1284,s1,coarse_to_fine,3,2,7.114407013300993,,,2
hetero_different-chapter_00071_260-5683-1284,s1,coarse_to_fine,3,3,2.349242397550074,,,2
hetero_different-chapter_00071_260-5683-1284,s2,coarse_to_fine,3,1,inf,,,2
hetero_different-chapter_00071_260-5683-1284,s2,coarse_to_fine,3,2,-2.209553956852334,,,2
hetero_different-chapter_00071_260-5683-1284,s2,coarse_to_fine,3,3,-15.856910905198479,,,2
hetero_different-chapter_00071_260-5683-1284,s3,coarse_to_fine,3,1,49.7996275016183,,,2
hetero_different-chapter_00071_260-5683-1284,s3,coarse_to_fine,3,2,nan,,,2
hetero_different-chapter_00071_260-5683-1284,s3,coarse_to_fine,3,3,-2.5664735558910095,,,2
hetero_different-chapter_00072_5142-6930-7176,s1,no_recursion,3,1,inf,,,0
hetero_different-chapter_00072_5142-6930-7176,s1,no_recursion,3,2,-20.294481279626414,,,0
hetero_different-chapter_00072_5142-6930-7176,s1,no_recursion,3,3,2.592880752737181,,,0
hetero_different-chapter_00072_5142-6930-7176,s2,no_recursion,3,1,inf,,,0
hetero_different-chapter_00072_5142-6930-7176,s2,no_recursion,3,2,nan,,,0
hetero_different-chapter_00072_5142-6930-7176,s2,no_recursion,3,3,-4.0161782589308395,,,0
hetero_different-chapter_00072_5142-6930-7176,s3,no_recursion,3,1,37.09500618533938,,,0
hetero_different-chapter_00072_5142-6930-7176,s3,no_recursion,3,2,7.008760836280581,,,0
hetero_different-chapter_00072_5142-6930-7176,s3,no_recursion,3,3,10.679516786824145,,,0
hetero_different-chapter_00072_5142-6930-7176,s1,ungated_deflation,3,1,inf,0,0,0
hetero_different-chapter_00072_5142-6930-7176,s1,ungated_deflation,3,2,-20.294481279626414,0,0,0
hetero_different-chapter_00072_5142-6930-7176,s1,ungated_deflation,3,3,2.592880752737181,0,0,0
hetero_different-chapter_00072_5142-6930-7176,s2,ungated_deflation,3,1,inf,1,1,0
hetero_different-chapter_00072_5142-6930-7176,s2,ungated_deflation,3,2,nan,1,1,0
hetero_different-chapter_00072_5142-6930-7176,s2,ungated_deflation,3,3,-3.1489722192011067,1,1,0
hetero_different-chapter_00072_5142-6930-7176,s3,ungated_deflation,3,1,25.248204650540522,2,2,0
hetero_different-chapter_00072_5142-6930-7176,s3,ungated_deflation,3,2,8.039346478436105,2,2,0
hetero_different-chapter_00072_5142-6930-7176,s3,ungated_deflation,3,3,-11.983366621384796,2,2,0
hetero_different-chapter_00072_5142-6930-7176,s1,gated_deflation,3,1,inf,0,0,0
hetero_different-chapter_00072_5142-6930-7176,s1,gated_deflation,3,2,-20.294481279626414,0,0,0
hetero_different-chapter_00072_5142-6930-7176,s1,gated_deflation,3,3,2.592880752737181,0,0,0
hetero_different-chapter_00072_5142-6930-7176,s2,gated_deflation,3,1,inf,1,1,0
hetero_different-chapter_00072_5142-6930-7176,s2,gated_deflation,3,2,nan,1,1,0
hetero_different-chapter_00072_5142-6930-7176,s2,gated_deflation,3,3,-3.1489722192011067,1,1,0
hetero_different-chapter_00072_5142-6930-7176,s3,gated_deflation,3,1,25.248204650540522,2,2,0
hetero_different-chapter_00072_5142-6930-7176,s3,gated_deflation,3,2,8.039346478436105,2,2,0
hetero_different-chapter_00072_5142-6930-7176,s3,gated_deflation,3,3,-11.983366621384796,2,2,0
hetero_different-chapter_00072_5142-6930-7176,s1,coarse_to_fine,3,1,inf,,,2
hetero_different-chapter_00072_5142-6930-7176,s1,coarse_to_fine,3,2,-20.587793135024114,,,2
hetero_different-chapter_00072_5142-6930-7176,s1,coarse_to_fine,3,3,2.3865550691881867,,,2
hetero_different-chapter_00072_5142-6930-7176,s2,coarse_to_fine,3,1,inf,,,2
hetero_different-chapter_00072_5142-6930-7176,s2,coarse_to_fine,3,2,nan,,,2
hetero_different-chapter_00072_5142-6930-7176,s2,coarse_to_fine,3,3,-4.0161782589308395,,,2
hetero_different-chapter_00072_5142-6930-7176,s3,coarse_to_fine,3,1,37.09500618533938,,,2
hetero_different-chapter_00072_5142-6930-7176,s3,coarse_to_fine,3,2,7.008760836280581,,,2
hetero_different-chapter_00072_5142-6930-7176,s3,coarse_to_fine,3,3,10.679516786824145,,,2
hetero_different-chapter_00073_6829-8555-260,s1,no_recursion,3,1,inf,,,0
hetero_different-chapter_00073_6829-8555-260,s1,no_recursion,3,2,4.647801373150314,,,0
hetero_different-chapter_00073_6829-8555-260,s1,no_recursion,3,3,4.890339327185379,,,0
hetero_different-chapter_00073_6829-8555-260,s2,no_recursion,3,1,inf,,,0
hetero_different-chapter_00073_6829-8555-260,s2,no_recursion,3,2,nan,,,0
hetero_different-chapter_00073_6829-8555-260,s2,no_recursion,3,3,-1.1146444742608905,,,0
hetero_different-chapter_00073_6829-8555-260,s3,no_recursion,3,1,42.38398825931092,,,0
hetero_different-chapter_00073_6829-8555-260,s3,no_recursion,3,2,-0.22026898787552537,,,0
hetero_different-chapter_00073_6829-8555-260,s3,no_recursion,3,3,7.519220180172223,,,0
hetero_different-chapter_00073_6829-8555-260,s1,ungated_deflation,3,1,inf,0,0,0
hetero_different-chapter_00073_6829-8555-260,s1,ungated_deflation,3,2,4.647801373150314,0,0,0
hetero_different-chapter_00073_6829-8555-260,s1,ungated_deflation,3,3,4.890339327185379,0,0,0
hetero_different-chapter_00073_6829-8555-260,s2,ungated_deflation,3,1,inf,1,1,0
hetero_different-chapter_00073_6829-8555-260,s2,ungated_deflation,3,2,nan,1,1,0
hetero_different-chapter_00073_6829-8555-260,s2,ungated_deflation,3,3,-9.191338236357181,1,1,0
hetero_different-chapter_00073_6829-8555-260,s3,ungated_deflation,3,1,36.42765315548037,2,2,0
hetero_different-chapter_00073_6829-8555-260,s3,ungated_deflation,3,2,-3.691571546637631,2,2,0
hetero_different-chapter_00073_6829-8555-260,s3,ungated_deflation,3,3,-8.605329216440724,2,2,0
hetero_different-chapter_00073_6829-8555-260,s1,gated_deflation,3,1,inf,0,0,0
hetero_different-chapter_00073_6829-8555-260,s1,gated_deflation,3,2,4.647801373150314,0,0,0
hetero_different-chapter_00073_6829-8555-260,s1,gated_deflation,3,3,4.890339327185379,0,0,0
hetero_different-chapter_00073_6829-8555-260,s2,gated_deflation,3,1,inf,1,1,0
hetero_different-chapter_00073_6829-8555-260,s2,gated_deflation,3,2,nan,1,1,0
hetero_different-chapter_00073_6829-8555-260,s2,gated_deflation,3,3,-9.191338236357181,1,1,0
hetero_different-chapter_00073_6829-8555-260,s3,gated_deflation,3,1,36.42765315548037,2,2,0
hetero_different-chapter_00073_6829-8555-260,s3,gated_deflation,3,2,-3.691571546637631,2,2,0
hetero_different-chapter_00073_6829-8555-260,s3,gated_deflation,3,3,-8.605329216440724,2,2,0
hetero_different-chapter_00073_6829-8555-260,s1,coarse_to_fine,3,1,inf,,,2
hetero_different-chapter_00073_6829-8555-260,s1,coarse_to_fine,3,2,4.487681948255883,,,2
hetero_different-chapter_00073_6829-8555-260,s1,coarse_to_fine,3,3,5.024393918415045,,,2
hetero_different-chapter_00073_6829-8555-260,s2,coarse_to_fine,3,1,inf,,,2
hetero_different-chapter_00073_6829-8555-260,s2,coarse_to_fine,3,2,nan,,,2
hetero_different-chapter_00073_6829-8555-260,s2,coarse_to_fine,3,3,-1.1146444742608905,,,2
hetero_different-chapter_00073_6829-8555-260,s3,coarse_to_fine,3,1,42.40809805484154,,,2
hetero_different-chapter_00073_6829-8555-260,s3,coarse_to_fine,3,2,0.13547173929243655,,,2
hetero_different-chapter_00073_6829-8555-260,s3,coarse_to_fine,3,3,7.585122364560379,,,2
hetero_different-chapter_00074_1221-2830-1284,s1,no_recursion,3,1,inf,,,0
hetero_different-chapter_00074_1221-2830-1284,s1,no_recursion,3,2,nan,,,0
hetero_different-chapter_00074_1221-2830-1284,s1,no_recursion,3,3,5.268711158291706,,,0
hetero_different-chapter_00074_1221-2830-1284,s2,no_recursion,3,1,58.109899179565375,,,0
hetero_different-chapter_00074_1221-2830-1284,s2,no_recursion,3,2,12.138185453949884,,,0
hetero_different-chapter_00074_1221-2830-1284,s2,no_recursion,3,3,-1.2154830472738614,,,0
hetero_different-chapter_00074_1221-2830-1284,s3,no_recursion,3,1,30.5562731963045,,,0
hetero_different-chapter_00074_1221-2830-1284,s3,no_recursion,3,2,-18.013596746263868,,,0
hetero_different-chapter_00074_1221-2830-1284,s3,no_recursion,3,3,-0.23084080086734501,,,0
hetero_different-chapter_00074_1221-2830-1284,s1,ungated_deflation,3,1,inf,0,0,0
hetero_different-chapter_00074_1221-2830-1284,s1,ungated_deflation,3,2,nan,0,0,0
hetero_different-chapter_00074_1221-2830-1284,s1,ungated_deflation,3,3,5.268711158291706,0,0,0
hetero_different-chapter_00074_1221-2830-1284,s2,ungated_deflation,3,1,55.43245378123344,1,1,0
hetero_different-chapter_00074_1221-2830-1284,s2,ungated_deflation,3,2,12.797549741616782,1,1,0
hetero_different-chapter_00074_1221-2830-1284,s2,ungated_deflation,3,3,-4.386099355668016,1,1,0
hetero_different-chapter_00074_1221-2830-1284,s3,ungated_deflation,3,1,30.438495087094704,2,2,0
hetero_different-chapter_00074_1221-2830-1284,s3,ungated_deflation,3,2,-32.28909229609141,2,2,0
hetero_different-chapter_00074_1221-2830-1284,s3,ungated_deflation,3,3,-12.047169669220013,2,2,0
hetero_different-chapter_00074_1221-2830-1284,s1,gated_deflation,3,1,inf,0,0,0
hetero_different-chapter_00074_1221-2830-1284,s1,gated_deflation,3,2,nan,0,0,0
hetero_different-chapter_00074_1221-2830-1284,s1,gated_deflation,3,3,5.268711158291706,0,0,0
hetero_different-chapter_00074_1221-2830-1284,s2,gated_deflation,3,1,55.43245378123344,1,1,0
hetero_different-chapter_00074_1221-2830-1284,s2,gated_deflation,3,2,12.797549741616782,1,1,0
hetero_different-chapter_00074_1221-2830-1284,s2,gated_deflation,3,3,-4.386099355668016,1,1,0
hetero_different-chapter_00074_1221-2830-1284,s3,gated_deflation,3,1,30.438495087094704,2,2,0
hetero_different-chapter_00074_1221-2830-1284,s3,gated_deflation,3,2,-32.28909229609141,2,2,0
hetero_different-chapter_00074_1221-2830-1284,s3,gated_deflation,3,3,-12.047169669220013,2,2,0
hetero_different-chapter_00074_1221-2830-1284,s1,coarse_to_fine,3,1,inf,,,2
hetero_different-chapter_00074_1221-2830-1284,s1,coarse_to_fine,3,2,nan,,,2
hetero_different-chapter_00074_1221-2830-1284,s1,coarse_to_fine,3,3,3.091473867265427,,,2
hetero_different-chapter_00074_1221-2830-1284,s2,coarse_to_fine,3,1,51.64499863142915,,,2
hetero_different-chapter_00074_1221-2830-1284,s2,coarse_to_fine,3,2,17.944338662725585,,,2
hetero_different-chapter_00074_1221-2830-1284,s2,coarse_to_fine,3,3,0.9562061852280106,,,2
hetero_different-chapter_00074_1221-2830-1284,s3,coarse_to_fine,3,1,30.866425647054328,,,2
hetero_different-chapter_00074_1221-2830-1284,s3,coarse_to_fine,3,2,-18.24915702722276,,,2
hetero_different-chapter_00074_1221-2830-1284,s3,coarse_to_fine,3,3,1.8232706121263051,,,2
hetero_different-chapter_00075_7021-908-8555,s1,no_recursion,3,1,inf,,,0
hetero_different-chapter_00075_7021-908-8555,s1,no_recursion,3,2,-0.0638204979077597,,,0
hetero_different-chapter_00075_7021-908-8555,s1,no_recursion,3,3,2.5578028611689114,,,0
hetero_different-chapter_00075_7021-908-8555,s2,no_recursion,3,1,51.29503097479684,,,0
hetero_different-chapter_00075_7021-908-8555,s2,no_recursion,3,2,15.490159850249443,,,0
hetero_different-chapter_00075_7021-908-8555,s2,no_recursion,3,3,-2.306926598339381,,,0
hetero_different-chapter_00075_7021-908-8555,s3,no_recursion,3,1,51.53461372450735,,,0
hetero_different-chapter_00075_7021-908-8555,s3,no_recursion,3,2,nan,,,0
hetero_different-chapter_00075_7021-908-8555,s3,no_recursion,3,3,-1.0481205113384657,,,0
hetero_different-chapter_00075_7021-908-8555,s1,ungated_deflation,3,1,inf,0,0,0
hetero_different-chapter_00075_7021-908-8555,s1,ungated_deflation,3,2,-0.0638204979077597,0,0,0
hetero_different-chapter_00075_7021-908-8555,s1,ungated_deflation,3,3,2.5578028611689114,0,0,0
hetero_different-chapter_00075_7021-908-8555,s2,ungated_deflation,3,1,49.92351437796305,2,2,0
hetero_different-chapter_00075_7021-908-8555,s2,ungated_deflation,3,2,9.625791544521572,2,2,0
hetero_different-chapter_00075_7021-908-8555,s2,ungated_deflation,3,3,-10.610659376725378,2,2,0
hetero_different-chapter_00075_7021-908-8555,s3,ungated_deflation,3,1,36.95575206846377,1,1,0
hetero_different-chapter_00075_7021-908-8555,s3,ungated_deflation,3,2,nan,1,1,0
hetero_different-chapter_00075_7021-908-8555,s3,ungated_deflation,3,3,-17.717103402815283,1,1,0
hetero_different-chapter_00075_7021-908-8555,s1,gated_deflation,3,1,inf,0,0,0
hetero_different-chapter_00075_7021-908-8555,s1,gated_deflation,3,2,-0.0638204979077597,0,0,0
hetero_different-chapter_00075_7021-908-8555,s1,gated_deflation,3,3,2.5578028611689114,0,0,0
hetero_different-chapter_00075_7021-908-8555,s2,gated_deflation,3,1,49.92351437796305,2,2,0
hetero_different-chapter_00075_7021-908-8555,s2,gated_deflation,3,2,9.625791544521572,2,2,0
hetero_different-chapter_00075_7021-908-8555,s2,gated_deflation,3,3,-10.610659376725378,2,2,0
hetero_different-chapter_00075_7021-908-8555,s3,gated_deflation,3,1,36.95575206846377,1,1,0
hetero_different-chapter_00075_7021-908-8555,s3,gated_deflation,3,2,nan,1,1,0
hetero_different-chapter_00075_7021-908-8555,s3,gated_deflation,3,3,-17.717103402815283,1,1,0
hetero_different-chapter_00075_7021-908-8555,s1,coarse_to_fine,3,1,inf,,,2
hetero_different-chapter_00075_7021-908-8555,s1,coarse_to_fine,3,2,-2.761695286684502,,,2
hetero_different-chapter_00075_7021-908-8555,s1,coarse_to_fine,3,3,1.5166505524677913,,,2
hetero_different-chapter_00075_7021-908-8555,s2,coarse_to_fine,3,1,51.29503097479684,,,2
hetero_different-chapter_00075_7021-908-8555,s2,coarse_to_fine,3,2,15.490159850249443,,,2
hetero_different-chapter_00075_7021-908-8555,s2,coarse_to_fine,3,3,-2.306926598339381,,,2
hetero_different-chapter_00075_7021-908-8555,s3,coarse_to_fine,3,1,54.07088430406055,,,2
hetero_different-chapter_00075_7021-908-8555,s3,coarse_to_fine,3,2,nan,,,2
hetero_different-chapter_00075_7021-908-8555,s3,coarse_to_fine,3,3,4.462102191329546,,,2
hetero_different-chapter_00076_6930-1580-7127,s1,no_recursion,3,1,inf,,,0
hetero_different-chapter_00076_6930-1580-7127,s1,no_recursion,3,2,nan,,,0
hetero_different-chapter_00076_6930-1580-7127,s1,no_recursion,3,3,0.8534801093594722,,,0
hetero_different-chapter_00076_6930-1580-7127,s2,no_recursion,3,1,inf,,,0
hetero_different-chapter_00076_6930-1580-7127,s2,no_recursion,3,2,-7.7209883773546455,,,0
hetero_different-chapter_00076_6930-1580-7127,s2,no_recursion,3,3,4.781521690199114,,,0
hetero_different-chapter_00076_6930-1580-7127,s3,no_recursion,3,1,36.4141154802788,,,0
hetero_different-chapter_00076_6930-1580-7127,s3,no_recursion,3,2,9.46461019696423,,,0
hetero_different-chapter_00076_6930-1580-7127,s3,no_recursion,3,3,1.288475973352778,,,0
hetero_different-chapter_00076_6930-1580-7127,s1,ungated_deflation,3,1,inf,0,0,0
hetero_different-chapter_00076_6930-1580-7127,s1,ungated_deflation,3,2,nan,0,0,0
hetero_different-chapter_00076_6930-1580-7127,s1,ungated_deflation,3,3,0.8534801093594722,0,0,0
hetero_different-chapter_00076_6930-1580-7127,s2,ungated_deflation,3,1,inf,1,1,0
hetero_different-chapter_00076_6930-1580-7127,s2,ungated_deflation,3,2,-8.886188224138373,1,1,0
hetero_different-chapter_00076_6930-1580-7127,s2,ungated_deflation,3,3,-2.2259068107583397,1,1,0
hetero_different-chapter_00076_6930-1580-7127,s3,ungated_deflation,3,1,20.195379852094312,2,2,0
hetero_different-chapter_00076_6930-1580-7127,s3,ungated_deflation,3,2,7.4335021844020694,2,2,0
hetero_different-chapter_00076_6930-1580-7127,s3,ungated_deflation,3,3,-13.605422168307747,2,2,0
hetero_different-chapter_00076_6930-1580-7127,s1,gated_deflation,3,1,inf,0,0,0
hetero_different-chapter_00076_6930-1580-7127,s1,gated_deflation,3,2,nan,0,0,0
hetero_different-chapter_00076_6930-1580-7127,s1,gated_deflation,3,3,0.8534801093594722,0,0,0
hetero_different-chapter_00076_6930-1580-7127,s2,gated_deflation,3,1,inf,1,1,0
hetero_different-chapter_00076_6930-1580-7127,s2,gated_deflation,3,2,-8.886188224138373,1,1,0
hetero_different-chapter_00076_6930-1580-7127,s2,gated_deflation,3,3,-2.2259068107583397,1,1,0
hetero_different-chapter_00076_6930-1580-7127,s3,gated_deflation,3,1,20.195379852094312,2,2,0
hetero_different-chapter_00076_6930-1580-7127,s3,gated_deflation,3,2,7.4335021844020694,2,2,0
hetero_different-chapter_00076_6930-1580-7127,s3,gated_deflation,3,3,-13.605422168307747,2,2,0
hetero_different-chapter_00076_6930-1580-7127,s1,coarse_to_fine,3,1,inf,,,2
hetero_different-chapter_00076_6930-1580-7127,s1,coarse_to_fine,3,2,nan,,,2
hetero_different-chapter_00076_6930-1580-7127,s1,coarse_to_fine,3,3,-3.2445415416993635,,,2
hetero_different-chapter_00076_6930-1580-7127,s2,coarse_to_fine,3,1,inf,,,2
hetero_different-chapter_00076_6930-1580-7127,s2,coarse_to_fine,3,2,-8.126252917396053,,,2
hetero_different-chapter_00076_6930-1580-7127,s2,coarse_to_fine,3,3,1.3780819317592183,,,2
hetero_different-chapter_00076_6930-1580-7127,s3,coarse_to_fine,3,1,36.59315615657234,,,2
hetero_different-chapter_00076_6930-1580-7127,s3,coarse_to_fine,3,2,9.59738034814224,,,2
hetero_different-chapter_00076_6930-1580-7127,s3,coarse_to_fine,3,3,-0.3576373026290172,,,2
hetero_different-chapter_00077_4970-7021-7176,s1,no_recursion,3,1,58.32286879915876,,,0
hetero_different-chapter_00077_4970-7021-7176,s1,no_recursion,3,2,25.101553047688245,,,0
hetero_different-chapter_00077_4970-7021-7176,s1,no_recursion,3,3,6.998907969446025,,,0
hetero_different-chapter_00077_4970-7021-7176,s2,no_recursion,3,1,inf,,,0
hetero_different-chapter_00077_4970-7021-7176,s2,no_recursion,3,2,nan,,,0
hetero_different-chapter_00077_4970-7021-7176,s2,no_recursion,3,3,-4.9569621322568,,,0
hetero_different-chapter_00077_4970-7021-7176,s3,no_recursion,3,1,47.07378000824644,,,0
hetero_different-chapter_00077_4970-7021-7176,s3,no_recursion,3,2,-14.047780918845028,,,0
hetero_different-chapter_00077_4970-7021-7176,s3,no_recursion,3,3,-1.8401297905930456,,,0
hetero_different-chapter_00077_4970-7021-7176,s1,ungated_deflation,3,1,55.71892988387113,2,2,0
hetero_different-chapter_00077_4970-7021-7176,s1,ungated_deflation,3,2,9.59002028443575,2,2,0
hetero_different-chapter_00077_4970-7021-7176,s1,ungated_deflation,3,3,-2.478085635483384,2,2,0
hetero_different-chapter_00077_4970-7021-7176,s2,ungated_deflation,3,1,inf,0,0,0
hetero_different-chapter_00077_4970-7021-7176,s2,ungated_deflation,3,2,nan,0,0,0
hetero_different-chapter_00077_4970-7021-7176,s2,ungated_deflation,3,3,-4.9569621322568,0,0,0
hetero_different-chapter_00077_4970-7021-7176,s3,ungated_deflation,3,1,35.047151738811465,1,1,0
hetero_different-chapter_00077_4970-7021-7176,s3,ungated_deflation,3,2,-20.59549495754488,1,1,0
hetero_different-chapter_00077_4970-7021-7176,s3,ungated_deflation,3,3,-3.9804341655520026,1,1,0
hetero_different-chapter_00077_4970-7021-7176,s1,gated_deflation,3,1,55.71892988387113,2,2,0
hetero_different-chapter_00077_4970-7021-7176,s1,gated_deflation,3,2,9.59002028443575,2,2,0
hetero_different-chapter_00077_4970-7021-7176,s1,gated_deflation,3,3,-2.478085635483384,2,2,0
hetero_different-chapter_00077_4970-7021-7176,s2,gated_deflation,3,1,inf,0,0,0
hetero_different-chapter_00077_4970-7021-7176,s2,gated_deflation,3,2,nan,0,0,0
hetero_different-chapter_00077_4970-7021-7176,s2,gated_deflation,3,3,-4.9569621322568,0,0,0
hetero_different-chapter_00077_4970-7021-7176,s3,gated_deflation,3,1,35.047151738811465,1,1,0
hetero_different-chapter_00077_4970-7021-7176,s3,gated_deflation,3,2,-20.59549495754488,1,1,0
hetero_different-chapter_00077_4970-7021-7176,s3,gated_deflation,3,3,-3.9804341655520026,1,1,0
hetero_different-chapter_00077_4970-7021-7176,s1,coarse_to_fine,3,1,60.25118235287428,,,2
hetero_different-chapter_00077_4970-7021-7176,s1,coarse_to_fine,3,2,25.372849379992537,,,2
hetero_different-chapter_00077_4970-7021-7176,s1,coarse_to_fine,3,3,6.246562924670566,,,2
hetero_different-chapter_00077_4970-7021-7176,s2,coarse_to_fine,3,1,inf,,,2
hetero_different-chapter_00077_4970-7021-7176,s2,coarse_to_fine,3,2,nan,,,2
hetero_different-chapter_00077_4970-7021-7176,s2,coarse_to_fine,3,3,-4.9569621322568,,,2
hetero_different-chapter_00077_4970-7021-7176,s3,coarse_to_fine,3,1,47.07378000824644,,,2
hetero_different-chapter_00077_4970-7021-7176,s3,coarse_to_fine,3,2,-14.047780918845028,,,2
hetero_different-chapter_00077_4970-7021-7176,s3,coarse_to_fine,3,3,-1.8401297905930456,,,2
hetero_different-chapter_00078_4970-1320-4992,s1,no_recursion,3,1,inf,,,0
hetero_different-chapter_00078_4970-1320-4992,s1,no_recursion,3,2,6.847557455558199,,,0
hetero_different-chapter_00078_4970-1320-4992,s1,no_recursion,3,3,-0.4149047191619041,,,0
hetero_different-chapter_00078_4970-1320-4992,s2,no_recursion,3,1,33.82347202240145,,,0
hetero_different-chapter_00078_4970-1320-4992,s2,no_recursion,3,2,23.754404041663626,,,0
hetero_different-chapter_00078_4970-1320-4992,s2,no_recursion,3,3,10.647123507939174,,,0
hetero_different-chapter_00078_4970-1320-4992,s3,no_recursion,3,1,44.35558351320665,,,0
hetero_different-chapter_00078_4970-1320-4992,s3,no_recursion,3,2,nan,,,0
hetero_different-chapter_00078_4970-1320-4992,s3,no_recursion,3,3,-3.204667237577164,,,0
hetero_different-chapter_00078_4970-1320-4992,s1,ungated_deflation,3,1,inf,0,0,0
hetero_different-chapter_00078_4970-1320-4992,s1,ungated_deflation,3,2,6.847557455558199,0,0,0
hetero_different-chapter_00078_4970-1320-4992,s1,ungated_deflation,3,3,-0.4149047191619041,0,0,0
hetero_different-chapter_00078_4970-1320-4992,s2,ungated_deflation,3,1,36.428178078981766,2,2,0
hetero_different-chapter_00078_4970-1320-4992,s2,ungated_deflation,3,2,-0.9524371277532822,2,2,0
hetero_different-chapter_00078_4970-1320-4992,s2,ungated_deflation,3,3,-7.444579084521083,2,2,0
hetero_different-chapter_00078_4970-1320-4992,s3,ungated_deflation,3,1,34.20404046757362,1,1,0
hetero_different-chapter_00078_4970-1320-4992,s3,ungated_deflation,3,2,nan,1,1,0
hetero_different-chapter_00078_4970-1320-4992,s3,ungated_deflation,3,3,-7.987769306365004,1,1,0
hetero_different-chapter_00078_4970-1320-4992,s1,gated_deflation,3,1,inf,0,0,0
hetero_different-chapter_00078_4970-1320-4992,s1,gated_deflation,3,2,6.847557455558199,0,0,0
hetero_different-chapter_00078_4970-1320-4992,s1,gated_deflation,3,3,-0.4149047191619041,0,0,0
hetero_different-chapter_00078_4970-1320-4992,s2,gated_deflation,3,1,36.428178078981766,2,2,0
hetero_different-chapter_00078_4970-1320-4992,s2,gated_deflation,3,2,-0.9524371277532822,2,2,0
hetero_different-chapter_00078_4970-1320-4992,s2,gated_deflation,3,3,-7.444579084521083,2,2,0
hetero_different-chapter_00078_4970-1320-4992,s3,gated_deflation,3,1,34.20404046757362,1,1,0
hetero_different-chapter_00078_4970-1320-4992,s3,gated_deflation,3,2,nan,1,1,0
hetero_different-chapter_00078_4970-1320-4992,s3,gated_deflation,3,3,-7.987769306365004,1,1,0
hetero_different-chapter_00078_4970-1320-4992,s1,coarse_to_fine,3,1,inf,,,2
hetero_different-chapter_00078_4970-1320-4992,s1,coarse_to_fine,3,2,0.3689463989495244,,,2
hetero_different-chapter_00078_4970-1320-4992,s1,coarse_to_fine,3,3,3.1937792845707147,,,2
hetero_different-chapter_00078_4970-1320-4992,s2,coarse_to_fine,3,1,33.631854085640654,,,2
hetero_different-chapter_00078_4970-1320-4992,s2,coarse_to_fine,3,2,22.99330010102704,,,2
hetero_different-chapter_00078_4970-1320-4992,s2,coarse_to_fine,3,3,10.515564827175726,,,2
hetero_different-chapter_00078_4970-1320-4992,s3,coarse_to_fine,3,1,44.35558351320665,,,2
hetero_different-chapter_00078_4970-1320-4992,s3,coarse_to_fine,3,2,nan,,,2
hetero_different-chapter_00078_4970-1320-4992,s3,coarse_to_fine,3,3,-3.204667237577164,,,2
hetero_different-chapter_00079_7176-908-5142,s1,no_recursion,3,1,33.123462227172624,,,0
hetero_different-chapter_00079_7176-908-5142,s1,no_recursion,3,2,14.050485264071941,,,0
hetero_different-chapter_00079_7176-908-5142,s1,no_recursion,3,3,6.495043723445412,,,0
hetero_different-chapter_00079_7176-908-5142,s2,no_recursion,3,1,inf,,,0
hetero_different-chapter_00079_7176-908-5142,s2,no_recursion,3,2,nan,,,0
hetero_different-chapter_00079_7176-908-5142,s2,no_recursion,3,3,0.9404965012595585,,,0
hetero_different-chapter_00079_7176-908-5142,s3,no_recursion,3,1,38.762135938149015,,,0
hetero_different-chapter_00079_7176-908-5142,s3,no_recursion,3,2,-52.08162141569136,,,0
hetero_different-chapter_00079_7176-908-5142,s3,no_recursion,3,3,5.687357886829107,,,0
hetero_different-chapter_00079_7176-908-5142,s1,ungated_deflation,3,1,32.12483793696534,2,2,0
hetero_different-chapter_00079_7176-908-5142,s1,ungated_deflation,3,2,4.582193727806923,2,2,0
hetero_different-chapter_00079_7176-908-5142,s1,ungated_deflation,3,3,-6.464405079297087,2,2,0
hetero_different-chapter_00079_7176-908-5142,s2,ungated_deflation,3,1,inf,0,0,0
hetero_different-chapter_00079_7176-908-5142,s2,ungated_deflation,3,2,nan,0,0,0
hetero_different-chapter_00079_7176-908-5142,s2,ungated_deflation,3,3,0.9404965012595585,0,0,0
hetero_different-chapter_00079_7176-908-5142,s3,ungated_deflation,3,1,39.89358559814137,1,1,0
hetero_different-chapter_00079_7176-908-5142,s3,ungated_deflation,3,2,-15.046250589620092,1,1,0
hetero_different-chapter_00079_7176-908-5142,s3,ungated_deflation,3,3,3.4271661724427034,1,1,0
hetero_different-chapter_00079_7176-908-5142,s1,gated_deflation,3,1,32.12483793696534,2,2,0
hetero_different-chapter_00079_7176-908-5142,s1,gated_deflation,3,2,4.582193727806923,2,2,0
hetero_different-chapter_00079_7176-908-5142,s1,gated_deflation,3,3,-6.464405079297087,2,2,0
hetero_different-chapter_00079_7176-908-5142,s2,gated_deflation,3,1,inf,0,0,0
hetero_different-chapter_00079_7176-908-5142,s2,gated_deflation,3,2,nan,0,0,0
hetero_different-chapter_00079_7176-908-5142,s2,gated_deflation,3,3,0.9404965012595585,0,0,0
hetero_different-chapter_00079_7176-908-5142,s3,gated_deflation,3,1,39.89358559814137,1,1,0
hetero_different-chapter_00079_7176-908-5142,s3,gated_deflation,3,2,-15.046250589620092,1,1,0
hetero_different-chapter_00079_7176-908-5142,s3,gated_deflation,3,3,3.4271661724427034,1,1,0
hetero_different-chapter_00079_7176-908-5142,s1,coarse_to_fine,3,1,34.52048512151994,,,2
hetero_different-chapter_00079_7176-908-5142,s1,coarse_to_fine,3,2,13.604656168876044,,,2
hetero_different-chapter_00079_7176-908-5142,s1,coarse_to_fine,3,3,0.05239128438008046,,,2
hetero_different-chapter_00079_7176-908-5142,s2,coarse_to_fine,3,1,inf,,,2
hetero_different-chapter_00079_7176-908-5142,s2,coarse_to_fine,3,2,nan,,,2
hetero_different-chapter_00079_7176-908-5142,s2,coarse_to_fine,3,3,0.9404965012595585,,,2
hetero_different-chapter_00079_7176-908-5142,s3,coarse_to_fine,3,1,37.558372551211555,,,2
hetero_different-chapter_00079_7176-908-5142,s3,coarse_to_fine,3,2,-25.817481598769398,,,2
hetero_different-chapter_00079_7176-908-5142,s3,coarse_to_fine,3,3,5.324076898084948,,,2
hetero_different-chapter_00080_8463-237-4077,s1,no_recursion,3,1,inf,,,0
hetero_different-chapter_00080_8463-237-4077,s1,no_recursion,3,2,nan,,,0
hetero_different-chapter_00080_8463-237-4077,s1,no_recursion,3,3,-1.6815717790960825,,,0
hetero_different-chapter_00080_8463-237-4077,s2,no_recursion,3,1,inf,,,0
hetero_different-chapter_00080_8463-237-4077,s2,no_recursion,3,2,1.8559252458163553,,,0
hetero_different-chapter_00080_8463-237-4077,s2,no_recursion,3,3,-2.2349520914474765,,,0
hetero_different-chapter_00080_8463-237-4077,s3,no_recursion,3,1,45.239728141526065,,,0
hetero_different-chapter_00080_8463-237-4077,s3,no_recursion,3,2,4.528213762195859,,,0
hetero_different-chapter_00080_8463-237-4077,s3,no_recursion,3,3,1.977528366868022,,,0
hetero_different-chapter_00080_8463-237-4077,s1,ungated_deflation,3,1,inf,0,0,0
hetero_different-chapter_00080_8463-237-4077,s1,ungated_deflation,3,2,nan,0,0,0
hetero_different-chapter_00080_8463-237-4077,s1,ungated_deflation,3,3,-1.6815717790960825,0,0,0
hetero_different-chapter_00080_8463-237-4077,s2,ungated_deflation,3,1,inf,1,1,0
hetero_different-chapter_00080_8463-237-4077,s2,ungated_deflation,3,2,-17.354611376972812,1,1,0
hetero_different-chapter_00080_8463-237-4077,s2,ungated_deflation,3,3,-9.399339535871599,1,1,0
hetero_different-chapter_00080_8463-237-4077,s3,ungated_deflation,3,1,43.4173255683795,2,2,0
hetero_different-chapter_00080_8463-237-4077,s3,ungated_deflation,3,2,0.34267433418741283,2,2,0
hetero_different-chapter_00080_8463-237-4077,s3,ungated_deflation,3,3,-4.618007736034258,2,2,0
hetero_different-chapter_00080_8463-237-4077,s1,gated_deflation,3,1,inf,0,0,0
hetero_different-chapter_00080_8463-237-4077,s1,gated_deflation,3,2,nan,0,0,0
hetero_different-chapter_00080_8463-237-4077,s1,gated_deflation,3,3,-1.6815717790960825,0,0,0
hetero_different-chapter_00080_8463-237-4077,s2,gated_deflation,3,1,inf,1,1,0
hetero_different-chapter_00080_8463-237-4077,s2,gated_deflation,3,2,-17.354611376972812,1,1,0
hetero_different-chapter_00080_8463-237-4077,s2,gated_deflation,3,3,-9.399339535871599,1,1,0
hetero_different-chapter_00080_8463-237-4077,s3,gated_deflation,3,1,43.4173255683795,2,2,0
hetero_different-chapter_00080_8463-237-4077,s3,gated_deflation,3,2,0.34267433418741283,2,2,0
hetero_different-chapter_00080_8463-237-4077,s3,gated_deflation,3,3,-4.618007736034258,2,2,0
hetero_different-chapter_00080_8463-237-4077,s1,coarse_to_fine,3,1,inf,,,2
hetero_different-chapter_00080_8463-237-4077,s1,coarse_to_fine,3,2,nan,,,2
hetero_different-chapter_00080_8463-237-4077,s1,coarse_to_fine,3,3,-1.6815717790960825,,,2
hetero_different-chapter_00080_8463-237-4077,s2,coarse_to_fine,3,1,inf,,,2
hetero_different-chapter_00080_8463-237-4077,s2,coarse_to_fine,3,2,1.8559252458163553,,,2
hetero_different-chapter_00080_8463-237-4077,s2,coarse_to_fine,3,3,-2.2349520914474765,,,2
hetero_different-chapter_00080_8463-237-4077,s3,coarse_to_fine,3,1,44.273929378603384,,,2
hetero_different-chapter_00080_8463-237-4077,s3,coarse_to_fine,3,2,-1.3344191425390153,,,2
hetero_different-chapter_00080_8463-237-4077,s3,coarse_to_fine,3,3,1.112894669796746,,,2
hetero_different-chapter_00081_908-1089-121,s1,no_recursion,3,1,inf,,,0
hetero_different-chapter_00081_908-1089-121,s1,no_recursion,3,2,nan,,,0
hetero_different-chapter_00081_908-1089-121,s1,no_recursion,3,3,-1.675720210153411,,,0
hetero_different-chapter_00081_908-1089-121,s2,no_recursion,3,1,67.26983910271444,,,0
hetero_different-chapter_00081_908-1089-121,s2,no_recursion,3,2,16.212843428126863,,,0
hetero_different-chapter_00081_908-1089-121,s2,no_recursion,3,3,-1.08416624750409,,,0
hetero_different-chapter_00081_908-1089-121,s3,no_recursion,3,1,62.13638916429517,,,0
hetero_different-chapter_00081_908-1089-121,s3,no_recursion,3,2,-23.84769143875321,,,0
hetero_different-chapter_00081_908-1089-121,s3,no_recursion,3,3,8.823891281882617,,,0
hetero_different-chapter_00081_908-1089-121,s1,ungated_deflation,3,1,inf,0,0,0
hetero_different-chapter_00081_908-1089-121,s1,ungated_deflation,3,2,nan,0,0,0
hetero_different-chapter_00081_908-1089-121,s1,ungated_deflation,3,3,-1.675720210153411,0,0,0
hetero_different-chapter_00081_908-1089-121,s2,ungated_deflation,3,1,66.72997243428755,1,1,0
hetero_different-chapter_00081_908-1089-121,s2,ungated_deflation,3,2,15.2914693044128,1,1,0
hetero_different-chapter_00081_908-1089-121,s2,ungated_deflation,3,3,-2.094836625703051,1,1,0
hetero_different-chapter_00081_908-1089-121,s3,ungated_deflation,3,1,47.01581538385463,2,2,0
hetero_different-chapter_00081_908-1089-121,s3,ungated_deflation,3,2,-24.48264060621223,2,2,0
hetero_different-chapter_00081_908-1089-121,s3,ungated_deflation,3,3,-10.388214390974165,2,2,0
hetero_different-chapter_00081_908-1089-121,s1,gated_deflation,3,1,inf,0,0,0
hetero_different-chapter_00081_908-1089-121,s1,gated_deflation,3,2,nan,0,0,0
hetero_different-chapter_00081_908-1089-121,s1,gated_deflation,3,3,-1.675720210153411,0,0,0
hetero_different-chapter_00081_908-1089-121,s2,gated_deflation,3,1,66.72997243428755,1,1,0
hetero_different-chapter_00081_908-1089-121,s2,gated_deflation,3,2,15.2914693044128,1,1,0
hetero_different-chapter_00081_908-1089-121,s2,gated_deflation,3,3,-2.094836625703051,1,1,0
hetero_different-chapter_00081_908-1089-121,s3,gated_deflation,3,1,47.01581538385463,2,2,0
hetero_different-chapter_00081_908-1089-121,s3,gated_deflation,3,2,-24.48264060621223,2,2,0
hetero_different-chapter_00081_908-1089-121,s3,gated_deflation,3,3,-10.388214390974165,2,2,0
hetero_different-chapter_00081_908-1089-121,s1,coarse_to_fine,3,1,inf,,,2
hetero_different-chapter_00081_908-1089-121,s1,coarse_to_fine,3,2,nan,,,2
hetero_different-chapter_00081_908-1089-121,s1,coarse_to_fine,3,3,-1.675720210153411,,,2
hetero_different-chapter_00081_908-1089-121,s2,coarse_to_fine,3,1,64.84842639054767,,,2
hetero_different-chapter_00081_908-1089-121,s2,coarse_to_fine,3,2,15.598078678860203,,,2
hetero_different-chapter_00081_908-1089-121,s2,coarse_to_fine,3,3,-0.9966886821646525,,,2
hetero_different-chapter_00081_908-1089-121,s3,coarse_to_fine,3,1,62.183466967323426,,,2
hetero_different-chapter_00081_908-1089-121,s3,coarse_to_fine,3,2,-22.92996859527954,,,2
hetero_different-chapter_00081_908-1089-121,s3,coarse_to_fine,3,3,3.946801358878416,,,2
hetero_different-chapter_00082_5105-260-5142,s1,no_recursion,3,1,inf,,,0
hetero_different-chapter_00082_5105-260-5142,s1,no_recursion,3,2,nan,,,0
hetero_different-chapter_00082_5105-260-5142,s1,no_recursion,3,3,-8.942866986807665,,,0
hetero_different-chapter_00082_5105-260-5142,s2,no_recursion,3,1,66.34106764783239,,,0
hetero_different-chapter_00082_5105-260-5142,s2,no_recursion,3,2,6.401293715445152,,,0
hetero_different-chapter_00082_5105-260-5142,s2,no_recursion,3,3,2.417252186388303,,,0
hetero_different-chapter_00082_5105-260-5142,s3,no_recursion,3,1,53.756087963298285,,,0
hetero_different-chapter_00082_5105-260-5142,s3,no_recursion,3,2,0.8815585665565363,,,0
hetero_different-chapter_00082_5105-260-5142,s3,no_recursion,3,3,-0.4785411740304038,,,0
hetero_different-chapter_00082_5105-260-5142,s1,ungated_deflation,3,1,inf,0,0,0
hetero_different-chapter_00082_5105-260-5142,s1,ungated_deflation,3,2,nan,0,0,0
hetero_different-chapter_00082_5105-260-5142,s1,ungated_deflation,3,3,-8.942866986807665,0,0,0
hetero_different-chapter_00082_5105-260-5142,s2,ungated_deflation,3,1,66.90961486707923,1,1,0
hetero_different-chapter_00082_5105-260-5142,s2,ungated_deflation,3,2,5.9504558229172435,1,1,0
hetero_different-chapter_00082_5105-260-5142,s2,ungated_deflation,3,3,-2.149979779157673,1,1,0
hetero_different-chapter_00082_5105-260-5142,s3,ungated_deflation,3,1,43.18670393836769,2,2,0
hetero_different-chapter_00082_5105-260-5142,s3,ungated_deflation,3,2,0.7520484240828624,2,2,0
hetero_different-chapter_00082_5105-260-5142,s3,ungated_deflation,3,3,-1.6203817115685657,2,2,0
hetero_different-chapter_00082_5105-260-5142,s1,gated_deflation,3,1,inf,0,0,0
hetero_different-chapter_00082_5105-260-5142,s1,gated_deflation,3,2,nan,0,0,0
hetero_different-chapter_00082_5105-260-5142,s1,gated_deflation,3,3,-8.942866986807665,0,0,0
hetero_different-chapter_00082_5105-260-5142,s2,gated_deflation,3,1,66.90961486707923,1,1,0
hetero_different-chapter_00082_5105-260-5142,s2,gated_deflation,3,2,5.9504558229172435,1,1,0
hetero_different-chapter_00082_5105-260-5142,s2,gated_deflation,3,3,-2.149979779157673,1,1,0
hetero_different-chapter_00082_5105-260-5142,s3,gated_deflation,3,1,43.18670393836769,2,2,0
hetero_different-chapter_00082_5105-260-5142,s3,gated_deflation,3,2,0.7520484240828624,2,2,0
hetero_different-chapter_00082_5105-260-5142,s3,gated_deflation,3,3,-1.6203817115685657,2,2,0
hetero_different-chapter_00082_5105-260-5142,s1,coarse_to_fine,3,1,inf,,,2
hetero_different-chapter_00082_5105-260-5142,s1,coarse_to_fine,3,2,nan,,,2
hetero_different-chapter_00082_5105-260-5142,s1,coarse_to_fine,3,3,-8.942866986807665,,,2
hetero_different-chapter_00082_5105-260-5142,s2,coarse_to_fine,3,1,66.34106764783239,,,2
hetero_different-chapter_00082_5105-260-5142,s2,coarse_to_fine,3,2,6.401293715445152,,,2
hetero_different-chapter_00082_5105-260-5142,s2,coarse_to_fine,3,3,2.417252186388303,,,2
hetero_different-chapter_00082_5105-260-5142,s3,coarse_to_fine,3,1,58.71558998606717,,,2
hetero_different-chapter_00082_5105-260-5142,s3,coarse_to_fine,3,2,3.5486386135639227,,,2
hetero_different-chapter_00082_5105-260-5142,s3,coarse_to_fine,3,3,0.09545135215572319,,,2
hetero_different-chapter_00083_2961-6829-8463,s1,no_recursion,3,1,inf,,,0
hetero_different-chapter_00083_2961-6829-8463,s1,no_recursion,3,2,0.9850412337081021,,,0
hetero_different-chapter_00083_2961-6829-8463,s1,no_recursion,3,3,-7.402260153391474,,,0
hetero_different-chapter_00083_2961-6829-8463,s2,no_recursion,3,1,inf,,,0
hetero_different-chapter_00083_2961-6829-8463,s2,no_recursion,3,2,nan,,,0
hetero_different-chapter_00083_2961-6829-8463,s2,no_recursion,3,3,-2.1640889084739934,,,0
hetero_different-chapter_00083_2961-6829-8463,s3,no_recursion,3,1,44.7909891875977,,,0
hetero_different-chapter_00083_2961-6829-8463,s3,no_recursion,3,2,-3.5901824768652673,,,0
hetero_different-chapter_00083_2961-6829-8463,s3,no_recursion,3,3,-4.293374374122239,,,0
hetero_different-chapter_00083_2961-6829-8463,s1,ungated_deflation,3,1,inf,0,0,0
hetero_different-chapter_00083_2961-6829-8463,s1,ungated_deflation,3,2,0.9850412337081021,0,0,0
hetero_different-chapter_00083_2961-6829-8463,s1,ungated_deflation,3,3,-7.402260153391474,0,0,0
hetero_different-chapter_00083_2961-6829-8463,s2,ungated_deflation,3,1,inf,1,1,0
hetero_different-chapter_00083_2961-6829-8463,s2,ungated_deflation,3,2,nan,1,1,0
hetero_different-chapter_00083_2961-6829-8463,s2,ungated_deflation,3,3,-13.439408076194084,1,1,0
hetero_different-chapter_00083_2961-6829-8463,s3,ungated_deflation,3,1,35.33114450206083,2,2,0
hetero_different-chapter_00083_2961-6829-8463,s3,ungated_deflation,3,2,-2.5641798823879385,2,2,0
hetero_different-chapter_00083_2961-6829-8463,s3,ungated_deflation,3,3,-2.780522382140338,2,2,0
hetero_different-chapter_00083_2961-6829-8463,s1,gated_deflation,3,1,inf,0,0,0
hetero_different-chapter_00083_2961-6829-8463,s1,gated_deflation,3,2,0.9850412337081021,0,0,0
hetero_different-chapter_00083_2961-6829-8463,s1,gated_deflation,3,3,-7.402260153391474,0,0,0
hetero_different-chapter_00083_2961-6829-8463,s2,gated_deflation,3,1,inf,1,1,0
hetero_different-chapter_00083_2961-6829-8463,s2,gated_deflation,3,2,nan,1,1,0
hetero_different-chapter_00083_2961-6829-8463,s2,gated_deflation,3,3,-13.439408076194084,1,1,0
hetero_different-chapter_00083_2961-6829-8463,s3,gated_deflation,3,1,35.33114450206083,2,2,0
hetero_different-chapter_00083_2961-6829-8463,s3,gated_deflation,3,2,-2.5641798823879385,2,2,0
hetero_different-chapter_00083_2961-6829-8463,s3,gated_deflation,3,3,-2.780522382140338,2,2,0
hetero_different-chapter_00083_2961-6829-8463,s1,coarse_to_fine,3,1,inf,,,2
hetero_different-chapter_00083_2961-6829-8463,s1,coarse_to_fine,3,2,0.9850412337081021,,,2
hetero_different-chapter_00083_2961-6829-8463,s1,coarse_to_fine,3,3,-7.402260153391474,,,2
hetero_different-chapter_00083_2961-6829-8463,s2,coarse_to_fine,3,1,inf,,,2
hetero_different-chapter_00083_2961-6829-8463,s2,coarse_to_fine,3,2,nan,,,2
hetero_different-chapter_00083_2961-6829-8463,s2,coarse_to_fine,3,3,-2.1640889084739934,,,2
hetero_different-chapter_00083_2961-6829-8463,s3,coarse_to_fine,3,1,44.72055656997249,,,2
hetero_different-chapter_00083_2961-6829-8463,s3,coarse_to_fine,3,2,-4.291326829528884,,,2
hetero_different-chapter_00083_2961-6829-8463,s3,coarse_to_fine,3,3,-2.7812967993807014,,,2
hetero_different-chapter_00084_260-1995-4077,s1,no_recursion,3,1,77.34594643291791,,,0
hetero_different-chapter_00084_260-1995-4077,s1,no_recursion,3,2,3.25761867295373,,,0
hetero_different-chapter_00084_260-1995-4077,s1,no_recursion,3,3,-2.3145933079928724,,,0
hetero_different-chapter_00084_260-1995-4077,s2,no_recursion,3,1,inf,,,0
hetero_different-chapter_00084_260-1995-4077,s2,no_recursion,3,2,nan,,,0
hetero_different-chapter_00084_260-1995-4077,s2,no_recursion,3,3,6.616379279503976,,,0
hetero_different-chapter_00084_260-1995-4077,s3,no_recursion,3,1,31.257115750569767,,,0
hetero_different-chapter_00084_260-1995-4077,s3,no_recursion,3,2,0.9712665042427093,,,0
hetero_different-chapter_00084_260-1995-4077,s3,no_recursion,3,3,-1.777116445803756,,,0
hetero_different-chapter_00084_260-1995-4077,s1,ungated_deflation,3,1,77.34594643291791,0,0,0
hetero_different-chapter_00084_260-1995-4077,s1,ungated_deflation,3,2,3.25761867295373,0,0,0
hetero_different-chapter_00084_260-1995-4077,s1,ungated_deflation,3,3,-2.3145933079928724,0,0,0
hetero_different-chapter_00084_260-1995-4077,s2,ungated_deflation,3,1,inf,1,1,0
hetero_different-chapter_00084_260-1995-4077,s2,ungated_deflation,3,2,nan,1,1,0
hetero_different-chapter_00084_260-1995-4077,s2,ungated_deflation,3,3,0.9089542178511796,1,1,0
hetero_different-chapter_00084_260-1995-4077,s3,ungated_deflation,3,1,8.17124019730935,2,2,0
hetero_different-chapter_00084_260-1995-4077,s3,ungated_deflation,3,2,-1.84835223147966,2,2,0
hetero_different-chapter_00084_260-1995-4077,s3,ungated_deflation,3,3,-4.691947769374209,2,2,0
hetero_different-chapter_00084_260-1995-4077,s1,gated_deflation,3,1,77.34594643291791,0,0,0
hetero_different-chapter_00084_260-1995-4077,s1,gated_deflation,3,2,3.25761867295373,0,0,0
hetero_different-chapter_00084_260-1995-4077,s1,gated_deflation,3,3,-2.3145933079928724,0,0,0
hetero_different-chapter_00084_260-1995-4077,s2,gated_deflation,3,1,inf,1,1,0
hetero_different-chapter_00084_260-1995-4077,s2,gated_deflation,3,2,nan,1,1,0
hetero_different-chapter_00084_260-1995-4077,s2,gated_deflation,3,3,0.9089542178511796,1,1,0
hetero_different-chapter_00084_260-1995-4077,s3,gated_deflation,3,1,8.17124019730935,2,2,0
hetero_different-chapter_00084_260-1995-4077,s3,gated_deflation,3,2,-1.84835223147966,2,2,0
hetero_different-chapter_00084_260-1995-4077,s3,gated_deflation,3,3,-4.691947769374209,2,2,0
hetero_different-chapter_00084_260-1995-4077,s1,coarse_to_fine,3,1,77.34594643291791,,,2
hetero_different-chapter_00084_260-1995-4077,s1,coarse_to_fine,3,2,3.25761867295373,,,2
hetero_different-chapter_00084_260-1995-4077,s1,coarse_to_fine,3,3,-2.3145933079928724,,,2
hetero_different-chapter_00084_260-1995-4077,s2,coarse_to_fine,3,1,inf,,,2
hetero_different-chapter_00084_260-1995-4077,s2,coarse_to_fine,3,2,nan,,,2
hetero_different-chapter_00084_260-1995-4077,s2,coarse_to_fine,3,3,5.312298111061482,,,2
hetero_different-chapter_00084_260-1995-4077,s3,coarse_to_fine,3,1,31.546503370959687,,,2
hetero_different-chapter_00084_260-1995-4077,s3,coarse_to_fine,3,2,2.6546755322011957,,,2
hetero_different-chapter_00084_260-1995-4077,s3,coarse_to_fine,3,3,-1.3496760626988142,,,2
hetero_different-chapter_00085_3570-1995-260,s1,no_recursion,3,1,32.847444551195,,,0
hetero_different-chapter_00085_3570-1995-260,s1,no_recursion,3,2,9.133750692383039,,,0
hetero_different-chapter_00085_3570-1995-260,s1,no_recursion,3,3,-2.1060868016443006,,,0
hetero_different-chapter_00085_3570-1995-260,s2,no_recursion,3,1,inf,,,0
hetero_different-chapter_00085_3570-1995-260,s2,no_recursion,3,2,-7.120921198500864,,,0
hetero_different-chapter_00085_3570-1995-260,s2,no_recursion,3,3,-2.056313211110434,,,0
hetero_different-chapter_00085_3570-1995-260,s3,no_recursion,3,1,43.69346406907322,,,0
hetero_different-chapter_00085_3570-1995-260,s3,no_recursion,3,2,nan,,,0
hetero_different-chapter_00085_3570-1995-260,s3,no_recursion,3,3,-3.713761301586485,,,0
hetero_different-chapter_00085_3570-1995-260,s1,ungated_deflation,3,1,26.918415031948143,2,2,0
hetero_different-chapter_00085_3570-1995-260,s1,ungated_deflation,3,2,3.0607124487289266,2,2,0
hetero_different-chapter_00085_3570-1995-260,s1,ungated_deflation,3,3,-2.4581138478535256,2,2,0
hetero_different-chapter_00085_3570-1995-260,s2,ungated_deflation,3,1,inf,0,0,0
hetero_different-chapter_00085_3570-1995-260,s2,ungated_deflation,3,2,-7.120921198500864,0,0,0
hetero_different-chapter_00085_3570-1995-260,s2,ungated_deflation,3,3,-2.056313211110434,0,0,0
hetero_different-chapter_00085_3570-1995-260,s3,ungated_deflation,3,1,35.65461698704165,1,1,0
hetero_different-chapter_00085_3570-1995-260,s3,ungated_deflation,3,2,nan,1,1,0
hetero_different-chapter_00085_3570-1995-260,s3,ungated_deflation,3,3,-7.440118750667221,1,1,0
hetero_different-chapter_00085_3570-1995-260,s1,gated_deflation,3,1,26.918415031948143,2,2,0
hetero_different-chapter_00085_3570-1995-260,s1,gated_deflation,3,2,3.0607124487289266,2,2,0
hetero_different-chapter_00085_3570-1995-260,s1,gated_deflation,3,3,-2.4581138478535256,2,2,0
hetero_different-chapter_00085_3570-1995-260,s2,gated_deflation,3,1,inf,0,0,0
hetero_different-chapter_00085_3570-1995-260,s2,gated_deflation,3,2,-7.120921198500864,0,0,0
hetero_different-chapter_00085_3570-1995-260,s2,gated_deflation,3,3,-2.056313211110434,0,0,0
hetero_different-chapter_00085_3570-1995-260,s3,gated_deflation,3,1,35.65461698704165,1,1,0
hetero_different-chapter_00085_3570-1995-260,s3,gated_deflation,3,2,nan,1,1,0
hetero_different-chapter_00085_3570-1995-260,s3,gated_deflation,3,3,-7.440118750667221,1,1,0
hetero_different-chapter_00085_3570-1995-260,s1,coarse_to_fine,3,1,34.149037411624846,,,2
hetero_different-chapter_00085_3570-1995-260,s1,coarse_to_fine,3,2,12.208228822480462,,,2
hetero_different-chapter_00085_3570-1995-260,s1,coarse_to_fine,3,3,-1.3960897375849743,,,2
hetero_different-chapter_00085_3570-1995-260,s2,coarse_to_fine,3,1,inf,,,2
hetero_different-chapter_00085_3570-1995-260,s2,coarse_to_fine,3,2,-7.120921198500864,,,2
hetero_different-chapter_00085_3570-1995-260,s2,coarse_to_fine,3,3,-2.056313211110434,,,2
hetero_different-chapter_00085_3570-1995-260,s3,coarse_to_fine,3,1,43.69346406907322,,,2
hetero_different-chapter_00085_3570-1995-260,s3,coarse_to_fine,3,2,nan,,,2
hetero_different-chapter_00085_3570-1995-260,s3,coarse_to_fine,3,3,-3.713761301586485,,,2
hetero_different-chapter_00086_2961-1320-908,s1,no_recursion,3,1,49.09408089947193,,,0
hetero_different-chapter_00086_2961-1320-908,s1,no_recursion,3,2,8.415647038011167,,,0
hetero_different-chapter_00086_2961-1320-908,s1,no_recursion,3,3,-1.3935592227180877,,,0
hetero_different-chapter_00086_2961-1320-908,s2,no_recursion,3,1,inf,,,0
hetero_different-chapter_00086_2961-1320-908,s2,no_recursion,3,2,nan,,,0
hetero_different-chapter_00086_2961-1320-908,s2,no_recursion,3,3,-4.817247042618301,,,0
hetero_different-chapter_00086_2961-1320-908,s3,no_recursion,3,1,50.34770441333778,,,0
hetero_different-chapter_00086_2961-1320-908,s3,no_recursion,3,2,3.4131704845999966,,,0
hetero_different-chapter_00086_2961-1320-908,s3,no_recursion,3,3,-4.152064736314097,,,0
hetero_different-chapter_00086_2961-1320-908,s1,ungated_deflation,3,1,39.071722582433836,2,2,0
hetero_different-chapter_00086_2961-1320-908,s1,ungated_deflation,3,2,3.7812415290495967,2,2,0
hetero_different-chapter_00086_2961-1320-908,s1,ungated_deflation,3,3,-3.353569774454281,2,2,0
hetero_different-chapter_00086_2961-1320-908,s2,ungated_deflation,3,1,inf,0,0,0
hetero_different-chapter_00086_2961-1320-908,s2,ungated_deflation,3,2,nan,0,0,0
hetero_different-chapter_00086_2961-1320-908,s2,ungated_deflation,3,3,-4.817247042618301,0,0,0
hetero_different-chapter_00086_2961-1320-908,s3,ungated_deflation,3,1,39.62733928130992,1,1,0
hetero_different-chapter_00086_2961-1320-908,s3,ungated_deflation,3,2,3.4219345323044204,1,1,0
hetero_different-chapter_00086_2961-1320-908,s3,ungated_deflation,3,3,-5.498580646701069,1,1,0
hetero_different-chapter_00086_2961-1320-908,s1,gated_deflation,3,1,39.071722582433836,2,2,0
hetero_different-chapter_00086_2961-1320-908,s1,gated_deflation,3,2,3.7812415290495967,2,2,0
hetero_different-chapter_00086_2961-1320-908,s1,gated_deflation,3,3,-3.353569774454281,2,2,0
hetero_different-chapter_00086_2961-1320-908,s2,gated_deflation,3,1,inf,0,0,0
hetero_different-chapter_00086_2961-1320-908,s2,gated_deflation,3,2,nan,0,0,0
hetero_different-chapter_00086_2961-1320-908,s2,gated_deflation,3,3,-4.817247042618301,0,0,0
hetero_different-chapter_00086_2961-1320-908,s3,gated_deflation,3,1,39.62733928130992,1,1,0
hetero_different-chapter_00086_2961-1320-908,s3,gated_deflation,3,2,3.4219345323044204,1,1,0
hetero_different-chapter_00086_2961-1320-908,s3,gated_deflation,3,3,-5.498580646701069,1,1,0
hetero_different-chapter_00086_2961-1320-908,s1,coarse_to_fine,3,1,50.13433888934099,,,2
hetero_different-chapter_00086_2961-1320-908,s1,coarse_to_fine,3,2,8.76301898761196,,,2
hetero_different-chapter_00086_2961-1320-908,s1,coarse_to_fine,3,3,-1.6949933221101237,,,2
hetero_different-chapter_00086_2961-1320-908,s2,coarse_to_fine,3,1,inf,,,2
hetero_different-chapter_00086_2961-1320-908,s2,coarse_to_fine,3,2,nan,,,2
hetero_different-chapter_00086_2961-1320-908,s2,coarse_to_fine,3,3,-7.663092827823118,,,2
hetero_different-chapter_00086_2961-1320-908,s3,coarse_to_fine,3,1,50.34770441333778,,,2
hetero_different-chapter_00086_2961-1320-908,s3,coarse_to_fine,3,2,3.4131704845999966,,,2
hetero_different-chapter_00086_2961-1320-908,s3,coarse_to_fine,3,3,-4.152064736314097,,,2
hetero_different-chapter_00087_5105-3570-237,s1,no_recursion,3,1,inf,,,0
hetero_different-chapter_00087_5105-3570-237,s1,no_recursion,3,2,nan,,,0
hetero_different-chapter_00087_5105-3570-237,s1,no_recursion,3,3,3.0000789442164817,,,0
hetero_different-chapter_00087_5105-3570-237,s2,no_recursion,3,1,38.27979626520442,,,0
hetero_different-chapter_00087_5105-3570-237,s2,no_recursion,3,2,25.023120840372503,,,0
hetero_different-chapter_00087_5105-3570-237,s2,no_recursion,3,3,8.935864180101266,,,0
hetero_different-chapter_00087_5105-3570-237,s3,no_recursion,3,1,42.42046680986781,,,0
hetero_different-chapter_00087_5105-3570-237,s3,no_recursion,3,2,-43.92062328125385,,,0
hetero_different-chapter_00087_5105-3570-237,s3,no_recursion,3,3,-15.969133308991976,,,0
hetero_different-chapter_00087_5105-3570-237,s1,ungated_deflation,3,1,inf,0,0,0
hetero_different-chapter_00087_5105-3570-237,s1,ungated_deflation,3,2,nan,0,0,0
hetero_different-chapter_00087_5105-3570-237,s1,ungated_deflation,3,3,3.0000789442164817,0,0,0
hetero_different-chapter_00087_5105-3570-237,s2,ungated_deflation,3,1,24.803889127868676,2,2,0
hetero_different-chapter_00087_5105-3570-237,s2,ungated_deflation,3,2,11.310502063245716,2,2,0
hetero_different-chapter_00087_5105-3570-237,s2,ungated_deflation,3,3,0.5675906567541961,2,2,0
hetero_different-chapter_00087_5105-3570-237,s3,ungated_deflation,3,1,40.01753036365525,1,1,0
hetero_different-chapter_00087_5105-3570-237,s3,ungated_deflation,3,2,-39.47203431262614,1,1,0
hetero_different-chapter_00087_5105-3570-237,s3,ungated_deflation,3,3,-17.90401495427296,1,1,0
hetero_different-chapter_00087_5105-3570-237,s1,gated_deflation,3,1,inf,0,0,0
hetero_different-chapter_00087_5105-3570-237,s1,gated_deflation,3,2,nan,0,0,0
hetero_different-chapter_00087_5105-3570-237,s1,gated_deflation,3,3,3.0000789442164817,0,0,0
hetero_different-chapter_00087_5105-3570-237,s2,gated_deflation,3,1,24.803889127868676,2,2,0
hetero_different-chapter_00087_5105-3570-237,s2,gated_deflation,3,2,11.310502063245716,2,2,0
hetero_different-chapter_00087_5105-3570-237,s2,gated_deflation,3,3,0.5675906567541961,2,2,0
hetero_different-chapter_00087_5105-3570-237,s3,gated_deflation,3,1,40.01753036365525,1,1,0
hetero_different-chapter_00087_5105-3570-237,s3,gated_deflation,3,2,-39.47203431262614,1,1,0
hetero_different-chapter_00087_5105-3570-237,s3,gated_deflation,3,3,-17.90401495427296,1,1,0
hetero_different-chapter_00087_5105-3570-237,s1,coarse_to_fine,3,1,inf,,,2
hetero_different-chapter_00087_5105-3570-237,s1,coarse_to_fine,3,2,nan,,,2
hetero_different-chapter_00087_5105-3570-237,s1,coarse_to_fine,3,3,2.316676698394783,,,2
hetero_different-chapter_00087_5105-3570-237,s2,coarse_to_fine,3,1,38.94947187359178,,,2
hetero_different-chapter_00087_5105-3570-237,s2,coarse_to_fine,3,2,25.116866341975282,,,2
hetero_different-chapter_00087_5105-3570-237,s2,coarse_to_fine,3,3,9.57576303302639,,,2
hetero_different-chapter_00087_5105-3570-237,s3,coarse_to_fine,3,1,42.42046680986781,,,2
hetero_different-chapter_00087_5105-3570-237,s3,coarse_to_fine,3,2,-43.92062328125385,,,2
hetero_different-chapter_00087_5105-3570-237,s3,coarse_to_fine,3,3,-15.969133308991976,,,2
hetero_different-chapter_00088_260-4992-7176,s1,no_recursion,3,1,inf,,,0
hetero_different-chapter_00088_260-4992-7176,s1,no_recursion,3,2,nan,,,0
hetero_different-chapter_00088_260-4992-7176,s1,no_recursion,3,3,-4.138052346157799,,,0
hetero_different-chapter_00088_260-4992-7176,s2,no_recursion,3,1,inf,,,0
hetero_different-chapter_00088_260-4992-7176,s2,no_recursion,3,2,-17.909426476182105,,,0
hetero_different-chapter_00088_260-4992-7176,s2,no_recursion,3,3,-1.8386157223600863,,,0
hetero_different-chapter_00088_260-4992-7176,s3,no_recursion,3,1,39.4870556420664,,,0
hetero_different-chapter_00088_260-4992-7176,s3,no_recursion,3,2,20.165635359092153,,,0
hetero_different-chapter_00088_260-4992-7176,s3,no_recursion,3,3,-0.08814511119158477,,,0
hetero_different-chapter_00088_260-4992-7176,s1,ungated_deflation,3,1,inf,0,0,0
hetero_different-chapter_00088_260-4992-7176,s1,ungated_deflation,3,2,nan,0,0,0
hetero_different-chapter_00088_260-4992-7176,s1,ungated_deflation,3,3,-4.138052346157799,0,0,0
hetero_different-chapter_00088_260-4992-7176,s2,ungated_deflation,3,1,inf,1,1,0
hetero_different-chapter_00088_260-4992-7176,s2,ungated_deflation,3,2,-57.11540415371562,1,1,0
hetero_different-chapter_00088_260-4992-7176,s2,ungated_deflation,3,3,-7.335647905922347,1,1,0
hetero_different-chapter_00088_260-4992-7176,s3,ungated_deflation,3,1,31.677745200539373,2,2,0
hetero_different-chapter_00088_260-4992-7176,s3,ungated_deflation,3,2,-7.949536722839956,2,2,0
hetero_different-chapter_00088_260-4992-7176,s3,ungated_deflation,3,3,-4.5111658768615035,2,2,0
hetero_different-chapter_00088_260-4992-7176,s1,gated_deflation,3,1,inf,0,0,0
hetero_different-chapter_00088_260-4992-7176,s1,gated_deflation,3,2,nan,0,0,0
hetero_different-chapter_00088_260-4992-7176,s1,gated_deflation,3,3,-4.138052346157799,0,0,0
hetero_different-chapter_00088_260-4992-7176,s2,gated_deflation,3,1,inf,1,1,0
hetero_different-chapter_00088_260-4992-7176,s2,gated_deflation,3,2,-57.11540415371562,1,1,0
hetero_different-chapter_00088_260-4992-7176,s2,gated_deflation,3,3,-7.335647905922347,1,1,0
hetero_different-chapter_00088_260-4992-7176,s3,gated_deflation,3,1,31.677745200539373,2,2,0
hetero_different-chapter_00088_260-4992-7176,s3,gated_deflation,3,2,-7.949536722839956,2,2,0
hetero_different-chapter_00088_260-4992-7176,s3,gated_deflation,3,3,-4.5111658768615035,2,2,0
hetero_different-chapter_00088_260-4992-7176,s1,coarse_to_fine,3,1,inf,,,2
hetero_different-chapter_00088_260-4992-7176,s1,coarse_to_fine,3,2,nan,,,2
hetero_different-chapter_00088_260-4992-7176,s1,coarse_to_fine,3,3,-4.138052346157799,,,2
hetero_different-chapter_00088_260-4992-7176,s2,coarse_to_fine,3,1,inf,,,2
hetero_different-chapter_00088_260-4992-7176,s2,coarse_to_fine,3,2,-18.03608397573584,,,2
hetero_different-chapter_00088_260-4992-7176,s2,coarse_to_fine,3,3,-16.774953912770023,,,2
hetero_different-chapter_00088_260-4992-7176,s3,coarse_to_fine,3,1,39.14386633404806,,,2
hetero_different-chapter_00088_260-4992-7176,s3,coarse_to_fine,3,2,20.13471843054215,,,2
hetero_different-chapter_00088_260-4992-7176,s3,coarse_to_fine,3,3,1.1183105120409582,,,2
hetero_different-chapter_00089_4077-2830-237,s1,no_recursion,3,1,47.155423253505624,,,0
hetero_different-chapter_00089_4077-2830-237,s1,no_recursion,3,2,16.939460535356698,,,0
hetero_different-chapter_00089_4077-2830-237,s1,no_recursion,3,3,-2.054122732190351,,,0
hetero_different-chapter_00089_4077-2830-237,s2,no_recursion,3,1,inf,,,0
hetero_different-chapter_00089_4077-2830-237,s2,no_recursion,3,2,-5.982385040777933,,,0
hetero_different-chapter_00089_4077-2830-237,s2,no_recursion,3,3,-4.938370951202638,,,0
hetero_different-chapter_00089_4077-2830-237,s3,no_recursion,3,1,35.99150425271178,,,0
hetero_different-chapter_00089_4077-2830-237,s3,no_recursion,3,2,nan,,,0
hetero_different-chapter_00089_4077-2830-237,s3,no_recursion,3,3,3.4174546481583867,,,0
hetero_different-chapter_00089_4077-2830-237,s1,ungated_deflation,3,1,46.91255575557121,2,2,0
hetero_different-chapter_00089_4077-2830-237,s1,ungated_deflation,3,2,1.0643955481478378,2,2,0
hetero_different-chapter_00089_4077-2830-237,s1,ungated_deflation,3,3,-10.089624758207433,2,2,0
hetero_different-chapter_00089_4077-2830-237,s2,ungated_deflation,3,1,inf,0,0,0
hetero_different-chapter_00089_4077-2830-237,s2,ungated_deflation,3,2,-5.982385040777933,0,0,0
hetero_different-chapter_00089_4077-2830-237,s2,ungated_deflation,3,3,-4.938370951202638,0,0,0
hetero_different-chapter_00089_4077-2830-237,s3,ungated_deflation,3,1,27.76097153434291,1,1,0
hetero_different-chapter_00089_4077-2830-237,s3,ungated_deflation,3,2,nan,1,1,0
hetero_different-chapter_00089_4077-2830-237,s3,ungated_deflation,3,3,-1.514251362526611,1,1,0
hetero_different-chapter_00089_4077-2830-237,s1,gated_deflation,3,1,46.91255575557121,2,2,0
hetero_different-chapter_00089_4077-2830-237,s1,gated_deflation,3,2,1.0643955481478378,2,2,0
hetero_different-chapter_00089_4077-2830-237,s1,gated_deflation,3,3,-10.089624758207433,2,2,0
hetero_different-chapter_00089_4077-2830-237,s2,gated_deflation,3,1,inf,0,0,0
hetero_different-chapter_00089_4077-2830-237,s2,gated_deflation,3,2,-5.982385040777933,0,0,0
hetero_different-chapter_00089_4077-2830-237,s2,gated_deflation,3,3,-4.938370951202638,0,0,0
hetero_different-chapter_00089_4077-2830-237,s3,gated_deflation,3,1,27.76097153434291,1,1,0
hetero_different-chapter_00089_4077-2830-237,s3,gated_deflation,3,2,nan,1,1,0
hetero_different-chapter_00089_4077-2830-237,s3,gated_deflation,3,3,-1.514251362526611,1,1,0
hetero_different-chapter_00089_4077-2830-237,s1,coarse_to_fine,3,1,46.81015016235477,,,2
hetero_different-chapter_00089_4077-2830-237,s1,coarse_to_fine,3,2,16.253800992105628,,,2
hetero_different-chapter_00089_4077-2830-237,s1,coarse_to_fine,3,3,-0.5193449847966505,,,2
hetero_different-chapter_00089_4077-2830-237,s2,coarse_to_fine,3,1,inf,,,2
hetero_different-chapter_00089_4077-2830-237,s2,coarse_to_fine,3,2,-5.982385040777933,,,2
hetero_different-chapter_00089_4077-2830-237,s2,coarse_to_fine,3,3,-4.938370951202638,,,2
hetero_different-chapter_00089_4077-2830-237,s3,coarse_to_fine,3,1,35.99150425271178,,,2
hetero_different-chapter_00089_4077-2830-237,s3,coarse_to_fine,3,2,nan,,,2
hetero_different-chapter_00089_4077-2830-237,s3,coarse_to_fine,3,3,3.4174546481583867,,,2
hetero_different-chapter_00090_237-7021-8224,s1,no_recursion,3,1,inf,,,0
hetero_different-chapter_00090_237-7021-8224,s1,no_recursion,3,2,nan,,,0
hetero_different-chapter_00090_237-7021-8224,s1,no_recursion,3,3,0.42251017729066837,,,0
hetero_different-chapter_00090_237-7021-8224,s2,no_recursion,3,1,62.43872705950856,,,0
hetero_different-chapter_00090_237-7021-8224,s2,no_recursion,3,2,7.579175549446729,,,0
hetero_different-chapter_00090_237-7021-8224,s2,no_recursion,3,3,1.3403504155038914,,,0
hetero_different-chapter_00090_237-7021-8224,s3,no_recursion,3,1,44.31391371979589,,,0
hetero_different-chapter_00090_237-7021-8224,s3,no_recursion,3,2,-7.332707678624165,,,0
hetero_different-chapter_00090_237-7021-8224,s3,no_recursion,3,3,1.4980149614598106,,,0
hetero_different-chapter_00090_237-7021-8224,s1,ungated_deflation,3,1,inf,0,0,0
hetero_different-chapter_00090_237-7021-8224,s1,ungated_deflation,3,2,nan,0,0,0
hetero_different-chapter_00090_237-7021-8224,s1,ungated_deflation,3,3,0.42251017729066837,0,0,0
hetero_different-chapter_00090_237-7021-8224,s2,ungated_deflation,3,1,62.63086324303519,1,1,0
hetero_different-chapter_00090_237-7021-8224,s2,ungated_deflation,3,2,6.164845284275582,1,1,0
hetero_different-chapter_00090_237-7021-8224,s2,ungated_deflation,3,3,2.108268888373705,1,1,0
hetero_different-chapter_00090_237-7021-8224,s3,ungated_deflation,3,1,31.980980709569234,2,2,0
hetero_different-chapter_00090_237-7021-8224,s3,ungated_deflation,3,2,-5.718091310961199,2,2,0
hetero_different-chapter_00090_237-7021-8224,s3,ungated_deflation,3,3,-5.092421141220638,2,2,0
hetero_different-chapter_00090_237-7021-8224,s1,gated_deflation,3,1,inf,0,0,0
hetero_different-chapter_00090_237-7021-8224,s1,gated_deflation,3,2,nan,0,0,0
hetero_different-chapter_00090_237-7021-8224,s1,gated_deflation,3,3,0.42251017729066837,0,0,0
hetero_different-chapter_00090_237-7021-8224,s2,gated_deflation,3,1,62.63086324303519,1,1,0
hetero_different-chapter_00090_237-7021-8224,s2,gated_deflation,3,2,6.164845284275582,1,1,0
hetero_different-chapter_00090_237-7021-8224,s2,gated_deflation,3,3,2.108268888373705,1,1,0
hetero_different-chapter_00090_237-7021-8224,s3,gated_deflation,3,1,31.980980709569234,2,2,0
hetero_different-chapter_00090_237-7021-8224,s3,gated_deflation,3,2,-5.718091310961199,2,2,0
hetero_different-chapter_00090_237-7021-8224,s3,gated_deflation,3,3,-5.092421141220638,2,2,0
hetero_different-chapter_00090_237-7021-8224,s1,coarse_to_fine,3,1,inf,,,2
hetero_different-chapter_00090_237-7021-8224,s1,coarse_to_fine,3,2,nan,,,2
hetero_different-chapter_00090_237-7021-8224,s1,coarse_to_fine,3,3,-2.4433699891542155,,,2
hetero_different-chapter_00090_237-7021-8224,s2,coarse_to_fine,3,1,60.642242610623036,,,2
hetero_different-chapter_00090_237-7021-8224,s2,coarse_to_fine,3,2,7.145954005547068,,,2
hetero_different-chapter_00090_237-7021-8224,s2,coarse_to_fine,3,3,2.7205822227575673,,,2
hetero_different-chapter_00090_237-7021-8224,s3,coarse_to_fine,3,1,45.7285174910089,,,2
hetero_different-chapter_00090_237-7021-8224,s3,coarse_to_fine,3,2,-8.997624062270418,,,2
hetero_different-chapter_00090_237-7021-8224,s3,coarse_to_fine,3,3,1.7167623634548401,,,2
hetero_different-chapter_00091_1221-260-5105,s1,no_recursion,3,1,56.876688936932524,,,0
hetero_different-chapter_00091_1221-260-5105,s1,no_recursion,3,2,7.460044535806826,,,0
hetero_different-chapter_00091_1221-260-5105,s1,no_recursion,3,3,-0.15711486514290018,,,0
hetero_different-chapter_00091_1221-260-5105,s2,no_recursion,3,1,inf,,,0
hetero_different-chapter_00091_1221-260-5105,s2,no_recursion,3,2,-15.606232722735868,,,0
hetero_different-chapter_00091_1221-260-5105,s2,no_recursion,3,3,1.3050868329853866,,,0
hetero_different-chapter_00091_1221-260-5105,s3,no_recursion,3,1,40.233318386269374,,,0
hetero_different-chapter_00091_1221-260-5105,s3,no_recursion,3,2,nan,,,0
hetero_different-chapter_00091_1221-260-5105,s3,no_recursion,3,3,-8.26862744152082,,,0
hetero_different-chapter_00091_1221-260-5105,s1,ungated_deflation,3,1,58.11147434531928,2,2,0
hetero_different-chapter_00091_1221-260-5105,s1,ungated_deflation,3,2,6.186757488892274,2,2,0
hetero_different-chapter_00091_1221-260-5105,s1,ungated_deflation,3,3,-19.245835199647725,2,2,0
hetero_different-chapter_00091_1221-260-5105,s2,ungated_deflation,3,1,inf,0,0,0
hetero_different-chapter_00091_1221-260-5105,s2,ungated_deflation,3,2,-15.606232722735868,0,0,0
hetero_different-chapter_00091_1221-260-5105,s2,ungated_deflation,3,3,1.3050868329853866,0,0,0
hetero_different-chapter_00091_1221-260-5105,s3,ungated_deflation,3,1,33.35562796674661,1,1,0
hetero_different-chapter_00091_1221-260-5105,s3,ungated_deflation,3,2,nan,1,1,0
hetero_different-chapter_00091_1221-260-5105,s3,ungated_deflation,3,3,-9.136376316400494,1,1,0
hetero_different-chapter_00091_1221-260-5105,s1,gated_deflation,3,1,58.11147434531928,2,2,0
hetero_different-chapter_00091_1221-260-5105,s1,gated_deflation,3,2,6.186757488892274,2,2,0
hetero_different-chapter_00091_1221-260-5105,s1,gated_deflation,3,3,-19.245835199647725,2,2,0
hetero_different-chapter_00091_1221-260-5105,s2,gated_deflation,3,1,inf,0,0,0
hetero_different-chapter_00091_1221-260-5105,s2,gated_deflation,3,2,-15.606232722735868,0,0,0
hetero_different-chapter_00091_1221-260-5105,s2,gated_deflation,3,3,1.3050868329853866,0,0,0
hetero_different-chapter_00091_1221-260-5105,s3,gated_deflation,3,1,33.35562796674661,1,1,0
hetero_different-chapter_00091_1221-260-5105,s3,gated_deflation,3,2,nan,1,1,0
hetero_different-chapter_00091_1221-260-5105,s3,gated_deflation,3,3,-9.136376316400494,1,1,0
hetero_different-chapter_00091_1221-260-5105,s1,coarse_to_fine,3,1,58.31628814530916,,,2
hetero_different-chapter_00091_1221-260-5105,s1,coarse_to_fine,3,2,10.61237203974341,,,2
hetero_different-chapter_00091_1221-260-5105,s1,coarse_to_fine,3,3,-2.22901611374201,,,2
hetero_different-chapter_00091_1221-260-5105,s2,coarse_to_fine,3,1,inf,,,2
hetero_different-chapter_00091_1221-260-5105,s2,coarse_to_fine,3,2,-15.606232722735868,,,2
hetero_different-chapter_00091_1221-260-5105,s2,coarse_to_fine,3,3,1.3050868329853866,,,2
hetero_different-chapter_00091_1221-260-5105,s3,coarse_to_fine,3,1,40.233318386269374,,,2
hetero_different-chapter_00091_1221-260-5105,s3,coarse_to_fine,3,2,nan,,,2
hetero_different-chapter_00091_1221-260-5105,s3,coarse_to_fine,3,3,-8.26862744152082,,,2
hetero_different-chapter_00092_8224-6829-1221,s1,no_recursion,3,1,inf,,,0
hetero_different-chapter_00092_8224-6829-1221,s1,no_recursion,3,2,nan,,,0
hetero_different-chapter_00092_8224-6829-1221,s1,no_recursion,3,3,8.307847129769712,,,0
hetero_different-chapter_00092_8224-6829-1221,s2,no_recursion,3,1,71.74020733025458,,,0
hetero_different-chapter_00092_8224-6829-1221,s2,no_recursion,3,2,11.212280529545652,,,0
hetero_different-chapter_00092_8224-6829-1221,s2,no_recursion,3,3,0.368715391817264,,,0
hetero_different-chapter_00092_8224-6829-1221,s3,no_recursion,3,1,40.16515784277003,,,0
hetero_different-chapter_00092_8224-6829-1221,s3,no_recursion,3,2,-10.23836572541245,,,0
hetero_different-chapter_00092_8224-6829-1221,s3,no_recursion,3,3,1.371231089476349,,,0
hetero_different-chapter_00092_8224-6829-1221,s1,ungated_deflation,3,1,inf,0,0,0
hetero_different-chapter_00092_8224-6829-1221,s1,ungated_deflation,3,2,nan,0,0,0
hetero_different-chapter_00092_8224-6829-1221,s1,ungated_deflation,3,3,8.307847129769712,0,0,0
hetero_different-chapter_00092_8224-6829-1221,s2,ungated_deflation,3,1,69.91892690101712,1,1,0
hetero_different-chapter_00092_8224-6829-1221,s2,ungated_deflation,3,2,6.122492176919392,1,1,0
hetero_different-chapter_00092_8224-6829-1221,s2,ungated_deflation,3,3,-2.2734439942839004,1,1,0
hetero_different-chapter_00092_8224-6829-1221,s3,ungated_deflation,3,1,27.03046142392877,2,2,0
hetero_different-chapter_00092_8224-6829-1221,s3,ungated_deflation,3,2,-13.837179212840581,2,2,0
hetero_different-chapter_00092_8224-6829-1221,s3,ungated_deflation,3,3,-3.5791910120993915,2,2,0
hetero_different-chapter_00092_8224-6829-1221,s1,gated_deflation,3,1,inf,0,0,0
hetero_different-chapter_00092_8224-6829-1221,s1,gated_deflation,3,2,nan,0,0,0
hetero_different-chapter_00092_8224-6829-1221,s1,gated_deflation,3,3,8.307847129769712,0,0,0
hetero_different-chapter_00092_8224-6829-1221,s2,gated_deflation,3,1,69.91892690101712,1,1,0
hetero_different-chapter_00092_8224-6829-1221,s2,gated_deflation,3,2,6.122492176919392,1,1,0
hetero_different-chapter_00092_8224-6829-1221,s2,gated_deflation,3,3,-2.2734439942839004,1,1,0
hetero_different-chapter_00092_8224-6829-1221,s3,gated_deflation,3,1,27.03046142392877,2,2,0
hetero_different-chapter_00092_8224-6829-1221,s3,gated_deflation,3,2,-13.837179212840581,2,2,0
hetero_different-chapter_00092_8224-6829-1221,s3,gated_deflation,3,3,-3.5791910120993915,2,2,0
hetero_different-chapter_00092_8224-6829-1221,s1,coarse_to_fine,3,1,inf,,,2
hetero_different-chapter_00092_8224-6829-1221,s1,coarse_to_fine,3,2,nan,,,2
hetero_different-chapter_00092_8224-6829-1221,s1,coarse_to_fine,3,3,8.676115068729551,,,2
hetero_different-chapter_00092_8224-6829-1221,s2,coarse_to_fine,3,1,71.74020733025458,,,2
hetero_different-chapter_00092_8224-6829-1221,s2,coarse_to_fine,3,2,11.212280529545652,,,2
hetero_different-chapter_00092_8224-6829-1221,s2,coarse_to_fine,3,3,0.368715391817264,,,2
hetero_different-chapter_00092_8224-6829-1221,s3,coarse_to_fine,3,1,39.82944349429326,,,2
hetero_different-chapter_00092_8224-6829-1221,s3,coarse_to_fine,3,2,-10.311764529757731,,,2
hetero_different-chapter_00092_8224-6829-1221,s3,coarse_to_fine,3,3,-2.4759570184077266,,,2
hetero_different-chapter_00093_1320-908-237,s1,no_recursion,3,1,inf,,,0
hetero_different-chapter_00093_1320-908-237,s1,no_recursion,3,2,nan,,,0
hetero_different-chapter_00093_1320-908-237,s1,no_recursion,3,3,-2.0609571007464216,,,0
hetero_different-chapter_00093_1320-908-237,s2,no_recursion,3,1,inf,,,0
hetero_different-chapter_00093_1320-908-237,s2,no_recursion,3,2,1.221464018283188,,,0
hetero_different-chapter_00093_1320-908-237,s2,no_recursion,3,3,0.5700896757265749,,,0
hetero_different-chapter_00093_1320-908-237,s3,no_recursion,3,1,52.356862720314055,,,0
hetero_different-chapter_00093_1320-908-237,s3,no_recursion,3,2,12.917749664827634,,,0
hetero_different-chapter_00093_1320-908-237,s3,no_recursion,3,3,4.114626582695662,,,0
hetero_different-chapter_00093_1320-908-237,s1,ungated_deflation,3,1,inf,0,0,0
hetero_different-chapter_00093_1320-908-237,s1,ungated_deflation,3,2,nan,0,0,0
hetero_different-chapter_00093_1320-908-237,s1,ungated_deflation,3,3,-2.0609571007464216,0,0,0
hetero_different-chapter_00093_1320-908-237,s2,ungated_deflation,3,1,inf,1,1,0
hetero_different-chapter_00093_1320-908-237,s2,ungated_deflation,3,2,-4.373453924970741,1,1,0
hetero_different-chapter_00093_1320-908-237,s2,ungated_deflation,3,3,-0.8312493534287625,1,1,0
hetero_different-chapter_00093_1320-908-237,s3,ungated_deflation,3,1,48.93579209940171,2,2,0
hetero_different-chapter_00093_1320-908-237,s3,ungated_deflation,3,2,1.7612881058618088,2,2,0
hetero_different-chapter_00093_1320-908-237,s3,ungated_deflation,3,3,-14.629472485299777,2,2,0
hetero_different-chapter_00093_1320-908-237,s1,gated_deflation,3,1,inf,0,0,0
hetero_different-chapter_00093_1320-908-237,s1,gated_deflation,3,2,nan,0,0,0
hetero_different-chapter_00093_1320-908-237,s1,gated_deflation,3,3,-2.0609571007464216,0,0,0
hetero_different-chapter_00093_1320-908-237,s2,gated_deflation,3,1,inf,1,1,0
hetero_different-chapter_00093_1320-908-237,s2,gated_deflation,3,2,-4.373453924970741,1,1,0
hetero_different-chapter_00093_1320-908-237,s2,gated_deflation,3,3,-0.8312493534287625,1,1,0
hetero_different-chapter_00093_1320-908-237,s3,gated_deflation,3,1,48.93579209940171,2,2,0
hetero_different-chapter_00093_1320-908-237,s3,gated_deflation,3,2,1.7612881058618088,2,2,0
hetero_different-chapter_00093_1320-908-237,s3,gated_deflation,3,3,-14.629472485299777,2,2,0
hetero_different-chapter_00093_1320-908-237,s1,coarse_to_fine,3,1,inf,,,2
hetero_different-chapter_00093_1320-908-237,s1,coarse_to_fine,3,2,nan,,,2
hetero_different-chapter_00093_1320-908-237,s1,coarse_to_fine,3,3,-2.0609571007464216,,,2
hetero_different-chapter_00093_1320-908-237,s2,coarse_to_fine,3,1,inf,,,2
hetero_different-chapter_00093_1320-908-237,s2,coarse_to_fine,3,2,1.221464018283188,,,2
hetero_different-chapter_00093_1320-908-237,s2,coarse_to_fine,3,3,0.5700896757265749,,,2
hetero_different-chapter_00093_1320-908-237,s3,coarse_to_fine,3,1,53.006000204645574,,,2
hetero_different-chapter_00093_1320-908-237,s3,coarse_to_fine,3,2,12.346586261397182,,,2
hetero_different-chapter_00093_1320-908-237,s3,coarse_to_fine,3,3,4.205228483795219,,,2
hetero_different-chapter_00094_908-1320-8463,s1,no_recursion,3,1,inf,,,0
hetero_different-chapter_00094_908-1320-8463,s1,no_recursion,3,2,nan,,,0
hetero_different-chapter_00094_908-1320-8463,s1,no_recursion,3,3,-2.3725961531778195,,,0
hetero_different-chapter_00094_908-1320-8463,s2,no_recursion,3,1,71.54226867452249,,,0
hetero_different-chapter_00094_908-1320-8463,s2,no_recursion,3,2,5.346820308314609,,,0
hetero_different-chapter_00094_908-1320-8463,s2,no_recursion,3,3,3.2015041555666803,,,0
hetero_different-chapter_00094_908-1320-8463,s3,no_recursion,3,1,48.0886467617485,,,0
hetero_different-chapter_00094_908-1320-8463,s3,no_recursion,3,2,-0.010242105946285423,,,0
hetero_different-chapter_00094_908-1320-8463,s3,no_recursion,3,3,5.083456454567509,,,0
hetero_different-chapter_00094_908-1320-8463,s1,ungated_deflation,3,1,inf,0,0,0
hetero_different-chapter_00094_908-1320-8463,s1,ungated_deflation,3,2,nan,0,0,0
hetero_different-chapter_00094_908-1320-8463,s1,ungated_deflation,3,3,-2.3725961531778195,0,0,0
hetero_different-chapter_00094_908-1320-8463,s2,ungated_deflation,3,1,71.26266573713224,1,1,0
hetero_different-chapter_00094_908-1320-8463,s2,ungated_deflation,3,2,6.77352794901751,1,1,0
hetero_different-chapter_00094_908-1320-8463,s2,ungated_deflation,3,3,-7.262125094628029,1,1,0
hetero_different-chapter_00094_908-1320-8463,s3,ungated_deflation,3,1,32.125519358209885,2,2,0
hetero_different-chapter_00094_908-1320-8463,s3,ungated_deflation,3,2,3.4319473305951753,2,2,0
hetero_different-chapter_00094_908-1320-8463,s3,ungated_deflation,3,3,-2.0980117215630374,2,2,0
hetero_different-chapter_00094_908-1320-8463,s1,gated_deflation,3,1,inf,0,0,0
hetero_different-chapter_00094_908-1320-8463,s1,gated_deflation,3,2,nan,0,0,0
hetero_different-chapter_00094_908-1320-8463,s1,gated_deflation,3,3,-2.3725961531778195,0,0,0
hetero_different-chapter_00094_908-1320-8463,s2,gated_deflation,3,1,71.26266573713224,1,1,0
hetero_different-chapter_00094_908-1320-8463,s2,gated_deflation,3,2,6.77352794901751,1,1,0
hetero_different-chapter_00094_908-1320-8463,s2,gated_deflation,3,3,-7.262125094628029,1,1,0
hetero_different-chapter_00094_908-1320-8463,s3,gated_deflation,3,1,32.125519358209885,2,2,0
hetero_different-chapter_00094_908-1320-8463,s3,gated_deflation,3,2,3.4319473305951753,2,2,0
hetero_different-chapter_00094_908-1320-8463,s3,gated_deflation,3,3,-2.0980117215630374,2,2,0
hetero_different-chapter_00094_908-1320-8463,s1,coarse_to_fine,3,1,inf,,,2
hetero_different-chapter_00094_908-1320-8463,s1,coarse_to_fine,3,2,nan,,,2
hetero_different-chapter_00094_908-1320-8463,s1,coarse_to_fine,3,3,-2.3725961531778195,,,2
hetero_different-chapter_00094_908-1320-8463,s2,coarse_to_fine,3,1,69.2923565897844,,,2
hetero_different-chapter_00094_908-1320-8463,s2,coarse_to_fine,3,2,11.239846941237468,,,2
hetero_different-chapter_00094_908-1320-8463,s2,coarse_to_fine,3,3,4.46037479766373,,,2
hetero_different-chapter_00094_908-1320-8463,s3,coarse_to_fine,3,1,43.54774045973091,,,2
hetero_different-chapter_00094_908-1320-8463,s3,coarse_to_fine,3,2,10.706530447955947,,,2
hetero_different-chapter_00094_908-1320-8463,s3,coarse_to_fine,3,3,6.176450744493475,,,2
hetero_different-chapter_00095_2830-5142-4077,s1,no_recursion,3,1,inf,,,0
hetero_different-chapter_00095_2830-5142-4077,s1,no_recursion,3,2,nan,,,0
hetero_different-chapter_00095_2830-5142-4077,s1,no_recursion,3,3,-12.672490155973888,,,0
hetero_different-chapter_00095_2830-5142-4077,s2,no_recursion,3,1,inf,,,0
hetero_different-chapter_00095_2830-5142-4077,s2,no_recursion,3,2,-14.911455416885966,,,0
hetero_different-chapter_00095_2830-5142-4077,s2,no_recursion,3,3,4.796299161904491,,,0
hetero_different-chapter_00095_2830-5142-4077,s3,no_recursion,3,1,42.89439729620244,,,0
hetero_different-chapter_00095_2830-5142-4077,s3,no_recursion,3,2,14.627163822167326,,,0
hetero_different-chapter_00095_2830-5142-4077,s3,no_recursion,3,3,-6.133817117158236,,,0
hetero_different-chapter_00095_2830-5142-4077,s1,ungated_deflation,3,1,inf,0,0,0
hetero_different-chapter_00095_2830-5142-4077,s1,ungated_deflation,3,2,nan,0,0,0
hetero_different-chapter_00095_2830-5142-4077,s1,ungated_deflation,3,3,-12.672490155973888,0,0,0
hetero_different-chapter_00095_2830-5142-4077,s2,ungated_deflation,3,1,inf,1,1,0
hetero_different-chapter_00095_2830-5142-4077,s2,ungated_deflation,3,2,-15.860338596553223,1,1,0
hetero_different-chapter_00095_2830-5142-4077,s2,ungated_deflation,3,3,-1.082647385890157,1,1,0
hetero_different-chapter_00095_2830-5142-4077,s3,ungated_deflation,3,1,25.67054094057772,2,2,0
hetero_different-chapter_00095_2830-5142-4077,s3,ungated_deflation,3,2,8.707793745804102,2,2,0
hetero_different-chapter_00095_2830-5142-4077,s3,ungated_deflation,3,3,-3.952283564698076,2,2,0
hetero_different-chapter_00095_2830-5142-4077,s1,gated_deflation,3,1,inf,0,0,0
hetero_different-chapter_00095_2830-5142-4077,s1,gated_deflation,3,2,nan,0,0,0
hetero_different-chapter_00095_2830-5142-4077,s1,gated_deflation,3,3,-12.672490155973888,0,0,0
hetero_different-chapter_00095_2830-5142-4077,s2,gated_deflation,3,1,inf,1,1,0
hetero_different-chapter_00095_2830-5142-4077,s2,gated_deflation,3,2,-15.860338596553223,1,1,0
hetero_different-chapter_00095_2830-5142-4077,s2,gated_deflation,3,3,-1.082647385890157,1,1,0
hetero_different-chapter_00095_2830-5142-4077,s3,gated_deflation,3,1,25.67054094057772,2,2,0
hetero_different-chapter_00095_2830-5142-4077,s3,gated_deflation,3,2,8.707793745804102,2,2,0
hetero_different-chapter_00095_2830-5142-4077,s3,gated_deflation,3,3,-3.952283564698076,2,2,0
hetero_different-chapter_00095_2830-5142-4077,s1,coarse_to_fine,3,1,inf,,,2
hetero_different-chapter_00095_2830-5142-4077,s1,coarse_to_fine,3,2,nan,,,2
hetero_different-chapter_00095_2830-5142-4077,s1,coarse_to_fine,3,3,-12.672490155973888,,,2
hetero_different-chapter_00095_2830-5142-4077,s2,coarse_to_fine,3,1,inf,,,2
hetero_different-chapter_00095_2830-5142-4077,s2,coarse_to_fine,3,2,-15.996722542546138,,,2
hetero_different-chapter_00095_2830-5142-4077,s2,coarse_to_fine,3,3,3.6805745606640587,,,2
hetero_different-chapter_00095_2830-5142-4077,s3,coarse_to_fine,3,1,42.642576808915756,,,2
hetero_different-chapter_00095_2830-5142-4077,s3,coarse_to_fine,3,2,15.573304281096142,,,2
hetero_different-chapter_00095_2830-5142-4077,s3,coarse_to_fine,3,3,-6.4904195386043515,,,2
hetero_different-chapter_00096_7176-7021-5142,s1,no_recursion,3,1,inf,,,0
hetero_different-chapter_00096_7176-7021-5142,s1,no_recursion,3,2,nan,,,0
hetero_different-chapter_00096_7176-7021-5142,s1,no_recursion,3,3,2.407534261489074,,,0
hetero_different-chapter_00096_7176-7021-5142,s2,no_recursion,3,1,inf,,,0
hetero_different-chapter_00096_7176-7021-5142,s2,no_recursion,3,2,-21.222451881193432,,,0
hetero_different-chapter_00096_7176-7021-5142,s2,no_recursion,3,3,-8.530808914977433,,,0
hetero_different-chapter_00096_7176-7021-5142,s3,no_recursion,3,1,39.99597415503662,,,0
hetero_different-chapter_00096_7176-7021-5142,s3,no_recursion,3,2,18.366707994865127,,,0
hetero_different-chapter_00096_7176-7021-5142,s3,no_recursion,3,3,3.792030089067351,,,0
hetero_different-chapter_00096_7176-7021-5142,s1,ungated_deflation,3,1,inf,0,0,0
hetero_different-chapter_00096_7176-7021-5142,s1,ungated_deflation,3,2,nan,0,0,0
hetero_different-chapter_00096_7176-7021-5142,s1,ungated_deflation,3,3,2.407534261489074,0,0,0
hetero_different-chapter_00096_7176-7021-5142,s2,ungated_deflation,3,1,inf,1,1,0
hetero_different-chapter_00096_7176-7021-5142,s2,ungated_deflation,3,2,-32.65335538771386,1,1,0
hetero_different-chapter_00096_7176-7021-5142,s2,ungated_deflation,3,3,-9.849807356913608,1,1,0
hetero_different-chapter_00096_7176-7021-5142,s3,ungated_deflation,3,1,29.41215712665626,2,2,0
hetero_different-chapter_00096_7176-7021-5142,s3,ungated_deflation,3,2,10.899316917778103,2,2,0
hetero_different-chapter_00096_7176-7021-5142,s3,ungated_deflation,3,3,-11.786540185696204,2,2,0
hetero_different-chapter_00096_7176-7021-5142,s1,gated_deflation,3,1,inf,0,0,0
hetero_different-chapter_00096_7176-7021-5142,s1,gated_deflation,3,2,nan,0,0,0
hetero_different-chapter_00096_7176-7021-5142,s1,gated_deflation,3,3,2.407534261489074,0,0,0
hetero_different-chapter_00096_7176-7021-5142,s2,gated_deflation,3,1,inf,1,1,0
hetero_different-chapter_00096_7176-7021-5142,s2,gated_deflation,3,2,-32.65335538771386,1,1,0
hetero_different-chapter_00096_7176-7021-5142,s2,gated_deflation,3,3,-9.849807356913608,1,1,0
hetero_different-chapter_00096_7176-7021-5142,s3,gated_deflation,3,1,29.41215712665626,2,2,0
hetero_different-chapter_00096_7176-7021-5142,s3,gated_deflation,3,2,10.899316917778103,2,2,0
hetero_different-chapter_00096_7176-7021-5142,s3,gated_deflation,3,3,-11.786540185696204,2,2,0
hetero_different-chapter_00096_7176-7021-5142,s1,coarse_to_fine,3,1,inf,,,2
hetero_different-chapter_00096_7176-7021-5142,s1,coarse_to_fine,3,2,nan,,,2
hetero_different-chapter_00096_7176-7021-5142,s1,coarse_to_fine,3,3,2.407534261489074,,,2
hetero_different-chapter_00096_7176-7021-5142,s2,coarse_to_fine,3,1,inf,,,2
hetero_different-chapter_00096_7176-7021-5142,s2,coarse_to_fine,3,2,-21.222451881193432,,,2
hetero_different-chapter_00096_7176-7021-5142,s2,coarse_to_fine,3,3,-8.530808914977433,,,2
hetero_different-chapter_00096_7176-7021-5142,s3,coarse_to_fine,3,1,40.770160030680586,,,2
hetero_different-chapter_00096_7176-7021-5142,s3,coarse_to_fine,3,2,19.44412684121599,,,2
hetero_different-chapter_00096_7176-7021-5142,s3,coarse_to_fine,3,3,4.239883220812645,,,2
hetero_different-chapter_00097_5105-1995-4992,s1,no_recursion,3,1,inf,,,0
hetero_different-chapter_00097_5105-1995-4992,s1,no_recursion,3,2,-12.464994844481081,,,0
hetero_different-chapter_00097_5105-1995-4992,s1,no_recursion,3,3,-7.830882341009676,,,0
hetero_different-chapter_00097_5105-1995-4992,s2,no_recursion,3,1,68.43462859252011,,,0
hetero_different-chapter_00097_5105-1995-4992,s2,no_recursion,3,2,8.645630244245883,,,0
hetero_different-chapter_00097_5105-1995-4992,s2,no_recursion,3,3,0.2554581795845876,,,0
hetero_different-chapter_00097_5105-1995-4992,s3,no_recursion,3,1,35.96303260008277,,,0
hetero_different-chapter_00097_5105-1995-4992,s3,no_recursion,3,2,nan,,,0
hetero_different-chapter_00097_5105-1995-4992,s3,no_recursion,3,3,-3.8436330093576543,,,0
hetero_different-chapter_00097_5105-1995-4992,s1,ungated_deflation,3,1,inf,0,0,0
hetero_different-chapter_00097_5105-1995-4992,s1,ungated_deflation,3,2,-12.464994844481081,0,0,0
hetero_different-chapter_00097_5105-1995-4992,s1,ungated_deflation,3,3,-7.830882341009676,0,0,0
hetero_different-chapter_00097_5105-1995-4992,s2,ungated_deflation,3,1,61.780029436302726,1,1,0
hetero_different-chapter_00097_5105-1995-4992,s2,ungated_deflation,3,2,8.375915457016092,1,1,0
hetero_different-chapter_00097_5105-1995-4992,s2,ungated_deflation,3,3,-0.18274520139933104,1,1,0
hetero_different-chapter_00097_5105-1995-4992,s3,ungated_deflation,3,1,18.25751751641886,2,2,0
hetero_different-chapter_00097_5105-1995-4992,s3,ungated_deflation,3,2,nan,2,2,0
hetero_different-chapter_00097_5105-1995-4992,s3,ungated_deflation,3,3,-15.932359250399992,2,2,0
hetero_different-chapter_00097_5105-1995-4992,s1,gated_deflation,3,1,inf,0,0,0
hetero_different-chapter_00097_5105-1995-4992,s1,gated_deflation,3,2,-12.464994844481081,0,0,0
hetero_different-chapter_00097_5105-1995-4992,s1,gated_deflation,3,3,-7.830882341009676,0,0,0
hetero_different-chapter_00097_5105-1995-4992,s2,gated_deflation,3,1,61.780029436302726,1,1,0
hetero_different-chapter_00097_5105-1995-4992,s2,gated_deflation,3,2,8.375915457016092,1,1,0
hetero_different-chapter_00097_5105-1995-4992,s2,gated_deflation,3,3,-0.18274520139933104,1,1,0
hetero_different-chapter_00097_5105-1995-4992,s3,gated_deflation,3,1,18.25751751641886,2,2,0
hetero_different-chapter_00097_5105-1995-4992,s3,gated_deflation,3,2,nan,2,2,0
hetero_different-chapter_00097_5105-1995-4992,s3,gated_deflation,3,3,-15.932359250399992,2,2,0
hetero_different-chapter_00097_5105-1995-4992,s1,coarse_to_fine,3,1,inf,,,2
hetero_different-chapter_00097_5105-1995-4992,s1,coarse_to_fine,3,2,-12.464994844481081,,,2
hetero_different-chapter_00097_5105-1995-4992,s1,coarse_to_fine,3,3,-7.830882341009676,,,2
hetero_different-chapter_00097_5105-1995-4992,s2,coarse_to_fine,3,1,64.46825031689103,,,2
hetero_different-chapter_00097_5105-1995-4992,s2,coarse_to_fine,3,2,8.271943204600525,,,2
hetero_different-chapter_00097_5105-1995-4992,s2,coarse_to_fine,3,3,0.1628160694665679,,,2
hetero_different-chapter_00097_5105-1995-4992,s3,coarse_to_fine,3,1,35.96303260008277,,,2
hetero_different-chapter_00097_5105-1995-4992,s3,coarse_to_fine,3,2,nan,,,2
hetero_different-chapter_00097_5105-1995-4992,s3,coarse_to_fine,3,3,-3.8436330093576543,,,2
hetero_different-chapter_00098_6930-1995-8463,s1,no_recursion,3,1,59.319258960408035,,,0
hetero_different-chapter_00098_6930-1995-8463,s1,no_recursion,3,2,14.576767564584577,,,0
hetero_different-chapter_00098_6930-1995-8463,s1,no_recursion,3,3,-7.037076154665409,,,0
hetero_different-chapter_00098_6930-1995-8463,s2,no_recursion,3,1,inf,,,0
hetero_different-chapter_00098_6930-1995-8463,s2,no_recursion,3,2,18.40376424847602,,,0
hetero_different-chapter_00098_6930-1995-8463,s2,no_recursion,3,3,10.462538471897837,,,0
hetero_different-chapter_00098_6930-1995-8463,s3,no_recursion,3,1,42.71190049718194,,,0
hetero_different-chapter_00098_6930-1995-8463,s3,no_recursion,3,2,nan,,,0
hetero_different-chapter_00098_6930-1995-8463,s3,no_recursion,3,3,2.345224885780885,,,0
hetero_different-chapter_00098_6930-1995-8463,s1,ungated_deflation,3,1,59.319258960408035,0,0,0
hetero_different-chapter_00098_6930-1995-8463,s1,ungated_deflation,3,2,14.576767564584577,0,0,0
hetero_different-chapter_00098_6930-1995-8463,s1,ungated_deflation,3,3,-7.037076154665409,0,0,0
hetero_different-chapter_00098_6930-1995-8463,s2,ungated_deflation,3,1,inf,1,1,0
hetero_different-chapter_00098_6930-1995-8463,s2,ungated_deflation,3,2,6.20280328829434,1,1,0
hetero_different-chapter_00098_6930-1995-8463,s2,ungated_deflation,3,3,-0.6249047186851887,1,1,0
hetero_different-chapter_00098_6930-1995-8463,s3,ungated_deflation,3,1,35.9717994361999,2,2,0
hetero_different-chapter_00098_6930-1995-8463,s3,ungated_deflation,3,2,nan,2,2,0
hetero_different-chapter_00098_6930-1995-8463,s3,ungated_deflation,3,3,1.5868582008081713,2,2,0
hetero_different-chapter_00098_6930-1995-8463,s1,gated_deflation,3,1,59.319258960408035,0,0,0
hetero_different-chapter_00098_6930-1995-8463,s1,gated_deflation,3,2,14.576767564584577,0,0,0
hetero_different-chapter_00098_6930-1995-8463,s1,gated_deflation,3,3,-7.037076154665409,0,0,0
hetero_different-chapter_00098_6930-1995-8463,s2,gated_deflation,3,1,inf,1,1,0
hetero_different-chapter_00098_6930-1995-8463,s2,gated_deflation,3,2,6.20280328829434,1,1,0
hetero_different-chapter_00098_6930-1995-8463,s2,gated_deflation,3,3,-0.6249047186851887,1,1,0
hetero_different-chapter_00098_6930-1995-8463,s3,gated_deflation,3,1,35.9717994361999,2,2,0
hetero_different-chapter_00098_6930-1995-8463,s3,gated_deflation,3,2,nan,2,2,0
hetero_different-chapter_00098_6930-1995-8463,s3,gated_deflation,3,3,1.5868582008081713,2,2,0
hetero_different-chapter_00098_6930-1995-8463,s1,coarse_to_fine,3,1,59.319258960408035,,,2
hetero_different-chapter_00098_6930-1995-8463,s1,coarse_to_fine,3,2,14.576767564584577,,,2
hetero_different-chapter_00098_6930-1995-8463,s1,coarse_to_fine,3,3,-7.037076154665409,,,2
hetero_different-chapter_00098_6930-1995-8463,s2,coarse_to_fine,3,1,inf,,,2
hetero_different-chapter_00098_6930-1995-8463,s2,coarse_to_fine,3,2,10.473697734950079,,,2
hetero_different-chapter_00098_6930-1995-8463,s2,coarse_to_fine,3,3,10.331733923489633,,,2
hetero_different-chapter_00098_6930-1995-8463,s3,coarse_to_fine,3,1,42.693982928940635,,,2
hetero_different-chapter_00098_6930-1995-8463,s3,coarse_to_fine,3,2,nan,,,2
hetero_different-chapter_00098_6930-1995-8463,s3,coarse_to_fine,3,3,2.7962062814911266,,,2
hetero_different-chapter_00099_1320-5105-8555,s1,no_recursion,3,1,63.82647424764216,,,0
hetero_different-chapter_00099_1320-5105-8555,s1,no_recursion,3,2,9.45257706435373,,,0
hetero_different-chapter_00099_1320-5105-8555,s1,no_recursion,3,3,10.476056380130395,,,0
hetero_different-chapter_00099_1320-5105-8555,s2,no_recursion,3,1,inf,,,0
hetero_different-chapter_00099_1320-5105-8555,s2,no_recursion,3,2,13.69250205876519,,,0
hetero_different-chapter_00099_1320-5105-8555,s2,no_recursion,3,3,-0.4964842228182395,,,0
hetero_different-chapter_00099_1320-5105-8555,s3,no_recursion,3,1,61.86276835838129,,,0
hetero_different-chapter_00099_1320-5105-8555,s3,no_recursion,3,2,nan,,,0
hetero_different-chapter_00099_1320-5105-8555,s3,no_recursion,3,3,0.11525790360139761,,,0
hetero_different-chapter_00099_1320-5105-8555,s1,ungated_deflation,3,1,54.99755592678771,2,2,0
hetero_different-chapter_00099_1320-5105-8555,s1,ungated_deflation,3,2,-19.903077789978227,2,2,0
hetero_different-chapter_00099_1320-5105-8555,s1,ungated_deflation,3,3,-6.464881750875923,2,2,0
hetero_different-chapter_00099_1320-5105-8555,s2,ungated_deflation,3,1,inf,0,0,0
hetero_different-chapter_00099_1320-5105-8555,s2,ungated_deflation,3,2,13.69250205876519,0,0,0
hetero_different-chapter_00099_1320-5105-8555,s2,ungated_deflation,3,3,-0.4964842228182395,0,0,0
hetero_different-chapter_00099_1320-5105-8555,s3,ungated_deflation,3,1,47.94170097135176,1,1,0
hetero_different-chapter_00099_1320-5105-8555,s3,ungated_deflation,3,2,nan,1,1,0
hetero_different-chapter_00099_1320-5105-8555,s3,ungated_deflation,3,3,2.2296138960126872,1,1,0
hetero_different-chapter_00099_1320-5105-8555,s1,gated_deflation,3,1,54.99755592678771,2,2,0
hetero_different-chapter_00099_1320-5105-8555,s1,gated_deflation,3,2,-19.903077789978227,2,2,0
hetero_different-chapter_00099_1320-5105-8555,s1,gated_deflation,3,3,-6.464881750875923,2,2,0
hetero_different-chapter_00099_1320-5105-8555,s2,gated_deflation,3,1,inf,0,0,0
hetero_different-chapter_00099_1320-5105-8555,s2,gated_deflation,3,2,13.69250205876519,0,0,0
hetero_different-chapter_00099_1320-5105-8555,s2,gated_deflation,3,3,-0.4964842228182395,0,0,0
hetero_different-chapter_00099_1320-5105-8555,s3,gated_deflation,3,1,47.94170097135176,1,1,0
hetero_different-chapter_00099_1320-5105-8555,s3,gated_deflation,3,2,nan,1,1,0
hetero_different-chapter_00099_1320-5105-8555,s3,gated_deflation,3,3,2.2296138960126872,1,1,0
hetero_different-chapter_00099_1320-5105-8555,s1,coarse_to_fine,3,1,63.82647424764216,,,2
hetero_different-chapter_00099_1320-5105-8555,s1,coarse_to_fine,3,2,9.45257706435373,,,2
hetero_different-chapter_00099_1320-5105-8555,s1,coarse_to_fine,3,3,10.476056380130395,,,2
hetero_different-chapter_00099_1320-5105-8555,s2,coarse_to_fine,3,1,inf,,,2
hetero_different-chapter_00099_1320-5105-8555,s2,coarse_to_fine,3,2,13.13762538646931,,,2
hetero_different-chapter_00099_1320-5105-8555,s2,coarse_to_fine,3,3,-2.6857009387271535,,,2
hetero_different-chapter_00099_1320-5105-8555,s3,coarse_to_fine,3,1,61.86276835838129,,,2
hetero_different-chapter_00099_1320-5105-8555,s3,coarse_to_fine,3,2,nan,,,2
hetero_different-chapter_00099_1320-5105-8555,s3,coarse_to_fine,3,3,0.11525790360139761,,,2
hetero_different-chapter_00100_1221-2830-6829,s1,no_recursion,3,1,37.69258508424335,,,0
hetero_different-chapter_00100_1221-2830-6829,s1,no_recursion,3,2,6.772270344707909,,,0
hetero_different-chapter_00100_1221-2830-6829,s1,no_recursion,3,3,-2.18638992681437,,,0
hetero_different-chapter_00100_1221-2830-6829,s2,no_recursion,3,1,inf,,,0
hetero_different-chapter_00100_1221-2830-6829,s2,no_recursion,3,2,9.688065401613256,,,0
hetero_different-chapter_00100_1221-2830-6829,s2,no_recursion,3,3,6.829966578902486,,,0
hetero_different-chapter_00100_1221-2830-6829,s3,no_recursion,3,1,48.32119384417127,,,0
hetero_different-chapter_00100_1221-2830-6829,s3,no_recursion,3,2,nan,,,0
hetero_different-chapter_00100_1221-2830-6829,s3,no_recursion,3,3,-12.139893349590727,,,0
hetero_different-chapter_00100_1221-2830-6829,s1,ungated_deflation,3,1,39.35616155301758,2,2,0
hetero_different-chapter_00100_1221-2830-6829,s1,ungated_deflation,3,2,-15.30595161687163,2,2,0
hetero_different-chapter_00100_1221-2830-6829,s1,ungated_deflation,3,3,-8.883910085123905,2,2,0
hetero_different-chapter_00100_1221-2830-6829,s2,ungated_deflation,3,1,inf,0,0,0
hetero_different-chapter_00100_1221-2830-6829,s2,ungated_deflation,3,2,9.688065401613256,0,0,0
hetero_different-chapter_00100_1221-2830-6829,s2,ungated_deflation,3,3,6.829966578902486,0,0,0
hetero_different-chapter_00100_1221-2830-6829,s3,ungated_deflation,3,1,32.04602740974954,1,1,0
hetero_different-chapter_00100_1221-2830-6829,s3,ungated_deflation,3,2,nan,1,1,0
hetero_different-chapter_00100_1221-2830-6829,s3,ungated_deflation,3,3,-19.276189054097323,1,1,0
hetero_different-chapter_00100_1221-2830-6829,s1,gated_deflation,3,1,39.35616155301758,2,2,0
hetero_different-chapter_00100_1221-2830-6829,s1,gated_deflation,3,2,-15.30595161687163,2,2,0
hetero_different-chapter_00100_1221-2830-6829,s1,gated_deflation,3,3,-8.883910085123905,2,2,0
hetero_different-chapter_00100_1221-2830-6829,s2,gated_deflation,3,1,inf,0,0,0
hetero_different-chapter_00100_1221-2830-6829,s2,gated_deflation,3,2,9.688065401613256,0,0,0
hetero_different-chapter_00100_1221-2830-6829,s2,gated_deflation,3,3,6.829966578902486,0,0,0
hetero_different-chapter_00100_1221-2830-6829,s3,gated_deflation,3,1,32.04602740974954,1,1,0
hetero_different-chapter_00100_1221-2830-6829,s3,gated_deflation,3,2,nan,1,1,0
hetero_different-chapter_00100_1221-2830-6829,s3,gated_deflation,3,3,-19.276189054097323,1,1,0
hetero_different-chapter_00100_1221-2830-6829,s1,coarse_to_fine,3,1,41.33813718081541,,,2
hetero_different-chapter_00100_1221-2830-6829,s1,coarse_to_fine,3,2,5.1000415323593025,,,2
hetero_different-chapter_00100_1221-2830-6829,s1,coarse_to_fine,3,3,-2.6352726171837206,,,2
hetero_different-chapter_00100_1221-2830-6829,s2,coarse_to_fine,3,1,inf,,,2
hetero_different-chapter_00100_1221-2830-6829,s2,coarse_to_fine,3,2,8.622662134881141,,,2
hetero_different-chapter_00100_1221-2830-6829,s2,coarse_to_fine,3,3,6.409141930432814,,,2
hetero_different-chapter_00100_1221-2830-6829,s3,coarse_to_fine,3,1,48.32119384417127,,,2
hetero_different-chapter_00100_1221-2830-6829,s3,coarse_to_fine,3,2,nan,,,2
hetero_different-chapter_00100_1221-2830-6829,s3,coarse_to_fine,3,3,-12.139893349590727,,,2
hetero_different-chapter_00101_8463-260-7127,s1,no_recursion,3,1,38.194313693166166,,,0
hetero_different-chapter_00101_8463-260-7127,s1,no_recursion,3,2,7.677910101958208,,,0
hetero_different-chapter_00101_8463-260-7127,s1,no_recursion,3,3,0.46098480711825457,,,0
hetero_different-chapter_00101_8463-260-7127,s2,no_recursion,3,1,inf,,,0
hetero_different-chapter_00101_8463-260-7127,s2,no_recursion,3,2,-1.3115296169380848,,,0
hetero_different-chapter_00101_8463-260-7127,s2,no_recursion,3,3,4.289418584488807,,,0
hetero_different-chapter_00101_8463-260-7127,s3,no_recursion,3,1,42.59128067834674,,,0
hetero_different-chapter_00101_8463-260-7127,s3,no_recursion,3,2,nan,,,0
hetero_different-chapter_00101_8463-260-7127,s3,no_recursion,3,3,-3.298039185087746,,,0
hetero_different-chapter_00101_8463-260-7127,s1,ungated_deflation,3,1,38.523130721645444,2,2,0
hetero_different-chapter_00101_8463-260-7127,s1,ungated_deflation,3,2,-3.33333334689289,2,2,0
hetero_different-chapter_00101_8463-260-7127,s1,ungated_deflation,3,3,-8.66563292628303,2,2,0
hetero_different-chapter_00101_8463-260-7127,s2,ungated_deflation,3,1,inf,0,0,0
hetero_different-chapter_00101_8463-260-7127,s2,ungated_deflation,3,2,-1.3115296169380848,0,0,0
hetero_different-chapter_00101_8463-260-7127,s2,ungated_deflation,3,3,4.289418584488807,0,0,0
hetero_different-chapter_00101_8463-260-7127,s3,ungated_deflation,3,1,37.267384150493214,1,1,0
hetero_different-chapter_00101_8463-260-7127,s3,ungated_deflation,3,2,nan,1,1,0
hetero_different-chapter_00101_8463-260-7127,s3,ungated_deflation,3,3,-5.365968359876244,1,1,0
hetero_different-chapter_00101_8463-260-7127,s1,gated_deflation,3,1,38.523130721645444,2,2,0
hetero_different-chapter_00101_8463-260-7127,s1,gated_deflation,3,2,-3.33333334689289,2,2,0
hetero_different-chapter_00101_8463-260-7127,s1,gated_deflation,3,3,-8.66563292628303,2,2,0
hetero_different-chapter_00101_8463-260-7127,s2,gated_deflation,3,1,inf,0,0,0
hetero_different-chapter_00101_8463-260-7127,s2,gated_deflation,3,2,-1.3115296169380848,0,0,0
hetero_different-chapter_00101_8463-260-7127,s2,gated_deflation,3,3,4.289418584488807,0,0,0
hetero_different-chapter_00101_8463-260-7127,s3,gated_deflation,3,1,37.267384150493214,1,1,0
hetero_different-chapter_00101_8463-260-7127,s3,gated_deflation,3,2,nan,1,1,0
hetero_different-chapter_00101_8463-260-7127,s3,gated_deflation,3,3,-5.365968359876244,1,1,0
hetero_different-chapter_00101_8463-260-7127,s1,coarse_to_fine,3,1,38.194313693166166,,,2
hetero_different-chapter_00101_8463-260-7127,s1,coarse_to_fine,3,2,7.677910101958208,,,2
hetero_different-chapter_00101_8463-260-7127,s1,coarse_to_fine,3,3,0.46098480711825457,,,2
hetero_different-chapter_00101_8463-260-7127,s2,coarse_to_fine,3,1,inf,,,2
hetero_different-chapter_00101_8463-260-7127,s2,coarse_to_fine,3,2,-10.457647666093845,,,2
hetero_different-chapter_00101_8463-260-7127,s2,coarse_to_fine,3,3,3.0109813894716875,,,2
hetero_different-chapter_00101_8463-260-7127,s3,coarse_to_fine,3,1,43.328062576027776,,,2
hetero_different-chapter_00101_8463-260-7127,s3,coarse_to_fine,3,2,nan,,,2
hetero_different-chapter_00101_8463-260-7127,s3,coarse_to_fine,3,3,-1.2897844902219846,,,2
hetero_different-chapter_00102_7021-1221-1320,s1,no_recursion,3,1,77.83687330370023,,,0
hetero_different-chapter_00102_7021-1221-1320,s1,no_recursion,3,2,14.018116140499883,,,0
hetero_different-chapter_00102_7021-1221-1320,s1,no_recursion,3,3,-6.148060184165526,,,0
hetero_different-chapter_00102_7021-1221-1320,s2,no_recursion,3,1,inf,,,0
hetero_different-chapter_00102_7021-1221-1320,s2,no_recursion,3,2,4.048294331470818,,,0
hetero_different-chapter_00102_7021-1221-1320,s2,no_recursion,3,3,2.5715272917350496,,,0
hetero_different-chapter_00102_7021-1221-1320,s3,no_recursion,3,1,52.28303247105749,,,0
hetero_different-chapter_00102_7021-1221-1320,s3,no_recursion,3,2,nan,,,0
hetero_different-chapter_00102_7021-1221-1320,s3,no_recursion,3,3,3.7416939099542086,,,0
hetero_different-chapter_00102_7021-1221-1320,s1,ungated_deflation,3,1,77.83687330370023,0,0,0
hetero_different-chapter_00102_7021-1221-1320,s1,ungated_deflation,3,2,14.018116140499883,0,0,0
hetero_different-chapter_00102_7021-1221-1320,s1,ungated_deflation,3,3,-6.148060184165526,0,0,0
hetero_different-chapter_00102_7021-1221-1320,s2,ungated_deflation,3,1,inf,1,1,0
hetero_different-chapter_00102_7021-1221-1320,s2,ungated_deflation,3,2,-2.174100357408103,1,1,0
hetero_different-chapter_00102_7021-1221-1320,s2,ungated_deflation,3,3,-2.906329309335832,1,1,0
hetero_different-chapter_00102_7021-1221-1320,s3,ungated_deflation,3,1,25.70482820345893,2,2,0
hetero_different-chapter_00102_7021-1221-1320,s3,ungated_deflation,3,2,nan,2,2,0
hetero_different-chapter_00102_7021-1221-1320,s3,ungated_deflation,3,3,2.73934301278285,2,2,0
hetero_different-chapter_00102_7021-1221-1320,s1,gated_deflation,3,1,77.83687330370023,0,0,0
hetero_different-chapter_00102_7021-1221-1320,s1,gated_deflation,3,2,14.018116140499883,0,0,0
hetero_different-chapter_00102_7021-1221-1320,s1,gated_deflation,3,3,-6.148060184165526,0,0,0
hetero_different-chapter_00102_7021-1221-1320,s2,gated_deflation,3,1,inf,1,1,0
hetero_different-chapter_00102_7021-1221-1320,s2,gated_deflation,3,2,-2.174100357408103,1,1,0
hetero_different-chapter_00102_7021-1221-1320,s2,gated_deflation,3,3,-2.906329309335832,1,1,0
hetero_different-chapter_00102_7021-1221-1320,s3,gated_deflation,3,1,25.70482820345893,2,2,0
hetero_different-chapter_00102_7021-1221-1320,s3,gated_deflation,3,2,nan,2,2,0
hetero_different-chapter_00102_7021-1221-1320,s3,gated_deflation,3,3,2.73934301278285,2,2,0
hetero_different-chapter_00102_7021-1221-1320,s1,coarse_to_fine,3,1,77.83687330370023,,,2
hetero_different-chapter_00102_7021-1221-1320,s1,coarse_to_fine,3,2,14.018116140499883,,,2
hetero_different-chapter_00102_7021-1221-1320,s1,coarse_to_fine,3,3,-6.148060184165526,,,2
hetero_different-chapter_00102_7021-1221-1320,s2,coarse_to_fine,3,1,inf,,,2
hetero_different-chapter_00102_7021-1221-1320,s2,coarse_to_fine,3,2,4.00826324521526,,,2
hetero_different-chapter_00102_7021-1221-1320,s2,coarse_to_fine,3,3,3.0791749730494415,,,2
hetero_different-chapter_00102_7021-1221-1320,s3,coarse_to_fine,3,1,52.28303247105749,,,2
hetero_different-chapter_00102_7021-1221-1320,s3,coarse_to_fine,3,2,nan,,,2
hetero_different-chapter_00102_7021-1221-1320,s3,coarse_to_fine,3,3,3.7416939099542086,,,2
hetero_different-chapter_00103_7176-1221-5683,s1,no_recursion,3,1,44.13997334383574,,,0
hetero_different-chapter_00103_7176-1221-5683,s1,no_recursion,3,2,16.974137401169138,,,0
hetero_different-chapter_00103_7176-1221-5683,s1,no_recursion,3,3,10.546511912490832,,,0
hetero_different-chapter_00103_7176-1221-5683,s2,no_recursion,3,1,inf,,,0
hetero_different-chapter_00103_7176-1221-5683,s2,no_recursion,3,2,-3.0891662033882388,,,0
hetero_different-chapter_00103_7176-1221-5683,s2,no_recursion,3,3,1.8716708610337098,,,0
hetero_different-chapter_00103_7176-1221-5683,s3,no_recursion,3,1,41.151614701039335,,,0
hetero_different-chapter_00103_7176-1221-5683,s3,no_recursion,3,2,nan,,,0
hetero_different-chapter_00103_7176-1221-5683,s3,no_recursion,3,3,-7.588472261792707,,,0
hetero_different-chapter_00103_7176-1221-5683,s1,ungated_deflation,3,1,35.36202267467147,2,2,0
hetero_different-chapter_00103_7176-1221-5683,s1,ungated_deflation,3,2,13.579798697333455,2,2,0
hetero_different-chapter_00103_7176-1221-5683,s1,ungated_deflation,3,3,-5.437589953029914,2,2,0
hetero_different-chapter_00103_7176-1221-5683,s2,ungated_deflation,3,1,inf,0,0,0
hetero_different-chapter_00103_7176-1221-5683,s2,ungated_deflation,3,2,-3.0891662033882388,0,0,0
hetero_different-chapter_00103_7176-1221-5683,s2,ungated_deflation,3,3,1.8716708610337098,0,0,0
hetero_different-chapter_00103_7176-1221-5683,s3,ungated_deflation,3,1,35.973999618254815,1,1,0
hetero_different-chapter_00103_7176-1221-5683,s3,ungated_deflation,3,2,nan,1,1,0
hetero_different-chapter_00103_7176-1221-5683,s3,ungated_deflation,3,3,-8.730924486744273,1,1,0
hetero_different-chapter_00103_7176-1221-5683,s1,gated_deflation,3,1,35.36202267467147,2,2,0
hetero_different-chapter_00103_7176-1221-5683,s1,gated_deflation,3,2,13.579798697333455,2,2,0
hetero_different-chapter_00103_7176-1221-5683,s1,gated_deflation,3,3,-5.437589953029914,2,2,0
hetero_different-chapter_00103_7176-1221-5683,s2,gated_deflation,3,1,inf,0,0,0
hetero_different-chapter_00103_7176-1221-5683,s2,gated_deflation,3,2,-3.0891662033882388,0,0,0
hetero_different-chapter_00103_7176-1221-5683,s2,gated_deflation,3,3,1.8716708610337098,0,0,0
hetero_different-chapter_00103_7176-1221-5683,s3,gated_deflation,3,1,35.973999618254815,1,1,0
hetero_different-chapter_00103_7176-1221-5683,s3,gated_deflation,3,2,nan,1,1,0
hetero_different-chapter_00103_7176-1221-5683,s3,gated_deflation,3,3,-8.730924486744273,1,1,0
hetero_different-chapter_00103_7176-1221-5683,s1,coarse_to_fine,3,1,44.322579486119864,,,2
hetero_different-chapter_00103_7176-1221-5683,s1,coarse_to_fine,3,2,15.413595388174372,,,2
hetero_different-chapter_00103_7176-1221-5683,s1,coarse_to_fine,3,3,10.512733183041727,,,2
hetero_different-chapter_00103_7176-1221-5683,s2,coarse_to_fine,3,1,inf,,,2
hetero_different-chapter_00103_7176-1221-5683,s2,coarse_to_fine,3,2,-3.0891662033882388,,,2
hetero_different-chapter_00103_7176-1221-5683,s2,coarse_to_fine,3,3,1.8716708610337098,,,2
hetero_different-chapter_00103_7176-1221-5683,s3,coarse_to_fine,3,1,41.151614701039335,,,2
hetero_different-chapter_00103_7176-1221-5683,s3,coarse_to_fine,3,2,nan,,,2
hetero_different-chapter_00103_7176-1221-5683,s3,coarse_to_fine,3,3,-7.588472261792707,,,2
hetero_different-chapter_00104_8224-6829-260,s1,no_recursion,3,1,inf,,,0
hetero_different-chapter_00104_8224-6829-260,s1,no_recursion,3,2,nan,,,0
hetero_different-chapter_00104_8224-6829-260,s1,no_recursion,3,3,0.004702942650299489,,,0
hetero_different-chapter_00104_8224-6829-260,s2,no_recursion,3,1,inf,,,0
hetero_different-chapter_00104_8224-6829-260,s2,no_recursion,3,2,3.257075799499678,,,0
hetero_different-chapter_00104_8224-6829-260,s2,no_recursion,3,3,-4.195358469871079,,,0
hetero_different-chapter_00104_8224-6829-260,s3,no_recursion,3,1,45.346896074326054,,,0
hetero_different-chapter_00104_8224-6829-260,s3,no_recursion,3,2,-11.166359849988837,,,0
hetero_different-chapter_00104_8224-6829-260,s3,no_recursion,3,3,-2.1641500848788944,,,0
hetero_different-chapter_00104_8224-6829-260,s1,ungated_deflation,3,1,inf,0,0,0
hetero_different-chapter_00104_8224-6829-260,s1,ungated_deflation,3,2,nan,0,0,0
hetero_different-chapter_00104_8224-6829-260,s1,ungated_deflation,3,3,0.004702942650299489,0,0,0
hetero_different-chapter_00104_8224-6829-260,s2,ungated_deflation,3,1,inf,1,1,0
hetero_different-chapter_00104_8224-6829-260,s2,ungated_deflation,3,2,-2.3321431993626036,1,1,0
hetero_different-chapter_00104_8224-6829-260,s2,ungated_deflation,3,3,-15.360913969873486,1,1,0
hetero_different-chapter_00104_8224-6829-260,s3,ungated_deflation,3,1,18.866648362965822,2,2,0
hetero_different-chapter_00104_8224-6829-260,s3,ungated_deflation,3,2,-5.393926136263689,2,2,0
hetero_different-chapter_00104_8224-6829-260,s3,ungated_deflation,3,3,-6.404687246668091,2,2,0
hetero_different-chapter_00104_8224-6829-260,s1,gated_deflation,3,1,inf,0,0,0
hetero_different-chapter_00104_8224-6829-260,s1,gated_deflation,3,2,nan,0,0,0
hetero_different-chapter_00104_8224-6829-260,s1,gated_deflation,3,3,0.004702942650299489,0,0,0
hetero_different-chapter_00104_8224-6829-260,s2,gated_deflation,3,1,inf,1,1,0
hetero_different-chapter_00104_8224-6829-260,s2,gated_deflation,3,2,-2.3321431993626036,1,1,0
hetero_different-chapter_00104_8224-6829-260,s2,gated_deflation,3,3,-15.360913969873486,1,1,0
hetero_different-chapter_00104_8224-6829-260,s3,gated_deflation,3,1,18.866648362965822,2,2,0
hetero_different-chapter_00104_8224-6829-260,s3,gated_deflation,3,2,-5.393926136263689,2,2,0
hetero_different-chapter_00104_8224-6829-260,s3,gated_deflation,3,3,-6.404687246668091,2,2,0
hetero_different-chapter_00104_8224-6829-260,s1,coarse_to_fine,3,1,inf,,,2
hetero_different-chapter_00104_8224-6829-260,s1,coarse_to_fine,3,2,nan,,,2
hetero_different-chapter_00104_8224-6829-260,s1,coarse_to_fine,3,3,-0.9050893574465878,,,2
hetero_different-chapter_00104_8224-6829-260,s2,coarse_to_fine,3,1,inf,,,2
hetero_different-chapter_00104_8224-6829-260,s2,coarse_to_fine,3,2,-0.17521015444137297,,,2
hetero_different-chapter_00104_8224-6829-260,s2,coarse_to_fine,3,3,2.0161735377564662,,,2
hetero_different-chapter_00104_8224-6829-260,s3,coarse_to_fine,3,1,45.346896074326054,,,2
hetero_different-chapter_00104_8224-6829-260,s3,coarse_to_fine,3,2,-11.166359849988837,,,2
hetero_different-chapter_00104_8224-6829-260,s3,coarse_to_fine,3,3,-2.1641500848788944,,,2
hetero_different-chapter_00105_8555-1580-7021,s1,no_recursion,3,1,37.99893837782666,,,0
hetero_different-chapter_00105_8555-1580-7021,s1,no_recursion,3,2,8.810938644692259,,,0
hetero_different-chapter_00105_8555-1580-7021,s1,no_recursion,3,3,5.426961654901826,,,0
hetero_different-chapter_00105_8555-1580-7021,s2,no_recursion,3,1,inf,,,0
hetero_different-chapter_00105_8555-1580-7021,s2,no_recursion,3,2,nan,,,0
hetero_different-chapter_00105_8555-1580-7021,s2,no_recursion,3,3,2.0419157289182244,,,0
hetero_different-chapter_00105_8555-1580-7021,s3,no_recursion,3,1,34.961734546873686,,,0
hetero_different-chapter_00105_8555-1580-7021,s3,no_recursion,3,2,9.191910342127114,,,0
hetero_different-chapter_00105_8555-1580-7021,s3,no_recursion,3,3,12.11314507501162,,,0
hetero_different-chapter_00105_8555-1580-7021,s1,ungated_deflation,3,1,42.73154069804019,2,2,0
hetero_different-chapter_00105_8555-1580-7021,s1,ungated_deflation,3,2,0.8872357268607877,2,2,0
hetero_different-chapter_00105_8555-1580-7021,s1,ungated_deflation,3,3,-7.1698354151484995,2,2,0
hetero_different-chapter_00105_8555-1580-7021,s2,ungated_deflation,3,1,inf,0,0,0
hetero_different-chapter_00105_8555-1580-7021,s2,ungated_deflation,3,2,nan,0,0,0
hetero_different-chapter_00105_8555-1580-7021,s2,ungated_deflation,3,3,2.0419157289182244,0,0,0
hetero_different-chapter_00105_8555-1580-7021,s3,ungated_deflation,3,1,34.51417201379641,1,1,0
hetero_different-chapter_00105_8555-1580-7021,s3,ungated_deflation,3,2,7.3638163580057805,1,1,0
hetero_different-chapter_00105_8555-1580-7021,s3,ungated_deflation,3,3,9.017396764365118,1,1,0
hetero_different-chapter_00105_8555-1580-7021,s1,gated_deflation,3,1,42.73154069804019,2,2,0
hetero_different-chapter_00105_8555-1580-7021,s1,gated_deflation,3,2,0.8872357268607877,2,2,0
hetero_different-chapter_00105_8555-1580-7021,s1,gated_deflation,3,3,-7.1698354151484995,2,2,0
hetero_different-chapter_00105_8555-1580-7021,s2,gated_deflation,3,1,inf,0,0,0
hetero_different-chapter_00105_8555-1580-7021,s2,gated_deflation,3,2,nan,0,0,0
hetero_different-chapter_00105_8555-1580-7021,s2,gated_deflation,3,3,2.0419157289182244,0,0,0
hetero_different-chapter_00105_8555-1580-7021,s3,gated_deflation,3,1,34.51417201379641,1,1,0
hetero_different-chapter_00105_8555-1580-7021,s3,gated_deflation,3,2,7.3638163580057805,1,1,0
hetero_different-chapter_00105_8555-1580-7021,s3,gated_deflation,3,3,9.017396764365118,1,1,0
hetero_different-chapter_00105_8555-1580-7021,s1,coarse_to_fine,3,1,37.97877837908456,,,2
hetero_different-chapter_00105_8555-1580-7021,s1,coarse_to_fine,3,2,9.411194755459576,,,2
hetero_different-chapter_00105_8555-1580-7021,s1,coarse_to_fine,3,3,5.455462082768957,,,2
hetero_different-chapter_00105_8555-1580-7021,s2,coarse_to_fine,3,1,inf,,,2
hetero_different-chapter_00105_8555-1580-7021,s2,coarse_to_fine,3,2,nan,,,2
hetero_different-chapter_00105_8555-1580-7021,s2,coarse_to_fine,3,3,-0.32660249979439326,,,2
hetero_different-chapter_00105_8555-1580-7021,s3,coarse_to_fine,3,1,35.02908686290693,,,2
hetero_different-chapter_00105_8555-1580-7021,s3,coarse_to_fine,3,2,9.233219127833713,,,2
hetero_different-chapter_00105_8555-1580-7021,s3,coarse_to_fine,3,3,11.976132835216816,,,2
hetero_different-chapter_00106_1284-1221-5142,s1,no_recursion,3,1,inf,,,0
hetero_different-chapter_00106_1284-1221-5142,s1,no_recursion,3,2,nan,,,0
hetero_different-chapter_00106_1284-1221-5142,s1,no_recursion,3,3,0.5009424478101017,,,0
hetero_different-chapter_00106_1284-1221-5142,s2,no_recursion,3,1,inf,,,0
hetero_different-chapter_00106_1284-1221-5142,s2,no_recursion,3,2,2.2559473221731556,,,0
hetero_different-chapter_00106_1284-1221-5142,s2,no_recursion,3,3,1.6659754717456918,,,0
hetero_different-chapter_00106_1284-1221-5142,s3,no_recursion,3,1,40.8852297615108,,,0
hetero_different-chapter_00106_1284-1221-5142,s3,no_recursion,3,2,3.3831702298988335,,,0
hetero_different-chapter_00106_1284-1221-5142,s3,no_recursion,3,3,-2.900278695918938,,,0
hetero_different-chapter_00106_1284-1221-5142,s1,ungated_deflation,3,1,inf,0,0,0
hetero_different-chapter_00106_1284-1221-5142,s1,ungated_deflation,3,2,nan,0,0,0
hetero_different-chapter_00106_1284-1221-5142,s1,ungated_deflation,3,3,0.5009424478101017,0,0,0
hetero_different-chapter_00106_1284-1221-5142,s2,ungated_deflation,3,1,inf,1,1,0
hetero_different-chapter_00106_1284-1221-5142,s2,ungated_deflation,3,2,-8.097229162205133,1,1,0
hetero_different-chapter_00106_1284-1221-5142,s2,ungated_deflation,3,3,-4.5199701040048925,1,1,0
hetero_different-chapter_00106_1284-1221-5142,s3,ungated_deflation,3,1,34.335766193438396,2,2,0
hetero_different-chapter_00106_1284-1221-5142,s3,ungated_deflation,3,2,4.394067683689314,2,2,0
hetero_different-chapter_00106_1284-1221-5142,s3,ungated_deflation,3,3,-5.827582799112036,2,2,0
hetero_different-chapter_00106_1284-1221-5142,s1,gated_deflation,3,1,inf,0,0,0
hetero_different-chapter_00106_1284-1221-5142,s1,gated_deflation,3,2,nan,0,0,0
hetero_different-chapter_00106_1284-1221-5142,s1,gated_deflation,3,3,0.5009424478101017,0,0,0
hetero_different-chapter_00106_1284-1221-5142,s2,gated_deflation,3,1,inf,1,1,0
hetero_different-chapter_00106_1284-1221-5142,s2,gated_deflation,3,2,-8.097229162205133,1,1,0
hetero_different-chapter_00106_1284-1221-5142,s2,gated_deflation,3,3,-4.5199701040048925,1,1,0
hetero_different-chapter_00106_1284-1221-5142,s3,gated_deflation,3,1,34.335766193438396,2,2,0
hetero_different-chapter_00106_1284-1221-5142,s3,gated_deflation,3,2,4.394067683689314,2,2,0
hetero_different-chapter_00106_1284-1221-5142,s3,gated_deflation,3,3,-5.827582799112036,2,2,0
hetero_different-chapter_00106_1284-1221-5142,s1,coarse_to_fine,3,1,inf,,,2
hetero_different-chapter_00106_1284-1221-5142,s1,coarse_to_fine,3,2,nan,,,2
hetero_different-chapter_00106_1284-1221-5142,s1,coarse_to_fine,3,3,0.5009424478101017,,,2
hetero_different-chapter_00106_1284-1221-5142,s2,coarse_to_fine,3,1,inf,,,2
hetero_different-chapter_00106_1284-1221-5142,s2,coarse_to_fine,3,2,2.2559473221731556,,,2
hetero_different-chapter_00106_1284-1221-5142,s2,coarse_to_fine,3,3,1.6659754717456918,,,2
hetero_different-chapter_00106_1284-1221-5142,s3,coarse_to_fine,3,1,41.72690099886875,,,2
hetero_different-chapter_00106_1284-1221-5142,s3,coarse_to_fine,3,2,6.966037561556319,,,2
hetero_different-chapter_00106_1284-1221-5142,s3,coarse_to_fine,3,3,-1.9821496553471805,,,2
hetero_different-chapter_00107_1320-1089-1221,s1,no_recursion,3,1,inf,,,0
hetero_different-chapter_00107_1320-1089-1221,s1,no_recursion,3,2,-12.458705077462845,,,0
hetero_different-chapter_00107_1320-1089-1221,s1,no_recursion,3,3,9.821431419778168,,,0
hetero_different-chapter_00107_1320-1089-1221,s2,no_recursion,3,1,inf,,,0
hetero_different-chapter_00107_1320-1089-1221,s2,no_recursion,3,2,nan,,,0
hetero_different-chapter_00107_1320-1089-1221,s2,no_recursion,3,3,-1.9839418599063738,,,0
hetero_different-chapter_00107_1320-1089-1221,s3,no_recursion,3,1,38.391246405482235,,,0
hetero_different-chapter_00107_1320-1089-1221,s3,no_recursion,3,2,-0.8865800855740098,,,0
hetero_different-chapter_00107_1320-1089-1221,s3,no_recursion,3,3,2.1400442362320065,,,0
hetero_different-chapter_00107_1320-1089-1221,s1,ungated_deflation,3,1,inf,0,0,0
hetero_different-chapter_00107_1320-1089-1221,s1,ungated_deflation,3,2,-12.458705077462845,0,0,0
hetero_different-chapter_00107_1320-1089-1221,s1,ungated_deflation,3,3,9.821431419778168,0,0,0
hetero_different-chapter_00107_1320-1089-1221,s2,ungated_deflation,3,1,inf,1,1,0
hetero_different-chapter_00107_1320-1089-1221,s2,ungated_deflation,3,2,nan,1,1,0
hetero_different-chapter_00107_1320-1089-1221,s2,ungated_deflation,3,3,-12.811527752348278,1,1,0
hetero_different-chapter_00107_1320-1089-1221,s3,ungated_deflation,3,1,21.582182763968603,2,2,0
hetero_different-chapter_00107_1320-1089-1221,s3,ungated_deflation,3,2,-8.73682270245168,2,2,0
hetero_different-chapter_00107_1320-1089-1221,s3,ungated_deflation,3,3,-7.611018558554875,2,2,0
hetero_different-chapter_00107_1320-1089-1221,s1,gated_deflation,3,1,inf,0,0,0
hetero_different-chapter_00107_1320-1089-1221,s1,gated_deflation,3,2,-12.458705077462845,0,0,0
hetero_different-chapter_00107_1320-1089-1221,s1,gated_deflation,3,3,9.821431419778168,0,0,0
hetero_different-chapter_00107_1320-1089-1221,s2,gated_deflation,3,1,inf,1,1,0
hetero_different-chapter_00107_1320-1089-1221,s2,gated_deflation,3,2,nan,1,1,0
hetero_different-chapter_00107_1320-1089-1221,s2,gated_deflation,3,3,-12.811527752348278,1,1,0
hetero_different-chapter_00107_1320-1089-1221,s3,gated_deflation,3,1,21.582182763968603,2,2,0
hetero_different-chapter_00107_1320-1089-1221,s3,gated_deflation,3,2,-8.73682270245168,2,2,0
hetero_different-chapter_00107_1320-1089-1221,s3,gated_deflation,3,3,-7.611018558554875,2,2,0
hetero_different-chapter_00107_1320-1089-1221,s1,coarse_to_fine,3,1,inf,,,2
hetero_different-chapter_00107_1320-1089-1221,s1,coarse_to_fine,3,2,-10.270688863937538,,,2
hetero_different-chapter_00107_1320-1089-1221,s1,coarse_to_fine,3,3,9.344398941292054,,,2
hetero_different-chapter_00107_1320-1089-1221,s2,coarse_to_fine,3,1,inf,,,2
hetero_different-chapter_00107_1320-1089-1221,s2,coarse_to_fine,3,2,nan,,,2
hetero_different-chapter_00107_1320-1089-1221,s2,coarse_to_fine,3,3,-8.24414056891887,,,2
hetero_different-chapter_00107_1320-1089-1221,s3,coarse_to_fine,3,1,41.16851772959889,,,2
hetero_different-chapter_00107_1320-1089-1221,s3,coarse_to_fine,3,2,-1.6440607190340184,,,2
hetero_different-chapter_00107_1320-1089-1221,s3,coarse_to_fine,3,3,4.016595909922403,,,2
hetero_different-chapter_00108_1284-1089-2961,s1,no_recursion,3,1,inf,,,0
hetero_different-chapter_00108_1284-1089-2961,s1,no_recursion,3,2,nan,,,0
hetero_different-chapter_00108_1284-1089-2961,s1,no_recursion,3,3,-7.327564568983233,,,0
hetero_different-chapter_00108_1284-1089-2961,s2,no_recursion,3,1,inf,,,0
hetero_different-chapter_00108_1284-1089-2961,s2,no_recursion,3,2,-0.7078273542161174,,,0
hetero_different-chapter_00108_1284-1089-2961,s2,no_recursion,3,3,-9.097000380681862,,,0
hetero_different-chapter_00108_1284-1089-2961,s3,no_recursion,3,1,30.01344378048818,,,0
hetero_different-chapter_00108_1284-1089-2961,s3,no_recursion,3,2,3.940520658477853,,,0
hetero_different-chapter_00108_1284-1089-2961,s3,no_recursion,3,3,0.20327626702596918,,,0
hetero_different-chapter_00108_1284-1089-2961,s1,ungated_deflation,3,1,inf,0,0,0
hetero_different-chapter_00108_1284-1089-2961,s1,ungated_deflation,3,2,nan,0,0,0
hetero_different-chapter_00108_1284-1089-2961,s1,ungated_deflation,3,3,-7.327564568983233,0,0,0
hetero_different-chapter_00108_1284-1089-2961,s2,ungated_deflation,3,1,inf,1,1,0
hetero_different-chapter_00108_1284-1089-2961,s2,ungated_deflation,3,2,1.0253149541612467,1,1,0
hetero_different-chapter_00108_1284-1089-2961,s2,ungated_deflation,3,3,-1.9145034426821852,1,1,0
hetero_different-chapter_00108_1284-1089-2961,s3,ungated_deflation,3,1,17.330892148227953,2,2,0
hetero_different-chapter_00108_1284-1089-2961,s3,ungated_deflation,3,2,0.634810359939777,2,2,0
hetero_different-chapter_00108_1284-1089-2961,s3,ungated_deflation,3,3,-2.728191298732378,2,2,0
hetero_different-chapter_00108_1284-1089-2961,s1,gated_deflation,3,1,inf,0,0,0
hetero_different-chapter_00108_1284-1089-2961,s1,gated_deflation,3,2,nan,0,0,0
hetero_different-chapter_00108_1284-1089-2961,s1,gated_deflation,3,3,-7.327564568983233,0,0,0
hetero_different-chapter_00108_1284-1089-2961,s2,gated_deflation,3,1,inf,1,1,0
hetero_different-chapter_00108_1284-1089-2961,s2,gated_deflation,3,2,1.0253149541612467,1,1,0
hetero_different-chapter_00108_1284-1089-2961,s2,gated_deflation,3,3,-1.9145034426821852,1,1,0
hetero_different-chapter_00108_1284-1089-2961,s3,gated_deflation,3,1,17.330892148227953,2,2,0
hetero_different-chapter_00108_1284-1089-2961,s3,gated_deflation,3,2,0.634810359939777,2,2,0
hetero_different-chapter_00108_1284-1089-2961,s3,gated_deflation,3,3,-2.728191298732378,2,2,0
hetero_different-chapter_00108_1284-1089-2961,s1,coarse_to_fine,3,1,inf,,,2
hetero_different-chapter_00108_1284-1089-2961,s1,coarse_to_fine,3,2,nan,,,2
hetero_different-chapter_00108_1284-1089-2961,s1,coarse_to_fine,3,3,-7.327564568983233,,,2
hetero_different-chapter_00108_1284-1089-2961,s2,coarse_to_fine,3,1,inf,,,2
hetero_different-chapter_00108_1284-1089-2961,s2,coarse_to_fine,3,2,-0.7078273542161174,,,2
hetero_different-chapter_00108_1284-1089-2961,s2,coarse_to_fine,3,3,-9.097000380681862,,,2
hetero_different-chapter_00108_1284-1089-2961,s3,coarse_to_fine,3,1,28.50418367406986,,,2
hetero_different-chapter_00108_1284-1089-2961,s3,coarse_to_fine,3,2,2.7731007030860253,,,2
hetero_different-chapter_00108_1284-1089-2961,s3,coarse_to_fine,3,3,-0.23160934408587852,,,2
hetero_different-chapter_00109_1580-4970-260,s1,no_recursion,3,1,inf,,,0
hetero_different-chapter_00109_1580-4970-260,s1,no_recursion,3,2,-20.03772007987084,,,0
hetero_different-chapter_00109_1580-4970-260,s1,no_recursion,3,3,-0.31350394260008685,,,0
hetero_different-chapter_00109_1580-4970-260,s2,no_recursion,3,1,63.02808766680947,,,0
hetero_different-chapter_00109_1580-4970-260,s2,no_recursion,3,2,21.06378753220275,,,0
hetero_different-chapter_00109_1580-4970-260,s2,no_recursion,3,3,1.5463688634954178,,,0
hetero_different-chapter_00109_1580-4970-260,s3,no_recursion,3,1,44.78469539613113,,,0
hetero_different-chapter_00109_1580-4970-260,s3,no_recursion,3,2,nan,,,0
hetero_different-chapter_00109_1580-4970-260,s3,no_recursion,3,3,7.704146560552304,,,0
hetero_different-chapter_00109_1580-4970-260,s1,ungated_deflation,3,1,inf,0,0,0
hetero_different-chapter_00109_1580-4970-260,s1,ungated_deflation,3,2,-20.03772007987084,0,0,0
hetero_different-chapter_00109_1580-4970-260,s1,ungated_deflation,3,3,-0.31350394260008685,0,0,0
hetero_different-chapter_00109_1580-4970-260,s2,ungated_deflation,3,1,52.1775415655032,2,2,0
hetero_different-chapter_00109_1580-4970-260,s2,ungated_deflation,3,2,21.743417095633042,2,2,0
hetero_different-chapter_00109_1580-4970-260,s2,ungated_deflation,3,3,-0.4406343060024488,2,2,0
hetero_different-chapter_00109_1580-4970-260,s3,ungated_deflation,3,1,44.93231989878283,1,1,0
hetero_different-chapter_00109_1580-4970-260,s3,ungated_deflation,3,2,nan,1,1,0
hetero_different-chapter_00109_1580-4970-260,s3,ungated_deflation,3,3,3.216345125670195,1,1,0
hetero_different-chapter_00109_1580-4970-260,s1,gated_deflation,3,1,inf,0,0,0
hetero_different-chapter_00109_1580-4970-260,s1,gated_deflation,3,2,-20.03772007987084,0,0,0
hetero_different-chapter_00109_1580-4970-260,s1,gated_deflation,3,3,-0.31350394260008685,0,0,0
hetero_different-chapter_00109_1580-4970-260,s2,gated_deflation,3,1,52.1775415655032,2,2,0
hetero_different-chapter_00109_1580-4970-260,s2,gated_deflation,3,2,21.743417095633042,2,2,0
hetero_different-chapter_00109_1580-4970-260,s2,gated_deflation,3,3,-0.4406343060024488,2,2,0
hetero_different-chapter_00109_1580-4970-260,s3,gated_deflation,3,1,44.93231989878283,1,1,0
hetero_different-chapter_00109_1580-4970-260,s3,gated_deflation,3,2,nan,1,1,0
hetero_different-chapter_00109_1580-4970-260,s3,gated_deflation,3,3,3.216345125670195,1,1,0
hetero_different-chapter_00109_1580-4970-260,s1,coarse_to_fine,3,1,inf,,,2
hetero_different-chapter_00109_1580-4970-260,s1,coarse_to_fine,3,2,-20.03772007987084,,,2
hetero_different-chapter_00109_1580-4970-260,s1,coarse_to_fine,3,3,-0.31350394260008685,,,2
hetero_different-chapter_00109_1580-4970-260,s2,coarse_to_fine,3,1,63.567131336181575,,,2
hetero_different-chapter_00109_1580-4970-260,s2,coarse_to_fine,3,2,20.3572038183854,,,2
hetero_different-chapter_00109_1580-4970-260,s2,coarse_to_fine,3,3,-1.2478130356749781,,,2
hetero_different-chapter_00109_1580-4970-260,s3,coarse_to_fine,3,1,44.28022368812981,,,2
hetero_different-chapter_00109_1580-4970-260,s3,coarse_to_fine,3,2,nan,,,2
hetero_different-chapter_00109_1580-4970-260,s3,coarse_to_fine,3,3,9.134014279069312,,,2
hetero_different-chapter_00110_1580-908-237,s1,no_recursion,3,1,inf,,,0
hetero_different-chapter_00110_1580-908-237,s1,no_recursion,3,2,nan,,,0
hetero_different-chapter_00110_1580-908-237,s1,no_recursion,3,3,-1.2523886936236381,,,0
hetero_different-chapter_00110_1580-908-237,s2,no_recursion,3,1,43.72105862001571,,,0
hetero_different-chapter_00110_1580-908-237,s2,no_recursion,3,2,16.426213319466328,,,0
hetero_different-chapter_00110_1580-908-237,s2,no_recursion,3,3,8.846356700311254,,,0
hetero_different-chapter_00110_1580-908-237,s3,no_recursion,3,1,41.574099699646574,,,0
hetero_different-chapter_00110_1580-908-237,s3,no_recursion,3,2,-3.856680015932473,,,0
hetero_different-chapter_00110_1580-908-237,s3,no_recursion,3,3,-7.304843301263326,,,0
hetero_different-chapter_00110_1580-908-237,s1,ungated_deflation,3,1,inf,0,0,0
hetero_different-chapter_00110_1580-908-237,s1,ungated_deflation,3,2,nan,0,0,0
hetero_different-chapter_00110_1580-908-237,s1,ungated_deflation,3,3,-1.2523886936236381,0,0,0
hetero_different-chapter_00110_1580-908-237,s2,ungated_deflation,3,1,43.316139207890615,2,2,0
hetero_different-chapter_00110_1580-908-237,s2,ungated_deflation,3,2,-0.1965701304359289,2,2,0
hetero_different-chapter_00110_1580-908-237,s2,ungated_deflation,3,3,-2.3329945206489167,2,2,0
hetero_different-chapter_00110_1580-908-237,s3,ungated_deflation,3,1,40.72504438268163,1,1,0
hetero_different-chapter_00110_1580-908-237,s3,ungated_deflation,3,2,-5.20382844471733,1,1,0
hetero_different-chapter_00110_1580-908-237,s3,ungated_deflation,3,3,-9.345699739672192,1,1,0
hetero_different-chapter_00110_1580-908-237,s1,gated_deflation,3,1,inf,0,0,0
hetero_different-chapter_00110_1580-908-237,s1,gated_deflation,3,2,nan,0,0,0
hetero_different-chapter_00110_1580-908-237,s1,gated_deflation,3,3,-1.2523886936236381,0,0,0
hetero_different-chapter_00110_1580-908-237,s2,gated_deflation,3,1,43.316139207890615,2,2,0
hetero_different-chapter_00110_1580-908-237,s2,gated_deflation,3,2,-0.1965701304359289,2,2,0
hetero_different-chapter_00110_1580-908-237,s2,gated_deflation,3,3,-2.3329945206489167,2,2,0
hetero_different-chapter_00110_1580-908-237,s3,gated_deflation,3,1,40.72504438268163,1,1,0
hetero_different-chapter_00110_1580-908-237,s3,gated_deflation,3,2,-5.20382844471733,1,1,0
hetero_different-chapter_00110_1580-908-237,s3,gated_deflation,3,3,-9.345699739672192,1,1,0
hetero_different-chapter_00110_1580-908-237,s1,coarse_to_fine,3,1,inf,,,2
hetero_different-chapter_00110_1580-908-237,s1,coarse_to_fine,3,2,nan,,,2
hetero_different-chapter_00110_1580-908-237,s1,coarse_to_fine,3,3,-1.2523886936236381,,,2
hetero_different-chapter_00110_1580-908-237,s2,coarse_to_fine,3,1,43.694620659190846,,,2
hetero_different-chapter_00110_1580-908-237,s2,coarse_to_fine,3,2,16.329322694080272,,,2
hetero_different-chapter_00110_1580-908-237,s2,coarse_to_fine,3,3,9.004599949486977,,,2
hetero_different-chapter_00110_1580-908-237,s3,coarse_to_fine,3,1,42.18445570669039,,,2
hetero_different-chapter_00110_1580-908-237,s3,coarse_to_fine,3,2,-4.094414843339477,,,2
hetero_different-chapter_00110_1580-908-237,s3,coarse_to_fine,3,3,-4.146130247410969,,,2
hetero_different-chapter_00111_4992-7021-7127,s1,no_recursion,3,1,69.92879798305151,,,0
hetero_different-chapter_00111_4992-7021-7127,s1,no_recursion,3,2,-41.57100397307456,,,0
hetero_different-chapter_00111_4992-7021-7127,s1,no_recursion,3,3,1.2325198932899801,,,0
hetero_different-chapter_00111_4992-7021-7127,s2,no_recursion,3,1,inf,,,0
hetero_different-chapter_00111_4992-7021-7127,s2,no_recursion,3,2,nan,,,0
hetero_different-chapter_00111_4992-7021-7127,s2,no_recursion,3,3,3.77203849629685,,,0
hetero_different-chapter_00111_4992-7021-7127,s3,no_recursion,3,1,35.81499629336345,,,0
hetero_different-chapter_00111_4992-7021-7127,s3,no_recursion,3,2,29.41598408935182,,,0
hetero_different-chapter_00111_4992-7021-7127,s3,no_recursion,3,3,2.9578433173354624,,,0
hetero_different-chapter_00111_4992-7021-7127,s1,ungated_deflation,3,1,69.92879798305151,0,0,0
hetero_different-chapter_00111_4992-7021-7127,s1,ungated_deflation,3,2,-41.57100397307456,0,0,0
hetero_different-chapter_00111_4992-7021-7127,s1,ungated_deflation,3,3,1.2325198932899801,0,0,0
hetero_different-chapter_00111_4992-7021-7127,s2,ungated_deflation,3,1,inf,1,1,0
hetero_different-chapter_00111_4992-7021-7127,s2,ungated_deflation,3,2,nan,1,1,0
hetero_different-chapter_00111_4992-7021-7127,s2,ungated_deflation,3,3,-2.2719552697832777,1,1,0
hetero_different-chapter_00111_4992-7021-7127,s3,ungated_deflation,3,1,20.336483126538234,2,2,0
hetero_different-chapter_00111_4992-7021-7127,s3,ungated_deflation,3,2,23.761011796374376,2,2,0
hetero_different-chapter_00111_4992-7021-7127,s3,ungated_deflation,3,3,-0.3912433318233357,2,2,0
hetero_different-chapter_00111_4992-7021-7127,s1,gated_deflation,3,1,69.92879798305151,0,0,0
hetero_different-chapter_00111_4992-7021-7127,s1,gated_deflation,3,2,-41.57100397307456,0,0,0
hetero_different-chapter_00111_4992-7021-7127,s1,gated_deflation,3,3,1.2325198932899801,0,0,0
hetero_different-chapter_00111_4992-7021-7127,s2,gated_deflation,3,1,inf,1,1,0
hetero_different-chapter_00111_4992-7021-7127,s2,gated_deflation,3,2,nan,1,1,0
hetero_different-chapter_00111_4992-7021-7127,s2,gated_deflation,3,3,-2.2719552697832777,1,1,0
hetero_different-chapter_00111_4992-7021-7127,s3,gated_deflation,3,1,20.336483126538234,2,2,0
hetero_different-chapter_00111_4992-7021-7127,s3,gated_deflation,3,2,23.761011796374376,2,2,0
hetero_different-chapter_00111_4992-7021-7127,s3,gated_deflation,3,3,-0.3912433318233357,2,2,0
hetero_different-chapter_00111_4992-7021-7127,s1,coarse_to_fine,3,1,64.24129843920896,,,2
hetero_different-chapter_00111_4992-7021-7127,s1,coarse_to_fine,3,2,-7.879985546696025,,,2
hetero_different-chapter_00111_4992-7021-7127,s1,coarse_to_fine,3,3,2.9791311878356215,,,2
hetero_different-chapter_00111_4992-7021-7127,s2,coarse_to_fine,3,1,inf,,,2
hetero_different-chapter_00111_4992-7021-7127,s2,coarse_to_fine,3,2,nan,,,2
hetero_different-chapter_00111_4992-7021-7127,s2,coarse_to_fine,3,3,5.127463529334635,,,2
hetero_different-chapter_00111_4992-7021-7127,s3,coarse_to_fine,3,1,36.45722927743459,,,2
hetero_different-chapter_00111_4992-7021-7127,s3,coarse_to_fine,3,2,28.956188362563758,,,2
hetero_different-chapter_00111_4992-7021-7127,s3,coarse_to_fine,3,3,0.3960956143824371,,,2
hetero_different-chapter_00112_1089-6829-4446,s1,no_recursion,3,1,49.488498173344944,,,0
hetero_different-chapter_00112_1089-6829-4446,s1,no_recursion,3,2,11.916315471463797,,,0
hetero_different-chapter_00112_1089-6829-4446,s1,no_recursion,3,3,5.892976437093496,,,0
hetero_different-chapter_00112_1089-6829-4446,s2,no_recursion,3,1,inf,,,0
hetero_different-chapter_00112_1089-6829-4446,s2,no_recursion,3,2,nan,,,0
hetero_different-chapter_00112_1089-6829-4446,s2,no_recursion,3,3,-0.5736143863835788,,,0
hetero_different-chapter_00112_1089-6829-4446,s3,no_recursion,3,1,35.3910993525905,,,0
hetero_different-chapter_00112_1089-6829-4446,s3,no_recursion,3,2,0.5178864359064999,,,0
hetero_different-chapter_00112_1089-6829-4446,s3,no_recursion,3,3,0.01574408975915119,,,0
hetero_different-chapter_00112_1089-6829-4446,s1,ungated_deflation,3,1,49.17021827765781,2,2,0
hetero_different-chapter_00112_1089-6829-4446,s1,ungated_deflation,3,2,6.875879165898544,2,2,0
hetero_different-chapter_00112_1089-6829-4446,s1,ungated_deflation,3,3,-4.258838460784908,2,2,0
hetero_different-chapter_00112_1089-6829-4446,s2,ungated_deflation,3,1,inf,0,0,0
hetero_different-chapter_00112_1089-6829-4446,s2,ungated_deflation,3,2,nan,0,0,0
hetero_different-chapter_00112_1089-6829-4446,s2,ungated_deflation,3,3,-0.5736143863835788,0,0,0
hetero_different-chapter_00112_1089-6829-4446,s3,ungated_deflation,3,1,23.000001987658358,1,1,0
hetero_different-chapter_00112_1089-6829-4446,s3,ungated_deflation,3,2,-3.546197971975569,1,1,0
hetero_different-chapter_00112_1089-6829-4446,s3,ungated_deflation,3,3,-0.7375297791394722,1,1,0
hetero_different-chapter_00112_1089-6829-4446,s1,gated_deflation,3,1,49.17021827765781,2,2,0
hetero_different-chapter_00112_1089-6829-4446,s1,gated_deflation,3,2,6.875879165898544,2,2,0
hetero_different-chapter_00112_1089-6829-4446,s1,gated_deflation,3,3,-4.258838460784908,2,2,0
hetero_different-chapter_00112_1089-6829-4446,s2,gated_deflation,3,1,inf,0,0,0
hetero_different-chapter_00112_1089-6829-4446,s2,gated_deflation,3,2,nan,0,0,0
hetero_different-chapter_00112_1089-6829-4446,s2,gated_deflation,3,3,-0.5736143863835788,0,0,0
hetero_different-chapter_00112_1089-6829-4446,s3,gated_deflation,3,1,23.000001987658358,1,1,0
hetero_different-chapter_00112_1089-6829-4446,s3,gated_deflation,3,2,-3.546197971975569,1,1,0
hetero_different-chapter_00112_1089-6829-4446,s3,gated_deflation,3,3,-0.7375297791394722,1,1,0
hetero_different-chapter_00112_1089-6829-4446,s1,coarse_to_fine,3,1,51.90943433942115,,,2
hetero_different-chapter_00112_1089-6829-4446,s1,coarse_to_fine,3,2,10.975542808798842,,,2
hetero_different-chapter_00112_1089-6829-4446,s1,coarse_to_fine,3,3,4.5825598361179924,,,2
hetero_different-chapter_00112_1089-6829-4446,s2,coarse_to_fine,3,1,inf,,,2
hetero_different-chapter_00112_1089-6829-4446,s2,coarse_to_fine,3,2,nan,,,2
hetero_different-chapter_00112_1089-6829-4446,s2,coarse_to_fine,3,3,-0.5736143863835788,,,2
hetero_different-chapter_00112_1089-6829-4446,s3,coarse_to_fine,3,1,41.77503500933003,,,2
hetero_different-chapter_00112_1089-6829-4446,s3,coarse_to_fine,3,2,-0.03126563882664896,,,2
hetero_different-chapter_00112_1089-6829-4446,s3,coarse_to_fine,3,3,0.19842242472171479,,,2
hetero_different-chapter_00113_6829-1580-1089,s1,no_recursion,3,1,inf,,,0
hetero_different-chapter_00113_6829-1580-1089,s1,no_recursion,3,2,-1.5784301363109488,,,0
hetero_different-chapter_00113_6829-1580-1089,s1,no_recursion,3,3,3.7308806898503057,,,0
hetero_different-chapter_00113_6829-1580-1089,s2,no_recursion,3,1,inf,,,0
hetero_different-chapter_00113_6829-1580-1089,s2,no_recursion,3,2,nan,,,0
hetero_different-chapter_00113_6829-1580-1089,s2,no_recursion,3,3,3.2613490496459603,,,0
hetero_different-chapter_00113_6829-1580-1089,s3,no_recursion,3,1,37.02984124328144,,,0
hetero_different-chapter_00113_6829-1580-1089,s3,no_recursion,3,2,4.742115053999381,,,0
hetero_different-chapter_00113_6829-1580-1089,s3,no_recursion,3,3,4.966320666979574,,,0
hetero_different-chapter_00113_6829-1580-1089,s1,ungated_deflation,3,1,inf,0,0,0
hetero_different-chapter_00113_6829-1580-1089,s1,ungated_deflation,3,2,-1.5784301363109488,0,0,0
hetero_different-chapter_00113_6829-1580-1089,s1,ungated_deflation,3,3,3.7308806898503057,0,0,0
hetero_different-chapter_00113_6829-1580-1089,s2,ungated_deflation,3,1,inf,1,1,0
hetero_different-chapter_00113_6829-1580-1089,s2,ungated_deflation,3,2,nan,1,1,0
hetero_different-chapter_00113_6829-1580-1089,s2,ungated_deflation,3,3,-0.16954883056770015,1,1,0
hetero_different-chapter_00113_6829-1580-1089,s3,ungated_deflation,3,1,35.39523773654341,2,2,0
hetero_different-chapter_00113_6829-1580-1089,s3,ungated_deflation,3,2,-6.300813261186632,2,2,0
hetero_different-chapter_00113_6829-1580-1089,s3,ungated_deflation,3,3,-4.712698621898329,2,2,0
hetero_different-chapter_00113_6829-1580-1089,s1,gated_deflation,3,1,inf,0,0,0
hetero_different-chapter_00113_6829-1580-1089,s1,gated_deflation,3,2,-1.5784301363109488,0,0,0
hetero_different-chapter_00113_6829-1580-1089,s1,gated_deflation,3,3,3.7308806898503057,0,0,0
hetero_different-chapter_00113_6829-1580-1089,s2,gated_deflation,3,1,inf,1,1,0
hetero_different-chapter_00113_6829-1580-1089,s2,gated_deflation,3,2,nan,1,1,0
hetero_different-chapter_00113_6829-1580-1089,s2,gated_deflation,3,3,-0.16954883056770015,1,1,0
hetero_different-chapter_00113_6829-1580-1089,s3,gated_deflation,3,1,35.39523773654341,2,2,0
hetero_different-chapter_00113_6829-1580-1089,s3,gated_deflation,3,2,-6.300813261186632,2,2,0
hetero_different-chapter_00113_6829-1580-1089,s3,gated_deflation,3,3,-4.712698621898329,2,2,0
hetero_different-chapter_00113_6829-1580-1089,s1,coarse_to_fine,3,1,inf,,,2
hetero_different-chapter_00113_6829-1580-1089,s1,coarse_to_fine,3,2,0.12760400772276548,,,2
hetero_different-chapter_00113_6829-1580-1089,s1,coarse_to_fine,3,3,4.25334317961494,,,2
hetero_different-chapter_00113_6829-1580-1089,s2,coarse_to_fine,3,1,inf,,,2
hetero_different-chapter_00113_6829-1580-1089,s2,coarse_to_fine,3,2,nan,,,2
hetero_different-chapter_00113_6829-1580-1089,s2,coarse_to_fine,3,3,0.8086363402809289,,,2
hetero_different-chapter_00113_6829-1580-1089,s3,coarse_to_fine,3,1,37.17322379345825,,,2
hetero_different-chapter_00113_6829-1580-1089,s3,coarse_to_fine,3,2,3.660063587138218,,,2
hetero_different-chapter_00113_6829-1580-1089,s3,coarse_to_fine,3,3,3.7522385057020275,,,2
hetero_different-chapter_00114_1089-121-61,s1,no_recursion,3,1,inf,,,0
hetero_different-chapter_00114_1089-121-61,s1,no_recursion,3,2,-5.326388275993311,,,0
hetero_different-chapter_00114_1089-121-61,s1,no_recursion,3,3,-0.28697437747144,,,0
hetero_different-chapter_00114_1089-121-61,s2,no_recursion,3,1,66.53915498961295,,,0
hetero_different-chapter_00114_1089-121-61,s2,no_recursion,3,2,13.118450899524685,,,0
hetero_different-chapter_00114_1089-121-61,s2,no_recursion,3,3,3.395721492778661,,,0
hetero_different-chapter_00114_1089-121-61,s3,no_recursion,3,1,45.19173421414126,,,0
hetero_different-chapter_00114_1089-121-61,s3,no_recursion,3,2,nan,,,0
hetero_different-chapter_00114_1089-121-61,s3,no_recursion,3,3,-3.5968372331948224,,,0
hetero_different-chapter_00114_1089-121-61,s1,ungated_deflation,3,1,inf,0,0,0
hetero_different-chapter_00114_1089-121-61,s1,ungated_deflation,3,2,-5.326388275993311,0,0,0
hetero_different-chapter_00114_1089-121-61,s1,ungated_deflation,3,3,-0.28697437747144,0,0,0
hetero_different-chapter_00114_1089-121-61,s2,ungated_deflation,3,1,53.978818392727035,1,1,0
hetero_different-chapter_00114_1089-121-61,s2,ungated_deflation,3,2,2.792371861741519,1,1,0
hetero_different-chapter_00114_1089-121-61,s2,ungated_deflation,3,3,-10.040569314619239,1,1,0
hetero_different-chapter_00114_1089-121-61,s3,ungated_deflation,3,1,39.66834956457085,2,2,0
hetero_different-chapter_00114_1089-121-61,s3,ungated_deflation,3,2,nan,2,2,0
hetero_different-chapter_00114_1089-121-61,s3,ungated_deflation,3,3,-3.2199570687986063,2,2,0
hetero_different-chapter_00114_1089-121-61,s1,gated_deflation,3,1,inf,0,0,0
hetero_different-chapter_00114_1089-121-61,s1,gated_deflation,3,2,-5.326388275993311,0,0,0
hetero_different-chapter_00114_1089-121-61,s1,gated_deflation,3,3,-0.28697437747144,0,0,0
hetero_different-chapter_00114_1089-121-61,s2,gated_deflation,3,1,53.978818392727035,1,1,0
hetero_different-chapter_00114_1089-121-61,s2,gated_deflation,3,2,2.792371861741519,1,1,0
hetero_different-chapter_00114_1089-121-61,s2,gated_deflation,3,3,-10.040569314619239,1,1,0
hetero_different-chapter_00114_1089-121-61,s3,gated_deflation,3,1,39.66834956457085,2,2,0
hetero_different-chapter_00114_1089-121-61,s3,gated_deflation,3,2,nan,2,2,0
hetero_different-chapter_00114_1089-121-61,s3,gated_deflation,3,3,-3.2199570687986063,2,2,0
hetero_different-chapter_00114_1089-121-61,s1,coarse_to_fine,3,1,inf,,,2
hetero_different-chapter_00114_1089-121-61,s1,coarse_to_fine,3,2,-5.326388275993311,,,2
hetero_different-chapter_00114_1089-121-61,s1,coarse_to_fine,3,3,-0.28697437747144,,,2
hetero_different-chapter_00114_1089-121-61,s2,coarse_to_fine,3,1,63.37956145707916,,,2
hetero_different-chapter_00114_1089-121-61,s2,coarse_to_fine,3,2,10.52496013099673,,,2
hetero_different-chapter_00114_1089-121-61,s2,coarse_to_fine,3,3,-0.30922234646303454,,,2
hetero_different-chapter_00114_1089-121-61,s3,coarse_to_fine,3,1,45.19173421414126,,,2
hetero_different-chapter_00114_1089-121-61,s3,coarse_to_fine,3,2,nan,,,2
hetero_different-chapter_00114_1089-121-61,s3,coarse_to_fine,3,3,-3.5968372331948224,,,2
hetero_different-chapter_00115_237-1284-7127,s1,no_recursion,3,1,inf,,,0
hetero_different-chapter_00115_237-1284-7127,s1,no_recursion,3,2,1.8214889541009873,,,0
hetero_different-chapter_00115_237-1284-7127,s1,no_recursion,3,3,-14.12181164339528,,,0
hetero_different-chapter_00115_237-1284-7127,s2,no_recursion,3,1,73.05351939483282,,,0
hetero_different-chapter_00115_237-1284-7127,s2,no_recursion,3,2,1.775137582660848,,,0
hetero_different-chapter_00115_237-1284-7127,s2,no_recursion,3,3,1.1754356369415964,,,0
hetero_different-chapter_00115_237-1284-7127,s3,no_recursion,3,1,45.925459047740105,,,0
hetero_different-chapter_00115_237-1284-7127,s3,no_recursion,3,2,nan,,,0
hetero_different-chapter_00115_237-1284-7127,s3,no_recursion,3,3,-3.229466669251196,,,0
hetero_different-chapter_00115_237-1284-7127,s1,ungated_deflation,3,1,inf,0,0,0
hetero_different-chapter_00115_237-1284-7127,s1,ungated_deflation,3,2,1.8214889541009873,0,0,0
hetero_different-chapter_00115_237-1284-7127,s1,ungated_deflation,3,3,-14.12181164339528,0,0,0
hetero_different-chapter_00115_237-1284-7127,s2,ungated_deflation,3,1,78.49961132859411,1,1,0
hetero_different-chapter_00115_237-1284-7127,s2,ungated_deflation,3,2,1.592737291070935,1,1,0
hetero_different-chapter_00115_237-1284-7127,s2,ungated_deflation,3,3,-0.41459928861551637,1,1,0
hetero_different-chapter_00115_237-1284-7127,s3,ungated_deflation,3,1,20.933375368118586,2,2,0
hetero_different-chapter_00115_237-1284-7127,s3,ungated_deflation,3,2,nan,2,2,0
hetero_different-chapter_00115_237-1284-7127,s3,ungated_deflation,3,3,-4.218888188786957,2,2,0
hetero_different-chapter_00115_237-1284-7127,s1,gated_deflation,3,1,inf,0,0,0
hetero_different-chapter_00115_237-1284-7127,s1,gated_deflation,3,2,1.8214889541009873,0,0,0
hetero_different-chapter_00115_237-1284-7127,s1,gated_deflation,3,3,-14.12181164339528,0,0,0
hetero_different-chapter_00115_237-1284-7127,s2,gated_deflation,3,1,78.49961132859411,1,1,0
hetero_different-chapter_00115_237-1284-7127,s2,gated_deflation,3,2,1.592737291070935,1,1,0
hetero_different-chapter_00115_237-1284-7127,s2,gated_deflation,3,3,-0.41459928861551637,1,1,0
hetero_different-chapter_00115_237-1284-7127,s3,gated_deflation,3,1,20.933375368118586,2,2,0
hetero_different-chapter_00115_237-1284-7127,s3,gated_deflation,3,2,nan,2,2,0
hetero_different-chapter_00115_237-1284-7127,s3,gated_deflation,3,3,-4.218888188786957,2,2,0
hetero_different-chapter_00115_237-1284-7127,s1,coarse_to_fine,3,1,inf,,,2
hetero_different-chapter_00115_237-1284-7127,s1,coarse_to_fine,3,2,1.8214889541009873,,,2
hetero_different-chapter_00115_237-1284-7127,s1,coarse_to_fine,3,3,-14.12181164339528,,,2
hetero_different-chapter_00115_237-1284-7127,s2,coarse_to_fine,3,1,73.49839524266753,,,2
hetero_different-chapter_00115_237-1284-7127,s2,coarse_to_fine,3,2,1.7504327000568396,,,2
hetero_different-chapter_00115_237-1284-7127,s2,coarse_to_fine,3,3,-3.0977977368798113,,,2
hetero_different-chapter_00115_237-1284-7127,s3,coarse_to_fine,3,1,45.925459047740105,,,2
hetero_different-chapter_00115_237-1284-7127,s3,coarse_to_fine,3,2,nan,,,2
hetero_different-chapter_00115_237-1284-7127,s3,coarse_to_fine,3,3,-3.229466669251196,,,2
hetero_different-chapter_00116_7127-4992-6930,s1,no_recursion,3,1,inf,,,0
hetero_different-chapter_00116_7127-4992-6930,s1,no_recursion,3,2,-2.513445170452062,,,0
hetero_different-chapter_00116_7127-4992-6930,s1,no_recursion,3,3,-0.9443967752316839,,,0
hetero_different-chapter_00116_7127-4992-6930,s2,no_recursion,3,1,inf,,,0
hetero_different-chapter_00116_7127-4992-6930,s2,no_recursion,3,2,nan,,,0
hetero_different-chapter_00116_7127-4992-6930,s2,no_recursion,3,3,4.241960414208476,,,0
hetero_different-chapter_00116_7127-4992-6930,s3,no_recursion,3,1,57.20734164145932,,,0
hetero_different-chapter_00116_7127-4992-6930,s3,no_recursion,3,2,-6.214149787054195,,,0
hetero_different-chapter_00116_7127-4992-6930,s3,no_recursion,3,3,-3.207653204891481,,,0
hetero_different-chapter_00116_7127-4992-6930,s1,ungated_deflation,3,1,inf,0,0,0
hetero_different-chapter_00116_7127-4992-6930,s1,ungated_deflation,3,2,-2.513445170452062,0,0,0
hetero_different-chapter_00116_7127-4992-6930,s1,ungated_deflation,3,3,-0.9443967752316839,0,0,0
hetero_different-chapter_00116_7127-4992-6930,s2,ungated_deflation,3,1,inf,1,1,0
hetero_different-chapter_00116_7127-4992-6930,s2,ungated_deflation,3,2,nan,1,1,0
hetero_different-chapter_00116_7127-4992-6930,s2,ungated_deflation,3,3,-2.430956523947625,1,1,0
hetero_different-chapter_00116_7127-4992-6930,s3,ungated_deflation,3,1,43.09807163580655,2,2,0
hetero_different-chapter_00116_7127-4992-6930,s3,ungated_deflation,3,2,-4.410367338479326,2,2,0
hetero_different-chapter_00116_7127-4992-6930,s3,ungated_deflation,3,3,-8.048358265276365,2,2,0
hetero_different-chapter_00116_7127-4992-6930,s1,gated_deflation,3,1,inf,0,0,0
hetero_different-chapter_00116_7127-4992-6930,s1,gated_deflation,3,2,-2.513445170452062,0,0,0
hetero_different-chapter_00116_7127-4992-6930,s1,gated_deflation,3,3,-0.9443967752316839,0,0,0
hetero_different-chapter_00116_7127-4992-6930,s2,gated_deflation,3,1,inf,1,1,0
hetero_different-chapter_00116_7127-4992-6930,s2,gated_deflation,3,2,nan,1,1,0
hetero_different-chapter_00116_7127-4992-6930,s2,gated_deflation,3,3,-2.430956523947625,1,1,0
hetero_different-chapter_00116_7127-4992-6930,s3,gated_deflation,3,1,43.09807163580655,2,2,0
hetero_different-chapter_00116_7127-4992-6930,s3,gated_deflation,3,2,-4.410367338479326,2,2,0
hetero_different-chapter_00116_7127-4992-6930,s3,gated_deflation,3,3,-8.048358265276365,2,2,0
hetero_different-chapter_00116_7127-4992-6930,s1,coarse_to_fine,3,1,inf,,,2
hetero_different-chapter_00116_7127-4992-6930,s1,coarse_to_fine,3,2,-2.3490851598283604,,,2
hetero_different-chapter_00116_7127-4992-6930,s1,coarse_to_fine,3,3,0.6056799660106065,,,2
hetero_different-chapter_00116_7127-4992-6930,s2,coarse_to_fine,3,1,inf,,,2
hetero_different-chapter_00116_7127-4992-6930,s2,coarse_to_fine,3,2,nan,,,2
hetero_different-chapter_00116_7127-4992-6930,s2,coarse_to_fine,3,3,4.194379081150705,,,2
hetero_different-chapter_00116_7127-4992-6930,s3,coarse_to_fine,3,1,57.20734164145932,,,2
hetero_different-chapter_00116_7127-4992-6930,s3,coarse_to_fine,3,2,-6.214149787054195,,,2
hetero_different-chapter_00116_7127-4992-6930,s3,coarse_to_fine,3,3,-3.207653204891481,,,2
hetero_different-chapter_00117_4077-121-7176,s1,no_recursion,3,1,inf,,,0
hetero_different-chapter_00117_4077-121-7176,s1,no_recursion,3,2,-4.8133699374025,,,0
hetero_different-chapter_00117_4077-121-7176,s1,no_recursion,3,3,-7.12542129758617,,,0
hetero_different-chapter_00117_4077-121-7176,s2,no_recursion,3,1,inf,,,0
hetero_different-chapter_00117_4077-121-7176,s2,no_recursion,3,2,nan,,,0
hetero_different-chapter_00117_4077-121-7176,s2,no_recursion,3,3,-0.5453967515135094,,,0
hetero_different-chapter_00117_4077-121-7176,s3,no_recursion,3,1,33.43052832949768,,,0
hetero_different-chapter_00117_4077-121-7176,s3,no_recursion,3,2,20.825823546487726,,,0
hetero_different-chapter_00117_4077-121-7176,s3,no_recursion,3,3,9.125857941916655,,,0
hetero_different-chapter_00117_4077-121-7176,s1,ungated_deflation,3,1,inf,0,0,0
hetero_different-chapter_00117_4077-121-7176,s1,ungated_deflation,3,2,-4.8133699374025,0,0,0
hetero_different-chapter_00117_4077-121-7176,s1,ungated_deflation,3,3,-7.12542129758617,0,0,0
hetero_different-chapter_00117_4077-121-7176,s2,ungated_deflation,3,1,inf,1,1,0
hetero_different-chapter_00117_4077-121-7176,s2,ungated_deflation,3,2,nan,1,1,0
hetero_different-chapter_00117_4077-121-7176,s2,ungated_deflation,3,3,-8.168123702309533,1,1,0
hetero_different-chapter_00117_4077-121-7176,s3,ungated_deflation,3,1,27.179403860336304,2,2,0
hetero_different-chapter_00117_4077-121-7176,s3,ungated_deflation,3,2,3.0814857130037847,2,2,0
hetero_different-chapter_00117_4077-121-7176,s3,ungated_deflation,3,3,-3.0464596260993586,2,2,0
hetero_different-chapter_00117_4077-121-7176,s1,gated_deflation,3,1,inf,0,0,0
hetero_different-chapter_00117_4077-121-7176,s1,gated_deflation,3,2,-4.8133699374025,0,0,0
hetero_different-chapter_00117_4077-121-7176,s1,gated_deflation,3,3,-7.12542129758617,0,0,0
hetero_different-chapter_00117_4077-121-7176,s2,gated_deflation,3,1,inf,1,1,0
hetero_different-chapter_00117_4077-121-7176,s2,gated_deflation,3,2,nan,1,1,0
hetero_different-chapter_00117_4077-121-7176,s2,gated_deflation,3,3,-8.168123702309533,1,1,0
hetero_different-chapter_00117_4077-121-7176,s3,gated_deflation,3,1,27.179403860336304,2,2,0
hetero_different-chapter_00117_4077-121-7176,s3,gated_deflation,3,2,3.0814857130037847,2,2,0
hetero_different-chapter_00117_4077-121-7176,s3,gated_deflation,3,3,-3.0464596260993586,2,2,0
hetero_different-chapter_00117_4077-121-7176,s1,coarse_to_fine,3,1,inf,,,2
hetero_different-chapter_00117_4077-121-7176,s1,coarse_to_fine,3,2,-4.8133699374025,,,2
hetero_different-chapter_00117_4077-121-7176,s1,coarse_to_fine,3,3,-7.12542129758617,,,2
hetero_different-chapter_00117_4077-121-7176,s2,coarse_to_fine,3,1,inf,,,2
hetero_different-chapter_00117_4077-121-7176,s2,coarse_to_fine,3,2,nan,,,2
hetero_different-chapter_00117_4077-121-7176,s2,coarse_to_fine,3,3,-5.641632370297401,,,2
hetero_different-chapter_00117_4077-121-7176,s3,coarse_to_fine,3,1,33.57459488547386,,,2
hetero_different-chapter_00117_4077-121-7176,s3,coarse_to_fine,3,2,21.13000153387943,,,2
hetero_different-chapter_00117_4077-121-7176,s3,coarse_to_fine,3,3,8.501591120147223,,,2
hetero_different-chapter_00118_4992-1995-8555,s1,no_recursion,3,1,inf,,,0
hetero_different-chapter_00118_4992-1995-8555,s1,no_recursion,3,2,nan,,,0
hetero_different-chapter_00118_4992-1995-8555,s1,no_recursion,3,3,-9.181899625108429,,,0
hetero_different-chapter_00118_4992-1995-8555,s2,no_recursion,3,1,69.05306417320286,,,0
hetero_different-chapter_00118_4992-1995-8555,s2,no_recursion,3,2,18.801587026214303,,,0
hetero_different-chapter_00118_4992-1995-8555,s2,no_recursion,3,3,4.963370773155176,,,0
hetero_different-chapter_00118_4992-1995-8555,s3,no_recursion,3,1,37.79335524592671,,,0
hetero_different-chapter_00118_4992-1995-8555,s3,no_recursion,3,2,-38.588128061240326,,,0
hetero_different-chapter_00118_4992-1995-8555,s3,no_recursion,3,3,-19.52137025427611,,,0
hetero_different-chapter_00118_4992-1995-8555,s1,ungated_deflation,3,1,inf,0,0,0
hetero_different-chapter_00118_4992-1995-8555,s1,ungated_deflation,3,2,nan,0,0,0
hetero_different-chapter_00118_4992-1995-8555,s1,ungated_deflation,3,3,-9.181899625108429,0,0,0
hetero_different-chapter_00118_4992-1995-8555,s2,ungated_deflation,3,1,69.13243713681464,1,1,0
hetero_different-chapter_00118_4992-1995-8555,s2,ungated_deflation,3,2,1.595194109346986,1,1,0
hetero_different-chapter_00118_4992-1995-8555,s2,ungated_deflation,3,3,-1.7461326350237416,1,1,0
hetero_different-chapter_00118_4992-1995-8555,s3,ungated_deflation,3,1,16.331018744301446,2,2,0
hetero_different-chapter_00118_4992-1995-8555,s3,ungated_deflation,3,2,-37.155797586808646,2,2,0
hetero_different-chapter_00118_4992-1995-8555,s3,ungated_deflation,3,3,-13.677066384095596,2,2,0
hetero_different-chapter_00118_4992-1995-8555,s1,gated_deflation,3,1,inf,0,0,0
hetero_different-chapter_00118_4992-1995-8555,s1,gated_deflation,3,2,nan,0,0,0
hetero_different-chapter_00118_4992-1995-8555,s1,gated_deflation,3,3,-9.181899625108429,0,0,0
hetero_different-chapter_00118_4992-1995-8555,s2,gated_deflation,3,1,69.13243713681464,1,1,0
hetero_different-chapter_00118_4992-1995-8555,s2,gated_deflation,3,2,1.595194109346986,1,1,0
hetero_different-chapter_00118_4992-1995-8555,s2,gated_deflation,3,3,-1.7461326350237416,1,1,0
hetero_different-chapter_00118_4992-1995-8555,s3,gated_deflation,3,1,16.331018744301446,2,2,0
hetero_different-chapter_00118_4992-1995-8555,s3,gated_deflation,3,2,-37.155797586808646,2,2,0
hetero_different-chapter_00118_4992-1995-8555,s3,gated_deflation,3,3,-13.677066384095596,2,2,0
hetero_different-chapter_00118_4992-1995-8555,s1,coarse_to_fine,3,1,inf,,,2
hetero_different-chapter_00118_4992-1995-8555,s1,coarse_to_fine,3,2,nan,,,2
hetero_different-chapter_00118_4992-1995-8555,s1,coarse_to_fine,3,3,-9.181899625108429,,,2
hetero_different-chapter_00118_4992-1995-8555,s2,coarse_to_fine,3,1,69.06454908971854,,,2
hetero_different-chapter_00118_4992-1995-8555,s2,coarse_to_fine,3,2,17.978906487168338,,,2
hetero_different-chapter_00118_4992-1995-8555,s2,coarse_to_fine,3,3,5.522770842010835,,,2
hetero_different-chapter_00118_4992-1995-8555,s3,coarse_to_fine,3,1,37.79335524592671,,,2
hetero_different-chapter_00118_4992-1995-8555,s3,coarse_to_fine,3,2,-38.588128061240326,,,2
hetero_different-chapter_00118_4992-1995-8555,s3,coarse_to_fine,3,3,-19.52137025427611,,,2
hetero_different-chapter_00119_6829-5142-7176,s1,no_recursion,3,1,inf,,,0
hetero_different-chapter_00119_6829-5142-7176,s1,no_recursion,3,2,-15.011279898457913,,,0
hetero_different-chapter_00119_6829-5142-7176,s1,no_recursion,3,3,-7.626782661701405,,,0
hetero_different-chapter_00119_6829-5142-7176,s2,no_recursion,3,1,77.58581180341889,,,0
hetero_different-chapter_00119_6829-5142-7176,s2,no_recursion,3,2,2.1489312273515893,,,0
hetero_different-chapter_00119_6829-5142-7176,s2,no_recursion,3,3,-2.9829554690074014,,,0
hetero_different-chapter_00119_6829-5142-7176,s3,no_recursion,3,1,60.868956163971504,,,0
hetero_different-chapter_00119_6829-5142-7176,s3,no_recursion,3,2,nan,,,0
hetero_different-chapter_00119_6829-5142-7176,s3,no_recursion,3,3,3.28430943061151,,,0
hetero_different-chapter_00119_6829-5142-7176,s1,ungated_deflation,3,1,inf,0,0,0
hetero_different-chapter_00119_6829-5142-7176,s1,ungated_deflation,3,2,-15.011279898457913,0,0,0
hetero_different-chapter_00119_6829-5142-7176,s1,ungated_deflation,3,3,-7.626782661701405,0,0,0
hetero_different-chapter_00119_6829-5142-7176,s2,ungated_deflation,3,1,74.30982891522818,1,1,0
hetero_different-chapter_00119_6829-5142-7176,s2,ungated_deflation,3,2,-2.5510610886516445,1,1,0
hetero_different-chapter_00119_6829-5142-7176,s2,ungated_deflation,3,3,-4.240106903692878,1,1,0
hetero_different-chapter_00119_6829-5142-7176,s3,ungated_deflation,3,1,35.469897753123576,2,2,0
hetero_different-chapter_00119_6829-5142-7176,s3,ungated_deflation,3,2,nan,2,2,0
hetero_different-chapter_00119_6829-5142-7176,s3,ungated_deflation,3,3,-8.209673045397379,2,2,0
hetero_different-chapter_00119_6829-5142-7176,s1,gated_deflation,3,1,inf,0,0,0
hetero_different-chapter_00119_6829-5142-7176,s1,gated_deflation,3,2,-15.011279898457913,0,0,0
hetero_different-chapter_00119_6829-5142-7176,s1,gated_deflation,3,3,-7.626782661701405,0,0,0
hetero_different-chapter_00119_6829-5142-7176,s2,gated_deflation,3,1,74.30982891522818,1,1,0
hetero_different-chapter_00119_6829-5142-7176,s2,gated_deflation,3,2,-2.5510610886516445,1,1,0
hetero_different-chapter_00119_6829-5142-7176,s2,gated_deflation,3,3,-4.240106903692878,1,1,0
hetero_different-chapter_00119_6829-5142-7176,s3,gated_deflation,3,1,35.469897753123576,2,2,0
hetero_different-chapter_00119_6829-5142-7176,s3,gated_deflation,3,2,nan,2,2,0
hetero_different-chapter_00119_6829-5142-7176,s3,gated_deflation,3,3,-8.209673045397379,2,2,0
hetero_different-chapter_00119_6829-5142-7176,s1,coarse_to_fine,3,1,inf,,,2
hetero_different-chapter_00119_6829-5142-7176,s1,coarse_to_fine,3,2,-18.668112411904456,,,2
hetero_different-chapter_00119_6829-5142-7176,s1,coarse_to_fine,3,3,-10.060838449356407,,,2
hetero_different-chapter_00119_6829-5142-7176,s2,coarse_to_fine,3,1,77.58581180341889,,,2
hetero_different-chapter_00119_6829-5142-7176,s2,coarse_to_fine,3,2,2.1489312273515893,,,2
hetero_different-chapter_00119_6829-5142-7176,s2,coarse_to_fine,3,3,-2.9829554690074014,,,2
hetero_different-chapter_00119_6829-5142-7176,s3,coarse_to_fine,3,1,56.56633321985866,,,2
hetero_different-chapter_00119_6829-5142-7176,s3,coarse_to_fine,3,2,nan,,,2
hetero_different-chapter_00119_6829-5142-7176,s3,coarse_to_fine,3,3,3.7104574758667868,,,2
hetero_different-chapter_00120_260-5105-908,s1,no_recursion,3,1,inf,,,0
hetero_different-chapter_00120_260-5105-908,s1,no_recursion,3,2,nan,,,0
hetero_different-chapter_00120_260-5105-908,s1,no_recursion,3,3,-0.3318699707911331,,,0
hetero_different-chapter_00120_260-5105-908,s2,no_recursion,3,1,56.45258632647324,,,0
hetero_different-chapter_00120_260-5105-908,s2,no_recursion,3,2,22.17173429772552,,,0
hetero_different-chapter_00120_260-5105-908,s2,no_recursion,3,3,-0.5434328217257657,,,0
hetero_different-chapter_00120_260-5105-908,s3,no_recursion,3,1,64.18702766657377,,,0
hetero_different-chapter_00120_260-5105-908,s3,no_recursion,3,2,-15.738066460044617,,,0
hetero_different-chapter_00120_260-5105-908,s3,no_recursion,3,3,2.55650466115294,,,0
hetero_different-chapter_00120_260-5105-908,s1,ungated_deflation,3,1,inf,0,0,0
hetero_different-chapter_00120_260-5105-908,s1,ungated_deflation,3,2,nan,0,0,0
hetero_different-chapter_00120_260-5105-908,s1,ungated_deflation,3,3,-0.3318699707911331,0,0,0
hetero_different-chapter_00120_260-5105-908,s2,ungated_deflation,3,1,48.11566534367731,2,2,0
hetero_different-chapter_00120_260-5105-908,s2,ungated_deflation,3,2,12.696191336319465,2,2,0
hetero_different-chapter_00120_260-5105-908,s2,ungated_deflation,3,3,-8.03474624741399,2,2,0
hetero_different-chapter_00120_260-5105-908,s3,ungated_deflation,3,1,53.79232678287827,1,1,0
hetero_different-chapter_00120_260-5105-908,s3,ungated_deflation,3,2,-9.977714407119521,1,1,0
hetero_different-chapter_00120_260-5105-908,s3,ungated_deflation,3,3,-3.891866080611242,1,1,0
hetero_different-chapter_00120_260-5105-908,s1,gated_deflation,3,1,inf,0,0,0
hetero_different-chapter_00120_260-5105-908,s1,gated_deflation,3,2,nan,0,0,0
hetero_different-chapter_00120_260-5105-908,s1,gated_deflation,3,3,-0.3318699707911331,0,0,0
hetero_different-chapter_00120_260-5105-908,s2,gated_deflation,3,1,48.11566534367731,2,2,0
hetero_different-chapter_00120_260-5105-908,s2,gated_deflation,3,2,12.696191336319465,2,2,0
hetero_different-chapter_00120_260-5105-908,s2,gated_deflation,3,3,-8.03474624741399,2,2,0
hetero_different-chapter_00120_260-5105-908,s3,gated_deflation,3,1,53.79232678287827,1,1,0
hetero_different-chapter_00120_260-5105-908,s3,gated_deflation,3,2,-9.977714407119521,1,1,0
hetero_different-chapter_00120_260-5105-908,s3,gated_deflation,3,3,-3.891866080611242,1,1,0
hetero_different-chapter_00120_260-5105-908,s1,coarse_to_fine,3,1,inf,,,2
hetero_different-chapter_00120_260-5105-908,s1,coarse_to_fine,3,2,nan,,,2
hetero_different-chapter_00120_260-5105-908,s1,coarse_to_fine,3,3,-1.8756307388948856,,,2
hetero_different-chapter_00120_260-5105-908,s2,coarse_to_fine,3,1,54.260194932084325,,,2
hetero_different-chapter_00120_260-5105-908,s2,coarse_to_fine,3,2,10.042245374690271,,,2
hetero_different-chapter_00120_260-5105-908,s2,coarse_to_fine,3,3,-8.036593485373707,,,2
hetero_different-chapter_00120_260-5105-908,s3,coarse_to_fine,3,1,58.08814378564078,,,2
hetero_different-chapter_00120_260-5105-908,s3,coarse_to_fine,3,2,-17.868784257009146,,,2
hetero_different-chapter_00120_260-5105-908,s3,coarse_to_fine,3,3,1.7827948850922484,,,2
hetero_different-chapter_00121_4992-6930-8224,s1,no_recursion,3,1,inf,,,0
hetero_different-chapter_00121_4992-6930-8224,s1,no_recursion,3,2,-61.75159826625263,,,0
hetero_different-chapter_00121_4992-6930-8224,s1,no_recursion,3,3,-8.769396939734245,,,0
hetero_different-chapter_00121_4992-6930-8224,s2,no_recursion,3,1,43.189131296133645,,,0
hetero_different-chapter_00121_4992-6930-8224,s2,no_recursion,3,2,9.34092764573001,,,0
hetero_different-chapter_00121_4992-6930-8224,s2,no_recursion,3,3,2.057075024562585,,,0
hetero_different-chapter_00121_4992-6930-8224,s3,no_recursion,3,1,43.53910667466795,,,0
hetero_different-chapter_00121_4992-6930-8224,s3,no_recursion,3,2,nan,,,0
hetero_different-chapter_00121_4992-6930-8224,s3,no_recursion,3,3,7.877927893111597,,,0
hetero_different-chapter_00121_4992-6930-8224,s1,ungated_deflation,3,1,inf,0,0,0
hetero_different-chapter_00121_4992-6930-8224,s1,ungated_deflation,3,2,-61.75159826625263,0,0,0
hetero_different-chapter_00121_4992-6930-8224,s1,ungated_deflation,3,3,-8.769396939734245,0,0,0
hetero_different-chapter_00121_4992-6930-8224,s2,ungated_deflation,3,1,40.93642151250176,2,2,0
hetero_different-chapter_00121_4992-6930-8224,s2,ungated_deflation,3,2,10.45050658723569,2,2,0
hetero_different-chapter_00121_4992-6930-8224,s2,ungated_deflation,3,3,-8.640199690098386,2,2,0
hetero_different-chapter_00121_4992-6930-8224,s3,ungated_deflation,3,1,40.163991552883864,1,1,0
hetero_different-chapter_00121_4992-6930-8224,s3,ungated_deflation,3,2,nan,1,1,0
hetero_different-chapter_00121_4992-6930-8224,s3,ungated_deflation,3,3,2.79535827556841,1,1,0
hetero_different-chapter_00121_4992-6930-8224,s1,gated_deflation,3,1,inf,0,0,0
hetero_different-chapter_00121_4992-6930-8224,s1,gated_deflation,3,2,-61.75159826625263,0,0,0
hetero_different-chapter_00121_4992-6930-8224,s1,gated_deflation,3,3,-8.769396939734245,0,0,0
hetero_different-chapter_00121_4992-6930-8224,s2,gated_deflation,3,1,40.93642151250176,2,2,0
hetero_different-chapter_00121_4992-6930-8224,s2,gated_deflation,3,2,10.45050658723569,2,2,0
hetero_different-chapter_00121_4992-6930-8224,s2,gated_deflation,3,3,-8.640199690098386,2,2,0
hetero_different-chapter_00121_4992-6930-8224,s3,gated_deflation,3,1,40.163991552883864,1,1,0
hetero_different-chapter_00121_4992-6930-8224,s3,gated_deflation,3,2,nan,1,1,0
hetero_different-chapter_00121_4992-6930-8224,s3,gated_deflation,3,3,2.79535827556841,1,1,0
hetero_different-chapter_00121_4992-6930-8224,s1,coarse_to_fine,3,1,inf,,,2
hetero_different-chapter_00121_4992-6930-8224,s1,coarse_to_fine,3,2,-61.75159826625263,,,2
hetero_different-chapter_00121_4992-6930-8224,s1,coarse_to_fine,3,3,-8.769396939734245,,,2
hetero_different-chapter_00121_4992-6930-8224,s2,coarse_to_fine,3,1,42.956162848827404,,,2
hetero_different-chapter_00121_4992-6930-8224,s2,coarse_to_fine,3,2,21.974940591868503,,,2
hetero_different-chapter_00121_4992-6930-8224,s2,coarse_to_fine,3,3,4.5604486795129615,,,2
hetero_different-chapter_00121_4992-6930-8224,s3,coarse_to_fine,3,1,43.53910667466795,,,2
hetero_different-chapter_00121_4992-6930-8224,s3,coarse_to_fine,3,2,nan,,,2
hetero_different-chapter_00121_4992-6930-8224,s3,coarse_to_fine,3,3,7.877927893111597,,,2
hetero_different-chapter_00122_4992-2961-8555,s1,no_recursion,3,1,inf,,,0
hetero_different-chapter_00122_4992-2961-8555,s1,no_recursion,3,2,nan,,,0
hetero_different-chapter_00122_4992-2961-8555,s1,no_recursion,3,3,-3.382659462260364,,,0
hetero_different-chapter_00122_4992-2961-8555,s2,no_recursion,3,1,54.809404904236715,,,0
hetero_different-chapter_00122_4992-2961-8555,s2,no_recursion,3,2,10.314468726566492,,,0
hetero_different-chapter_00122_4992-2961-8555,s2,no_recursion,3,3,-3.4184168783661013,,,0
hetero_different-chapter_00122_4992-2961-8555,s3,no_recursion,3,1,65.6886215573523,,,0
hetero_different-chapter_00122_4992-2961-8555,s3,no_recursion,3,2,-26.50665628905343,,,0
hetero_different-chapter_00122_4992-2961-8555,s3,no_recursion,3,3,-5.913385727499789,,,0
hetero_different-chapter_00122_4992-2961-8555,s1,ungated_deflation,3,1,inf,0,0,0
hetero_different-chapter_00122_4992-2961-8555,s1,ungated_deflation,3,2,nan,0,0,0
hetero_different-chapter_00122_4992-2961-8555,s1,ungated_deflation,3,3,-3.382659462260364,0,0,0
hetero_different-chapter_00122_4992-2961-8555,s2,ungated_deflation,3,1,54.34524305726741,2,2,0
hetero_different-chapter_00122_4992-2961-8555,s2,ungated_deflation,3,2,1.9538845113061944,2,2,0
hetero_different-chapter_00122_4992-2961-8555,s2,ungated_deflation,3,3,-9.319005103415147,2,2,0
hetero_different-chapter_00122_4992-2961-8555,s3,ungated_deflation,3,1,57.81939364757523,1,1,0
hetero_different-chapter_00122_4992-2961-8555,s3,ungated_deflation,3,2,-35.757738261479744,1,1,0
hetero_different-chapter_00122_4992-2961-8555,s3,ungated_deflation,3,3,-6.322994557838536,1,1,0
hetero_different-chapter_00122_4992-2961-8555,s1,gated_deflation,3,1,inf,0,0,0
hetero_different-chapter_00122_4992-2961-8555,s1,gated_deflation,3,2,nan,0,0,0
hetero_different-chapter_00122_4992-2961-8555,s1,gated_deflation,3,3,-3.382659462260364,0,0,0
hetero_different-chapter_00122_4992-2961-8555,s2,gated_deflation,3,1,54.34524305726741,2,2,0
hetero_different-chapter_00122_4992-2961-8555,s2,gated_deflation,3,2,1.9538845113061944,2,2,0
hetero_different-chapter_00122_4992-2961-8555,s2,gated_deflation,3,3,-9.319005103415147,2,2,0
hetero_different-chapter_00122_4992-2961-8555,s3,gated_deflation,3,1,57.81939364757523,1,1,0
hetero_different-chapter_00122_4992-2961-8555,s3,gated_deflation,3,2,-35.757738261479744,1,1,0
hetero_different-chapter_00122_4992-2961-8555,s3,gated_deflation,3,3,-6.322994557838536,1,1,0
hetero_different-chapter_00122_4992-2961-8555,s1,coarse_to_fine,3,1,inf,,,2
hetero_different-chapter_00122_4992-2961-8555,s1,coarse_to_fine,3,2,nan,,,2
hetero_different-chapter_00122_4992-2961-8555,s1,coarse_to_fine,3,3,-3.382659462260364,,,2
hetero_different-chapter_00122_4992-2961-8555,s2,coarse_to_fine,3,1,54.809404904236715,,,2
hetero_different-chapter_00122_4992-2961-8555,s2,coarse_to_fine,3,2,10.314468726566492,,,2
hetero_different-chapter_00122_4992-2961-8555,s2,coarse_to_fine,3,3,-3.4184168783661013,,,2
hetero_different-chapter_00122_4992-2961-8555,s3,coarse_to_fine,3,1,65.6886215573523,,,2
hetero_different-chapter_00122_4992-2961-8555,s3,coarse_to_fine,3,2,-26.50665628905343,,,2
hetero_different-chapter_00122_4992-2961-8555,s3,coarse_to_fine,3,3,-5.913385727499789,,,2
hetero_different-chapter_00123_1320-1221-2961,s1,no_recursion,3,1,inf,,,0
hetero_different-chapter_00123_1320-1221-2961,s1,no_recursion,3,2,nan,,,0
hetero_different-chapter_00123_1320-1221-2961,s1,no_recursion,3,3,8.66729410270972,,,0
hetero_different-chapter_00123_1320-1221-2961,s2,no_recursion,3,1,inf,,,0
hetero_different-chapter_00123_1320-1221-2961,s2,no_recursion,3,2,0.004135927854651338,,,0
hetero_different-chapter_00123_1320-1221-2961,s2,no_recursion,3,3,4.3813285160483915,,,0
hetero_different-chapter_00123_1320-1221-2961,s3,no_recursion,3,1,48.36002731550817,,,0
hetero_different-chapter_00123_1320-1221-2961,s3,no_recursion,3,2,6.428856602214714,,,0
hetero_different-chapter_00123_1320-1221-2961,s3,no_recursion,3,3,2.6707326194390006,,,0
hetero_different-chapter_00123_1320-1221-2961,s1,ungated_deflation,3,1,inf,0,0,0
hetero_different-chapter_00123_1320-1221-2961,s1,ungated_deflation,3,2,nan,0,0,0
hetero_different-chapter_00123_1320-1221-2961,s1,ungated_deflation,3,3,8.66729410270972,0,0,0
hetero_different-chapter_00123_1320-1221-2961,s2,ungated_deflation,3,1,inf,1,1,0
hetero_different-chapter_00123_1320-1221-2961,s2,ungated_deflation,3,2,-5.41581548746869,1,1,0
hetero_different-chapter_00123_1320-1221-2961,s2,ungated_deflation,3,3,-1.0104160449841073,1,1,0
hetero_different-chapter_00123_1320-1221-2961,s3,ungated_deflation,3,1,36.229743636133165,2,2,0
hetero_different-chapter_00123_1320-1221-2961,s3,ungated_deflation,3,2,6.046031897808376,2,2,0
hetero_different-chapter_00123_1320-1221-2961,s3,ungated_deflation,3,3,0.1256319969579339,2,2,0
hetero_different-chapter_00123_1320-1221-2961,s1,gated_deflation,3,1,inf,0,0,0
hetero_different-chapter_00123_1320-1221-2961,s1,gated_deflation,3,2,nan,0,0,0
hetero_different-chapter_00123_1320-1221-2961,s1,gated_deflation,3,3,8.66729410270972,0,0,0
hetero_different-chapter_00123_1320-1221-2961,s2,gated_deflation,3,1,inf,1,1,0
hetero_different-chapter_00123_1320-1221-2961,s2,gated_deflation,3,2,-5.41581548746869,1,1,0
hetero_different-chapter_00123_1320-1221-2961,s2,gated_deflation,3,3,-1.0104160449841073,1,1,0
hetero_different-chapter_00123_1320-1221-2961,s3,gated_deflation,3,1,36.229743636133165,2,2,0
hetero_different-chapter_00123_1320-1221-2961,s3,gated_deflation,3,2,6.046031897808376,2,2,0
hetero_different-chapter_00123_1320-1221-2961,s3,gated_deflation,3,3,0.1256319969579339,2,2,0
hetero_different-chapter_00123_1320-1221-2961,s1,coarse_to_fine,3,1,inf,,,2
hetero_different-chapter_00123_1320-1221-2961,s1,coarse_to_fine,3,2,nan,,,2
hetero_different-chapter_00123_1320-1221-2961,s1,coarse_to_fine,3,3,8.452802531697175,,,2
hetero_different-chapter_00123_1320-1221-2961,s2,coarse_to_fine,3,1,inf,,,2
hetero_different-chapter_00123_1320-1221-2961,s2,coarse_to_fine,3,2,2.4507846325082685,,,2
hetero_different-chapter_00123_1320-1221-2961,s2,coarse_to_fine,3,3,3.012214381157883,,,2
hetero_different-chapter_00123_1320-1221-2961,s3,coarse_to_fine,3,1,46.0068767462225,,,2
hetero_different-chapter_00123_1320-1221-2961,s3,coarse_to_fine,3,2,3.1828796646943247,,,2
hetero_different-chapter_00123_1320-1221-2961,s3,coarse_to_fine,3,3,-0.10852729248640433,,,2
hetero_different-chapter_00124_1320-5683-260,s1,no_recursion,3,1,inf,,,0
hetero_different-chapter_00124_1320-5683-260,s1,no_recursion,3,2,nan,,,0
hetero_different-chapter_00124_1320-5683-260,s1,no_recursion,3,3,-1.9995900691028325,,,0
hetero_different-chapter_00124_1320-5683-260,s2,no_recursion,3,1,inf,,,0
hetero_different-chapter_00124_1320-5683-260,s2,no_recursion,3,2,12.553334512521825,,,0
hetero_different-chapter_00124_1320-5683-260,s2,no_recursion,3,3,7.723957093567745,,,0
hetero_different-chapter_00124_1320-5683-260,s3,no_recursion,3,1,44.31889053043952,,,0
hetero_different-chapter_00124_1320-5683-260,s3,no_recursion,3,2,-0.6902284154400171,,,0
hetero_different-chapter_00124_1320-5683-260,s3,no_recursion,3,3,-1.8125152141502265,,,0
hetero_different-chapter_00124_1320-5683-260,s1,ungated_deflation,3,1,inf,0,0,0
hetero_different-chapter_00124_1320-5683-260,s1,ungated_deflation,3,2,nan,0,0,0
hetero_different-chapter_00124_1320-5683-260,s1,ungated_deflation,3,3,-1.9995900691028325,0,0,0
hetero_different-chapter_00124_1320-5683-260,s2,ungated_deflation,3,1,inf,1,1,0
hetero_different-chapter_00124_1320-5683-260,s2,ungated_deflation,3,2,9.310713729926317,1,1,0
hetero_different-chapter_00124_1320-5683-260,s2,ungated_deflation,3,3,-0.6610370455137781,1,1,0
hetero_different-chapter_00124_1320-5683-260,s3,ungated_deflation,3,1,25.58229205723123,2,2,0
hetero_different-chapter_00124_1320-5683-260,s3,ungated_deflation,3,2,-14.050943931118365,2,2,0
hetero_different-chapter_00124_1320-5683-260,s3,ungated_deflation,3,3,-2.934466783175744,2,2,0
hetero_different-chapter_00124_1320-5683-260,s1,gated_deflation,3,1,inf,0,0,0
hetero_different-chapter_00124_1320-5683-260,s1,gated_deflation,3,2,nan,0,0,0
hetero_different-chapter_00124_1320-5683-260,s1,gated_deflation,3,3,-1.9995900691028325,0,0,0
hetero_different-chapter_00124_1320-5683-260,s2,gated_deflation,3,1,inf,1,1,0
hetero_different-chapter_00124_1320-5683-260,s2,gated_deflation,3,2,9.310713729926317,1,1,0
hetero_different-chapter_00124_1320-5683-260,s2,gated_deflation,3,3,-0.6610370455137781,1,1,0
hetero_different-chapter_00124_1320-5683-260,s3,gated_deflation,3,1,25.58229205723123,2,2,0
hetero_different-chapter_00124_1320-5683-260,s3,gated_deflation,3,2,-14.050943931118365,2,2,0
hetero_different-chapter_00124_1320-5683-260,s3,gated_deflation,3,3,-2.934466783175744,2,2,0
hetero_different-chapter_00124_1320-5683-260,s1,coarse_to_fine,3,1,inf,,,2
hetero_different-chapter_00124_1320-5683-260,s1,coarse_to_fine,3,2,nan,,,2
hetero_different-chapter_00124_1320-5683-260,s1,coarse_to_fine,3,3,-2.681243693713504,,,2
hetero_different-chapter_00124_1320-5683-260,s2,coarse_to_fine,3,1,inf,,,2
hetero_different-chapter_00124_1320-5683-260,s2,coarse_to_fine,3,2,12.992669630266567,,,2
hetero_different-chapter_00124_1320-5683-260,s2,coarse_to_fine,3,3,6.642929832153844,,,2
hetero_different-chapter_00124_1320-5683-260,s3,coarse_to_fine,3,1,44.31889053043952,,,2
hetero_different-chapter_00124_1320-5683-260,s3,coarse_to_fine,3,2,-0.6902284154400171,,,2
hetero_different-chapter_00124_1320-5683-260,s3,coarse_to_fine,3,3,-1.8125152141502265,,,2
hetero_different-chapter_00125_4446-6930-4992,s1,no_recursion,3,1,inf,,,0
hetero_different-chapter_00125_4446-6930-4992,s1,no_recursion,3,2,nan,,,0
hetero_different-chapter_00125_4446-6930-4992,s1,no_recursion,3,3,0.5320247560420228,,,0
hetero_different-chapter_00125_4446-6930-4992,s2,no_recursion,3,1,inf,,,0
hetero_different-chapter_00125_4446-6930-4992,s2,no_recursion,3,2,5.417346341744707,,,0
hetero_different-chapter_00125_4446-6930-4992,s2,no_recursion,3,3,-3.29051766465768,,,0
hetero_different-chapter_00125_4446-6930-4992,s3,no_recursion,3,1,38.64480571324445,,,0
hetero_different-chapter_00125_4446-6930-4992,s3,no_recursion,3,2,4.504371291424722,,,0
hetero_different-chapter_00125_4446-6930-4992,s3,no_recursion,3,3,1.311213127080679,,,0
hetero_different-chapter_00125_4446-6930-4992,s1,ungated_deflation,3,1,inf,0,0,0
hetero_different-chapter_00125_4446-6930-4992,s1,ungated_deflation,3,2,nan,0,0,0
hetero_different-chapter_00125_4446-6930-4992,s1,ungated_deflation,3,3,0.5320247560420228,0,0,0
hetero_different-chapter_00125_4446-6930-4992,s2,ungated_deflation,3,1,inf,1,1,0
hetero_different-chapter_00125_4446-6930-4992,s2,ungated_deflation,3,2,-2.8151445848827015,1,1,0
hetero_different-chapter_00125_4446-6930-4992,s2,ungated_deflation,3,3,-5.767144058778514,1,1,0
hetero_different-chapter_00125_4446-6930-4992,s3,ungated_deflation,3,1,12.869103434068647,2,2,0
hetero_different-chapter_00125_4446-6930-4992,s3,ungated_deflation,3,2,-3.714410487021369,2,2,0
hetero_different-chapter_00125_4446-6930-4992,s3,ungated_deflation,3,3,-17.383837945262318,2,2,0
hetero_different-chapter_00125_4446-6930-4992,s1,gated_deflation,3,1,inf,0,0,0
hetero_different-chapter_00125_4446-6930-4992,s1,gated_deflation,3,2,nan,0,0,0
hetero_different-chapter_00125_4446-6930-4992,s1,gated_deflation,3,3,0.5320247560420228,0,0,0
hetero_different-chapter_00125_4446-6930-4992,s2,gated_deflation,3,1,inf,1,1,0
hetero_different-chapter_00125_4446-6930-4992,s2,gated_deflation,3,2,-2.8151445848827015,1,1,0
hetero_different-chapter_00125_4446-6930-4992,s2,gated_deflation,3,3,-5.767144058778514,1,1,0
hetero_different-chapter_00125_4446-6930-4992,s3,gated_deflation,3,1,12.869103434068647,2,2,0
hetero_different-chapter_00125_4446-6930-4992,s3,gated_deflation,3,2,-3.714410487021369,2,2,0
hetero_different-chapter_00125_4446-6930-4992,s3,gated_deflation,3,3,-17.383837945262318,2,2,0
hetero_different-chapter_00125_4446-6930-4992,s1,coarse_to_fine,3,1,inf,,,2
hetero_different-chapter_00125_4446-6930-4992,s1,coarse_to_fine,3,2,nan,,,2
hetero_different-chapter_00125_4446-6930-4992,s1,coarse_to_fine,3,3,0.5320247560420228,,,2
hetero_different-chapter_00125_4446-6930-4992,s2,coarse_to_fine,3,1,inf,,,2
hetero_different-chapter_00125_4446-6930-4992,s2,coarse_to_fine,3,2,3.9728726783948387,,,2
hetero_different-chapter_00125_4446-6930-4992,s2,coarse_to_fine,3,3,-1.4511221682916227,,,2
hetero_different-chapter_00125_4446-6930-4992,s3,coarse_to_fine,3,1,38.60831763310815,,,2
hetero_different-chapter_00125_4446-6930-4992,s3,coarse_to_fine,3,2,9.793498927312864,,,2
hetero_different-chapter_00125_4446-6930-4992,s3,coarse_to_fine,3,3,4.121347444098823,,,2
hetero_different-chapter_00126_2830-2961-8555,s1,no_recursion,3,1,inf,,,0
hetero_different-chapter_00126_2830-2961-8555,s1,no_recursion,3,2,-14.653115969399348,,,0
hetero_different-chapter_00126_2830-2961-8555,s1,no_recursion,3,3,-7.105350634293489,,,0
hetero_different-chapter_00126_2830-2961-8555,s2,no_recursion,3,1,36.56386849088224,,,0
hetero_different-chapter_00126_2830-2961-8555,s2,no_recursion,3,2,13.060039825695766,,,0
hetero_different-chapter_00126_2830-2961-8555,s2,no_recursion,3,3,-0.6001473714012954,,,0
hetero_different-chapter_00126_2830-2961-8555,s3,no_recursion,3,1,61.948101974169944,,,0
hetero_different-chapter_00126_2830-2961-8555,s3,no_recursion,3,2,nan,,,0
hetero_different-chapter_00126_2830-2961-8555,s3,no_recursion,3,3,2.8485626254086682,,,0
hetero_different-chapter_00126_2830-2961-8555,s1,ungated_deflation,3,1,inf,0,0,0
hetero_different-chapter_00126_2830-2961-8555,s1,ungated_deflation,3,2,-14.653115969399348,0,0,0
hetero_different-chapter_00126_2830-2961-8555,s1,ungated_deflation,3,3,-7.105350634293489,0,0,0
hetero_different-chapter_00126_2830-2961-8555,s2,ungated_deflation,3,1,28.916366395577246,2,2,0
hetero_different-chapter_00126_2830-2961-8555,s2,ungated_deflation,3,2,13.47757583665095,2,2,0
hetero_different-chapter_00126_2830-2961-8555,s2,ungated_deflation,3,3,-3.1986226730041563,2,2,0
hetero_different-chapter_00126_2830-2961-8555,s3,ungated_deflation,3,1,49.12976506527237,1,1,0
hetero_different-chapter_00126_2830-2961-8555,s3,ungated_deflation,3,2,nan,1,1,0
hetero_different-chapter_00126_2830-2961-8555,s3,ungated_deflation,3,3,1.2737273535958575,1,1,0
hetero_different-chapter_00126_2830-2961-8555,s1,gated_deflation,3,1,inf,0,0,0
hetero_different-chapter_00126_2830-2961-8555,s1,gated_deflation,3,2,-14.653115969399348,0,0,0
hetero_different-chapter_00126_2830-2961-8555,s1,gated_deflation,3,3,-7.105350634293489,0,0,0
hetero_different-chapter_00126_2830-2961-8555,s2,gated_deflation,3,1,28.916366395577246,2,2,0
hetero_different-chapter_00126_2830-2961-8555,s2,gated_deflation,3,2,13.47757583665095,2,2,0
hetero_different-chapter_00126_2830-2961-8555,s2,gated_deflation,3,3,-3.1986226730041563,2,2,0
hetero_different-chapter_00126_2830-2961-8555,s3,gated_deflation,3,1,49.12976506527237,1,1,0
hetero_different-chapter_00126_2830-2961-8555,s3,gated_deflation,3,2,nan,1,1,0
hetero_different-chapter_00126_2830-2961-8555,s3,gated_deflation,3,3,1.2737273535958575,1,1,0
hetero_different-chapter_00126_2830-2961-8555,s1,coarse_to_fine,3,1,inf,,,2
hetero_different-chapter_00126_2830-2961-8555,s1,coarse_to_fine,3,2,-14.653115969399348,,,2
hetero_different-chapter_00126_2830-2961-8555,s1,coarse_to_fine,3,3,-7.105350634293489,,,2
hetero_different-chapter_00126_2830-2961-8555,s2,coarse_to_fine,3,1,36.583208043930966,,,2
hetero_different-chapter_00126_2830-2961-8555,s2,coarse_to_fine,3,2,12.900228498335792,,,2
hetero_different-chapter_00126_2830-2961-8555,s2,coarse_to_fine,3,3,-1.877676137012103,,,2
hetero_different-chapter_00126_2830-2961-8555,s3,coarse_to_fine,3,1,54.67361007804363,,,2
hetero_different-chapter_00126_2830-2961-8555,s3,coarse_to_fine,3,2,nan,,,2
hetero_different-chapter_00126_2830-2961-8555,s3,coarse_to_fine,3,3,3.3223249136972988,,,2
hetero_different-chapter_00127_4077-4970-4992,s1,no_recursion,3,1,inf,,,0
hetero_different-chapter_00127_4077-4970-4992,s1,no_recursion,3,2,nan,,,0
hetero_different-chapter_00127_4077-4970-4992,s1,no_recursion,3,3,8.079373344198656,,,0
hetero_different-chapter_00127_4077-4970-4992,s2,no_recursion,3,1,91.82696257929999,,,0
hetero_different-chapter_00127_4077-4970-4992,s2,no_recursion,3,2,0.9362860455705263,,,0
hetero_different-chapter_00127_4077-4970-4992,s2,no_recursion,3,3,-2.3879345902380953,,,0
hetero_different-chapter_00127_4077-4970-4992,s3,no_recursion,3,1,64.85735135846275,,,0
hetero_different-chapter_00127_4077-4970-4992,s3,no_recursion,3,2,-1.5187059343224083,,,0
hetero_different-chapter_00127_4077-4970-4992,s3,no_recursion,3,3,-6.352771352077056,,,0
hetero_different-chapter_00127_4077-4970-4992,s1,ungated_deflation,3,1,inf,0,0,0
hetero_different-chapter_00127_4077-4970-4992,s1,ungated_deflation,3,2,nan,0,0,0
hetero_different-chapter_00127_4077-4970-4992,s1,ungated_deflation,3,3,8.079373344198656,0,0,0
hetero_different-chapter_00127_4077-4970-4992,s2,ungated_deflation,3,1,93.97718233975219,1,1,0
hetero_different-chapter_00127_4077-4970-4992,s2,ungated_deflation,3,2,-3.373953096069311,1,1,0
hetero_different-chapter_00127_4077-4970-4992,s2,ungated_deflation,3,3,-3.6551972893097107,1,1,0
hetero_different-chapter_00127_4077-4970-4992,s3,ungated_deflation,3,1,47.09456007072747,2,2,0
hetero_different-chapter_00127_4077-4970-4992,s3,ungated_deflation,3,2,-5.877153905447163,2,2,0
hetero_different-chapter_00127_4077-4970-4992,s3,ungated_deflation,3,3,-7.020304776268349,2,2,0
hetero_different-chapter_00127_4077-4970-4992,s1,gated_deflation,3,1,inf,0,0,0
hetero_different-chapter_00127_4077-4970-4992,s1,gated_deflation,3,2,nan,0,0,0
hetero_different-chapter_00127_4077-4970-4992,s1,gated_deflation,3,3,8.079373344198656,0,0,0
hetero_different-chapter_00127_4077-4970-4992,s2,gated_deflation,3,1,93.97718233975219,1,1,0
hetero_different-chapter_00127_4077-4970-4992,s2,gated_deflation,3,2,-3.373953096069311,1,1,0
hetero_different-chapter_00127_4077-4970-4992,s2,gated_deflation,3,3,-3.6551972893097107,1,1,0
hetero_different-chapter_00127_4077-4970-4992,s3,gated_deflation,3,1,47.09456007072747,2,2,0
hetero_different-chapter_00127_4077-4970-4992,s3,gated_deflation,3,2,-5.877153905447163,2,2,0
hetero_different-chapter_00127_4077-4970-4992,s3,gated_deflation,3,3,-7.020304776268349,2,2,0
hetero_different-chapter_00127_4077-4970-4992,s1,coarse_to_fine,3,1,inf,,,2
hetero_different-chapter_00127_4077-4970-4992,s1,coarse_to_fine,3,2,nan,,,2
hetero_different-chapter_00127_4077-4970-4992,s1,coarse_to_fine,3,3,6.747112891376716,,,2
hetero_different-chapter_00127_4077-4970-4992,s2,coarse_to_fine,3,1,92.40735769736794,,,2
hetero_different-chapter_00127_4077-4970-4992,s2,coarse_to_fine,3,2,1.5276868429022306,,,2
hetero_different-chapter_00127_4077-4970-4992,s2,coarse_to_fine,3,3,-0.7534712248637228,,,2
hetero_different-chapter_00127_4077-4970-4992,s3,coarse_to_fine,3,1,64.61996136381943,,,2
hetero_different-chapter_00127_4077-4970-4992,s3,coarse_to_fine,3,2,-1.012666612202778,,,2
hetero_different-chapter_00127_4077-4970-4992,s3,coarse_to_fine,3,3,-11.851915652827174,,,2
hetero_different-chapter_00128_7176-2961-6829,s1,no_recursion,3,1,inf,,,0
hetero_different-chapter_00128_7176-2961-6829,s1,no_recursion,3,2,-12.291123781915596,,,0
hetero_different-chapter_00128_7176-2961-6829,s1,no_recursion,3,3,7.031395938861932,,,0
hetero_different-chapter_00128_7176-2961-6829,s2,no_recursion,3,1,38.528205030233536,,,0
hetero_different-chapter_00128_7176-2961-6829,s2,no_recursion,3,2,19.870616955171027,,,0
hetero_different-chapter_00128_7176-2961-6829,s2,no_recursion,3,3,-5.381150980498384,,,0
hetero_different-chapter_00128_7176-2961-6829,s3,no_recursion,3,1,33.135024861032825,,,0
hetero_different-chapter_00128_7176-2961-6829,s3,no_recursion,3,2,nan,,,0
hetero_different-chapter_00128_7176-2961-6829,s3,no_recursion,3,3,3.023704842754217,,,0
hetero_different-chapter_00128_7176-2961-6829,s1,ungated_deflation,3,1,inf,0,0,0
hetero_different-chapter_00128_7176-2961-6829,s1,ungated_deflation,3,2,-12.291123781915596,0,0,0
hetero_different-chapter_00128_7176-2961-6829,s1,ungated_deflation,3,3,7.031395938861932,0,0,0
hetero_different-chapter_00128_7176-2961-6829,s2,ungated_deflation,3,1,44.98942618289033,2,2,0
hetero_different-chapter_00128_7176-2961-6829,s2,ungated_deflation,3,2,2.3447511828388428,2,2,0
hetero_different-chapter_00128_7176-2961-6829,s2,ungated_deflation,3,3,-7.984261362267735,2,2,0
hetero_different-chapter_00128_7176-2961-6829,s3,ungated_deflation,3,1,20.02061731629408,1,1,0
hetero_different-chapter_00128_7176-2961-6829,s3,ungated_deflation,3,2,nan,1,1,0
hetero_different-chapter_00128_7176-2961-6829,s3,ungated_deflation,3,3,-7.5530670356045215,1,1,0
hetero_different-chapter_00128_7176-2961-6829,s1,gated_deflation,3,1,inf,0,0,0
hetero_different-chapter_00128_7176-2961-6829,s1,gated_deflation,3,2,-12.291123781915596,0,0,0
hetero_different-chapter_00128_7176-2961-6829,s1,gated_deflation,3,3,7.031395938861932,0,0,0
hetero_different-chapter_00128_7176-2961-6829,s2,gated_deflation,3,1,44.98942618289033,2,2,0
hetero_different-chapter_00128_7176-2961-6829,s2,gated_deflation,3,2,2.3447511828388428,2,2,0
hetero_different-chapter_00128_7176-2961-6829,s2,gated_deflation,3,3,-7.984261362267735,2,2,0
hetero_different-chapter_00128_7176-2961-6829,s3,gated_deflation,3,1,20.02061731629408,1,1,0
hetero_different-chapter_00128_7176-2961-6829,s3,gated_deflation,3,2,nan,1,1,0
hetero_different-chapter_00128_7176-2961-6829,s3,gated_deflation,3,3,-7.5530670356045215,1,1,0
hetero_different-chapter_00128_7176-2961-6829,s1,coarse_to_fine,3,1,inf,,,2
hetero_different-chapter_00128_7176-2961-6829,s1,coarse_to_fine,3,2,-12.85822139256651,,,2
hetero_different-chapter_00128_7176-2961-6829,s1,coarse_to_fine,3,3,6.875457866863704,,,2
hetero_different-chapter_00128_7176-2961-6829,s2,coarse_to_fine,3,1,38.528205030233536,,,2
hetero_different-chapter_00128_7176-2961-6829,s2,coarse_to_fine,3,2,19.870616955171027,,,2
hetero_different-chapter_00128_7176-2961-6829,s2,coarse_to_fine,3,3,-5.381150980498384,,,2
hetero_different-chapter_00128_7176-2961-6829,s3,coarse_to_fine,3,1,32.2264063779554,,,2
hetero_different-chapter_00128_7176-2961-6829,s3,coarse_to_fine,3,2,nan,,,2
hetero_different-chapter_00128_7176-2961-6829,s3,coarse_to_fine,3,3,0.4796216187722675,,,2
hetero_different-chapter_00129_61-5142-2961,s1,no_recursion,3,1,inf,,,0
hetero_different-chapter_00129_61-5142-2961,s1,no_recursion,3,2,4.496632469735174,,,0
hetero_different-chapter_00129_61-5142-2961,s1,no_recursion,3,3,4.8598946549364355,,,0
hetero_different-chapter_00129_61-5142-2961,s2,no_recursion,3,1,inf,,,0
hetero_different-chapter_00129_61-5142-2961,s2,no_recursion,3,2,nan,,,0
hetero_different-chapter_00129_61-5142-2961,s2,no_recursion,3,3,3.482404424676146,,,0
hetero_different-chapter_00129_61-5142-2961,s3,no_recursion,3,1,36.64658961227951,,,0
hetero_different-chapter_00129_61-5142-2961,s3,no_recursion,3,2,-11.98292527171775,,,0
hetero_different-chapter_00129_61-5142-2961,s3,no_recursion,3,3,-1.8233524719010987,,,0
hetero_different-chapter_00129_61-5142-2961,s1,ungated_deflation,3,1,inf,0,0,0
hetero_different-chapter_00129_61-5142-2961,s1,ungated_deflation,3,2,4.496632469735174,0,0,0
hetero_different-chapter_00129_61-5142-2961,s1,ungated_deflation,3,3,4.8598946549364355,0,0,0
hetero_different-chapter_00129_61-5142-2961,s2,ungated_deflation,3,1,inf,1,1,0
hetero_different-chapter_00129_61-5142-2961,s2,ungated_deflation,3,2,nan,1,1,0
hetero_different-chapter_00129_61-5142-2961,s2,ungated_deflation,3,3,1.6047230708322777,1,1,0
hetero_different-chapter_00129_61-5142-2961,s3,ungated_deflation,3,1,31.74906463748622,2,2,0
hetero_different-chapter_00129_61-5142-2961,s3,ungated_deflation,3,2,-14.418602543563235,2,2,0
hetero_different-chapter_00129_61-5142-2961,s3,ungated_deflation,3,3,-8.948029408259124,2,2,0
hetero_different-chapter_00129_61-5142-2961,s1,gated_deflation,3,1,inf,0,0,0
hetero_different-chapter_00129_61-5142-2961,s1,gated_deflation,3,2,4.496632469735174,0,0,0
hetero_different-chapter_00129_61-5142-2961,s1,gated_deflation,3,3,4.8598946549364355,0,0,0
hetero_different-chapter_00129_61-5142-2961,s2,gated_deflation,3,1,inf,1,1,0
hetero_different-chapter_00129_61-5142-2961,s2,gated_deflation,3,2,nan,1,1,0
hetero_different-chapter_00129_61-5142-2961,s2,gated_deflation,3,3,1.6047230708322777,1,1,0
hetero_different-chapter_00129_61-5142-2961,s3,gated_deflation,3,1,31.74906463748622,2,2,0
hetero_different-chapter_00129_61-5142-2961,s3,gated_deflation,3,2,-14.418602543563235,2,2,0
hetero_different-chapter_00129_61-5142-2961,s3,gated_deflation,3,3,-8.948029408259124,2,2,0
hetero_different-chapter_00129_61-5142-2961,s1,coarse_to_fine,3,1,inf,,,2
hetero_different-chapter_00129_61-5142-2961,s1,coarse_to_fine,3,2,4.636255068251771,,,2
hetero_different-chapter_00129_61-5142-2961,s1,coarse_to_fine,3,3,4.37399909546071,,,2
hetero_different-chapter_00129_61-5142-2961,s2,coarse_to_fine,3,1,inf,,,2
hetero_different-chapter_00129_61-5142-2961,s2,coarse_to_fine,3,2,nan,,,2
hetero_different-chapter_00129_61-5142-2961,s2,coarse_to_fine,3,3,3.7046988210177885,,,2
hetero_different-chapter_00129_61-5142-2961,s3,coarse_to_fine,3,1,36.64658961227951,,,2
hetero_different-chapter_00129_61-5142-2961,s3,coarse_to_fine,3,2,-11.98292527171775,,,2
hetero_different-chapter_00129_61-5142-2961,s3,coarse_to_fine,3,3,-1.8233524719010987,,,2
hetero_different-chapter_00130_4992-8224-1320,s1,no_recursion,3,1,inf,,,0
hetero_different-chapter_00130_4992-8224-1320,s1,no_recursion,3,2,9.577120013209571,,,0
hetero_different-chapter_00130_4992-8224-1320,s1,no_recursion,3,3,-2.6426295209427293,,,0
hetero_different-chapter_00130_4992-8224-1320,s2,no_recursion,3,1,inf,,,0
hetero_different-chapter_00130_4992-8224-1320,s2,no_recursion,3,2,nan,,,0
hetero_different-chapter_00130_4992-8224-1320,s2,no_recursion,3,3,0.6390383203716689,,,0
hetero_different-chapter_00130_4992-8224-1320,s3,no_recursion,3,1,40.93033843171565,,,0
hetero_different-chapter_00130_4992-8224-1320,s3,no_recursion,3,2,0.11816411144992839,,,0
hetero_different-chapter_00130_4992-8224-1320,s3,no_recursion,3,3,-0.17755780277632982,,,0
hetero_different-chapter_00130_4992-8224-1320,s1,ungated_deflation,3,1,inf,0,0,0
hetero_different-chapter_00130_4992-8224-1320,s1,ungated_deflation,3,2,9.577120013209571,0,0,0
hetero_different-chapter_00130_4992-8224-1320,s1,ungated_deflation,3,3,-2.6426295209427293,0,0,0
hetero_different-chapter_00130_4992-8224-1320,s2,ungated_deflation,3,1,inf,1,1,0
hetero_different-chapter_00130_4992-8224-1320,s2,ungated_deflation,3,2,nan,1,1,0
hetero_different-chapter_00130_4992-8224-1320,s2,ungated_deflation,3,3,-2.653613904363304,1,1,0
hetero_different-chapter_00130_4992-8224-1320,s3,ungated_deflation,3,1,26.91536129924957,2,2,0
hetero_different-chapter_00130_4992-8224-1320,s3,ungated_deflation,3,2,-5.171259837003125,2,2,0
hetero_different-chapter_00130_4992-8224-1320,s3,ungated_deflation,3,3,-0.9923306308062875,2,2,0
hetero_different-chapter_00130_4992-8224-1320,s1,gated_deflation,3,1,inf,0,0,0
hetero_different-chapter_00130_4992-8224-1320,s1,gated_deflation,3,2,9.577120013209571,0,0,0
hetero_different-chapter_00130_4992-8224-1320,s1,gated_deflation,3,3,-2.6426295209427293,0,0,0
hetero_different-chapter_00130_4992-8224-1320,s2,gated_deflation,3,1,inf,1,1,0
hetero_different-chapter_00130_4992-8224-1320,s2,gated_deflation,3,2,nan,1,1,0
hetero_different-chapter_00130_4992-8224-1320,s2,gated_deflation,3,3,-2.653613904363304,1,1,0
hetero_different-chapter_00130_4992-8224-1320,s3,gated_deflation,3,1,26.91536129924957,2,2,0
hetero_different-chapter_00130_4992-8224-1320,s3,gated_deflation,3,2,-5.171259837003125,2,2,0
hetero_different-chapter_00130_4992-8224-1320,s3,gated_deflation,3,3,-0.9923306308062875,2,2,0
hetero_different-chapter_00130_4992-8224-1320,s1,coarse_to_fine,3,1,inf,,,2
hetero_different-chapter_00130_4992-8224-1320,s1,coarse_to_fine,3,2,8.941158178845717,,,2
hetero_different-chapter_00130_4992-8224-1320,s1,coarse_to_fine,3,3,0.07487404815691076,,,2
hetero_different-chapter_00130_4992-8224-1320,s2,coarse_to_fine,3,1,inf,,,2
hetero_different-chapter_00130_4992-8224-1320,s2,coarse_to_fine,3,2,nan,,,2
hetero_different-chapter_00130_4992-8224-1320,s2,coarse_to_fine,3,3,0.6390383203716689,,,2
hetero_different-chapter_00130_4992-8224-1320,s3,coarse_to_fine,3,1,39.403738793160734,,,2
hetero_different-chapter_00130_4992-8224-1320,s3,coarse_to_fine,3,2,13.882464390315397,,,2
hetero_different-chapter_00130_4992-8224-1320,s3,coarse_to_fine,3,3,5.566246607832081,,,2
hetero_different-chapter_00131_4077-6829-5105,s1,no_recursion,3,1,50.1518650343456,,,0
hetero_different-chapter_00131_4077-6829-5105,s1,no_recursion,3,2,5.923108311864479,,,0
hetero_different-chapter_00131_4077-6829-5105,s1,no_recursion,3,3,-0.11256764413747616,,,0
hetero_different-chapter_00131_4077-6829-5105,s2,no_recursion,3,1,inf,,,0
hetero_different-chapter_00131_4077-6829-5105,s2,no_recursion,3,2,nan,,,0
hetero_different-chapter_00131_4077-6829-5105,s2,no_recursion,3,3,6.215089522571871,,,0
hetero_different-chapter_00131_4077-6829-5105,s3,no_recursion,3,1,52.00238097977615,,,0
hetero_different-chapter_00131_4077-6829-5105,s3,no_recursion,3,2,-21.300801682584904,,,0
hetero_different-chapter_00131_4077-6829-5105,s3,no_recursion,3,3,-0.1445575693045664,,,0
hetero_different-chapter_00131_4077-6829-5105,s1,ungated_deflation,3,1,50.1518650343456,0,0,0
hetero_different-chapter_00131_4077-6829-5105,s1,ungated_deflation,3,2,5.923108311864479,0,0,0
hetero_different-chapter_00131_4077-6829-5105,s1,ungated_deflation,3,3,-0.11256764413747616,0,0,0
hetero_different-chapter_00131_4077-6829-5105,s2,ungated_deflation,3,1,inf,1,1,0
hetero_different-chapter_00131_4077-6829-5105,s2,ungated_deflation,3,2,nan,1,1,0
hetero_different-chapter_00131_4077-6829-5105,s2,ungated_deflation,3,3,-1.555226461728438,1,1,0
hetero_different-chapter_00131_4077-6829-5105,s3,ungated_deflation,3,1,28.90086953983318,2,2,0
hetero_different-chapter_00131_4077-6829-5105,s3,ungated_deflation,3,2,-8.922071895683226,2,2,0
hetero_different-chapter_00131_4077-6829-5105,s3,ungated_deflation,3,3,-6.792418651616316,2,2,0
hetero_different-chapter_00131_4077-6829-5105,s1,gated_deflation,3,1,50.1518650343456,0,0,0
hetero_different-chapter_00131_4077-6829-5105,s1,gated_deflation,3,2,5.923108311864479,0,0,0
hetero_different-chapter_00131_4077-6829-5105,s1,gated_deflation,3,3,-0.11256764413747616,0,0,0
hetero_different-chapter_00131_4077-6829-5105,s2,gated_deflation,3,1,inf,1,1,0
hetero_different-chapter_00131_4077-6829-5105,s2,gated_deflation,3,2,nan,1,1,0
hetero_different-chapter_00131_4077-6829-5105,s2,gated_deflation,3,3,-1.555226461728438,1,1,0
hetero_different-chapter_00131_4077-6829-5105,s3,gated_deflation,3,1,28.90086953983318,2,2,0
hetero_different-chapter_00131_4077-6829-5105,s3,gated_deflation,3,2,-8.922071895683226,2,2,0
hetero_different-chapter_00131_4077-6829-5105,s3,gated_deflation,3,3,-6.792418651616316,2,2,0
hetero_different-chapter_00131_4077-6829-5105,s1,coarse_to_fine,3,1,50.25044996769581,,,2
hetero_different-chapter_00131_4077-6829-5105,s1,coarse_to_fine,3,2,-7.212026184122725,,,2
hetero_different-chapter_00131_4077-6829-5105,s1,coarse_to_fine,3,3,-2.2843163052769153,,,2
hetero_different-chapter_00131_4077-6829-5105,s2,coarse_to_fine,3,1,inf,,,2
hetero_different-chapter_00131_4077-6829-5105,s2,coarse_to_fine,3,2,nan,,,2
hetero_different-chapter_00131_4077-6829-5105,s2,coarse_to_fine,3,3,6.215089522571871,,,2
hetero_different-chapter_00131_4077-6829-5105,s3,coarse_to_fine,3,1,52.00238097977615,,,2
hetero_different-chapter_00131_4077-6829-5105,s3,coarse_to_fine,3,2,-21.300801682584904,,,2
hetero_different-chapter_00131_4077-6829-5105,s3,coarse_to_fine,3,3,-0.1445575693045664,,,2
hetero_different-chapter_00132_6930-2961-4077,s1,no_recursion,3,1,inf,,,0
hetero_different-chapter_00132_6930-2961-4077,s1,no_recursion,3,2,nan,,,0
hetero_different-chapter_00132_6930-2961-4077,s1,no_recursion,3,3,-0.8187052590989623,,,0
hetero_different-chapter_00132_6930-2961-4077,s2,no_recursion,3,1,56.68248910098295,,,0
hetero_different-chapter_00132_6930-2961-4077,s2,no_recursion,3,2,11.374861832234782,,,0
hetero_different-chapter_00132_6930-2961-4077,s2,no_recursion,3,3,0.8859821235465483,,,0
hetero_different-chapter_00132_6930-2961-4077,s3,no_recursion,3,1,49.37632664462156,,,0
hetero_different-chapter_00132_6930-2961-4077,s3,no_recursion,3,2,7.390752514437484,,,0
hetero_different-chapter_00132_6930-2961-4077,s3,no_recursion,3,3,7.129296789382989,,,0
hetero_different-chapter_00132_6930-2961-4077,s1,ungated_deflation,3,1,inf,0,0,0
hetero_different-chapter_00132_6930-2961-4077,s1,ungated_deflation,3,2,nan,0,0,0
hetero_different-chapter_00132_6930-2961-4077,s1,ungated_deflation,3,3,-0.8187052590989623,0,0,0
hetero_different-chapter_00132_6930-2961-4077,s2,ungated_deflation,3,1,48.0368808762702,2,2,0
hetero_different-chapter_00132_6930-2961-4077,s2,ungated_deflation,3,2,-5.425981179303493,2,2,0
hetero_different-chapter_00132_6930-2961-4077,s2,ungated_deflation,3,3,-7.860195197450965,2,2,0
hetero_different-chapter_00132_6930-2961-4077,s3,ungated_deflation,3,1,41.16685092226676,1,1,0
hetero_different-chapter_00132_6930-2961-4077,s3,ungated_deflation,3,2,6.353996877016568,1,1,0
hetero_different-chapter_00132_6930-2961-4077,s3,ungated_deflation,3,3,-0.5769147340754539,1,1,0
hetero_different-chapter_00132_6930-2961-4077,s1,gated_deflation,3,1,inf,0,0,0
hetero_different-chapter_00132_6930-2961-4077,s1,gated_deflation,3,2,nan,0,0,0
hetero_different-chapter_00132_6930-2961-4077,s1,gated_deflation,3,3,-0.8187052590989623,0,0,0
hetero_different-chapter_00132_6930-2961-4077,s2,gated_deflation,3,1,48.0368808762702,2,2,0
hetero_different-chapter_00132_6930-2961-4077,s2,gated_deflation,3,2,-5.425981179303493,2,2,0
hetero_different-chapter_00132_6930-2961-4077,s2,gated_deflation,3,3,-7.860195197450965,2,2,0
hetero_different-chapter_00132_6930-2961-4077,s3,gated_deflation,3,1,41.16685092226676,1,1,0
hetero_different-chapter_00132_6930-2961-4077,s3,gated_deflation,3,2,6.353996877016568,1,1,0
hetero_different-chapter_00132_6930-2961-4077,s3,gated_deflation,3,3,-0.5769147340754539,1,1,0
hetero_different-chapter_00132_6930-2961-4077,s1,coarse_to_fine,3,1,inf,,,2
hetero_different-chapter_00132_6930-2961-4077,s1,coarse_to_fine,3,2,nan,,,2
hetero_different-chapter_00132_6930-2961-4077,s1,coarse_to_fine,3,3,-8.226758934964181,,,2
hetero_different-chapter_00132_6930-2961-4077,s2,coarse_to_fine,3,1,56.68248910098295,,,2
hetero_different-chapter_00132_6930-2961-4077,s2,coarse_to_fine,3,2,11.374861832234782,,,2
hetero_different-chapter_00132_6930-2961-4077,s2,coarse_to_fine,3,3,0.8859821235465483,,,2
hetero_different-chapter_00132_6930-2961-4077,s3,coarse_to_fine,3,1,49.73098548145458,,,2
hetero_different-chapter_00132_6930-2961-4077,s3,coarse_to_fine,3,2,7.595537079107032,,,2
hetero_different-chapter_00132_6930-2961-4077,s3,coarse_to_fine,3,3,5.914941822924464,,,2
hetero_different-chapter_00133_6930-4992-1284,s1,no_recursion,3,1,inf,,,0
hetero_different-chapter_00133_6930-4992-1284,s1,no_recursion,3,2,-2.0993823156104257,,,0
hetero_different-chapter_00133_6930-4992-1284,s1,no_recursion,3,3,1.6999765854137676,,,0
hetero_different-chapter_00133_6930-4992-1284,s2,no_recursion,3,1,inf,,,0
hetero_different-chapter_00133_6930-4992-1284,s2,no_recursion,3,2,nan,,,0
hetero_different-chapter_00133_6930-4992-1284,s2,no_recursion,3,3,-8.151618867675195,,,0
hetero_different-chapter_00133_6930-4992-1284,s3,no_recursion,3,1,48.04108422966045,,,0
hetero_different-chapter_00133_6930-4992-1284,s3,no_recursion,3,2,20.312920500281926,,,0
hetero_different-chapter_00133_6930-4992-1284,s3,no_recursion,3,3,4.670379418667386,,,0
hetero_different-chapter_00133_6930-4992-1284,s1,ungated_deflation,3,1,inf,0,0,0
hetero_different-chapter_00133_6930-4992-1284,s1,ungated_deflation,3,2,-2.0993823156104257,0,0,0
hetero_different-chapter_00133_6930-4992-1284,s1,ungated_deflation,3,3,1.6999765854137676,0,0,0
hetero_different-chapter_00133_6930-4992-1284,s2,ungated_deflation,3,1,inf,1,1,0
hetero_different-chapter_00133_6930-4992-1284,s2,ungated_deflation,3,2,nan,1,1,0
hetero_different-chapter_00133_6930-4992-1284,s2,ungated_deflation,3,3,-6.224381909646751,1,1,0
hetero_different-chapter_00133_6930-4992-1284,s3,ungated_deflation,3,1,35.87872806148577,2,2,0
hetero_different-chapter_00133_6930-4992-1284,s3,ungated_deflation,3,2,-10.0327115505826,2,2,0
hetero_different-chapter_00133_6930-4992-1284,s3,ungated_deflation,3,3,-1.7242252701786693,2,2,0
hetero_different-chapter_00133_6930-4992-1284,s1,gated_deflation,3,1,inf,0,0,0
hetero_different-chapter_00133_6930-4992-1284,s1,gated_deflation,3,2,-2.0993823156104257,0,0,0
hetero_different-chapter_00133_6930-4992-1284,s1,gated_deflation,3,3,1.6999765854137676,0,0,0
hetero_different-chapter_00133_6930-4992-1284,s2,gated_deflation,3,1,inf,1,1,0
hetero_different-chapter_00133_6930-4992-1284,s2,gated_deflation,3,2,nan,1,1,0
hetero_different-chapter_00133_6930-4992-1284,s2,gated_deflation,3,3,-6.224381909646751,1,1,0
hetero_different-chapter_00133_6930-4992-1284,s3,gated_deflation,3,1,35.87872806148577,2,2,0
hetero_different-chapter_00133_6930-4992-1284,s3,gated_deflation,3,2,-10.0327115505826,2,2,0
hetero_different-chapter_00133_6930-4992-1284,s3,gated_deflation,3,3,-1.7242252701786693,2,2,0
hetero_different-chapter_00133_6930-4992-1284,s1,coarse_to_fine,3,1,inf,,,2
hetero_different-chapter_00133_6930-4992-1284,s1,coarse_to_fine,3,2,-5.77081597782872,,,2
hetero_different-chapter_00133_6930-4992-1284,s1,coarse_to_fine,3,3,-0.9211599122525905,,,2
hetero_different-chapter_00133_6930-4992-1284,s2,coarse_to_fine,3,1,inf,,,2
hetero_different-chapter_00133_6930-4992-1284,s2,coarse_to_fine,3,2,nan,,,2
hetero_different-chapter_00133_6930-4992-1284,s2,coarse_to_fine,3,3,-8.151618867675195,,,2
hetero_different-chapter_00133_6930-4992-1284,s3,coarse_to_fine,3,1,47.644889077942906,,,2
hetero_different-chapter_00133_6930-4992-1284,s3,coarse_to_fine,3,2,15.836721394762336,,,2
hetero_different-chapter_00133_6930-4992-1284,s3,coarse_to_fine,3,3,5.311232738384667,,,2
hetero_different-chapter_00134_2830-1284-1320,s1,no_recursion,3,1,inf,,,0
hetero_different-chapter_00134_2830-1284-1320,s1,no_recursion,3,2,nan,,,0
hetero_different-chapter_00134_2830-1284-1320,s1,no_recursion,3,3,-7.163107456983417,,,0
hetero_different-chapter_00134_2830-1284-1320,s2,no_recursion,3,1,36.916851161598075,,,0
hetero_different-chapter_00134_2830-1284-1320,s2,no_recursion,3,2,6.5111811954199,,,0
hetero_different-chapter_00134_2830-1284-1320,s2,no_recursion,3,3,-0.586053245420172,,,0
hetero_different-chapter_00134_2830-1284-1320,s3,no_recursion,3,1,57.49850168103376,,,0
hetero_different-chapter_00134_2830-1284-1320,s3,no_recursion,3,2,8.411116126537436,,,0
hetero_different-chapter_00134_2830-1284-1320,s3,no_recursion,3,3,6.477069591733635,,,0
hetero_different-chapter_00134_2830-1284-1320,s1,ungated_deflation,3,1,inf,0,0,0
hetero_different-chapter_00134_2830-1284-1320,s1,ungated_deflation,3,2,nan,0,0,0
hetero_different-chapter_00134_2830-1284-1320,s1,ungated_deflation,3,3,-7.163107456983417,0,0,0
hetero_different-chapter_00134_2830-1284-1320,s2,ungated_deflation,3,1,40.99230580005225,2,2,0
hetero_different-chapter_00134_2830-1284-1320,s2,ungated_deflation,3,2,-6.575689288584109,2,2,0
hetero_different-chapter_00134_2830-1284-1320,s2,ungated_deflation,3,3,-20.72815505401241,2,2,0
hetero_different-chapter_00134_2830-1284-1320,s3,ungated_deflation,3,1,45.62441676137615,1,1,0
hetero_different-chapter_00134_2830-1284-1320,s3,ungated_deflation,3,2,-10.451903240659634,1,1,0
hetero_different-chapter_00134_2830-1284-1320,s3,ungated_deflation,3,3,3.2775553893342675,1,1,0
hetero_different-chapter_00134_2830-1284-1320,s1,gated_deflation,3,1,inf,0,0,0
hetero_different-chapter_00134_2830-1284-1320,s1,gated_deflation,3,2,nan,0,0,0
hetero_different-chapter_00134_2830-1284-1320,s1,gated_deflation,3,3,-7.163107456983417,0,0,0
hetero_different-chapter_00134_2830-1284-1320,s2,gated_deflation,3,1,40.99230580005225,2,2,0
hetero_different-chapter_00134_2830-1284-1320,s2,gated_deflation,3,2,-6.575689288584109,2,2,0
hetero_different-chapter_00134_2830-1284-1320,s2,gated_deflation,3,3,-20.72815505401241,2,2,0
hetero_different-chapter_00134_2830-1284-1320,s3,gated_deflation,3,1,45.62441676137615,1,1,0
hetero_different-chapter_00134_2830-1284-1320,s3,gated_deflation,3,2,-10.451903240659634,1,1,0
hetero_different-chapter_00134_2830-1284-1320,s3,gated_deflation,3,3,3.2775553893342675,1,1,0
hetero_different-chapter_00134_2830-1284-1320,s1,coarse_to_fine,3,1,inf,,,2
hetero_different-chapter_00134_2830-1284-1320,s1,coarse_to_fine,3,2,nan,,,2
hetero_different-chapter_00134_2830-1284-1320,s1,coarse_to_fine,3,3,-7.163107456983417,,,2
hetero_different-chapter_00134_2830-1284-1320,s2,coarse_to_fine,3,1,40.496158060382285,,,2
hetero_different-chapter_00134_2830-1284-1320,s2,coarse_to_fine,3,2,-14.150252190387553,,,2
hetero_different-chapter_00134_2830-1284-1320,s2,coarse_to_fine,3,3,-17.240443684494004,,,2
hetero_different-chapter_00134_2830-1284-1320,s3,coarse_to_fine,3,1,55.70793464193365,,,2
hetero_different-chapter_00134_2830-1284-1320,s3,coarse_to_fine,3,2,8.783984774384857,,,2
hetero_different-chapter_00134_2830-1284-1320,s3,coarse_to_fine,3,3,4.537092850516905,,,2
hetero_different-chapter_00135_1995-2961-4446,s1,no_recursion,3,1,inf,,,0
hetero_different-chapter_00135_1995-2961-4446,s1,no_recursion,3,2,12.31104547740485,,,0
hetero_different-chapter_00135_1995-2961-4446,s1,no_recursion,3,3,2.175312787267524,,,0
hetero_different-chapter_00135_1995-2961-4446,s2,no_recursion,3,1,54.415545760737494,,,0
hetero_different-chapter_00135_1995-2961-4446,s2,no_recursion,3,2,10.047388691313534,,,0
hetero_different-chapter_00135_1995-2961-4446,s2,no_recursion,3,3,1.9955100199340257,,,0
hetero_different-chapter_00135_1995-2961-4446,s3,no_recursion,3,1,39.64058206666506,,,0
hetero_different-chapter_00135_1995-2961-4446,s3,no_recursion,3,2,nan,,,0
hetero_different-chapter_00135_1995-2961-4446,s3,no_recursion,3,3,-15.43031303717395,,,0
hetero_different-chapter_00135_1995-2961-4446,s1,ungated_deflation,3,1,inf,0,0,0
hetero_different-chapter_00135_1995-2961-4446,s1,ungated_deflation,3,2,12.31104547740485,0,0,0
hetero_different-chapter_00135_1995-2961-4446,s1,ungated_deflation,3,3,2.175312787267524,0,0,0
hetero_different-chapter_00135_1995-2961-4446,s2,ungated_deflation,3,1,52.14897598087492,1,1,0
hetero_different-chapter_00135_1995-2961-4446,s2,ungated_deflation,3,2,5.611226542940172,1,1,0
hetero_different-chapter_00135_1995-2961-4446,s2,ungated_deflation,3,3,-5.861208449167834,1,1,0
hetero_different-chapter_00135_1995-2961-4446,s3,ungated_deflation,3,1,24.20370606814378,2,2,0
hetero_different-chapter_00135_1995-2961-4446,s3,ungated_deflation,3,2,nan,2,2,0
hetero_different-chapter_00135_1995-2961-4446,s3,ungated_deflation,3,3,-12.335443793502208,2,2,0
hetero_different-chapter_00135_1995-2961-4446,s1,gated_deflation,3,1,inf,0,0,0
hetero_different-chapter_00135_1995-2961-4446,s1,gated_deflation,3,2,12.31104547740485,0,0,0
hetero_different-chapter_00135_1995-2961-4446,s1,gated_deflation,3,3,2.175312787267524,0,0,0
hetero_different-chapter_00135_1995-2961-4446,s2,gated_deflation,3,1,52.14897598087492,1,1,0
hetero_different-chapter_00135_1995-2961-4446,s2,gated_deflation,3,2,5.611226542940172,1,1,0
hetero_different-chapter_00135_1995-2961-4446,s2,gated_deflation,3,3,-5.861208449167834,1,1,0
hetero_different-chapter_00135_1995-2961-4446,s3,gated_deflation,3,1,24.20370606814378,2,2,0
hetero_different-chapter_00135_1995-2961-4446,s3,gated_deflation,3,2,nan,2,2,0
hetero_different-chapter_00135_1995-2961-4446,s3,gated_deflation,3,3,-12.335443793502208,2,2,0
hetero_different-chapter_00135_1995-2961-4446,s1,coarse_to_fine,3,1,inf,,,2
hetero_different-chapter_00135_1995-2961-4446,s1,coarse_to_fine,3,2,12.39311856307771,,,2
hetero_different-chapter_00135_1995-2961-4446,s1,coarse_to_fine,3,3,1.784698684381964,,,2
hetero_different-chapter_00135_1995-2961-4446,s2,coarse_to_fine,3,1,54.99079917977564,,,2
hetero_different-chapter_00135_1995-2961-4446,s2,coarse_to_fine,3,2,9.484216620719264,,,2
hetero_different-chapter_00135_1995-2961-4446,s2,coarse_to_fine,3,3,2.486580077434323,,,2
hetero_different-chapter_00135_1995-2961-4446,s3,coarse_to_fine,3,1,39.64058206666506,,,2
hetero_different-chapter_00135_1995-2961-4446,s3,coarse_to_fine,3,2,nan,,,2
hetero_different-chapter_00135_1995-2961-4446,s3,coarse_to_fine,3,3,-15.43031303717395,,,2
hetero_different-chapter_00136_8555-1320-7127,s1,no_recursion,3,1,inf,,,0
hetero_different-chapter_00136_8555-1320-7127,s1,no_recursion,3,2,nan,,,0
hetero_different-chapter_00136_8555-1320-7127,s1,no_recursion,3,3,3.0268300414531084,,,0
hetero_different-chapter_00136_8555-1320-7127,s2,no_recursion,3,1,48.16189705479256,,,0
hetero_different-chapter_00136_8555-1320-7127,s2,no_recursion,3,2,9.422404709739906,,,0
hetero_different-chapter_00136_8555-1320-7127,s2,no_recursion,3,3,5.034786013568833,,,0
hetero_different-chapter_00136_8555-1320-7127,s3,no_recursion,3,1,48.277902471902166,,,0
hetero_different-chapter_00136_8555-1320-7127,s3,no_recursion,3,2,2.359927994071817,,,0
hetero_different-chapter_00136_8555-1320-7127,s3,no_recursion,3,3,0.009360772768499979,,,0
hetero_different-chapter_00136_8555-1320-7127,s1,ungated_deflation,3,1,inf,0,0,0
hetero_different-chapter_00136_8555-1320-7127,s1,ungated_deflation,3,2,nan,0,0,0
hetero_different-chapter_00136_8555-1320-7127,s1,ungated_deflation,3,3,3.0268300414531084,0,0,0
hetero_different-chapter_00136_8555-1320-7127,s2,ungated_deflation,3,1,46.30342805948754,1,1,0
hetero_different-chapter_00136_8555-1320-7127,s2,ungated_deflation,3,2,8.444686163720226,1,1,0
hetero_different-chapter_00136_8555-1320-7127,s2,ungated_deflation,3,3,-6.122584411994071,1,1,0
hetero_different-chapter_00136_8555-1320-7127,s3,ungated_deflation,3,1,27.731646432499225,2,2,0
hetero_different-chapter_00136_8555-1320-7127,s3,ungated_deflation,3,2,1.373711378568387,2,2,0
hetero_different-chapter_00136_8555-1320-7127,s3,ungated_deflation,3,3,-3.029437450420829,2,2,0
hetero_different-chapter_00136_8555-1320-7127,s1,gated_deflation,3,1,inf,0,0,0
hetero_different-chapter_00136_8555-1320-7127,s1,gated_deflation,3,2,nan,0,0,0
hetero_different-chapter_00136_8555-1320-7127,s1,gated_deflation,3,3,3.0268300414531084,0,0,0
hetero_different-chapter_00136_8555-1320-7127,s2,gated_deflation,3,1,46.30342805948754,1,1,0
hetero_different-chapter_00136_8555-1320-7127,s2,gated_deflation,3,2,8.444686163720226,1,1,0
hetero_different-chapter_00136_8555-1320-7127,s2,gated_deflation,3,3,-6.122584411994071,1,1,0
hetero_different-chapter_00136_8555-1320-7127,s3,gated_deflation,3,1,27.731646432499225,2,2,0
hetero_different-chapter_00136_8555-1320-7127,s3,gated_deflation,3,2,1.373711378568387,2,2,0
hetero_different-chapter_00136_8555-1320-7127,s3,gated_deflation,3,3,-3.029437450420829,2,2,0
hetero_different-chapter_00136_8555-1320-7127,s1,coarse_to_fine,3,1,inf,,,2
hetero_different-chapter_00136_8555-1320-7127,s1,coarse_to_fine,3,2,nan,,,2
hetero_different-chapter_00136_8555-1320-7127,s1,coarse_to_fine,3,3,2.8845410095755106,,,2
hetero_different-chapter_00136_8555-1320-7127,s2,coarse_to_fine,3,1,47.70644308533151,,,2
hetero_different-chapter_00136_8555-1320-7127,s2,coarse_to_fine,3,2,9.19543877950852,,,2
hetero_different-chapter_00136_8555-1320-7127,s2,coarse_to_fine,3,3,4.810029088935695,,,2
hetero_different-chapter_00136_8555-1320-7127,s3,coarse_to_fine,3,1,46.904019770738266,,,2
hetero_different-chapter_00136_8555-1320-7127,s3,coarse_to_fine,3,2,3.399356578348387,,,2
hetero_different-chapter_00136_8555-1320-7127,s3,coarse_to_fine,3,3,0.542664275877268,,,2
hetero_different-chapter_00137_61-1320-4992,s1,no_recursion,3,1,inf,,,0
hetero_different-chapter_00137_61-1320-4992,s1,no_recursion,3,2,nan,,,0
hetero_different-chapter_00137_61-1320-4992,s1,no_recursion,3,3,1.8036612225220168,,,0
hetero_different-chapter_00137_61-1320-4992,s2,no_recursion,3,1,inf,,,0
hetero_different-chapter_00137_61-1320-4992,s2,no_recursion,3,2,13.568307507106724,,,0
hetero_different-chapter_00137_61-1320-4992,s2,no_recursion,3,3,2.4068717678506206,,,0
hetero_different-chapter_00137_61-1320-4992,s3,no_recursion,3,1,48.9053093337658,,,0
hetero_different-chapter_00137_61-1320-4992,s3,no_recursion,3,2,9.008924313884004,,,0
hetero_different-chapter_00137_61-1320-4992,s3,no_recursion,3,3,0.21121097622866686,,,0
hetero_different-chapter_00137_61-1320-4992,s1,ungated_deflation,3,1,inf,0,0,0
hetero_different-chapter_00137_61-1320-4992,s1,ungated_deflation,3,2,nan,0,0,0
hetero_different-chapter_00137_61-1320-4992,s1,ungated_deflation,3,3,1.8036612225220168,0,0,0
hetero_different-chapter_00137_61-1320-4992,s2,ungated_deflation,3,1,inf,1,1,0
hetero_different-chapter_00137_61-1320-4992,s2,ungated_deflation,3,2,-5.672429764927199,1,1,0
hetero_different-chapter_00137_61-1320-4992,s2,ungated_deflation,3,3,-10.735624624015172,1,1,0
hetero_different-chapter_00137_61-1320-4992,s3,ungated_deflation,3,1,35.76430798077276,2,2,0
hetero_different-chapter_00137_61-1320-4992,s3,ungated_deflation,3,2,-9.656726363753478,2,2,0
hetero_different-chapter_00137_61-1320-4992,s3,ungated_deflation,3,3,-12.465926322257431,2,2,0
hetero_different-chapter_00137_61-1320-4992,s1,gated_deflation,3,1,inf,0,0,0
hetero_different-chapter_00137_61-1320-4992,s1,gated_deflation,3,2,nan,0,0,0
hetero_different-chapter_00137_61-1320-4992,s1,gated_deflation,3,3,1.8036612225220168,0,0,0
hetero_different-chapter_00137_61-1320-4992,s2,gated_deflation,3,1,inf,1,1,0
hetero_different-chapter_00137_61-1320-4992,s2,gated_deflation,3,2,-5.672429764927199,1,1,0
hetero_different-chapter_00137_61-1320-4992,s2,gated_deflation,3,3,-10.735624624015172,1,1,0
hetero_different-chapter_00137_61-1320-4992,s3,gated_deflation,3,1,35.76430798077276,2,2,0
hetero_different-chapter_00137_61-1320-4992,s3,gated_deflation,3,2,-9.656726363753478,2,2,0
hetero_different-chapter_00137_61-1320-4992,s3,gated_deflation,3,3,-12.465926322257431,2,2,0
hetero_different-chapter_00137_61-1320-4992,s1,coarse_to_fine,3,1,inf,,,2
hetero_different-chapter_00137_61-1320-4992,s1,coarse_to_fine,3,2,nan,,,2
hetero_different-chapter_00137_61-1320-4992,s1,coarse_to_fine,3,3,-1.899553939911879,,,2
hetero_different-chapter_00137_61-1320-4992,s2,coarse_to_fine,3,1,inf,,,2
hetero_different-chapter_00137_61-1320-4992,s2,coarse_to_fine,3,2,13.477707880184761,,,2
hetero_different-chapter_00137_61-1320-4992,s2,coarse_to_fine,3,3,1.7646332447699993,,,2
hetero_different-chapter_00137_61-1320-4992,s3,coarse_to_fine,3,1,37.16356505579089,,,2
hetero_different-chapter_00137_61-1320-4992,s3,coarse_to_fine,3,2,-0.32843767247296607,,,2
hetero_different-chapter_00137_61-1320-4992,s3,coarse_to_fine,3,3,-10.775571486425171,,,2
hetero_different-chapter_00138_3570-5683-260,s1,no_recursion,3,1,inf,,,0
hetero_different-chapter_00138_3570-5683-260,s1,no_recursion,3,2,nan,,,0
hetero_different-chapter_00138_3570-5683-260,s1,no_recursion,3,3,1.0643571064272521,,,0
hetero_different-chapter_00138_3570-5683-260,s2,no_recursion,3,1,inf,,,0
hetero_different-chapter_00138_3570-5683-260,s2,no_recursion,3,2,-39.373703179335166,,,0
hetero_different-chapter_00138_3570-5683-260,s2,no_recursion,3,3,2.720113563008474,,,0
hetero_different-chapter_00138_3570-5683-260,s3,no_recursion,3,1,39.67546562284692,,,0
hetero_different-chapter_00138_3570-5683-260,s3,no_recursion,3,2,11.976100173107618,,,0
hetero_different-chapter_00138_3570-5683-260,s3,no_recursion,3,3,7.464457262532553,,,0
hetero_different-chapter_00138_3570-5683-260,s1,ungated_deflation,3,1,inf,0,0,0
hetero_different-chapter_00138_3570-5683-260,s1,ungated_deflation,3,2,nan,0,0,0
hetero_different-chapter_00138_3570-5683-260,s1,ungated_deflation,3,3,1.0643571064272521,0,0,0
hetero_different-chapter_00138_3570-5683-260,s2,ungated_deflation,3,1,inf,1,1,0
hetero_different-chapter_00138_3570-5683-260,s2,ungated_deflation,3,2,-32.02566336322482,1,1,0
hetero_different-chapter_00138_3570-5683-260,s2,ungated_deflation,3,3,1.9671707813544077,1,1,0
hetero_different-chapter_00138_3570-5683-260,s3,ungated_deflation,3,1,26.3213416641044,2,2,0
hetero_different-chapter_00138_3570-5683-260,s3,ungated_deflation,3,2,3.1603751303568783,2,2,0
hetero_different-chapter_00138_3570-5683-260,s3,ungated_deflation,3,3,-3.938878798897769,2,2,0
hetero_different-chapter_00138_3570-5683-260,s1,gated_deflation,3,1,inf,0,0,0
hetero_different-chapter_00138_3570-5683-260,s1,gated_deflation,3,2,nan,0,0,0
hetero_different-chapter_00138_3570-5683-260,s1,gated_deflation,3,3,1.0643571064272521,0,0,0
hetero_different-chapter_00138_3570-5683-260,s2,gated_deflation,3,1,inf,1,1,0
hetero_different-chapter_00138_3570-5683-260,s2,gated_deflation,3,2,-32.02566336322482,1,1,0
hetero_different-chapter_00138_3570-5683-260,s2,gated_deflation,3,3,1.9671707813544077,1,1,0
hetero_different-chapter_00138_3570-5683-260,s3,gated_deflation,3,1,26.3213416641044,2,2,0
hetero_different-chapter_00138_3570-5683-260,s3,gated_deflation,3,2,3.1603751303568783,2,2,0
hetero_different-chapter_00138_3570-5683-260,s3,gated_deflation,3,3,-3.938878798897769,2,2,0
hetero_different-chapter_00138_3570-5683-260,s1,coarse_to_fine,3,1,inf,,,2
hetero_different-chapter_00138_3570-5683-260,s1,coarse_to_fine,3,2,nan,,,2
hetero_different-chapter_00138_3570-5683-260,s1,coarse_to_fine,3,3,-3.6411010430101696,,,2
hetero_different-chapter_00138_3570-5683-260,s2,coarse_to_fine,3,1,inf,,,2
hetero_different-chapter_00138_3570-5683-260,s2,coarse_to_fine,3,2,-28.50056232768287,,,2
hetero_different-chapter_00138_3570-5683-260,s2,coarse_to_fine,3,3,5.0079025174964595,,,2
hetero_different-chapter_00138_3570-5683-260,s3,coarse_to_fine,3,1,38.78885038904015,,,2
hetero_different-chapter_00138_3570-5683-260,s3,coarse_to_fine,3,2,11.158875626556163,,,2
hetero_different-chapter_00138_3570-5683-260,s3,coarse_to_fine,3,3,7.910615343391434,,,2
hetero_different-chapter_00139_1089-6930-8463,s1,no_recursion,3,1,inf,,,0
hetero_different-chapter_00139_1089-6930-8463,s1,no_recursion,3,2,11.027838994169263,,,0
hetero_different-chapter_00139_1089-6930-8463,s1,no_recursion,3,3,5.347133533123386,,,0
hetero_different-chapter_00139_1089-6930-8463,s2,no_recursion,3,1,inf,,,0
hetero_different-chapter_00139_1089-6930-8463,s2,no_recursion,3,2,nan,,,0
hetero_different-chapter_00139_1089-6930-8463,s2,no_recursion,3,3,-5.1147553427351555,,,0
hetero_different-chapter_00139_1089-6930-8463,s3,no_recursion,3,1,28.16968082307973,,,0
hetero_different-chapter_00139_1089-6930-8463,s3,no_recursion,3,2,24.110587398979458,,,0
hetero_different-chapter_00139_1089-6930-8463,s3,no_recursion,3,3,5.504856948291126,,,0
hetero_different-chapter_00139_1089-6930-8463,s1,ungated_deflation,3,1,inf,0,0,0
hetero_different-chapter_00139_1089-6930-8463,s1,ungated_deflation,3,2,11.027838994169263,0,0,0
hetero_different-chapter_00139_1089-6930-8463,s1,ungated_deflation,3,3,5.347133533123386,0,0,0
hetero_different-chapter_00139_1089-6930-8463,s2,ungated_deflation,3,1,inf,1,1,0
hetero_different-chapter_00139_1089-6930-8463,s2,ungated_deflation,3,2,nan,1,1,0
hetero_different-chapter_00139_1089-6930-8463,s2,ungated_deflation,3,3,-1.5496604400924663,1,1,0
hetero_different-chapter_00139_1089-6930-8463,s3,ungated_deflation,3,1,27.484669375684003,2,2,0
hetero_different-chapter_00139_1089-6930-8463,s3,ungated_deflation,3,2,13.26706416712259,2,2,0
hetero_different-chapter_00139_1089-6930-8463,s3,ungated_deflation,3,3,-1.658782443291732,2,2,0
hetero_different-chapter_00139_1089-6930-8463,s1,gated_deflation,3,1,inf,0,0,0
hetero_different-chapter_00139_1089-6930-8463,s1,gated_deflation,3,2,11.027838994169263,0,0,0
hetero_different-chapter_00139_1089-6930-8463,s1,gated_deflation,3,3,5.347133533123386,0,0,0
hetero_different-chapter_00139_1089-6930-8463,s2,gated_deflation,3,1,inf,1,1,0
hetero_different-chapter_00139_1089-6930-8463,s2,gated_deflation,3,2,nan,1,1,0
hetero_different-chapter_00139_1089-6930-8463,s2,gated_deflation,3,3,-1.5496604400924663,1,1,0
hetero_different-chapter_00139_1089-6930-8463,s3,gated_deflation,3,1,27.484669375684003,2,2,0
hetero_different-chapter_00139_1089-6930-8463,s3,gated_deflation,3,2,13.26706416712259,2,2,0
hetero_different-chapter_00139_1089-6930-8463,s3,gated_deflation,3,3,-1.658782443291732,2,2,0
hetero_different-chapter_00139_1089-6930-8463,s1,coarse_to_fine,3,1,inf,,,2
hetero_different-chapter_00139_1089-6930-8463,s1,coarse_to_fine,3,2,9.868588223103282,,,2
hetero_different-chapter_00139_1089-6930-8463,s1,coarse_to_fine,3,3,3.610968201550824,,,2
hetero_different-chapter_00139_1089-6930-8463,s2,coarse_to_fine,3,1,inf,,,2
hetero_different-chapter_00139_1089-6930-8463,s2,coarse_to_fine,3,2,nan,,,2
hetero_different-chapter_00139_1089-6930-8463,s2,coarse_to_fine,3,3,-5.1147553427351555,,,2
hetero_different-chapter_00139_1089-6930-8463,s3,coarse_to_fine,3,1,29.9091709405525,,,2
hetero_different-chapter_00139_1089-6930-8463,s3,coarse_to_fine,3,2,23.323839762205054,,,2
hetero_different-chapter_00139_1089-6930-8463,s3,coarse_to_fine,3,3,6.153347782857386,,,2
hetero_different-chapter_00140_6829-121-61,s1,no_recursion,3,1,inf,,,0
hetero_different-chapter_00140_6829-121-61,s1,no_recursion,3,2,-52.22725921280238,,,0
hetero_different-chapter_00140_6829-121-61,s1,no_recursion,3,3,-3.029307738137288,,,0
hetero_different-chapter_00140_6829-121-61,s2,no_recursion,3,1,50.244854920726866,,,0
hetero_different-chapter_00140_6829-121-61,s2,no_recursion,3,2,25.714136113408745,,,0
hetero_different-chapter_00140_6829-121-61,s2,no_recursion,3,3,-2.6614108944131125,,,0
hetero_different-chapter_00140_6829-121-61,s3,no_recursion,3,1,34.365579281525285,,,0
hetero_different-chapter_00140_6829-121-61,s3,no_recursion,3,2,nan,,,0
hetero_different-chapter_00140_6829-121-61,s3,no_recursion,3,3,6.233953051496432,,,0
hetero_different-chapter_00140_6829-121-61,s1,ungated_deflation,3,1,inf,0,0,0
hetero_different-chapter_00140_6829-121-61,s1,ungated_deflation,3,2,-52.22725921280238,0,0,0
hetero_different-chapter_00140_6829-121-61,s1,ungated_deflation,3,3,-3.029307738137288,0,0,0
hetero_different-chapter_00140_6829-121-61,s2,ungated_deflation,3,1,35.79364273695863,2,2,0
hetero_different-chapter_00140_6829-121-61,s2,ungated_deflation,3,2,20.71851910609705,2,2,0
hetero_different-chapter_00140_6829-121-61,s2,ungated_deflation,3,3,-4.57700448268728,2,2,0
hetero_different-chapter_00140_6829-121-61,s3,ungated_deflation,3,1,20.957924475160617,1,1,0
hetero_different-chapter_00140_6829-121-61,s3,ungated_deflation,3,2,nan,1,1,0
hetero_different-chapter_00140_6829-121-61,s3,ungated_deflation,3,3,-1.4348649173641812,1,1,0
hetero_different-chapter_00140_6829-121-61,s1,gated_deflation,3,1,inf,0,0,0
hetero_different-chapter_00140_6829-121-61,s1,gated_deflation,3,2,-52.22725921280238,0,0,0
hetero_different-chapter_00140_6829-121-61,s1,gated_deflation,3,3,-3.029307738137288,0,0,0
hetero_different-chapter_00140_6829-121-61,s2,gated_deflation,3,1,35.79364273695863,2,2,0
hetero_different-chapter_00140_6829-121-61,s2,gated_deflation,3,2,20.71851910609705,2,2,0
hetero_different-chapter_00140_6829-121-61,s2,gated_deflation,3,3,-4.57700448268728,2,2,0
hetero_different-chapter_00140_6829-121-61,s3,gated_deflation,3,1,20.957924475160617,1,1,0
hetero_different-chapter_00140_6829-121-61,s3,gated_deflation,3,2,nan,1,1,0
hetero_different-chapter_00140_6829-121-61,s3,gated_deflation,3,3,-1.4348649173641812,1,1,0
hetero_different-chapter_00140_6829-121-61,s1,coarse_to_fine,3,1,inf,,,2
hetero_different-chapter_00140_6829-121-61,s1,coarse_to_fine,3,2,-52.22725921280238,,,2
hetero_different-chapter_00140_6829-121-61,s1,coarse_to_fine,3,3,-3.029307738137288,,,2
hetero_different-chapter_00140_6829-121-61,s2,coarse_to_fine,3,1,50.22842043359185,,,2
hetero_different-chapter_00140_6829-121-61,s2,coarse_to_fine,3,2,25.453709582607527,,,2
hetero_different-chapter_00140_6829-121-61,s2,coarse_to_fine,3,3,-5.680946817492101,,,2
hetero_different-chapter_00140_6829-121-61,s3,coarse_to_fine,3,1,35.65255430963284,,,2
hetero_different-chapter_00140_6829-121-61,s3,coarse_to_fine,3,2,nan,,,2
hetero_different-chapter_00140_6829-121-61,s3,coarse_to_fine,3,3,5.913711864476834,,,2
hetero_different-chapter_00141_1221-6829-7176,s1,no_recursion,3,1,57.33658603299916,,,0
hetero_different-chapter_00141_1221-6829-7176,s1,no_recursion,3,2,10.004613054704379,,,0
hetero_different-chapter_00141_1221-6829-7176,s1,no_recursion,3,3,3.929373060569698,,,0
hetero_different-chapter_00141_1221-6829-7176,s2,no_recursion,3,1,inf,,,0
hetero_different-chapter_00141_1221-6829-7176,s2,no_recursion,3,2,nan,,,0
hetero_different-chapter_00141_1221-6829-7176,s2,no_recursion,3,3,3.092898972750211,,,0
hetero_different-chapter_00141_1221-6829-7176,s3,no_recursion,3,1,33.1642287069605,,,0
hetero_different-chapter_00141_1221-6829-7176,s3,no_recursion,3,2,7.05204151408799,,,0
hetero_different-chapter_00141_1221-6829-7176,s3,no_recursion,3,3,6.623834746727953,,,0
hetero_different-chapter_00141_1221-6829-7176,s1,ungated_deflation,3,1,50.40582623763389,2,2,0
hetero_different-chapter_00141_1221-6829-7176,s1,ungated_deflation,3,2,-7.550461047918659,2,2,0
hetero_different-chapter_00141_1221-6829-7176,s1,ungated_deflation,3,3,-4.071393993612638,2,2,0
hetero_different-chapter_00141_1221-6829-7176,s2,ungated_deflation,3,1,inf,0,0,0
hetero_different-chapter_00141_1221-6829-7176,s2,ungated_deflation,3,2,nan,0,0,0
hetero_different-chapter_00141_1221-6829-7176,s2,ungated_deflation,3,3,3.092898972750211,0,0,0
hetero_different-chapter_00141_1221-6829-7176,s3,ungated_deflation,3,1,29.375436201301657,1,1,0
hetero_different-chapter_00141_1221-6829-7176,s3,ungated_deflation,3,2,6.839932561370286,1,1,0
hetero_different-chapter_00141_1221-6829-7176,s3,ungated_deflation,3,3,-8.110936044999814,1,1,0
hetero_different-chapter_00141_1221-6829-7176,s1,gated_deflation,3,1,50.40582623763389,2,2,0
hetero_different-chapter_00141_1221-6829-7176,s1,gated_deflation,3,2,-7.550461047918659,2,2,0
hetero_different-chapter_00141_1221-6829-7176,s1,gated_deflation,3,3,-4.071393993612638,2,2,0
hetero_different-chapter_00141_1221-6829-7176,s2,gated_deflation,3,1,inf,0,0,0
hetero_different-chapter_00141_1221-6829-7176,s2,gated_deflation,3,2,nan,0,0,0
hetero_different-chapter_00141_1221-6829-7176,s2,gated_deflation,3,3,3.092898972750211,0,0,0
hetero_different-chapter_00141_1221-6829-7176,s3,gated_deflation,3,1,29.375436201301657,1,1,0
hetero_different-chapter_00141_1221-6829-7176,s3,gated_deflation,3,2,6.839932561370286,1,1,0
hetero_different-chapter_00141_1221-6829-7176,s3,gated_deflation,3,3,-8.110936044999814,1,1,0
hetero_different-chapter_00141_1221-6829-7176,s1,coarse_to_fine,3,1,53.33580306075362,,,2
hetero_different-chapter_00141_1221-6829-7176,s1,coarse_to_fine,3,2,6.166724363714428,,,2
hetero_different-chapter_00141_1221-6829-7176,s1,coarse_to_fine,3,3,-5.209481189668979,,,2
hetero_different-chapter_00141_1221-6829-7176,s2,coarse_to_fine,3,1,inf,,,2
hetero_different-chapter_00141_1221-6829-7176,s2,coarse_to_fine,3,2,nan,,,2
hetero_different-chapter_00141_1221-6829-7176,s2,coarse_to_fine,3,3,2.064131032192988,,,2
hetero_different-chapter_00141_1221-6829-7176,s3,coarse_to_fine,3,1,34.27379033352602,,,2
hetero_different-chapter_00141_1221-6829-7176,s3,coarse_to_fine,3,2,7.182957211935664,,,2
hetero_different-chapter_00141_1221-6829-7176,s3,coarse_to_fine,3,3,6.2170805554683675,,,2
hetero_different-chapter_00142_4992-5105-6829,s1,no_recursion,3,1,48.6478303702473,,,0
hetero_different-chapter_00142_4992-5105-6829,s1,no_recursion,3,2,0.521221666606386,,,0
hetero_different-chapter_00142_4992-5105-6829,s1,no_recursion,3,3,-9.170181548596334,,,0
hetero_different-chapter_00142_4992-5105-6829,s2,no_recursion,3,1,inf,,,0
hetero_different-chapter_00142_4992-5105-6829,s2,no_recursion,3,2,nan,,,0
hetero_different-chapter_00142_4992-5105-6829,s2,no_recursion,3,3,-0.7056560156812648,,,0
hetero_different-chapter_00142_4992-5105-6829,s3,no_recursion,3,1,64.81164192870207,,,0
hetero_different-chapter_00142_4992-5105-6829,s3,no_recursion,3,2,-23.109048081192544,,,0
hetero_different-chapter_00142_4992-5105-6829,s3,no_recursion,3,3,1.4685047399157825,,,0
hetero_different-chapter_00142_4992-5105-6829,s1,ungated_deflation,3,1,38.91962945654215,2,2,0
hetero_different-chapter_00142_4992-5105-6829,s1,ungated_deflation,3,2,3.7989708266955233,2,2,0
hetero_different-chapter_00142_4992-5105-6829,s1,ungated_deflation,3,3,-13.424865886305861,2,2,0
hetero_different-chapter_00142_4992-5105-6829,s2,ungated_deflation,3,1,inf,0,0,0
hetero_different-chapter_00142_4992-5105-6829,s2,ungated_deflation,3,2,nan,0,0,0
hetero_different-chapter_00142_4992-5105-6829,s2,ungated_deflation,3,3,-0.7056560156812648,0,0,0
hetero_different-chapter_00142_4992-5105-6829,s3,ungated_deflation,3,1,53.03695711132474,1,1,0
hetero_different-chapter_00142_4992-5105-6829,s3,ungated_deflation,3,2,-17.02734837177084,1,1,0
hetero_different-chapter_00142_4992-5105-6829,s3,ungated_deflation,3,3,-6.276248598428552,1,1,0
hetero_different-chapter_00142_4992-5105-6829,s1,gated_deflation,3,1,38.91962945654215,2,2,0
hetero_different-chapter_00142_4992-5105-6829,s1,gated_deflation,3,2,3.7989708266955233,2,2,0
hetero_different-chapter_00142_4992-5105-6829,s1,gated_deflation,3,3,-13.424865886305861,2,2,0
hetero_different-chapter_00142_4992-5105-6829,s2,gated_deflation,3,1,inf,0,0,0
hetero_different-chapter_00142_4992-5105-6829,s2,gated_deflation,3,2,nan,0,0,0
hetero_different-chapter_00142_4992-5105-6829,s2,gated_deflation,3,3,-0.7056560156812648,0,0,0
hetero_different-chapter_00142_4992-5105-6829,s3,gated_deflation,3,1,53.03695711132474,1,1,0
hetero_different-chapter_00142_4992-5105-6829,s3,gated_deflation,3,2,-17.02734837177084,1,1,0
hetero_different-chapter_00142_4992-5105-6829,s3,gated_deflation,3,3,-6.276248598428552,1,1,0
hetero_different-chapter_00142_4992-5105-6829,s1,coarse_to_fine,3,1,48.6478303702473,,,2
hetero_different-chapter_00142_4992-5105-6829,s1,coarse_to_fine,3,2,0.521221666606386,,,2
hetero_different-chapter_00142_4992-5105-6829,s1,coarse_to_fine,3,3,-9.170181548596334,,,2
hetero_different-chapter_00142_4992-5105-6829,s2,coarse_to_fine,3,1,inf,,,2
hetero_different-chapter_00142_4992-5105-6829,s2,coarse_to_fine,3,2,nan,,,2
hetero_different-chapter_00142_4992-5105-6829,s2,coarse_to_fine,3,3,-0.7056560156812648,,,2
hetero_different-chapter_00142_4992-5105-6829,s3,coarse_to_fine,3,1,62.61416417591238,,,2
hetero_different-chapter_00142_4992-5105-6829,s3,coarse_to_fine,3,2,-16.65485169982958,,,2
hetero_different-chapter_00142_4992-5105-6829,s3,coarse_to_fine,3,3,1.1397259450849948,,,2
hetero_different-chapter_00143_5105-4077-4992,s1,no_recursion,3,1,55.55212499397592,,,0
hetero_different-chapter_00143_5105-4077-4992,s1,no_recursion,3,2,16.315047665313678,,,0
hetero_different-chapter_00143_5105-4077-4992,s1,no_recursion,3,3,0.6412722810325926,,,0
hetero_different-chapter_00143_5105-4077-4992,s2,no_recursion,3,1,inf,,,0
hetero_different-chapter_00143_5105-4077-4992,s2,no_recursion,3,2,-6.9879826426336855,,,0
hetero_different-chapter_00143_5105-4077-4992,s2,no_recursion,3,3,1.739636781031997,,,0
hetero_different-chapter_00143_5105-4077-4992,s3,no_recursion,3,1,46.52394291478271,,,0
hetero_different-chapter_00143_5105-4077-4992,s3,no_recursion,3,2,nan,,,0
hetero_different-chapter_00143_5105-4077-4992,s3,no_recursion,3,3,0.741773009775568,,,0
hetero_different-chapter_00143_5105-4077-4992,s1,ungated_deflation,3,1,38.20636923156615,2,2,0
hetero_different-chapter_00143_5105-4077-4992,s1,ungated_deflation,3,2,4.608983266480643,2,2,0
hetero_different-chapter_00143_5105-4077-4992,s1,ungated_deflation,3,3,-3.921243682692995,2,2,0
hetero_different-chapter_00143_5105-4077-4992,s2,ungated_deflation,3,1,inf,0,0,0
hetero_different-chapter_00143_5105-4077-4992,s2,ungated_deflation,3,2,-6.9879826426336855,0,0,0
hetero_different-chapter_00143_5105-4077-4992,s2,ungated_deflation,3,3,1.739636781031997,0,0,0
hetero_different-chapter_00143_5105-4077-4992,s3,ungated_deflation,3,1,36.61714792057725,1,1,0
hetero_different-chapter_00143_5105-4077-4992,s3,ungated_deflation,3,2,nan,1,1,0
hetero_different-chapter_00143_5105-4077-4992,s3,ungated_deflation,3,3,-11.582906236512649,1,1,0
hetero_different-chapter_00143_5105-4077-4992,s1,gated_deflation,3,1,38.20636923156615,2,2,0
hetero_different-chapter_00143_5105-4077-4992,s1,gated_deflation,3,2,4.608983266480643,2,2,0
hetero_different-chapter_00143_5105-4077-4992,s1,gated_deflation,3,3,-3.921243682692995,2,2,0
hetero_different-chapter_00143_5105-4077-4992,s2,gated_deflation,3,1,inf,0,0,0
hetero_different-chapter_00143_5105-4077-4992,s2,gated_deflation,3,2,-6.9879826426336855,0,0,0
hetero_different-chapter_00143_5105-4077-4992,s2,gated_deflation,3,3,1.739636781031997,0,0,0
hetero_different-chapter_00143_5105-4077-4992,s3,gated_deflation,3,1,36.61714792057725,1,1,0
hetero_different-chapter_00143_5105-4077-4992,s3,gated_deflation,3,2,nan,1,1,0
hetero_different-chapter_00143_5105-4077-4992,s3,gated_deflation,3,3,-11.582906236512649,1,1,0
hetero_different-chapter_00143_5105-4077-4992,s1,coarse_to_fine,3,1,49.6126824331764,,,2
hetero_different-chapter_00143_5105-4077-4992,s1,coarse_to_fine,3,2,6.663783590532576,,,2
hetero_different-chapter_00143_5105-4077-4992,s1,coarse_to_fine,3,3,-4.6072041422255845,,,2
hetero_different-chapter_00143_5105-4077-4992,s2,coarse_to_fine,3,1,inf,,,2
hetero_different-chapter_00143_5105-4077-4992,s2,coarse_to_fine,3,2,-6.9879826426336855,,,2
hetero_different-chapter_00143_5105-4077-4992,s2,coarse_to_fine,3,3,1.739636781031997,,,2
hetero_different-chapter_00143_5105-4077-4992,s3,coarse_to_fine,3,1,49.08654304397557,,,2
hetero_different-chapter_00143_5105-4077-4992,s3,coarse_to_fine,3,2,nan,,,2
hetero_different-chapter_00143_5105-4077-4992,s3,coarse_to_fine,3,3,-2.0499107385198267,,,2
hetero_different-chapter_00144_4970-6930-61,s1,no_recursion,3,1,inf,,,0
hetero_different-chapter_00144_4970-6930-61,s1,no_recursion,3,2,9.77655870272974,,,0
hetero_different-chapter_00144_4970-6930-61,s1,no_recursion,3,3,4.983193057734112,,,0
hetero_different-chapter_00144_4970-6930-61,s2,no_recursion,3,1,inf,,,0
hetero_different-chapter_00144_4970-6930-61,s2,no_recursion,3,2,nan,,,0
hetero_different-chapter_00144_4970-6930-61,s2,no_recursion,3,3,-1.5276152187553458,,,0
hetero_different-chapter_00144_4970-6930-61,s3,no_recursion,3,1,48.10891702261118,,,0
hetero_different-chapter_00144_4970-6930-61,s3,no_recursion,3,2,12.0191822289972,,,0
hetero_different-chapter_00144_4970-6930-61,s3,no_recursion,3,3,5.670925289263861,,,0
hetero_different-chapter_00144_4970-6930-61,s1,ungated_deflation,3,1,inf,0,0,0
hetero_different-chapter_00144_4970-6930-61,s1,ungated_deflation,3,2,9.77655870272974,0,0,0
hetero_different-chapter_00144_4970-6930-61,s1,ungated_deflation,3,3,4.983193057734112,0,0,0
hetero_different-chapter_00144_4970-6930-61,s2,ungated_deflation,3,1,inf,1,1,0
hetero_different-chapter_00144_4970-6930-61,s2,ungated_deflation,3,2,nan,1,1,0
hetero_different-chapter_00144_4970-6930-61,s2,ungated_deflation,3,3,-1.4023373488775162,1,1,0
hetero_different-chapter_00144_4970-6930-61,s3,ungated_deflation,3,1,23.303503562045794,2,2,0
hetero_different-chapter_00144_4970-6930-61,s3,ungated_deflation,3,2,-2.398263899761802,2,2,0
hetero_different-chapter_00144_4970-6930-61,s3,ungated_deflation,3,3,-6.772462385596798,2,2,0
hetero_different-chapter_00144_4970-6930-61,s1,gated_deflation,3,1,inf,0,0,0
hetero_different-chapter_00144_4970-6930-61,s1,gated_deflation,3,2,9.77655870272974,0,0,0
hetero_different-chapter_00144_4970-6930-61,s1,gated_deflation,3,3,4.983193057734112,0,0,0
hetero_different-chapter_00144_4970-6930-61,s2,gated_deflation,3,1,inf,1,1,0
hetero_different-chapter_00144_4970-6930-61,s2,gated_deflation,3,2,nan,1,1,0
hetero_different-chapter_00144_4970-6930-61,s2,gated_deflation,3,3,-1.4023373488775162,1,1,0
hetero_different-chapter_00144_4970-6930-61,s3,gated_deflation,3,1,23.303503562045794,2,2,0
hetero_different-chapter_00144_4970-6930-61,s3,gated_deflation,3,2,-2.398263899761802,2,2,0
hetero_different-chapter_00144_4970-6930-61,s3,gated_deflation,3,3,-6.772462385596798,2,2,0
hetero_different-chapter_00144_4970-6930-61,s1,coarse_to_fine,3,1,inf,,,2
hetero_different-chapter_00144_4970-6930-61,s1,coarse_to_fine,3,2,8.617463043843179,,,2
hetero_different-chapter_00144_4970-6930-61,s1,coarse_to_fine,3,3,3.431447371960028,,,2
hetero_different-chapter_00144_4970-6930-61,s2,coarse_to_fine,3,1,inf,,,2
hetero_different-chapter_00144_4970-6930-61,s2,coarse_to_fine,3,2,nan,,,2
hetero_different-chapter_00144_4970-6930-61,s2,coarse_to_fine,3,3,-4.878377145185214,,,2
hetero_different-chapter_00144_4970-6930-61,s3,coarse_to_fine,3,1,48.33081609500637,,,2
hetero_different-chapter_00144_4970-6930-61,s3,coarse_to_fine,3,2,8.665071364766566,,,2
hetero_different-chapter_00144_4970-6930-61,s3,coarse_to_fine,3,3,4.6350208101832715,,,2
hetero_different-chapter_00145_8224-7021-1995,s1,no_recursion,3,1,inf,,,0
hetero_different-chapter_00145_8224-7021-1995,s1,no_recursion,3,2,-19.884154775112595,,,0
hetero_different-chapter_00145_8224-7021-1995,s1,no_recursion,3,3,-2.7225503803051225,,,0
hetero_different-chapter_00145_8224-7021-1995,s2,no_recursion,3,1,inf,,,0
hetero_different-chapter_00145_8224-7021-1995,s2,no_recursion,3,2,nan,,,0
hetero_different-chapter_00145_8224-7021-1995,s2,no_recursion,3,3,1.4292296460017062,,,0
hetero_different-chapter_00145_8224-7021-1995,s3,no_recursion,3,1,37.774739424335955,,,0
hetero_different-chapter_00145_8224-7021-1995,s3,no_recursion,3,2,15.572899653544752,,,0
hetero_different-chapter_00145_8224-7021-1995,s3,no_recursion,3,3,4.207092621612157,,,0
hetero_different-chapter_00145_8224-7021-1995,s1,ungated_deflation,3,1,inf,0,0,0
hetero_different-chapter_00145_8224-7021-1995,s1,ungated_deflation,3,2,-19.884154775112595,0,0,0
hetero_different-chapter_00145_8224-7021-1995,s1,ungated_deflation,3,3,-2.7225503803051225,0,0,0
hetero_different-chapter_00145_8224-7021-1995,s2,ungated_deflation,3,1,inf,1,1,0
hetero_different-chapter_00145_8224-7021-1995,s2,ungated_deflation,3,2,nan,1,1,0
hetero_different-chapter_00145_8224-7021-1995,s2,ungated_deflation,3,3,-4.697882522761863,1,1,0
hetero_different-chapter_00145_8224-7021-1995,s3,ungated_deflation,3,1,25.763502978120062,2,2,0
hetero_different-chapter_00145_8224-7021-1995,s3,ungated_deflation,3,2,16.624417373308397,2,2,0
hetero_different-chapter_00145_8224-7021-1995,s3,ungated_deflation,3,3,-2.9993471406146965,2,2,0
hetero_different-chapter_00145_8224-7021-1995,s1,gated_deflation,3,1,inf,0,0,0
hetero_different-chapter_00145_8224-7021-1995,s1,gated_deflation,3,2,-19.884154775112595,0,0,0
hetero_different-chapter_00145_8224-7021-1995,s1,gated_deflation,3,3,-2.7225503803051225,0,0,0
hetero_different-chapter_00145_8224-7021-1995,s2,gated_deflation,3,1,inf,1,1,0
hetero_different-chapter_00145_8224-7021-1995,s2,gated_deflation,3,2,nan,1,1,0
hetero_different-chapter_00145_8224-7021-1995,s2,gated_deflation,3,3,-4.697882522761863,1,1,0
hetero_different-chapter_00145_8224-7021-1995,s3,gated_deflation,3,1,25.763502978120062,2,2,0
hetero_different-chapter_00145_8224-7021-1995,s3,gated_deflation,3,2,16.624417373308397,2,2,0
hetero_different-chapter_00145_8224-7021-1995,s3,gated_deflation,3,3,-2.9993471406146965,2,2,0
hetero_different-chapter_00145_8224-7021-1995,s1,coarse_to_fine,3,1,inf,,,2
hetero_different-chapter_00145_8224-7021-1995,s1,coarse_to_fine,3,2,-19.884154775112595,,,2
hetero_different-chapter_00145_8224-7021-1995,s1,coarse_to_fine,3,3,-2.7225503803051225,,,2
hetero_different-chapter_00145_8224-7021-1995,s2,coarse_to_fine,3,1,inf,,,2
hetero_different-chapter_00145_8224-7021-1995,s2,coarse_to_fine,3,2,nan,,,2
hetero_different-chapter_00145_8224-7021-1995,s2,coarse_to_fine,3,3,1.5423629014615186,,,2
hetero_different-chapter_00145_8224-7021-1995,s3,coarse_to_fine,3,1,38.23666493398582,,,2
hetero_different-chapter_00145_8224-7021-1995,s3,coarse_to_fine,3,2,15.071114243936545,,,2
hetero_different-chapter_00145_8224-7021-1995,s3,coarse_to_fine,3,3,3.0608048776849524,,,2
hetero_different-chapter_00146_2830-7127-8555,s1,no_recursion,3,1,inf,,,0
hetero_different-chapter_00146_2830-7127-8555,s1,no_recursion,3,2,-20.506995374408117,,,0
hetero_different-chapter_00146_2830-7127-8555,s1,no_recursion,3,3,-2.696243940282666,,,0
hetero_different-chapter_00146_2830-7127-8555,s2,no_recursion,3,1,34.34233430276059,,,0
hetero_different-chapter_00146_2830-7127-8555,s2,no_recursion,3,2,20.15779282458389,,,0
hetero_different-chapter_00146_2830-7127-8555,s2,no_recursion,3,3,3.6251536567599225,,,0
hetero_different-chapter_00146_2830-7127-8555,s3,no_recursion,3,1,48.525602413226814,,,0
hetero_different-chapter_00146_2830-7127-8555,s3,no_recursion,3,2,nan,,,0
hetero_different-chapter_00146_2830-7127-8555,s3,no_recursion,3,3,2.566762455798651,,,0
hetero_different-chapter_00146_2830-7127-8555,s1,ungated_deflation,3,1,inf,0,0,0
hetero_different-chapter_00146_2830-7127-8555,s1,ungated_deflation,3,2,-20.506995374408117,0,0,0
hetero_different-chapter_00146_2830-7127-8555,s1,ungated_deflation,3,3,-2.696243940282666,0,0,0
hetero_different-chapter_00146_2830-7127-8555,s2,ungated_deflation,3,1,32.828846031765615,1,1,0
hetero_different-chapter_00146_2830-7127-8555,s2,ungated_deflation,3,2,9.778103158934416,1,1,0
hetero_different-chapter_00146_2830-7127-8555,s2,ungated_deflation,3,3,2.883727718494173,1,1,0
hetero_different-chapter_00146_2830-7127-8555,s3,ungated_deflation,3,1,32.10282372890476,2,2,0
hetero_different-chapter_00146_2830-7127-8555,s3,ungated_deflation,3,2,nan,2,2,0
hetero_different-chapter_00146_2830-7127-8555,s3,ungated_deflation,3,3,-1.926439084089942,2,2,0
hetero_different-chapter_00146_2830-7127-8555,s1,gated_deflation,3,1,inf,0,0,0
hetero_different-chapter_00146_2830-7127-8555,s1,gated_deflation,3,2,-20.506995374408117,0,0,0
hetero_different-chapter_00146_2830-7127-8555,s1,gated_deflation,3,3,-2.696243940282666,0,0,0
hetero_different-chapter_00146_2830-7127-8555,s2,gated_deflation,3,1,32.828846031765615,1,1,0
hetero_different-chapter_00146_2830-7127-8555,s2,gated_deflation,3,2,9.778103158934416,1,1,0
hetero_different-chapter_00146_2830-7127-8555,s2,gated_deflation,3,3,2.883727718494173,1,1,0
hetero_different-chapter_00146_2830-7127-8555,s3,gated_deflation,3,1,32.10282372890476,2,2,0
hetero_different-chapter_00146_2830-7127-8555,s3,gated_deflation,3,2,nan,2,2,0
hetero_different-chapter_00146_2830-7127-8555,s3,gated_deflation,3,3,-1.926439084089942,2,2,0
hetero_different-chapter_00146_2830-7127-8555,s1,coarse_to_fine,3,1,inf,,,2
hetero_different-chapter_00146_2830-7127-8555,s1,coarse_to_fine,3,2,-20.506995374408117,,,2
hetero_different-chapter_00146_2830-7127-8555,s1,coarse_to_fine,3,3,-2.696243940282666,,,2
hetero_different-chapter_00146_2830-7127-8555,s2,coarse_to_fine,3,1,34.8203324189524,,,2
hetero_different-chapter_00146_2830-7127-8555,s2,coarse_to_fine,3,2,14.475597661385375,,,2
hetero_different-chapter_00146_2830-7127-8555,s2,coarse_to_fine,3,3,2.7041874674323,,,2
hetero_different-chapter_00146_2830-7127-8555,s3,coarse_to_fine,3,1,50.76370407875502,,,2
hetero_different-chapter_00146_2830-7127-8555,s3,coarse_to_fine,3,2,nan,,,2
hetero_different-chapter_00146_2830-7127-8555,s3,coarse_to_fine,3,3,6.1159895068981704,,,2
hetero_different-chapter_00147_7176-4992-2961,s1,no_recursion,3,1,inf,,,0
hetero_different-chapter_00147_7176-4992-2961,s1,no_recursion,3,2,nan,,,0
hetero_different-chapter_00147_7176-4992-2961,s1,no_recursion,3,3,6.6330085714400235,,,0
hetero_different-chapter_00147_7176-4992-2961,s2,no_recursion,3,1,inf,,,0
hetero_different-chapter_00147_7176-4992-2961,s2,no_recursion,3,2,-36.78306341735844,,,0
hetero_different-chapter_00147_7176-4992-2961,s2,no_recursion,3,3,0.23212697566678586,,,0
hetero_different-chapter_00147_7176-4992-2961,s3,no_recursion,3,1,40.787150571268505,,,0
hetero_different-chapter_00147_7176-4992-2961,s3,no_recursion,3,2,18.236135553335778,,,0
hetero_different-chapter_00147_7176-4992-2961,s3,no_recursion,3,3,-0.07411809074673366,,,0
hetero_different-chapter_00147_7176-4992-2961,s1,ungated_deflation,3,1,inf,0,0,0
hetero_different-chapter_00147_7176-4992-2961,s1,ungated_deflation,3,2,nan,0,0,0
hetero_different-chapter_00147_7176-4992-2961,s1,ungated_deflation,3,3,6.6330085714400235,0,0,0
hetero_different-chapter_00147_7176-4992-2961,s2,ungated_deflation,3,1,inf,1,1,0
hetero_different-chapter_00147_7176-4992-2961,s2,ungated_deflation,3,2,-26.177514695148215,1,1,0
hetero_different-chapter_00147_7176-4992-2961,s2,ungated_deflation,3,3,-4.332278592108623,1,1,0
hetero_different-chapter_00147_7176-4992-2961,s3,ungated_deflation,3,1,18.605632538890976,2,2,0
hetero_different-chapter_00147_7176-4992-2961,s3,ungated_deflation,3,2,10.991213487856726,2,2,0
hetero_different-chapter_00147_7176-4992-2961,s3,ungated_deflation,3,3,-2.5646360789482014,2,2,0
hetero_different-chapter_00147_7176-4992-2961,s1,gated_deflation,3,1,inf,0,0,0
hetero_different-chapter_00147_7176-4992-2961,s1,gated_deflation,3,2,nan,0,0,0
hetero_different-chapter_00147_7176-4992-2961,s1,gated_deflation,3,3,6.6330085714400235,0,0,0
hetero_different-chapter_00147_7176-4992-2961,s2,gated_deflation,3,1,inf,1,1,0
hetero_different-chapter_00147_7176-4992-2961,s2,gated_deflation,3,2,-26.177514695148215,1,1,0
hetero_different-chapter_00147_7176-4992-2961,s2,gated_deflation,3,3,-4.332278592108623,1,1,0
hetero_different-chapter_00147_7176-4992-2961,s3,gated_deflation,3,1,29.256412473043557,2,1,0
hetero_different-chapter_00147_7176-4992-2961,s3,gated_deflation,3,2,9.57279703099196,2,1,0
hetero_different-chapter_00147_7176-4992-2961,s3,gated_deflation,3,3,-4.527733837131279,2,1,0
hetero_different-chapter_00147_7176-4992-2961,s1,coarse_to_fine,3,1,inf,,,2
hetero_different-chapter_00147_7176-4992-2961,s1,coarse_to_fine,3,2,nan,,,2
hetero_different-chapter_00147_7176-4992-2961,s1,coarse_to_fine,3,3,8.553435539997466,,,2
hetero_different-chapter_00147_7176-4992-2961,s2,coarse_to_fine,3,1,inf,,,2
hetero_different-chapter_00147_7176-4992-2961,s2,coarse_to_fine,3,2,-36.78306341735844,,,2
hetero_different-chapter_00147_7176-4992-2961,s2,coarse_to_fine,3,3,0.23212697566678586,,,2
hetero_different-chapter_00147_7176-4992-2961,s3,coarse_to_fine,3,1,42.02911032107727,,,2
hetero_different-chapter_00147_7176-4992-2961,s3,coarse_to_fine,3,2,18.85101857064756,,,2
hetero_different-chapter_00147_7176-4992-2961,s3,coarse_to_fine,3,3,1.4020206500787347,,,2
hetero_different-chapter_00148_121-4077-7127,s1,no_recursion,3,1,inf,,,0
hetero_different-chapter_00148_121-4077-7127,s1,no_recursion,3,2,nan,,,0
hetero_different-chapter_00148_121-4077-7127,s1,no_recursion,3,3,-3.4378232076490582,,,0
hetero_different-chapter_00148_121-4077-7127,s2,no_recursion,3,1,inf,,,0
hetero_different-chapter_00148_121-4077-7127,s2,no_recursion,3,2,nan,,,0
hetero_different-chapter_00148_121-4077-7127,s2,no_recursion,3,3,1.9501060933191146,,,0
hetero_different-chapter_00148_121-4077-7127,s3,no_recursion,3,1,57.95012345582268,,,0
hetero_different-chapter_00148_121-4077-7127,s3,no_recursion,3,2,4.407724741225401,,,0
hetero_different-chapter_00148_121-4077-7127,s3,no_recursion,3,3,-3.8810404104565417,,,0
hetero_different-chapter_00148_121-4077-7127,s1,ungated_deflation,3,1,inf,0,0,0
hetero_different-chapter_00148_121-4077-7127,s1,ungated_deflation,3,2,nan,0,0,0
hetero_different-chapter_00148_121-4077-7127,s1,ungated_deflation,3,3,-3.4378232076490582,0,0,0
hetero_different-chapter_00148_121-4077-7127,s2,ungated_deflation,3,1,inf,1,1,0
hetero_different-chapter_00148_121-4077-7127,s2,ungated_deflation,3,2,nan,1,1,0
hetero_different-chapter_00148_121-4077-7127,s2,ungated_deflation,3,3,-4.652162392722424,1,1,0
hetero_different-chapter_00148_121-4077-7127,s3,ungated_deflation,3,1,40.82559448754603,2,2,0
hetero_different-chapter_00148_121-4077-7127,s3,ungated_deflation,3,2,-11.936673644650654,2,2,0
hetero_different-chapter_00148_121-4077-7127,s3,ungated_deflation,3,3,-5.274032686203286,2,2,0
hetero_different-chapter_00148_121-4077-7127,s1,gated_deflation,3,1,inf,0,0,0
hetero_different-chapter_00148_121-4077-7127,s1,gated_deflation,3,2,nan,0,0,0
hetero_different-chapter_00148_121-4077-7127,s1,gated_deflation,3,3,-3.4378232076490582,0,0,0
hetero_different-chapter_00148_121-4077-7127,s2,gated_deflation,3,1,inf,1,1,0
hetero_different-chapter_00148_121-4077-7127,s2,gated_deflation,3,2,nan,1,1,0
hetero_different-chapter_00148_121-4077-7127,s2,gated_deflation,3,3,-4.652162392722424,1,1,0
hetero_different-chapter_00148_121-4077-7127,s3,gated_deflation,3,1,40.82559448754603,2,2,0
hetero_different-chapter_00148_121-4077-7127,s3,gated_deflation,3,2,-11.936673644650654,2,2,0
hetero_different-chapter_00148_121-4077-7127,s3,gated_deflation,3,3,-5.274032686203286,2,2,0
hetero_different-chapter_00148_121-4077-7127,s1,coarse_to_fine,3,1,inf,,,2
hetero_different-chapter_00148_121-4077-7127,s1,coarse_to_fine,3,2,nan,,,2
hetero_different-chapter_00148_121-4077-7127,s1,coarse_to_fine,3,3,-6.070875534480852,,,2
hetero_different-chapter_00148_121-4077-7127,s2,coarse_to_fine,3,1,inf,,,2
hetero_different-chapter_00148_121-4077-7127,s2,coarse_to_fine,3,2,nan,,,2
hetero_different-chapter_00148_121-4077-7127,s2,coarse_to_fine,3,3,3.018245988666595,,,2
hetero_different-chapter_00148_121-4077-7127,s3,coarse_to_fine,3,1,57.95012345582268,,,2
hetero_different-chapter_00148_121-4077-7127,s3,coarse_to_fine,3,2,4.407724741225401,,,2
hetero_different-chapter_00148_121-4077-7127,s3,coarse_to_fine,3,3,-3.8810404104565417,,,2
hetero_different-chapter_00149_1580-7176-6930,s1,no_recursion,3,1,inf,,,0
hetero_different-chapter_00149_1580-7176-6930,s1,no_recursion,3,2,2.214800614418512,,,0
hetero_different-chapter_00149_1580-7176-6930,s1,no_recursion,3,3,0.40191922786922085,,,0
hetero_different-chapter_00149_1580-7176-6930,s2,no_recursion,3,1,inf,,,0
hetero_different-chapter_00149_1580-7176-6930,s2,no_recursion,3,2,nan,,,0
hetero_different-chapter_00149_1580-7176-6930,s2,no_recursion,3,3,5.115238849881324,,,0
hetero_different-chapter_00149_1580-7176-6930,s3,no_recursion,3,1,46.204388678284545,,,0
hetero_different-chapter_00149_1580-7176-6930,s3,no_recursion,3,2,9.944383594592125,,,0
hetero_different-chapter_00149_1580-7176-6930,s3,no_recursion,3,3,2.3456405386273045,,,0
hetero_different-chapter_00149_1580-7176-6930,s1,ungated_deflation,3,1,inf,0,0,0
hetero_different-chapter_00149_1580-7176-6930,s1,ungated_deflation,3,2,2.214800614418512,0,0,0
hetero_different-chapter_00149_1580-7176-6930,s1,ungated_deflation,3,3,0.40191922786922085,0,0,0
hetero_different-chapter_00149_1580-7176-6930,s2,ungated_deflation,3,1,inf,1,1,0
hetero_different-chapter_00149_1580-7176-6930,s2,ungated_deflation,3,2,nan,1,1,0
hetero_different-chapter_00149_1580-7176-6930,s2,ungated_deflation,3,3,8.267126614253128,1,1,0
hetero_different-chapter_00149_1580-7176-6930,s3,ungated_deflation,3,1,41.28803638654621,2,2,0
hetero_different-chapter_00149_1580-7176-6930,s3,ungated_deflation,3,2,-2.2641512468873897,2,2,0
hetero_different-chapter_00149_1580-7176-6930,s3,ungated_deflation,3,3,-1.8509439982394644,2,2,0
hetero_different-chapter_00149_1580-7176-6930,s1,gated_deflation,3,1,inf,0,0,0
hetero_different-chapter_00149_1580-7176-6930,s1,gated_deflation,3,2,2.214800614418512,0,0,0
hetero_different-chapter_00149_1580-7176-6930,s1,gated_deflation,3,3,0.40191922786922085,0,0,0
hetero_different-chapter_00149_1580-7176-6930,s2,gated_deflation,3,1,inf,1,1,0
hetero_different-chapter_00149_1580-7176-6930,s2,gated_deflation,3,2,nan,1,1,0
hetero_different-chapter_00149_1580-7176-6930,s2,gated_deflation,3,3,8.267126614253128,1,1,0
hetero_different-chapter_00149_1580-7176-6930,s3,gated_deflation,3,1,41.28803638654621,2,2,0
hetero_different-chapter_00149_1580-7176-6930,s3,gated_deflation,3,2,-2.2641512468873897,2,2,0
hetero_different-chapter_00149_1580-7176-6930,s3,gated_deflation,3,3,-1.8509439982394644,2,2,0
hetero_different-chapter_00149_1580-7176-6930,s1,coarse_to_fine,3,1,inf,,,2
hetero_different-chapter_00149_1580-7176-6930,s1,coarse_to_fine,3,2,-5.479593253735042,,,2
hetero_different-chapter_00149_1580-7176-6930,s1,coarse_to_fine,3,3,-2.2331491674628885,,,2
hetero_different-chapter_00149_1580-7176-6930,s2,coarse_to_fine,3,1,inf,,,2
hetero_different-chapter_00149_1580-7176-6930,s2,coarse_to_fine,3,2,nan,,,2
hetero_different-chapter_00149_1580-7176-6930,s2,coarse_to_fine,3,3,8.14452430890832,,,2
hetero_different-chapter_00149_1580-7176-6930,s3,coarse_to_fine,3,1,45.330500258009614,,,2
hetero_different-chapter_00149_1580-7176-6930,s3,coarse_to_fine,3,2,5.012461528541224,,,2
hetero_different-chapter_00149_1580-7176-6930,s3,coarse_to_fine,3,3,-11.271443801473675,,,2