scene,speaker,system,round,accepted,mean_variance,margin,vad_coverage,artifact_score,reason
4077-13754-0001_5142-33396-0065_5683-32866-0012_x4,s1,gated_deflation,0,True,0.0,0.23059575192543175,1.0,0.8462597295664352,accepted
4077-13754-0001_5142-33396-0065_5683-32866-0012_x4,s2,gated_deflation,0,False,0.0,0.09739654589594327,1.0,0.7831812544634627,margin
4077-13754-0001_5142-33396-0065_5683-32866-0012_x4,s3,gated_deflation,0,True,0.0001596384807540234,0.3621875861135907,0.9837008343265793,0.6036458197894615,accepted
4077-13754-0001_5142-33396-0065_5683-32866-0012_x4,s4,gated_deflation,0,True,0.0,0.10096897306226388,1.0,0.8301311486081553,accepted
4077-13754-0001_5142-33396-0065_5683-32866-0012_x4,s1,coarse_to_fine,0,False,0.0,0.034930639572729794,1.0,0.5565685089716991,margin
4077-13754-0001_5142-33396-0065_5683-32866-0012_x4,s2,coarse_to_fine,0,True,0.0,0.11509117477320413,1.0,0.5530217040318405,accepted
4077-13754-0001_5142-33396-0065_5683-32866-0012_x4,s3,coarse_to_fine,0,True,0.0001596384807540234,0.24100559131907018,1.0,0.4523905451551944,accepted
4077-13754-0001_5142-33396-0065_5683-32866-0012_x4,s4,coarse_to_fine,0,False,0.0,0.005006173889614773,1.0,0.5569840986300834,margin
4077-13754-0001_5142-33396-0065_5683-32866-0012_x4,s1,coarse_to_fine,1,False,0.0,0.034930639572729794,1.0,0.5565685089716991,margin
4077-13754-0001_5142-33396-0065_5683-32866-0012_x4,s2,coarse_to_fine,1,True,0.0,0.16508557717884176,1.0,0.5509161862388827,accepted
4077-13754-0001_5142-33396-0065_5683-32866-0012_x4,s3,coarse_to_fine,1,True,0.0001596384807540234,0.43701999941242126,1.0,0.44349773218229166,accepted
4077-13754-0001_5142-33396-0065_5683-32866-0012_x4,s4,coarse_to_fine,1,False,0.0,0.005006173889614773,1.0,0.5569840986300834,margin
4507-16021-0025_1188-133604-0025_4992-23283-0016_x4,s1,gated_deflation,0,True,0.00018342519574962582,0.13652705630895315,0.9571124031007752,0.5532021831962739,accepted
4507-16021-0025_1188-133604-0025_4992-23283-0016_x4,s2,gated_deflation,0,True,0.0,0.26919605933618546,1.0,0.6125422974804505,accepted
4507-16021-0025_1188-133604-0025_4992-23283-0016_x4,s3,gated_deflation,0,True,0.0,0.2371237041379013,1.0,0.7595453241016529,accepted
4507-16021-0025_1188-133604-0025_4992-23283-0016_x4,s4,gated_deflation,0,True,0.0,0.20561819979787388,1.0,0.777186923068157,accepted
4507-16021-0025_1188-133604-0025_4992-23283-0016_x4,s1,coarse_to_fine,0,True,0.00018342519574962582,0.1245474368039633,0.9824418604651163,0.32661779344605807,accepted
4507-16021-0025_1188-133604-0025_4992-23283-0016_x4,s2,coarse_to_fine,0,False,0.0,0.015400450106011654,1.0,0.3929024996043863,margin
4507-16021-0025_1188-133604-0025_4992-23283-0016_x4,s3,coarse_to_fine,0,False,0.0,0.015460109757251483,1.0,0.32655858132814947,margin
4507-16021-0025_1188-133604-0025_4992-23283-0016_x4,s4,coarse_to_fine,0,True,0.0,0.1972460770493667,1.0,0.5217939772050921,accepted
4507-16021-0025_1188-133604-0025_4992-23283-0016_x4,s1,coarse_to_fine,1,True,0.00018342519574962582,0.286407264608985,0.9822868217054264,0.3393588553292154,accepted
4507-16021-0025_1188-133604-0025_4992-23283-0016_x4,s2,coarse_to_fine,1,False,0.0,0.004422111034243725,1.0,0.3929024996043863,margin
4507-16021-0025_1188-133604-0025_4992-23283-0016_x4,s3,coarse_to_fine,1,False,0.0,-0.31886219796175286,1.0,0.32655858132814947,margin
4507-16021-0025_1188-133604-0025_4992-23283-0016_x4,s4,coarse_to_fine,1,True,0.0,0.2698967913756145,1.0,0.5321319871609698,accepted
5142-36377-0017_2830-3980-0022_3729-6852-0038_x4,s1,gated_deflation,0,True,0.0,0.2264725363764759,1.0,0.7304333204989766,accepted
5142-36377-0017_2830-3980-0022_3729-6852-0038_x4,s2,gated_deflation,0,True,0.0,0.19063449275802835,1.0,0.8036209036357386,accepted
5142-36377-0017_2830-3980-0022_3729-6852-0038_x4,s3,gated_deflation,0,False,0.000349592822867938,0.0521824237859034,0.951825495049505,0.6679497306212492,margin
5142-36377-0017_2830-3980-0022_3729-6852-0038_x4,s4,gated_deflation,0,False,0.0,-0.019486923026306086,0.960519801980198,0.731674765235795,margin
5142-36377-0017_2830-3980-0022_3729-6852-0038_x4,s1,coarse_to_fine,0,False,0.0,0.02034370070066288,1.0,0.5153649134799554,margin
5142-36377-0017_2830-3980-0022_3729-6852-0038_x4,s2,coarse_to_fine,0,True,0.0,0.11897607717489112,1.0,0.5567203751409493,accepted
5142-36377-0017_2830-3980-0022_3729-6852-0038_x4,s3,coarse_to_fine,0,False,0.000349592822867938,-0.1296508749408266,0.975,0.4853589804847152,margin
5142-36377-0017_2830-3980-0022_3729-6852-0038_x4,s4,coarse_to_fine,0,False,0.0,-0.03270525836897431,1.0,0.5142995701385996,margin
5142-36377-0017_2830-3980-0022_3729-6852-0038_x4,s1,coarse_to_fine,1,False,0.0,-0.10351253997473289,1.0,0.5153649134799554,margin
5142-36377-0017_2830-3980-0022_3729-6852-0038_x4,s2,coarse_to_fine,1,True,0.0,0.3874622986108163,1.0,0.5590514735933032,accepted
5142-36377-0017_2830-3980-0022_3729-6852-0038_x4,s3,coarse_to_fine,1,False,0.000349592822867938,-0.22793855632656856,0.975,0.4853589804847152,margin
5142-36377-0017_2830-3980-0022_3729-6852-0038_x4,s4,coarse_to_fine,1,False,0.0,-0.11914570310383603,1.0,0.5142995701385996,margin
7021-79759-0005_4507-16021-0058_260-123288-0005_x4,s1,gated_deflation,0,False,0.0,-0.13376085802590582,0.9856818181818182,0.4561879907485745,margin
7021-79759-0005_4507-16021-0058_260-123288-0005_x4,s2,gated_deflation,0,True,0.0,0.15962364841986104,1.0,0.8853226158693268,accepted
7021-79759-0005_4507-16021-0058_260-123288-0005_x4,s3,gated_deflation,0,True,0.0,0.2650771280076519,0.9719047619047619,0.49568112630913574,accepted
7021-79759-0005_4507-16021-0058_260-123288-0005_x4,s4,gated_deflation,0,False,0.0,-0.18076016715028834,1.0,0.7928196993601344,margin
7021-79759-0005_4507-16021-0058_260-123288-0005_x4,s1,coarse_to_fine,0,False,0.0,-0.29331019596779095,0.9856818181818182,0.3157020020295571,margin
7021-79759-0005_4507-16021-0058_260-123288-0005_x4,s2,coarse_to_fine,0,False,0.0,-0.061071382982537725,1.0,0.373349676811612,margin
7021-79759-0005_4507-16021-0058_260-123288-0005_x4,s3,coarse_to_fine,0,True,0.0,0.3511765911251457,1.0,0.3748862236203549,accepted
7021-79759-0005_4507-16021-0058_260-123288-0005_x4,s4,coarse_to_fine,0,False,0.0,-0.17667072795248748,1.0,0.5031098369224164,margin
7021-79759-0005_4507-16021-0058_260-123288-0005_x4,s1,coarse_to_fine,1,False,0.0,-0.5049099917566949,0.9856818181818182,0.3157020020295571,margin
7021-79759-0005_4507-16021-0058_260-123288-0005_x4,s2,coarse_to_fine,1,False,0.0,-0.061071382982537725,1.0,0.373349676811612,margin
7021-79759-0005_4507-16021-0058_260-123288-0005_x4,s3,coarse_to_fine,1,True,0.0,0.53756833024427,0.9861038961038961,0.3488258251996935,accepted
7021-79759-0005_4507-16021-0058_260-123288-0005_x4,s4,coarse_to_fine,1,False,0.0,-0.26793576981219647,1.0,0.5031098369224164,margin
672-122797-0044_8463-294828-0013_4507-16021-0043_x4,s1,gated_deflation,0,False,0.0,0.043487383187048534,1.0,0.8236748668309055,margin
672-122797-0044_8463-294828-0013_4507-16021-0043_x4,s2,gated_deflation,0,True,0.0,0.21395843131254944,1.0,0.7380550571254019,accepted
672-122797-0044_8463-294828-0013_4507-16021-0043_x4,s3,gated_deflation,0,False,0.0,-0.15798717445758295,1.0,0.8120732264083109,margin
672-122797-0044_8463-294828-0013_4507-16021-0043_x4,s4,gated_deflation,0,True,0.00014413367584875723,0.3976143226533677,1.0,0.5433653455084211,accepted
672-122797-0044_8463-294828-0013_4507-16021-0043_x4,s1,coarse_to_fine,0,False,0.0,-0.2760888073504355,1.0,0.451900595559684,margin
672-122797-0044_8463-294828-0013_4507-16021-0043_x4,s2,coarse_to_fine,0,True,0.0,0.15840798901937464,1.0,0.580034280144366,accepted
672-122797-0044_8463-294828-0013_4507-16021-0043_x4,s3,coarse_to_fine,0,False,0.0,-0.37003951297575,1.0,0.460577129881598,margin
672-122797-0044_8463-294828-0013_4507-16021-0043_x4,s4,coarse_to_fine,0,True,0.00014413367584875723,0.3805144253201719,1.0,0.33539502981853514,accepted
672-122797-0044_8463-294828-0013_4507-16021-0043_x4,s1,coarse_to_fine,1,False,0.0,-0.45423228980340336,1.0,0.451900595559684,margin
672-122797-0044_8463-294828-0013_4507-16021-0043_x4,s2,coarse_to_fine,1,True,0.0,0.3346703899681924,1.0,0.5797610454166923,accepted
672-122797-0044_8463-294828-0013_4507-16021-0043_x4,s3,coarse_to_fine,1,False,0.0,-0.5744930824122318,1.0,0.460577129881598,margin
672-122797-0044_8463-294828-0013_4507-16021-0043_x4,s4,coarse_to_fine,1,True,0.00014413367584875723,0.5600735729733626,0.9798185483870968,0.3615234032807367,accepted
6930-81414-0001_1995-1836-0006_121-121726-0014_x4,s1,gated_deflation,0,True,0.00011719836239998562,0.4674741456977729,0.9971332836932241,0.5746802098603639,accepted
6930-81414-0001_1995-1836-0006_121-121726-0014_x4,s2,gated_deflation,0,False,0.0,0.03028017568785779,1.0,0.7667842545242419,margin
6930-81414-0001_1995-1836-0006_121-121726-0014_x4,s3,gated_deflation,0,False,0.0,0.03767714752884366,1.0,0.9261863700683145,margin
6930-81414-0001_1995-1836-0006_121-121726-0014_x4,s4,gated_deflation,0,True,0.0,0.23840720784993105,1.0,0.8347864129113458,accepted
6930-81414-0001_1995-1836-0006_121-121726-0014_x4,s1,coarse_to_fine,0,True,0.00011719836239998562,0.12936397951112133,1.0,0.5322167754024465,accepted
6930-81414-0001_1995-1836-0006_121-121726-0014_x4,s2,coarse_to_fine,0,True,0.0,0.24203880493413643,1.0,0.38447365550399115,accepted
6930-81414-0001_1995-1836-0006_121-121726-0014_x4,s3,coarse_to_fine,0,False,0.0,0.066401882701834,1.0,0.47096594865206776,margin
6930-81414-0001_1995-1836-0006_121-121726-0014_x4,s4,coarse_to_fine,0,True,0.0,0.1975847581297055,1.0,0.49734981618696694,accepted
6930-81414-0001_1995-1836-0006_121-121726-0014_x4,s1,coarse_to_fine,1,True,0.00011719836239998562,0.1305054554921934,1.0,0.5223450560344585,accepted
6930-81414-0001_1995-1836-0006_121-121726-0014_x4,s2,coarse_to_fine,1,True,0.0,0.45459236827803773,1.0,0.3724271552185473,accepted
6930-81414-0001_1995-1836-0006_121-121726-0014_x4,s3,coarse_to_fine,1,False,0.0,-0.03647569564399955,1.0,0.47096594865206776,margin
6930-81414-0001_1995-1836-0006_121-121726-0014_x4,s4,coarse_to_fine,1,True,0.0,0.38380634581295203,1.0,0.4950027077748791,accepted
8555-284449-0002_1995-1837-0004_1089-134686-0002_x4,s1,gated_deflation,0,True,9.881040225663392e-05,0.40203140626571543,0.9873111111111111,0.49290407849681117,accepted
8555-284449-0002_1995-1837-0004_1089-134686-0002_x4,s2,gated_deflation,0,True,0.0,0.1679878496444147,0.9985307835820896,0.6825681422111831,accepted
8555-284449-0002_1995-1837-0004_1089-134686-0002_x4,s3,gated_deflation,0,True,0.0,0.1718520125174794,1.0,0.7214939970396191,accepted
8555-284449-0002_1995-1837-0004_1089-134686-0002_x4,s4,gated_deflation,0,True,0.0,0.12453892413302037,1.0,0.7885851350819986,accepted
8555-284449-0002_1995-1837-0004_1089-134686-0002_x4,s1,coarse_to_fine,0,False,9.881040225663392e-05,-0.2715550711906475,0.9856,0.2867606233069416,margin
8555-284449-0002_1995-1837-0004_1089-134686-0002_x4,s2,coarse_to_fine,0,True,0.0,0.11498895844787516,1.0,0.2817372761655032,accepted
8555-284449-0002_1995-1837-0004_1089-134686-0002_x4,s3,coarse_to_fine,0,True,0.0,0.15415357636252608,1.0,0.4260930047471163,accepted
8555-284449-0002_1995-1837-0004_1089-134686-0002_x4,s4,coarse_to_fine,0,False,0.0,0.009676078079714434,1.0,0.44835039105283764,margin
8555-284449-0002_1995-1837-0004_1089-134686-0002_x4,s1,coarse_to_fine,1,False,9.881040225663392e-05,-0.5252658263574599,0.9856,0.2867606233069416,margin
8555-284449-0002_1995-1837-0004_1089-134686-0002_x4,s2,coarse_to_fine,1,True,0.0,0.47011401671437114,1.0,0.3108785317819554,accepted
8555-284449-0002_1995-1837-0004_1089-134686-0002_x4,s3,coarse_to_fine,1,True,0.0,0.4291517578991424,1.0,0.4427524811018041,accepted
8555-284449-0002_1995-1837-0004_1089-134686-0002_x4,s4,coarse_to_fine,1,False,0.0,-0.2560380311217842,1.0,0.44835039105283764,margin
7021-85628-0027_3575-170457-0025_8555-292519-0010_x4,s1,gated_deflation,0,True,0.0,0.47242151354661677,1.0,0.5727253503520185,accepted
7021-85628-0027_3575-170457-0025_8555-292519-0010_x4,s2,gated_deflation,0,True,0.0,0.15077912909396854,0.9824281150159745,0.5155122725964794,accepted
7021-85628-0027_3575-170457-0025_8555-292519-0010_x4,s3,gated_deflation,0,False,0.0,0.0032594965245597574,1.0,0.6893454029190264,margin
7021-85628-0027_3575-170457-0025_8555-292519-0010_x4,s4,gated_deflation,0,False,0.0,-0.01259382630664066,0.9823162939297124,0.5487933679884647,margin
7021-85628-0027_3575-170457-0025_8555-292519-0010_x4,s1,coarse_to_fine,0,True,0.0,0.21582643379928415,1.0,0.3864059337604873,accepted
7021-85628-0027_3575-170457-0025_8555-292519-0010_x4,s2,coarse_to_fine,0,True,0.0,0.21521383863293972,1.0,0.3159731971538616,accepted
7021-85628-0027_3575-170457-0025_8555-292519-0010_x4,s3,coarse_to_fine,0,False,0.0,-0.15679213768978975,1.0,0.3315839166635734,margin
7021-85628-0027_3575-170457-0025_8555-292519-0010_x4,s4,coarse_to_fine,0,False,0.0,-0.2940659877869213,0.9837539936102236,0.34977658908979614,margin
7021-85628-0027_3575-170457-0025_8555-292519-0010_x4,s1,coarse_to_fine,1,True,0.0,0.4485344579520782,1.0,0.384335092182796,accepted
7021-85628-0027_3575-170457-0025_8555-292519-0010_x4,s2,coarse_to_fine,1,True,0.0,0.4823566274773859,1.0,0.32847607982634364,accepted
7021-85628-0027_3575-170457-0025_8555-292519-0010_x4,s3,coarse_to_fine,1,False,0.0,-0.4380055446498947,1.0,0.3315839166635734,margin
7021-85628-0027_3575-170457-0025_8555-292519-0010_x4,s4,coarse_to_fine,1,False,0.0,-0.6102678306589802,0.9837539936102236,0.34977658908979614,margin
5639-40744-0012_1221-135766-0005_260-123286-0015_x4,s1,gated_deflation,0,False,0.0,0.08805767558592209,1.0,0.7376422309171917,margin
5639-40744-0012_1221-135766-0005_260-123286-0015_x4,s2,gated_deflation,0,True,0.00018783607609981645,0.3948923913847487,1.0,0.5849402938715554,accepted
5639-40744-0012_1221-135766-0005_260-123286-0015_x4,s3,gated_deflation,0,False,0.0,0.033105569770465304,1.0,0.8476861655043905,margin
5639-40744-0012_1221-135766-0005_260-123286-0015_x4,s4,gated_deflation,0,False,0.0,0.07937931468125053,1.0,0.8927308861439054,margin
5639-40744-0012_1221-135766-0005_260-123286-0015_x4,s1,coarse_to_fine,0,False,0.0,0.03968731230196093,1.0,0.39377919775313164,margin
5639-40744-0012_1221-135766-0005_260-123286-0015_x4,s2,coarse_to_fine,0,True,0.00018783607609981645,0.28953041062636087,1.0,0.5294477508598392,accepted
5639-40744-0012_1221-135766-0005_260-123286-0015_x4,s3,coarse_to_fine,0,False,0.0,0.005735464678583602,1.0,0.43030488756872837,margin
5639-40744-0012_1221-135766-0005_260-123286-0015_x4,s4,coarse_to_fine,0,False,0.0,0.0585952766456177,1.0,0.5383383208748124,margin
5639-40744-0012_1221-135766-0005_260-123286-0015_x4,s1,coarse_to_fine,1,False,0.0,-0.012438441243462717,1.0,0.39377919775313164,margin
5639-40744-0012_1221-135766-0005_260-123286-0015_x4,s2,coarse_to_fine,1,True,0.00018783607609981645,0.4975326378072717,1.0,0.5315707405427147,accepted
5639-40744-0012_1221-135766-0005_260-123286-0015_x4,s3,coarse_to_fine,1,False,0.0,0.005735464678583602,1.0,0.43030488756872837,margin
5639-40744-0012_1221-135766-0005_260-123286-0015_x4,s4,coarse_to_fine,1,False,0.0,-0.01629590515783136,1.0,0.5383383208748124,margin
260-123286-0003_1221-135766-0008_2830-3980-0067_x4,s1,gated_deflation,0,False,0.0,-0.03713921725030683,1.0,0.6571554683344322,margin
260-123286-0003_1221-135766-0008_2830-3980-0067_x4,s2,gated_deflation,0,True,8.539911346546257e-05,0.3689672941580064,1.0,0.6252387552058364,accepted
260-123286-0003_1221-135766-0008_2830-3980-0067_x4,s3,gated_deflation,0,True,0.0,0.2231741977561153,1.0,0.679764376406901,accepted
260-123286-0003_1221-135766-0008_2830-3980-0067_x4,s4,gated_deflation,0,False,0.0,-0.09199433259492387,1.0,0.7448527386276091,margin
260-123286-0003_1221-135766-0008_2830-3980-0067_x4,s1,coarse_to_fine,0,False,0.0,-0.25448525626076113,1.0,0.3346130933316045,margin
260-123286-0003_1221-135766-0008_2830-3980-0067_x4,s2,coarse_to_fine,0,True,8.539911346546257e-05,0.20219979850813702,1.0,0.49843055280595366,accepted
260-123286-0003_1221-135766-0008_2830-3980-0067_x4,s3,coarse_to_fine,0,True,0.0,0.23293274254884644,1.0,0.48870051852758156,accepted
260-123286-0003_1221-135766-0008_2830-3980-0067_x4,s4,coarse_to_fine,0,False,0.0,-0.3150607766810049,1.0,0.4813714834207055,margin
260-123286-0003_1221-135766-0008_2830-3980-0067_x4,s1,coarse_to_fine,1,False,0.0,-0.4236421058954565,1.0,0.3346130933316045,margin
260-123286-0003_1221-135766-0008_2830-3980-0067_x4,s2,coarse_to_fine,1,True,8.539911346546257e-05,0.3503473639524188,1.0,0.4587816233102525,accepted
260-123286-0003_1221-135766-0008_2830-3980-0067_x4,s3,coarse_to_fine,1,True,0.0,0.3974586196115888,1.0,0.4930978142665811,accepted
260-123286-0003_1221-135766-0008_2830-3980-0067_x4,s4,coarse_to_fine,1,False,0.0,-0.508389695802315,1.0,0.4813714834207055,margin
260-123286-0005_4992-41797-0009_61-70968-0030_x4,s1,gated_deflation,0,True,0.0,0.13808997443568188,1.0,0.8253497821812533,accepted
260-123286-0005_4992-41797-0009_61-70968-0030_x4,s2,gated_deflation,0,True,0.00014321784771345508,0.3563785009961371,0.9495159059474412,0.47029097689562327,accepted
260-123286-0005_4992-41797-0009_61-70968-0030_x4,s3,gated_deflation,0,True,0.0,0.11278443337750599,0.983991462113127,0.7966050571357358,accepted
260-123286-0005_4992-41797-0009_61-70968-0030_x4,s4,gated_deflation,0,True,0.0,0.11220691528622911,0.8922372060857539,0.6821966562383133,accepted
260-123286-0005_4992-41797-0009_61-70968-0030_x4,s1,coarse_to_fine,0,False,0.0,-0.1635693236241143,1.0,0.4158276686956864,margin
260-123286-0005_4992-41797-0009_61-70968-0030_x4,s2,coarse_to_fine,0,True,0.00014321784771345508,0.17817204483696197,0.9527489626556016,0.337777563914266,accepted
260-123286-0005_4992-41797-0009_61-70968-0030_x4,s3,coarse_to_fine,0,True,0.0,0.21992174053545477,1.0,0.4490535317218754,accepted
260-123286-0005_4992-41797-0009_61-70968-0030_x4,s4,coarse_to_fine,0,False,0.0,0.04306696197321075,0.9545297372060858,0.38272686808614403,margin
260-123286-0005_4992-41797-0009_61-70968-0030_x4,s1,coarse_to_fine,1,False,0.0,-0.3476825017354595,1.0,0.4158276686956864,margin
260-123286-0005_4992-41797-0009_61-70968-0030_x4,s2,coarse_to_fine,1,True,0.00014321784771345508,0.4616657013250613,0.9530774550484093,0.3318093989691383,accepted
260-123286-0005_4992-41797-0009_61-70968-0030_x4,s3,coarse_to_fine,1,True,0.0,0.42928165875577934,1.0,0.517076982710202,accepted
260-123286-0005_4992-41797-0009_61-70968-0030_x4,s4,coarse_to_fine,1,False,0.0,-0.27723407342156,0.9545297372060858,0.38272686808614403,margin
61-70970-0033_4446-2271-0021_1089-134691-0025_x4,s1,gated_deflation,0,True,0.0,0.24094779537094524,1.0,0.8242109790085947,accepted
61-70970-0033_4446-2271-0021_1089-134691-0025_x4,s2,gated_deflation,0,True,0.0,0.14697663251087784,0.9771484375,0.7952935750288731,accepted
61-70970-0033_4446-2271-0021_1089-134691-0025_x4,s3,gated_deflation,0,False,0.0,-0.14051827712394344,0.8858315488936473,0.5584130218702582,margin
61-70970-0033_4446-2271-0021_1089-134691-0025_x4,s4,gated_deflation,0,False,0.0,0.08366665663094552,0.9160064239828694,0.5562285470060228,margin
61-70970-0033_4446-2271-0021_1089-134691-0025_x4,s1,coarse_to_fine,0,True,0.0,0.2759005154991808,1.0,0.4218989724569317,accepted
61-70970-0033_4446-2271-0021_1089-134691-0025_x4,s2,coarse_to_fine,0,False,0.0,-0.060340937700198494,1.0,0.3176900804655294,margin
61-70970-0033_4446-2271-0021_1089-134691-0025_x4,s3,coarse_to_fine,0,False,0.0,-0.2537931239941794,1.0,0.3865160485797643,margin
61-70970-0033_4446-2271-0021_1089-134691-0025_x4,s4,coarse_to_fine,0,False,0.0,-0.07960578684325009,1.0,0.40468555127179945,margin
61-70970-0033_4446-2271-0021_1089-134691-0025_x4,s1,coarse_to_fine,1,True,0.0,0.49713806195279736,1.0,0.40540817277403696,accepted
61-70970-0033_4446-2271-0021_1089-134691-0025_x4,s2,coarse_to_fine,1,False,0.0,-0.12431795537981327,1.0,0.3176900804655294,margin
61-70970-0033_4446-2271-0021_1089-134691-0025_x4,s3,coarse_to_fine,1,False,0.0,-0.3820807557518914,1.0,0.3865160485797643,margin
61-70970-0033_4446-2271-0021_1089-134691-0025_x4,s4,coarse_to_fine,1,False,0.0,-0.1899653926724882,1.0,0.40468555127179945,margin
7021-79730-0006_5142-36586-0000_2300-131720-0009_x4,s1,gated_deflation,0,False,0.0,0.01886046657521928,1.0,0.582702159791862,margin
7021-79730-0006_5142-36586-0000_2300-131720-0009_x4,s2,gated_deflation,0,False,0.0,0.0734511890208524,1.0,0.9052588888487197,margin
7021-79730-0006_5142-36586-0000_2300-131720-0009_x4,s3,gated_deflation,0,True,0.0,0.2935485847664725,1.0,0.6209435383746971,accepted
7021-79730-0006_5142-36586-0000_2300-131720-0009_x4,s4,gated_deflation,0,True,0.000203220077911813,0.3618952623376972,1.0,0.5944058513709489,accepted
7021-79730-0006_5142-36586-0000_2300-131720-0009_x4,s1,coarse_to_fine,0,False,0.0,-0.13150707936039596,1.0,0.42017737822808915,margin
7021-79730-0006_5142-36586-0000_2300-131720-0009_x4,s2,coarse_to_fine,0,False,0.0,-0.22253596264977424,1.0,0.5721887281723518,margin
7021-79730-0006_5142-36586-0000_2300-131720-0009_x4,s3,coarse_to_fine,0,True,0.0,0.2447287791631625,1.0,0.3718020839548356,accepted
7021-79730-0006_5142-36586-0000_2300-131720-0009_x4,s4,coarse_to_fine,0,True,0.000203220077911813,0.37492433682550264,1.0,0.4871433863040884,accepted
7021-79730-0006_5142-36586-0000_2300-131720-0009_x4,s1,coarse_to_fine,1,False,0.0,-0.3665290154635211,1.0,0.42017737822808915,margin
7021-79730-0006_5142-36586-0000_2300-131720-0009_x4,s2,coarse_to_fine,1,False,0.0,-0.4492135332241297,1.0,0.5721887281723518,margin
7021-79730-0006_5142-36586-0000_2300-131720-0009_x4,s3,coarse_to_fine,1,True,0.0,0.5135096336718228,1.0,0.32822852039664113,accepted
7021-79730-0006_5142-36586-0000_2300-131720-0009_x4,s4,coarse_to_fine,1,True,0.000203220077911813,0.6479275585730996,1.0,0.4993488410725213,accepted
6829-68771-0022_1221-135766-0014_5683-32865-0004_x4,s1,gated_deflation,0,False,0.0,0.04226980593176766,1.0,0.799731805049252,margin
6829-68771-0022_1221-135766-0014_5683-32865-0004_x4,s2,gated_deflation,0,False,0.0,-0.1811807552862817,1.0,0.7587268048729221,margin
6829-68771-0022_1221-135766-0014_5683-32865-0004_x4,s3,gated_deflation,0,True,0.00025897254936818365,0.2777885109551395,0.9588235294117647,0.5538793652276873,accepted
6829-68771-0022_1221-135766-0014_5683-32865-0004_x4,s4,gated_deflation,0,False,0.0,-0.05332224553832937,0.9513814616755794,0.6335578783237008,margin
6829-68771-0022_1221-135766-0014_5683-32865-0004_x4,s1,coarse_to_fine,0,False,0.0,0.06447467723641503,1.0,0.4713660935438846,margin
6829-68771-0022_1221-135766-0014_5683-32865-0004_x4,s2,coarse_to_fine,0,False,0.0,-0.19709935252912242,1.0,0.46687542888106337,margin
6829-68771-0022_1221-135766-0014_5683-32865-0004_x4,s3,coarse_to_fine,0,True,0.00025897254936818365,0.17618288267630539,0.9588235294117647,0.3956304667332276,accepted
6829-68771-0022_1221-135766-0014_5683-32865-0004_x4,s4,coarse_to_fine,0,False,0.0,-0.1995827807374596,0.9513814616755794,0.4502065696305708,margin
6829-68771-0022_1221-135766-0014_5683-32865-0004_x4,s1,coarse_to_fine,1,False,0.0,-0.17225055926327537,1.0,0.4713660935438846,margin
6829-68771-0022_1221-135766-0014_5683-32865-0004_x4,s2,coarse_to_fine,1,False,0.0,-0.45682434414998907,1.0,0.46687542888106337,margin
6829-68771-0022_1221-135766-0014_5683-32865-0004_x4,s3,coarse_to_fine,1,True,0.00025897254936818365,0.577247658185184,0.9573529411764706,0.3903165334395202,accepted
6829-68771-0022_1221-135766-0014_5683-32865-0004_x4,s4,coarse_to_fine,1,False,0.0,-0.5393779599638892,0.9513814616755794,0.4502065696305708,margin
4446-2275-0013_908-157963-0000_1284-1180-0030_x4,s1,gated_deflation,0,False,0.0,0.13154219108506526,1.0,0.9052601690503044,artifact_score
4446-2275-0013_908-157963-0000_1284-1180-0030_x4,s2,gated_deflation,0,False,0.0,-0.045093246944721166,1.0,0.626211334563483,margin
4446-2275-0013_908-157963-0000_1284-1180-0030_x4,s3,gated_deflation,0,True,8.190274954042101e-05,0.3463355137402381,1.0,0.4536619433934133,accepted
4446-2275-0013_908-157963-0000_1284-1180-0030_x4,s4,gated_deflation,0,True,0.0,0.19069929004705222,1.0,0.6070720997053708,accepted
4446-2275-0013_908-157963-0000_1284-1180-0030_x4,s1,coarse_to_fine,0,False,0.0,-0.3611403215157378,1.0,0.5241843229537695,margin
4446-2275-0013_908-157963-0000_1284-1180-0030_x4,s2,coarse_to_fine,0,False,0.0,0.0399583492856076,1.0,0.4397938616767294,margin
4446-2275-0013_908-157963-0000_1284-1180-0030_x4,s3,coarse_to_fine,0,True,8.190274954042101e-05,0.46832910354560586,1.0,0.34462770574992757,accepted
4446-2275-0013_908-157963-0000_1284-1180-0030_x4,s4,coarse_to_fine,0,False,0.0,-0.022039102608545802,1.0,0.35725967793600494,margin
4446-2275-0013_908-157963-0000_1284-1180-0030_x4,s1,coarse_to_fine,1,False,0.0,-0.4688379324784542,1.0,0.5241843229537695,margin
4446-2275-0013_908-157963-0000_1284-1180-0030_x4,s2,coarse_to_fine,1,False,0.0,0.0399583492856076,1.0,0.4397938616767294,margin
4446-2275-0013_908-157963-0000_1284-1180-0030_x4,s3,coarse_to_fine,1,True,8.190274954042101e-05,0.6057707888828684,1.0,0.32645022935923695,accepted
4446-2275-0013_908-157963-0000_1284-1180-0030_x4,s4,coarse_to_fine,1,False,0.0,-0.022039102608545802,1.0,0.35725967793600494,margin
7176-92135-0002_2830-3979-0001_4446-2271-0016_x4,s1,gated_deflation,0,False,0.0,0.04339092806159975,1.0,0.8721273852713293,margin
7176-92135-0002_2830-3979-0001_4446-2271-0016_x4,s2,gated_deflation,0,True,0.0001227095750881223,0.5241211796443525,0.9739157527417747,0.4322186933020155,accepted
7176-92135-0002_2830-3979-0001_4446-2271-0016_x4,s3,gated_deflation,0,False,0.0,0.08555732534180777,1.0,0.6070590491702689,margin
7176-92135-0002_2830-3979-0001_4446-2271-0016_x4,s4,gated_deflation,0,False,0.0,0.084688388113147,0.9796610169491525,0.5802067362598659,margin
7176-92135-0002_2830-3979-0001_4446-2271-0016_x4,s1,coarse_to_fine,0,False,0.0,-0.33563723599033773,1.0,0.28871741092343106,margin
7176-92135-0002_2830-3979-0001_4446-2271-0016_x4,s2,coarse_to_fine,0,False,0.0001227095750881223,-0.06611070989052742,0.9739157527417747,0.33143741525591847,margin
7176-92135-0002_2830-3979-0001_4446-2271-0016_x4,s3,coarse_to_fine,0,False,0.0,-0.19376323053912092,1.0,0.24932987989888022,margin
7176-92135-0002_2830-3979-0001_4446-2271-0016_x4,s4,coarse_to_fine,0,True,0.0,0.21575265468674526,0.9796610169491525,0.254909106373774,accepted
7176-92135-0002_2830-3979-0001_4446-2271-0016_x4,s1,coarse_to_fine,1,False,0.0,-0.33563723599033773,1.0,0.28871741092343106,margin
7176-92135-0002_2830-3979-0001_4446-2271-0016_x4,s2,coarse_to_fine,1,False,0.0001227095750881223,-0.25436546133105425,0.9739157527417747,0.33143741525591847,margin
7176-92135-0002_2830-3979-0001_4446-2271-0016_x4,s3,coarse_to_fine,1,False,0.0,-0.39426501816166026,1.0,0.24932987989888022,margin
7176-92135-0002_2830-3979-0001_4446-2271-0016_x4,s4,coarse_to_fine,1,True,0.0,0.42209110057100707,0.9922981056829512,0.25822191903489206,accepted
61-70970-0011_8555-284447-0003_8224-274381-0000_x4,s1,gated_deflation,0,True,0.0,0.28763173201682507,1.0,0.8358921736918989,accepted
61-70970-0011_8555-284447-0003_8224-274381-0000_x4,s2,gated_deflation,0,False,0.0,-0.08393869419464547,1.0,0.8807196533010595,margin
61-70970-0011_8555-284447-0003_8224-274381-0000_x4,s3,gated_deflation,0,True,0.00023357928901126518,0.3543244148055094,1.0,0.4110934093639158,accepted
61-70970-0011_8555-284447-0003_8224-274381-0000_x4,s4,gated_deflation,0,False,0.0,-0.03138144990773528,1.0,0.8883277629826748,margin
61-70970-0011_8555-284447-0003_8224-274381-0000_x4,s1,coarse_to_fine,0,True,0.0,0.30697232581856077,1.0,0.46286806847513706,accepted
61-70970-0011_8555-284447-0003_8224-274381-0000_x4,s2,coarse_to_fine,0,False,0.0,-0.12173385209030263,1.0,0.38263188501109097,margin
61-70970-0011_8555-284447-0003_8224-274381-0000_x4,s3,coarse_to_fine,0,False,0.00023357928901126518,-0.19506577676258352,1.0,0.36931996731473477,margin
61-70970-0011_8555-284447-0003_8224-274381-0000_x4,s4,coarse_to_fine,0,False,0.0,-0.1528572958056098,1.0,0.5635228318443891,margin
61-70970-0011_8555-284447-0003_8224-274381-0000_x4,s1,coarse_to_fine,1,True,0.0,0.4607749233071804,1.0,0.5348265531148776,accepted
61-70970-0011_8555-284447-0003_8224-274381-0000_x4,s2,coarse_to_fine,1,False,0.0,-0.17034458422242466,1.0,0.38263188501109097,margin
61-70970-0011_8555-284447-0003_8224-274381-0000_x4,s3,coarse_to_fine,1,False,0.00023357928901126518,-0.27864209117307176,1.0,0.36931996731473477,margin
61-70970-0011_8555-284447-0003_8224-274381-0000_x4,s4,coarse_to_fine,1,False,0.0,-0.3516843753800072,1.0,0.5635228318443891,margin
61-70968-0004_1284-1180-0005_2094-142345-0006_x4,s1,gated_deflation,0,False,0.0,0.05412291496668997,1.0,0.8681415121545693,margin
61-70968-0004_1284-1180-0005_2094-142345-0006_x4,s2,gated_deflation,0,False,0.0,-0.029390566643239857,1.0,0.7308579832954527,margin
61-70968-0004_1284-1180-0005_2094-142345-0006_x4,s3,gated_deflation,0,True,0.00015223769834202665,0.41559065108454946,1.0,0.462391652276533,accepted
61-70968-0004_1284-1180-0005_2094-142345-0006_x4,s4,gated_deflation,0,True,0.0,0.18055131790238466,1.0,0.7750407138777715,accepted
61-70968-0004_1284-1180-0005_2094-142345-0006_x4,s1,coarse_to_fine,0,False,0.0,-0.10564941621375934,1.0,0.4273222283628141,margin
61-70968-0004_1284-1180-0005_2094-142345-0006_x4,s2,coarse_to_fine,0,False,0.0,-0.179859145718931,1.0,0.3284815641245989,margin
61-70968-0004_1284-1180-0005_2094-142345-0006_x4,s3,coarse_to_fine,0,True,0.00015223769834202665,0.24969307809469393,1.0,0.39175832144759365,accepted
61-70968-0004_1284-1180-0005_2094-142345-0006_x4,s4,coarse_to_fine,0,True,0.0,0.11672128041576635,1.0,0.37826680560107084,accepted
61-70968-0004_1284-1180-0005_2094-142345-0006_x4,s1,coarse_to_fine,1,False,0.0,-0.36676706830630507,1.0,0.4273222283628141,margin
61-70968-0004_1284-1180-0005_2094-142345-0006_x4,s2,coarse_to_fine,1,False,0.0,-0.4423033035112406,1.0,0.3284815641245989,margin
61-70968-0004_1284-1180-0005_2094-142345-0006_x4,s3,coarse_to_fine,1,True,0.00015223769834202665,0.46644894757600686,1.0,0.37907759174040245,accepted
61-70968-0004_1284-1180-0005_2094-142345-0006_x4,s4,coarse_to_fine,1,True,0.0,0.4111642693240844,1.0,0.3953549604786138,accepted
7021-85628-0018_2961-960-0002_4446-2275-0028_x4,s1,gated_deflation,0,True,0.0,0.4068953540569866,1.0,0.7519513657184927,accepted
7021-85628-0018_2961-960-0002_4446-2275-0028_x4,s2,gated_deflation,0,True,0.00017622654203737294,0.4773155223260247,0.9882160444297604,0.585373347761804,accepted
7021-85628-0018_2961-960-0002_4446-2275-0028_x4,s3,gated_deflation,0,False,0.0,0.08079583960925504,1.0,0.9092909511110686,margin
7021-85628-0018_2961-960-0002_4446-2275-0028_x4,s4,gated_deflation,0,False,0.0,-0.12238276404108456,1.0,0.7328482606379568,margin
7021-85628-0018_2961-960-0002_4446-2275-0028_x4,s1,coarse_to_fine,0,True,0.0,0.3224561333272977,1.0,0.46797364057684476,accepted
7021-85628-0018_2961-960-0002_4446-2275-0028_x4,s2,coarse_to_fine,0,True,0.00017622654203737294,0.15150507284294296,1.0,0.4943666328991325,accepted
7021-85628-0018_2961-960-0002_4446-2275-0028_x4,s3,coarse_to_fine,0,True,0.0,0.11170945169558726,1.0,0.47761585469454143,accepted
7021-85628-0018_2961-960-0002_4446-2275-0028_x4,s4,coarse_to_fine,0,False,0.0,-0.07688869288898775,1.0,0.3728464578248753,margin
7021-85628-0018_2961-960-0002_4446-2275-0028_x4,s1,coarse_to_fine,1,True,0.0,0.43582052517958747,1.0,0.47351295172984387,accepted
7021-85628-0018_2961-960-0002_4446-2275-0028_x4,s2,coarse_to_fine,1,True,0.00017622654203737294,0.302539097668048,1.0,0.4815757685740867,accepted
7021-85628-0018_2961-960-0002_4446-2275-0028_x4,s3,coarse_to_fine,1,True,0.0,0.47849465387966816,1.0,0.4374652382805687,accepted
7021-85628-0018_2961-960-0002_4446-2275-0028_x4,s4,coarse_to_fine,1,False,0.0,-0.29228496896252404,1.0,0.3728464578248753,margin
8455-210777-0065_4507-16021-0035_2961-960-0007_x4,s1,gated_deflation,0,True,0.0,0.33474796545226015,1.0,0.792033907396508,accepted
8455-210777-0065_4507-16021-0035_2961-960-0007_x4,s2,gated_deflation,0,False,0.0,-0.14948307964010943,0.9412968630451416,0.5346346510261704,margin
8455-210777-0065_4507-16021-0035_2961-960-0007_x4,s3,gated_deflation,0,True,0.0,0.3110201678856134,0.9450459066564652,0.559806252905596,accepted
8455-210777-0065_4507-16021-0035_2961-960-0007_x4,s4,gated_deflation,0,True,0.0,0.16922612309188834,1.0,0.8190409631441046,accepted
8455-210777-0065_4507-16021-0035_2961-960-0007_x4,s1,coarse_to_fine,0,False,0.0,-0.026903389455312066,1.0,0.46199600218869596,margin
8455-210777-0065_4507-16021-0035_2961-960-0007_x4,s2,coarse_to_fine,0,False,0.0,-0.26497350153392196,0.9476664116296863,0.33312865302385253,margin
8455-210777-0065_4507-16021-0035_2961-960-0007_x4,s3,coarse_to_fine,0,True,0.0,0.2486517860714518,0.9861323641928079,0.37689961554848683,accepted
8455-210777-0065_4507-16021-0035_2961-960-0007_x4,s4,coarse_to_fine,0,True,0.0,0.20777322509842666,1.0,0.4587310888396205,accepted
8455-210777-0065_4507-16021-0035_2961-960-0007_x4,s1,coarse_to_fine,1,False,0.0,-0.18741792102305377,1.0,0.46199600218869596,margin
8455-210777-0065_4507-16021-0035_2961-960-0007_x4,s2,coarse_to_fine,1,False,0.0,-0.5373044268063717,0.9476664116296863,0.33312865302385253,margin
8455-210777-0065_4507-16021-0035_2961-960-0007_x4,s3,coarse_to_fine,1,True,0.0,0.5507527027193936,0.9591622035195103,0.35182957079328925,accepted
8455-210777-0065_4507-16021-0035_2961-960-0007_x4,s4,coarse_to_fine,1,True,0.0,0.553112286479876,1.0,0.46313854714764685,accepted
7127-75946-0018_3575-170457-0019_5142-33396-0024_x4,s1,gated_deflation,0,True,0.00016290621415369252,0.42937903804916244,0.9974054316197866,0.5815852171305596,accepted
7127-75946-0018_3575-170457-0019_5142-33396-0024_x4,s2,gated_deflation,0,False,0.0,0.06737646748328774,1.0,0.7443155212607271,margin
7127-75946-0018_3575-170457-0019_5142-33396-0024_x4,s3,gated_deflation,0,False,0.0,-0.14096935329788768,1.0,0.7502099917678144,margin
7127-75946-0018_3575-170457-0019_5142-33396-0024_x4,s4,gated_deflation,0,True,0.0,0.29795088570374295,1.0,0.7552415418777876,accepted
7127-75946-0018_3575-170457-0019_5142-33396-0024_x4,s1,coarse_to_fine,0,True,0.00016290621415369252,0.24887855547258228,1.0,0.49373801053972494,accepted
7127-75946-0018_3575-170457-0019_5142-33396-0024_x4,s2,coarse_to_fine,0,False,0.0,-0.25389078697298617,1.0,0.521712027594736,margin
7127-75946-0018_3575-170457-0019_5142-33396-0024_x4,s3,coarse_to_fine,0,False,0.0,-0.21522722939968916,1.0,0.4338724898831553,margin
7127-75946-0018_3575-170457-0019_5142-33396-0024_x4,s4,coarse_to_fine,0,False,0.0,0.030409297753232617,1.0,0.41412617528907303,margin
7127-75946-0018_3575-170457-0019_5142-33396-0024_x4,s1,coarse_to_fine,1,True,0.00016290621415369252,0.4952518995440386,1.0,0.5056530514991129,accepted
7127-75946-0018_3575-170457-0019_5142-33396-0024_x4,s2,coarse_to_fine,1,False,0.0,-0.4840497881331177,1.0,0.521712027594736,margin
7127-75946-0018_3575-170457-0019_5142-33396-0024_x4,s3,coarse_to_fine,1,False,0.0,-0.253008061084089,1.0,0.4338724898831553,margin
7127-75946-0018_3575-170457-0019_5142-33396-0024_x4,s4,coarse_to_fine,1,False,0.0,0.030409297753232617,1.0,0.41412617528907303,margin
3575-170457-0043_1995-1837-0027_5142-33396-0022_x4,s1,gated_deflation,0,True,0.0001738211575566355,0.43480529825698544,1.0,0.4106034476112121,accepted
3575-170457-0043_1995-1837-0027_5142-33396-0022_x4,s2,gated_deflation,0,False,0.0,-0.09920110064378002,1.0,0.7550656599340321,margin
3575-170457-0043_1995-1837-0027_5142-33396-0022_x4,s3,gated_deflation,0,True,0.0,0.25283826715393315,1.0,0.8649138369368303,accepted
3575-170457-0043_1995-1837-0027_5142-33396-0022_x4,s4,gated_deflation,0,False,0.0,0.05047800637682079,1.0,0.8872311744134211,margin
3575-170457-0043_1995-1837-0027_5142-33396-0022_x4,s1,coarse_to_fine,0,True,0.0001738211575566355,0.3252105699750081,1.0,0.23267841373178502,accepted
3575-170457-0043_1995-1837-0027_5142-33396-0022_x4,s2,coarse_to_fine,0,False,0.0,-0.3394159975686962,1.0,0.18331941371791505,margin
3575-170457-0043_1995-1837-0027_5142-33396-0022_x4,s3,coarse_to_fine,0,True,0.0,0.15676019795670695,1.0,0.3645134058821777,accepted
3575-170457-0043_1995-1837-0027_5142-33396-0022_x4,s4,coarse_to_fine,0,False,0.0,-0.20122276825065044,1.0,0.44790932661743094,margin
3575-170457-0043_1995-1837-0027_5142-33396-0022_x4,s1,coarse_to_fine,1,True,0.0001738211575566355,0.4550553495521037,1.0,0.23932793370465183,accepted
3575-170457-0043_1995-1837-0027_5142-33396-0022_x4,s2,coarse_to_fine,1,False,0.0,-0.6388348804868629,1.0,0.18331941371791505,margin
3575-170457-0043_1995-1837-0027_5142-33396-0022_x4,s3,coarse_to_fine,1,True,0.0,0.27280300575100597,1.0,0.35657024131642245,accepted
3575-170457-0043_1995-1837-0027_5142-33396-0022_x4,s4,coarse_to_fine,1,False,0.0,-0.4567962372220018,1.0,0.44790932661743094,margin
1580-141083-0032_5105-28240-0009_4446-2273-0019_x4,s1,gated_deflation,0,False,0.0,-0.13586179952794217,1.0,0.872562101604542,margin
1580-141083-0032_5105-28240-0009_4446-2273-0019_x4,s2,gated_deflation,0,True,0.00011860978403217184,0.3567311018893008,0.932593037214886,0.5942352117723688,accepted
1580-141083-0032_5105-28240-0009_4446-2273-0019_x4,s3,gated_deflation,0,True,0.0,0.23100359528956566,1.0,0.8965271326236988,accepted
1580-141083-0032_5105-28240-0009_4446-2273-0019_x4,s4,gated_deflation,0,False,0.0,-0.0071149793805344586,1.0,0.6319769263731001,margin
1580-141083-0032_5105-28240-0009_4446-2273-0019_x4,s1,coarse_to_fine,0,False,0.0,-0.24518956622962498,1.0,0.5529022294055458,margin
1580-141083-0032_5105-28240-0009_4446-2273-0019_x4,s2,coarse_to_fine,0,True,0.00011860978403217184,0.12548043597615732,1.0,0.4674266082250561,accepted
1580-141083-0032_5105-28240-0009_4446-2273-0019_x4,s3,coarse_to_fine,0,False,0.0,-0.22812511458746956,1.0,0.5321833040689022,margin
1580-141083-0032_5105-28240-0009_4446-2273-0019_x4,s4,coarse_to_fine,0,False,0.0,-0.16107144586942324,1.0,0.41690831653675836,margin
1580-141083-0032_5105-28240-0009_4446-2273-0019_x4,s1,coarse_to_fine,1,False,0.0,-0.3336966295706073,1.0,0.5529022294055458,margin
1580-141083-0032_5105-28240-0009_4446-2273-0019_x4,s2,coarse_to_fine,1,True,0.00011860978403217184,0.333103102192938,1.0,0.4873488923487087,accepted
1580-141083-0032_5105-28240-0009_4446-2273-0019_x4,s3,coarse_to_fine,1,False,0.0,-0.22812511458746956,1.0,0.5321833040689022,margin
1580-141083-0032_5105-28240-0009_4446-2273-0019_x4,s4,coarse_to_fine,1,False,0.0,-0.4605046990515178,1.0,0.41690831653675836,margin
5142-36586-0004_7127-75947-0000_8455-210777-0059_x4,s1,gated_deflation,0,False,0.0,-0.0015704150033576947,1.0,0.9167869202216054,margin
5142-36586-0004_7127-75947-0000_8455-210777-0059_x4,s2,gated_deflation,0,True,6.007397235125573e-05,0.5905408701710144,0.9738147739801544,0.566984373888582,accepted
5142-36586-0004_7127-75947-0000_8455-210777-0059_x4,s3,gated_deflation,0,False,0.0,-0.018814028387296955,0.9805402425578831,0.8729832480951017,margin
5142-36586-0004_7127-75947-0000_8455-210777-0059_x4,s4,gated_deflation,0,False,0.0,0.1860276296472071,1.0,0.9049061225401057,artifact_score
5142-36586-0004_7127-75947-0000_8455-210777-0059_x4,s1,coarse_to_fine,0,True,0.0,0.12358616120994734,1.0,0.49839227011995596,accepted
5142-36586-0004_7127-75947-0000_8455-210777-0059_x4,s2,coarse_to_fine,0,True,6.007397235125573e-05,0.32281773333271846,0.9738147739801544,0.52753035213881,accepted
5142-36586-0004_7127-75947-0000_8455-210777-0059_x4,s3,coarse_to_fine,0,False,0.0,-0.23498438358486684,0.9805402425578831,0.5617287639462595,margin
5142-36586-0004_7127-75947-0000_8455-210777-0059_x4,s4,coarse_to_fine,0,False,0.0,-0.11327494070634156,1.0,0.5186466987567445,margin
5142-36586-0004_7127-75947-0000_8455-210777-0059_x4,s1,coarse_to_fine,1,True,0.0,0.39247452844815656,1.0,0.5410065546445186,accepted
5142-36586-0004_7127-75947-0000_8455-210777-0059_x4,s2,coarse_to_fine,1,True,6.007397235125573e-05,0.5488060066933054,0.9711686879823594,0.4967498047106317,accepted
5142-36586-0004_7127-75947-0000_8455-210777-0059_x4,s3,coarse_to_fine,1,False,0.0,-0.4330092475596019,0.9805402425578831,0.5617287639462595,margin
5142-36586-0004_7127-75947-0000_8455-210777-0059_x4,s4,coarse_to_fine,1,False,0.0,-0.22377141560164912,1.0,0.5186466987567445,margin
8455-210777-0020_61-70968-0054_7729-102255-0023_x4,s1,gated_deflation,0,True,0.0,0.16252262401575052,1.0,0.8265400970014357,accepted
8455-210777-0020_61-70968-0054_7729-102255-0023_x4,s2,gated_deflation,0,True,0.0001774948903179394,0.4488787027967319,0.9991111111111111,0.5205339807984157,accepted
8455-210777-0020_61-70968-0054_7729-102255-0023_x4,s3,gated_deflation,0,True,0.0,0.1857506544540623,0.9996666666666667,0.6656261499789259,accepted
8455-210777-0020_61-70968-0054_7729-102255-0023_x4,s4,gated_deflation,0,False,0.0,-0.1116738539646222,1.0,0.8461941565626889,margin
8455-210777-0020_61-70968-0054_7729-102255-0023_x4,s1,coarse_to_fine,0,False,0.0,-0.29964932584513493,1.0,0.4095575277582933,margin
8455-210777-0020_61-70968-0054_7729-102255-0023_x4,s2,coarse_to_fine,0,True,0.0001774948903179394,0.28860647052380917,1.0,0.38625578478441136,accepted
8455-210777-0020_61-70968-0054_7729-102255-0023_x4,s3,coarse_to_fine,0,False,0.0,-0.18029576581329843,1.0,0.368735463852076,margin
8455-210777-0020_61-70968-0054_7729-102255-0023_x4,s4,coarse_to_fine,0,False,0.0,-0.07635486861745316,1.0,0.5135696277166757,margin
8455-210777-0020_61-70968-0054_7729-102255-0023_x4,s1,coarse_to_fine,1,False,0.0,-0.4601906684678757,1.0,0.4095575277582933,margin
8455-210777-0020_61-70968-0054_7729-102255-0023_x4,s2,coarse_to_fine,1,True,0.0001774948903179394,0.5534215229084165,1.0,0.36706404679184884,accepted
8455-210777-0020_61-70968-0054_7729-102255-0023_x4,s3,coarse_to_fine,1,False,0.0,-0.42706103214514957,1.0,0.368735463852076,margin
8455-210777-0020_61-70968-0054_7729-102255-0023_x4,s4,coarse_to_fine,1,False,0.0,-0.10383781051205487,1.0,0.5135696277166757,margin
7176-88083-0000_4970-29095-0006_2094-142345-0034_x4,s1,gated_deflation,0,True,0.0,0.3589343696355791,1.0,0.6703608546766151,accepted
7176-88083-0000_4970-29095-0006_2094-142345-0034_x4,s2,gated_deflation,0,False,0.0,0.02827553404956501,1.0,0.7768187804890585,margin
7176-88083-0000_4970-29095-0006_2094-142345-0034_x4,s3,gated_deflation,0,True,0.0001409988918333999,0.49852123082605654,1.0,0.5589644388864692,accepted
7176-88083-0000_4970-29095-0006_2094-142345-0034_x4,s4,gated_deflation,0,True,0.0,0.126704091385736,1.0,0.7989388481067822,accepted
7176-88083-0000_4970-29095-0006_2094-142345-0034_x4,s1,coarse_to_fine,0,True,0.0,0.37172136978106934,1.0,0.3906965059691344,accepted
7176-88083-0000_4970-29095-0006_2094-142345-0034_x4,s2,coarse_to_fine,0,False,0.0,-0.2872081836522493,1.0,0.42862142844831036,margin
7176-88083-0000_4970-29095-0006_2094-142345-0034_x4,s3,coarse_to_fine,0,True,0.0001409988918333999,0.40047122868088664,1.0,0.39844412372442434,accepted
7176-88083-0000_4970-29095-0006_2094-142345-0034_x4,s4,coarse_to_fine,0,False,0.0,-0.3672339100961924,1.0,0.50398879727587,margin
7176-88083-0000_4970-29095-0006_2094-142345-0034_x4,s1,coarse_to_fine,1,True,0.0,0.6216707740854358,1.0,0.43653828672714773,accepted
7176-88083-0000_4970-29095-0006_2094-142345-0034_x4,s2,coarse_to_fine,1,False,0.0,-0.5054397606223017,1.0,0.42862142844831036,margin
7176-88083-0000_4970-29095-0006_2094-142345-0034_x4,s3,coarse_to_fine,1,True,0.0001409988918333999,0.6274490482086372,1.0,0.39780497499470563,accepted
7176-88083-0000_4970-29095-0006_2094-142345-0034_x4,s4,coarse_to_fine,1,False,0.0,-0.54924629770234,1.0,0.50398879727587,margin
6930-81414-0000_4507-16021-0059_6829-68771-0029_x4,s1,gated_deflation,0,True,0.00016625423667479124,0.13749190849260529,0.9594241661422278,0.5958739886008563,accepted
6930-81414-0000_4507-16021-0059_6829-68771-0029_x4,s2,gated_deflation,0,True,0.0,0.1270356033310182,1.0,0.76455254484704,accepted
6930-81414-0000_4507-16021-0059_6829-68771-0029_x4,s3,gated_deflation,0,True,0.0,0.11411296732951554,0.959392699811202,0.6903300685036692,accepted
6930-81414-0000_4507-16021-0059_6829-68771-0029_x4,s4,gated_deflation,0,False,0.0,-0.11141921704889021,1.0,0.73982261348321,margin
6930-81414-0000_4507-16021-0059_6829-68771-0029_x4,s1,coarse_to_fine,0,False,0.00016625423667479124,-0.14644668139138992,0.9932819383259912,0.5759131215709657,margin
6930-81414-0000_4507-16021-0059_6829-68771-0029_x4,s2,coarse_to_fine,0,False,0.0,-0.08651004450162578,1.0,0.40363368422288637,margin
6930-81414-0000_4507-16021-0059_6829-68771-0029_x4,s3,coarse_to_fine,0,True,0.0,0.12346332771991811,0.9914883574575205,0.4788585669267146,accepted
6930-81414-0000_4507-16021-0059_6829-68771-0029_x4,s4,coarse_to_fine,0,False,0.0,-0.06257147760937481,1.0,0.47984726274792466,margin
6930-81414-0000_4507-16021-0059_6829-68771-0029_x4,s1,coarse_to_fine,1,False,0.00016625423667479124,-0.46241621916865194,0.9932819383259912,0.5759131215709657,margin
6930-81414-0000_4507-16021-0059_6829-68771-0029_x4,s2,coarse_to_fine,1,False,0.0,-0.39243192236084234,1.0,0.40363368422288637,margin
6930-81414-0000_4507-16021-0059_6829-68771-0029_x4,s3,coarse_to_fine,1,True,0.0,0.480351749885124,0.9911264946507238,0.45233150562338537,accepted
6930-81414-0000_4507-16021-0059_6829-68771-0029_x4,s4,coarse_to_fine,1,False,0.0,-0.37052342620477496,1.0,0.47984726274792466,margin
2300-131720-0040_260-123440-0017_672-122797-0022_x4,s1,gated_deflation,0,False,0.0,-0.18139072231885617,1.0,0.8597373184107187,margin
2300-131720-0040_260-123440-0017_672-122797-0022_x4,s2,gated_deflation,0,False,0.0,-0.08150173930806626,1.0,0.9170960416220905,margin
2300-131720-0040_260-123440-0017_672-122797-0022_x4,s3,gated_deflation,0,True,0.00015704903950037,0.4801751764388208,1.0,0.5632472036227588,accepted
2300-131720-0040_260-123440-0017_672-122797-0022_x4,s4,gated_deflation,0,True,0.0,0.1575234772802906,1.0,0.790642397576965,accepted
2300-131720-0040_260-123440-0017_672-122797-0022_x4,s1,coarse_to_fine,0,False,0.0,-0.2638965308344341,1.0,0.48337832081470755,margin
2300-131720-0040_260-123440-0017_672-122797-0022_x4,s2,coarse_to_fine,0,False,0.0,-0.31962730066869127,1.0,0.4680888047360006,margin
2300-131720-0040_260-123440-0017_672-122797-0022_x4,s3,coarse_to_fine,0,False,0.00015704903950037,0.017751906944572182,1.0,0.5139204219691954,margin
2300-131720-0040_260-123440-0017_672-122797-0022_x4,s4,coarse_to_fine,0,False,0.0,0.06037464257022174,1.0,0.468140960558328,margin
2300-131720-0040_260-123440-0017_672-122797-0022_x4,s1,coarse_to_fine,1,False,0.0,-0.2638965308344341,1.0,0.48337832081470755,margin
2300-131720-0040_260-123440-0017_672-122797-0022_x4,s2,coarse_to_fine,1,False,0.0,-0.31962730066869127,1.0,0.4680888047360006,margin
2300-131720-0040_260-123440-0017_672-122797-0022_x4,s3,coarse_to_fine,1,False,0.00015704903950037,0.017751906944572182,1.0,0.5139204219691954,margin
2300-131720-0040_260-123440-0017_672-122797-0022_x4,s4,coarse_to_fine,1,False,0.0,0.06037464257022174,1.0,0.468140960558328,margin
2830-3980-0052_8224-274381-0007_5683-32879-0022_x4,s1,gated_deflation,0,False,0.0,0.05272839314323852,1.0,0.745667034954648,margin
2830-3980-0052_8224-274381-0007_5683-32879-0022_x4,s2,gated_deflation,0,True,0.00014752221898907102,0.2837320130986423,1.0,0.48136385451436253,accepted
2830-3980-0052_8224-274381-0007_5683-32879-0022_x4,s3,gated_deflation,0,True,0.0,0.19566029915582295,1.0,0.8248767296074653,accepted
2830-3980-0052_8224-274381-0007_5683-32879-0022_x4,s4,gated_deflation,0,True,0.0,0.15294403483373642,1.0,0.6948013125008322,accepted
2830-3980-0052_8224-274381-0007_5683-32879-0022_x4,s1,coarse_to_fine,0,False,0.0,-0.0283948235239469,1.0,0.34218130738938074,margin
2830-3980-0052_8224-274381-0007_5683-32879-0022_x4,s2,coarse_to_fine,0,True,0.00014752221898907102,0.1367389782023012,1.0,0.31593745352586816,accepted
2830-3980-0052_8224-274381-0007_5683-32879-0022_x4,s3,coarse_to_fine,0,False,0.0,-0.04284077612541365,1.0,0.48253188971055655,margin
2830-3980-0052_8224-274381-0007_5683-32879-0022_x4,s4,coarse_to_fine,0,False,0.0,-0.06898925158334418,1.0,0.3545647017523919,margin
2830-3980-0052_8224-274381-0007_5683-32879-0022_x4,s1,coarse_to_fine,1,False,0.0,-0.12684701732157827,1.0,0.34218130738938074,margin
2830-3980-0052_8224-274381-0007_5683-32879-0022_x4,s2,coarse_to_fine,1,True,0.00014752221898907102,0.405688400610589,1.0,0.3538876197317419,accepted
2830-3980-0052_8224-274381-0007_5683-32879-0022_x4,s3,coarse_to_fine,1,False,0.0,-0.04284077612541365,1.0,0.48253188971055655,margin
2830-3980-0052_8224-274381-0007_5683-32879-0022_x4,s4,coarse_to_fine,1,False,0.0,-0.4188655585958093,1.0,0.3545647017523919,margin
6829-68771-0018_1580-141083-0038_1089-134691-0013_x4,s1,gated_deflation,0,True,0.0,0.2617706216215655,1.0,0.7275907281908243,accepted
6829-68771-0018_1580-141083-0038_1089-134691-0013_x4,s2,gated_deflation,0,True,0.0,0.13779357583112134,1.0,0.8049411288529615,accepted
6829-68771-0018_1580-141083-0038_1089-134691-0013_x4,s3,gated_deflation,0,True,0.00014033551969321783,0.5383243518974605,0.9539941447093266,0.5739127364704983,accepted
6829-68771-0018_1580-141083-0038_1089-134691-0013_x4,s4,gated_deflation,0,False,0.0,0.07493066636932816,0.8819217900460059,0.5596609207099014,margin
6829-68771-0018_1580-141083-0038_1089-134691-0013_x4,s1,coarse_to_fine,0,True,0.0,0.21919487718471908,1.0,0.38245661080186644,accepted
6829-68771-0018_1580-141083-0038_1089-134691-0013_x4,s2,coarse_to_fine,0,False,0.0,-0.33049778670495056,1.0,0.5323560597554864,margin
6829-68771-0018_1580-141083-0038_1089-134691-0013_x4,s3,coarse_to_fine,0,True,0.00014033551969321783,0.5365952236806795,0.9875575073191133,0.5046721765209764,accepted
6829-68771-0018_1580-141083-0038_1089-134691-0013_x4,s4,coarse_to_fine,0,True,0.0,0.10030090454749757,0.9717377666248431,0.3572932355203033,accepted
6829-68771-0018_1580-141083-0038_1089-134691-0013_x4,s1,coarse_to_fine,1,True,0.0,0.26660372486694905,1.0,0.3668675622377597,accepted
6829-68771-0018_1580-141083-0038_1089-134691-0013_x4,s2,coarse_to_fine,1,False,0.0,-0.5471497331630428,1.0,0.5323560597554864,margin
6829-68771-0018_1580-141083-0038_1089-134691-0013_x4,s3,coarse_to_fine,1,True,0.00014033551969321783,0.67674135818652,0.9936428272689252,0.5310885673627722,accepted
6829-68771-0018_1580-141083-0038_1089-134691-0013_x4,s4,coarse_to_fine,1,True,0.0,0.2312519047439382,0.9716436637390213,0.34725446488207007,accepted
61-70968-0020_3575-170457-0011_1995-1826-0025_x4,s1,gated_deflation,0,True,0.0,0.4409478680408171,1.0,0.7258211293760282,accepted
61-70968-0020_3575-170457-0011_1995-1826-0025_x4,s2,gated_deflation,0,True,0.0001492707478387047,0.46670341165272405,1.0,0.5999342615851448,accepted
61-70968-0020_3575-170457-0011_1995-1826-0025_x4,s3,gated_deflation,0,False,0.0,0.03929859717291595,1.0,0.829722234366975,margin
61-70968-0020_3575-170457-0011_1995-1826-0025_x4,s4,gated_deflation,0,False,0.0,-0.1964773338685638,1.0,0.6937950419696356,margin
61-70968-0020_3575-170457-0011_1995-1826-0025_x4,s1,coarse_to_fine,0,True,0.0,0.3384579183558828,1.0,0.4920504628337586,accepted
61-70968-0020_3575-170457-0011_1995-1826-0025_x4,s2,coarse_to_fine,0,True,0.0001492707478387047,0.1710733197074701,1.0,0.4398833111162347,accepted
61-70968-0020_3575-170457-0011_1995-1826-0025_x4,s3,coarse_to_fine,0,False,0.0,-0.11260841750771133,1.0,0.3984765835319019,margin
61-70968-0020_3575-170457-0011_1995-1826-0025_x4,s4,coarse_to_fine,0,False,0.0,-0.23268181112629213,1.0,0.3766124111264906,margin
61-70968-0020_3575-170457-0011_1995-1826-0025_x4,s1,coarse_to_fine,1,True,0.0,0.5404031712586098,1.0,0.44945946183454366,accepted
61-70968-0020_3575-170457-0011_1995-1826-0025_x4,s2,coarse_to_fine,1,True,0.0001492707478387047,0.4463025942434705,1.0,0.4556210296242578,accepted
61-70968-0020_3575-170457-0011_1995-1826-0025_x4,s3,coarse_to_fine,1,False,0.0,-0.41315275254076084,1.0,0.3984765835319019,margin
61-70968-0020_3575-170457-0011_1995-1826-0025_x4,s4,coarse_to_fine,1,False,0.0,-0.45631960653822046,1.0,0.3766124111264906,margin
1995-1826-0021_7021-79740-0011_6930-81414-0002_x4,s1,gated_deflation,0,False,0.0,-0.12950579456376982,1.0,0.6278472045861481,margin
1995-1826-0021_7021-79740-0011_6930-81414-0002_x4,s2,gated_deflation,0,False,0.0,-0.028869868367333407,1.0,0.6924240242809991,margin
1995-1826-0021_7021-79740-0011_6930-81414-0002_x4,s3,gated_deflation,0,False,0.0,0.25664232148000016,1.0,0.9171177585281314,artifact_score
1995-1826-0021_7021-79740-0011_6930-81414-0002_x4,s4,gated_deflation,0,True,0.00011274032426448692,0.5381388937405469,1.0,0.43705949650910125,accepted
1995-1826-0021_7021-79740-0011_6930-81414-0002_x4,s1,coarse_to_fine,0,False,0.0,-0.2197002809591304,1.0,0.289940857390645,margin
1995-1826-0021_7021-79740-0011_6930-81414-0002_x4,s2,coarse_to_fine,0,False,0.0,-0.28670877032892944,1.0,0.34249416146576805,margin
1995-1826-0021_7021-79740-0011_6930-81414-0002_x4,s3,coarse_to_fine,0,False,0.0,-0.14333137413472297,1.0,0.44267227365639034,margin
1995-1826-0021_7021-79740-0011_6930-81414-0002_x4,s4,coarse_to_fine,0,True,0.00011274032426448692,0.3683932775184431,1.0,0.3633521778386706,accepted
1995-1826-0021_7021-79740-0011_6930-81414-0002_x4,s1,coarse_to_fine,1,False,0.0,-0.3117964890204664,1.0,0.289940857390645,margin
1995-1826-0021_7021-79740-0011_6930-81414-0002_x4,s2,coarse_to_fine,1,False,0.0,-0.5076774109345581,1.0,0.34249416146576805,margin
1995-1826-0021_7021-79740-0011_6930-81414-0002_x4,s3,coarse_to_fine,1,False,0.0,-0.3567341357259894,1.0,0.44267227365639034,margin
1995-1826-0021_7021-79740-0011_6930-81414-0002_x4,s4,coarse_to_fine,1,True,0.00011274032426448692,0.586837672496729,0.9915946205571565,0.3652896758994935,accepted
8555-284447-0013_5142-33396-0048_2830-3980-0056_x4,s1,gated_deflation,0,False,0.0,-0.13670523474613172,0.9928327114427861,0.530012501214484,margin
8555-284447-0013_5142-33396-0048_2830-3980-0056_x4,s2,gated_deflation,0,False,0.0,-0.011123411173380726,1.0,0.8172102652712212,margin
8555-284447-0013_5142-33396-0048_2830-3980-0056_x4,s3,gated_deflation,0,True,0.0,0.1774490990754693,1.0,0.7152344552038937,accepted
8555-284447-0013_5142-33396-0048_2830-3980-0056_x4,s4,gated_deflation,0,True,0.0003280776270946479,0.38532551134098847,1.0,0.4924275196351463,accepted
8555-284447-0013_5142-33396-0048_2830-3980-0056_x4,s1,coarse_to_fine,0,False,0.0,-0.10668058002320918,0.9930192786069652,0.3360111335538809,margin
8555-284447-0013_5142-33396-0048_2830-3980-0056_x4,s2,coarse_to_fine,0,False,0.0,-0.12006082903919221,1.0,0.4433835518099449,margin
8555-284447-0013_5142-33396-0048_2830-3980-0056_x4,s3,coarse_to_fine,0,False,0.0,0.035464585260322645,1.0,0.3664622331734978,margin
8555-284447-0013_5142-33396-0048_2830-3980-0056_x4,s4,coarse_to_fine,0,True,0.0003280776270946479,0.29558549062928813,1.0,0.3380487549389036,accepted
8555-284447-0013_5142-33396-0048_2830-3980-0056_x4,s1,coarse_to_fine,1,False,0.0,-0.27673401706699224,0.9930192786069652,0.3360111335538809,margin
8555-284447-0013_5142-33396-0048_2830-3980-0056_x4,s2,coarse_to_fine,1,False,0.0,-0.12006082903919221,1.0,0.4433835518099449,margin
8555-284447-0013_5142-33396-0048_2830-3980-0056_x4,s3,coarse_to_fine,1,False,0.0,-0.1729068615755719,1.0,0.3664622331734978,margin
8555-284447-0013_5142-33396-0048_2830-3980-0056_x4,s4,coarse_to_fine,1,True,0.0003280776270946479,0.6288460808924375,1.0,0.36826811721553887,accepted
4992-41797-0021_5142-33396-0064_5639-40744-0033_x4,s1,gated_deflation,0,False,0.0,-0.03336523816293002,1.0,0.5286910303164419,margin
4992-41797-0021_5142-33396-0064_5639-40744-0033_x4,s2,gated_deflation,0,True,0.0,0.2573344360463187,1.0,0.8729605519594669,accepted
4992-41797-0021_5142-33396-0064_5639-40744-0033_x4,s3,gated_deflation,0,True,0.00022994433905322337,0.12966897329604887,1.0,0.5591974509098853,accepted
4992-41797-0021_5142-33396-0064_5639-40744-0033_x4,s4,gated_deflation,0,False,0.0,0.09348735815005971,1.0,0.8646612296002373,margin
4992-41797-0021_5142-33396-0064_5639-40744-0033_x4,s1,coarse_to_fine,0,False,0.0,-0.02480314073119866,1.0,0.31592825030646354,margin
4992-41797-0021_5142-33396-0064_5639-40744-0033_x4,s2,coarse_to_fine,0,True,0.0,0.22512042200551158,1.0,0.549824102365778,accepted
4992-41797-0021_5142-33396-0064_5639-40744-0033_x4,s3,coarse_to_fine,0,False,0.00022994433905322337,0.027244750012590746,1.0,0.42745771934383736,margin
4992-41797-0021_5142-33396-0064_5639-40744-0033_x4,s4,coarse_to_fine,0,False,0.0,-0.20328817133073063,1.0,0.4969521867106863,margin
4992-41797-0021_5142-33396-0064_5639-40744-0033_x4,s1,coarse_to_fine,1,False,0.0,-0.10480155066027036,1.0,0.31592825030646354,margin
4992-41797-0021_5142-33396-0064_5639-40744-0033_x4,s2,coarse_to_fine,1,True,0.0,0.5497546361883104,1.0,0.5061862133442426,accepted
4992-41797-0021_5142-33396-0064_5639-40744-0033_x4,s3,coarse_to_fine,1,False,0.00022994433905322337,-0.1440664548088445,1.0,0.42745771934383736,margin
4992-41797-0021_5142-33396-0064_5639-40744-0033_x4,s4,coarse_to_fine,1,False,0.0,-0.5241063218876062,1.0,0.4969521867106863,margin
61-70968-0016_908-157963-0022_1089-134686-0007_x4,s1,gated_deflation,0,True,0.0,0.11975230888106392,1.0,0.8524127477846873,accepted
61-70968-0016_908-157963-0022_1089-134686-0007_x4,s2,gated_deflation,0,False,0.0,0.09903097294714402,0.8721606648199446,0.7902996591378164,margin
61-70968-0016_908-157963-0022_1089-134686-0007_x4,s3,gated_deflation,0,False,0.0,-0.0035816779453330394,0.9745419847328244,0.8170757190713138,margin
61-70968-0016_908-157963-0022_1089-134686-0007_x4,s4,gated_deflation,0,True,0.0001060777863915923,0.7101584054251513,0.9763850415512465,0.48296130681678984,accepted
61-70968-0016_908-157963-0022_1089-134686-0007_x4,s1,coarse_to_fine,0,False,0.0,0.014507593866439572,1.0,0.4555979321498591,margin
61-70968-0016_908-157963-0022_1089-134686-0007_x4,s2,coarse_to_fine,0,False,0.0,0.02689144363193996,1.0,0.38517287525291405,margin
61-70968-0016_908-157963-0022_1089-134686-0007_x4,s3,coarse_to_fine,0,False,0.0,-0.07844178570196214,1.0,0.43778627807974363,margin
61-70968-0016_908-157963-0022_1089-134686-0007_x4,s4,coarse_to_fine,0,True,0.0001060777863915923,0.17220234837867504,1.0,0.33271200570738313,accepted
61-70968-0016_908-157963-0022_1089-134686-0007_x4,s1,coarse_to_fine,1,False,0.0,0.014507593866439572,1.0,0.4555979321498591,margin
61-70968-0016_908-157963-0022_1089-134686-0007_x4,s2,coarse_to_fine,1,False,0.0,0.02689144363193996,1.0,0.38517287525291405,margin
61-70968-0016_908-157963-0022_1089-134686-0007_x4,s3,coarse_to_fine,1,False,0.0,-0.07844178570196214,1.0,0.43778627807974363,margin
61-70968-0016_908-157963-0022_1089-134686-0007_x4,s4,coarse_to_fine,1,True,0.0001060777863915923,0.5778773488545796,1.0,0.3303255914707961,accepted
8230-279154-0018_1995-1836-0007_6930-76324-0006_x4,s1,gated_deflation,0,True,0.00012776216852790483,0.5114912512664648,0.9998191027496383,0.46423948312337293,accepted
8230-279154-0018_1995-1836-0007_6930-76324-0006_x4,s2,gated_deflation,0,True,0.0,0.134830916029628,1.0,0.8439526583269074,accepted
8230-279154-0018_1995-1836-0007_6930-76324-0006_x4,s3,gated_deflation,0,True,0.0,0.18727710298472072,1.0,0.8581560494357867,accepted
8230-279154-0018_1995-1836-0007_6930-76324-0006_x4,s4,gated_deflation,0,True,0.0,0.1785734137215268,1.0,0.860837013975839,accepted
8230-279154-0018_1995-1836-0007_6930-76324-0006_x4,s1,coarse_to_fine,0,False,0.00012776216852790483,-0.06258759959738652,1.0,0.4105196584689614,margin
8230-279154-0018_1995-1836-0007_6930-76324-0006_x4,s2,coarse_to_fine,0,False,0.0,-0.10330104177923097,1.0,0.36500203694633654,margin
8230-279154-0018_1995-1836-0007_6930-76324-0006_x4,s3,coarse_to_fine,0,False,0.0,0.07859062956151996,1.0,0.5496153628739396,margin
8230-279154-0018_1995-1836-0007_6930-76324-0006_x4,s4,coarse_to_fine,0,False,0.0,-0.05871747300460978,1.0,0.5145146869462638,margin
8230-279154-0018_1995-1836-0007_6930-76324-0006_x4,s1,coarse_to_fine,1,False,0.00012776216852790483,-0.06258759959738652,1.0,0.4105196584689614,margin
8230-279154-0018_1995-1836-0007_6930-76324-0006_x4,s2,coarse_to_fine,1,False,0.0,-0.10330104177923097,1.0,0.36500203694633654,margin
8230-279154-0018_1995-1836-0007_6930-76324-0006_x4,s3,coarse_to_fine,1,False,0.0,0.07859062956151996,1.0,0.5496153628739396,margin
8230-279154-0018_1995-1836-0007_6930-76324-0006_x4,s4,coarse_to_fine,1,False,0.0,-0.05871747300460978,1.0,0.5145146869462638,margin
5142-33396-0020_4992-41797-0015_7021-85628-0010_x4,s1,gated_deflation,0,True,0.0,0.248862079253924,1.0,0.8446531996067621,accepted
5142-33396-0020_4992-41797-0015_7021-85628-0010_x4,s2,gated_deflation,0,True,0.000353317698853903,0.2132906955836391,0.9922843905915895,0.5043282781155618,accepted
5142-33396-0020_4992-41797-0015_7021-85628-0010_x4,s3,gated_deflation,0,True,0.0,0.13944056414995093,0.9907697790449038,0.538428831614357,accepted
5142-33396-0020_4992-41797-0015_7021-85628-0010_x4,s4,gated_deflation,0,False,0.0,-0.051755267264818716,0.9853322072072072,0.6669667041830161,margin
5142-33396-0020_4992-41797-0015_7021-85628-0010_x4,s1,coarse_to_fine,0,False,0.0,0.06787075553031557,1.0,0.48244842919707515,margin
5142-33396-0020_4992-41797-0015_7021-85628-0010_x4,s2,coarse_to_fine,0,True,0.000353317698853903,0.22895536213131096,1.0,0.3057304072376249,accepted
5142-33396-0020_4992-41797-0015_7021-85628-0010_x4,s3,coarse_to_fine,0,False,0.0,-0.00786170915732437,0.9849964362081255,0.30146063894694447,margin
5142-33396-0020_4992-41797-0015_7021-85628-0010_x4,s4,coarse_to_fine,0,False,0.0,-0.16202367763115655,1.0,0.2927437102727646,margin
5142-33396-0020_4992-41797-0015_7021-85628-0010_x4,s1,coarse_to_fine,1,False,0.0,-0.0759701677116561,1.0,0.48244842919707515,margin
5142-33396-0020_4992-41797-0015_7021-85628-0010_x4,s2,coarse_to_fine,1,True,0.000353317698853903,0.5105942358576755,1.0,0.2971676604947032,accepted
5142-33396-0020_4992-41797-0015_7021-85628-0010_x4,s3,coarse_to_fine,1,False,0.0,-0.1408951222932719,0.9849964362081255,0.30146063894694447,margin
5142-33396-0020_4992-41797-0015_7021-85628-0010_x4,s4,coarse_to_fine,1,False,0.0,-0.3367615813179703,1.0,0.2927437102727646,margin
5683-32866-0004_121-121726-0005_5142-33396-0003_x4,s1,gated_deflation,0,True,0.00012194129196570902,0.5496577197564583,0.9150303643724697,0.5819357994904463,accepted
5683-32866-0004_121-121726-0005_5142-33396-0003_x4,s2,gated_deflation,0,False,0.0,0.06763555767678509,0.9889880952380953,0.8863168387104436,margin
5683-32866-0004_121-121726-0005_5142-33396-0003_x4,s3,gated_deflation,0,True,0.0,0.15160757024630522,0.8922064777327935,0.848959159892374,accepted
5683-32866-0004_121-121726-0005_5142-33396-0003_x4,s4,gated_deflation,0,True,0.0,0.14565596406555065,1.0,0.8682156658330661,accepted
5683-32866-0004_121-121726-0005_5142-33396-0003_x4,s1,coarse_to_fine,0,False,0.00012194129196570902,-0.07669066678885156,0.9079959514170041,0.5287303046360148,margin
5683-32866-0004_121-121726-0005_5142-33396-0003_x4,s2,coarse_to_fine,0,False,0.0,-0.1759032271348133,1.0,0.4767083743722087,margin
5683-32866-0004_121-121726-0005_5142-33396-0003_x4,s3,coarse_to_fine,0,True,0.0,0.17414280015867212,0.8922064777327935,0.5107303831537646,accepted
5683-32866-0004_121-121726-0005_5142-33396-0003_x4,s4,coarse_to_fine,0,False,0.0,-0.07553911593628326,1.0,0.497559005278436,margin
5683-32866-0004_121-121726-0005_5142-33396-0003_x4,s1,coarse_to_fine,1,False,0.00012194129196570902,-0.3036895634808453,0.9079959514170041,0.5287303046360148,margin
5683-32866-0004_121-121726-0005_5142-33396-0003_x4,s2,coarse_to_fine,1,False,0.0,-0.44258195216382723,1.0,0.4767083743722087,margin
5683-32866-0004_121-121726-0005_5142-33396-0003_x4,s3,coarse_to_fine,1,True,0.0,0.47979628897317744,0.8924089068825911,0.5189382012548868,accepted
5683-32866-0004_121-121726-0005_5142-33396-0003_x4,s4,coarse_to_fine,1,False,0.0,-0.07553911593628326,1.0,0.497559005278436,margin
7176-88083-0020_4446-2271-0013_6829-68769-0032_x4,s1,gated_deflation,0,False,0.0,0.09555381360452453,1.0,0.7693071461455163,margin
7176-88083-0020_4446-2271-0013_6829-68769-0032_x4,s2,gated_deflation,0,False,0.0,-0.3194231126230198,1.0,0.8221345596951214,margin
7176-88083-0020_4446-2271-0013_6829-68769-0032_x4,s3,gated_deflation,0,False,0.0,-0.20363590882774296,1.0,0.7842145826742839,margin
7176-88083-0020_4446-2271-0013_6829-68769-0032_x4,s4,gated_deflation,0,True,0.00014219817645613942,0.6034811864754182,1.0,0.4482914052779146,accepted
7176-88083-0020_4446-2271-0013_6829-68769-0032_x4,s1,coarse_to_fine,0,False,0.0,0.03491272844351967,1.0,0.3492967588515629,margin
7176-88083-0020_4446-2271-0013_6829-68769-0032_x4,s2,coarse_to_fine,0,False,0.0,-0.4161154229635016,1.0,0.3980248220525224,margin
7176-88083-0020_4446-2271-0013_6829-68769-0032_x4,s3,coarse_to_fine,0,False,0.0,-0.5484512228919491,1.0,0.4282668454060485,margin
7176-88083-0020_4446-2271-0013_6829-68769-0032_x4,s4,coarse_to_fine,0,True,0.00014219817645613942,0.20537334102471594,1.0,0.3179966054630281,accepted
7176-88083-0020_4446-2271-0013_6829-68769-0032_x4,s1,coarse_to_fine,1,False,0.0,-0.2863175759451683,1.0,0.3492967588515629,margin
7176-88083-0020_4446-2271-0013_6829-68769-0032_x4,s2,coarse_to_fine,1,False,0.0,-0.6382371336917119,1.0,0.3980248220525224,margin
7176-88083-0020_4446-2271-0013_6829-68769-0032_x4,s3,coarse_to_fine,1,False,0.0,-0.8044200216379852,1.0,0.4282668454060485,margin
7176-88083-0020_4446-2271-0013_6829-68769-0032_x4,s4,coarse_to_fine,1,True,0.00014219817645613942,0.4884348911705782,1.0,0.32898479200676456,accepted
6829-68769-0004_4077-13751-0008_4992-41797-0005_x4,s1,gated_deflation,0,True,0.0,0.22889291263551925,1.0,0.6926592106796114,accepted
6829-68769-0004_4077-13751-0008_4992-41797-0005_x4,s2,gated_deflation,0,True,0.00012604313163201998,0.5347604606231733,1.0,0.5646272543705824,accepted
6829-68769-0004_4077-13751-0008_4992-41797-0005_x4,s3,gated_deflation,0,True,0.0,0.12128272556512867,1.0,0.8179200224324481,accepted
6829-68769-0004_4077-13751-0008_4992-41797-0005_x4,s4,gated_deflation,0,False,0.0,-0.03359699667964064,1.0,0.8142957699254464,margin
6829-68769-0004_4077-13751-0008_4992-41797-0005_x4,s1,coarse_to_fine,0,True,0.0,0.26507688825813835,1.0,0.41328562754195974,accepted
6829-68769-0004_4077-13751-0008_4992-41797-0005_x4,s2,coarse_to_fine,0,True,0.00012604313163201998,0.5088052426949756,1.0,0.5115999418510371,accepted
6829-68769-0004_4077-13751-0008_4992-41797-0005_x4,s3,coarse_to_fine,0,False,0.0,-0.08116385607180096,1.0,0.39660379139080004,margin
6829-68769-0004_4077-13751-0008_4992-41797-0005_x4,s4,coarse_to_fine,0,False,0.0,-0.062449550786675245,1.0,0.5071191920674452,margin
6829-68769-0004_4077-13751-0008_4992-41797-0005_x4,s1,coarse_to_fine,1,True,0.0,0.5971310382596993,1.0,0.4002042861178567,accepted
6829-68769-0004_4077-13751-0008_4992-41797-0005_x4,s2,coarse_to_fine,1,True,0.00012604313163201998,0.7006307038920577,1.0,0.5443364401692647,accepted
6829-68769-0004_4077-13751-0008_4992-41797-0005_x4,s3,coarse_to_fine,1,False,0.0,-0.22396935038522559,1.0,0.39660379139080004,margin
6829-68769-0004_4077-13751-0008_4992-41797-0005_x4,s4,coarse_to_fine,1,False,0.0,-0.249778667088972,1.0,0.5071191920674452,margin
6930-81414-0027_7729-102255-0036_7127-75947-0015_x4,s1,gated_deflation,0,True,0.0,0.2626682554787376,1.0,0.849280450804858,accepted
6930-81414-0027_7729-102255-0036_7127-75947-0015_x4,s2,gated_deflation,0,True,0.00012402457916743277,0.533314423800876,0.9805846007604563,0.5864620053842352,accepted
6930-81414-0027_7729-102255-0036_7127-75947-0015_x4,s3,gated_deflation,0,False,0.0,-0.278125375681952,0.9539686311787072,0.6900391638618972,margin
6930-81414-0027_7729-102255-0036_7127-75947-0015_x4,s4,gated_deflation,0,False,0.0,0.06043923117343142,1.0,0.852627956869141,margin
6930-81414-0027_7729-102255-0036_7127-75947-0015_x4,s1,coarse_to_fine,0,False,0.0,0.08957984373126299,1.0,0.6091370253186679,margin
6930-81414-0027_7729-102255-0036_7127-75947-0015_x4,s2,coarse_to_fine,0,True,0.00012402457916743277,0.3740715637666211,0.9841730038022813,0.4186948999142921,accepted
6930-81414-0027_7729-102255-0036_7127-75947-0015_x4,s3,coarse_to_fine,0,False,0.0,-0.37356897069281436,0.9843393536121673,0.48999847154653375,margin
6930-81414-0027_7729-102255-0036_7127-75947-0015_x4,s4,coarse_to_fine,0,False,0.0,-0.01739832681544326,1.0,0.5365315413382294,margin
6930-81414-0027_7729-102255-0036_7127-75947-0015_x4,s1,coarse_to_fine,1,False,0.0,-0.05505465112787497,1.0,0.6091370253186679,margin
6930-81414-0027_7729-102255-0036_7127-75947-0015_x4,s2,coarse_to_fine,1,True,0.00012402457916743277,0.6660418043502093,0.9837927756653992,0.4352349440942322,accepted
6930-81414-0027_7729-102255-0036_7127-75947-0015_x4,s3,coarse_to_fine,1,False,0.0,-0.6374442043657069,0.9843393536121673,0.48999847154653375,margin
6930-81414-0027_7729-102255-0036_7127-75947-0015_x4,s4,coarse_to_fine,1,False,0.0,-0.01739832681544326,1.0,0.5365315413382294,margin
4992-23283-0008_8555-284447-0009_4077-13751-0013_x4,s1,gated_deflation,0,True,0.0002718283264094368,0.3075025928083866,1.0,0.6214034490182553,accepted
4992-23283-0008_8555-284447-0009_4077-13751-0013_x4,s2,gated_deflation,0,True,0.0,0.1631950231724243,1.0,0.7342811243291492,accepted
4992-23283-0008_8555-284447-0009_4077-13751-0013_x4,s3,gated_deflation,0,True,0.0,0.1675382145732467,1.0,0.6943369663274055,accepted
4992-23283-0008_8555-284447-0009_4077-13751-0013_x4,s4,gated_deflation,0,False,0.0,0.021201793434702465,1.0,0.7179070775788818,margin
4992-23283-0008_8555-284447-0009_4077-13751-0013_x4,s1,coarse_to_fine,0,True,0.0002718283264094368,0.14436814565240164,1.0,0.3452400087835578,accepted
4992-23283-0008_8555-284447-0009_4077-13751-0013_x4,s2,coarse_to_fine,0,False,0.0,-0.2447028201976051,1.0,0.3855485682350072,margin
4992-23283-0008_8555-284447-0009_4077-13751-0013_x4,s3,coarse_to_fine,0,False,0.0,0.03892225375318292,1.0,0.42912183834481143,margin
4992-23283-0008_8555-284447-0009_4077-13751-0013_x4,s4,coarse_to_fine,0,False,0.0,-0.19360057955024665,1.0,0.3480509099341123,margin
4992-23283-0008_8555-284447-0009_4077-13751-0013_x4,s1,coarse_to_fine,1,True,0.0002718283264094368,0.5487557919823198,1.0,0.33595606920440896,accepted
4992-23283-0008_8555-284447-0009_4077-13751-0013_x4,s2,coarse_to_fine,1,False,0.0,-0.424822924749226,1.0,0.3855485682350072,margin
4992-23283-0008_8555-284447-0009_4077-13751-0013_x4,s3,coarse_to_fine,1,False,0.0,-0.17410844040525342,1.0,0.42912183834481143,margin
4992-23283-0008_8555-284447-0009_4077-13751-0013_x4,s4,coarse_to_fine,1,False,0.0,-0.32661220464590646,1.0,0.3480509099341123,margin
1188-133604-0005_4446-2275-0035_1580-141083-0026_x4,s1,gated_deflation,0,True,0.00013886001327492075,0.38581061303688796,0.9682397959183674,0.5641639347553705,accepted
1188-133604-0005_4446-2275-0035_1580-141083-0026_x4,s2,gated_deflation,0,True,0.0,0.15676165128653485,1.0,0.8189666134053,accepted
1188-133604-0005_4446-2275-0035_1580-141083-0026_x4,s3,gated_deflation,0,True,0.0,0.14884900542084306,1.0,0.81451602791984,accepted
1188-133604-0005_4446-2275-0035_1580-141083-0026_x4,s4,gated_deflation,0,True,0.0,0.18652762918714993,0.966530612244898,0.6713593631022756,accepted
1188-133604-0005_4446-2275-0035_1580-141083-0026_x4,s1,coarse_to_fine,0,True,0.00013886001327492075,0.38083022868143335,1.0,0.4635354321393976,accepted
1188-133604-0005_4446-2275-0035_1580-141083-0026_x4,s2,coarse_to_fine,0,True,0.0,0.2913582998587933,1.0,0.4878238051129584,accepted
1188-133604-0005_4446-2275-0035_1580-141083-0026_x4,s3,coarse_to_fine,0,False,0.0,-0.060259131338952304,1.0,0.5614486664003284,margin
1188-133604-0005_4446-2275-0035_1580-141083-0026_x4,s4,coarse_to_fine,0,False,0.0,0.0975707534475389,1.0,0.313049614490248,margin
1188-133604-0005_4446-2275-0035_1580-141083-0026_x4,s1,coarse_to_fine,1,True,0.00013886001327492075,0.5888015654706951,1.0,0.5109350685011299,accepted
1188-133604-0005_4446-2275-0035_1580-141083-0026_x4,s2,coarse_to_fine,1,True,0.0,0.5803901269468925,1.0,0.49139761712499064,accepted
1188-133604-0005_4446-2275-0035_1580-141083-0026_x4,s3,coarse_to_fine,1,False,0.0,-0.23006678156944907,1.0,0.5614486664003284,margin
1188-133604-0005_4446-2275-0035_1580-141083-0026_x4,s4,coarse_to_fine,1,False,0.0,-0.01612622313318668,1.0,0.313049614490248,margin
5639-40744-0026_4446-2271-0019_8230-279154-0022_x4,s1,gated_deflation,0,True,0.00013373859970980945,0.412975255206577,0.9999770220588236,0.4680051744954662,accepted
5639-40744-0026_4446-2271-0019_8230-279154-0022_x4,s2,gated_deflation,0,False,0.0,0.016743148453220058,1.0,0.8604497966980098,margin
5639-40744-0026_4446-2271-0019_8230-279154-0022_x4,s3,gated_deflation,0,False,0.0,0.04147229863089552,0.9998161764705882,0.7662068549502395,margin
5639-40744-0026_4446-2271-0019_8230-279154-0022_x4,s4,gated_deflation,0,False,0.0,-0.0368279527519913,1.0,0.8375124905915285,margin
5639-40744-0026_4446-2271-0019_8230-279154-0022_x4,s1,coarse_to_fine,0,False,0.00013373859970980945,0.03904714822555183,1.0,0.3587607382563499,margin
5639-40744-0026_4446-2271-0019_8230-279154-0022_x4,s2,coarse_to_fine,0,False,0.0,0.019656734430183953,1.0,0.35083631964023115,margin
5639-40744-0026_4446-2271-0019_8230-279154-0022_x4,s3,coarse_to_fine,0,False,0.0,0.09118495309030777,1.0,0.371927076121153,margin
5639-40744-0026_4446-2271-0019_8230-279154-0022_x4,s4,coarse_to_fine,0,False,0.0,-0.12104967747522172,1.0,0.4609389614569824,margin
5639-40744-0026_4446-2271-0019_8230-279154-0022_x4,s1,coarse_to_fine,1,False,0.00013373859970980945,0.03904714822555183,1.0,0.3587607382563499,margin
5639-40744-0026_4446-2271-0019_8230-279154-0022_x4,s2,coarse_to_fine,1,False,0.0,0.019656734430183953,1.0,0.35083631964023115,margin
5639-40744-0026_4446-2271-0019_8230-279154-0022_x4,s3,coarse_to_fine,1,False,0.0,0.09118495309030777,1.0,0.371927076121153,margin
5639-40744-0026_4446-2271-0019_8230-279154-0022_x4,s4,coarse_to_fine,1,False,0.0,-0.12104967747522172,1.0,0.4609389614569824,margin
5683-32879-0017_7176-92135-0009_4077-13751-0014_x4,s1,gated_deflation,0,False,0.00016004938254663776,-0.06092445995495527,1.0,0.5915602655898909,margin
5683-32879-0017_7176-92135-0009_4077-13751-0014_x4,s2,gated_deflation,0,False,0.0,-0.08680916339115818,1.0,0.842978815311789,margin
5683-32879-0017_7176-92135-0009_4077-13751-0014_x4,s3,gated_deflation,0,True,0.0,0.28266902781274705,1.0,0.6196707700933278,accepted
5683-32879-0017_7176-92135-0009_4077-13751-0014_x4,s4,gated_deflation,0,True,0.0,0.22059516658440353,1.0,0.8742329191011026,accepted
5683-32879-0017_7176-92135-0009_4077-13751-0014_x4,s1,coarse_to_fine,0,True,0.00016004938254663776,0.3445916815774786,1.0,0.5440872337591565,accepted
5683-32879-0017_7176-92135-0009_4077-13751-0014_x4,s2,coarse_to_fine,0,False,0.0,-0.31328793891890305,1.0,0.38217078270902355,margin
5683-32879-0017_7176-92135-0009_4077-13751-0014_x4,s3,coarse_to_fine,0,True,0.0,0.25443461878816465,1.0,0.48077663098573464,accepted
5683-32879-0017_7176-92135-0009_4077-13751-0014_x4,s4,coarse_to_fine,0,True,0.0,0.2546958974612046,1.0,0.44087113653248267,accepted
5683-32879-0017_7176-92135-0009_4077-13751-0014_x4,s1,coarse_to_fine,1,True,0.00016004938254663776,0.5616745445901254,1.0,0.5419815321108007,accepted
5683-32879-0017_7176-92135-0009_4077-13751-0014_x4,s2,coarse_to_fine,1,False,0.0,-0.5611506327058379,1.0,0.38217078270902355,margin
5683-32879-0017_7176-92135-0009_4077-13751-0014_x4,s3,coarse_to_fine,1,True,0.0,0.36708699001958633,1.0,0.49840146646014105,accepted
5683-32879-0017_7176-92135-0009_4077-13751-0014_x4,s4,coarse_to_fine,1,True,0.0,0.46875151181826397,1.0,0.43762055269247147,accepted
237-134500-0014_4077-13754-0006_8455-210777-0034_x4,s1,gated_deflation,0,False,0.0,-0.07393702223392967,1.0,0.8677069375462739,margin
237-134500-0014_4077-13754-0006_8455-210777-0034_x4,s2,gated_deflation,0,True,0.00015275872890564834,0.31045427056584624,0.9987757100881489,0.5852510979506074,accepted
237-134500-0014_4077-13754-0006_8455-210777-0034_x4,s3,gated_deflation,0,False,0.0,0.04506991191221421,1.0,0.7360923560869195,margin
237-134500-0014_4077-13754-0006_8455-210777-0034_x4,s4,gated_deflation,0,False,0.0,0.02686619770612797,1.0,0.6187161751709611,margin
237-134500-0014_4077-13754-0006_8455-210777-0034_x4,s1,coarse_to_fine,0,False,0.0,-0.11541749338125634,1.0,0.5263121778612114,margin
237-134500-0014_4077-13754-0006_8455-210777-0034_x4,s2,coarse_to_fine,0,False,0.00015275872890564834,0.09396779692737484,1.0,0.48685373910929997,margin
237-134500-0014_4077-13754-0006_8455-210777-0034_x4,s3,coarse_to_fine,0,False,0.0,-0.11779150193725355,1.0,0.47914712539038457,margin
237-134500-0014_4077-13754-0006_8455-210777-0034_x4,s4,coarse_to_fine,0,False,0.0,0.026163274070427844,1.0,0.47266813784897976,margin
237-134500-0014_4077-13754-0006_8455-210777-0034_x4,s1,coarse_to_fine,1,False,0.0,-0.11541749338125634,1.0,0.5263121778612114,margin
237-134500-0014_4077-13754-0006_8455-210777-0034_x4,s2,coarse_to_fine,1,False,0.00015275872890564834,0.09396779692737484,1.0,0.48685373910929997,margin
237-134500-0014_4077-13754-0006_8455-210777-0034_x4,s3,coarse_to_fine,1,False,0.0,-0.11779150193725355,1.0,0.47914712539038457,margin
237-134500-0014_4077-13754-0006_8455-210777-0034_x4,s4,coarse_to_fine,1,False,0.0,0.026163274070427844,1.0,0.47266813784897976,margin
6930-75918-0005_908-31957-0024_7127-75946-0029_x4,s1,gated_deflation,0,True,0.00014118461281207705,0.4281470678789405,1.0,0.614625258471453,accepted
6930-75918-0005_908-31957-0024_7127-75946-0029_x4,s2,gated_deflation,0,False,0.0,0.032606545138403054,1.0,0.7519794307020093,margin
6930-75918-0005_908-31957-0024_7127-75946-0029_x4,s3,gated_deflation,0,True,0.0,0.28272719293902554,1.0,0.6916671776805684,accepted
6930-75918-0005_908-31957-0024_7127-75946-0029_x4,s4,gated_deflation,0,True,0.0,0.18610609709847226,1.0,0.8836826342754505,accepted
6930-75918-0005_908-31957-0024_7127-75946-0029_x4,s1,coarse_to_fine,0,True,0.00014118461281207705,0.21986185956835108,1.0,0.5786695656137378,accepted
6930-75918-0005_908-31957-0024_7127-75946-0029_x4,s2,coarse_to_fine,0,False,0.0,-0.11619042816343772,1.0,0.5000651915754378,margin
6930-75918-0005_908-31957-0024_7127-75946-0029_x4,s3,coarse_to_fine,0,True,0.0,0.3191790853654245,1.0,0.47591829583518247,accepted
6930-75918-0005_908-31957-0024_7127-75946-0029_x4,s4,coarse_to_fine,0,False,0.0,-0.2107074238418613,1.0,0.5179889324505673,margin
6930-75918-0005_908-31957-0024_7127-75946-0029_x4,s1,coarse_to_fine,1,False,0.00014118461281207705,0.01295778617700638,1.0,0.5516147423549894,margin
6930-75918-0005_908-31957-0024_7127-75946-0029_x4,s2,coarse_to_fine,1,False,0.0,-0.3202272669943857,1.0,0.5000651915754378,margin
6930-75918-0005_908-31957-0024_7127-75946-0029_x4,s3,coarse_to_fine,1,True,0.0,0.36710716024852613,1.0,0.4850820103729592,accepted
6930-75918-0005_908-31957-0024_7127-75946-0029_x4,s4,coarse_to_fine,1,False,0.0,-0.3743253297722229,1.0,0.5179889324505673,margin
2961-961-0006_260-123286-0031_4077-13754-0013_x4,s1,gated_deflation,0,False,0.0,-0.045897715096865466,1.0,0.8562606768781716,margin
2961-961-0006_260-123286-0031_4077-13754-0013_x4,s2,gated_deflation,0,False,0.0,-0.03276958342479863,1.0,0.8308019690726153,margin
2961-961-0006_260-123286-0031_4077-13754-0013_x4,s3,gated_deflation,0,True,0.00013846755718416152,0.5111304427372896,1.0,0.5869485815709596,accepted
2961-961-0006_260-123286-0031_4077-13754-0013_x4,s4,gated_deflation,0,False,0.0,0.030647891774318703,1.0,0.9057658058717966,margin
2961-961-0006_260-123286-0031_4077-13754-0013_x4,s1,coarse_to_fine,0,False,0.0,-0.3441987764631941,1.0,0.5326141968616318,margin
2961-961-0006_260-123286-0031_4077-13754-0013_x4,s2,coarse_to_fine,0,False,0.0,-0.0820291355717152,1.0,0.40969249143545017,margin
2961-961-0006_260-123286-0031_4077-13754-0013_x4,s3,coarse_to_fine,0,True,0.00013846755718416152,0.24298222722394436,1.0,0.46815030311506384,accepted
2961-961-0006_260-123286-0031_4077-13754-0013_x4,s4,coarse_to_fine,0,True,0.0,0.2261464969907326,1.0,0.5308901886719425,accepted
2961-961-0006_260-123286-0031_4077-13754-0013_x4,s1,coarse_to_fine,1,False,0.0,-0.5488409125812027,1.0,0.5326141968616318,margin
2961-961-0006_260-123286-0031_4077-13754-0013_x4,s2,coarse_to_fine,1,False,0.0,-0.29484054222737155,1.0,0.40969249143545017,margin
2961-961-0006_260-123286-0031_4077-13754-0013_x4,s3,coarse_to_fine,1,True,0.00013846755718416152,0.46624549031825463,1.0,0.4658641156284707,accepted
2961-961-0006_260-123286-0031_4077-13754-0013_x4,s4,coarse_to_fine,1,True,0.0,0.44772042174427085,1.0,0.5522188065546726,accepted
5683-32866-0017_4992-23283-0011_6829-68771-0013_x4,s1,gated_deflation,0,True,0.0,0.25436077027140686,1.0,0.7847702619743133,accepted
5683-32866-0017_4992-23283-0011_6829-68771-0013_x4,s2,gated_deflation,0,True,0.0,0.11285207609667475,1.0,0.7905867002625844,accepted
5683-32866-0017_4992-23283-0011_6829-68771-0013_x4,s3,gated_deflation,0,True,0.0,0.38272547663431894,0.778857027463651,0.6624207314697854,accepted
5683-32866-0017_4992-23283-0011_6829-68771-0013_x4,s4,gated_deflation,0,False,0.00020542876685770333,-0.004355872139393924,0.9353796445880452,0.5766314135832844,margin
5683-32866-0017_4992-23283-0011_6829-68771-0013_x4,s1,coarse_to_fine,0,False,0.0,-0.2890738999203113,1.0,0.3543760892633288,margin
5683-32866-0017_4992-23283-0011_6829-68771-0013_x4,s2,coarse_to_fine,0,False,0.0,-0.28177807360837903,1.0,0.34033801356102517,margin
5683-32866-0017_4992-23283-0011_6829-68771-0013_x4,s3,coarse_to_fine,0,True,0.0,0.3502645019705999,0.9831381260096931,0.38495328374370635,accepted
5683-32866-0017_4992-23283-0011_6829-68771-0013_x4,s4,coarse_to_fine,0,False,0.00020542876685770333,-0.21904611522561063,1.0,0.5283906821738101,margin
5683-32866-0017_4992-23283-0011_6829-68771-0013_x4,s1,coarse_to_fine,1,False,0.0,-0.4254435749762278,1.0,0.3543760892633288,margin
5683-32866-0017_4992-23283-0011_6829-68771-0013_x4,s2,coarse_to_fine,1,False,0.0,-0.4025004743209508,1.0,0.34033801356102517,margin
5683-32866-0017_4992-23283-0011_6829-68771-0013_x4,s3,coarse_to_fine,1,True,0.0,0.5895604806367567,0.9833198707592892,0.3859494265829699,accepted
5683-32866-0017_4992-23283-0011_6829-68771-0013_x4,s4,coarse_to_fine,1,False,0.00020542876685770333,-0.4056182289789081,1.0,0.5283906821738101,margin
1188-133604-0034_2830-3980-0019_260-123286-0013_x4,s1,gated_deflation,0,True,0.00011597765694985517,0.3347896196156316,1.0,0.41575053818609525,accepted
1188-133604-0034_2830-3980-0019_260-123286-0013_x4,s2,gated_deflation,0,False,0.0,-0.057373328604858886,1.0,0.8243856645708468,margin
1188-133604-0034_2830-3980-0019_260-123286-0013_x4,s3,gated_deflation,0,False,0.0,-0.12787268430257281,1.0,0.8647348703966432,margin
1188-133604-0034_2830-3980-0019_260-123286-0013_x4,s4,gated_deflation,0,True,0.0,0.11899516496716134,1.0,0.8855724815195529,accepted
1188-133604-0034_2830-3980-0019_260-123286-0013_x4,s1,coarse_to_fine,0,True,0.00011597765694985517,0.21671808932298586,1.0,0.37476746062360605,accepted
1188-133604-0034_2830-3980-0019_260-123286-0013_x4,s2,coarse_to_fine,0,False,0.0,-0.10050991073347926,1.0,0.4357923715168437,margin
1188-133604-0034_2830-3980-0019_260-123286-0013_x4,s3,coarse_to_fine,0,False,0.0,-0.32080783334829355,1.0,0.2959860817901593,margin
1188-133604-0034_2830-3980-0019_260-123286-0013_x4,s4,coarse_to_fine,0,False,0.0,-0.021666793397546458,1.0,0.5025568439570824,margin
1188-133604-0034_2830-3980-0019_260-123286-0013_x4,s1,coarse_to_fine,1,True,0.00011597765694985517,0.43530692239089064,1.0,0.3723104330573292,accepted
1188-133604-0034_2830-3980-0019_260-123286-0013_x4,s2,coarse_to_fine,1,False,0.0,-0.27819575287951015,1.0,0.4357923715168437,margin
1188-133604-0034_2830-3980-0019_260-123286-0013_x4,s3,coarse_to_fine,1,False,0.0,-0.5137009504675706,1.0,0.2959860817901593,margin
1188-133604-0034_2830-3980-0019_260-123286-0013_x4,s4,coarse_to_fine,1,False,0.0,-0.21290327756541516,1.0,0.5025568439570824,margin
1284-1181-0014_7729-102255-0011_908-31957-0003_x4,s1,gated_deflation,0,False,0.0,-0.20275591389788988,0.9836885838150289,0.8095867927771268,margin
1284-1181-0014_7729-102255-0011_908-31957-0003_x4,s2,gated_deflation,0,True,9.45424610252196e-05,0.4902392128340286,0.9629335260115607,0.394768360004973,accepted
1284-1181-0014_7729-102255-0011_908-31957-0003_x4,s3,gated_deflation,0,False,0.0,0.0027330356268118194,0.996203953279425,0.8086778457853179,margin
1284-1181-0014_7729-102255-0011_908-31957-0003_x4,s4,gated_deflation,0,False,0.0,-0.004836393798633654,1.0,0.8935998538443151,margin
1284-1181-0014_7729-102255-0011_908-31957-0003_x4,s1,coarse_to_fine,0,False,0.0,-0.183668209966116,0.9836885838150289,0.4407317951653895,margin
1284-1181-0014_7729-102255-0011_908-31957-0003_x4,s2,coarse_to_fine,0,True,9.45424610252196e-05,0.2240750962755047,0.9560151734104047,0.31585515221216437,accepted
1284-1181-0014_7729-102255-0011_908-31957-0003_x4,s3,coarse_to_fine,0,False,0.0,-0.02378421979648604,1.0,0.32112500014823314,margin
1284-1181-0014_7729-102255-0011_908-31957-0003_x4,s4,coarse_to_fine,0,False,0.0,-0.052040977216830986,1.0,0.401613420769021,margin
1284-1181-0014_7729-102255-0011_908-31957-0003_x4,s1,coarse_to_fine,1,False,0.0,-0.3122591520266178,0.9836885838150289,0.4407317951653895,margin
1284-1181-0014_7729-102255-0011_908-31957-0003_x4,s2,coarse_to_fine,1,True,9.45424610252196e-05,0.4679218710113215,0.93746387283237,0.3231056815211679,accepted
1284-1181-0014_7729-102255-0011_908-31957-0003_x4,s3,coarse_to_fine,1,False,0.0,-0.24601796271159726,1.0,0.32112500014823314,margin
1284-1181-0014_7729-102255-0011_908-31957-0003_x4,s4,coarse_to_fine,1,False,0.0,-0.2068658094567059,1.0,0.401613420769021,margin
1188-133604-0013_1320-122612-0009_3570-5695-0000_x4,s1,gated_deflation,0,False,0.0,0.0359154039724372,1.0,0.7491442102723194,margin
1188-133604-0013_1320-122612-0009_3570-5695-0000_x4,s2,gated_deflation,0,True,0.0,0.1641745579249037,1.0,0.7285013133121162,accepted
1188-133604-0013_1320-122612-0009_3570-5695-0000_x4,s3,gated_deflation,0,False,0.0,0.006023710313933672,0.9959530026109661,0.6771148254354389,margin
1188-133604-0013_1320-122612-0009_3570-5695-0000_x4,s4,gated_deflation,0,True,0.00025238758409306614,0.2041227959184585,0.9596605744125326,0.5988463210326611,accepted
1188-133604-0013_1320-122612-0009_3570-5695-0000_x4,s1,coarse_to_fine,0,False,0.0,0.08813194510039263,1.0,0.2612919430547646,margin
1188-133604-0013_1320-122612-0009_3570-5695-0000_x4,s2,coarse_to_fine,0,False,0.0,0.0042305730039839395,1.0,0.4220164911566815,margin
1188-133604-0013_1320-122612-0009_3570-5695-0000_x4,s3,coarse_to_fine,0,True,0.0,0.12497728469456282,1.0,0.36465934099058667,accepted
1188-133604-0013_1320-122612-0009_3570-5695-0000_x4,s4,coarse_to_fine,0,False,0.00025238758409306614,0.03107755578921817,1.0,0.3473814044812459,margin
1188-133604-0013_1320-122612-0009_3570-5695-0000_x4,s1,coarse_to_fine,1,False,0.0,0.08813194510039263,1.0,0.2612919430547646,margin
1188-133604-0013_1320-122612-0009_3570-5695-0000_x4,s2,coarse_to_fine,1,False,0.0,0.0042305730039839395,1.0,0.4220164911566815,margin
1188-133604-0013_1320-122612-0009_3570-5695-0000_x4,s3,coarse_to_fine,1,True,0.0,0.32620325840548414,1.0,0.36314577077320337,accepted
1188-133604-0013_1320-122612-0009_3570-5695-0000_x4,s4,coarse_to_fine,1,False,0.00025238758409306614,0.020746033560752775,1.0,0.3473814044812459,margin
4077-13754-0011_5639-40744-0015_3575-170457-0033_x4,s1,gated_deflation,0,True,0.00013261762459420139,0.3638676017846526,1.0,0.6323496278268973,accepted
4077-13754-0011_5639-40744-0015_3575-170457-0033_x4,s2,gated_deflation,0,False,0.0,0.0435880072299179,1.0,0.6518217786797093,margin
4077-13754-0011_5639-40744-0015_3575-170457-0033_x4,s3,gated_deflation,0,False,0.0,-0.1771420937663903,1.0,0.7201721879488039,margin
4077-13754-0011_5639-40744-0015_3575-170457-0033_x4,s4,gated_deflation,0,False,0.0,0.03800727887375965,0.9994272908366534,0.8157905509713037,margin
4077-13754-0011_5639-40744-0015_3575-170457-0033_x4,s1,coarse_to_fine,0,True,0.00013261762459420139,0.12663856799169532,1.0,0.5619243309222535,accepted
4077-13754-0011_5639-40744-0015_3575-170457-0033_x4,s2,coarse_to_fine,0,False,0.0,-0.07387352972713468,1.0,0.45256996432974195,margin
4077-13754-0011_5639-40744-0015_3575-170457-0033_x4,s3,coarse_to_fine,0,False,0.0,-0.14714640094194947,1.0,0.44140936351622656,margin
4077-13754-0011_5639-40744-0015_3575-170457-0033_x4,s4,coarse_to_fine,0,False,0.0,-0.09115311600940351,1.0,0.4772456401111,margin
4077-13754-0011_5639-40744-0015_3575-170457-0033_x4,s1,coarse_to_fine,1,True,0.00013261762459420139,0.3691596506875095,1.0,0.5590874610169922,accepted
4077-13754-0011_5639-40744-0015_3575-170457-0033_x4,s2,coarse_to_fine,1,False,0.0,-0.3116205481241007,1.0,0.45256996432974195,margin
4077-13754-0011_5639-40744-0015_3575-170457-0033_x4,s3,coarse_to_fine,1,False,0.0,-0.14714640094194947,1.0,0.44140936351622656,margin
4077-13754-0011_5639-40744-0015_3575-170457-0033_x4,s4,coarse_to_fine,1,False,0.0,-0.2891326815056722,1.0,0.4772456401111,margin
7176-88083-0024_6930-76324-0003_2300-131720-0022_x4,s1,gated_deflation,0,True,0.0,0.3749051502144324,0.9916956219596942,0.6924247972217756,accepted
7176-88083-0024_6930-76324-0003_2300-131720-0022_x4,s2,gated_deflation,0,False,0.0,0.07144388375545219,1.0,0.9060545446175388,margin
7176-88083-0024_6930-76324-0003_2300-131720-0022_x4,s3,gated_deflation,0,True,0.00011988085848901219,0.5085901564558724,0.992494788047255,0.4365746003716425,accepted
7176-88083-0024_6930-76324-0003_2300-131720-0022_x4,s4,gated_deflation,0,False,0.0,-0.18452032372824323,1.0,0.8696454747903405,margin
7176-88083-0024_6930-76324-0003_2300-131720-0022_x4,s1,coarse_to_fine,0,True,0.0,0.3181871745332955,0.9916956219596942,0.3776445635806052,accepted
7176-88083-0024_6930-76324-0003_2300-131720-0022_x4,s2,coarse_to_fine,0,False,0.0,-0.2498211110214874,1.0,0.5796647443841995,margin
7176-88083-0024_6930-76324-0003_2300-131720-0022_x4,s3,coarse_to_fine,0,False,0.00011988085848901219,-0.1534757802102677,1.0,0.3116706935025575,margin
7176-88083-0024_6930-76324-0003_2300-131720-0022_x4,s4,coarse_to_fine,0,False,0.0,-0.08445921142746077,1.0,0.5552252111260563,margin
7176-88083-0024_6930-76324-0003_2300-131720-0022_x4,s1,coarse_to_fine,1,True,0.0,0.526674955732207,0.9914350243224461,0.3839633901847494,accepted
7176-88083-0024_6930-76324-0003_2300-131720-0022_x4,s2,coarse_to_fine,1,False,0.0,-0.3014827330909727,1.0,0.5796647443841995,margin
7176-88083-0024_6930-76324-0003_2300-131720-0022_x4,s3,coarse_to_fine,1,False,0.00011988085848901219,-0.3114795483520632,1.0,0.3116706935025575,margin
7176-88083-0024_6930-76324-0003_2300-131720-0022_x4,s4,coarse_to_fine,1,False,0.0,-0.14752694889515772,1.0,0.5552252111260563,margin
8463-294825-0013_1284-1180-0020_672-122797-0000_x4,s1,gated_deflation,0,True,0.00012138116088708003,0.5862590257868245,0.9896390374331551,0.6228415203128467,accepted
8463-294825-0013_1284-1180-0020_672-122797-0000_x4,s2,gated_deflation,0,True,0.0,0.21206667371188986,1.0,0.8410256939652346,accepted
8463-294825-0013_1284-1180-0020_672-122797-0000_x4,s3,gated_deflation,0,False,0.0,-0.03026250592543059,1.0,0.9055489275764976,margin
8463-294825-0013_1284-1180-0020_672-122797-0000_x4,s4,gated_deflation,0,True,0.0,0.15748262923668585,0.9887923351158645,0.8594305860507394,accepted
8463-294825-0013_1284-1180-0020_672-122797-0000_x4,s1,coarse_to_fine,0,True,0.00012138116088708003,0.3550148152346692,1.0,0.5976474416183838,accepted
8463-294825-0013_1284-1180-0020_672-122797-0000_x4,s2,coarse_to_fine,0,False,0.0,0.005064455014946956,1.0,0.47599631338787607,margin
8463-294825-0013_1284-1180-0020_672-122797-0000_x4,s3,coarse_to_fine,0,False,0.0,0.02472239146022251,1.0,0.5366331458785579,margin
8463-294825-0013_1284-1180-0020_672-122797-0000_x4,s4,coarse_to_fine,0,False,0.0,-0.058295291056583515,1.0,0.5964483649664886,margin
8463-294825-0013_1284-1180-0020_672-122797-0000_x4,s1,coarse_to_fine,1,True,0.00012138116088708003,0.6042466060780138,1.0,0.6006559245278901,accepted
8463-294825-0013_1284-1180-0020_672-122797-0000_x4,s2,coarse_to_fine,1,False,0.0,-0.16174364338922692,1.0,0.47599631338787607,margin
8463-294825-0013_1284-1180-0020_672-122797-0000_x4,s3,coarse_to_fine,1,False,0.0,0.02472239146022251,1.0,0.5366331458785579,margin
8463-294825-0013_1284-1180-0020_672-122797-0000_x4,s4,coarse_to_fine,1,False,0.0,-0.17164731363423835,1.0,0.5964483649664886,margin
1320-122617-0000_237-134500-0026_1580-141084-0026_x4,s1,gated_deflation,0,True,0.0,0.20850014740584377,1.0,0.6015777101066675,accepted
1320-122617-0000_237-134500-0026_1580-141084-0026_x4,s2,gated_deflation,0,True,0.0,0.26097645886004694,1.0,0.8821953639125211,accepted
1320-122617-0000_237-134500-0026_1580-141084-0026_x4,s3,gated_deflation,0,False,0.0,-0.038607833413184744,1.0,0.7322851961887077,margin
1320-122617-0000_237-134500-0026_1580-141084-0026_x4,s4,gated_deflation,0,False,0.00012412627059651,0.0568759833069401,0.9907278712509144,0.48361833040376384,margin
1320-122617-0000_237-134500-0026_1580-141084-0026_x4,s1,coarse_to_fine,0,True,0.0,0.127523342781303,1.0,0.35009238337199927,accepted
1320-122617-0000_237-134500-0026_1580-141084-0026_x4,s2,coarse_to_fine,0,False,0.0,-0.10928175110193772,1.0,0.5344776205016073,margin
1320-122617-0000_237-134500-0026_1580-141084-0026_x4,s3,coarse_to_fine,0,True,0.0,0.16187021588080763,1.0,0.509876310886201,accepted
1320-122617-0000_237-134500-0026_1580-141084-0026_x4,s4,coarse_to_fine,0,False,0.00012412627059651,-0.08268964803414292,1.0,0.36511639847788213,margin
1320-122617-0000_237-134500-0026_1580-141084-0026_x4,s1,coarse_to_fine,1,True,0.0,0.38359682889487806,1.0,0.3651477538711763,accepted
1320-122617-0000_237-134500-0026_1580-141084-0026_x4,s2,coarse_to_fine,1,False,0.0,-0.29156094814696903,1.0,0.5344776205016073,margin
1320-122617-0000_237-134500-0026_1580-141084-0026_x4,s3,coarse_to_fine,1,True,0.0,0.44262819238063766,1.0,0.5083965264258117,accepted
1320-122617-0000_237-134500-0026_1580-141084-0026_x4,s4,coarse_to_fine,1,False,0.00012412627059651,-0.3599959336563881,1.0,0.36511639847788213,margin
1580-141084-0031_1089-134691-0017_3575-170457-0017_x4,s1,gated_deflation,0,False,0.0,0.06358935286349432,1.0,0.7945336968688306,margin
1580-141084-0031_1089-134691-0017_3575-170457-0017_x4,s2,gated_deflation,0,True,0.0,0.2502468349217237,0.9774310425432445,0.5899331847020067,accepted
1580-141084-0031_1089-134691-0017_3575-170457-0017_x4,s3,gated_deflation,0,True,0.0001817610739505049,0.3359575425210768,1.0,0.5752585461537266,accepted
1580-141084-0031_1089-134691-0017_3575-170457-0017_x4,s4,gated_deflation,0,False,0.0,0.0579231752867575,1.0,0.8470663526902831,margin
1580-141084-0031_1089-134691-0017_3575-170457-0017_x4,s1,coarse_to_fine,0,False,0.0,-0.13956325029061706,1.0,0.5019025533286725,margin
1580-141084-0031_1089-134691-0017_3575-170457-0017_x4,s2,coarse_to_fine,0,True,0.0,0.14372862958930208,0.9774310425432445,0.46276139594175003,accepted
1580-141084-0031_1089-134691-0017_3575-170457-0017_x4,s3,coarse_to_fine,0,True,0.0001817610739505049,0.35997506576362703,0.9778985507246377,0.42193333913933834,accepted
1580-141084-0031_1089-134691-0017_3575-170457-0017_x4,s4,coarse_to_fine,0,False,0.0,-0.3869134179906025,1.0,0.508818857133198,margin
1580-141084-0031_1089-134691-0017_3575-170457-0017_x4,s1,coarse_to_fine,1,False,0.0,-0.3489042369655167,1.0,0.5019025533286725,margin
1580-141084-0031_1089-134691-0017_3575-170457-0017_x4,s2,coarse_to_fine,1,True,0.0,0.48092194069556876,0.9771972884525479,0.4897681363376525,accepted
1580-141084-0031_1089-134691-0017_3575-170457-0017_x4,s3,coarse_to_fine,1,True,0.0001817610739505049,0.6284147700201205,0.9782374941561477,0.43169871329632736,accepted
1580-141084-0031_1089-134691-0017_3575-170457-0017_x4,s4,coarse_to_fine,1,False,0.0,-0.5580919956835166,1.0,0.508818857133198,margin
4992-41797-0010_2300-131720-0005_6829-68771-0014_x4,s1,gated_deflation,0,False,0.0,-0.0921181382680143,0.9760094501718213,0.5833946577038165,margin
4992-41797-0010_2300-131720-0005_6829-68771-0014_x4,s2,gated_deflation,0,True,0.0,0.1235623980819412,1.0,0.6244582398213986,accepted
4992-41797-0010_2300-131720-0005_6829-68771-0014_x4,s3,gated_deflation,0,False,0.0,0.06312099950309424,1.0,0.7617826229934817,margin
4992-41797-0010_2300-131720-0005_6829-68771-0014_x4,s4,gated_deflation,0,False,0.00022940383036354202,0.04905392355797039,1.0,0.6058532268885647,margin
4992-41797-0010_2300-131720-0005_6829-68771-0014_x4,s1,coarse_to_fine,0,False,0.0,-0.050680138775619055,0.9760094501718213,0.34378646983014083,margin
4992-41797-0010_2300-131720-0005_6829-68771-0014_x4,s2,coarse_to_fine,0,False,0.0,-0.11205567607396452,1.0,0.4201278820008844,margin
4992-41797-0010_2300-131720-0005_6829-68771-0014_x4,s3,coarse_to_fine,0,True,0.0,0.11267754561737067,1.0,0.38341040029997087,accepted
4992-41797-0010_2300-131720-0005_6829-68771-0014_x4,s4,coarse_to_fine,0,False,0.00022940383036354202,-0.01027105669331091,0.9770762711864407,0.36196898718992637,margin
4992-41797-0010_2300-131720-0005_6829-68771-0014_x4,s1,coarse_to_fine,1,False,0.0,-0.2858900840617741,0.9760094501718213,0.34378646983014083,margin
4992-41797-0010_2300-131720-0005_6829-68771-0014_x4,s2,coarse_to_fine,1,False,0.0,-0.2680265598792353,1.0,0.4201278820008844,margin
4992-41797-0010_2300-131720-0005_6829-68771-0014_x4,s3,coarse_to_fine,1,True,0.0,0.33123345763096795,1.0,0.3486959165196273,accepted
4992-41797-0010_2300-131720-0005_6829-68771-0014_x4,s4,coarse_to_fine,1,False,0.00022940383036354202,-0.23234035958867089,0.9770762711864407,0.36196898718992637,margin
8455-210777-0035_7729-102255-0037_5142-33396-0036_x4,s1,gated_deflation,0,False,0.0,-0.16953205682999917,1.0,0.7861934598089622,margin
8455-210777-0035_7729-102255-0037_5142-33396-0036_x4,s2,gated_deflation,0,True,8.832424491901008e-05,0.6846883337533786,0.9530701754385965,0.4845208258345545,accepted
8455-210777-0035_7729-102255-0037_5142-33396-0036_x4,s3,gated_deflation,0,True,0.0,0.2510457198405813,1.0,0.8382456009088666,accepted
8455-210777-0035_7729-102255-0037_5142-33396-0036_x4,s4,gated_deflation,0,False,0.0,-0.06775149148633836,1.0,0.831910714015182,margin
8455-210777-0035_7729-102255-0037_5142-33396-0036_x4,s1,coarse_to_fine,0,False,0.0,-0.42817747772366455,1.0,0.41306794073032177,margin
8455-210777-0035_7729-102255-0037_5142-33396-0036_x4,s2,coarse_to_fine,0,True,8.832424491901008e-05,0.4783931993690178,1.0,0.2956134110117418,accepted
8455-210777-0035_7729-102255-0037_5142-33396-0036_x4,s3,coarse_to_fine,0,False,0.0,0.005743391510249857,1.0,0.5184546443809552,margin
8455-210777-0035_7729-102255-0037_5142-33396-0036_x4,s4,coarse_to_fine,0,False,0.0,-0.10690438884214765,1.0,0.38707313272813687,margin
8455-210777-0035_7729-102255-0037_5142-33396-0036_x4,s1,coarse_to_fine,1,False,0.0,-0.6580912040744541,1.0,0.41306794073032177,margin
8455-210777-0035_7729-102255-0037_5142-33396-0036_x4,s2,coarse_to_fine,1,True,8.832424491901008e-05,0.7073544644122951,1.0,0.35690332581769457,accepted
8455-210777-0035_7729-102255-0037_5142-33396-0036_x4,s3,coarse_to_fine,1,False,0.0,-0.032733919562415476,1.0,0.5184546443809552,margin
8455-210777-0035_7729-102255-0037_5142-33396-0036_x4,s4,coarse_to_fine,1,False,0.0,-0.25073528434065645,1.0,0.38707313272813687,margin
237-126133-0005_2830-3980-0004_1089-134686-0000_x4,s1,gated_deflation,0,True,0.0,0.15826806667473098,0.9989791288566243,0.8429386045537571,accepted
237-126133-0005_2830-3980-0004_1089-134686-0000_x4,s2,gated_deflation,0,False,0.0,0.09956593368965674,1.0,0.8860626400361725,margin
237-126133-0005_2830-3980-0004_1089-134686-0000_x4,s3,gated_deflation,0,False,0.0,-0.04836015560640772,0.9926073131955485,0.7107532471848566,margin
237-126133-0005_2830-3980-0004_1089-134686-0000_x4,s4,gated_deflation,0,True,0.00016047027502967068,0.3281805568022964,1.0,0.4900464939920444,accepted
237-126133-0005_2830-3980-0004_1089-134686-0000_x4,s1,coarse_to_fine,0,True,0.0,0.15066035684654555,1.0,0.5608613100536002,accepted
237-126133-0005_2830-3980-0004_1089-134686-0000_x4,s2,coarse_to_fine,0,False,0.0,-0.22832688415147062,1.0,0.38418998346547456,margin
237-126133-0005_2830-3980-0004_1089-134686-0000_x4,s3,coarse_to_fine,0,False,0.0,0.00412433268841228,1.0,0.43983237495207383,margin
237-126133-0005_2830-3980-0004_1089-134686-0000_x4,s4,coarse_to_fine,0,True,0.00016047027502967068,0.20627857074398587,1.0,0.37708824169779726,accepted
237-126133-0005_2830-3980-0004_1089-134686-0000_x4,s1,coarse_to_fine,1,True,0.0,0.48258416660657866,1.0,0.5623216211267105,accepted
237-126133-0005_2830-3980-0004_1089-134686-0000_x4,s2,coarse_to_fine,1,False,0.0,-0.3456762141665513,1.0,0.38418998346547456,margin
237-126133-0005_2830-3980-0004_1089-134686-0000_x4,s3,coarse_to_fine,1,False,0.0,-0.207598831918548,1.0,0.43983237495207383,margin
237-126133-0005_2830-3980-0004_1089-134686-0000_x4,s4,coarse_to_fine,1,True,0.00016047027502967068,0.3373315311133114,1.0,0.3513393862360569,accepted
4077-13754-0005_8455-210777-0050_6829-68769-0018_x4,s1,gated_deflation,0,True,7.862211890048095e-05,0.6014269961754355,1.0,0.6114214312944869,accepted
4077-13754-0005_8455-210777-0050_6829-68769-0018_x4,s2,gated_deflation,0,False,0.0,0.007439627921178138,1.0,0.8924115827872618,margin
4077-13754-0005_8455-210777-0050_6829-68769-0018_x4,s3,gated_deflation,0,False,0.0,-0.08678964396513655,1.0,0.8357909123510248,margin
4077-13754-0005_8455-210777-0050_6829-68769-0018_x4,s4,gated_deflation,0,True,0.0,0.14995356827588385,1.0,0.8488098010293403,accepted
4077-13754-0005_8455-210777-0050_6829-68769-0018_x4,s1,coarse_to_fine,0,True,7.862211890048095e-05,0.38541203781232647,1.0,0.5857569407613572,accepted
4077-13754-0005_8455-210777-0050_6829-68769-0018_x4,s2,coarse_to_fine,0,False,0.0,-0.19395158809013352,1.0,0.4596696009749299,margin
4077-13754-0005_8455-210777-0050_6829-68769-0018_x4,s3,coarse_to_fine,0,False,0.0,-0.151869261252049,1.0,0.521350840819485,margin
4077-13754-0005_8455-210777-0050_6829-68769-0018_x4,s4,coarse_to_fine,0,True,0.0,0.1860261689321958,1.0,0.5587962167448771,accepted
4077-13754-0005_8455-210777-0050_6829-68769-0018_x4,s1,coarse_to_fine,1,True,7.862211890048095e-05,0.6568654886384282,1.0,0.6448800785680946,accepted
4077-13754-0005_8455-210777-0050_6829-68769-0018_x4,s2,coarse_to_fine,1,False,0.0,-0.30275252361530625,1.0,0.4596696009749299,margin
4077-13754-0005_8455-210777-0050_6829-68769-0018_x4,s3,coarse_to_fine,1,False,0.0,-0.465326205401299,1.0,0.521350840819485,margin
4077-13754-0005_8455-210777-0050_6829-68769-0018_x4,s4,coarse_to_fine,1,True,0.0,0.420417659339216,1.0,0.5752305970021677,accepted
2094-142345-0056_7729-102255-0045_7176-92135-0040_x4,s1,gated_deflation,0,False,0.0,-0.03957911319884516,1.0,0.8137540760073231,margin
2094-142345-0056_7729-102255-0045_7176-92135-0040_x4,s2,gated_deflation,0,False,0.0,0.056274520211769596,1.0,0.6626522768853135,margin
2094-142345-0056_7729-102255-0045_7176-92135-0040_x4,s3,gated_deflation,0,True,9.297950776669787e-05,0.43977145540697515,1.0,0.5046031909151656,accepted
2094-142345-0056_7729-102255-0045_7176-92135-0040_x4,s4,gated_deflation,0,True,0.0,0.2321379180685656,1.0,0.8412241242359887,accepted
2094-142345-0056_7729-102255-0045_7176-92135-0040_x4,s1,coarse_to_fine,0,False,0.0,-0.1443977312852706,1.0,0.37279010116039374,margin
2094-142345-0056_7729-102255-0045_7176-92135-0040_x4,s2,coarse_to_fine,0,False,0.0,-0.09143124375305683,1.0,0.34260260806260484,margin
2094-142345-0056_7729-102255-0045_7176-92135-0040_x4,s3,coarse_to_fine,0,True,9.297950776669787e-05,0.2745757252667312,1.0,0.32200185095848716,accepted
2094-142345-0056_7729-102255-0045_7176-92135-0040_x4,s4,coarse_to_fine,0,False,0.0,0.06795243691820807,1.0,0.49483783375980217,margin
2094-142345-0056_7729-102255-0045_7176-92135-0040_x4,s1,coarse_to_fine,1,False,0.0,-0.21633683281136248,1.0,0.37279010116039374,margin
2094-142345-0056_7729-102255-0045_7176-92135-0040_x4,s2,coarse_to_fine,1,False,0.0,-0.3512133545044355,1.0,0.34260260806260484,margin
2094-142345-0056_7729-102255-0045_7176-92135-0040_x4,s3,coarse_to_fine,1,True,9.297950776669787e-05,0.4724894792098862,1.0,0.3414592163741873,accepted
2094-142345-0056_7729-102255-0045_7176-92135-0040_x4,s4,coarse_to_fine,1,False,0.0,0.024133827381790096,1.0,0.49483783375980217,margin
3575-170457-0006_1995-1836-0000_3570-5695-0013_x4,s1,gated_deflation,0,True,0.0,0.3287866385331045,1.0,0.5904920824618376,accepted
3575-170457-0006_1995-1836-0000_3570-5695-0013_x4,s2,gated_deflation,0,True,0.0003112034361162575,0.1162908637105633,0.9485958904109589,0.502007146236046,accepted
3575-170457-0006_1995-1836-0000_3570-5695-0013_x4,s3,gated_deflation,0,True,0.0,0.2834198372035197,1.0,0.7413536183957496,accepted
3575-170457-0006_1995-1836-0000_3570-5695-0013_x4,s4,gated_deflation,0,True,0.0,0.25507775209590616,1.0,0.8292241708346038,accepted
3575-170457-0006_1995-1836-0000_3570-5695-0013_x4,s1,coarse_to_fine,0,True,0.0,0.16802674994317765,1.0,0.404191394956111,accepted
3575-170457-0006_1995-1836-0000_3570-5695-0013_x4,s2,coarse_to_fine,0,False,0.0003112034361162575,0.09508365842731681,0.9898972602739726,0.233929726260636,margin
3575-170457-0006_1995-1836-0000_3570-5695-0013_x4,s3,coarse_to_fine,0,False,0.0,-0.0026335262331499965,1.0,0.2631402018335797,margin
3575-170457-0006_1995-1836-0000_3570-5695-0013_x4,s4,coarse_to_fine,0,False,0.0,-0.25186103938465254,1.0,0.4250684721966648,margin
3575-170457-0006_1995-1836-0000_3570-5695-0013_x4,s1,coarse_to_fine,1,True,0.0,0.470864091426601,1.0,0.36558619701852607,accepted
3575-170457-0006_1995-1836-0000_3570-5695-0013_x4,s2,coarse_to_fine,1,False,0.0003112034361162575,-0.1431354395234009,0.9898972602739726,0.233929726260636,margin
3575-170457-0006_1995-1836-0000_3570-5695-0013_x4,s3,coarse_to_fine,1,False,0.0,-0.175842874015892,1.0,0.2631402018335797,margin
3575-170457-0006_1995-1836-0000_3570-5695-0013_x4,s4,coarse_to_fine,1,False,0.0,-0.3372040019199073,1.0,0.4250684721966648,margin
2961-961-0007_237-134493-0013_2830-3980-0011_x4,s1,gated_deflation,0,False,0.0,0.03920337872710539,0.9676049300466356,0.5655834639375735,margin
2961-961-0007_237-134493-0013_2830-3980-0011_x4,s2,gated_deflation,0,False,0.0,0.04459747202180264,1.0,0.7874147371491976,margin
2961-961-0007_237-134493-0013_2830-3980-0011_x4,s3,gated_deflation,0,True,0.0,0.23018073136907846,1.0,0.7364667506449579,accepted
2961-961-0007_237-134493-0013_2830-3980-0011_x4,s4,gated_deflation,0,True,0.0,0.2530510527712486,0.9664723517654896,0.5352665259305033,accepted
2961-961-0007_237-134493-0013_2830-3980-0011_x4,s1,coarse_to_fine,0,False,0.0,-0.017528911745685216,0.9676049300466356,0.3905121178108651,margin
2961-961-0007_237-134493-0013_2830-3980-0011_x4,s2,coarse_to_fine,0,False,0.0,-0.17143236907007417,1.0,0.3920116876137293,margin
2961-961-0007_237-134493-0013_2830-3980-0011_x4,s3,coarse_to_fine,0,True,0.0,0.10224767299088705,1.0,0.4800657075905557,accepted
2961-961-0007_237-134493-0013_2830-3980-0011_x4,s4,coarse_to_fine,0,True,0.0,0.12974570260783996,0.9692538307794804,0.31804818624975517,accepted
2961-961-0007_237-134493-0013_2830-3980-0011_x4,s1,coarse_to_fine,1,False,0.0,-0.27160697966798425,0.9676049300466356,0.3905121178108651,margin
2961-961-0007_237-134493-0013_2830-3980-0011_x4,s2,coarse_to_fine,1,False,0.0,-0.3943910580592667,1.0,0.3920116876137293,margin
2961-961-0007_237-134493-0013_2830-3980-0011_x4,s3,coarse_to_fine,1,True,0.0,0.42734566109109995,1.0,0.4760267184307899,accepted
2961-961-0007_237-134493-0013_2830-3980-0011_x4,s4,coarse_to_fine,1,True,0.0,0.4047058614292663,0.9689207195203198,0.3114548864306419,accepted
121-121726-0007_61-70968-0008_2300-131720-0038_x4,s1,gated_deflation,0,True,0.0,0.11959310579861465,1.0,0.7346931636653052,accepted
121-121726-0007_61-70968-0008_2300-131720-0038_x4,s2,gated_deflation,0,True,0.0,0.11390162317897057,1.0,0.8385954886555517,accepted
121-121726-0007_61-70968-0008_2300-131720-0038_x4,s3,gated_deflation,0,False,0.0,-0.021518671829915237,1.0,0.7305259602585576,margin
121-121726-0007_61-70968-0008_2300-131720-0038_x4,s4,gated_deflation,0,True,0.00014128575162180614,0.5215326674489236,1.0,0.546033395825524,accepted
121-121726-0007_61-70968-0008_2300-131720-0038_x4,s1,coarse_to_fine,0,False,0.0,-0.05387055505580962,1.0,0.5452055586032554,margin
121-121726-0007_61-70968-0008_2300-131720-0038_x4,s2,coarse_to_fine,0,True,0.0,0.1422829579516261,1.0,0.5146290806230622,accepted
121-121726-0007_61-70968-0008_2300-131720-0038_x4,s3,coarse_to_fine,0,False,0.0,-0.09027617087444115,1.0,0.40559643803434037,margin
121-121726-0007_61-70968-0008_2300-131720-0038_x4,s4,coarse_to_fine,0,True,0.00014128575162180614,0.4569981534550609,1.0,0.27502181760660005,accepted
121-121726-0007_61-70968-0008_2300-131720-0038_x4,s1,coarse_to_fine,1,False,0.0,-0.2031944168545865,1.0,0.5452055586032554,margin
121-121726-0007_61-70968-0008_2300-131720-0038_x4,s2,coarse_to_fine,1,True,0.0,0.42637692321497694,1.0,0.5301397997930617,accepted
121-121726-0007_61-70968-0008_2300-131720-0038_x4,s3,coarse_to_fine,1,False,0.0,-0.24229982084719345,1.0,0.40559643803434037,margin
121-121726-0007_61-70968-0008_2300-131720-0038_x4,s4,coarse_to_fine,1,True,0.00014128575162180614,0.6883894813491719,1.0,0.26510475970887815,accepted
4970-29095-0032_6829-68771-0002_3729-6852-0009_x4,s1,gated_deflation,0,True,0.0,0.1671491603771595,1.0,0.8230269769373694,accepted
4970-29095-0032_6829-68771-0002_3729-6852-0009_x4,s2,gated_deflation,0,False,0.0,-0.0019072555806295965,0.934713476070529,0.7381671116928112,margin
4970-29095-0032_6829-68771-0002_3729-6852-0009_x4,s3,gated_deflation,0,True,0.00013721408322276012,0.4714857024783244,0.936161838790932,0.48620514696847433,accepted
4970-29095-0032_6829-68771-0002_3729-6852-0009_x4,s4,gated_deflation,0,False,0.0,0.14383328004985774,1.0,0.9181446282299467,artifact_score
4970-29095-0032_6829-68771-0002_3729-6852-0009_x4,s1,coarse_to_fine,0,False,0.0,0.0016778753955840608,1.0,0.4498745988694616,margin
4970-29095-0032_6829-68771-0002_3729-6852-0009_x4,s2,coarse_to_fine,0,False,0.0,-0.18140531781392827,0.9554313602015113,0.397036576888129,margin
4970-29095-0032_6829-68771-0002_3729-6852-0009_x4,s3,coarse_to_fine,0,True,0.00013721408322276012,0.1697036502373797,0.9802109571788413,0.3894972680598294,accepted
4970-29095-0032_6829-68771-0002_3729-6852-0009_x4,s4,coarse_to_fine,0,False,0.0,0.025353841036123315,1.0,0.5104462093443036,margin
4970-29095-0032_6829-68771-0002_3729-6852-0009_x4,s1,coarse_to_fine,1,False,0.0,-0.2647365504322309,1.0,0.4498745988694616,margin
4970-29095-0032_6829-68771-0002_3729-6852-0009_x4,s2,coarse_to_fine,1,False,0.0,-0.5069660376426885,0.9554313602015113,0.397036576888129,margin
4970-29095-0032_6829-68771-0002_3729-6852-0009_x4,s3,coarse_to_fine,1,True,0.00013721408322276012,0.4806693806617425,0.9549275818639799,0.3956199063391465,accepted
4970-29095-0032_6829-68771-0002_3729-6852-0009_x4,s4,coarse_to_fine,1,False,0.0,-0.1512797393505398,1.0,0.5104462093443036,margin
1995-1837-0016_7021-79730-0001_7127-75946-0011_x4,s1,gated_deflation,0,False,0.0,0.019299481232846027,1.0,0.6413799989666286,margin
1995-1837-0016_7021-79730-0001_7127-75946-0011_x4,s2,gated_deflation,0,True,0.00011641682889681965,0.39326392546386363,1.0,0.5088208207380728,accepted
1995-1837-0016_7021-79730-0001_7127-75946-0011_x4,s3,gated_deflation,0,False,0.0,0.023422319226720528,1.0,0.8662391292130924,margin
1995-1837-0016_7021-79730-0001_7127-75946-0011_x4,s4,gated_deflation,0,True,0.0,0.2258694357527503,1.0,0.5483944605862058,accepted
1995-1837-0016_7021-79730-0001_7127-75946-0011_x4,s1,coarse_to_fine,0,False,0.0,-0.09960685173402084,1.0,0.29020744190167286,margin
1995-1837-0016_7021-79730-0001_7127-75946-0011_x4,s2,coarse_to_fine,0,True,0.00011641682889681965,0.15042278069454268,1.0,0.3776811312036763,accepted
1995-1837-0016_7021-79730-0001_7127-75946-0011_x4,s3,coarse_to_fine,0,False,0.0,-0.16592657381620668,1.0,0.424983674652614,margin
1995-1837-0016_7021-79730-0001_7127-75946-0011_x4,s4,coarse_to_fine,0,True,0.0,0.32580016184343963,1.0,0.2973880399395407,accepted
1995-1837-0016_7021-79730-0001_7127-75946-0011_x4,s1,coarse_to_fine,1,False,0.0,-0.29246950185297077,1.0,0.29020744190167286,margin
1995-1837-0016_7021-79730-0001_7127-75946-0011_x4,s2,coarse_to_fine,1,True,0.00011641682889681965,0.3618675114060719,1.0,0.4034595093428375,accepted
1995-1837-0016_7021-79730-0001_7127-75946-0011_x4,s3,coarse_to_fine,1,False,0.0,-0.27407498388561596,1.0,0.424983674652614,margin
1995-1837-0016_7021-79730-0001_7127-75946-0011_x4,s4,coarse_to_fine,1,True,0.0,0.32909229885808566,1.0,0.2886661196609202,accepted
1580-141083-0000_7127-75947-0019_8224-274384-0000_x4,s1,gated_deflation,0,True,0.0001762803533918151,0.2174611404538606,1.0,0.6151651590846747,accepted
1580-141083-0000_7127-75947-0019_8224-274384-0000_x4,s2,gated_deflation,0,True,0.0,0.2365100483844509,1.0,0.8515779253757861,accepted
1580-141083-0000_7127-75947-0019_8224-274384-0000_x4,s3,gated_deflation,0,True,0.0,0.2831408642257617,1.0,0.6111649969802873,accepted
1580-141083-0000_7127-75947-0019_8224-274384-0000_x4,s4,gated_deflation,0,True,0.0,0.1289817451407994,1.0,0.8584549310441927,accepted
1580-141083-0000_7127-75947-0019_8224-274384-0000_x4,s1,coarse_to_fine,0,True,0.0001762803533918151,0.296679294922648,1.0,0.503164019931674,accepted
1580-141083-0000_7127-75947-0019_8224-274384-0000_x4,s2,coarse_to_fine,0,False,0.0,0.011914125736585887,1.0,0.5633249476300347,margin
1580-141083-0000_7127-75947-0019_8224-274384-0000_x4,s3,coarse_to_fine,0,True,0.0,0.2166663317694833,1.0,0.40864653609021084,accepted
1580-141083-0000_7127-75947-0019_8224-274384-0000_x4,s4,coarse_to_fine,0,False,0.0,-0.14550241049009166,1.0,0.49918235455407445,margin
1580-141083-0000_7127-75947-0019_8224-274384-0000_x4,s1,coarse_to_fine,1,True,0.0001762803533918151,0.5857679610104624,1.0,0.5137334310546342,accepted
1580-141083-0000_7127-75947-0019_8224-274384-0000_x4,s2,coarse_to_fine,1,False,0.0,-0.11089775876832755,1.0,0.5633249476300347,margin
1580-141083-0000_7127-75947-0019_8224-274384-0000_x4,s3,coarse_to_fine,1,True,0.0,0.47880406548244536,1.0,0.40245329491185305,accepted
1580-141083-0000_7127-75947-0019_8224-274384-0000_x4,s4,coarse_to_fine,1,False,0.0,-0.35268477628341294,1.0,0.49918235455407445,margin
3570-5696-0009_8555-284449-0006_7176-92135-0042_x4,s1,gated_deflation,0,False,0.0,-0.04580115242221433,1.0,0.618752467694941,margin
3570-5696-0009_8555-284449-0006_7176-92135-0042_x4,s2,gated_deflation,0,False,0.0,-0.10397123020876861,1.0,0.8225708318314783,margin
3570-5696-0009_8555-284449-0006_7176-92135-0042_x4,s3,gated_deflation,0,True,0.0,0.26016843611915497,1.0,0.7124828362106802,accepted
3570-5696-0009_8555-284449-0006_7176-92135-0042_x4,s4,gated_deflation,0,True,0.0001237016923950293,0.4826127637932773,0.9986959287531807,0.5060753514183434,accepted
3570-5696-0009_8555-284449-0006_7176-92135-0042_x4,s1,coarse_to_fine,0,False,0.0,-0.16277637167720327,1.0,0.30574608936797215,margin
3570-5696-0009_8555-284449-0006_7176-92135-0042_x4,s2,coarse_to_fine,0,False,0.0,-0.3800995665927055,1.0,0.2938532964776446,margin
3570-5696-0009_8555-284449-0006_7176-92135-0042_x4,s3,coarse_to_fine,0,True,0.0,0.11973655806008554,1.0,0.41287980481121095,accepted
3570-5696-0009_8555-284449-0006_7176-92135-0042_x4,s4,coarse_to_fine,0,True,0.0001237016923950293,0.20734919147414504,1.0,0.36098802049043305,accepted
3570-5696-0009_8555-284449-0006_7176-92135-0042_x4,s1,coarse_to_fine,1,False,0.0,-0.3293638829487161,1.0,0.30574608936797215,margin
3570-5696-0009_8555-284449-0006_7176-92135-0042_x4,s2,coarse_to_fine,1,False,0.0,-0.3800995665927055,1.0,0.2938532964776446,margin
3570-5696-0009_8555-284449-0006_7176-92135-0042_x4,s3,coarse_to_fine,1,True,0.0,0.24667116728429062,1.0,0.4083847881272701,accepted
3570-5696-0009_8555-284449-0006_7176-92135-0042_x4,s4,coarse_to_fine,1,False,0.0001237016923950293,0.07894828946946997,1.0,0.3435801124440664,margin
2300-131720-0001_5142-36586-0003_908-31957-0018_x4,s1,gated_deflation,0,True,0.0001479436248133933,0.5249340053513288,1.0,0.44497821774144247,accepted
2300-131720-0001_5142-36586-0003_908-31957-0018_x4,s2,gated_deflation,0,True,0.0,0.13036281661067417,1.0,0.8479792304739038,accepted
2300-131720-0001_5142-36586-0003_908-31957-0018_x4,s3,gated_deflation,0,True,0.0,0.3190894095495619,1.0,0.8571742672963681,accepted
2300-131720-0001_5142-36586-0003_908-31957-0018_x4,s4,gated_deflation,0,False,0.0,-0.0008144399484624754,1.0,0.8385033571963891,margin
2300-131720-0001_5142-36586-0003_908-31957-0018_x4,s1,coarse_to_fine,0,True,0.0001479436248133933,0.23887728434546165,1.0,0.3758866012994644,accepted
2300-131720-0001_5142-36586-0003_908-31957-0018_x4,s2,coarse_to_fine,0,False,0.0,-0.06742647567410534,1.0,0.4857360786813121,margin
2300-131720-0001_5142-36586-0003_908-31957-0018_x4,s3,coarse_to_fine,0,False,0.0,0.03632227826106993,1.0,0.34397798021623655,margin
2300-131720-0001_5142-36586-0003_908-31957-0018_x4,s4,coarse_to_fine,0,False,0.0,-0.07018891126998876,1.0,0.44772370954590285,margin
2300-131720-0001_5142-36586-0003_908-31957-0018_x4,s1,coarse_to_fine,1,True,0.0001479436248133933,0.584001940996665,1.0,0.3679046379665236,accepted
2300-131720-0001_5142-36586-0003_908-31957-0018_x4,s2,coarse_to_fine,1,False,0.0,-0.33918295692676437,1.0,0.4857360786813121,margin
2300-131720-0001_5142-36586-0003_908-31957-0018_x4,s3,coarse_to_fine,1,False,0.0,-0.18612464161217546,1.0,0.34397798021623655,margin
2300-131720-0001_5142-36586-0003_908-31957-0018_x4,s4,coarse_to_fine,1,False,0.0,-0.2705812529004232,1.0,0.44772370954590285,margin
5683-32879-0012_5105-28241-0017_5142-33396-0033_x4,s1,gated_deflation,0,True,0.0,0.16673459555878556,1.0,0.8617665165804964,accepted
5683-32879-0012_5105-28241-0017_5142-33396-0033_x4,s2,gated_deflation,0,True,0.00013427215553854524,0.42754148442755646,1.0,0.6060295577551977,accepted
5683-32879-0012_5105-28241-0017_5142-33396-0033_x4,s3,gated_deflation,0,False,0.0,-0.05359068693060748,1.0,0.846109193814298,margin
5683-32879-0012_5105-28241-0017_5142-33396-0033_x4,s4,gated_deflation,0,True,0.0,0.3107352243610696,1.0,0.8435115159702546,accepted
5683-32879-0012_5105-28241-0017_5142-33396-0033_x4,s1,coarse_to_fine,0,False,0.0,0.021427928637978988,1.0,0.5089714484130355,margin
5683-32879-0012_5105-28241-0017_5142-33396-0033_x4,s2,coarse_to_fine,0,True,0.00013427215553854524,0.10027345192456089,1.0,0.5567635036860399,accepted
5683-32879-0012_5105-28241-0017_5142-33396-0033_x4,s3,coarse_to_fine,0,False,0.0,-0.009825400658826144,1.0,0.6023882665116032,margin
5683-32879-0012_5105-28241-0017_5142-33396-0033_x4,s4,coarse_to_fine,0,True,0.0,0.4063905859256529,1.0,0.5127844350839889,accepted
5683-32879-0012_5105-28241-0017_5142-33396-0033_x4,s1,coarse_to_fine,1,False,0.0,0.021427928637978988,1.0,0.5089714484130355,margin
5683-32879-0012_5105-28241-0017_5142-33396-0033_x4,s2,coarse_to_fine,1,True,0.00013427215553854524,0.16153431741777446,1.0,0.5317671613962954,accepted
5683-32879-0012_5105-28241-0017_5142-33396-0033_x4,s3,coarse_to_fine,1,False,0.0,-0.24997325999656017,1.0,0.6023882665116032,margin
5683-32879-0012_5105-28241-0017_5142-33396-0033_x4,s4,coarse_to_fine,1,True,0.0,0.46796443902272306,1.0,0.5089291027443825,accepted
237-126133-0018_4970-29095-0007_3570-5695-0006_x4,s1,gated_deflation,0,False,0.0,-0.05431460464866211,1.0,0.8728609217670522,margin
237-126133-0018_4970-29095-0007_3570-5695-0006_x4,s2,gated_deflation,0,True,0.00019633334633700422,0.3549617773879775,1.0,0.5600089985673745,accepted
237-126133-0018_4970-29095-0007_3570-5695-0006_x4,s3,gated_deflation,0,True,0.0,0.266469958209194,1.0,0.7303801627146876,accepted
237-126133-0018_4970-29095-0007_3570-5695-0006_x4,s4,gated_deflation,0,True,0.0,0.2459340902622657,0.9865482954545455,0.672061428100477,accepted
237-126133-0018_4970-29095-0007_3570-5695-0006_x4,s1,coarse_to_fine,0,False,0.0,-0.11907504725532392,1.0,0.4391034863631791,margin
237-126133-0018_4970-29095-0007_3570-5695-0006_x4,s2,coarse_to_fine,0,True,0.00019633334633700422,0.2560686563330006,1.0,0.4774335734642263,accepted
237-126133-0018_4970-29095-0007_3570-5695-0006_x4,s3,coarse_to_fine,0,False,0.0,-0.003938839790473381,1.0,0.355201138353005,margin
237-126133-0018_4970-29095-0007_3570-5695-0006_x4,s4,coarse_to_fine,0,False,0.0,0.00227086568531637,1.0,0.42037092795295605,margin
237-126133-0018_4970-29095-0007_3570-5695-0006_x4,s1,coarse_to_fine,1,False,0.0,-0.2840096033710068,1.0,0.4391034863631791,margin
237-126133-0018_4970-29095-0007_3570-5695-0006_x4,s2,coarse_to_fine,1,True,0.00019633334633700422,0.5367388280307828,1.0,0.4755642316819021,accepted
237-126133-0018_4970-29095-0007_3570-5695-0006_x4,s3,coarse_to_fine,1,False,0.0,-0.20979885738127546,1.0,0.355201138353005,margin
237-126133-0018_4970-29095-0007_3570-5695-0006_x4,s4,coarse_to_fine,1,False,0.0,-0.1498846152425457,1.0,0.42037092795295605,margin
4446-2275-0033_8230-279154-0033_4992-41797-0007_x4,s1,gated_deflation,0,True,0.0,0.11353133467503213,1.0,0.7538320869011896,accepted
4446-2275-0033_8230-279154-0033_4992-41797-0007_x4,s2,gated_deflation,0,True,0.00011187647417852876,0.6354220698660137,1.0,0.5411314974461002,accepted
4446-2275-0033_8230-279154-0033_4992-41797-0007_x4,s3,gated_deflation,0,False,0.0,-0.0705978012121149,1.0,0.732143711402058,margin
4446-2275-0033_8230-279154-0033_4992-41797-0007_x4,s4,gated_deflation,0,True,0.0,0.1882124057320122,1.0,0.8514287195927663,accepted
4446-2275-0033_8230-279154-0033_4992-41797-0007_x4,s1,coarse_to_fine,0,False,0.0,0.08833892836474808,1.0,0.5098886200174793,margin
4446-2275-0033_8230-279154-0033_4992-41797-0007_x4,s2,coarse_to_fine,0,True,0.00011187647417852876,0.4791850880486144,1.0,0.44558362034177434,accepted
4446-2275-0033_8230-279154-0033_4992-41797-0007_x4,s3,coarse_to_fine,0,False,0.0,-0.017091697685898466,1.0,0.3936192070345533,margin
4446-2275-0033_8230-279154-0033_4992-41797-0007_x4,s4,coarse_to_fine,0,False,0.0,-0.14612896511191026,1.0,0.4547532475611286,margin
4446-2275-0033_8230-279154-0033_4992-41797-0007_x4,s1,coarse_to_fine,1,False,0.0,0.010311813598046393,1.0,0.5098886200174793,margin
4446-2275-0033_8230-279154-0033_4992-41797-0007_x4,s2,coarse_to_fine,1,True,0.00011187647417852876,0.7249912896480006,1.0,0.5006533854084558,accepted
4446-2275-0033_8230-279154-0033_4992-41797-0007_x4,s3,coarse_to_fine,1,False,0.0,-0.017091697685898466,1.0,0.3936192070345533,margin
4446-2275-0033_8230-279154-0033_4992-41797-0007_x4,s4,coarse_to_fine,1,False,0.0,-0.14612896511191026,1.0,0.4547532475611286,margin
1320-122617-0016_4992-41806-0008_2830-3980-0025_x4,s1,gated_deflation,0,False,0.0,-0.06022010191123095,0.9915932856356632,0.5661546576452471,margin
1320-122617-0016_4992-41806-0008_2830-3980-0025_x4,s2,gated_deflation,0,True,0.00023255466267264784,0.16747675815673996,0.9627958172812328,0.4551789981789256,accepted
1320-122617-0016_4992-41806-0008_2830-3980-0025_x4,s3,gated_deflation,0,True,0.0,0.16301956039036125,1.0,0.6028968126469538,accepted
1320-122617-0016_4992-41806-0008_2830-3980-0025_x4,s4,gated_deflation,0,True,0.0,0.21235293995537438,1.0,0.64915742244477,accepted
1320-122617-0016_4992-41806-0008_2830-3980-0025_x4,s1,coarse_to_fine,0,False,0.0,-0.22636101534947228,0.9942487616951018,0.3498456981214103,margin
1320-122617-0016_4992-41806-0008_2830-3980-0025_x4,s2,coarse_to_fine,0,False,0.00023255466267264784,0.025823918898123133,0.9934920198128784,0.3314984541899616,margin
1320-122617-0016_4992-41806-0008_2830-3980-0025_x4,s3,coarse_to_fine,0,True,0.0,0.19650931026644758,1.0,0.3455824294505818,accepted
1320-122617-0016_4992-41806-0008_2830-3980-0025_x4,s4,coarse_to_fine,0,False,0.0,0.06574269283550677,1.0,0.33735837362525084,margin
1320-122617-0016_4992-41806-0008_2830-3980-0025_x4,s1,coarse_to_fine,1,False,0.0,-0.41550623004869025,0.9942487616951018,0.3498456981214103,margin
1320-122617-0016_4992-41806-0008_2830-3980-0025_x4,s2,coarse_to_fine,1,False,0.00023255466267264784,-0.08787778266281215,0.9934920198128784,0.3314984541899616,margin
1320-122617-0016_4992-41806-0008_2830-3980-0025_x4,s3,coarse_to_fine,1,True,0.0,0.421267526621044,1.0,0.3236702194520695,accepted
1320-122617-0016_4992-41806-0008_2830-3980-0025_x4,s4,coarse_to_fine,1,False,0.0,-0.14522455269625023,1.0,0.33735837362525084,margin
61-70970-0015_8463-294825-0004_2961-961-0004_x4,s1,gated_deflation,0,True,0.0,0.25376660569051285,1.0,0.6842764811575478,accepted
61-70970-0015_8463-294825-0004_2961-961-0004_x4,s2,gated_deflation,0,False,0.0,-0.07763641162123286,1.0,0.8891825190653286,margin
61-70970-0015_8463-294825-0004_2961-961-0004_x4,s3,gated_deflation,0,True,0.00019224536874800266,0.22325382849246528,1.0,0.5986317059509806,accepted
61-70970-0015_8463-294825-0004_2961-961-0004_x4,s4,gated_deflation,0,False,0.0,-0.08052750970770661,1.0,0.8025265135485623,margin
61-70970-0015_8463-294825-0004_2961-961-0004_x4,s1,coarse_to_fine,0,True,0.0,0.209903456463024,1.0,0.4824689329299096,accepted
61-70970-0015_8463-294825-0004_2961-961-0004_x4,s2,coarse_to_fine,0,False,0.0,0.08728104049918564,1.0,0.5181595525068585,margin
61-70970-0015_8463-294825-0004_2961-961-0004_x4,s3,coarse_to_fine,0,False,0.00019224536874800266,0.07616676870156219,1.0,0.4837006869095635,margin
61-70970-0015_8463-294825-0004_2961-961-0004_x4,s4,coarse_to_fine,0,False,0.0,-0.02934210341825888,1.0,0.5391218396658128,margin
61-70970-0015_8463-294825-0004_2961-961-0004_x4,s1,coarse_to_fine,1,True,0.0,0.4900208008985711,1.0,0.49612219916228223,accepted
61-70970-0015_8463-294825-0004_2961-961-0004_x4,s2,coarse_to_fine,1,False,0.0,0.03648367050582446,1.0,0.5181595525068585,margin
61-70970-0015_8463-294825-0004_2961-961-0004_x4,s3,coarse_to_fine,1,False,0.00019224536874800266,-0.12102683446369095,1.0,0.4837006869095635,margin
61-70970-0015_8463-294825-0004_2961-961-0004_x4,s4,coarse_to_fine,1,False,0.0,-0.02934210341825888,1.0,0.5391218396658128,margin
4970-29095-0028_6829-68769-0014_4077-13751-0004_x4,s1,gated_deflation,0,False,0.0,0.09944430100496188,1.0,0.6129931492833738,margin
4970-29095-0028_6829-68769-0014_4077-13751-0004_x4,s2,gated_deflation,0,False,0.0,0.0374044527174584,1.0,0.9014311811555397,margin
4970-29095-0028_6829-68769-0014_4077-13751-0004_x4,s3,gated_deflation,0,True,0.00014562697485077036,0.3336214158907823,1.0,0.58085243223676,accepted
4970-29095-0028_6829-68769-0014_4077-13751-0004_x4,s4,gated_deflation,0,False,0.0,0.06720232943213006,1.0,0.8684073365055462,margin
4970-29095-0028_6829-68769-0014_4077-13751-0004_x4,s1,coarse_to_fine,0,True,0.0,0.13766985667824294,1.0,0.49420166950797656,accepted
4970-29095-0028_6829-68769-0014_4077-13751-0004_x4,s2,coarse_to_fine,0,False,0.0,-0.021571814144395074,1.0,0.4843410491795932,margin
4970-29095-0028_6829-68769-0014_4077-13751-0004_x4,s3,coarse_to_fine,0,True,0.00014562697485077036,0.24086497458386014,1.0,0.5256092245668653,accepted
4970-29095-0028_6829-68769-0014_4077-13751-0004_x4,s4,coarse_to_fine,0,False,0.0,-0.024074340099981315,1.0,0.39530128742494663,margin
4970-29095-0028_6829-68769-0014_4077-13751-0004_x4,s1,coarse_to_fine,1,True,0.0,0.35229482197227613,1.0,0.5027456324854778,accepted
4970-29095-0028_6829-68769-0014_4077-13751-0004_x4,s2,coarse_to_fine,1,False,0.0,-0.06063840635852771,1.0,0.4843410491795932,margin
4970-29095-0028_6829-68769-0014_4077-13751-0004_x4,s3,coarse_to_fine,1,True,0.00014562697485077036,0.4388205500257862,1.0,0.5426182583447068,accepted
4970-29095-0028_6829-68769-0014_4077-13751-0004_x4,s4,coarse_to_fine,1,False,0.0,-0.26209122883354047,1.0,0.39530128742494663,margin
5639-40744-0024_121-127105-0036_8230-279154-0042_x4,s1,gated_deflation,0,False,0.0,-0.09776396566932627,0.9954110898661568,0.7581150968532252,margin
5639-40744-0024_121-127105-0036_8230-279154-0042_x4,s2,gated_deflation,0,False,0.0,0.005819627771255692,1.0,0.9015033012134878,margin
5639-40744-0024_121-127105-0036_8230-279154-0042_x4,s3,gated_deflation,0,True,0.0001079698630000199,0.5656970230801588,0.992861695347355,0.47436629026096966,accepted
5639-40744-0024_121-127105-0036_8230-279154-0042_x4,s4,gated_deflation,0,True,0.0,0.18361218757265108,1.0,0.8586569747586598,accepted
5639-40744-0024_121-127105-0036_8230-279154-0042_x4,s1,coarse_to_fine,0,False,0.0,-0.438422583003363,1.0,0.39984585773933434,margin
5639-40744-0024_121-127105-0036_8230-279154-0042_x4,s2,coarse_to_fine,0,False,0.0,-0.11697192256378783,1.0,0.44117194732209886,margin
5639-40744-0024_121-127105-0036_8230-279154-0042_x4,s3,coarse_to_fine,0,True,0.0001079698630000199,0.37633251707136717,1.0,0.4009876955881916,accepted
5639-40744-0024_121-127105-0036_8230-279154-0042_x4,s4,coarse_to_fine,0,True,0.0,0.17827285461262699,1.0,0.4835458755787723,accepted
5639-40744-0024_121-127105-0036_8230-279154-0042_x4,s1,coarse_to_fine,1,False,0.0,-0.6385173141689567,1.0,0.39984585773933434,margin
5639-40744-0024_121-127105-0036_8230-279154-0042_x4,s2,coarse_to_fine,1,False,0.0,-0.34842688444021863,1.0,0.44117194732209886,margin
5639-40744-0024_121-127105-0036_8230-279154-0042_x4,s3,coarse_to_fine,1,True,0.0001079698630000199,0.5515050701816738,0.9933715742511153,0.4089446577431157,accepted
5639-40744-0024_121-127105-0036_8230-279154-0042_x4,s4,coarse_to_fine,1,True,0.0,0.3767537774067182,1.0,0.4811145861161082,accepted
5105-28240-0014_6930-75918-0000_1284-1180-0024_x4,s1,gated_deflation,0,True,0.0,0.2854424885581262,1.0,0.8599252879868892,accepted
5105-28240-0014_6930-75918-0000_1284-1180-0024_x4,s2,gated_deflation,0,False,0.0,-0.004381821818972675,1.0,0.8499775534205621,margin
5105-28240-0014_6930-75918-0000_1284-1180-0024_x4,s3,gated_deflation,0,False,0.0,-0.1031979243930769,0.9829518779342723,0.6764306888359152,margin
5105-28240-0014_6930-75918-0000_1284-1180-0024_x4,s4,gated_deflation,0,True,0.00017857161105778587,0.2771195027022106,0.9644659624413146,0.5332519242773667,accepted
5105-28240-0014_6930-75918-0000_1284-1180-0024_x4,s1,coarse_to_fine,0,False,0.0,0.05499419753732876,1.0,0.5753959821164908,margin
5105-28240-0014_6930-75918-0000_1284-1180-0024_x4,s2,coarse_to_fine,0,False,0.0,-0.1694522892502907,1.0,0.589114745407133,margin
5105-28240-0014_6930-75918-0000_1284-1180-0024_x4,s3,coarse_to_fine,0,False,0.0,-0.16631388884411838,1.0,0.3851822670270539,margin
5105-28240-0014_6930-75918-0000_1284-1180-0024_x4,s4,coarse_to_fine,0,False,0.00017857161105778587,0.08461657005196815,0.986737089201878,0.32934982941046925,margin
5105-28240-0014_6930-75918-0000_1284-1180-0024_x4,s1,coarse_to_fine,1,False,0.0,0.05499419753732876,1.0,0.5753959821164908,margin
5105-28240-0014_6930-75918-0000_1284-1180-0024_x4,s2,coarse_to_fine,1,False,0.0,-0.1694522892502907,1.0,0.589114745407133,margin
5105-28240-0014_6930-75918-0000_1284-1180-0024_x4,s3,coarse_to_fine,1,False,0.0,-0.16631388884411838,1.0,0.3851822670270539,margin
5105-28240-0014_6930-75918-0000_1284-1180-0024_x4,s4,coarse_to_fine,1,False,0.00017857161105778587,0.08461657005196815,0.986737089201878,0.32934982941046925,margin
7176-88083-0019_6829-68771-0025_8463-294828-0007_x4,s1,gated_deflation,0,True,0.0,0.16100603337449104,1.0,0.8017608246096926,accepted
7176-88083-0019_6829-68771-0025_8463-294828-0007_x4,s2,gated_deflation,0,False,0.0,-0.152208119776654,1.0,0.7716055577774343,margin
7176-88083-0019_6829-68771-0025_8463-294828-0007_x4,s3,gated_deflation,0,True,0.00017603929327545138,0.5858012085584661,0.9889641288433382,0.5975943493268688,accepted
7176-88083-0019_6829-68771-0025_8463-294828-0007_x4,s4,gated_deflation,0,True,0.0,0.1797410947727758,1.0,0.885777077551143,accepted
7176-88083-0019_6829-68771-0025_8463-294828-0007_x4,s1,coarse_to_fine,0,True,0.0,0.12348256887341125,1.0,0.4616232161776654,accepted
7176-88083-0019_6829-68771-0025_8463-294828-0007_x4,s2,coarse_to_fine,0,False,0.0,-0.1340390051526396,1.0,0.4911123886503608,margin
7176-88083-0019_6829-68771-0025_8463-294828-0007_x4,s3,coarse_to_fine,0,True,0.00017603929327545138,0.11916250057161815,1.0,0.47294714855422965,accepted
7176-88083-0019_6829-68771-0025_8463-294828-0007_x4,s4,coarse_to_fine,0,False,0.0,-0.027766889722239507,1.0,0.376574079978218,margin
7176-88083-0019_6829-68771-0025_8463-294828-0007_x4,s1,coarse_to_fine,1,True,0.0,0.5176766601598896,1.0,0.45998994118187214,accepted
7176-88083-0019_6829-68771-0025_8463-294828-0007_x4,s2,coarse_to_fine,1,False,0.0,-0.41437570985290867,1.0,0.4911123886503608,margin
7176-88083-0019_6829-68771-0025_8463-294828-0007_x4,s3,coarse_to_fine,1,True,0.00017603929327545138,0.41845992909603086,1.0,0.4682209896863858,accepted
7176-88083-0019_6829-68771-0025_8463-294828-0007_x4,s4,coarse_to_fine,1,False,0.0,-0.23088084611842286,1.0,0.376574079978218,margin
7021-79740-0001_1320-122617-0033_6829-68771-0020_x4,s1,gated_deflation,0,False,0.0,0.044726068328704516,1.0,0.7310398820799796,margin
7021-79740-0001_1320-122617-0033_6829-68771-0020_x4,s2,gated_deflation,0,True,0.00012550407832564775,0.5436277827508232,1.0,0.4882866041879842,accepted
7021-79740-0001_1320-122617-0033_6829-68771-0020_x4,s3,gated_deflation,0,True,0.0,0.10003438069019577,1.0,0.8085029471915428,accepted
7021-79740-0001_1320-122617-0033_6829-68771-0020_x4,s4,gated_deflation,0,False,0.0,-0.10205724784657896,1.0,0.7132384566350135,margin
7021-79740-0001_1320-122617-0033_6829-68771-0020_x4,s1,coarse_to_fine,0,False,0.0,-0.5274225178502908,1.0,0.3492879644250856,margin
7021-79740-0001_1320-122617-0033_6829-68771-0020_x4,s2,coarse_to_fine,0,True,0.00012550407832564775,0.5627376358917088,1.0,0.33449338047310617,accepted
7021-79740-0001_1320-122617-0033_6829-68771-0020_x4,s3,coarse_to_fine,0,False,0.0,-0.06362801382010547,1.0,0.4370299072084626,margin
7021-79740-0001_1320-122617-0033_6829-68771-0020_x4,s4,coarse_to_fine,0,False,0.0,0.015070062146328334,1.0,0.3691062081904665,margin
7021-79740-0001_1320-122617-0033_6829-68771-0020_x4,s1,coarse_to_fine,1,False,0.0,-0.7232863737418764,1.0,0.3492879644250856,margin
7021-79740-0001_1320-122617-0033_6829-68771-0020_x4,s2,coarse_to_fine,1,True,0.00012550407832564775,0.7304812426227297,1.0,0.3221204028447324,accepted
7021-79740-0001_1320-122617-0033_6829-68771-0020_x4,s3,coarse_to_fine,1,False,0.0,-0.12223589065421558,1.0,0.4370299072084626,margin
7021-79740-0001_1320-122617-0033_6829-68771-0020_x4,s4,coarse_to_fine,1,False,0.0,-0.07497953146143815,1.0,0.3691062081904665,margin
2830-3980-0055_6829-68771-0036_1580-141084-0048_x4,s1,gated_deflation,0,True,0.0,0.1640732898895736,1.0,0.7137667514145911,accepted
2830-3980-0055_6829-68771-0036_1580-141084-0048_x4,s2,gated_deflation,0,False,0.0,-0.054548405919560894,1.0,0.7951824692838134,margin
2830-3980-0055_6829-68771-0036_1580-141084-0048_x4,s3,gated_deflation,0,True,0.0001488063490128027,0.4430998228721666,1.0,0.657947778258393,accepted
2830-3980-0055_6829-68771-0036_1580-141084-0048_x4,s4,gated_deflation,0,False,0.0,0.06313868097713049,1.0,0.7776906654782675,margin
2830-3980-0055_6829-68771-0036_1580-141084-0048_x4,s1,coarse_to_fine,0,False,0.0,-0.019456838101498508,1.0,0.5497752824523375,margin
2830-3980-0055_6829-68771-0036_1580-141084-0048_x4,s2,coarse_to_fine,0,False,0.0,-0.3047166072486496,1.0,0.49569766047381714,margin
2830-3980-0055_6829-68771-0036_1580-141084-0048_x4,s3,coarse_to_fine,0,True,0.0001488063490128027,0.4453905361443725,1.0,0.5278122440230261,accepted
2830-3980-0055_6829-68771-0036_1580-141084-0048_x4,s4,coarse_to_fine,0,False,0.0,-0.12468864098237165,1.0,0.5116919401593114,margin
2830-3980-0055_6829-68771-0036_1580-141084-0048_x4,s1,coarse_to_fine,1,False,0.0,-0.15338801806438063,1.0,0.5497752824523375,margin
2830-3980-0055_6829-68771-0036_1580-141084-0048_x4,s2,coarse_to_fine,1,False,0.0,-0.4206983596452704,1.0,0.49569766047381714,margin
2830-3980-0055_6829-68771-0036_1580-141084-0048_x4,s3,coarse_to_fine,1,True,0.0001488063490128027,0.6830130772796323,1.0,0.5248627487904389,accepted
2830-3980-0055_6829-68771-0036_1580-141084-0048_x4,s4,coarse_to_fine,1,False,0.0,-0.3050678365343735,1.0,0.5116919401593114,margin
260-123440-0014_2830-3980-0051_7176-88083-0023_x4,s1,gated_deflation,0,False,0.0,0.003429799755351348,1.0,0.8077501706381803,margin
260-123440-0014_2830-3980-0051_7176-88083-0023_x4,s2,gated_deflation,0,False,0.0,0.07972977241318746,1.0,0.7088347094312176,margin
260-123440-0014_2830-3980-0051_7176-88083-0023_x4,s3,gated_deflation,0,True,0.00011143325504087999,0.5294419473710241,0.997610294117647,0.5023376271207073,accepted
260-123440-0014_2830-3980-0051_7176-88083-0023_x4,s4,gated_deflation,0,True,0.0,0.16662700428422478,1.0,0.7627903491787702,accepted
260-123440-0014_2830-3980-0051_7176-88083-0023_x4,s1,coarse_to_fine,0,False,0.0,-0.12460957779052584,1.0,0.3472579818945464,margin
260-123440-0014_2830-3980-0051_7176-88083-0023_x4,s2,coarse_to_fine,0,False,0.0,-0.11490099394054726,1.0,0.47880377167700855,margin
260-123440-0014_2830-3980-0051_7176-88083-0023_x4,s3,coarse_to_fine,0,True,0.00011143325504087999,0.2877286336576845,1.0,0.370629363822755,accepted
260-123440-0014_2830-3980-0051_7176-88083-0023_x4,s4,coarse_to_fine,0,False,0.0,-0.12127201977063215,1.0,0.3679084096017312,margin
260-123440-0014_2830-3980-0051_7176-88083-0023_x4,s1,coarse_to_fine,1,False,0.0,-0.26643825186032666,1.0,0.3472579818945464,margin
260-123440-0014_2830-3980-0051_7176-88083-0023_x4,s2,coarse_to_fine,1,False,0.0,-0.32629607015838946,1.0,0.47880377167700855,margin
260-123440-0014_2830-3980-0051_7176-88083-0023_x4,s3,coarse_to_fine,1,True,0.00011143325504087999,0.6492512874392516,1.0,0.4120896176122548,accepted
260-123440-0014_2830-3980-0051_7176-88083-0023_x4,s4,coarse_to_fine,1,False,0.0,-0.33708404904474876,1.0,0.3679084096017312,margin
1284-1180-0010_5683-32865-0009_6930-81414-0012_x4,s1,gated_deflation,0,False,0.0,0.09776336232617716,1.0,0.5678804662776816,margin
1284-1180-0010_5683-32865-0009_6930-81414-0012_x4,s2,gated_deflation,0,True,0.00020072053559441486,0.4436068445948427,1.0,0.539266359839262,accepted
1284-1180-0010_5683-32865-0009_6930-81414-0012_x4,s3,gated_deflation,0,True,0.0,0.2508553489627738,1.0,0.8428493053968446,accepted
1284-1180-0010_5683-32865-0009_6930-81414-0012_x4,s4,gated_deflation,0,False,0.0,0.01110305546177287,1.0,0.5831986026733559,margin
1284-1180-0010_5683-32865-0009_6930-81414-0012_x4,s1,coarse_to_fine,0,True,0.0,0.11648726737946347,1.0,0.36875506775425576,accepted
1284-1180-0010_5683-32865-0009_6930-81414-0012_x4,s2,coarse_to_fine,0,True,0.00020072053559441486,0.2987897698046022,1.0,0.42538164149448465,accepted
1284-1180-0010_5683-32865-0009_6930-81414-0012_x4,s3,coarse_to_fine,0,False,0.0,-0.08764750385917358,1.0,0.5606764762838269,margin
1284-1180-0010_5683-32865-0009_6930-81414-0012_x4,s4,coarse_to_fine,0,False,0.0,-0.19839166493189514,1.0,0.3140082481423769,margin
1284-1180-0010_5683-32865-0009_6930-81414-0012_x4,s1,coarse_to_fine,1,True,0.0,0.27900770401108527,1.0,0.3616944344965321,accepted
1284-1180-0010_5683-32865-0009_6930-81414-0012_x4,s2,coarse_to_fine,1,True,0.00020072053559441486,0.598930051269107,1.0,0.35621374669144934,accepted
1284-1180-0010_5683-32865-0009_6930-81414-0012_x4,s3,coarse_to_fine,1,False,0.0,-0.25178939780634624,1.0,0.5606764762838269,margin
1284-1180-0010_5683-32865-0009_6930-81414-0012_x4,s4,coarse_to_fine,1,False,0.0,-0.4526336947688058,1.0,0.3140082481423769,margin
6829-68771-0030_1089-134691-0008_1995-1836-0003_x4,s1,gated_deflation,0,True,0.0,0.27817496034012984,1.0,0.7727723972792575,accepted
6829-68771-0030_1089-134691-0008_1995-1836-0003_x4,s2,gated_deflation,0,True,0.0001090355828597186,0.4979187572433005,0.9653466741826381,0.5607946083511803,accepted
6829-68771-0030_1089-134691-0008_1995-1836-0003_x4,s3,gated_deflation,0,True,0.0,0.1439359809188717,1.0,0.6843369946819151,accepted
6829-68771-0030_1089-134691-0008_1995-1836-0003_x4,s4,gated_deflation,0,False,0.0,-0.12373760186274352,0.950281848928974,0.679003464585923,margin
6829-68771-0030_1089-134691-0008_1995-1836-0003_x4,s1,coarse_to_fine,0,False,0.0,-0.06499522028489416,1.0,0.35733976826414854,margin
6829-68771-0030_1089-134691-0008_1995-1836-0003_x4,s2,coarse_to_fine,0,True,0.0001090355828597186,0.31514958552968625,1.0,0.5118299817824676,accepted
6829-68771-0030_1089-134691-0008_1995-1836-0003_x4,s3,coarse_to_fine,0,True,0.0,0.19504963225788655,1.0,0.2623612996370465,accepted
6829-68771-0030_1089-134691-0008_1995-1836-0003_x4,s4,coarse_to_fine,0,False,0.0,-0.20330492132156075,0.9837795941375422,0.43776660400113304,margin
6829-68771-0030_1089-134691-0008_1995-1836-0003_x4,s1,coarse_to_fine,1,False,0.0,-0.29365776159482554,1.0,0.35733976826414854,margin
6829-68771-0030_1089-134691-0008_1995-1836-0003_x4,s2,coarse_to_fine,1,True,0.0001090355828597186,0.5442461437792687,1.0,0.5441662455736586,accepted
6829-68771-0030_1089-134691-0008_1995-1836-0003_x4,s3,coarse_to_fine,1,True,0.0,0.4019991169609204,1.0,0.2383344951600445,accepted
6829-68771-0030_1089-134691-0008_1995-1836-0003_x4,s4,coarse_to_fine,1,False,0.0,-0.36829756566051214,0.9837795941375422,0.43776660400113304,margin
5105-28241-0004_2830-3980-0066_237-134500-0002_x4,s1,gated_deflation,0,True,0.00017170033730033697,0.27187006910239625,0.9676916221033868,0.5273847820474263,accepted
5105-28241-0004_2830-3980-0066_237-134500-0002_x4,s2,gated_deflation,0,True,0.0,0.1027386703221777,1.0,0.8274349885415516,accepted
5105-28241-0004_2830-3980-0066_237-134500-0002_x4,s3,gated_deflation,0,False,0.0,-0.016099444038384203,1.0,0.8795178354971279,margin
5105-28241-0004_2830-3980-0066_237-134500-0002_x4,s4,gated_deflation,0,False,0.0,0.04814196921267322,0.9773395721925133,0.8249803341261,margin
5105-28241-0004_2830-3980-0066_237-134500-0002_x4,s1,coarse_to_fine,0,True,0.00017170033730033697,0.19946684288430155,1.0,0.48211717903003387,accepted
5105-28241-0004_2830-3980-0066_237-134500-0002_x4,s2,coarse_to_fine,0,False,0.0,-0.02016337455873629,1.0,0.42986145721383284,margin
5105-28241-0004_2830-3980-0066_237-134500-0002_x4,s3,coarse_to_fine,0,False,0.0,-0.24359385683117699,1.0,0.5332732695574441,margin
5105-28241-0004_2830-3980-0066_237-134500-0002_x4,s4,coarse_to_fine,0,False,0.0,-0.13224239729135046,1.0,0.4989475267158939,margin
5105-28241-0004_2830-3980-0066_237-134500-0002_x4,s1,coarse_to_fine,1,True,0.00017170033730033697,0.31310569218237616,1.0,0.42671860094549846,accepted
5105-28241-0004_2830-3980-0066_237-134500-0002_x4,s2,coarse_to_fine,1,False,0.0,-0.2679607485384001,1.0,0.42986145721383284,margin
5105-28241-0004_2830-3980-0066_237-134500-0002_x4,s3,coarse_to_fine,1,False,0.0,-0.24359385683117699,1.0,0.5332732695574441,margin
5105-28241-0004_2830-3980-0066_237-134500-0002_x4,s4,coarse_to_fine,1,False,0.0,-0.4059601209966412,1.0,0.4989475267158939,margin
260-123288-0001_1089-134686-0026_4992-41806-0013_x4,s1,gated_deflation,0,False,0.0,0.05755264755047412,1.0,0.656145467962178,margin
260-123288-0001_1089-134686-0026_4992-41806-0013_x4,s2,gated_deflation,0,True,0.0,0.331746462271547,1.0,0.7651121108435449,accepted
260-123288-0001_1089-134686-0026_4992-41806-0013_x4,s3,gated_deflation,0,True,0.00018528525922585694,0.35635772293298007,0.9824142156862745,0.5553086880763629,accepted
260-123288-0001_1089-134686-0026_4992-41806-0013_x4,s4,gated_deflation,0,True,0.0,0.14509164037371075,1.0,0.8381219295977681,accepted
260-123288-0001_1089-134686-0026_4992-41806-0013_x4,s1,coarse_to_fine,0,False,0.0,-0.32131665083994376,1.0,0.3349473369853925,margin
260-123288-0001_1089-134686-0026_4992-41806-0013_x4,s2,coarse_to_fine,0,True,0.0,0.21211535292896372,1.0,0.5055337376834159,accepted
260-123288-0001_1089-134686-0026_4992-41806-0013_x4,s3,coarse_to_fine,0,True,0.00018528525922585694,0.26454582547457556,1.0,0.24834540507104472,accepted
260-123288-0001_1089-134686-0026_4992-41806-0013_x4,s4,coarse_to_fine,0,False,0.0,-0.1658843774035601,1.0,0.4623738948942294,margin
260-123288-0001_1089-134686-0026_4992-41806-0013_x4,s1,coarse_to_fine,1,False,0.0,-0.6775438980123085,1.0,0.3349473369853925,margin
260-123288-0001_1089-134686-0026_4992-41806-0013_x4,s2,coarse_to_fine,1,True,0.0,0.5519909149481891,1.0,0.5090348659525052,accepted
260-123288-0001_1089-134686-0026_4992-41806-0013_x4,s3,coarse_to_fine,1,True,0.00018528525922585694,0.5856392752371288,1.0,0.2690408309047968,accepted
260-123288-0001_1089-134686-0026_4992-41806-0013_x4,s4,coarse_to_fine,1,False,0.0,-0.40846754780158684,1.0,0.4623738948942294,margin
1580-141084-0010_3575-170457-0032_1221-135767-0017_x4,s1,gated_deflation,0,True,0.0,0.14963037042645344,1.0,0.8829251361722666,accepted
1580-141084-0010_3575-170457-0032_1221-135767-0017_x4,s2,gated_deflation,0,False,0.0,-0.09898272662219454,1.0,0.8969046010531806,margin
1580-141084-0010_3575-170457-0032_1221-135767-0017_x4,s3,gated_deflation,0,True,6.755975763056558e-05,0.6432105337504516,1.0,0.5518700308323151,accepted
1580-141084-0010_3575-170457-0032_1221-135767-0017_x4,s4,gated_deflation,0,False,0.0,-0.1910871908340823,1.0,0.8534868097873692,margin
1580-141084-0010_3575-170457-0032_1221-135767-0017_x4,s1,coarse_to_fine,0,False,0.0,-0.16893523226432228,1.0,0.46184327176925005,margin
1580-141084-0010_3575-170457-0032_1221-135767-0017_x4,s2,coarse_to_fine,0,False,0.0,-0.04332363147116336,1.0,0.29739023276339416,margin
1580-141084-0010_3575-170457-0032_1221-135767-0017_x4,s3,coarse_to_fine,0,True,6.755975763056558e-05,0.22184693164170902,1.0,0.41946985707160406,accepted
1580-141084-0010_3575-170457-0032_1221-135767-0017_x4,s4,coarse_to_fine,0,False,0.0,-0.2361828277788481,1.0,0.41084055998719404,margin
1580-141084-0010_3575-170457-0032_1221-135767-0017_x4,s1,coarse_to_fine,1,False,0.0,-0.426502288936752,1.0,0.46184327176925005,margin
1580-141084-0010_3575-170457-0032_1221-135767-0017_x4,s2,coarse_to_fine,1,False,0.0,-0.26268116515363177,1.0,0.29739023276339416,margin
1580-141084-0010_3575-170457-0032_1221-135767-0017_x4,s3,coarse_to_fine,1,True,6.755975763056558e-05,0.5524252280540733,1.0,0.4026052692695101,accepted
1580-141084-0010_3575-170457-0032_1221-135767-0017_x4,s4,coarse_to_fine,1,False,0.0,-0.56137939563236,1.0,0.41084055998719404,margin
1580-141083-0008_61-70970-0003_4507-16021-0008_x4,s1,gated_deflation,0,True,0.0,0.17546520770731494,1.0,0.7215464028835497,accepted
1580-141083-0008_61-70970-0003_4507-16021-0008_x4,s2,gated_deflation,0,True,0.0,0.26728147858575996,1.0,0.7333337017158192,accepted
1580-141083-0008_61-70970-0003_4507-16021-0008_x4,s3,gated_deflation,0,False,0.0,0.0898720189537504,1.0,0.7409581477282047,margin
1580-141083-0008_61-70970-0003_4507-16021-0008_x4,s4,gated_deflation,0,True,0.0,0.23479483489020656,1.0,0.7384245778409728,accepted
1580-141083-0008_61-70970-0003_4507-16021-0008_x4,s1,coarse_to_fine,0,False,0.0,0.08016006740587184,1.0,0.48767057927705065,margin
1580-141083-0008_61-70970-0003_4507-16021-0008_x4,s2,coarse_to_fine,0,True,0.0,0.14894345312975377,1.0,0.5489697747658104,accepted
1580-141083-0008_61-70970-0003_4507-16021-0008_x4,s3,coarse_to_fine,0,False,0.0,-0.08993083244890293,1.0,0.43019714964285055,margin
1580-141083-0008_61-70970-0003_4507-16021-0008_x4,s4,coarse_to_fine,0,False,0.0,-0.17105397379888312,1.0,0.5014638460699689,margin
1580-141083-0008_61-70970-0003_4507-16021-0008_x4,s1,coarse_to_fine,1,False,0.0,0.001427248696592831,1.0,0.48767057927705065,margin
1580-141083-0008_61-70970-0003_4507-16021-0008_x4,s2,coarse_to_fine,1,True,0.0,0.4038268832327816,1.0,0.5416320054978536,accepted
1580-141083-0008_61-70970-0003_4507-16021-0008_x4,s3,coarse_to_fine,1,False,0.0,-0.112301823468067,1.0,0.43019714964285055,margin
1580-141083-0008_61-70970-0003_4507-16021-0008_x4,s4,coarse_to_fine,1,False,0.0,-0.3183917017301402,1.0,0.5014638460699689,margin
2300-131720-0026_7729-102255-0021_1089-134691-0021_x4,s1,gated_deflation,0,True,0.00013573917573435714,0.27845388734356213,0.9140966046887631,0.4599813338357903,accepted
2300-131720-0026_7729-102255-0021_1089-134691-0021_x4,s2,gated_deflation,0,True,0.0,0.2299540229478741,1.0,0.7514113140775639,accepted
2300-131720-0026_7729-102255-0021_1089-134691-0021_x4,s3,gated_deflation,0,False,0.0,0.03243082929119967,0.9249696847210994,0.5962363942367833,margin
2300-131720-0026_7729-102255-0021_1089-134691-0021_x4,s4,gated_deflation,0,True,0.0,0.10793063797060953,1.0,0.8207779284397775,accepted
2300-131720-0026_7729-102255-0021_1089-134691-0021_x4,s1,coarse_to_fine,0,False,0.00013573917573435714,0.09083647299963898,1.0,0.35065834234261095,margin
2300-131720-0026_7729-102255-0021_1089-134691-0021_x4,s2,coarse_to_fine,0,False,0.0,-0.1181307820754296,1.0,0.34870302651623053,margin
2300-131720-0026_7729-102255-0021_1089-134691-0021_x4,s3,coarse_to_fine,0,False,0.0,-0.003916820419479383,0.9660266774454325,0.4019890654029202,margin
2300-131720-0026_7729-102255-0021_1089-134691-0021_x4,s4,coarse_to_fine,0,True,0.0,0.39968108843807565,1.0,0.5171515367018426,accepted
2300-131720-0026_7729-102255-0021_1089-134691-0021_x4,s1,coarse_to_fine,1,False,0.00013573917573435714,0.09083647299963898,1.0,0.35065834234261095,margin
2300-131720-0026_7729-102255-0021_1089-134691-0021_x4,s2,coarse_to_fine,1,False,0.0,-0.1181307820754296,1.0,0.34870302651623053,margin
2300-131720-0026_7729-102255-0021_1089-134691-0021_x4,s3,coarse_to_fine,1,False,0.0,-0.003916820419479383,0.9660266774454325,0.4019890654029202,margin
2300-131720-0026_7729-102255-0021_1089-134691-0021_x4,s4,coarse_to_fine,1,True,0.0,0.6091005340999651,1.0,0.5428330113028627,accepted
8555-292519-0012_5142-33396-0015_1221-135766-0007_x4,s1,gated_deflation,0,True,0.0,0.17703573115624022,1.0,0.7145890065402346,accepted
8555-292519-0012_5142-33396-0015_1221-135766-0007_x4,s2,gated_deflation,0,True,0.0,0.2691127233460178,1.0,0.8270889054097839,accepted
8555-292519-0012_5142-33396-0015_1221-135766-0007_x4,s3,gated_deflation,0,True,0.00013011178639283036,0.20892808346532088,0.8906774580335731,0.6528050128841684,accepted
8555-292519-0012_5142-33396-0015_1221-135766-0007_x4,s4,gated_deflation,0,True,0.0,0.22345043051246843,1.0,0.838970314778062,accepted
8555-292519-0012_5142-33396-0015_1221-135766-0007_x4,s1,coarse_to_fine,0,False,0.0,-0.09279476698017389,1.0,0.3435210679036691,margin
8555-292519-0012_5142-33396-0015_1221-135766-0007_x4,s2,coarse_to_fine,0,False,0.0,0.05918208068635289,1.0,0.569499465869809,margin
8555-292519-0012_5142-33396-0015_1221-135766-0007_x4,s3,coarse_to_fine,0,True,0.00013011178639283036,0.15292984677123866,1.0,0.5205763877223254,accepted
8555-292519-0012_5142-33396-0015_1221-135766-0007_x4,s4,coarse_to_fine,0,False,0.0,-0.020386461360009045,1.0,0.6327165825748605,margin
8555-292519-0012_5142-33396-0015_1221-135766-0007_x4,s1,coarse_to_fine,1,False,0.0,-0.3030833018586996,1.0,0.3435210679036691,margin
8555-292519-0012_5142-33396-0015_1221-135766-0007_x4,s2,coarse_to_fine,1,False,0.0,-0.14836266905400408,1.0,0.569499465869809,margin
8555-292519-0012_5142-33396-0015_1221-135766-0007_x4,s3,coarse_to_fine,1,True,0.00013011178639283036,0.43567797656278534,1.0,0.516649191644983,accepted
8555-292519-0012_5142-33396-0015_1221-135766-0007_x4,s4,coarse_to_fine,1,False,0.0,-0.14918399230848994,1.0,0.6327165825748605,margin
8463-287645-0014_6930-81414-0004_121-127105-0001_x4,s1,gated_deflation,0,True,0.0,0.3699474383768988,1.0,0.8545984805956982,accepted
8463-287645-0014_6930-81414-0004_121-127105-0001_x4,s2,gated_deflation,0,True,0.0001814650256508966,0.4499668222276718,0.9401219512195121,0.6235028572387649,accepted
8463-287645-0014_6930-81414-0004_121-127105-0001_x4,s3,gated_deflation,0,True,0.0,0.24332059442705567,1.0,0.780875256438223,accepted
8463-287645-0014_6930-81414-0004_121-127105-0001_x4,s4,gated_deflation,0,False,0.0,-0.14850765409269,0.9626422764227642,0.6571384941056105,margin
8463-287645-0014_6930-81414-0004_121-127105-0001_x4,s1,coarse_to_fine,0,False,0.0,-0.20921243719725532,1.0,0.389887389864316,margin
8463-287645-0014_6930-81414-0004_121-127105-0001_x4,s2,coarse_to_fine,0,True,0.0001814650256508966,0.347499504981029,1.0,0.5526420639747136,accepted
8463-287645-0014_6930-81414-0004_121-127105-0001_x4,s3,coarse_to_fine,0,False,0.0,-0.06575509950976693,1.0,0.4837489077714314,margin
8463-287645-0014_6930-81414-0004_121-127105-0001_x4,s4,coarse_to_fine,0,False,0.0,-0.06305094395489108,1.0,0.4417589972527806,margin
8463-287645-0014_6930-81414-0004_121-127105-0001_x4,s1,coarse_to_fine,1,False,0.0,-0.20921243719725532,1.0,0.389887389864316,margin
8463-287645-0014_6930-81414-0004_121-127105-0001_x4,s2,coarse_to_fine,1,True,0.0001814650256508966,0.5352803440578771,1.0,0.5354288264913679,accepted
8463-287645-0014_6930-81414-0004_121-127105-0001_x4,s3,coarse_to_fine,1,False,0.0,-0.06760566356839959,1.0,0.4837489077714314,margin
8463-287645-0014_6930-81414-0004_121-127105-0001_x4,s4,coarse_to_fine,1,False,0.0,-0.26842392755399114,1.0,0.4417589972527806,margin
8230-279154-0006_4446-2273-0007_1089-134691-0004_x4,s1,gated_deflation,0,True,9.855291854738242e-05,0.4730145434916271,0.9170084728002156,0.5701079900919019,accepted
8230-279154-0006_4446-2273-0007_1089-134691-0004_x4,s2,gated_deflation,0,True,0.0,0.23067499051593382,1.0,0.8517767758804853,accepted
8230-279154-0006_4446-2273-0007_1089-134691-0004_x4,s3,gated_deflation,0,False,0.0,-0.059971494298624806,0.9994012155324691,0.7188521512375166,margin
8230-279154-0006_4446-2273-0007_1089-134691-0004_x4,s4,gated_deflation,0,True,0.0,0.12511341782746838,1.0,0.7947469505486476,accepted
8230-279154-0006_4446-2273-0007_1089-134691-0004_x4,s1,coarse_to_fine,0,True,9.855291854738242e-05,0.3097625747091492,1.0,0.365947584033083,accepted
8230-279154-0006_4446-2273-0007_1089-134691-0004_x4,s2,coarse_to_fine,0,True,0.0,0.14041108893908633,1.0,0.5126849134090248,accepted
8230-279154-0006_4446-2273-0007_1089-134691-0004_x4,s3,coarse_to_fine,0,False,0.0,-0.30764297462588513,1.0,0.4529873722766728,margin
8230-279154-0006_4446-2273-0007_1089-134691-0004_x4,s4,coarse_to_fine,0,False,0.0,-0.2096776837402018,1.0,0.44694343235283,margin
8230-279154-0006_4446-2273-0007_1089-134691-0004_x4,s1,coarse_to_fine,1,True,9.855291854738242e-05,0.5205804897097059,1.0,0.3597978889187107,accepted
8230-279154-0006_4446-2273-0007_1089-134691-0004_x4,s2,coarse_to_fine,1,True,0.0,0.38250161467887844,1.0,0.5062077550670782,accepted
8230-279154-0006_4446-2273-0007_1089-134691-0004_x4,s3,coarse_to_fine,1,False,0.0,-0.4912213532948417,1.0,0.4529873722766728,margin
8230-279154-0006_4446-2273-0007_1089-134691-0004_x4,s4,coarse_to_fine,1,False,0.0,-0.41277409827060896,1.0,0.44694343235283,margin
8555-284449-0009_6930-81414-0006_908-157963-0014_x4,s1,gated_deflation,0,True,0.0,0.10725947642373673,1.0,0.8060734262856368,accepted
8555-284449-0009_6930-81414-0006_908-157963-0014_x4,s2,gated_deflation,0,False,0.0,0.08820080789890494,0.978103448275862,0.6743818272009334,margin
8555-284449-0009_6930-81414-0006_908-157963-0014_x4,s3,gated_deflation,0,True,0.0,0.34974672026324743,0.9813210227272727,0.7300019090369199,accepted
8555-284449-0009_6930-81414-0006_908-157963-0014_x4,s4,gated_deflation,0,True,0.0,0.12404399493787971,0.8504956896551724,0.6729131161006947,accepted
8555-284449-0009_6930-81414-0006_908-157963-0014_x4,s1,coarse_to_fine,0,False,0.0,0.05765717201653042,1.0,0.45213676631260025,margin
8555-284449-0009_6930-81414-0006_908-157963-0014_x4,s2,coarse_to_fine,0,False,0.0,-0.10484331300479727,1.0,0.5406585363326004,margin
8555-284449-0009_6930-81414-0006_908-157963-0014_x4,s3,coarse_to_fine,0,True,0.0,0.16763635447480268,1.0,0.4599920195297894,accepted
8555-284449-0009_6930-81414-0006_908-157963-0014_x4,s4,coarse_to_fine,0,True,0.0,0.11992602084136522,0.9776077586206896,0.5075198296482902,accepted
8555-284449-0009_6930-81414-0006_908-157963-0014_x4,s1,coarse_to_fine,1,False,0.0,-0.15339569052520577,1.0,0.45213676631260025,margin
8555-284449-0009_6930-81414-0006_908-157963-0014_x4,s2,coarse_to_fine,1,False,0.0,-0.4468650089268119,1.0,0.5406585363326004,margin
8555-284449-0009_6930-81414-0006_908-157963-0014_x4,s3,coarse_to_fine,1,True,0.0,0.47695377977827846,1.0,0.49531039431591206,accepted
8555-284449-0009_6930-81414-0006_908-157963-0014_x4,s4,coarse_to_fine,1,True,0.0,0.5015104080137721,1.0,0.5363901870006204,accepted
4077-13751-0003_8455-210777-0058_61-70970-0030_x4,s1,gated_deflation,0,True,0.00010642623322473598,0.30453442094169825,0.9986056430446194,0.5056541914784578,accepted
4077-13751-0003_8455-210777-0058_61-70970-0030_x4,s2,gated_deflation,0,True,0.0,0.19149923153605014,1.0,0.7758135339634644,accepted
4077-13751-0003_8455-210777-0058_61-70970-0030_x4,s3,gated_deflation,0,False,0.0,0.12583687117596626,1.0,0.9056815880863628,artifact_score
4077-13751-0003_8455-210777-0058_61-70970-0030_x4,s4,gated_deflation,0,False,0.0,-0.05289995749824289,0.9922736220472441,0.7053935893585922,margin
4077-13751-0003_8455-210777-0058_61-70970-0030_x4,s1,coarse_to_fine,0,False,0.00010642623322473598,0.05187586285606893,1.0,0.4850264601383095,margin
4077-13751-0003_8455-210777-0058_61-70970-0030_x4,s2,coarse_to_fine,0,True,0.0,0.10042002479044998,1.0,0.38019861737615374,accepted
4077-13751-0003_8455-210777-0058_61-70970-0030_x4,s3,coarse_to_fine,0,False,0.0,-0.04988268284861325,1.0,0.4688120650617828,margin
4077-13751-0003_8455-210777-0058_61-70970-0030_x4,s4,coarse_to_fine,0,False,0.0,-0.1582412690556918,1.0,0.3315666658899157,margin
4077-13751-0003_8455-210777-0058_61-70970-0030_x4,s1,coarse_to_fine,1,False,0.00010642623322473598,-0.05219439389590652,1.0,0.4850264601383095,margin
4077-13751-0003_8455-210777-0058_61-70970-0030_x4,s2,coarse_to_fine,1,True,0.0,0.31803115319121833,1.0,0.3796254605508473,accepted
4077-13751-0003_8455-210777-0058_61-70970-0030_x4,s3,coarse_to_fine,1,False,0.0,-0.13979006404198147,1.0,0.4688120650617828,margin
4077-13751-0003_8455-210777-0058_61-70970-0030_x4,s4,coarse_to_fine,1,False,0.0,-0.27554292936077573,1.0,0.3315666658899157,margin
8463-294828-0001_61-70968-0013_7127-75947-0007_x4,s1,gated_deflation,0,True,0.00022911209051191725,0.30377856303783946,0.9648088023088023,0.6475152775427037,accepted
8463-294828-0001_61-70968-0013_7127-75947-0007_x4,s2,gated_deflation,0,True,0.0,0.19865042015264478,1.0,0.7977840610427113,accepted
8463-294828-0001_61-70968-0013_7127-75947-0007_x4,s3,gated_deflation,0,True,0.0,0.16563271169678162,1.0,0.776822806459412,accepted
8463-294828-0001_61-70968-0013_7127-75947-0007_x4,s4,gated_deflation,0,False,0.0,-0.04318162998372063,0.8839285714285714,0.6032018434994364,margin
8463-294828-0001_61-70968-0013_7127-75947-0007_x4,s1,coarse_to_fine,0,True,0.00022911209051191725,0.3959035690686309,1.0,0.4914585845686862,accepted
8463-294828-0001_61-70968-0013_7127-75947-0007_x4,s2,coarse_to_fine,0,True,0.0,0.23020377663296332,1.0,0.49248462349730393,accepted
8463-294828-0001_61-70968-0013_7127-75947-0007_x4,s3,coarse_to_fine,0,False,0.0,-0.07057003978480875,1.0,0.5009271688578024,margin
8463-294828-0001_61-70968-0013_7127-75947-0007_x4,s4,coarse_to_fine,0,False,0.0,-0.11740774986317312,0.9912878787878788,0.3713134782251572,margin
8463-294828-0001_61-70968-0013_7127-75947-0007_x4,s1,coarse_to_fine,1,True,0.00022911209051191725,0.5772215725338211,1.0,0.4903469664614216,accepted
8463-294828-0001_61-70968-0013_7127-75947-0007_x4,s2,coarse_to_fine,1,True,0.0,0.5076658594237452,1.0,0.48856852062223644,accepted
8463-294828-0001_61-70968-0013_7127-75947-0007_x4,s3,coarse_to_fine,1,False,0.0,-0.2672340236330487,1.0,0.5009271688578024,margin
8463-294828-0001_61-70968-0013_7127-75947-0007_x4,s4,coarse_to_fine,1,False,0.0,-0.3586791076092243,0.9912878787878788,0.3713134782251572,margin
4992-41797-0020_61-70968-0026_2830-3980-0031_x4,s1,gated_deflation,0,False,0.0,-0.044124127225220244,1.0,0.6067694458113303,margin
4992-41797-0020_61-70968-0026_2830-3980-0031_x4,s2,gated_deflation,0,True,0.0,0.16891086055088528,1.0,0.7544225376507296,accepted
4992-41797-0020_61-70968-0026_2830-3980-0031_x4,s3,gated_deflation,0,False,0.0,-0.004905635536332387,0.995875083500334,0.5634839553600284,margin
4992-41797-0020_61-70968-0026_2830-3980-0031_x4,s4,gated_deflation,0,True,0.0,0.40556113267683463,0.971626586506346,0.5176022787096836,accepted
4992-41797-0020_61-70968-0026_2830-3980-0031_x4,s1,coarse_to_fine,0,False,0.0,-0.08344377527795242,1.0,0.39987687536042393,margin
4992-41797-0020_61-70968-0026_2830-3980-0031_x4,s2,coarse_to_fine,0,False,0.0,0.09338501997421728,1.0,0.42489997037553956,margin
4992-41797-0020_61-70968-0026_2830-3980-0031_x4,s3,coarse_to_fine,0,False,0.0,-0.038757512606310635,1.0,0.4631824184316874,margin
4992-41797-0020_61-70968-0026_2830-3980-0031_x4,s4,coarse_to_fine,0,True,0.0,0.1031895455707933,1.0,0.36072077453083246,accepted
4992-41797-0020_61-70968-0026_2830-3980-0031_x4,s1,coarse_to_fine,1,False,0.0,-0.35898105345347575,1.0,0.39987687536042393,margin
4992-41797-0020_61-70968-0026_2830-3980-0031_x4,s2,coarse_to_fine,1,False,0.0,0.07561356513961082,1.0,0.42489997037553956,margin
4992-41797-0020_61-70968-0026_2830-3980-0031_x4,s3,coarse_to_fine,1,False,0.0,-0.42268945551172005,1.0,0.4631824184316874,margin
4992-41797-0020_61-70968-0026_2830-3980-0031_x4,s4,coarse_to_fine,1,True,0.0,0.41670268134143296,1.0,0.31615783353092103,accepted
908-157963-0011_1580-141084-0040_6930-81414-0007_x4,s1,gated_deflation,0,True,0.0001618666669313492,0.5578962663258846,1.0,0.5611227568005968,accepted
908-157963-0011_1580-141084-0040_6930-81414-0007_x4,s2,gated_deflation,0,True,0.0,0.10347040975327065,0.9869107321965898,0.7919366423747277,accepted
908-157963-0011_1580-141084-0040_6930-81414-0007_x4,s3,gated_deflation,0,False,0.0,0.08109245624373951,1.0,0.8509327216189435,margin
908-157963-0011_1580-141084-0040_6930-81414-0007_x4,s4,gated_deflation,0,False,0.0,0.0751304753133592,1.0,0.7825244241572555,margin
908-157963-0011_1580-141084-0040_6930-81414-0007_x4,s1,coarse_to_fine,0,True,0.0001618666669313492,0.2834341474317217,1.0,0.4422026651825136,accepted
908-157963-0011_1580-141084-0040_6930-81414-0007_x4,s2,coarse_to_fine,0,False,0.0,-0.07020553357936032,0.9869107321965898,0.5365667867477115,margin
908-157963-0011_1580-141084-0040_6930-81414-0007_x4,s3,coarse_to_fine,0,False,0.0,-0.038571306794286914,1.0,0.5926010890386708,margin
908-157963-0011_1580-141084-0040_6930-81414-0007_x4,s4,coarse_to_fine,0,False,0.0,0.0016542697729971523,1.0,0.45869555952671254,margin
908-157963-0011_1580-141084-0040_6930-81414-0007_x4,s1,coarse_to_fine,1,True,0.0001618666669313492,0.5999831277462343,1.0,0.43189684237643805,accepted
908-157963-0011_1580-141084-0040_6930-81414-0007_x4,s2,coarse_to_fine,1,False,0.0,-0.16978772951755947,0.9869107321965898,0.5365667867477115,margin
908-157963-0011_1580-141084-0040_6930-81414-0007_x4,s3,coarse_to_fine,1,False,0.0,-0.13215902803332533,1.0,0.5926010890386708,margin
908-157963-0011_1580-141084-0040_6930-81414-0007_x4,s4,coarse_to_fine,1,False,0.0,-0.11813460783782379,1.0,0.45869555952671254,margin
1995-1826-0007_4970-29093-0009_6829-68771-0004_x4,s1,gated_deflation,0,False,0.0,0.06257150286170929,1.0,0.631007462137153,margin
1995-1826-0007_4970-29093-0009_6829-68771-0004_x4,s2,gated_deflation,0,True,0.00031046604559119246,0.16229278231841826,1.0,0.6094531366207205,accepted
1995-1826-0007_4970-29093-0009_6829-68771-0004_x4,s3,gated_deflation,0,False,0.0,0.05479477190568488,1.0,0.5858165234757449,margin
1995-1826-0007_4970-29093-0009_6829-68771-0004_x4,s4,gated_deflation,0,False,0.0,-0.2305795502619139,1.0,0.7567333932833283,margin
1995-1826-0007_4970-29093-0009_6829-68771-0004_x4,s1,coarse_to_fine,0,False,0.0,-0.21383566965663264,1.0,0.36284274176617903,margin
1995-1826-0007_4970-29093-0009_6829-68771-0004_x4,s2,coarse_to_fine,0,True,0.00031046604559119246,0.10881784189744712,1.0,0.4766907910333131,accepted
1995-1826-0007_4970-29093-0009_6829-68771-0004_x4,s3,coarse_to_fine,0,False,0.0,-0.10990689771670498,1.0,0.40612255028800687,margin
1995-1826-0007_4970-29093-0009_6829-68771-0004_x4,s4,coarse_to_fine,0,False,0.0,-0.26501853723424984,1.0,0.4370836692345792,margin
1995-1826-0007_4970-29093-0009_6829-68771-0004_x4,s1,coarse_to_fine,1,False,0.0,-0.5165867172046412,1.0,0.36284274176617903,margin
1995-1826-0007_4970-29093-0009_6829-68771-0004_x4,s2,coarse_to_fine,1,True,0.00031046604559119246,0.549995874209645,1.0,0.47657617402057945,accepted
1995-1826-0007_4970-29093-0009_6829-68771-0004_x4,s3,coarse_to_fine,1,False,0.0,-0.5490442497560306,1.0,0.40612255028800687,margin
1995-1826-0007_4970-29093-0009_6829-68771-0004_x4,s4,coarse_to_fine,1,False,0.0,-0.5908841132379944,1.0,0.4370836692345792,margin
4077-13751-0001_1284-1181-0002_5142-33396-0037_x4,s1,gated_deflation,0,True,9.259408951320756e-05,0.5318250236911146,1.0,0.5681455686237069,accepted
4077-13751-0001_1284-1181-0002_5142-33396-0037_x4,s2,gated_deflation,0,False,0.0,0.09005481176917113,1.0,0.7741537528082493,margin
4077-13751-0001_1284-1181-0002_5142-33396-0037_x4,s3,gated_deflation,0,True,0.0,0.2563774862424459,1.0,0.8193206039410683,accepted
4077-13751-0001_1284-1181-0002_5142-33396-0037_x4,s4,gated_deflation,0,False,0.0,0.03917939770020906,1.0,0.7794855775104889,margin
4077-13751-0001_1284-1181-0002_5142-33396-0037_x4,s1,coarse_to_fine,0,True,9.259408951320756e-05,0.1470958544015747,1.0,0.4974046796446555,accepted
4077-13751-0001_1284-1181-0002_5142-33396-0037_x4,s2,coarse_to_fine,0,False,0.0,-0.2078037606863318,1.0,0.33412838004971646,margin
4077-13751-0001_1284-1181-0002_5142-33396-0037_x4,s3,coarse_to_fine,0,False,0.0,0.07080872622471224,1.0,0.4198792298132191,margin
4077-13751-0001_1284-1181-0002_5142-33396-0037_x4,s4,coarse_to_fine,0,True,0.0,0.10823942399301478,1.0,0.30833504686686497,accepted
4077-13751-0001_1284-1181-0002_5142-33396-0037_x4,s1,coarse_to_fine,1,True,9.259408951320756e-05,0.3286008427812201,1.0,0.5217958549905755,accepted
4077-13751-0001_1284-1181-0002_5142-33396-0037_x4,s2,coarse_to_fine,1,False,0.0,-0.4340557893429494,1.0,0.33412838004971646,margin
4077-13751-0001_1284-1181-0002_5142-33396-0037_x4,s3,coarse_to_fine,1,False,0.0,-0.06108934916869746,1.0,0.4198792298132191,margin
4077-13751-0001_1284-1181-0002_5142-33396-0037_x4,s4,coarse_to_fine,1,True,0.0,0.3617751574581849,1.0,0.2997825267757369,accepted
3570-5696-0008_8455-210777-0022_1320-122612-0005_x4,s1,gated_deflation,0,False,0.0,-0.18851142446667493,1.0,0.751474819102645,margin
3570-5696-0008_8455-210777-0022_1320-122612-0005_x4,s2,gated_deflation,0,True,0.0001992930528754167,0.29979082443033167,0.959953007518797,0.4599187891482018,accepted
3570-5696-0008_8455-210777-0022_1320-122612-0005_x4,s3,gated_deflation,0,False,0.0,-0.07246449082862133,1.0,0.8082497202541672,margin
3570-5696-0008_8455-210777-0022_1320-122612-0005_x4,s4,gated_deflation,0,False,0.0,-0.02047559648351771,0.9643515037593985,0.5127835556258991,margin
3570-5696-0008_8455-210777-0022_1320-122612-0005_x4,s1,coarse_to_fine,0,False,0.0,-0.10472920773016897,1.0,0.3317024929240722,margin
3570-5696-0008_8455-210777-0022_1320-122612-0005_x4,s2,coarse_to_fine,0,False,0.0001992930528754167,0.07432029315808286,0.957406015037594,0.35469548358592495,margin
3570-5696-0008_8455-210777-0022_1320-122612-0005_x4,s3,coarse_to_fine,0,False,0.0,0.0055495724171018,1.0,0.3760832610797109,margin
3570-5696-0008_8455-210777-0022_1320-122612-0005_x4,s4,coarse_to_fine,0,False,0.0,-0.04019398683788633,0.9643515037593985,0.3345788201241089,margin
3570-5696-0008_8455-210777-0022_1320-122612-0005_x4,s1,coarse_to_fine,1,False,0.0,-0.10472920773016897,1.0,0.3317024929240722,margin
3570-5696-0008_8455-210777-0022_1320-122612-0005_x4,s2,coarse_to_fine,1,False,0.0001992930528754167,0.07432029315808286,0.957406015037594,0.35469548358592495,margin
3570-5696-0008_8455-210777-0022_1320-122612-0005_x4,s3,coarse_to_fine,1,False,0.0,0.0055495724171018,1.0,0.3760832610797109,margin
3570-5696-0008_8455-210777-0022_1320-122612-0005_x4,s4,coarse_to_fine,1,False,0.0,-0.04019398683788633,0.9643515037593985,0.3345788201241089,margin
121-127105-0035_5105-28240-0019_5142-33396-0042_x4,s1,gated_deflation,0,True,0.00014843992911838728,0.26114291733447487,0.9927640845070422,0.6524398762941225,accepted
121-127105-0035_5105-28240-0019_5142-33396-0042_x4,s2,gated_deflation,0,False,0.0,-0.018532376376952042,1.0,0.8251388626359124,margin
121-127105-0035_5105-28240-0019_5142-33396-0042_x4,s3,gated_deflation,0,True,0.0,0.2095592114026696,1.0,0.8390878714357622,accepted
121-127105-0035_5105-28240-0019_5142-33396-0042_x4,s4,gated_deflation,0,True,0.0,0.2138115210854014,0.9923239436619719,0.7623479289595575,accepted
121-127105-0035_5105-28240-0019_5142-33396-0042_x4,s1,coarse_to_fine,0,True,0.00014843992911838728,0.1736788597895652,1.0,0.5160713916596427,accepted
121-127105-0035_5105-28240-0019_5142-33396-0042_x4,s2,coarse_to_fine,0,False,0.0,-0.29600091392312544,1.0,0.5525872296572921,margin
121-127105-0035_5105-28240-0019_5142-33396-0042_x4,s3,coarse_to_fine,0,True,0.0,0.1123158748997928,1.0,0.5793005761939031,accepted
121-127105-0035_5105-28240-0019_5142-33396-0042_x4,s4,coarse_to_fine,0,False,0.0,-0.011925130380601445,1.0,0.4768169349460246,margin
121-127105-0035_5105-28240-0019_5142-33396-0042_x4,s1,coarse_to_fine,1,True,0.00014843992911838728,0.3745903488348212,1.0,0.4818685012530719,accepted
121-127105-0035_5105-28240-0019_5142-33396-0042_x4,s2,coarse_to_fine,1,False,0.0,-0.5103490982032182,1.0,0.5525872296572921,margin
121-127105-0035_5105-28240-0019_5142-33396-0042_x4,s3,coarse_to_fine,1,True,0.0,0.2671958159615123,1.0,0.580634965219432,accepted
121-127105-0035_5105-28240-0019_5142-33396-0042_x4,s4,coarse_to_fine,1,False,0.0,-0.2317159921166605,1.0,0.4768169349460246,margin
4970-29095-0036_8455-210777-0046_3570-5694-0014_x4,s1,gated_deflation,0,True,0.0,0.263984191143556,1.0,0.8170710689679019,accepted
4970-29095-0036_8455-210777-0046_3570-5694-0014_x4,s2,gated_deflation,0,True,0.0,0.22848518682989127,1.0,0.6135151797502157,accepted
4970-29095-0036_8455-210777-0046_3570-5694-0014_x4,s3,gated_deflation,0,True,0.00011845153246804018,0.4325840268761624,1.0,0.49637106660934216,accepted
4970-29095-0036_8455-210777-0046_3570-5694-0014_x4,s4,gated_deflation,0,False,0.0,0.07508275588885935,1.0,0.8631879570358946,margin
4970-29095-0036_8455-210777-0046_3570-5694-0014_x4,s1,coarse_to_fine,0,False,0.0,-0.103513233871767,1.0,0.5257962801006879,margin
4970-29095-0036_8455-210777-0046_3570-5694-0014_x4,s2,coarse_to_fine,0,True,0.0,0.26824422981027934,1.0,0.38772349066959133,accepted
4970-29095-0036_8455-210777-0046_3570-5694-0014_x4,s3,coarse_to_fine,0,True,0.00011845153246804018,0.4882715483456249,1.0,0.3491282062633241,accepted
4970-29095-0036_8455-210777-0046_3570-5694-0014_x4,s4,coarse_to_fine,0,False,0.0,0.0817358976231562,1.0,0.6112927101118935,margin
4970-29095-0036_8455-210777-0046_3570-5694-0014_x4,s1,coarse_to_fine,1,False,0.0,-0.25001415870671184,1.0,0.5257962801006879,margin
4970-29095-0036_8455-210777-0046_3570-5694-0014_x4,s2,coarse_to_fine,1,True,0.0,0.5381852476277688,1.0,0.39669477379517093,accepted
4970-29095-0036_8455-210777-0046_3570-5694-0014_x4,s3,coarse_to_fine,1,True,0.00011845153246804018,0.7108696558472107,1.0,0.3372186195001003,accepted
4970-29095-0036_8455-210777-0046_3570-5694-0014_x4,s4,coarse_to_fine,1,False,0.0,-0.03342879540432511,1.0,0.6112927101118935,margin
1995-1837-0018_7127-75946-0002_8463-294828-0034_x4,s1,gated_deflation,0,True,0.0,0.13577240387684825,1.0,0.4664604745197043,accepted
1995-1837-0018_7127-75946-0002_8463-294828-0034_x4,s2,gated_deflation,0,True,0.0,0.167476903142068,1.0,0.5246731891331345,accepted
1995-1837-0018_7127-75946-0002_8463-294828-0034_x4,s3,gated_deflation,0,False,0.0,-0.07925590948035369,1.0,0.8986491105731531,margin
1995-1837-0018_7127-75946-0002_8463-294828-0034_x4,s4,gated_deflation,0,True,0.00027433340014926326,0.15659526298553866,1.0,0.46937611622931985,accepted
1995-1837-0018_7127-75946-0002_8463-294828-0034_x4,s1,coarse_to_fine,0,True,0.0,0.3204674125753494,1.0,0.2952660730218189,accepted
1995-1837-0018_7127-75946-0002_8463-294828-0034_x4,s2,coarse_to_fine,0,True,0.0,0.12661562803524662,1.0,0.419288688716981,accepted
1995-1837-0018_7127-75946-0002_8463-294828-0034_x4,s3,coarse_to_fine,0,False,0.0,-0.007008844119009067,1.0,0.500622597216257,margin
1995-1837-0018_7127-75946-0002_8463-294828-0034_x4,s4,coarse_to_fine,0,False,0.00027433340014926326,-0.14154212253822887,1.0,0.4279625219707352,margin
1995-1837-0018_7127-75946-0002_8463-294828-0034_x4,s1,coarse_to_fine,1,True,0.0,0.5590713123004416,1.0,0.31195242621359554,accepted
1995-1837-0018_7127-75946-0002_8463-294828-0034_x4,s2,coarse_to_fine,1,True,0.0,0.3823373742138678,1.0,0.4231701875333402,accepted
1995-1837-0018_7127-75946-0002_8463-294828-0034_x4,s3,coarse_to_fine,1,False,0.0,-0.015859436846070468,1.0,0.500622597216257,margin
1995-1837-0018_7127-75946-0002_8463-294828-0034_x4,s4,coarse_to_fine,1,False,0.00027433340014926326,-0.44229657535980715,1.0,0.4279625219707352,margin
1221-135767-0019_4446-2273-0001_7176-88083-0008_x4,s1,gated_deflation,0,False,0.0,0.02989901090532021,1.0,0.8372468392609105,margin
1221-135767-0019_4446-2273-0001_7176-88083-0008_x4,s2,gated_deflation,0,True,0.0,0.10440914080421027,1.0,0.7875745039240964,accepted
1221-135767-0019_4446-2273-0001_7176-88083-0008_x4,s3,gated_deflation,0,True,0.0,0.3342962064881436,1.0,0.8747655735814078,accepted
1221-135767-0019_4446-2273-0001_7176-88083-0008_x4,s4,gated_deflation,0,True,7.084084865472948e-05,0.44319350725768714,1.0,0.5842903587685885,accepted
1221-135767-0019_4446-2273-0001_7176-88083-0008_x4,s1,coarse_to_fine,0,False,0.0,-0.22704503053770927,1.0,0.488675643302645,margin
1221-135767-0019_4446-2273-0001_7176-88083-0008_x4,s2,coarse_to_fine,0,False,0.0,-0.26668315854609814,1.0,0.43648787150102264,margin
1221-135767-0019_4446-2273-0001_7176-88083-0008_x4,s3,coarse_to_fine,0,True,0.0,0.15970841567142155,1.0,0.5059067659554997,accepted
1221-135767-0019_4446-2273-0001_7176-88083-0008_x4,s4,coarse_to_fine,0,True,7.084084865472948e-05,0.28671140215463087,1.0,0.4436538698544358,accepted
1221-135767-0019_4446-2273-0001_7176-88083-0008_x4,s1,coarse_to_fine,1,False,0.0,-0.3986705515838552,1.0,0.488675643302645,margin
1221-135767-0019_4446-2273-0001_7176-88083-0008_x4,s2,coarse_to_fine,1,False,0.0,-0.4707008221600486,1.0,0.43648787150102264,margin
1221-135767-0019_4446-2273-0001_7176-88083-0008_x4,s3,coarse_to_fine,1,True,0.0,0.5699003016142603,1.0,0.5112733055625734,accepted
1221-135767-0019_4446-2273-0001_7176-88083-0008_x4,s4,coarse_to_fine,1,True,7.084084865472948e-05,0.5032506457151429,1.0,0.4302541307563337,accepted
8455-210777-0006_1995-1826-0020_5683-32879-0002_x4,s1,gated_deflation,0,False,0.0,-0.008398000699557151,1.0,0.8334327907247038,margin
8455-210777-0006_1995-1826-0020_5683-32879-0002_x4,s2,gated_deflation,0,False,0.0,-0.023534985301227274,1.0,0.7709713326656027,margin
8455-210777-0006_1995-1826-0020_5683-32879-0002_x4,s3,gated_deflation,0,False,0.0,-0.04862983814835886,0.9884481903817551,0.6676526782138003,margin
8455-210777-0006_1995-1826-0020_5683-32879-0002_x4,s4,gated_deflation,0,True,0.0001507655778313652,0.5037231098971198,1.0,0.5090042028559538,accepted
8455-210777-0006_1995-1826-0020_5683-32879-0002_x4,s1,coarse_to_fine,0,False,0.0,-0.31200304586331806,1.0,0.37715748960316114,margin
8455-210777-0006_1995-1826-0020_5683-32879-0002_x4,s2,coarse_to_fine,0,False,0.0,0.057062643588727174,1.0,0.34813451954881924,margin
8455-210777-0006_1995-1826-0020_5683-32879-0002_x4,s3,coarse_to_fine,0,False,0.0,-0.06611280951022439,0.9884481903817551,0.47561188721177383,margin
8455-210777-0006_1995-1826-0020_5683-32879-0002_x4,s4,coarse_to_fine,0,True,0.0001507655778313652,0.3879965067871018,1.0,0.41742372525908994,accepted
8455-210777-0006_1995-1826-0020_5683-32879-0002_x4,s1,coarse_to_fine,1,False,0.0,-0.4845768800695778,1.0,0.37715748960316114,margin
8455-210777-0006_1995-1826-0020_5683-32879-0002_x4,s2,coarse_to_fine,1,False,0.0,-0.0098810002511735,1.0,0.34813451954881924,margin
8455-210777-0006_1995-1826-0020_5683-32879-0002_x4,s3,coarse_to_fine,1,False,0.0,-0.15749449588833495,0.9884481903817551,0.47561188721177383,margin
8455-210777-0006_1995-1826-0020_5683-32879-0002_x4,s4,coarse_to_fine,1,True,0.0001507655778313652,0.6260208947453654,1.0,0.40087403918451747,accepted
7729-102255-0018_1995-1826-0024_121-127105-0025_x4,s1,gated_deflation,0,True,0.0,0.15194823925092976,0.9925845410628019,0.6009862464687661,accepted
7729-102255-0018_1995-1826-0024_121-127105-0025_x4,s2,gated_deflation,0,False,0.0,0.08651874114736763,1.0,0.8320128133462467,margin
7729-102255-0018_1995-1826-0024_121-127105-0025_x4,s3,gated_deflation,0,True,0.0001563215742636587,0.18184921273595733,0.9932608695652174,0.544224191267197,accepted
7729-102255-0018_1995-1826-0024_121-127105-0025_x4,s4,gated_deflation,0,True,0.0,0.19534736012380766,1.0,0.8459238694440218,accepted
7729-102255-0018_1995-1826-0024_121-127105-0025_x4,s1,coarse_to_fine,0,False,0.0,0.001725787827036862,0.9925845410628019,0.3298348934542253,margin
7729-102255-0018_1995-1826-0024_121-127105-0025_x4,s2,coarse_to_fine,0,True,0.0,0.14659587142835756,1.0,0.3781801184685368,accepted
7729-102255-0018_1995-1826-0024_121-127105-0025_x4,s3,coarse_to_fine,0,True,0.0001563215742636587,0.14379820707930335,1.0,0.468874443873549,accepted
7729-102255-0018_1995-1826-0024_121-127105-0025_x4,s4,coarse_to_fine,0,False,0.0,-0.06094606727861426,1.0,0.47048285571770343,margin
7729-102255-0018_1995-1826-0024_121-127105-0025_x4,s1,coarse_to_fine,1,False,0.0,-0.04172880470135426,0.9925845410628019,0.3298348934542253,margin
7729-102255-0018_1995-1826-0024_121-127105-0025_x4,s2,coarse_to_fine,1,True,0.0,0.3356017189400805,1.0,0.38898262231922975,accepted
7729-102255-0018_1995-1826-0024_121-127105-0025_x4,s3,coarse_to_fine,1,True,0.0001563215742636587,0.10248860148590405,1.0,0.43047719011389945,accepted
7729-102255-0018_1995-1826-0024_121-127105-0025_x4,s4,coarse_to_fine,1,False,0.0,-0.06094606727861426,1.0,0.47048285571770343,margin
8230-279154-0019_4446-2271-0000_237-126133-0009_x4,s1,gated_deflation,0,True,9.125034736581581e-05,0.606745517388196,0.9968598300970873,0.45386204695365845,accepted
8230-279154-0019_4446-2271-0000_237-126133-0009_x4,s2,gated_deflation,0,False,0.0,0.1523497967418831,1.0,0.9055150455070969,artifact_score
8230-279154-0019_4446-2271-0000_237-126133-0009_x4,s3,gated_deflation,0,False,0.0,-0.0062807192063785156,1.0,0.9140650860350172,margin
8230-279154-0019_4446-2271-0000_237-126133-0009_x4,s4,gated_deflation,0,False,0.0,0.09409236683731698,1.0,0.8086829078968916,margin
8230-279154-0019_4446-2271-0000_237-126133-0009_x4,s1,coarse_to_fine,0,True,9.125034736581581e-05,0.520566433978093,1.0,0.36406709930539083,accepted
8230-279154-0019_4446-2271-0000_237-126133-0009_x4,s2,coarse_to_fine,0,False,0.0,-0.011628348761619806,1.0,0.4223006404333734,margin
8230-279154-0019_4446-2271-0000_237-126133-0009_x4,s3,coarse_to_fine,0,False,0.0,-0.034641925633336734,1.0,0.5515212746216137,margin
8230-279154-0019_4446-2271-0000_237-126133-0009_x4,s4,coarse_to_fine,0,False,0.0,0.004092819984392482,1.0,0.581040892931246,margin
8230-279154-0019_4446-2271-0000_237-126133-0009_x4,s1,coarse_to_fine,1,True,9.125034736581581e-05,0.6964308315102208,1.0,0.38016915511724564,accepted
8230-279154-0019_4446-2271-0000_237-126133-0009_x4,s2,coarse_to_fine,1,False,0.0,-0.02783935772743054,1.0,0.4223006404333734,margin
8230-279154-0019_4446-2271-0000_237-126133-0009_x4,s3,coarse_to_fine,1,False,0.0,-0.046608170344455385,1.0,0.5515212746216137,margin
8230-279154-0019_4446-2271-0000_237-126133-0009_x4,s4,coarse_to_fine,1,False,0.0,-0.06328952243620978,1.0,0.581040892931246,margin
7729-102255-0033_2094-142345-0053_3570-5694-0012_x4,s1,gated_deflation,0,True,0.00017700861221705506,0.6042537393941229,0.8818081991215226,0.5220187779629218,accepted
7729-102255-0033_2094-142345-0053_3570-5694-0012_x4,s2,gated_deflation,0,True,0.0,0.16819493079995346,1.0,0.7661294210684517,accepted
7729-102255-0033_2094-142345-0053_3570-5694-0012_x4,s3,gated_deflation,0,True,0.0,0.34052676127747394,1.0,0.7512357064835641,accepted
7729-102255-0033_2094-142345-0053_3570-5694-0012_x4,s4,gated_deflation,0,False,0.0,-0.31822851057897045,0.8260980966325037,0.6737964092338662,margin
7729-102255-0033_2094-142345-0053_3570-5694-0012_x4,s1,coarse_to_fine,0,True,0.00017700861221705506,0.504417450937286,1.0,0.27091741361624994,accepted
7729-102255-0033_2094-142345-0053_3570-5694-0012_x4,s2,coarse_to_fine,0,False,0.0,0.051611267821354945,1.0,0.3291834174858631,margin
7729-102255-0033_2094-142345-0053_3570-5694-0012_x4,s3,coarse_to_fine,0,False,0.0,-0.13225514977973446,1.0,0.27095102279601585,margin
7729-102255-0033_2094-142345-0053_3570-5694-0012_x4,s4,coarse_to_fine,0,False,0.0,-0.2096838993486626,1.0,0.31234937503343363,margin
7729-102255-0033_2094-142345-0053_3570-5694-0012_x4,s1,coarse_to_fine,1,True,0.00017700861221705506,0.7276286868988913,0.9736822840409957,0.27767973565936377,accepted
7729-102255-0033_2094-142345-0053_3570-5694-0012_x4,s2,coarse_to_fine,1,False,0.0,0.051611267821354945,1.0,0.3291834174858631,margin
7729-102255-0033_2094-142345-0053_3570-5694-0012_x4,s3,coarse_to_fine,1,False,0.0,-0.13225514977973446,1.0,0.27095102279601585,margin
7729-102255-0033_2094-142345-0053_3570-5694-0012_x4,s4,coarse_to_fine,1,False,0.0,-0.2728499555909924,1.0,0.31234937503343363,margin
908-31957-0020_6829-68771-0033_8555-292519-0006_x4,s1,gated_deflation,0,False,0.0,-0.13235720374042775,1.0,0.8066598400446702,margin
908-31957-0020_6829-68771-0033_8555-292519-0006_x4,s2,gated_deflation,0,False,0.0,-0.005343400817512167,1.0,0.8251419463668709,margin
908-31957-0020_6829-68771-0033_8555-292519-0006_x4,s3,gated_deflation,0,True,0.0,0.22349893749127414,0.9278322440087146,0.6055740494245024,accepted
908-31957-0020_6829-68771-0033_8555-292519-0006_x4,s4,gated_deflation,0,True,0.00014947653225756994,0.3792662765146024,1.0,0.5579117205049692,accepted
908-31957-0020_6829-68771-0033_8555-292519-0006_x4,s1,coarse_to_fine,0,False,0.0,-0.33166620272687164,1.0,0.4075218493629051,margin
908-31957-0020_6829-68771-0033_8555-292519-0006_x4,s2,coarse_to_fine,0,True,0.0,0.23825627253592224,1.0,0.4159004617884137,accepted
908-31957-0020_6829-68771-0033_8555-292519-0006_x4,s3,coarse_to_fine,0,False,0.0,0.06432092045809026,0.9278322440087146,0.280991360543763,margin
908-31957-0020_6829-68771-0033_8555-292519-0006_x4,s4,coarse_to_fine,0,True,0.00014947653225756994,0.22532046563762081,1.0,0.5064918489679427,accepted
908-31957-0020_6829-68771-0033_8555-292519-0006_x4,s1,coarse_to_fine,1,False,0.0,-0.6580509824814436,1.0,0.4075218493629051,margin
908-31957-0020_6829-68771-0033_8555-292519-0006_x4,s2,coarse_to_fine,1,True,0.0,0.4621385777145098,1.0,0.3992950566916266,accepted
908-31957-0020_6829-68771-0033_8555-292519-0006_x4,s3,coarse_to_fine,1,False,0.0,-0.19180236321169708,0.9278322440087146,0.280991360543763,margin
908-31957-0020_6829-68771-0033_8555-292519-0006_x4,s4,coarse_to_fine,1,True,0.00014947653225756994,0.3368343888749241,1.0,0.49985467963794294,accepted
8463-294828-0016_8224-274384-0010_4446-2273-0024_x4,s1,gated_deflation,0,True,0.0,0.2298895838930114,1.0,0.8989873771090944,accepted
8463-294828-0016_8224-274384-0010_4446-2273-0024_x4,s2,gated_deflation,0,True,0.00015754957763113248,0.5048331928750007,0.98,0.48184541441171935,accepted
8463-294828-0016_8224-274384-0010_4446-2273-0024_x4,s3,gated_deflation,0,False,0.0,-0.056887568583298465,0.9976797385620915,0.826000901406391,margin
8463-294828-0016_8224-274384-0010_4446-2273-0024_x4,s4,gated_deflation,0,False,0.0,0.06525675835977707,0.9593212669683258,0.7654621230058193,margin
8463-294828-0016_8224-274384-0010_4446-2273-0024_x4,s1,coarse_to_fine,0,False,0.0,-0.24624784839985306,1.0,0.40506650774422265,margin
8463-294828-0016_8224-274384-0010_4446-2273-0024_x4,s2,coarse_to_fine,0,False,0.00015754957763113248,0.018613010020837928,1.0,0.41673244587430314,margin
8463-294828-0016_8224-274384-0010_4446-2273-0024_x4,s3,coarse_to_fine,0,False,0.0,-0.05953974016655192,1.0,0.3608700628079434,margin
8463-294828-0016_8224-274384-0010_4446-2273-0024_x4,s4,coarse_to_fine,0,True,0.0,0.13571331812348691,0.9784841628959277,0.3763186216258001,accepted
8463-294828-0016_8224-274384-0010_4446-2273-0024_x4,s1,coarse_to_fine,1,False,0.0,-0.4733967668840098,1.0,0.40506650774422265,margin
8463-294828-0016_8224-274384-0010_4446-2273-0024_x4,s2,coarse_to_fine,1,False,0.00015754957763113248,-0.2605686474220789,1.0,0.41673244587430314,margin
8463-294828-0016_8224-274384-0010_4446-2273-0024_x4,s3,coarse_to_fine,1,False,0.0,-0.3238143286328166,1.0,0.3608700628079434,margin
8463-294828-0016_8224-274384-0010_4446-2273-0024_x4,s4,coarse_to_fine,1,True,0.0,0.497080904129216,0.9757013574660633,0.3456788875229458,accepted
5105-28233-0003_61-70970-0039_908-157963-0029_x4,s1,gated_deflation,0,True,8.535581100819856e-05,0.3660768918558951,0.9986319505736981,0.557521981478924,accepted
5105-28233-0003_61-70970-0039_908-157963-0029_x4,s2,gated_deflation,0,True,0.0,0.17684515348376667,1.0,0.7913116423750285,accepted
5105-28233-0003_61-70970-0039_908-157963-0029_x4,s3,gated_deflation,0,True,0.0,0.182998150429663,1.0,0.887455420860838,accepted
5105-28233-0003_61-70970-0039_908-157963-0029_x4,s4,gated_deflation,0,False,0.0,0.07232618379140704,1.0,0.8978222246843671,margin
5105-28233-0003_61-70970-0039_908-157963-0029_x4,s1,coarse_to_fine,0,True,8.535581100819856e-05,0.1647895677685866,1.0,0.4653379185338422,accepted
5105-28233-0003_61-70970-0039_908-157963-0029_x4,s2,coarse_to_fine,0,True,0.0,0.1388553104472332,1.0,0.45766549909854276,accepted
5105-28233-0003_61-70970-0039_908-157963-0029_x4,s3,coarse_to_fine,0,False,0.0,-0.20587637200827183,1.0,0.4349078949647408,margin
5105-28233-0003_61-70970-0039_908-157963-0029_x4,s4,coarse_to_fine,0,False,0.0,-0.07745538539306453,1.0,0.3562578340993246,margin
5105-28233-0003_61-70970-0039_908-157963-0029_x4,s1,coarse_to_fine,1,False,8.535581100819856e-05,0.09421047700849727,1.0,0.4301231963787793,margin
5105-28233-0003_61-70970-0039_908-157963-0029_x4,s2,coarse_to_fine,1,True,0.0,0.17153778031442735,1.0,0.46324449959099107,accepted
5105-28233-0003_61-70970-0039_908-157963-0029_x4,s3,coarse_to_fine,1,False,0.0,-0.3589924427157606,1.0,0.4349078949647408,margin
5105-28233-0003_61-70970-0039_908-157963-0029_x4,s4,coarse_to_fine,1,False,0.0,-0.07745538539306453,1.0,0.3562578340993246,margin
8230-279154-0020_61-70970-0018_1320-122612-0013_x4,s1,gated_deflation,0,False,0.0,0.09760999098573314,0.9978054133138259,0.6514404637702325,margin
8230-279154-0020_61-70970-0018_1320-122612-0013_x4,s2,gated_deflation,0,False,0.0,0.07406885482950704,1.0,0.7868642684140338,margin
8230-279154-0020_61-70970-0018_1320-122612-0013_x4,s3,gated_deflation,0,True,0.0,0.11108132783029467,1.0,0.6715109691938522,accepted
8230-279154-0020_61-70970-0018_1320-122612-0013_x4,s4,gated_deflation,0,True,0.00014512449348729457,0.40144509797866257,0.9826444769568398,0.47969102072869624,accepted
8230-279154-0020_61-70970-0018_1320-122612-0013_x4,s1,coarse_to_fine,0,False,0.0,-0.016975549807682233,1.0,0.3904253376121169,margin
8230-279154-0020_61-70970-0018_1320-122612-0013_x4,s2,coarse_to_fine,0,False,0.0,-0.20369386583514365,1.0,0.3524528967502003,margin
8230-279154-0020_61-70970-0018_1320-122612-0013_x4,s3,coarse_to_fine,0,True,0.0,0.1555190298831296,1.0,0.2968124408263672,accepted
8230-279154-0020_61-70970-0018_1320-122612-0013_x4,s4,coarse_to_fine,0,True,0.00014512449348729457,0.171407948023094,1.0,0.32941801435893286,accepted
8230-279154-0020_61-70970-0018_1320-122612-0013_x4,s1,coarse_to_fine,1,False,0.0,-0.27583270177736496,1.0,0.3904253376121169,margin
8230-279154-0020_61-70970-0018_1320-122612-0013_x4,s2,coarse_to_fine,1,False,0.0,-0.4497804513276646,1.0,0.3524528967502003,margin
8230-279154-0020_61-70970-0018_1320-122612-0013_x4,s3,coarse_to_fine,1,True,0.0,0.38527669249576385,1.0,0.3065663153093252,accepted
8230-279154-0020_61-70970-0018_1320-122612-0013_x4,s4,coarse_to_fine,1,True,0.00014512449348729457,0.34757238987061106,1.0,0.33161435294531033,accepted
4507-16021-0003_7021-85628-0002_8224-274381-0015_x4,s1,gated_deflation,0,True,0.0,0.11861916472448747,1.0,0.7917752825168761,accepted
4507-16021-0003_7021-85628-0002_8224-274381-0015_x4,s2,gated_deflation,0,True,0.0,0.16078116053315522,1.0,0.7568955207560821,accepted
4507-16021-0003_7021-85628-0002_8224-274381-0015_x4,s3,gated_deflation,0,True,0.00012828884106164812,0.23048235757339225,0.9760207190737356,0.4865327274372464,accepted
4507-16021-0003_7021-85628-0002_8224-274381-0015_x4,s4,gated_deflation,0,False,0.0,0.0413447286819148,0.9908744667885435,0.7001000035384599,margin
4507-16021-0003_7021-85628-0002_8224-274381-0015_x4,s1,coarse_to_fine,0,False,0.0,0.03185319665158057,1.0,0.2936651556309753,margin
4507-16021-0003_7021-85628-0002_8224-274381-0015_x4,s2,coarse_to_fine,0,True,0.0,0.23258098268164945,1.0,0.36731231965303957,accepted
4507-16021-0003_7021-85628-0002_8224-274381-0015_x4,s3,coarse_to_fine,0,True,0.00012828884106164812,0.14106255440323,1.0,0.3908563355756855,accepted
4507-16021-0003_7021-85628-0002_8224-274381-0015_x4,s4,coarse_to_fine,0,True,0.0,0.11984510189490077,1.0,0.5247304802212786,accepted
4507-16021-0003_7021-85628-0002_8224-274381-0015_x4,s1,coarse_to_fine,1,False,0.0,-0.04632406296842789,1.0,0.2936651556309753,margin
4507-16021-0003_7021-85628-0002_8224-274381-0015_x4,s2,coarse_to_fine,1,True,0.0,0.23923743513410783,1.0,0.3919462122483697,accepted
4507-16021-0003_7021-85628-0002_8224-274381-0015_x4,s3,coarse_to_fine,1,True,0.00012828884106164812,0.10705403577997852,1.0,0.413727299442819,accepted
4507-16021-0003_7021-85628-0002_8224-274381-0015_x4,s4,coarse_to_fine,1,False,0.0,0.09956112819117113,1.0,0.5199465902107027,margin
1284-1180-0028_1580-141084-0024_237-126133-0007_x4,s1,gated_deflation,0,True,0.0,0.15810911959685298,1.0,0.7323027270060339,accepted
1284-1180-0028_1580-141084-0024_237-126133-0007_x4,s2,gated_deflation,0,True,0.00020800118363633628,0.30049453147853256,1.0,0.6722202384394343,accepted
1284-1180-0028_1580-141084-0024_237-126133-0007_x4,s3,gated_deflation,0,False,0.0,-0.06745094889426057,1.0,0.658328253305307,margin
1284-1180-0028_1580-141084-0024_237-126133-0007_x4,s4,gated_deflation,0,True,0.0,0.3694468357432651,1.0,0.6598992729820053,accepted
1284-1180-0028_1580-141084-0024_237-126133-0007_x4,s1,coarse_to_fine,0,False,0.0,-0.01588403363409982,1.0,0.4813478660523856,margin
1284-1180-0028_1580-141084-0024_237-126133-0007_x4,s2,coarse_to_fine,0,True,0.00020800118363633628,0.3254473327179358,1.0,0.4984141998698325,accepted
1284-1180-0028_1580-141084-0024_237-126133-0007_x4,s3,coarse_to_fine,0,False,0.0,-0.2761102633773972,1.0,0.4851434209743149,margin
1284-1180-0028_1580-141084-0024_237-126133-0007_x4,s4,coarse_to_fine,0,True,0.0,0.25711071586899514,1.0,0.5224894799504841,accepted
1284-1180-0028_1580-141084-0024_237-126133-0007_x4,s1,coarse_to_fine,1,False,0.0,-0.14997054223305456,1.0,0.4813478660523856,margin
1284-1180-0028_1580-141084-0024_237-126133-0007_x4,s2,coarse_to_fine,1,True,0.00020800118363633628,0.6256925343290914,1.0,0.49592890651544325,accepted
1284-1180-0028_1580-141084-0024_237-126133-0007_x4,s3,coarse_to_fine,1,False,0.0,-0.5724400713066196,1.0,0.4851434209743149,margin
1284-1180-0028_1580-141084-0024_237-126133-0007_x4,s4,coarse_to_fine,1,True,0.0,0.5192617894905285,1.0,0.5098534351538491,accepted
5639-40744-0004_4992-41806-0011_672-122797-0012_x4,s1,gated_deflation,0,True,0.00017504285074008223,0.5128010343543272,1.0,0.532870523104691,accepted
5639-40744-0004_4992-41806-0011_672-122797-0012_x4,s2,gated_deflation,0,True,0.0,0.12772523891987297,0.9900219298245614,0.6607491096482311,accepted
5639-40744-0004_4992-41806-0011_672-122797-0012_x4,s3,gated_deflation,0,False,0.0,-0.27710767341677023,1.0,0.7405215289555651,margin
5639-40744-0004_4992-41806-0011_672-122797-0012_x4,s4,gated_deflation,0,False,0.0,0.09066596459324827,1.0,0.8410183165641993,margin
5639-40744-0004_4992-41806-0011_672-122797-0012_x4,s1,coarse_to_fine,0,True,0.00017504285074008223,0.379102638520185,1.0,0.43609324059772686,accepted
5639-40744-0004_4992-41806-0011_672-122797-0012_x4,s2,coarse_to_fine,0,True,0.0,0.13335302978534674,0.9900219298245614,0.3410225342514603,accepted
5639-40744-0004_4992-41806-0011_672-122797-0012_x4,s3,coarse_to_fine,0,False,0.0,-0.35507922747049603,1.0,0.500486949167731,margin
5639-40744-0004_4992-41806-0011_672-122797-0012_x4,s4,coarse_to_fine,0,False,0.0,-0.1925043592144968,1.0,0.46353658452564733,margin
5639-40744-0004_4992-41806-0011_672-122797-0012_x4,s1,coarse_to_fine,1,True,0.00017504285074008223,0.48832540072409475,1.0,0.4798370178152183,accepted
5639-40744-0004_4992-41806-0011_672-122797-0012_x4,s2,coarse_to_fine,1,True,0.0,0.16314900918808084,0.9925804093567251,0.34534784458161955,accepted
5639-40744-0004_4992-41806-0011_672-122797-0012_x4,s3,coarse_to_fine,1,False,0.0,-0.6774326746274458,1.0,0.500486949167731,margin
5639-40744-0004_4992-41806-0011_672-122797-0012_x4,s4,coarse_to_fine,1,False,0.0,-0.4066927342519503,1.0,0.46353658452564733,margin
8463-294828-0033_3729-6852-0019_4507-16021-0039_x4,s1,gated_deflation,0,False,0.0,0.06917680204816784,0.9999068033550792,0.822859556073309,margin
8463-294828-0033_3729-6852-0019_4507-16021-0039_x4,s2,gated_deflation,0,False,0.0,0.01385986651123694,1.0,0.8922485578626712,margin
8463-294828-0033_3729-6852-0019_4507-16021-0039_x4,s3,gated_deflation,0,True,9.120302008640598e-05,0.451168827571154,0.9894454799627214,0.4790790642102719,accepted
8463-294828-0033_3729-6852-0019_4507-16021-0039_x4,s4,gated_deflation,0,False,0.0,0.16456962926161764,1.0,0.9052843679802175,artifact_score
8463-294828-0033_3729-6852-0019_4507-16021-0039_x4,s1,coarse_to_fine,0,False,0.0,0.020106824923023625,1.0,0.48135831248541844,margin
8463-294828-0033_3729-6852-0019_4507-16021-0039_x4,s2,coarse_to_fine,0,False,0.0,0.07813859968877349,1.0,0.35445989734479344,margin
8463-294828-0033_3729-6852-0019_4507-16021-0039_x4,s3,coarse_to_fine,0,True,9.120302008640598e-05,0.2002775683606169,0.9894454799627214,0.39042355660022976,accepted
8463-294828-0033_3729-6852-0019_4507-16021-0039_x4,s4,coarse_to_fine,0,False,0.0,0.04090784900722608,1.0,0.6196956087358652,margin
8463-294828-0033_3729-6852-0019_4507-16021-0039_x4,s1,coarse_to_fine,1,False,0.0,-0.2399253077542982,1.0,0.48135831248541844,margin
8463-294828-0033_3729-6852-0019_4507-16021-0039_x4,s2,coarse_to_fine,1,False,0.0,-0.11944735691102684,1.0,0.35445989734479344,margin
8463-294828-0033_3729-6852-0019_4507-16021-0039_x4,s3,coarse_to_fine,1,True,9.120302008640598e-05,0.5009740158893465,1.0,0.4166116509143071,accepted
8463-294828-0033_3729-6852-0019_4507-16021-0039_x4,s4,coarse_to_fine,1,False,0.0,0.04090784900722608,1.0,0.6196956087358652,margin
1221-135767-0021_4446-2273-0010_4507-16021-0024_x4,s1,gated_deflation,0,True,0.0,0.17115033631930648,1.0,0.5067509644074174,accepted
1221-135767-0021_4446-2273-0010_4507-16021-0024_x4,s2,gated_deflation,0,False,0.0,0.025596747053495128,1.0,0.5230330115925047,margin
1221-135767-0021_4446-2273-0010_4507-16021-0024_x4,s3,gated_deflation,0,False,0.0,-0.03543648595872283,1.0,0.7715962540512047,margin
1221-135767-0021_4446-2273-0010_4507-16021-0024_x4,s4,gated_deflation,0,False,0.0,0.01593262053572278,1.0,0.6568171051478111,margin
1221-135767-0021_4446-2273-0010_4507-16021-0024_x4,s1,coarse_to_fine,0,True,0.0,0.15987994193466348,1.0,0.3816059834300761,accepted
1221-135767-0021_4446-2273-0010_4507-16021-0024_x4,s2,coarse_to_fine,0,False,0.0,-0.07753762515508744,0.9934440559440559,0.3789677008177797,margin
1221-135767-0021_4446-2273-0010_4507-16021-0024_x4,s3,coarse_to_fine,0,False,0.0,-0.17962955331374583,1.0,0.2740035293579816,margin
1221-135767-0021_4446-2273-0010_4507-16021-0024_x4,s4,coarse_to_fine,0,False,0.0,-0.20895962947632785,1.0,0.35814825542079387,margin
1221-135767-0021_4446-2273-0010_4507-16021-0024_x4,s1,coarse_to_fine,1,True,0.0,0.4593106804209355,1.0,0.37882555265584195,accepted
1221-135767-0021_4446-2273-0010_4507-16021-0024_x4,s2,coarse_to_fine,1,False,0.0,-0.3157414708560177,0.9934440559440559,0.3789677008177797,margin
1221-135767-0021_4446-2273-0010_4507-16021-0024_x4,s3,coarse_to_fine,1,False,0.0,-0.31562667304795466,1.0,0.2740035293579816,margin
1221-135767-0021_4446-2273-0010_4507-16021-0024_x4,s4,coarse_to_fine,1,False,0.0,-0.4200231787974094,1.0,0.35814825542079387,margin
5142-33396-0014_2961-960-0003_7021-85628-0009_x4,s1,gated_deflation,0,False,0.0,0.13276653660504728,1.0,0.9199282866877333,artifact_score
5142-33396-0014_2961-960-0003_7021-85628-0009_x4,s2,gated_deflation,0,True,0.0001625984246471002,0.5307148349975581,0.9912964190981433,0.5477011802326476,accepted
5142-33396-0014_2961-960-0003_7021-85628-0009_x4,s3,gated_deflation,0,False,0.0,-0.06234643473814544,1.0,0.7662644711067684,margin
5142-33396-0014_2961-960-0003_7021-85628-0009_x4,s4,gated_deflation,0,True,0.0,0.12754176645579057,1.0,0.8644104057907632,accepted
5142-33396-0014_2961-960-0003_7021-85628-0009_x4,s1,coarse_to_fine,0,False,0.0,-0.05359832301161954,1.0,0.5292025328579308,margin
5142-33396-0014_2961-960-0003_7021-85628-0009_x4,s2,coarse_to_fine,0,True,0.0001625984246471002,0.4030699603041849,0.9901193633952254,0.4481339477483188,accepted
5142-33396-0014_2961-960-0003_7021-85628-0009_x4,s3,coarse_to_fine,0,False,0.0,-0.16449636596491826,1.0,0.4552044293697267,margin
5142-33396-0014_2961-960-0003_7021-85628-0009_x4,s4,coarse_to_fine,0,True,0.0,0.1661674120876243,1.0,0.5197702134552318,accepted
5142-33396-0014_2961-960-0003_7021-85628-0009_x4,s1,coarse_to_fine,1,False,0.0,-0.1713945729093454,1.0,0.5292025328579308,margin
5142-33396-0014_2961-960-0003_7021-85628-0009_x4,s2,coarse_to_fine,1,True,0.0001625984246471002,0.4384942575135797,0.9872015915119363,0.456489467335963,accepted
5142-33396-0014_2961-960-0003_7021-85628-0009_x4,s3,coarse_to_fine,1,False,0.0,-0.4298319981578169,1.0,0.4552044293697267,margin
5142-33396-0014_2961-960-0003_7021-85628-0009_x4,s4,coarse_to_fine,1,True,0.0,0.512141136972819,1.0,0.5276462465914628,accepted
4970-29095-0001_2830-3980-0047_8224-274384-0002_x4,s1,gated_deflation,0,True,0.0001843136115821975,0.32052114532181747,0.9480289279636982,0.5565776500775341,accepted
4970-29095-0001_2830-3980-0047_8224-274384-0002_x4,s2,gated_deflation,0,True,0.0,0.19904238159726861,1.0,0.7197356188251521,accepted
4970-29095-0001_2830-3980-0047_8224-274384-0002_x4,s3,gated_deflation,0,True,0.0,0.12901052661691992,0.9604934770277935,0.638683539976563,accepted
4970-29095-0001_2830-3980-0047_8224-274384-0002_x4,s4,gated_deflation,0,True,0.0,0.12747188845950194,1.0,0.8305135260441874,accepted
4970-29095-0001_2830-3980-0047_8224-274384-0002_x4,s1,coarse_to_fine,0,True,0.0001843136115821975,0.31143042323373493,0.962010777084515,0.46129321873011797,accepted
4970-29095-0001_2830-3980-0047_8224-274384-0002_x4,s2,coarse_to_fine,0,False,0.0,0.02935113288773411,1.0,0.42117922006449016,margin
4970-29095-0001_2830-3980-0047_8224-274384-0002_x4,s3,coarse_to_fine,0,False,0.0,0.04149515707939694,0.9778644356211004,0.38671324659844564,margin
4970-29095-0001_2830-3980-0047_8224-274384-0002_x4,s4,coarse_to_fine,0,False,0.0,-0.05674002444871584,1.0,0.3874365448875342,margin
4970-29095-0001_2830-3980-0047_8224-274384-0002_x4,s1,coarse_to_fine,1,True,0.0001843136115821975,0.5537983932157824,0.9618689733408962,0.455157570990648,accepted
4970-29095-0001_2830-3980-0047_8224-274384-0002_x4,s2,coarse_to_fine,1,False,0.0,0.02935113288773411,1.0,0.42117922006449016,margin
4970-29095-0001_2830-3980-0047_8224-274384-0002_x4,s3,coarse_to_fine,1,False,0.0,0.04149515707939694,0.9778644356211004,0.38671324659844564,margin
4970-29095-0001_2830-3980-0047_8224-274384-0002_x4,s4,coarse_to_fine,1,False,0.0,-0.22886048282243865,1.0,0.3874365448875342,margin
6930-75918-0011_2094-142345-0015_61-70968-0056_x4,s1,gated_deflation,0,False,0.0,0.13514856957735083,1.0,0.9264625659727517,artifact_score
6930-75918-0011_2094-142345-0015_61-70968-0056_x4,s2,gated_deflation,0,True,0.00013378197616603087,0.4600734183586561,1.0,0.46246696909853136,accepted
6930-75918-0011_2094-142345-0015_61-70968-0056_x4,s3,gated_deflation,0,False,0.0,0.25756610404672237,1.0,0.9012717553057248,artifact_score
6930-75918-0011_2094-142345-0015_61-70968-0056_x4,s4,gated_deflation,0,False,0.0,-0.08478691877666811,1.0,0.810086294679851,margin
6930-75918-0011_2094-142345-0015_61-70968-0056_x4,s1,coarse_to_fine,0,False,0.0,-0.07368186535525012,1.0,0.6191408979298914,margin
6930-75918-0011_2094-142345-0015_61-70968-0056_x4,s2,coarse_to_fine,0,True,0.00013378197616603087,0.38400943837462187,1.0,0.3595856243591034,accepted
6930-75918-0011_2094-142345-0015_61-70968-0056_x4,s3,coarse_to_fine,0,True,0.0,0.13632638180500495,1.0,0.5600393111336376,accepted
6930-75918-0011_2094-142345-0015_61-70968-0056_x4,s4,coarse_to_fine,0,False,0.0,-0.08243486880855194,1.0,0.40981556210516706,margin
6930-75918-0011_2094-142345-0015_61-70968-0056_x4,s1,coarse_to_fine,1,False,0.0,-0.3026803827682053,1.0,0.6191408979298914,margin
6930-75918-0011_2094-142345-0015_61-70968-0056_x4,s2,coarse_to_fine,1,True,0.00013378197616603087,0.5758158605312486,1.0,0.34517185119003974,accepted
6930-75918-0011_2094-142345-0015_61-70968-0056_x4,s3,coarse_to_fine,1,True,0.0,0.43266097247075835,1.0,0.554807242771698,accepted
6930-75918-0011_2094-142345-0015_61-70968-0056_x4,s4,coarse_to_fine,1,False,0.0,-0.2389427562206567,1.0,0.40981556210516706,margin
3570-5696-0000_5639-40744-0032_8455-210777-0025_x4,s1,gated_deflation,0,False,0.0,0.0175799733474723,1.0,0.6537259590270675,margin
3570-5696-0000_5639-40744-0032_8455-210777-0025_x4,s2,gated_deflation,0,True,0.00010350407577052508,0.31678591973551923,0.954380700912146,0.48060575951761986,accepted
3570-5696-0000_5639-40744-0032_8455-210777-0025_x4,s3,gated_deflation,0,False,0.0,0.012467720073342181,1.0,0.890728361640808,margin
3570-5696-0000_5639-40744-0032_8455-210777-0025_x4,s4,gated_deflation,0,True,0.0,0.3536590155851151,0.9896889400921659,0.7709922173032335,accepted
3570-5696-0000_5639-40744-0032_8455-210777-0025_x4,s1,coarse_to_fine,0,True,0.0,0.12141415808362888,1.0,0.37834567771620753,accepted
3570-5696-0000_5639-40744-0032_8455-210777-0025_x4,s2,coarse_to_fine,0,False,0.00010350407577052508,0.03922025812851271,0.9944431108977436,0.41963083636591286,margin
3570-5696-0000_5639-40744-0032_8455-210777-0025_x4,s3,coarse_to_fine,0,False,0.0,-0.2423824308921328,1.0,0.39655677222135505,margin
3570-5696-0000_5639-40744-0032_8455-210777-0025_x4,s4,coarse_to_fine,0,True,0.0,0.5393511121433305,0.9896889400921659,0.38459402540367316,accepted
3570-5696-0000_5639-40744-0032_8455-210777-0025_x4,s1,coarse_to_fine,1,True,0.0,0.22937840618367017,1.0,0.3646598428116321,accepted
3570-5696-0000_5639-40744-0032_8455-210777-0025_x4,s2,coarse_to_fine,1,False,0.00010350407577052508,-0.1640430148535299,0.9944431108977436,0.41963083636591286,margin
3570-5696-0000_5639-40744-0032_8455-210777-0025_x4,s3,coarse_to_fine,1,False,0.0,-0.3713427839120176,1.0,0.39655677222135505,margin
3570-5696-0000_5639-40744-0032_8455-210777-0025_x4,s4,coarse_to_fine,1,True,0.0,0.638968213102413,1.0,0.3967650763003574,accepted
8455-210777-0069_1580-141083-0036_1995-1837-0007_x4,s1,gated_deflation,0,True,0.0,0.10208010533068201,0.9953846153846154,0.54766869890854,accepted
8455-210777-0069_1580-141083-0036_1995-1837-0007_x4,s2,gated_deflation,0,True,0.0,0.14275988222111752,1.0,0.8434899799721338,accepted
8455-210777-0069_1580-141083-0036_1995-1837-0007_x4,s3,gated_deflation,0,False,0.0,-0.0032059263731175625,0.9870352564102564,0.5186801200319151,margin
8455-210777-0069_1580-141083-0036_1995-1837-0007_x4,s4,gated_deflation,0,False,0.0,0.04252453801648698,1.0,0.6343957443324293,margin
8455-210777-0069_1580-141083-0036_1995-1837-0007_x4,s1,coarse_to_fine,0,False,0.0,-0.1444477361512681,1.0,0.397745013437749,margin
8455-210777-0069_1580-141083-0036_1995-1837-0007_x4,s2,coarse_to_fine,0,False,0.0,-0.16462875499917828,1.0,0.5163396284422787,margin
8455-210777-0069_1580-141083-0036_1995-1837-0007_x4,s3,coarse_to_fine,0,True,0.0,0.10687257612090117,0.987051282051282,0.2825675319562632,accepted
8455-210777-0069_1580-141083-0036_1995-1837-0007_x4,s4,coarse_to_fine,0,True,0.0,0.2587847924754366,1.0,0.42600168666397537,accepted
8455-210777-0069_1580-141083-0036_1995-1837-0007_x4,s1,coarse_to_fine,1,False,0.0,-0.3904296516407579,1.0,0.397745013437749,margin
8455-210777-0069_1580-141083-0036_1995-1837-0007_x4,s2,coarse_to_fine,1,False,0.0,-0.23374781128454597,1.0,0.5163396284422787,margin
8455-210777-0069_1580-141083-0036_1995-1837-0007_x4,s3,coarse_to_fine,1,True,0.0,0.32453394117484824,0.9870352564102564,0.28311392951909153,accepted
8455-210777-0069_1580-141083-0036_1995-1837-0007_x4,s4,coarse_to_fine,1,True,0.0,0.4024334427187487,1.0,0.399808296659874,accepted
1320-122617-0021_8455-210777-0014_5683-32866-0024_x4,s1,gated_deflation,0,False,0.0,0.017437621268553305,1.0,0.7638926141648398,margin
1320-122617-0021_8455-210777-0014_5683-32866-0024_x4,s2,gated_deflation,0,True,0.0,0.19816786406027126,1.0,0.8071684854613593,accepted
1320-122617-0021_8455-210777-0014_5683-32866-0024_x4,s3,gated_deflation,0,True,0.0002692832629723302,0.19144089611973591,0.9732221522970421,0.5054937737143446,accepted
1320-122617-0021_8455-210777-0014_5683-32866-0024_x4,s4,gated_deflation,0,True,0.0,0.1525604989333303,0.9734424166142228,0.5932386310988769,accepted
1320-122617-0021_8455-210777-0014_5683-32866-0024_x4,s1,coarse_to_fine,0,False,0.0,-0.09772233127048977,1.0,0.4625107210571946,margin
1320-122617-0021_8455-210777-0014_5683-32866-0024_x4,s2,coarse_to_fine,0,True,0.0,0.1449802441096864,1.0,0.3998031112512134,accepted
1320-122617-0021_8455-210777-0014_5683-32866-0024_x4,s3,coarse_to_fine,0,False,0.0002692832629723302,-0.21711731161077558,0.9759754562617998,0.3763081269239592,margin
1320-122617-0021_8455-210777-0014_5683-32866-0024_x4,s4,coarse_to_fine,0,True,0.0,0.2262648631227987,0.9863593455003147,0.41267600056361553,accepted
1320-122617-0021_8455-210777-0014_5683-32866-0024_x4,s1,coarse_to_fine,1,False,0.0,-0.3580304527674816,1.0,0.4625107210571946,margin
1320-122617-0021_8455-210777-0014_5683-32866-0024_x4,s2,coarse_to_fine,1,True,0.0,0.35800331163866367,1.0,0.41615246548120427,accepted
1320-122617-0021_8455-210777-0014_5683-32866-0024_x4,s3,coarse_to_fine,1,False,0.0002692832629723302,-0.5298177382678616,0.9759754562617998,0.3763081269239592,margin
1320-122617-0021_8455-210777-0014_5683-32866-0024_x4,s4,coarse_to_fine,1,True,0.0,0.46542753330352127,0.9859030837004406,0.39279137943021913,accepted
4507-16021-0045_4077-13754-0014_1580-141084-0029_x4,s1,gated_deflation,0,False,0.0,-0.09178043102858557,1.0,0.7733167660264371,margin
4507-16021-0045_4077-13754-0014_1580-141084-0029_x4,s2,gated_deflation,0,True,0.00016233589223316343,0.5012612372453198,1.0,0.6759376219196054,accepted
4507-16021-0045_4077-13754-0014_1580-141084-0029_x4,s3,gated_deflation,0,True,0.0,0.21050619115092867,0.9923674911660777,0.7529523739568426,accepted
4507-16021-0045_4077-13754-0014_1580-141084-0029_x4,s4,gated_deflation,0,False,0.0,-0.04443189994860336,1.0,0.771816865075195,margin
4507-16021-0045_4077-13754-0014_1580-141084-0029_x4,s1,coarse_to_fine,0,False,0.0,-0.24999934186985914,1.0,0.34129284490914963,margin
4507-16021-0045_4077-13754-0014_1580-141084-0029_x4,s2,coarse_to_fine,0,True,0.00016233589223316343,0.35631056937588845,1.0,0.6228687833926186,accepted
4507-16021-0045_4077-13754-0014_1580-141084-0029_x4,s3,coarse_to_fine,0,True,0.0,0.10603894752624135,0.9923674911660777,0.5778691406644115,accepted
4507-16021-0045_4077-13754-0014_1580-141084-0029_x4,s4,coarse_to_fine,0,False,0.0,0.0679085706025071,1.0,0.364359026627144,margin
4507-16021-0045_4077-13754-0014_1580-141084-0029_x4,s1,coarse_to_fine,1,False,0.0,-0.24999934186985914,1.0,0.34129284490914963,margin
4507-16021-0045_4077-13754-0014_1580-141084-0029_x4,s2,coarse_to_fine,1,True,0.00016233589223316343,0.4541939065417583,1.0,0.6196577523469169,accepted
4507-16021-0045_4077-13754-0014_1580-141084-0029_x4,s3,coarse_to_fine,1,True,0.0,0.37855087111573643,0.9924028268551237,0.5750959111780878,accepted
4507-16021-0045_4077-13754-0014_1580-141084-0029_x4,s4,coarse_to_fine,1,False,0.0,-0.07451303079017191,1.0,0.364359026627144,margin
8224-274381-0006_4446-2275-0012_6829-68769-0002_x4,s1,gated_deflation,0,True,0.00010385617602612532,0.5715051804609523,1.0,0.4594309527869872,accepted
8224-274381-0006_4446-2275-0012_6829-68769-0002_x4,s2,gated_deflation,0,True,0.0,0.3455057071864634,0.9977860696517413,0.8537352576734363,accepted
8224-274381-0006_4446-2275-0012_6829-68769-0002_x4,s3,gated_deflation,0,False,0.0,-0.25872317591822686,1.0,0.9123185374029813,margin
8224-274381-0006_4446-2275-0012_6829-68769-0002_x4,s4,gated_deflation,0,False,0.0,0.023519816257756454,1.0,0.9108748431252578,margin
8224-274381-0006_4446-2275-0012_6829-68769-0002_x4,s1,coarse_to_fine,0,True,0.00010385617602612532,0.35652962990765935,1.0,0.43297096509911726,accepted
8224-274381-0006_4446-2275-0012_6829-68769-0002_x4,s2,coarse_to_fine,0,True,0.0,0.226645793629763,1.0,0.5173430500750285,accepted
8224-274381-0006_4446-2275-0012_6829-68769-0002_x4,s3,coarse_to_fine,0,True,0.0,0.1475400673961789,1.0,0.40994579056181846,accepted
8224-274381-0006_4446-2275-0012_6829-68769-0002_x4,s4,coarse_to_fine,0,False,0.0,-0.015696039825792776,1.0,0.5486027207079159,margin
8224-274381-0006_4446-2275-0012_6829-68769-0002_x4,s1,coarse_to_fine,1,True,0.00010385617602612532,0.5190720422153878,1.0,0.44398362251013423,accepted
8224-274381-0006_4446-2275-0012_6829-68769-0002_x4,s2,coarse_to_fine,1,True,0.0,0.3320974397374022,1.0,0.48698263898219074,accepted
8224-274381-0006_4446-2275-0012_6829-68769-0002_x4,s3,coarse_to_fine,1,True,0.0,0.5590861741745101,1.0,0.4691870137517016,accepted
8224-274381-0006_4446-2275-0012_6829-68769-0002_x4,s4,coarse_to_fine,1,False,0.0,-0.39337619693813586,1.0,0.5486027207079159,margin
1580-141083-0013_4992-41806-0016_6829-68771-0019_x4,s1,gated_deflation,0,False,0.0,-0.08271946578312972,1.0,0.8816132261710665,margin
1580-141083-0013_4992-41806-0016_6829-68771-0019_x4,s2,gated_deflation,0,True,8.771406349156504e-05,0.40099885542031755,0.9919343814080657,0.4142180513325023,accepted
1580-141083-0013_4992-41806-0016_6829-68771-0019_x4,s3,gated_deflation,0,False,0.0,0.003596042553201506,1.0,0.7734764750902575,margin
1580-141083-0013_4992-41806-0016_6829-68771-0019_x4,s4,gated_deflation,0,False,0.0,0.09343904749711684,0.9955228981544771,0.7687968106176193,margin
1580-141083-0013_4992-41806-0016_6829-68771-0019_x4,s1,coarse_to_fine,0,False,0.0,-0.2940736854658561,1.0,0.48820300568854275,margin
1580-141083-0013_4992-41806-0016_6829-68771-0019_x4,s2,coarse_to_fine,0,False,8.771406349156504e-05,-0.008962179153298444,0.9919343814080657,0.3076604362154128,margin
1580-141083-0013_4992-41806-0016_6829-68771-0019_x4,s3,coarse_to_fine,0,True,0.0,0.20693658301119927,1.0,0.4224739707218169,accepted
1580-141083-0013_4992-41806-0016_6829-68771-0019_x4,s4,coarse_to_fine,0,False,0.0,-0.12415408512912796,1.0,0.4810709050621579,margin
1580-141083-0013_4992-41806-0016_6829-68771-0019_x4,s1,coarse_to_fine,1,False,0.0,-0.5012239203302564,1.0,0.48820300568854275,margin
1580-141083-0013_4992-41806-0016_6829-68771-0019_x4,s2,coarse_to_fine,1,False,8.771406349156504e-05,-0.19324963981587273,0.9919343814080657,0.3076604362154128,margin
1580-141083-0013_4992-41806-0016_6829-68771-0019_x4,s3,coarse_to_fine,1,True,0.0,0.4287522627703328,1.0,0.4021668138705321,accepted
1580-141083-0013_4992-41806-0016_6829-68771-0019_x4,s4,coarse_to_fine,1,False,0.0,-0.2989339607314522,1.0,0.4810709050621579,margin
7127-75946-0014_7729-102255-0038_1284-134647-0002_x4,s1,gated_deflation,0,True,0.0,0.13458719756040888,1.0,0.6798847139007199,accepted
7127-75946-0014_7729-102255-0038_1284-134647-0002_x4,s2,gated_deflation,0,True,0.0,0.3308917307103115,1.0,0.7251693762519301,accepted
7127-75946-0014_7729-102255-0038_1284-134647-0002_x4,s3,gated_deflation,0,True,0.00012506839811992146,0.276483409114081,1.0,0.4753106158766057,accepted
7127-75946-0014_7729-102255-0038_1284-134647-0002_x4,s4,gated_deflation,0,False,0.0,-0.15105263533618685,1.0,0.795773889839626,margin
7127-75946-0014_7729-102255-0038_1284-134647-0002_x4,s1,coarse_to_fine,0,True,0.0,0.16949090496901886,1.0,0.4327886614175166,accepted
7127-75946-0014_7729-102255-0038_1284-134647-0002_x4,s2,coarse_to_fine,0,False,0.0,0.002894926890690014,1.0,0.38931601269332317,margin
7127-75946-0014_7729-102255-0038_1284-134647-0002_x4,s3,coarse_to_fine,0,False,0.00012506839811992146,0.04461377277131506,1.0,0.3621862849874643,margin
7127-75946-0014_7729-102255-0038_1284-134647-0002_x4,s4,coarse_to_fine,0,False,0.0,-0.35172746745843547,1.0,0.28625171412308964,margin
7127-75946-0014_7729-102255-0038_1284-134647-0002_x4,s1,coarse_to_fine,1,True,0.0,0.5045597204566268,1.0,0.4029493153985624,accepted
7127-75946-0014_7729-102255-0038_1284-134647-0002_x4,s2,coarse_to_fine,1,False,0.0,-0.17822844637525295,1.0,0.38931601269332317,margin
7127-75946-0014_7729-102255-0038_1284-134647-0002_x4,s3,coarse_to_fine,1,False,0.00012506839811992146,-0.21803912682135762,1.0,0.3621862849874643,margin
7127-75946-0014_7729-102255-0038_1284-134647-0002_x4,s4,coarse_to_fine,1,False,0.0,-0.35172746745843547,1.0,0.28625171412308964,margin
1580-141083-0023_2300-131720-0013_61-70970-0024_x4,s1,gated_deflation,0,False,0.0,0.14128426131224603,1.0,0.9174684854023606,artifact_score
1580-141083-0023_2300-131720-0013_61-70970-0024_x4,s2,gated_deflation,0,True,5.916029019743183e-05,0.4938290047305618,1.0,0.44749209004446044,accepted
1580-141083-0023_2300-131720-0013_61-70970-0024_x4,s3,gated_deflation,0,True,0.0,0.32940466782884714,1.0,0.7452062308465965,accepted
1580-141083-0023_2300-131720-0013_61-70970-0024_x4,s4,gated_deflation,0,False,0.0,-0.06240831535650998,1.0,0.743590808322337,margin
1580-141083-0023_2300-131720-0013_61-70970-0024_x4,s1,coarse_to_fine,0,True,0.0,0.15748785780467484,1.0,0.6198754248613996,accepted
1580-141083-0023_2300-131720-0013_61-70970-0024_x4,s2,coarse_to_fine,0,False,5.916029019743183e-05,-0.0539062888344608,1.0,0.2984780431730742,margin
1580-141083-0023_2300-131720-0013_61-70970-0024_x4,s3,coarse_to_fine,0,True,0.0,0.15044000772212257,1.0,0.42146053491593066,accepted
1580-141083-0023_2300-131720-0013_61-70970-0024_x4,s4,coarse_to_fine,0,False,0.0,0.014586383730413433,1.0,0.2975203720529216,margin
1580-141083-0023_2300-131720-0013_61-70970-0024_x4,s1,coarse_to_fine,1,True,0.0,0.3645284012562209,1.0,0.6081976782332366,accepted
1580-141083-0023_2300-131720-0013_61-70970-0024_x4,s2,coarse_to_fine,1,False,5.916029019743183e-05,-0.2464487854924281,1.0,0.2984780431730742,margin
1580-141083-0023_2300-131720-0013_61-70970-0024_x4,s3,coarse_to_fine,1,True,0.0,0.3990452921426266,1.0,0.3896578652372805,accepted
1580-141083-0023_2300-131720-0013_61-70970-0024_x4,s4,coarse_to_fine,1,False,0.0,-0.18930290004066325,1.0,0.2975203720529216,margin
1320-122617-0029_1089-134691-0019_2830-3979-0011_x4,s1,gated_deflation,0,True,0.0,0.2593283125004887,1.0,0.5533396728934461,accepted
1320-122617-0029_1089-134691-0019_2830-3979-0011_x4,s2,gated_deflation,0,True,0.0,0.31121151388003454,1.0,0.8445081854208574,accepted
1320-122617-0029_1089-134691-0019_2830-3979-0011_x4,s3,gated_deflation,0,False,0.00012512832644634103,-0.05699011012447758,0.9364,0.43389464888067636,margin
1320-122617-0029_1089-134691-0019_2830-3979-0011_x4,s4,gated_deflation,0,False,0.0,-0.07679039741485269,1.0,0.8227993328020519,margin
1320-122617-0029_1089-134691-0019_2830-3979-0011_x4,s1,coarse_to_fine,0,False,0.0,0.0466563331936064,1.0,0.30730389273556946,margin
1320-122617-0029_1089-134691-0019_2830-3979-0011_x4,s2,coarse_to_fine,0,False,0.0,0.09202694660358374,1.0,0.4203463706936105,margin
1320-122617-0029_1089-134691-0019_2830-3979-0011_x4,s3,coarse_to_fine,0,False,0.00012512832644634103,-0.033742527157840374,1.0,0.2852799203798049,margin
1320-122617-0029_1089-134691-0019_2830-3979-0011_x4,s4,coarse_to_fine,0,False,0.0,-0.15763181654893493,1.0,0.38766060658845186,margin
1320-122617-0029_1089-134691-0019_2830-3979-0011_x4,s1,coarse_to_fine,1,False,0.0,0.0466563331936064,1.0,0.30730389273556946,margin
1320-122617-0029_1089-134691-0019_2830-3979-0011_x4,s2,coarse_to_fine,1,False,0.0,0.09202694660358374,1.0,0.4203463706936105,margin
1320-122617-0029_1089-134691-0019_2830-3979-0011_x4,s3,coarse_to_fine,1,False,0.00012512832644634103,-0.033742527157840374,1.0,0.2852799203798049,margin
1320-122617-0029_1089-134691-0019_2830-3979-0011_x4,s4,coarse_to_fine,1,False,0.0,-0.15763181654893493,1.0,0.38766060658845186,margin
7127-75946-0003_3575-170457-0050_260-123288-0013_x4,s1,gated_deflation,0,False,0.0,0.05278539733013926,1.0,0.8271036225993722,margin
7127-75946-0003_3575-170457-0050_260-123288-0013_x4,s2,gated_deflation,0,False,0.0,0.042889280550143905,0.991049953746531,0.6963905007452481,margin
7127-75946-0003_3575-170457-0050_260-123288-0013_x4,s3,gated_deflation,0,True,0.00011330681773644349,0.4139219514188886,0.9888529139685477,0.5494469342674625,accepted
7127-75946-0003_3575-170457-0050_260-123288-0013_x4,s4,gated_deflation,0,True,0.0,0.10793928282101617,1.0,0.8595987007990418,accepted
7127-75946-0003_3575-170457-0050_260-123288-0013_x4,s1,coarse_to_fine,0,False,0.0,-0.026316977235562256,1.0,0.5071326556420499,margin
7127-75946-0003_3575-170457-0050_260-123288-0013_x4,s2,coarse_to_fine,0,True,0.0,0.20022783923830428,1.0,0.3234942930152558,accepted
7127-75946-0003_3575-170457-0050_260-123288-0013_x4,s3,coarse_to_fine,0,False,0.00011330681773644349,0.08466049339726611,1.0,0.45492740405773985,margin
7127-75946-0003_3575-170457-0050_260-123288-0013_x4,s4,coarse_to_fine,0,False,0.0,-0.028733113973605284,1.0,0.5331331881734771,margin
7127-75946-0003_3575-170457-0050_260-123288-0013_x4,s1,coarse_to_fine,1,False,0.0,-0.026316977235562256,1.0,0.5071326556420499,margin
7127-75946-0003_3575-170457-0050_260-123288-0013_x4,s2,coarse_to_fine,1,True,0.0,0.46299006744804916,1.0,0.3396623906794324,accepted
7127-75946-0003_3575-170457-0050_260-123288-0013_x4,s3,coarse_to_fine,1,False,0.00011330681773644349,0.08466049339726611,1.0,0.45492740405773985,margin
7127-75946-0003_3575-170457-0050_260-123288-0013_x4,s4,coarse_to_fine,1,False,0.0,-0.028733113973605284,1.0,0.5331331881734771,margin
5105-28240-0004_5142-33396-0001_3575-170457-0014_x4,s1,gated_deflation,0,True,0.0,0.1715962343321114,1.0,0.7329762637195909,accepted
5105-28240-0004_5142-33396-0001_3575-170457-0014_x4,s2,gated_deflation,0,False,0.0,0.07665597662005941,1.0,0.7944406262728734,margin
5105-28240-0004_5142-33396-0001_3575-170457-0014_x4,s3,gated_deflation,0,False,0.0,0.004534330086791105,1.0,0.6571812682179071,margin
5105-28240-0004_5142-33396-0001_3575-170457-0014_x4,s4,gated_deflation,0,True,0.00013700838639320672,0.24878091222012805,1.0,0.5498868509182359,accepted
5105-28240-0004_5142-33396-0001_3575-170457-0014_x4,s1,coarse_to_fine,0,False,0.0,-0.1508099522190819,1.0,0.5024157014232249,margin
5105-28240-0004_5142-33396-0001_3575-170457-0014_x4,s2,coarse_to_fine,0,True,0.0,0.19480805446751387,1.0,0.5762638256558851,accepted
5105-28240-0004_5142-33396-0001_3575-170457-0014_x4,s3,coarse_to_fine,0,False,0.0,0.07704969307799786,1.0,0.39741710539287783,margin
5105-28240-0004_5142-33396-0001_3575-170457-0014_x4,s4,coarse_to_fine,0,True,0.00013700838639320672,0.241368977297315,1.0,0.3739667531826164,accepted
5105-28240-0004_5142-33396-0001_3575-170457-0014_x4,s1,coarse_to_fine,1,False,0.0,-0.2544506881528616,1.0,0.5024157014232249,margin
5105-28240-0004_5142-33396-0001_3575-170457-0014_x4,s2,coarse_to_fine,1,True,0.0,0.4546342941115525,1.0,0.5792924794025239,accepted
5105-28240-0004_5142-33396-0001_3575-170457-0014_x4,s3,coarse_to_fine,1,False,0.0,-0.10061762515069256,1.0,0.39741710539287783,margin
5105-28240-0004_5142-33396-0001_3575-170457-0014_x4,s4,coarse_to_fine,1,True,0.00013700838639320672,0.4258993562730703,1.0,0.3607225840078119,accepted
2961-961-0000_5639-40744-0034_8455-210777-0000_x4,s1,gated_deflation,0,True,0.0,0.12436793820448222,1.0,0.8351372488676042,accepted
2961-961-0000_5639-40744-0034_8455-210777-0000_x4,s2,gated_deflation,0,True,9.311308768813636e-05,0.27029711087901265,0.9543055555555555,0.4380031162063453,accepted
2961-961-0000_5639-40744-0034_8455-210777-0000_x4,s3,gated_deflation,0,True,0.0,0.28249019003247566,1.0,0.6282912365727279,accepted
2961-961-0000_5639-40744-0034_8455-210777-0000_x4,s4,gated_deflation,0,False,0.0,0.04535555855790785,0.990719696969697,0.5275309407714207,margin
2961-961-0000_5639-40744-0034_8455-210777-0000_x4,s1,coarse_to_fine,0,False,0.0,-0.3666405105302503,1.0,0.4269813561237105,margin
2961-961-0000_5639-40744-0034_8455-210777-0000_x4,s2,coarse_to_fine,0,False,9.311308768813636e-05,-0.0438737260503099,1.0,0.32672410882196284,margin
2961-961-0000_5639-40744-0034_8455-210777-0000_x4,s3,coarse_to_fine,0,False,0.0,-0.07902715764976266,1.0,0.3640863929601787,margin
2961-961-0000_5639-40744-0034_8455-210777-0000_x4,s4,coarse_to_fine,0,True,0.0,0.16962325413083357,1.0,0.3181523389074863,accepted
2961-961-0000_5639-40744-0034_8455-210777-0000_x4,s1,coarse_to_fine,1,False,0.0,-0.5590379367810241,1.0,0.4269813561237105,margin
2961-961-0000_5639-40744-0034_8455-210777-0000_x4,s2,coarse_to_fine,1,False,9.311308768813636e-05,-0.2823079363496206,1.0,0.32672410882196284,margin
2961-961-0000_5639-40744-0034_8455-210777-0000_x4,s3,coarse_to_fine,1,False,0.0,-0.29795892875860286,1.0,0.3640863929601787,margin
2961-961-0000_5639-40744-0034_8455-210777-0000_x4,s4,coarse_to_fine,1,True,0.0,0.4287801784323614,1.0,0.28903281623584337,accepted
1580-141084-0034_672-122797-0074_1221-135767-0005_x4,s1,gated_deflation,0,True,0.0,0.2513420517390339,1.0,0.800257395450256,accepted
1580-141084-0034_672-122797-0074_1221-135767-0005_x4,s2,gated_deflation,0,True,0.00026773299784910994,0.41145728164440387,1.0,0.6682995695628892,accepted
1580-141084-0034_672-122797-0074_1221-135767-0005_x4,s3,gated_deflation,0,False,0.0,0.06728653427915482,0.997147995889003,0.7302045116279589,margin
1580-141084-0034_672-122797-0074_1221-135767-0005_x4,s4,gated_deflation,0,False,0.0,-0.0037442240890685485,0.9563737623762376,0.642891729599091,margin
1580-141084-0034_672-122797-0074_1221-135767-0005_x4,s1,coarse_to_fine,0,False,0.0,-0.07901666184743233,1.0,0.4724932644464425,margin
1580-141084-0034_672-122797-0074_1221-135767-0005_x4,s2,coarse_to_fine,0,True,0.00026773299784910994,0.36481389260604036,1.0,0.5715357209989992,accepted
1580-141084-0034_672-122797-0074_1221-135767-0005_x4,s3,coarse_to_fine,0,True,0.0,0.14451188062233833,1.0,0.4609073548249967,accepted
1580-141084-0034_672-122797-0074_1221-135767-0005_x4,s4,coarse_to_fine,0,False,0.0,-0.00266377579834437,1.0,0.3972325995746804,margin
1580-141084-0034_672-122797-0074_1221-135767-0005_x4,s1,coarse_to_fine,1,False,0.0,-0.3534983390924525,1.0,0.4724932644464425,margin
1580-141084-0034_672-122797-0074_1221-135767-0005_x4,s2,coarse_to_fine,1,True,0.00026773299784910994,0.6191781490541326,1.0,0.5814715223210226,accepted
1580-141084-0034_672-122797-0074_1221-135767-0005_x4,s3,coarse_to_fine,1,True,0.0,0.49751445531328387,1.0,0.45341192729443475,accepted
1580-141084-0034_672-122797-0074_1221-135767-0005_x4,s4,coarse_to_fine,1,False,0.0,-0.3012759536235971,1.0,0.3972325995746804,margin
1320-122617-0008_6829-68769-0034_1188-133604-0015_x4,s1,gated_deflation,0,False,0.0,-0.07772716701595406,1.0,0.8823610105060042,margin
1320-122617-0008_6829-68769-0034_1188-133604-0015_x4,s2,gated_deflation,0,False,0.0,-0.02271871463054531,1.0,0.8211900573838233,margin
1320-122617-0008_6829-68769-0034_1188-133604-0015_x4,s3,gated_deflation,0,True,0.0001659862947290152,0.46604622258324424,0.9763353115727003,0.4121345353977263,accepted
1320-122617-0008_6829-68769-0034_1188-133604-0015_x4,s4,gated_deflation,0,True,0.0,0.19025171732659923,1.0,0.8178266165891948,accepted
1320-122617-0008_6829-68769-0034_1188-133604-0015_x4,s1,coarse_to_fine,0,False,0.0,-0.279624483438642,1.0,0.46903008073270275,margin
1320-122617-0008_6829-68769-0034_1188-133604-0015_x4,s2,coarse_to_fine,0,False,0.0,-0.13403694200867422,1.0,0.43130679530436183,margin
1320-122617-0008_6829-68769-0034_1188-133604-0015_x4,s3,coarse_to_fine,0,True,0.0001659862947290152,0.354289028130645,1.0,0.3863191192568966,accepted
1320-122617-0008_6829-68769-0034_1188-133604-0015_x4,s4,coarse_to_fine,0,False,0.0,0.06290397404593084,1.0,0.2927719701610841,margin
1320-122617-0008_6829-68769-0034_1188-133604-0015_x4,s1,coarse_to_fine,1,False,0.0,-0.4455938511340881,1.0,0.46903008073270275,margin
1320-122617-0008_6829-68769-0034_1188-133604-0015_x4,s2,coarse_to_fine,1,False,0.0,-0.29761911375299654,1.0,0.43130679530436183,margin
1320-122617-0008_6829-68769-0034_1188-133604-0015_x4,s3,coarse_to_fine,1,True,0.0001659862947290152,0.6581342969858665,1.0,0.3936669035280477,accepted
1320-122617-0008_6829-68769-0034_1188-133604-0015_x4,s4,coarse_to_fine,1,False,0.0,0.015562441689999207,1.0,0.2927719701610841,margin
61-70968-0050_4970-29093-0000_7729-102255-0000_x4,s1,gated_deflation,0,True,0.0001163564373446992,0.4669807462398046,1.0,0.6368153759482869,accepted
61-70968-0050_4970-29093-0000_7729-102255-0000_x4,s2,gated_deflation,0,True,0.0,0.4105712604435816,1.0,0.8210457845506515,accepted
61-70968-0050_4970-29093-0000_7729-102255-0000_x4,s3,gated_deflation,0,True,0.0,0.3197192980560748,1.0,0.7642897697896589,accepted
61-70968-0050_4970-29093-0000_7729-102255-0000_x4,s4,gated_deflation,0,False,0.0,0.028502731681245286,0.981937984496124,0.6969598849184426,margin
61-70968-0050_4970-29093-0000_7729-102255-0000_x4,s1,coarse_to_fine,0,True,0.0001163564373446992,0.35291564415483717,1.0,0.4864844854838605,accepted
61-70968-0050_4970-29093-0000_7729-102255-0000_x4,s2,coarse_to_fine,0,True,0.0,0.18077315392546456,1.0,0.5134935744837791,accepted
61-70968-0050_4970-29093-0000_7729-102255-0000_x4,s3,coarse_to_fine,0,False,0.0,-0.2677777355475084,1.0,0.35108694309183675,margin
61-70968-0050_4970-29093-0000_7729-102255-0000_x4,s4,coarse_to_fine,0,False,0.0,-0.03101027099018222,1.0,0.3747271457107213,margin
61-70968-0050_4970-29093-0000_7729-102255-0000_x4,s1,coarse_to_fine,1,True,0.0001163564373446992,0.5664112255046414,1.0,0.4615923570048904,accepted
61-70968-0050_4970-29093-0000_7729-102255-0000_x4,s2,coarse_to_fine,1,True,0.0,0.5235772126145872,1.0,0.5154812023557659,accepted
61-70968-0050_4970-29093-0000_7729-102255-0000_x4,s3,coarse_to_fine,1,False,0.0,-0.44242005541032553,1.0,0.35108694309183675,margin
61-70968-0050_4970-29093-0000_7729-102255-0000_x4,s4,coarse_to_fine,1,False,0.0,-0.24952295083236348,1.0,0.3747271457107213,margin
1089-134686-0023_6829-68771-0023_2961-961-0015_x4,s1,gated_deflation,0,True,0.00011889702606020882,0.8436946616359454,0.9911865864144453,0.5143144729740019,accepted
1089-134686-0023_6829-68771-0023_2961-961-0015_x4,s2,gated_deflation,0,False,0.0,-0.2489875856162141,1.0,0.8317297077832064,margin
1089-134686-0023_6829-68771-0023_2961-961-0015_x4,s3,gated_deflation,0,False,0.0,0.03954250115262997,0.9906276870163371,0.7275514296451021,margin
1089-134686-0023_6829-68771-0023_2961-961-0015_x4,s4,gated_deflation,0,False,0.0,0.0582493564818094,1.0,0.7853083669689901,margin
1089-134686-0023_6829-68771-0023_2961-961-0015_x4,s1,coarse_to_fine,0,True,0.00011889702606020882,0.6650697871520348,0.9911865864144453,0.4617808494200397,accepted
1089-134686-0023_6829-68771-0023_2961-961-0015_x4,s2,coarse_to_fine,0,False,0.0,-0.12081696814964768,1.0,0.4749913294216527,margin
1089-134686-0023_6829-68771-0023_2961-961-0015_x4,s3,coarse_to_fine,0,False,0.0,-0.24412410232692933,0.9906276870163371,0.3332343514407413,margin
1089-134686-0023_6829-68771-0023_2961-961-0015_x4,s4,coarse_to_fine,0,True,0.0,0.211679307023391,1.0,0.31319067696678077,accepted
1089-134686-0023_6829-68771-0023_2961-961-0015_x4,s1,coarse_to_fine,1,True,0.00011889702606020882,0.7842878111890346,0.9910576096302666,0.4616738394100619,accepted
1089-134686-0023_6829-68771-0023_2961-961-0015_x4,s2,coarse_to_fine,1,False,0.0,-0.15312845513828738,1.0,0.4749913294216527,margin
1089-134686-0023_6829-68771-0023_2961-961-0015_x4,s3,coarse_to_fine,1,False,0.0,-0.3278594619766279,0.9906276870163371,0.3332343514407413,margin
1089-134686-0023_6829-68771-0023_2961-961-0015_x4,s4,coarse_to_fine,1,True,0.0,0.4894982876217328,1.0,0.32372334512305384,accepted
6829-68769-0021_3575-170457-0013_908-31957-0021_x4,s1,gated_deflation,0,True,0.0,0.2648226825600117,1.0,0.6858388787639368,accepted
6829-68769-0021_3575-170457-0013_908-31957-0021_x4,s2,gated_deflation,0,True,0.0,0.13368802712388878,0.9741131498470949,0.5871074474385298,accepted
6829-68769-0021_3575-170457-0013_908-31957-0021_x4,s3,gated_deflation,0,True,0.0003442766175613451,0.2302707222521503,0.97782874617737,0.5707288343592042,accepted
6829-68769-0021_3575-170457-0013_908-31957-0021_x4,s4,gated_deflation,0,False,0.0,0.07642614435261658,1.0,0.7453158967104266,margin
6829-68769-0021_3575-170457-0013_908-31957-0021_x4,s1,coarse_to_fine,0,False,0.0,0.08404928710259693,1.0,0.4438919623465494,margin
6829-68769-0021_3575-170457-0013_908-31957-0021_x4,s2,coarse_to_fine,0,False,0.0,-0.031945008518964924,0.9770336391437309,0.34840444615033617,margin
6829-68769-0021_3575-170457-0013_908-31957-0021_x4,s3,coarse_to_fine,0,True,0.0003442766175613451,0.10801041293034308,0.9841284403669724,0.4404766096465754,accepted
6829-68769-0021_3575-170457-0013_908-31957-0021_x4,s4,coarse_to_fine,0,False,0.0,0.051545057495875846,1.0,0.33720717218726615,margin
6829-68769-0021_3575-170457-0013_908-31957-0021_x4,s1,coarse_to_fine,1,False,0.0,-0.02255739704048798,1.0,0.4438919623465494,margin
6829-68769-0021_3575-170457-0013_908-31957-0021_x4,s2,coarse_to_fine,1,False,0.0,-0.031945008518964924,0.9770336391437309,0.34840444615033617,margin
6829-68769-0021_3575-170457-0013_908-31957-0021_x4,s3,coarse_to_fine,1,True,0.0003442766175613451,0.44777688859868786,0.977737003058104,0.43389743859113056,accepted
6829-68769-0021_3575-170457-0013_908-31957-0021_x4,s4,coarse_to_fine,1,False,0.0,0.051545057495875846,1.0,0.33720717218726615,margin
4446-2275-0007_7176-92135-0000_3575-170457-0024_x4,s1,gated_deflation,0,True,0.0,0.1897232373415031,1.0,0.7267308393364272,accepted
4446-2275-0007_7176-92135-0000_3575-170457-0024_x4,s2,gated_deflation,0,True,8.368211265115883e-05,0.2713435245846287,0.9892159040426477,0.5126955187406337,accepted
4446-2275-0007_7176-92135-0000_3575-170457-0024_x4,s3,gated_deflation,0,True,0.0,0.13232704148551952,0.965171035095513,0.5388602969694495,accepted
4446-2275-0007_7176-92135-0000_3575-170457-0024_x4,s4,gated_deflation,0,False,0.0,-0.055448037388315205,1.0,0.9064497799069859,margin
4446-2275-0007_7176-92135-0000_3575-170457-0024_x4,s1,coarse_to_fine,0,False,0.0,-0.07727793188689375,1.0,0.46129435981537037,margin
4446-2275-0007_7176-92135-0000_3575-170457-0024_x4,s2,coarse_to_fine,0,True,8.368211265115883e-05,0.4207436354298674,1.0,0.3886348926133975,accepted
4446-2275-0007_7176-92135-0000_3575-170457-0024_x4,s3,coarse_to_fine,0,True,0.0,0.25106556930921187,0.9928587294535762,0.36057267891254596,accepted
4446-2275-0007_7176-92135-0000_3575-170457-0024_x4,s4,coarse_to_fine,0,False,0.0,-0.35426426740277356,1.0,0.41582491434350666,margin
4446-2275-0007_7176-92135-0000_3575-170457-0024_x4,s1,coarse_to_fine,1,False,0.0,-0.33330655635176254,1.0,0.46129435981537037,margin
4446-2275-0007_7176-92135-0000_3575-170457-0024_x4,s2,coarse_to_fine,1,True,8.368211265115883e-05,0.6337363042985273,1.0,0.4452056427930875,accepted
4446-2275-0007_7176-92135-0000_3575-170457-0024_x4,s3,coarse_to_fine,1,True,0.0,0.5608932429723513,0.9928698356286095,0.3682745593970068,accepted
4446-2275-0007_7176-92135-0000_3575-170457-0024_x4,s4,coarse_to_fine,1,False,0.0,-0.5007283113370543,1.0,0.41582491434350666,margin
1995-1837-0015_8463-294828-0000_260-123286-0030_x4,s1,gated_deflation,0,False,0.0,0.0394190486994202,1.0,0.7002359192876878,margin
1995-1837-0015_8463-294828-0000_260-123286-0030_x4,s2,gated_deflation,0,True,0.0,0.1910199657155403,1.0,0.8406633970876323,accepted
1995-1837-0015_8463-294828-0000_260-123286-0030_x4,s3,gated_deflation,0,True,0.0,0.5003128716720113,0.9685285053929121,0.6048816194069334,accepted
1995-1837-0015_8463-294828-0000_260-123286-0030_x4,s4,gated_deflation,0,False,0.0,-0.24295739786869652,0.9682395993836672,0.5716080019109775,margin
1995-1837-0015_8463-294828-0000_260-123286-0030_x4,s1,coarse_to_fine,0,False,0.0,0.03247704415335573,1.0,0.29753358970532734,margin
1995-1837-0015_8463-294828-0000_260-123286-0030_x4,s2,coarse_to_fine,0,False,0.0,-0.06133817916189918,1.0,0.5449533519505758,margin
1995-1837-0015_8463-294828-0000_260-123286-0030_x4,s3,coarse_to_fine,0,True,0.0,0.30193706063121734,0.9685285053929121,0.41893609390043235,accepted
1995-1837-0015_8463-294828-0000_260-123286-0030_x4,s4,coarse_to_fine,0,False,0.0,-0.1614461188723313,0.9465716486902928,0.3366298612001695,margin
1995-1837-0015_8463-294828-0000_260-123286-0030_x4,s1,coarse_to_fine,1,False,0.0,-0.010359002368458714,1.0,0.29753358970532734,margin
1995-1837-0015_8463-294828-0000_260-123286-0030_x4,s2,coarse_to_fine,1,False,0.0,-0.06133817916189918,1.0,0.5449533519505758,margin
1995-1837-0015_8463-294828-0000_260-123286-0030_x4,s3,coarse_to_fine,1,True,0.0,0.6101044199589294,0.9679506933744222,0.41742356835224,accepted
1995-1837-0015_8463-294828-0000_260-123286-0030_x4,s4,coarse_to_fine,1,False,0.0,-0.3440290165304629,0.9465716486902928,0.3366298612001695,margin
121-127105-0023_2094-142345-0013_6930-75918-0014_x4,s1,gated_deflation,0,False,0.0,0.0758749833394447,1.0,0.7331474679099281,margin
121-127105-0023_2094-142345-0013_6930-75918-0014_x4,s2,gated_deflation,0,True,0.0,0.16718056715593138,1.0,0.5832689769149185,accepted
121-127105-0023_2094-142345-0013_6930-75918-0014_x4,s3,gated_deflation,0,True,0.00015614997719154238,0.22706739756504135,1.0,0.5657641857890445,accepted
121-127105-0023_2094-142345-0013_6930-75918-0014_x4,s4,gated_deflation,0,True,0.0,0.1348354848103117,1.0,0.8464678853100127,accepted
121-127105-0023_2094-142345-0013_6930-75918-0014_x4,s1,coarse_to_fine,0,False,0.0,-0.1847862822783862,1.0,0.5096797727740764,margin
121-127105-0023_2094-142345-0013_6930-75918-0014_x4,s2,coarse_to_fine,0,True,0.0,0.23849828121611172,1.0,0.43359103708325225,accepted
121-127105-0023_2094-142345-0013_6930-75918-0014_x4,s3,coarse_to_fine,0,False,0.00015614997719154238,0.03342587633640909,1.0,0.5484235484655015,margin
121-127105-0023_2094-142345-0013_6930-75918-0014_x4,s4,coarse_to_fine,0,False,0.0,-0.09880493643513438,1.0,0.3723977103111932,margin
121-127105-0023_2094-142345-0013_6930-75918-0014_x4,s1,coarse_to_fine,1,False,0.0,-0.38920709433939904,1.0,0.5096797727740764,margin
121-127105-0023_2094-142345-0013_6930-75918-0014_x4,s2,coarse_to_fine,1,True,0.0,0.47995821112906034,1.0,0.4353984448583614,accepted
121-127105-0023_2094-142345-0013_6930-75918-0014_x4,s3,coarse_to_fine,1,False,0.00015614997719154238,-0.14429306806467618,1.0,0.5484235484655015,margin
121-127105-0023_2094-142345-0013_6930-75918-0014_x4,s4,coarse_to_fine,1,False,0.0,-0.2913383772327675,1.0,0.3723977103111932,margin
2300-131720-0036_8230-279154-0021_5142-33396-0034_x4,s1,gated_deflation,0,False,0.0,0.08143994408464467,1.0,0.6462939815117159,margin
2300-131720-0036_8230-279154-0021_5142-33396-0034_x4,s2,gated_deflation,0,True,0.0,0.2970625464355424,1.0,0.6903084849358904,accepted
2300-131720-0036_8230-279154-0021_5142-33396-0034_x4,s3,gated_deflation,0,True,0.0,0.27525744462649093,1.0,0.7628080786319889,accepted
2300-131720-0036_8230-279154-0021_5142-33396-0034_x4,s4,gated_deflation,0,True,0.00012885213423787802,0.3622994866244387,1.0,0.5320968026762378,accepted
2300-131720-0036_8230-279154-0021_5142-33396-0034_x4,s1,coarse_to_fine,0,False,0.0,-0.3905340446606591,1.0,0.33238282281011866,margin
2300-131720-0036_8230-279154-0021_5142-33396-0034_x4,s2,coarse_to_fine,0,True,0.0,0.39036688200231184,1.0,0.43853963778997557,accepted
2300-131720-0036_8230-279154-0021_5142-33396-0034_x4,s3,coarse_to_fine,0,False,0.0,-0.05963061860398389,1.0,0.4685038589466314,margin
2300-131720-0036_8230-279154-0021_5142-33396-0034_x4,s4,coarse_to_fine,0,True,0.00012885213423787802,0.29057145689285935,1.0,0.30659824950565356,accepted
2300-131720-0036_8230-279154-0021_5142-33396-0034_x4,s1,coarse_to_fine,1,False,0.0,-0.656666038837929,1.0,0.33238282281011866,margin
2300-131720-0036_8230-279154-0021_5142-33396-0034_x4,s2,coarse_to_fine,1,True,0.0,0.6561318406319717,1.0,0.3910194215341747,accepted
2300-131720-0036_8230-279154-0021_5142-33396-0034_x4,s3,coarse_to_fine,1,False,0.0,-0.2678138809330996,1.0,0.4685038589466314,margin
2300-131720-0036_8230-279154-0021_5142-33396-0034_x4,s4,coarse_to_fine,1,True,0.00012885213423787802,0.552416256327263,1.0,0.31830546795618875,accepted
1580-141083-0009_1320-122612-0004_5683-32866-0006_x4,s1,gated_deflation,0,False,0.0,-0.007304071874409235,0.9998137417218543,0.7167183394044574,margin
1580-141083-0009_1320-122612-0004_5683-32866-0006_x4,s2,gated_deflation,0,False,0.0,0.08491729405118098,1.0,0.6772538651059657,margin
1580-141083-0009_1320-122612-0004_5683-32866-0006_x4,s3,gated_deflation,0,True,0.0,0.11602678289911872,1.0,0.8265954249729754,accepted
1580-141083-0009_1320-122612-0004_5683-32866-0006_x4,s4,gated_deflation,0,True,0.00021558731487736327,0.4461165653245343,0.9604925496688742,0.5471893301976034,accepted
1580-141083-0009_1320-122612-0004_5683-32866-0006_x4,s1,coarse_to_fine,0,False,0.0,-0.2595884842763027,1.0,0.5033735490035245,margin
1580-141083-0009_1320-122612-0004_5683-32866-0006_x4,s2,coarse_to_fine,0,False,0.0,-0.33065593956025763,1.0,0.39277227258325265,margin
1580-141083-0009_1320-122612-0004_5683-32866-0006_x4,s3,coarse_to_fine,0,False,0.0,-0.15390360091656108,1.0,0.5294362304017473,margin
1580-141083-0009_1320-122612-0004_5683-32866-0006_x4,s4,coarse_to_fine,0,True,0.00021558731487736327,0.4779967692267222,1.0,0.3809048236471121,accepted
1580-141083-0009_1320-122612-0004_5683-32866-0006_x4,s1,coarse_to_fine,1,False,0.0,-0.4573436669926679,1.0,0.5033735490035245,margin
1580-141083-0009_1320-122612-0004_5683-32866-0006_x4,s2,coarse_to_fine,1,False,0.0,-0.43270291887811707,1.0,0.39277227258325265,margin
1580-141083-0009_1320-122612-0004_5683-32866-0006_x4,s3,coarse_to_fine,1,False,0.0,-0.3374098435887092,1.0,0.5294362304017473,margin
1580-141083-0009_1320-122612-0004_5683-32866-0006_x4,s4,coarse_to_fine,1,True,0.00021558731487736327,0.6476216729749337,1.0,0.41953222977472093,accepted
1221-135767-0002_3570-5694-0000_6930-75918-0002_x4,s1,gated_deflation,0,True,0.00016035166736749981,0.3482114098250558,1.0,0.5540987860599962,accepted
1221-135767-0002_3570-5694-0000_6930-75918-0002_x4,s2,gated_deflation,0,False,0.0,0.016392960149623992,1.0,0.589036660950572,margin
1221-135767-0002_3570-5694-0000_6930-75918-0002_x4,s3,gated_deflation,0,False,0.0,0.03894373241675192,1.0,0.8838800921274582,margin
1221-135767-0002_3570-5694-0000_6930-75918-0002_x4,s4,gated_deflation,0,False,0.0,-0.038880215280780395,1.0,0.6566995528499349,margin
1221-135767-0002_3570-5694-0000_6930-75918-0002_x4,s1,coarse_to_fine,0,True,0.00016035166736749981,0.23434054817042216,1.0,0.4405343162819412,accepted
1221-135767-0002_3570-5694-0000_6930-75918-0002_x4,s2,coarse_to_fine,0,False,0.0,-0.1606689915885975,1.0,0.3538242693247254,margin
1221-135767-0002_3570-5694-0000_6930-75918-0002_x4,s3,coarse_to_fine,0,False,0.0,-0.1461895566727217,1.0,0.589089479080174,margin
1221-135767-0002_3570-5694-0000_6930-75918-0002_x4,s4,coarse_to_fine,0,False,0.0,-0.26549825287939866,1.0,0.4579725973688216,margin
1221-135767-0002_3570-5694-0000_6930-75918-0002_x4,s1,coarse_to_fine,1,True,0.00016035166736749981,0.5384384829464577,1.0,0.4364877582568254,accepted
1221-135767-0002_3570-5694-0000_6930-75918-0002_x4,s2,coarse_to_fine,1,False,0.0,-0.4379135399518642,1.0,0.3538242693247254,margin
1221-135767-0002_3570-5694-0000_6930-75918-0002_x4,s3,coarse_to_fine,1,False,0.0,-0.3340450584716829,1.0,0.589089479080174,margin
1221-135767-0002_3570-5694-0000_6930-75918-0002_x4,s4,coarse_to_fine,1,False,0.0,-0.5653845437372268,1.0,0.4579725973688216,margin
5683-32866-0021_260-123288-0025_2300-131720-0000_x4,s1,gated_deflation,0,True,0.0,0.2639336180536751,1.0,0.7975458250393491,accepted
5683-32866-0021_260-123288-0025_2300-131720-0000_x4,s2,gated_deflation,0,False,0.0,-0.21727052199602054,0.9682603455202893,0.5589850547504929,margin
5683-32866-0021_260-123288-0025_2300-131720-0000_x4,s3,gated_deflation,0,False,0.0,-0.07977498576953335,1.0,0.8344126950547369,margin
5683-32866-0021_260-123288-0025_2300-131720-0000_x4,s4,gated_deflation,0,True,8.935621747696439e-05,0.4055134796025014,0.9792989152269987,0.4868315300752519,accepted
5683-32866-0021_260-123288-0025_2300-131720-0000_x4,s1,coarse_to_fine,0,False,0.0,0.06452331733983208,1.0,0.5330106322521531,margin
5683-32866-0021_260-123288-0025_2300-131720-0000_x4,s2,coarse_to_fine,0,False,0.0,-0.3593541376833958,0.9781639212535155,0.32686555796662065,margin
5683-32866-0021_260-123288-0025_2300-131720-0000_x4,s3,coarse_to_fine,0,False,0.0,-0.06593834152163486,1.0,0.3599447655665435,margin
5683-32866-0021_260-123288-0025_2300-131720-0000_x4,s4,coarse_to_fine,0,True,8.935621747696439e-05,0.3323467146732371,0.9858175974286862,0.3533618570222139,accepted
5683-32866-0021_260-123288-0025_2300-131720-0000_x4,s1,coarse_to_fine,1,False,0.0,0.06452331733983208,1.0,0.5330106322521531,margin
5683-32866-0021_260-123288-0025_2300-131720-0000_x4,s2,coarse_to_fine,1,False,0.0,-0.5540744707990568,0.9781639212535155,0.32686555796662065,margin
5683-32866-0021_260-123288-0025_2300-131720-0000_x4,s3,coarse_to_fine,1,False,0.0,-0.24759773538644814,1.0,0.3599447655665435,margin
5683-32866-0021_260-123288-0025_2300-131720-0000_x4,s4,coarse_to_fine,1,True,8.935621747696439e-05,0.555421391231377,0.9793993571715548,0.3853578938151195,accepted
1284-1180-0009_2830-3980-0044_7021-79740-0002_x4,s1,gated_deflation,0,True,0.0,0.1843863507179378,0.9524361400189215,0.6752355675937356,accepted
1284-1180-0009_2830-3980-0044_7021-79740-0002_x4,s2,gated_deflation,0,True,0.0,0.16850196514263738,1.0,0.8285343135294934,accepted
1284-1180-0009_2830-3980-0044_7021-79740-0002_x4,s3,gated_deflation,0,True,0.0,0.19232023017333044,0.8899622404027691,0.5740334329791925,accepted
1284-1180-0009_2830-3980-0044_7021-79740-0002_x4,s4,gated_deflation,0,False,0.0,-0.12139579736748224,0.9282724984266835,0.6033616071508271,margin
1284-1180-0009_2830-3980-0044_7021-79740-0002_x4,s1,coarse_to_fine,0,True,0.0,0.18960091100783494,0.9524361400189215,0.37734669401367904,accepted
1284-1180-0009_2830-3980-0044_7021-79740-0002_x4,s2,coarse_to_fine,0,False,0.0,-0.017423931976822266,1.0,0.4865096484815313,margin
1284-1180-0009_2830-3980-0044_7021-79740-0002_x4,s3,coarse_to_fine,0,True,0.0,0.29019345699590504,0.9636249213341724,0.45073070065624016,accepted
1284-1180-0009_2830-3980-0044_7021-79740-0002_x4,s4,coarse_to_fine,0,False,0.0,-0.009638543147189926,0.9625235997482694,0.4561692820815485,margin
1284-1180-0009_2830-3980-0044_7021-79740-0002_x4,s1,coarse_to_fine,1,True,0.0,0.24199587980214482,0.9880558183538316,0.33943075929943867,accepted
1284-1180-0009_2830-3980-0044_7021-79740-0002_x4,s2,coarse_to_fine,1,False,0.0,-0.1894744868332896,1.0,0.4865096484815313,margin
1284-1180-0009_2830-3980-0044_7021-79740-0002_x4,s3,coarse_to_fine,1,True,0.0,0.49903531433219717,0.9637350534927628,0.4611444669475041,accepted
1284-1180-0009_2830-3980-0044_7021-79740-0002_x4,s4,coarse_to_fine,1,False,0.0,-0.18632519624598232,0.9625235997482694,0.4561692820815485,margin
1580-141083-0049_8224-274381-0014_6829-68769-0015_x4,s1,gated_deflation,0,False,0.0,0.07221420707647624,1.0,0.8984935012856948,margin
1580-141083-0049_8224-274381-0014_6829-68769-0015_x4,s2,gated_deflation,0,True,0.0001544160758234918,0.6992524398050903,1.0,0.4467029051996452,accepted
1580-141083-0049_8224-274381-0014_6829-68769-0015_x4,s3,gated_deflation,0,False,0.0,-0.0332988661789414,1.0,0.8188295079792578,margin
1580-141083-0049_8224-274381-0014_6829-68769-0015_x4,s4,gated_deflation,0,True,0.0,0.21540308009561848,1.0,0.8484319502721535,accepted
1580-141083-0049_8224-274381-0014_6829-68769-0015_x4,s1,coarse_to_fine,0,False,0.0,-0.07064056330028246,1.0,0.43940719282831253,margin
1580-141083-0049_8224-274381-0014_6829-68769-0015_x4,s2,coarse_to_fine,0,True,0.0001544160758234918,0.3174727675319226,1.0,0.4334415191826286,accepted
1580-141083-0049_8224-274381-0014_6829-68769-0015_x4,s3,coarse_to_fine,0,False,0.0,0.03709485512643462,1.0,0.4158442305366062,margin
1580-141083-0049_8224-274381-0014_6829-68769-0015_x4,s4,coarse_to_fine,0,False,0.0,-0.10002695317262827,1.0,0.5119228579801581,margin
1580-141083-0049_8224-274381-0014_6829-68769-0015_x4,s1,coarse_to_fine,1,False,0.0,-0.07064056330028246,1.0,0.43940719282831253,margin
1580-141083-0049_8224-274381-0014_6829-68769-0015_x4,s2,coarse_to_fine,1,True,0.0001544160758234918,0.528767104246162,1.0,0.48242591702406734,accepted
1580-141083-0049_8224-274381-0014_6829-68769-0015_x4,s3,coarse_to_fine,1,False,0.0,-0.08808360044153685,1.0,0.4158442305366062,margin
1580-141083-0049_8224-274381-0014_6829-68769-0015_x4,s4,coarse_to_fine,1,False,0.0,-0.3618139840581734,1.0,0.5119228579801581,margin
260-123440-0009_8230-279154-0002_8555-284447-0022_x4,s1,gated_deflation,0,False,0.0,0.11058952422790613,1.0,0.9069205302478135,artifact_score
260-123440-0009_8230-279154-0002_8555-284447-0022_x4,s2,gated_deflation,0,True,0.00011860756662378489,0.6852665286146253,0.9384765625,0.44385205608022815,accepted
260-123440-0009_8230-279154-0002_8555-284447-0022_x4,s3,gated_deflation,0,False,0.0,0.08620642886040006,0.935888671875,0.8867087521638551,margin
260-123440-0009_8230-279154-0002_8555-284447-0022_x4,s4,gated_deflation,0,False,0.0,-0.00031192535035581836,1.0,0.9169994328016711,margin
260-123440-0009_8230-279154-0002_8555-284447-0022_x4,s1,coarse_to_fine,0,False,0.0,-0.05476941379484329,1.0,0.3892200701630734,margin
260-123440-0009_8230-279154-0002_8555-284447-0022_x4,s2,coarse_to_fine,0,True,0.00011860756662378489,0.3965959460074845,0.9384765625,0.48307846946259425,accepted
260-123440-0009_8230-279154-0002_8555-284447-0022_x4,s3,coarse_to_fine,0,False,0.0,0.07545862970009481,0.939794921875,0.3943096097327636,margin
260-123440-0009_8230-279154-0002_8555-284447-0022_x4,s4,coarse_to_fine,0,False,0.0,-0.05515563293042269,1.0,0.5029356882174583,margin
260-123440-0009_8230-279154-0002_8555-284447-0022_x4,s1,coarse_to_fine,1,False,0.0,-0.11484215777907705,1.0,0.3892200701630734,margin
260-123440-0009_8230-279154-0002_8555-284447-0022_x4,s2,coarse_to_fine,1,True,0.00011860756662378489,0.7095165120926152,0.893115234375,0.43830460324915615,accepted
260-123440-0009_8230-279154-0002_8555-284447-0022_x4,s3,coarse_to_fine,1,False,0.0,0.07545862970009481,0.939794921875,0.3943096097327636,margin
260-123440-0009_8230-279154-0002_8555-284447-0022_x4,s4,coarse_to_fine,1,False,0.0,-0.05515563293042269,1.0,0.5029356882174583,margin
1995-1837-0001_908-157963-0004_4446-2271-0010_x4,s1,gated_deflation,0,False,0.0,-0.0004646708163626445,1.0,0.6463266335062439,margin
1995-1837-0001_908-157963-0004_4446-2271-0010_x4,s2,gated_deflation,0,True,0.00011746012375416984,0.44723100155890144,1.0,0.4732763130998635,accepted
1995-1837-0001_908-157963-0004_4446-2271-0010_x4,s3,gated_deflation,0,False,0.0,0.05165730947898761,1.0,0.8649637205827615,margin
1995-1837-0001_908-157963-0004_4446-2271-0010_x4,s4,gated_deflation,0,False,0.0,-0.15394147504037436,1.0,0.5548732599240239,margin
1995-1837-0001_908-157963-0004_4446-2271-0010_x4,s1,coarse_to_fine,0,False,0.0,0.06816638862914398,1.0,0.29918081695383203,margin
1995-1837-0001_908-157963-0004_4446-2271-0010_x4,s2,coarse_to_fine,0,True,0.00011746012375416984,0.3105182025608346,1.0,0.3487533837327397,accepted
1995-1837-0001_908-157963-0004_4446-2271-0010_x4,s3,coarse_to_fine,0,False,0.0,-0.14406096951842035,1.0,0.256880431179216,margin
1995-1837-0001_908-157963-0004_4446-2271-0010_x4,s4,coarse_to_fine,0,False,0.0,-0.27083065529724026,1.0,0.3675366263578606,margin
1995-1837-0001_908-157963-0004_4446-2271-0010_x4,s1,coarse_to_fine,1,False,0.0,0.06816638862914398,1.0,0.29918081695383203,margin
1995-1837-0001_908-157963-0004_4446-2271-0010_x4,s2,coarse_to_fine,1,True,0.00011746012375416984,0.591651516210602,1.0,0.322100284983888,accepted
1995-1837-0001_908-157963-0004_4446-2271-0010_x4,s3,coarse_to_fine,1,False,0.0,-0.14406096951842035,1.0,0.256880431179216,margin
1995-1837-0001_908-157963-0004_4446-2271-0010_x4,s4,coarse_to_fine,1,False,0.0,-0.5279247423984553,1.0,0.3675366263578606,margin
6829-68769-0036_6930-76324-0021_3729-6852-0016_x4,s1,gated_deflation,0,False,0.0,-0.00639180368829434,1.0,0.7187462122557988,margin
6829-68769-0036_6930-76324-0021_3729-6852-0016_x4,s2,gated_deflation,0,True,0.0,0.11667376606688157,1.0,0.717090538071625,accepted
6829-68769-0036_6930-76324-0021_3729-6852-0016_x4,s3,gated_deflation,0,False,0.0,-0.2567919860587762,1.0,0.7818921764136578,margin
6829-68769-0036_6930-76324-0021_3729-6852-0016_x4,s4,gated_deflation,0,True,0.0002487264217901869,0.13737042650364556,1.0,0.6384651809452005,accepted
6829-68769-0036_6930-76324-0021_3729-6852-0016_x4,s1,coarse_to_fine,0,False,0.0,-0.18669669234796382,1.0,0.3986045525768999,margin
6829-68769-0036_6930-76324-0021_3729-6852-0016_x4,s2,coarse_to_fine,0,False,0.0,-0.09570901372282709,1.0,0.5746125638707446,margin
6829-68769-0036_6930-76324-0021_3729-6852-0016_x4,s3,coarse_to_fine,0,False,0.0,-0.3805029077934857,1.0,0.337994019028879,margin
6829-68769-0036_6930-76324-0021_3729-6852-0016_x4,s4,coarse_to_fine,0,True,0.0002487264217901869,0.24537162591165745,1.0,0.447729576462774,accepted
6829-68769-0036_6930-76324-0021_3729-6852-0016_x4,s1,coarse_to_fine,1,False,0.0,-0.2956544007925098,1.0,0.3986045525768999,margin
6829-68769-0036_6930-76324-0021_3729-6852-0016_x4,s2,coarse_to_fine,1,False,0.0,-0.266997274501181,1.0,0.5746125638707446,margin
6829-68769-0036_6930-76324-0021_3729-6852-0016_x4,s3,coarse_to_fine,1,False,0.0,-0.4974164423998994,1.0,0.337994019028879,margin
6829-68769-0036_6930-76324-0021_3729-6852-0016_x4,s4,coarse_to_fine,1,True,0.0002487264217901869,0.5463735795749853,1.0,0.4645210467748595,accepted
7021-85628-0013_5683-32866-0008_1089-134686-0022_x4,s1,gated_deflation,0,False,0.00019322369258614226,0.05003952406323764,1.0,0.4951045274325359,margin
7021-85628-0013_5683-32866-0008_1089-134686-0022_x4,s2,gated_deflation,0,True,0.0,0.2517611367045751,1.0,0.8721211637143917,accepted
7021-85628-0013_5683-32866-0008_1089-134686-0022_x4,s3,gated_deflation,0,True,0.0,0.23302269859041075,0.994938574938575,0.5967826231746651,accepted
7021-85628-0013_5683-32866-0008_1089-134686-0022_x4,s4,gated_deflation,0,False,0.0,-0.10571389417065921,1.0,0.7823556135966516,margin
7021-85628-0013_5683-32866-0008_1089-134686-0022_x4,s1,coarse_to_fine,0,False,0.00019322369258614226,-0.18122174191604534,0.9895577395577395,0.32619092122972854,margin
7021-85628-0013_5683-32866-0008_1089-134686-0022_x4,s2,coarse_to_fine,0,True,0.0,0.12589751374894131,1.0,0.46306651675423854,accepted
7021-85628-0013_5683-32866-0008_1089-134686-0022_x4,s3,coarse_to_fine,0,True,0.0,0.19006896093148512,1.0,0.46782976239963275,accepted
7021-85628-0013_5683-32866-0008_1089-134686-0022_x4,s4,coarse_to_fine,0,False,0.0,-0.3975860975263441,1.0,0.41101937830700747,margin
7021-85628-0013_5683-32866-0008_1089-134686-0022_x4,s1,coarse_to_fine,1,False,0.00019322369258614226,-0.3725826492575116,0.9895577395577395,0.32619092122972854,margin
7021-85628-0013_5683-32866-0008_1089-134686-0022_x4,s2,coarse_to_fine,1,True,0.0,0.49959480092243114,1.0,0.42577944445899407,accepted
7021-85628-0013_5683-32866-0008_1089-134686-0022_x4,s3,coarse_to_fine,1,True,0.0,0.45588957731385943,0.9944717444717445,0.42927462682329925,accepted
7021-85628-0013_5683-32866-0008_1089-134686-0022_x4,s4,coarse_to_fine,1,False,0.0,-0.5489453252803083,1.0,0.41101937830700747,margin