scene,speaker,system,round,accepted,mean_variance,margin,vad_coverage,artifact_score,reason
4077-13754-0001_5142-33396-0065_5683-32866-0012_x4,s1,gated_deflation,0,True,0.0,0.23261386015670255,1.0,0.8410674073279958,accepted
4077-13754-0001_5142-33396-0065_5683-32866-0012_x4,s2,gated_deflation,0,False,0.0,0.06422199133464546,0.9843265792610251,0.7750526555538714,margin
4077-13754-0001_5142-33396-0065_5683-32866-0012_x4,s3,gated_deflation,0,True,0.0001596384807540234,0.503746357407703,0.9851907032181169,0.5754128200010667,accepted
4077-13754-0001_5142-33396-0065_5683-32866-0012_x4,s4,gated_deflation,0,False,0.0,0.053854560444468846,1.0,0.8320522109007554,margin
4077-13754-0001_5142-33396-0065_5683-32866-0012_x4,s1,coarse_to_fine,0,False,0.0,0.02031134916967403,1.0,0.5362534946528194,margin
4077-13754-0001_5142-33396-0065_5683-32866-0012_x4,s2,coarse_to_fine,0,False,0.0,0.05242193980939347,1.0,0.5287445828111439,margin
4077-13754-0001_5142-33396-0065_5683-32866-0012_x4,s3,coarse_to_fine,0,True,0.0001596384807540234,0.27169899694062677,1.0,0.4357694521262,accepted
4077-13754-0001_5142-33396-0065_5683-32866-0012_x4,s4,coarse_to_fine,0,False,0.0,-0.06215970779112778,1.0,0.5499202662754613,margin
4077-13754-0001_5142-33396-0065_5683-32866-0012_x4,s1,coarse_to_fine,1,False,0.0,0.02031134916967403,1.0,0.5362534946528194,margin
4077-13754-0001_5142-33396-0065_5683-32866-0012_x4,s2,coarse_to_fine,1,False,0.0,-0.10128383948711811,1.0,0.5287445828111439,margin
4077-13754-0001_5142-33396-0065_5683-32866-0012_x4,s3,coarse_to_fine,1,True,0.0001596384807540234,0.6579900654395525,1.0,0.4019799814929873,accepted
4077-13754-0001_5142-33396-0065_5683-32866-0012_x4,s4,coarse_to_fine,1,False,0.0,-0.06215970779112778,1.0,0.5499202662754613,margin
4507-16021-0025_1188-133604-0025_4992-23283-0016_x4,s1,gated_deflation,0,True,0.00018342519574962582,0.16294210427995393,0.9278100775193798,0.5320477029039937,accepted
4507-16021-0025_1188-133604-0025_4992-23283-0016_x4,s2,gated_deflation,0,False,0.0,-0.011467277857008185,0.9982751937984496,0.5883302004574814,margin
4507-16021-0025_1188-133604-0025_4992-23283-0016_x4,s3,gated_deflation,0,True,0.0,0.24537515282208205,1.0,0.7540442916992133,accepted
4507-16021-0025_1188-133604-0025_4992-23283-0016_x4,s4,gated_deflation,0,True,0.0,0.20766215981269098,1.0,0.7668397145637434,accepted
4507-16021-0025_1188-133604-0025_4992-23283-0016_x4,s1,coarse_to_fine,0,False,0.00018342519574962582,0.06999887700992036,0.9825,0.3056548426848259,margin
4507-16021-0025_1188-133604-0025_4992-23283-0016_x4,s2,coarse_to_fine,0,False,0.0,-0.1617596607866788,1.0,0.3474472174624155,margin
4507-16021-0025_1188-133604-0025_4992-23283-0016_x4,s3,coarse_to_fine,0,False,0.0,-0.0038123681859112968,1.0,0.3467978560652387,margin
4507-16021-0025_1188-133604-0025_4992-23283-0016_x4,s4,coarse_to_fine,0,True,0.0,0.14392255804338527,1.0,0.5564315405761361,accepted
4507-16021-0025_1188-133604-0025_4992-23283-0016_x4,s1,coarse_to_fine,1,False,0.00018342519574962582,-0.16919219303828137,0.9825,0.3056548426848259,margin
4507-16021-0025_1188-133604-0025_4992-23283-0016_x4,s2,coarse_to_fine,1,False,0.0,-0.30708146657477664,1.0,0.3474472174624155,margin
4507-16021-0025_1188-133604-0025_4992-23283-0016_x4,s3,coarse_to_fine,1,False,0.0,-0.2153132912908141,1.0,0.3467978560652387,margin
4507-16021-0025_1188-133604-0025_4992-23283-0016_x4,s4,coarse_to_fine,1,True,0.0,0.4655575903676882,1.0,0.5831830964056002,accepted
5142-36377-0017_2830-3980-0022_3729-6852-0038_x4,s1,gated_deflation,0,True,0.0,0.24897027019370638,1.0,0.7531116001163601,accepted
5142-36377-0017_2830-3980-0022_3729-6852-0038_x4,s2,gated_deflation,0,True,0.0,0.14311756469533182,1.0,0.8061875919266374,accepted
5142-36377-0017_2830-3980-0022_3729-6852-0038_x4,s3,gated_deflation,0,False,0.000349592822867938,0.0879834205348323,0.9018254950495049,0.6826787850580296,margin
5142-36377-0017_2830-3980-0022_3729-6852-0038_x4,s4,gated_deflation,0,False,0.0,-0.03490887782426466,0.9295792079207921,0.7446683241598916,margin
5142-36377-0017_2830-3980-0022_3729-6852-0038_x4,s1,coarse_to_fine,0,False,0.0,-0.023181956517170477,1.0,0.5692604662390057,margin
5142-36377-0017_2830-3980-0022_3729-6852-0038_x4,s2,coarse_to_fine,0,False,0.0,0.018203285965266686,1.0,0.5647831714716482,margin
5142-36377-0017_2830-3980-0022_3729-6852-0038_x4,s3,coarse_to_fine,0,False,0.000349592822867938,-0.12362446221642526,0.9741646039603961,0.5366983171906046,margin
5142-36377-0017_2830-3980-0022_3729-6852-0038_x4,s4,coarse_to_fine,0,False,0.0,-0.13035510200354766,0.9749690594059406,0.5459756651468372,margin
5142-36377-0017_2830-3980-0022_3729-6852-0038_x4,s1,coarse_to_fine,1,False,0.0,-0.023181956517170477,1.0,0.5692604662390057,margin
5142-36377-0017_2830-3980-0022_3729-6852-0038_x4,s2,coarse_to_fine,1,False,0.0,0.018203285965266686,1.0,0.5647831714716482,margin
5142-36377-0017_2830-3980-0022_3729-6852-0038_x4,s3,coarse_to_fine,1,False,0.000349592822867938,-0.12362446221642526,0.9741646039603961,0.5366983171906046,margin
5142-36377-0017_2830-3980-0022_3729-6852-0038_x4,s4,coarse_to_fine,1,False,0.0,-0.13035510200354766,0.9749690594059406,0.5459756651468372,margin
7021-79759-0005_4507-16021-0058_260-123288-0005_x4,s1,gated_deflation,0,False,0.0,-0.11710233914730084,1.0,0.49444097058051756,margin
7021-79759-0005_4507-16021-0058_260-123288-0005_x4,s2,gated_deflation,0,True,0.0,0.11643766281806128,1.0,0.8908347797481172,accepted
7021-79759-0005_4507-16021-0058_260-123288-0005_x4,s3,gated_deflation,0,True,0.0,0.28979774655240853,1.0,0.5229087427617207,accepted
7021-79759-0005_4507-16021-0058_260-123288-0005_x4,s4,gated_deflation,0,False,0.0,-0.20104384916001658,0.9900869565217392,0.7972166996008245,margin
7021-79759-0005_4507-16021-0058_260-123288-0005_x4,s1,coarse_to_fine,0,False,0.0,-0.30767666919467,1.0,0.36820798754275935,margin
7021-79759-0005_4507-16021-0058_260-123288-0005_x4,s2,coarse_to_fine,0,False,0.0,-0.0565663554557648,1.0,0.4124103978070463,margin
7021-79759-0005_4507-16021-0058_260-123288-0005_x4,s3,coarse_to_fine,0,True,0.0,0.3544994610225082,1.0,0.4257262688898505,accepted
7021-79759-0005_4507-16021-0058_260-123288-0005_x4,s4,coarse_to_fine,0,False,0.0,-0.16868818585894949,1.0,0.4895170193650835,margin
7021-79759-0005_4507-16021-0058_260-123288-0005_x4,s1,coarse_to_fine,1,False,0.0,-0.5417854729520193,1.0,0.36820798754275935,margin
7021-79759-0005_4507-16021-0058_260-123288-0005_x4,s2,coarse_to_fine,1,False,0.0,-0.0565663554557648,1.0,0.4124103978070463,margin
7021-79759-0005_4507-16021-0058_260-123288-0005_x4,s3,coarse_to_fine,1,True,0.0,0.5423636706481489,1.0,0.3868586726466503,accepted
7021-79759-0005_4507-16021-0058_260-123288-0005_x4,s4,coarse_to_fine,1,False,0.0,-0.26569127209610555,1.0,0.4895170193650835,margin
672-122797-0044_8463-294828-0013_4507-16021-0043_x4,s1,gated_deflation,0,False,0.0,0.035936587481069204,1.0,0.8205374992094482,margin
672-122797-0044_8463-294828-0013_4507-16021-0043_x4,s2,gated_deflation,0,True,0.0,0.17203045507862696,1.0,0.7667205634423266,accepted
672-122797-0044_8463-294828-0013_4507-16021-0043_x4,s3,gated_deflation,0,False,0.0,-0.05947037922112733,1.0,0.8052226115320967,margin
672-122797-0044_8463-294828-0013_4507-16021-0043_x4,s4,gated_deflation,0,True,0.00014413367584875723,0.43778780015025737,1.0,0.5523827064008101,accepted
672-122797-0044_8463-294828-0013_4507-16021-0043_x4,s1,coarse_to_fine,0,False,0.0,-0.25085493576930123,1.0,0.44004447302688937,margin
672-122797-0044_8463-294828-0013_4507-16021-0043_x4,s2,coarse_to_fine,0,False,0.0,0.024543728896412154,1.0,0.633502757745415,margin
672-122797-0044_8463-294828-0013_4507-16021-0043_x4,s3,coarse_to_fine,0,False,0.0,-0.27871727609325714,1.0,0.4475478937691948,margin
672-122797-0044_8463-294828-0013_4507-16021-0043_x4,s4,coarse_to_fine,0,True,0.00014413367584875723,0.3961679631300573,1.0,0.3158976813326539,accepted
672-122797-0044_8463-294828-0013_4507-16021-0043_x4,s1,coarse_to_fine,1,False,0.0,-0.41071273049521856,1.0,0.44004447302688937,margin
672-122797-0044_8463-294828-0013_4507-16021-0043_x4,s2,coarse_to_fine,1,False,0.0,-0.07800735366372646,1.0,0.633502757745415,margin
672-122797-0044_8463-294828-0013_4507-16021-0043_x4,s3,coarse_to_fine,1,False,0.0,-0.29383768804627813,1.0,0.4475478937691948,margin
672-122797-0044_8463-294828-0013_4507-16021-0043_x4,s4,coarse_to_fine,1,True,0.00014413367584875723,0.6139638730717105,0.9755846774193548,0.3460871487415558,accepted
6930-81414-0001_1995-1836-0006_121-121726-0014_x4,s1,gated_deflation,0,True,0.00011719836239998562,0.494263071419268,0.9996463142218913,0.6089328700168208,accepted
6930-81414-0001_1995-1836-0006_121-121726-0014_x4,s2,gated_deflation,0,True,0.0,0.10417454072453647,1.0,0.7766740829345069,accepted
6930-81414-0001_1995-1836-0006_121-121726-0014_x4,s3,gated_deflation,0,False,0.0,0.016003729055757143,1.0,0.9299982821735412,margin
6930-81414-0001_1995-1836-0006_121-121726-0014_x4,s4,gated_deflation,0,True,0.0,0.2122052929154949,1.0,0.8379036326917197,accepted
6930-81414-0001_1995-1836-0006_121-121726-0014_x4,s1,coarse_to_fine,0,True,0.00011719836239998562,0.20096317977607342,1.0,0.5853017737645638,accepted
6930-81414-0001_1995-1836-0006_121-121726-0014_x4,s2,coarse_to_fine,0,True,0.0,0.22370289750290412,1.0,0.41399994775192694,accepted
6930-81414-0001_1995-1836-0006_121-121726-0014_x4,s3,coarse_to_fine,0,False,0.0,0.06115907530622727,1.0,0.5154397377287286,margin
6930-81414-0001_1995-1836-0006_121-121726-0014_x4,s4,coarse_to_fine,0,True,0.0,0.15496343317788375,1.0,0.49328818942533337,accepted
6930-81414-0001_1995-1836-0006_121-121726-0014_x4,s1,coarse_to_fine,1,True,0.00011719836239998562,0.24218041386711864,1.0,0.5560958187469218,accepted
6930-81414-0001_1995-1836-0006_121-121726-0014_x4,s2,coarse_to_fine,1,True,0.0,0.5131954992030819,1.0,0.3875437223987785,accepted
6930-81414-0001_1995-1836-0006_121-121726-0014_x4,s3,coarse_to_fine,1,False,0.0,-0.09981247414453404,1.0,0.5154397377287286,margin
6930-81414-0001_1995-1836-0006_121-121726-0014_x4,s4,coarse_to_fine,1,True,0.0,0.3545516913844932,1.0,0.4814847849317186,accepted
8555-284449-0002_1995-1837-0004_1089-134686-0002_x4,s1,gated_deflation,0,True,9.881040225663392e-05,0.4055245941262155,1.0,0.5044539511376439,accepted
8555-284449-0002_1995-1837-0004_1089-134686-0002_x4,s2,gated_deflation,0,True,0.0,0.2613637595189751,0.9970615671641792,0.6887709913487401,accepted
8555-284449-0002_1995-1837-0004_1089-134686-0002_x4,s3,gated_deflation,0,True,0.0,0.18657167509982536,1.0,0.706491946133445,accepted
8555-284449-0002_1995-1837-0004_1089-134686-0002_x4,s4,gated_deflation,0,True,0.0,0.14138569927749312,1.0,0.7681353487487079,accepted
8555-284449-0002_1995-1837-0004_1089-134686-0002_x4,s1,coarse_to_fine,0,False,9.881040225663392e-05,-0.22596356808127824,1.0,0.36515357379657176,margin
8555-284449-0002_1995-1837-0004_1089-134686-0002_x4,s2,coarse_to_fine,0,True,0.0,0.2556065267817199,1.0,0.2987280927090388,accepted
8555-284449-0002_1995-1837-0004_1089-134686-0002_x4,s3,coarse_to_fine,0,True,0.0,0.12662571790609617,1.0,0.39386958744995426,accepted
8555-284449-0002_1995-1837-0004_1089-134686-0002_x4,s4,coarse_to_fine,0,False,0.0,-0.010041339293920704,1.0,0.35214547953008946,margin
8555-284449-0002_1995-1837-0004_1089-134686-0002_x4,s1,coarse_to_fine,1,False,9.881040225663392e-05,-0.47261853805263043,1.0,0.36515357379657176,margin
8555-284449-0002_1995-1837-0004_1089-134686-0002_x4,s2,coarse_to_fine,1,True,0.0,0.6027541094946887,1.0,0.3122895429762383,accepted
8555-284449-0002_1995-1837-0004_1089-134686-0002_x4,s3,coarse_to_fine,1,True,0.0,0.3956109439272396,1.0,0.3737860036931202,accepted
8555-284449-0002_1995-1837-0004_1089-134686-0002_x4,s4,coarse_to_fine,1,False,0.0,-0.27621951906969416,1.0,0.35214547953008946,margin
7021-85628-0027_3575-170457-0025_8555-292519-0010_x4,s1,gated_deflation,0,True,0.0,0.4585521468563707,1.0,0.5416226818566823,accepted
7021-85628-0027_3575-170457-0025_8555-292519-0010_x4,s2,gated_deflation,0,True,0.0,0.1963965561577941,0.9823162939297124,0.5253752045989126,accepted
7021-85628-0027_3575-170457-0025_8555-292519-0010_x4,s3,gated_deflation,0,False,0.0,-0.03261655161025301,1.0,0.6645216231252115,margin
7021-85628-0027_3575-170457-0025_8555-292519-0010_x4,s4,gated_deflation,0,False,0.0,-0.023067866080126315,0.9819169329073483,0.5492256402178466,margin
7021-85628-0027_3575-170457-0025_8555-292519-0010_x4,s1,coarse_to_fine,0,False,0.0,0.0880417999817864,1.0,0.3383015609349101,margin
7021-85628-0027_3575-170457-0025_8555-292519-0010_x4,s2,coarse_to_fine,0,True,0.0,0.1926455205178147,1.0,0.3590918869406735,accepted
7021-85628-0027_3575-170457-0025_8555-292519-0010_x4,s3,coarse_to_fine,0,False,0.0,-0.09477054852851172,0.9894654088050314,0.2815354111865725,margin
7021-85628-0027_3575-170457-0025_8555-292519-0010_x4,s4,coarse_to_fine,0,False,0.0,-0.2650176796017748,1.0,0.36638106077554145,margin
7021-85628-0027_3575-170457-0025_8555-292519-0010_x4,s1,coarse_to_fine,1,False,0.0,0.012888918132845983,1.0,0.3383015609349101,margin
7021-85628-0027_3575-170457-0025_8555-292519-0010_x4,s2,coarse_to_fine,1,True,0.0,0.5574342944492172,1.0,0.3984154806753761,accepted
7021-85628-0027_3575-170457-0025_8555-292519-0010_x4,s3,coarse_to_fine,1,False,0.0,-0.3909504540422448,0.9894654088050314,0.2815354111865725,margin
7021-85628-0027_3575-170457-0025_8555-292519-0010_x4,s4,coarse_to_fine,1,False,0.0,-0.5733917243251456,1.0,0.36638106077554145,margin
5639-40744-0012_1221-135766-0005_260-123286-0015_x4,s1,gated_deflation,0,True,0.0,0.15776006963822947,1.0,0.7629930049808891,accepted
5639-40744-0012_1221-135766-0005_260-123286-0015_x4,s2,gated_deflation,0,True,0.00018783607609981645,0.35801608388054357,1.0,0.623987600407518,accepted
5639-40744-0012_1221-135766-0005_260-123286-0015_x4,s3,gated_deflation,0,False,0.0,0.0030408657816350937,1.0,0.8644229319498203,margin
5639-40744-0012_1221-135766-0005_260-123286-0015_x4,s4,gated_deflation,0,False,0.0,0.07266709486570738,1.0,0.8959897561440051,margin
5639-40744-0012_1221-135766-0005_260-123286-0015_x4,s1,coarse_to_fine,0,False,0.0,-0.014551886604561248,1.0,0.45917344928535636,margin
5639-40744-0012_1221-135766-0005_260-123286-0015_x4,s2,coarse_to_fine,0,True,0.00018783607609981645,0.2310931559467599,1.0,0.6042619362171343,accepted
5639-40744-0012_1221-135766-0005_260-123286-0015_x4,s3,coarse_to_fine,0,False,0.0,0.025242958851474095,1.0,0.5159776328094309,margin
5639-40744-0012_1221-135766-0005_260-123286-0015_x4,s4,coarse_to_fine,0,False,0.0,-0.053762989880907275,1.0,0.5292462481669057,margin
5639-40744-0012_1221-135766-0005_260-123286-0015_x4,s1,coarse_to_fine,1,False,0.0,-0.014551886604561248,1.0,0.45917344928535636,margin
5639-40744-0012_1221-135766-0005_260-123286-0015_x4,s2,coarse_to_fine,1,True,0.00018783607609981645,0.4380656710926082,1.0,0.6002316054061358,accepted
5639-40744-0012_1221-135766-0005_260-123286-0015_x4,s3,coarse_to_fine,1,False,0.0,0.025242958851474095,1.0,0.5159776328094309,margin
5639-40744-0012_1221-135766-0005_260-123286-0015_x4,s4,coarse_to_fine,1,False,0.0,-0.16033464585356366,1.0,0.5292462481669057,margin
260-123286-0003_1221-135766-0008_2830-3980-0067_x4,s1,gated_deflation,0,False,0.0,-0.029211336831217627,1.0,0.6628269445676482,margin
260-123286-0003_1221-135766-0008_2830-3980-0067_x4,s2,gated_deflation,0,True,8.539911346546257e-05,0.3627244531079274,1.0,0.659082449595196,accepted
260-123286-0003_1221-135766-0008_2830-3980-0067_x4,s3,gated_deflation,0,True,0.0,0.20226003039195373,1.0,0.686544225754205,accepted
260-123286-0003_1221-135766-0008_2830-3980-0067_x4,s4,gated_deflation,0,False,0.0,-0.14329550191262114,1.0,0.7591106600889493,margin
260-123286-0003_1221-135766-0008_2830-3980-0067_x4,s1,coarse_to_fine,0,False,0.0,-0.26314298913093054,1.0,0.34725759876768403,margin
260-123286-0003_1221-135766-0008_2830-3980-0067_x4,s2,coarse_to_fine,0,True,8.539911346546257e-05,0.19598321343706204,1.0,0.5697832886785353,accepted
260-123286-0003_1221-135766-0008_2830-3980-0067_x4,s3,coarse_to_fine,0,True,0.0,0.17433392457993763,1.0,0.5014425607393374,accepted
260-123286-0003_1221-135766-0008_2830-3980-0067_x4,s4,coarse_to_fine,0,False,0.0,-0.1823955684332362,1.0,0.4940856184715362,margin
260-123286-0003_1221-135766-0008_2830-3980-0067_x4,s1,coarse_to_fine,1,False,0.0,-0.43274829092523787,1.0,0.34725759876768403,margin
260-123286-0003_1221-135766-0008_2830-3980-0067_x4,s2,coarse_to_fine,1,True,8.539911346546257e-05,0.35485929801513943,1.0,0.5387438555980113,accepted
260-123286-0003_1221-135766-0008_2830-3980-0067_x4,s3,coarse_to_fine,1,True,0.0,0.35214951960443375,1.0,0.5088135201345811,accepted
260-123286-0003_1221-135766-0008_2830-3980-0067_x4,s4,coarse_to_fine,1,False,0.0,-0.4807785493039419,1.0,0.4940856184715362,margin
260-123286-0005_4992-41797-0009_61-70968-0030_x4,s1,gated_deflation,0,True,0.0,0.18930911398521205,1.0,0.8207430355471009,accepted
260-123286-0005_4992-41797-0009_61-70968-0030_x4,s2,gated_deflation,0,True,0.00014321784771345508,0.43970072470601396,0.9504668049792531,0.49534873877804647,accepted
260-123286-0005_4992-41797-0009_61-70968-0030_x4,s3,gated_deflation,0,True,0.0,0.11593748846736562,1.0,0.8139135779480905,accepted
260-123286-0005_4992-41797-0009_61-70968-0030_x4,s4,gated_deflation,0,False,0.0,0.06604753183634304,0.9496542185338865,0.6941000170474377,margin
260-123286-0005_4992-41797-0009_61-70968-0030_x4,s1,coarse_to_fine,0,False,0.0,-0.06997955245254045,1.0,0.3968858340272867,margin
260-123286-0005_4992-41797-0009_61-70968-0030_x4,s2,coarse_to_fine,0,True,0.00014321784771345508,0.22694123620348022,0.9517980636237897,0.41931625716135823,accepted
260-123286-0005_4992-41797-0009_61-70968-0030_x4,s3,coarse_to_fine,0,True,0.0,0.2732840537385996,1.0,0.5075930685454585,accepted
260-123286-0005_4992-41797-0009_61-70968-0030_x4,s4,coarse_to_fine,0,False,0.0,0.0009495068228920767,0.9521784232365145,0.37082559496258255,margin
260-123286-0005_4992-41797-0009_61-70968-0030_x4,s1,coarse_to_fine,1,False,0.0,-0.28189222490195937,1.0,0.3968858340272867,margin
260-123286-0005_4992-41797-0009_61-70968-0030_x4,s2,coarse_to_fine,1,True,0.00014321784771345508,0.5286007726403061,0.9519882434301521,0.4357971995302822,accepted
260-123286-0005_4992-41797-0009_61-70968-0030_x4,s3,coarse_to_fine,1,True,0.0,0.4953922779635105,1.0,0.5025620601668774,accepted
260-123286-0005_4992-41797-0009_61-70968-0030_x4,s4,coarse_to_fine,1,False,0.0,-0.30720005451317867,0.9521784232365145,0.37082559496258255,margin
61-70970-0033_4446-2271-0021_1089-134691-0025_x4,s1,gated_deflation,0,True,0.0,0.24812221810057244,1.0,0.8284242993645435,accepted
61-70970-0033_4446-2271-0021_1089-134691-0025_x4,s2,gated_deflation,0,True,0.0,0.1514808578344497,1.0,0.8137451723164216,accepted
61-70970-0033_4446-2271-0021_1089-134691-0025_x4,s3,gated_deflation,0,False,0.0,-0.091742005181567,0.847644539614561,0.5227285012821415,margin
61-70970-0033_4446-2271-0021_1089-134691-0025_x4,s4,gated_deflation,0,True,0.0,0.16912283313723453,0.9502319771591721,0.49801800322407985,accepted
61-70970-0033_4446-2271-0021_1089-134691-0025_x4,s1,coarse_to_fine,0,True,0.0,0.19415729365593531,1.0,0.44130605025721725,accepted
61-70970-0033_4446-2271-0021_1089-134691-0025_x4,s2,coarse_to_fine,0,False,0.0,-0.1499556097020962,1.0,0.3475259135087308,margin
61-70970-0033_4446-2271-0021_1089-134691-0025_x4,s3,coarse_to_fine,0,False,0.0,-0.19409716536539667,0.9678622412562455,0.32413373289212494,margin
61-70970-0033_4446-2271-0021_1089-134691-0025_x4,s4,coarse_to_fine,0,False,0.0,-0.031148385008001878,0.9850463954318344,0.3106054311013941,margin
61-70970-0033_4446-2271-0021_1089-134691-0025_x4,s1,coarse_to_fine,1,True,0.0,0.4485592701460215,1.0,0.4200493447791998,accepted
61-70970-0033_4446-2271-0021_1089-134691-0025_x4,s2,coarse_to_fine,1,False,0.0,-0.20818186534076588,1.0,0.3475259135087308,margin
61-70970-0033_4446-2271-0021_1089-134691-0025_x4,s3,coarse_to_fine,1,False,0.0,-0.29850824464567494,0.9678622412562455,0.32413373289212494,margin
61-70970-0033_4446-2271-0021_1089-134691-0025_x4,s4,coarse_to_fine,1,False,0.0,-0.11802769813036573,0.9850463954318344,0.3106054311013941,margin
7021-79730-0006_5142-36586-0000_2300-131720-0009_x4,s1,gated_deflation,0,False,0.0,0.0016207655209023453,0.9863757253384913,0.5039165139981095,margin
7021-79730-0006_5142-36586-0000_2300-131720-0009_x4,s2,gated_deflation,0,False,0.0,0.0966660133753598,1.0,0.9086941907605274,margin
7021-79730-0006_5142-36586-0000_2300-131720-0009_x4,s3,gated_deflation,0,True,0.0,0.25783376036356126,1.0,0.6083011887453416,accepted
7021-79730-0006_5142-36586-0000_2300-131720-0009_x4,s4,gated_deflation,0,True,0.000203220077911813,0.4102763252482839,0.988213249516441,0.6285528006725905,accepted
7021-79730-0006_5142-36586-0000_2300-131720-0009_x4,s1,coarse_to_fine,0,False,0.0,-0.19941245949804487,0.9863757253384913,0.29948371445832395,margin
7021-79730-0006_5142-36586-0000_2300-131720-0009_x4,s2,coarse_to_fine,0,False,0.0,-0.055625087885334296,1.0,0.5930738086538003,margin
7021-79730-0006_5142-36586-0000_2300-131720-0009_x4,s3,coarse_to_fine,0,True,0.0,0.21655533106224134,1.0,0.3485919646179102,accepted
7021-79730-0006_5142-36586-0000_2300-131720-0009_x4,s4,coarse_to_fine,0,True,0.000203220077911813,0.3537198642611759,1.0,0.548311608521985,accepted
7021-79730-0006_5142-36586-0000_2300-131720-0009_x4,s1,coarse_to_fine,1,False,0.0,-0.4462149969170449,0.9863757253384913,0.29948371445832395,margin
7021-79730-0006_5142-36586-0000_2300-131720-0009_x4,s2,coarse_to_fine,1,False,0.0,-0.2874585850350053,1.0,0.5930738086538003,margin
7021-79730-0006_5142-36586-0000_2300-131720-0009_x4,s3,coarse_to_fine,1,True,0.0,0.5106135990720315,1.0,0.2488869768036525,accepted
7021-79730-0006_5142-36586-0000_2300-131720-0009_x4,s4,coarse_to_fine,1,True,0.000203220077911813,0.6208146866398752,1.0,0.5386327091314244,accepted
6829-68771-0022_1221-135766-0014_5683-32865-0004_x4,s1,gated_deflation,0,False,0.0,0.032222272646485584,1.0,0.7753553111074775,margin
6829-68771-0022_1221-135766-0014_5683-32865-0004_x4,s2,gated_deflation,0,False,0.0,-0.13948407260017737,1.0,0.7864512189158465,margin
6829-68771-0022_1221-135766-0014_5683-32865-0004_x4,s3,gated_deflation,0,True,0.00025897254936818365,0.31072538404508987,0.9563502673796791,0.554411998686731,accepted
6829-68771-0022_1221-135766-0014_5683-32865-0004_x4,s4,gated_deflation,0,False,0.0,-0.02066086682298457,0.9516042780748664,0.6597342527495037,margin
6829-68771-0022_1221-135766-0014_5683-32865-0004_x4,s1,coarse_to_fine,0,False,0.0,0.05704790837053278,1.0,0.3819818989658831,margin
6829-68771-0022_1221-135766-0014_5683-32865-0004_x4,s2,coarse_to_fine,0,False,0.0,-0.23159468982395331,1.0,0.5423018044429504,margin
6829-68771-0022_1221-135766-0014_5683-32865-0004_x4,s3,coarse_to_fine,0,True,0.00025897254936818365,0.16545809333566744,0.9563502673796791,0.3972349490302454,accepted
6829-68771-0022_1221-135766-0014_5683-32865-0004_x4,s4,coarse_to_fine,0,False,0.0,-0.16189503353987025,0.9516042780748664,0.4983560774102582,margin
6829-68771-0022_1221-135766-0014_5683-32865-0004_x4,s1,coarse_to_fine,1,False,0.0,-0.12464279530702127,1.0,0.3819818989658831,margin
6829-68771-0022_1221-135766-0014_5683-32865-0004_x4,s2,coarse_to_fine,1,False,0.0,-0.47240723793081413,1.0,0.5423018044429504,margin
6829-68771-0022_1221-135766-0014_5683-32865-0004_x4,s3,coarse_to_fine,1,True,0.00025897254936818365,0.5713071697791489,0.95599376114082,0.3733372735125592,accepted
6829-68771-0022_1221-135766-0014_5683-32865-0004_x4,s4,coarse_to_fine,1,False,0.0,-0.5070592284875534,0.9516042780748664,0.4983560774102582,margin
4446-2275-0013_908-157963-0000_1284-1180-0030_x4,s1,gated_deflation,0,False,0.0,0.129094361803834,1.0,0.9195529308091273,artifact_score
4446-2275-0013_908-157963-0000_1284-1180-0030_x4,s2,gated_deflation,0,False,0.0,-0.004359744930513221,1.0,0.6616880272668073,margin
4446-2275-0013_908-157963-0000_1284-1180-0030_x4,s3,gated_deflation,0,True,8.190274954042101e-05,0.3436850747694182,1.0,0.484018404581526,accepted
4446-2275-0013_908-157963-0000_1284-1180-0030_x4,s4,gated_deflation,0,True,0.0,0.18618501506837448,1.0,0.6086549522068039,accepted
4446-2275-0013_908-157963-0000_1284-1180-0030_x4,s1,coarse_to_fine,0,False,0.0,-0.3482975260140852,1.0,0.6255334239339431,margin
4446-2275-0013_908-157963-0000_1284-1180-0030_x4,s2,coarse_to_fine,0,False,0.0,0.05590113104073979,1.0,0.4982497224857748,margin
4446-2275-0013_908-157963-0000_1284-1180-0030_x4,s3,coarse_to_fine,0,True,8.190274954042101e-05,0.43549503953221347,1.0,0.3920172923014809,accepted
4446-2275-0013_908-157963-0000_1284-1180-0030_x4,s4,coarse_to_fine,0,False,0.0,-0.0009587546345726228,1.0,0.35974915236475286,margin
4446-2275-0013_908-157963-0000_1284-1180-0030_x4,s1,coarse_to_fine,1,False,0.0,-0.5046611584200775,1.0,0.6255334239339431,margin
4446-2275-0013_908-157963-0000_1284-1180-0030_x4,s2,coarse_to_fine,1,False,0.0,0.011499066863399798,1.0,0.4982497224857748,margin
4446-2275-0013_908-157963-0000_1284-1180-0030_x4,s3,coarse_to_fine,1,True,8.190274954042101e-05,0.6391862562821502,1.0,0.3656241433548729,accepted
4446-2275-0013_908-157963-0000_1284-1180-0030_x4,s4,coarse_to_fine,1,False,0.0,-0.0009587546345726228,1.0,0.35974915236475286,margin
7176-92135-0002_2830-3979-0001_4446-2271-0016_x4,s1,gated_deflation,0,False,0.0,-0.0414527715957696,1.0,0.8653147415757982,margin
7176-92135-0002_2830-3979-0001_4446-2271-0016_x4,s2,gated_deflation,0,True,0.0001227095750881223,0.4117147950414529,0.9786640079760718,0.42360741187555057,accepted
7176-92135-0002_2830-3979-0001_4446-2271-0016_x4,s3,gated_deflation,0,True,0.0,0.10521519552791592,0.9940521455730581,0.5942731223202813,accepted
7176-92135-0002_2830-3979-0001_4446-2271-0016_x4,s4,gated_deflation,0,False,0.0,-0.02542907260165772,0.9621635094715852,0.5485830070665113,margin
7176-92135-0002_2830-3979-0001_4446-2271-0016_x4,s1,coarse_to_fine,0,False,0.0,-0.14820898743887354,1.0,0.23543563268602827,margin
7176-92135-0002_2830-3979-0001_4446-2271-0016_x4,s2,coarse_to_fine,0,False,0.0001227095750881223,-0.11989562549394894,1.0,0.3599369994445155,margin
7176-92135-0002_2830-3979-0001_4446-2271-0016_x4,s3,coarse_to_fine,0,False,0.0,-0.14527473959945447,0.9940521455730581,0.22297271153350567,margin
7176-92135-0002_2830-3979-0001_4446-2271-0016_x4,s4,coarse_to_fine,0,True,0.0,0.22591075018532608,0.9793494516450648,0.2267723093115938,accepted
7176-92135-0002_2830-3979-0001_4446-2271-0016_x4,s1,coarse_to_fine,1,False,0.0,-0.31158364777192926,1.0,0.23543563268602827,margin
7176-92135-0002_2830-3979-0001_4446-2271-0016_x4,s2,coarse_to_fine,1,False,0.0001227095750881223,-0.2869466539290493,1.0,0.3599369994445155,margin
7176-92135-0002_2830-3979-0001_4446-2271-0016_x4,s3,coarse_to_fine,1,False,0.0,-0.35083741806952506,0.9940521455730581,0.22297271153350567,margin
7176-92135-0002_2830-3979-0001_4446-2271-0016_x4,s4,coarse_to_fine,1,True,0.0,0.47751129954501215,0.9876495513459621,0.22619023521477913,accepted
61-70970-0011_8555-284447-0003_8224-274381-0000_x4,s1,gated_deflation,0,True,0.0,0.2793140371470701,1.0,0.8417406187252416,accepted
61-70970-0011_8555-284447-0003_8224-274381-0000_x4,s2,gated_deflation,0,False,0.0,-0.08548461403617427,1.0,0.8688130454826274,margin
61-70970-0011_8555-284447-0003_8224-274381-0000_x4,s3,gated_deflation,0,True,0.00023357928901126518,0.40969107074610794,1.0,0.439380872514499,accepted
61-70970-0011_8555-284447-0003_8224-274381-0000_x4,s4,gated_deflation,0,False,0.0,-0.054654229525292364,1.0,0.893590809173448,margin
61-70970-0011_8555-284447-0003_8224-274381-0000_x4,s1,coarse_to_fine,0,True,0.0,0.2701624963701526,1.0,0.48632752156858644,accepted
61-70970-0011_8555-284447-0003_8224-274381-0000_x4,s2,coarse_to_fine,0,False,0.0,0.06802259990195009,1.0,0.356591250378101,margin
61-70970-0011_8555-284447-0003_8224-274381-0000_x4,s3,coarse_to_fine,0,False,0.00023357928901126518,-0.1236847379618437,1.0,0.45964576303847915,margin
61-70970-0011_8555-284447-0003_8224-274381-0000_x4,s4,coarse_to_fine,0,False,0.0,-0.11562504627653453,1.0,0.5818245487625595,margin
61-70970-0011_8555-284447-0003_8224-274381-0000_x4,s1,coarse_to_fine,1,True,0.0,0.49172149631223433,1.0,0.5217616975266803,accepted
61-70970-0011_8555-284447-0003_8224-274381-0000_x4,s2,coarse_to_fine,1,False,0.0,0.016623379107552017,1.0,0.356591250378101,margin
61-70970-0011_8555-284447-0003_8224-274381-0000_x4,s3,coarse_to_fine,1,False,0.00023357928901126518,-0.1812915422843176,1.0,0.45964576303847915,margin
61-70970-0011_8555-284447-0003_8224-274381-0000_x4,s4,coarse_to_fine,1,False,0.0,-0.3239757843612972,1.0,0.5818245487625595,margin
61-70968-0004_1284-1180-0005_2094-142345-0006_x4,s1,gated_deflation,0,True,0.0,0.12243356423735147,1.0,0.8771504236804654,accepted
61-70968-0004_1284-1180-0005_2094-142345-0006_x4,s2,gated_deflation,0,False,0.0,0.02784934293689284,0.9785810810810811,0.7334173465720215,margin
61-70968-0004_1284-1180-0005_2094-142345-0006_x4,s3,gated_deflation,0,True,0.00015223769834202665,0.4100336622918872,1.0,0.4990158121824646,accepted
61-70968-0004_1284-1180-0005_2094-142345-0006_x4,s4,gated_deflation,0,True,0.0,0.15344794358342848,1.0,0.7766568842681957,accepted
61-70968-0004_1284-1180-0005_2094-142345-0006_x4,s1,coarse_to_fine,0,False,0.0,-0.07180423538342423,1.0,0.4799043897269002,margin
61-70968-0004_1284-1180-0005_2094-142345-0006_x4,s2,coarse_to_fine,0,False,0.0,-0.07763264598861597,1.0,0.3106412609287933,margin
61-70968-0004_1284-1180-0005_2094-142345-0006_x4,s3,coarse_to_fine,0,True,0.00015223769834202665,0.27255632746739733,1.0,0.49056344075891617,accepted
61-70968-0004_1284-1180-0005_2094-142345-0006_x4,s4,coarse_to_fine,0,False,0.0,0.06181197174872183,1.0,0.38271698374434676,margin
61-70968-0004_1284-1180-0005_2094-142345-0006_x4,s1,coarse_to_fine,1,False,0.0,-0.11426147123775704,1.0,0.4799043897269002,margin
61-70968-0004_1284-1180-0005_2094-142345-0006_x4,s2,coarse_to_fine,1,False,0.0,-0.26641508689018595,1.0,0.3106412609287933,margin
61-70968-0004_1284-1180-0005_2094-142345-0006_x4,s3,coarse_to_fine,1,True,0.00015223769834202665,0.4962268966472899,1.0,0.4413371075130504,accepted
61-70968-0004_1284-1180-0005_2094-142345-0006_x4,s4,coarse_to_fine,1,False,0.0,-0.0077061617697472,1.0,0.38271698374434676,margin
7021-85628-0018_2961-960-0002_4446-2275-0028_x4,s1,gated_deflation,0,True,0.0,0.3657225804000189,1.0,0.7099178501075329,accepted
7021-85628-0018_2961-960-0002_4446-2275-0028_x4,s2,gated_deflation,0,True,0.00017622654203737294,0.4409445885103723,0.9516370101162662,0.5461710673016261,accepted
7021-85628-0018_2961-960-0002_4446-2275-0028_x4,s3,gated_deflation,0,False,0.0,0.06797358562971006,1.0,0.8988513296011055,margin
7021-85628-0018_2961-960-0002_4446-2275-0028_x4,s4,gated_deflation,0,False,0.0,-0.08936423512693392,0.9804439829455169,0.706218004379461,margin
7021-85628-0018_2961-960-0002_4446-2275-0028_x4,s1,coarse_to_fine,0,True,0.0,0.37198975703418646,1.0,0.3636526433670627,accepted
7021-85628-0018_2961-960-0002_4446-2275-0028_x4,s2,coarse_to_fine,0,True,0.00017622654203737294,0.17806796552135645,1.0,0.4208270515293747,accepted
7021-85628-0018_2961-960-0002_4446-2275-0028_x4,s3,coarse_to_fine,0,False,0.0,-0.015511260411353367,1.0,0.44445337409383884,margin
7021-85628-0018_2961-960-0002_4446-2275-0028_x4,s4,coarse_to_fine,0,False,0.0,-0.058897563877039705,1.0,0.38116635973564805,margin
7021-85628-0018_2961-960-0002_4446-2275-0028_x4,s1,coarse_to_fine,1,True,0.0,0.527327542786661,1.0,0.3367067722733022,accepted
7021-85628-0018_2961-960-0002_4446-2275-0028_x4,s2,coarse_to_fine,1,True,0.00017622654203737294,0.39760833638616666,1.0,0.415794314255405,accepted
7021-85628-0018_2961-960-0002_4446-2275-0028_x4,s3,coarse_to_fine,1,False,0.0,-0.15878487275798794,1.0,0.44445337409383884,margin
7021-85628-0018_2961-960-0002_4446-2275-0028_x4,s4,coarse_to_fine,1,False,0.0,-0.2975623697201766,1.0,0.38116635973564805,margin
8455-210777-0065_4507-16021-0035_2961-960-0007_x4,s1,gated_deflation,0,True,0.0,0.31519053439634004,1.0,0.7954099068272968,accepted
8455-210777-0065_4507-16021-0035_2961-960-0007_x4,s2,gated_deflation,0,False,0.0,-0.09184726484040434,0.9490244835501148,0.5733097737671677,margin
8455-210777-0065_4507-16021-0035_2961-960-0007_x4,s3,gated_deflation,0,True,0.0,0.27390880714743737,0.9467291507268554,0.5631319833190482,accepted
8455-210777-0065_4507-16021-0035_2961-960-0007_x4,s4,gated_deflation,0,True,0.0,0.11500892602125523,1.0,0.8147992497448224,accepted
8455-210777-0065_4507-16021-0035_2961-960-0007_x4,s1,coarse_to_fine,0,False,0.0,-0.07715329367072812,1.0,0.47454365532364806,margin
8455-210777-0065_4507-16021-0035_2961-960-0007_x4,s2,coarse_to_fine,0,False,0.0,-0.19709130674722813,1.0,0.4057406047006173,margin
8455-210777-0065_4507-16021-0035_2961-960-0007_x4,s3,coarse_to_fine,0,True,0.0,0.2383234535118325,0.9876243305279265,0.38461093900468823,accepted
8455-210777-0065_4507-16021-0035_2961-960-0007_x4,s4,coarse_to_fine,0,True,0.0,0.1999304125726441,1.0,0.44406749517981137,accepted
8455-210777-0065_4507-16021-0035_2961-960-0007_x4,s1,coarse_to_fine,1,False,0.0,-0.20376125993326819,1.0,0.47454365532364806,margin
8455-210777-0065_4507-16021-0035_2961-960-0007_x4,s2,coarse_to_fine,1,False,0.0,-0.48946567125474766,1.0,0.4057406047006173,margin
8455-210777-0065_4507-16021-0035_2961-960-0007_x4,s3,coarse_to_fine,1,True,0.0,0.5471122335331327,0.950114766641163,0.36455721795809737,accepted
8455-210777-0065_4507-16021-0035_2961-960-0007_x4,s4,coarse_to_fine,1,True,0.0,0.48564766877139093,1.0,0.42323221025229546,accepted
7127-75946-0018_3575-170457-0019_5142-33396-0024_x4,s1,gated_deflation,0,True,0.00016290621415369252,0.39501040022637063,0.9992483026188167,0.5854365974057489,accepted
7127-75946-0018_3575-170457-0019_5142-33396-0024_x4,s2,gated_deflation,0,True,0.0,0.10306806106721261,1.0,0.697433840115902,accepted
7127-75946-0018_3575-170457-0019_5142-33396-0024_x4,s3,gated_deflation,0,False,0.0,-0.07757060033961716,1.0,0.726623455841872,margin
7127-75946-0018_3575-170457-0019_5142-33396-0024_x4,s4,gated_deflation,0,True,0.0,0.18925904441926533,1.0,0.747276121922579,accepted
7127-75946-0018_3575-170457-0019_5142-33396-0024_x4,s1,coarse_to_fine,0,True,0.00016290621415369252,0.23333100699710585,1.0,0.5293674749702014,accepted
7127-75946-0018_3575-170457-0019_5142-33396-0024_x4,s2,coarse_to_fine,0,False,0.0,0.09528120070223894,1.0,0.4123299341884995,margin
7127-75946-0018_3575-170457-0019_5142-33396-0024_x4,s3,coarse_to_fine,0,False,0.0,-0.27064162210784276,1.0,0.4175575369569295,margin
7127-75946-0018_3575-170457-0019_5142-33396-0024_x4,s4,coarse_to_fine,0,False,0.0,-0.047097985282479826,1.0,0.40880547120858823,margin
7127-75946-0018_3575-170457-0019_5142-33396-0024_x4,s1,coarse_to_fine,1,True,0.00016290621415369252,0.5621156694975696,1.0,0.5337677528340525,accepted
7127-75946-0018_3575-170457-0019_5142-33396-0024_x4,s2,coarse_to_fine,1,False,0.0,0.017389855490385242,1.0,0.4123299341884995,margin
7127-75946-0018_3575-170457-0019_5142-33396-0024_x4,s3,coarse_to_fine,1,False,0.0,-0.27064162210784276,1.0,0.4175575369569295,margin
7127-75946-0018_3575-170457-0019_5142-33396-0024_x4,s4,coarse_to_fine,1,False,0.0,-0.047097985282479826,1.0,0.40880547120858823,margin
3575-170457-0043_1995-1837-0027_5142-33396-0022_x4,s1,gated_deflation,0,True,0.0001738211575566355,0.5207019108538313,1.0,0.41419881551952736,accepted
3575-170457-0043_1995-1837-0027_5142-33396-0022_x4,s2,gated_deflation,0,False,0.0,-0.06327252965403635,1.0,0.7728083901988722,margin
3575-170457-0043_1995-1837-0027_5142-33396-0022_x4,s3,gated_deflation,0,True,0.0,0.24130459793016412,1.0,0.8865351261682597,accepted
3575-170457-0043_1995-1837-0027_5142-33396-0022_x4,s4,gated_deflation,0,False,0.0,0.0476218232999393,1.0,0.8893351260878203,margin
3575-170457-0043_1995-1837-0027_5142-33396-0022_x4,s1,coarse_to_fine,0,True,0.0001738211575566355,0.3009909284664368,1.0,0.21586139218168748,accepted
3575-170457-0043_1995-1837-0027_5142-33396-0022_x4,s2,coarse_to_fine,0,False,0.0,-0.38547635013148485,1.0,0.2506222810232096,margin
3575-170457-0043_1995-1837-0027_5142-33396-0022_x4,s3,coarse_to_fine,0,True,0.0,0.21472189774638994,1.0,0.49113190409696267,accepted
3575-170457-0043_1995-1837-0027_5142-33396-0022_x4,s4,coarse_to_fine,0,False,0.0,-0.2526964315738103,1.0,0.4752443476974755,margin
3575-170457-0043_1995-1837-0027_5142-33396-0022_x4,s1,coarse_to_fine,1,True,0.0001738211575566355,0.48334835472006826,1.0,0.23051252882474513,accepted
3575-170457-0043_1995-1837-0027_5142-33396-0022_x4,s2,coarse_to_fine,1,False,0.0,-0.6811307457209025,1.0,0.2506222810232096,margin
3575-170457-0043_1995-1837-0027_5142-33396-0022_x4,s3,coarse_to_fine,1,True,0.0,0.4953969857495851,1.0,0.5483246620271591,accepted
3575-170457-0043_1995-1837-0027_5142-33396-0022_x4,s4,coarse_to_fine,1,False,0.0,-0.56979528153876,1.0,0.4752443476974755,margin
1580-141083-0032_5105-28240-0009_4446-2273-0019_x4,s1,gated_deflation,0,False,0.0,-0.12995473465058818,1.0,0.8642531195348928,margin
1580-141083-0032_5105-28240-0009_4446-2273-0019_x4,s2,gated_deflation,0,True,0.00011860978403217184,0.3500790310826907,0.9575330132052821,0.5900870674679384,accepted
1580-141083-0032_5105-28240-0009_4446-2273-0019_x4,s3,gated_deflation,0,True,0.0,0.2061376275202897,1.0,0.8963399032728604,accepted
1580-141083-0032_5105-28240-0009_4446-2273-0019_x4,s4,gated_deflation,0,False,0.0,0.009380851509669108,0.9758103241296519,0.6531607019188521,margin
1580-141083-0032_5105-28240-0009_4446-2273-0019_x4,s1,coarse_to_fine,0,False,0.0,-0.09432964920492434,1.0,0.5148351649498383,margin
1580-141083-0032_5105-28240-0009_4446-2273-0019_x4,s2,coarse_to_fine,0,True,0.00011860978403217184,0.21368475160466754,1.0,0.500324442352259,accepted
1580-141083-0032_5105-28240-0009_4446-2273-0019_x4,s3,coarse_to_fine,0,False,0.0,-0.2721396936207488,1.0,0.5312104081126429,margin
1580-141083-0032_5105-28240-0009_4446-2273-0019_x4,s4,coarse_to_fine,0,False,0.0,-0.1939821061566342,1.0,0.4540894298964468,margin
1580-141083-0032_5105-28240-0009_4446-2273-0019_x4,s1,coarse_to_fine,1,False,0.0,-0.21981467411556369,1.0,0.5148351649498383,margin
1580-141083-0032_5105-28240-0009_4446-2273-0019_x4,s2,coarse_to_fine,1,True,0.00011860978403217184,0.4146432056360138,1.0,0.49377470143941826,accepted
1580-141083-0032_5105-28240-0009_4446-2273-0019_x4,s3,coarse_to_fine,1,False,0.0,-0.2721396936207488,1.0,0.5312104081126429,margin
1580-141083-0032_5105-28240-0009_4446-2273-0019_x4,s4,coarse_to_fine,1,False,0.0,-0.4777811167828482,1.0,0.4540894298964468,margin
5142-36586-0004_7127-75947-0000_8455-210777-0059_x4,s1,gated_deflation,0,False,0.0,-0.01619105507187879,1.0,0.9275363893482805,margin
5142-36586-0004_7127-75947-0000_8455-210777-0059_x4,s2,gated_deflation,0,True,6.007397235125573e-05,0.5916948789904442,0.9789691289966924,0.5723645036557069,accepted
5142-36586-0004_7127-75947-0000_8455-210777-0059_x4,s3,gated_deflation,0,False,0.0,-0.04986728976875904,0.9772877618522602,0.8605854161120727,margin
5142-36586-0004_7127-75947-0000_8455-210777-0059_x4,s4,gated_deflation,0,False,0.0,0.1805302531604416,1.0,0.9030811636041867,artifact_score
5142-36586-0004_7127-75947-0000_8455-210777-0059_x4,s1,coarse_to_fine,0,False,0.0,0.0642277849336968,1.0,0.5856396901692713,margin
5142-36586-0004_7127-75947-0000_8455-210777-0059_x4,s2,coarse_to_fine,0,True,6.007397235125573e-05,0.29695807861704426,0.9789691289966924,0.5526160455085525,accepted
5142-36586-0004_7127-75947-0000_8455-210777-0059_x4,s3,coarse_to_fine,0,False,0.0,-0.30309416766252484,0.9772877618522602,0.5045635324700659,margin
5142-36586-0004_7127-75947-0000_8455-210777-0059_x4,s4,coarse_to_fine,0,False,0.0,-0.13667646241091164,1.0,0.5037059159088237,margin
5142-36586-0004_7127-75947-0000_8455-210777-0059_x4,s1,coarse_to_fine,1,False,0.0,-0.0009533046550810886,1.0,0.5856396901692713,margin
5142-36586-0004_7127-75947-0000_8455-210777-0059_x4,s2,coarse_to_fine,1,True,6.007397235125573e-05,0.5689336532682905,0.9735667034178611,0.5003154541074682,accepted
5142-36586-0004_7127-75947-0000_8455-210777-0059_x4,s3,coarse_to_fine,1,False,0.0,-0.5139901553279401,0.9772877618522602,0.5045635324700659,margin
5142-36586-0004_7127-75947-0000_8455-210777-0059_x4,s4,coarse_to_fine,1,False,0.0,-0.2193446601808744,1.0,0.5037059159088237,margin
8455-210777-0020_61-70968-0054_7729-102255-0023_x4,s1,gated_deflation,0,True,0.0,0.12426786420643932,1.0,0.8220961016903495,accepted
8455-210777-0020_61-70968-0054_7729-102255-0023_x4,s2,gated_deflation,0,True,0.0001774948903179394,0.42742256923897454,1.0,0.5155088225016453,accepted
8455-210777-0020_61-70968-0054_7729-102255-0023_x4,s3,gated_deflation,0,True,0.0,0.2094672183828255,0.9994722222222222,0.6625740648103302,accepted
8455-210777-0020_61-70968-0054_7729-102255-0023_x4,s4,gated_deflation,0,False,0.0,-0.16312631945394002,1.0,0.8432859026482267,margin
8455-210777-0020_61-70968-0054_7729-102255-0023_x4,s1,coarse_to_fine,0,False,0.0,-0.330757397916851,1.0,0.38810255280776956,margin
8455-210777-0020_61-70968-0054_7729-102255-0023_x4,s2,coarse_to_fine,0,True,0.0001774948903179394,0.1833265954099883,1.0,0.38692883629528146,accepted
8455-210777-0020_61-70968-0054_7729-102255-0023_x4,s3,coarse_to_fine,0,False,0.0,-0.1651018350428718,1.0,0.372059000614892,margin
8455-210777-0020_61-70968-0054_7729-102255-0023_x4,s4,coarse_to_fine,0,False,0.0,-0.21686567802035056,1.0,0.5065868466756275,margin
8455-210777-0020_61-70968-0054_7729-102255-0023_x4,s1,coarse_to_fine,1,False,0.0,-0.49568859531699194,1.0,0.38810255280776956,margin
8455-210777-0020_61-70968-0054_7729-102255-0023_x4,s2,coarse_to_fine,1,True,0.0001774948903179394,0.5102206192906934,1.0,0.3630455105075304,accepted
8455-210777-0020_61-70968-0054_7729-102255-0023_x4,s3,coarse_to_fine,1,False,0.0,-0.4251310433470088,1.0,0.372059000614892,margin
8455-210777-0020_61-70968-0054_7729-102255-0023_x4,s4,coarse_to_fine,1,False,0.0,-0.2549007004646741,1.0,0.5065868466756275,margin
7176-88083-0000_4970-29095-0006_2094-142345-0034_x4,s1,gated_deflation,0,True,0.0,0.3316056019765799,1.0,0.65290965786308,accepted
7176-88083-0000_4970-29095-0006_2094-142345-0034_x4,s2,gated_deflation,0,False,0.0,0.022042546613013025,1.0,0.7930991930865182,margin
7176-88083-0000_4970-29095-0006_2094-142345-0034_x4,s3,gated_deflation,0,True,0.0001409988918333999,0.47547837362701156,1.0,0.5386031111812659,accepted
7176-88083-0000_4970-29095-0006_2094-142345-0034_x4,s4,gated_deflation,0,False,0.0,0.09637583228904001,1.0,0.8016185509857653,margin
7176-88083-0000_4970-29095-0006_2094-142345-0034_x4,s1,coarse_to_fine,0,False,0.0,0.029913636013273903,1.0,0.3504277947059408,margin
7176-88083-0000_4970-29095-0006_2094-142345-0034_x4,s2,coarse_to_fine,0,False,0.0,-0.1278147960106913,1.0,0.48127957025508933,margin
7176-88083-0000_4970-29095-0006_2094-142345-0034_x4,s3,coarse_to_fine,0,True,0.0001409988918333999,0.3302723146668506,1.0,0.40782516268328484,accepted
7176-88083-0000_4970-29095-0006_2094-142345-0034_x4,s4,coarse_to_fine,0,False,0.0,-0.33803172167139317,1.0,0.5287796452545926,margin
7176-88083-0000_4970-29095-0006_2094-142345-0034_x4,s1,coarse_to_fine,1,False,0.0,-0.09167453936513575,1.0,0.3504277947059408,margin
7176-88083-0000_4970-29095-0006_2094-142345-0034_x4,s2,coarse_to_fine,1,False,0.0,-0.3700091039347905,1.0,0.48127957025508933,margin
7176-88083-0000_4970-29095-0006_2094-142345-0034_x4,s3,coarse_to_fine,1,True,0.0001409988918333999,0.6047859894043085,1.0,0.3799438920540321,accepted
7176-88083-0000_4970-29095-0006_2094-142345-0034_x4,s4,coarse_to_fine,1,False,0.0,-0.33803172167139317,1.0,0.5287796452545926,margin
6930-81414-0000_4507-16021-0059_6829-68771-0029_x4,s1,gated_deflation,0,True,0.00016625423667479124,0.37593711734272955,0.9763058527375708,0.6488678819748857,accepted
6930-81414-0000_4507-16021-0059_6829-68771-0029_x4,s2,gated_deflation,0,False,0.0,0.08742037156911747,1.0,0.7579847870140437,margin
6930-81414-0000_4507-16021-0059_6829-68771-0029_x4,s3,gated_deflation,0,False,0.0,0.0690804089941669,0.9830553807426055,0.6758277804575545,margin
6930-81414-0000_4507-16021-0059_6829-68771-0029_x4,s4,gated_deflation,0,True,0.0,0.14285202270901437,1.0,0.7794369193318964,accepted
6930-81414-0000_4507-16021-0059_6829-68771-0029_x4,s1,coarse_to_fine,0,False,0.00016625423667479124,-0.024068106462561634,1.0,0.6234673676855241,margin
6930-81414-0000_4507-16021-0059_6829-68771-0029_x4,s2,coarse_to_fine,0,False,0.0,-0.10507133720702325,1.0,0.38308315979584756,margin
6930-81414-0000_4507-16021-0059_6829-68771-0029_x4,s3,coarse_to_fine,0,True,0.0,0.11771167331772112,0.9891913152926369,0.4276048032808414,accepted
6930-81414-0000_4507-16021-0059_6829-68771-0029_x4,s4,coarse_to_fine,0,False,0.0,-0.005675916310902196,1.0,0.5245286566402475,margin
6930-81414-0000_4507-16021-0059_6829-68771-0029_x4,s1,coarse_to_fine,1,False,0.00016625423667479124,-0.26168262047089774,1.0,0.6234673676855241,margin
6930-81414-0000_4507-16021-0059_6829-68771-0029_x4,s2,coarse_to_fine,1,False,0.0,-0.3778070003186359,1.0,0.38308315979584756,margin
6930-81414-0000_4507-16021-0059_6829-68771-0029_x4,s3,coarse_to_fine,1,True,0.0,0.48809867657362044,0.9902454373820012,0.4319165548249623,accepted
6930-81414-0000_4507-16021-0059_6829-68771-0029_x4,s4,coarse_to_fine,1,False,0.0,-0.2842865504264262,1.0,0.5245286566402475,margin
2300-131720-0040_260-123440-0017_672-122797-0022_x4,s1,gated_deflation,0,False,0.0,-0.17324089784186722,1.0,0.8543423442971281,margin
2300-131720-0040_260-123440-0017_672-122797-0022_x4,s2,gated_deflation,0,False,0.0,-0.13143783712982693,1.0,0.9127459720238854,margin
2300-131720-0040_260-123440-0017_672-122797-0022_x4,s3,gated_deflation,0,True,0.00015704903950037,0.4536313112909259,1.0,0.566153819630046,accepted
2300-131720-0040_260-123440-0017_672-122797-0022_x4,s4,gated_deflation,0,True,0.0,0.1130411871344868,1.0,0.7934387534740374,accepted
2300-131720-0040_260-123440-0017_672-122797-0022_x4,s1,coarse_to_fine,0,False,0.0,-0.2443914542508436,1.0,0.4574222634101874,margin
2300-131720-0040_260-123440-0017_672-122797-0022_x4,s2,coarse_to_fine,0,False,0.0,-0.26402735173143466,1.0,0.423496925745684,margin
2300-131720-0040_260-123440-0017_672-122797-0022_x4,s3,coarse_to_fine,0,False,0.00015704903950037,0.03740423280581745,1.0,0.5085101819078318,margin
2300-131720-0040_260-123440-0017_672-122797-0022_x4,s4,coarse_to_fine,0,False,0.0,0.00802273927759789,1.0,0.47678223285772225,margin
2300-131720-0040_260-123440-0017_672-122797-0022_x4,s1,coarse_to_fine,1,False,0.0,-0.2443914542508436,1.0,0.4574222634101874,margin
2300-131720-0040_260-123440-0017_672-122797-0022_x4,s2,coarse_to_fine,1,False,0.0,-0.26402735173143466,1.0,0.423496925745684,margin
2300-131720-0040_260-123440-0017_672-122797-0022_x4,s3,coarse_to_fine,1,False,0.00015704903950037,0.03740423280581745,1.0,0.5085101819078318,margin
2300-131720-0040_260-123440-0017_672-122797-0022_x4,s4,coarse_to_fine,1,False,0.0,0.00802273927759789,1.0,0.47678223285772225,margin
2830-3980-0052_8224-274381-0007_5683-32879-0022_x4,s1,gated_deflation,0,False,0.0,0.06377962320232544,1.0,0.7609269922474567,margin
2830-3980-0052_8224-274381-0007_5683-32879-0022_x4,s2,gated_deflation,0,True,0.00014752221898907102,0.28371282859647773,1.0,0.45529068577603365,accepted
2830-3980-0052_8224-274381-0007_5683-32879-0022_x4,s3,gated_deflation,0,True,0.0,0.20540222795552138,1.0,0.844584186410184,accepted
2830-3980-0052_8224-274381-0007_5683-32879-0022_x4,s4,gated_deflation,0,True,0.0,0.13359588294613245,1.0,0.6827457718652155,accepted
2830-3980-0052_8224-274381-0007_5683-32879-0022_x4,s1,coarse_to_fine,0,False,0.0,-0.07463433876534081,1.0,0.39380166754905,margin
2830-3980-0052_8224-274381-0007_5683-32879-0022_x4,s2,coarse_to_fine,0,True,0.00014752221898907102,0.14978634829895554,1.0,0.2680999948807198,accepted
2830-3980-0052_8224-274381-0007_5683-32879-0022_x4,s3,coarse_to_fine,0,False,0.0,-0.0663947013601015,1.0,0.5615826690080302,margin
2830-3980-0052_8224-274381-0007_5683-32879-0022_x4,s4,coarse_to_fine,0,False,0.0,-0.158431355570133,1.0,0.28885531441682105,margin
2830-3980-0052_8224-274381-0007_5683-32879-0022_x4,s1,coarse_to_fine,1,False,0.0,-0.07463433876534081,1.0,0.39380166754905,margin
2830-3980-0052_8224-274381-0007_5683-32879-0022_x4,s2,coarse_to_fine,1,True,0.00014752221898907102,0.4793584618955403,1.0,0.259634852214373,accepted
2830-3980-0052_8224-274381-0007_5683-32879-0022_x4,s3,coarse_to_fine,1,False,0.0,-0.0663947013601015,1.0,0.5615826690080302,margin
2830-3980-0052_8224-274381-0007_5683-32879-0022_x4,s4,coarse_to_fine,1,False,0.0,-0.4985214173771966,1.0,0.28885531441682105,margin
6829-68771-0018_1580-141083-0038_1089-134691-0013_x4,s1,gated_deflation,0,True,0.0,0.2771937020119155,1.0,0.7274756532063925,accepted
6829-68771-0018_1580-141083-0038_1089-134691-0013_x4,s2,gated_deflation,0,True,0.0,0.2522422356857892,1.0,0.8439950447965081,accepted
6829-68771-0018_1580-141083-0038_1089-134691-0013_x4,s3,gated_deflation,0,True,0.00014033551969321783,0.5372813081103668,0.9715181932245922,0.5689684557585166,accepted
6829-68771-0018_1580-141083-0038_1089-134691-0013_x4,s4,gated_deflation,0,True,0.0,0.11485692322096919,0.9469887076537014,0.5437550420976338,accepted
6829-68771-0018_1580-141083-0038_1089-134691-0013_x4,s1,coarse_to_fine,0,True,0.0,0.1348943193353862,1.0,0.3823042860944454,accepted
6829-68771-0018_1580-141083-0038_1089-134691-0013_x4,s2,coarse_to_fine,0,False,0.0,-0.24160907194125475,1.0,0.6308842358382116,margin
6829-68771-0018_1580-141083-0038_1089-134691-0013_x4,s3,coarse_to_fine,0,True,0.00014033551969321783,0.5589374802653377,0.9885403596821414,0.49537390631207195,accepted
6829-68771-0018_1580-141083-0038_1089-134691-0013_x4,s4,coarse_to_fine,0,False,0.0,0.04459458285567863,0.9725115014638227,0.3329006248839427,margin
6829-68771-0018_1580-141083-0038_1089-134691-0013_x4,s1,coarse_to_fine,1,True,0.0,0.4020112627308837,1.0,0.3648946973635084,accepted
6829-68771-0018_1580-141083-0038_1089-134691-0013_x4,s2,coarse_to_fine,1,False,0.0,-0.4187923819477413,1.0,0.6308842358382116,margin
6829-68771-0018_1580-141083-0038_1089-134691-0013_x4,s3,coarse_to_fine,1,True,0.00014033551969321783,0.7127279720246582,0.9890736093684651,0.5051820084620978,accepted
6829-68771-0018_1580-141083-0038_1089-134691-0013_x4,s4,coarse_to_fine,1,False,0.0,-0.17911701928967994,0.9725115014638227,0.3329006248839427,margin
61-70968-0020_3575-170457-0011_1995-1826-0025_x4,s1,gated_deflation,0,True,0.0,0.4458165426860432,1.0,0.7366089831254754,accepted
61-70968-0020_3575-170457-0011_1995-1826-0025_x4,s2,gated_deflation,0,True,0.0001492707478387047,0.5074555381502486,0.9788323353293413,0.6182604111184927,accepted
61-70968-0020_3575-170457-0011_1995-1826-0025_x4,s3,gated_deflation,0,True,0.0,0.11565269016134738,1.0,0.8286047949868662,accepted
61-70968-0020_3575-170457-0011_1995-1826-0025_x4,s4,gated_deflation,0,False,0.0,-0.20315177530230333,0.9782035928143713,0.6932450020732474,margin
61-70968-0020_3575-170457-0011_1995-1826-0025_x4,s1,coarse_to_fine,0,True,0.0,0.2952865782379195,1.0,0.5194525092264591,accepted
61-70968-0020_3575-170457-0011_1995-1826-0025_x4,s2,coarse_to_fine,0,False,0.0001492707478387047,0.056918868051170746,0.9867964071856288,0.5106385573121275,margin
61-70968-0020_3575-170457-0011_1995-1826-0025_x4,s3,coarse_to_fine,0,False,0.0,-0.036397454730622586,1.0,0.43247070753360106,margin
61-70968-0020_3575-170457-0011_1995-1826-0025_x4,s4,coarse_to_fine,0,False,0.0,-0.23823505518998533,1.0,0.35493586542645195,margin
61-70968-0020_3575-170457-0011_1995-1826-0025_x4,s1,coarse_to_fine,1,True,0.0,0.5797840321729133,1.0,0.4861932769148025,accepted
61-70968-0020_3575-170457-0011_1995-1826-0025_x4,s2,coarse_to_fine,1,False,0.0001492707478387047,-0.03521931209029133,0.9867964071856288,0.5106385573121275,margin
61-70968-0020_3575-170457-0011_1995-1826-0025_x4,s3,coarse_to_fine,1,False,0.0,-0.10110030647925491,1.0,0.43247070753360106,margin
61-70968-0020_3575-170457-0011_1995-1826-0025_x4,s4,coarse_to_fine,1,False,0.0,-0.4579629821706871,1.0,0.35493586542645195,margin
1995-1826-0021_7021-79740-0011_6930-81414-0002_x4,s1,gated_deflation,0,False,0.0,-0.19733457299405577,1.0,0.6345064159410782,margin
1995-1826-0021_7021-79740-0011_6930-81414-0002_x4,s2,gated_deflation,0,False,0.0,-0.06586800329494202,1.0,0.6717531772361919,margin
1995-1826-0021_7021-79740-0011_6930-81414-0002_x4,s3,gated_deflation,0,False,0.0,0.2659550567977028,1.0,0.9212117342231018,artifact_score
1995-1826-0021_7021-79740-0011_6930-81414-0002_x4,s4,gated_deflation,0,True,0.00011274032426448692,0.5668444761236883,1.0,0.4295626437057729,accepted
1995-1826-0021_7021-79740-0011_6930-81414-0002_x4,s1,coarse_to_fine,0,False,0.0,-0.28204013854995996,1.0,0.30373640895410886,margin
1995-1826-0021_7021-79740-0011_6930-81414-0002_x4,s2,coarse_to_fine,0,False,0.0,-0.30129209799146905,1.0,0.2947114807555596,margin
1995-1826-0021_7021-79740-0011_6930-81414-0002_x4,s3,coarse_to_fine,0,False,0.0,-0.10734788974304815,1.0,0.48043935422347744,margin
1995-1826-0021_7021-79740-0011_6930-81414-0002_x4,s4,coarse_to_fine,0,True,0.00011274032426448692,0.365854241441054,1.0,0.3478510686551172,accepted
1995-1826-0021_7021-79740-0011_6930-81414-0002_x4,s1,coarse_to_fine,1,False,0.0,-0.3769814099330426,1.0,0.30373640895410886,margin
1995-1826-0021_7021-79740-0011_6930-81414-0002_x4,s2,coarse_to_fine,1,False,0.0,-0.50893010077749,1.0,0.2947114807555596,margin
1995-1826-0021_7021-79740-0011_6930-81414-0002_x4,s3,coarse_to_fine,1,False,0.0,-0.3062855656204698,1.0,0.48043935422347744,margin
1995-1826-0021_7021-79740-0011_6930-81414-0002_x4,s4,coarse_to_fine,1,True,0.00011274032426448692,0.5862053156153268,1.0,0.36219737961520143,accepted
8555-284447-0013_5142-33396-0048_2830-3980-0056_x4,s1,gated_deflation,0,False,0.0,-0.09726887366138287,1.0,0.5687258409911345,margin
8555-284447-0013_5142-33396-0048_2830-3980-0056_x4,s2,gated_deflation,0,False,0.0,-0.044318602706772126,1.0,0.8422920859041894,margin
8555-284447-0013_5142-33396-0048_2830-3980-0056_x4,s3,gated_deflation,0,True,0.0,0.22614142495503559,1.0,0.7309955912724161,accepted
8555-284447-0013_5142-33396-0048_2830-3980-0056_x4,s4,gated_deflation,0,True,0.0003280776270946479,0.393445620366436,0.9930814676616916,0.48150959722435266,accepted
8555-284447-0013_5142-33396-0048_2830-3980-0056_x4,s1,coarse_to_fine,0,False,0.0,-0.13725614794228377,1.0,0.39784267303350473,margin
8555-284447-0013_5142-33396-0048_2830-3980-0056_x4,s2,coarse_to_fine,0,False,0.0,-0.08565364541745629,1.0,0.5503647626575817,margin
8555-284447-0013_5142-33396-0048_2830-3980-0056_x4,s3,coarse_to_fine,0,False,0.0,-0.0010810094612773158,1.0,0.4118898060779453,margin
8555-284447-0013_5142-33396-0048_2830-3980-0056_x4,s4,coarse_to_fine,0,True,0.0003280776270946479,0.2761429693461115,1.0,0.30612455017530577,accepted
8555-284447-0013_5142-33396-0048_2830-3980-0056_x4,s1,coarse_to_fine,1,False,0.0,-0.32604359097053004,1.0,0.39784267303350473,margin
8555-284447-0013_5142-33396-0048_2830-3980-0056_x4,s2,coarse_to_fine,1,False,0.0,-0.16947212512354712,1.0,0.5503647626575817,margin
8555-284447-0013_5142-33396-0048_2830-3980-0056_x4,s3,coarse_to_fine,1,False,0.0,-0.25512522253332615,1.0,0.4118898060779453,margin
8555-284447-0013_5142-33396-0048_2830-3980-0056_x4,s4,coarse_to_fine,1,True,0.0003280776270946479,0.6345613787735648,1.0,0.2778113764443172,accepted
4992-41797-0021_5142-33396-0064_5639-40744-0033_x4,s1,gated_deflation,0,False,0.0,0.04517385358237824,0.9930843706777317,0.5266954494449857,margin
4992-41797-0021_5142-33396-0064_5639-40744-0033_x4,s2,gated_deflation,0,True,0.0,0.24559065712363842,1.0,0.8783341784344373,accepted
4992-41797-0021_5142-33396-0064_5639-40744-0033_x4,s3,gated_deflation,0,True,0.00022994433905322337,0.11036017682868465,0.9908022130013832,0.567393090273338,accepted
4992-41797-0021_5142-33396-0064_5639-40744-0033_x4,s4,gated_deflation,0,False,0.0,0.08930160060846926,1.0,0.8748726631975238,margin
4992-41797-0021_5142-33396-0064_5639-40744-0033_x4,s1,coarse_to_fine,0,False,0.0,0.021652877039192775,0.9930843706777317,0.311857543893856,margin
4992-41797-0021_5142-33396-0064_5639-40744-0033_x4,s2,coarse_to_fine,0,True,0.0,0.17736631260430055,1.0,0.5780207557291479,accepted
4992-41797-0021_5142-33396-0064_5639-40744-0033_x4,s3,coarse_to_fine,0,False,0.00022994433905322337,-0.06424788109530977,1.0,0.44656723009715954,margin
4992-41797-0021_5142-33396-0064_5639-40744-0033_x4,s4,coarse_to_fine,0,False,0.0,-0.1993678715840312,1.0,0.5736220730137548,margin
4992-41797-0021_5142-33396-0064_5639-40744-0033_x4,s1,coarse_to_fine,1,False,0.0,-0.009427587320445185,0.9930843706777317,0.311857543893856,margin
4992-41797-0021_5142-33396-0064_5639-40744-0033_x4,s2,coarse_to_fine,1,True,0.0,0.53571211513027,1.0,0.5467221495043985,accepted
4992-41797-0021_5142-33396-0064_5639-40744-0033_x4,s3,coarse_to_fine,1,False,0.00022994433905322337,-0.19766656406943028,1.0,0.44656723009715954,margin
4992-41797-0021_5142-33396-0064_5639-40744-0033_x4,s4,coarse_to_fine,1,False,0.0,-0.5864792980333939,1.0,0.5736220730137548,margin
61-70968-0016_908-157963-0022_1089-134686-0007_x4,s1,gated_deflation,0,True,0.0,0.14106890043435322,1.0,0.8632716868623405,accepted
61-70968-0016_908-157963-0022_1089-134686-0007_x4,s2,gated_deflation,0,False,0.0,0.09665828112890412,0.9711218836565096,0.7905767020558914,margin
61-70968-0016_908-157963-0022_1089-134686-0007_x4,s3,gated_deflation,0,False,0.0,-0.03622513687517093,0.999618320610687,0.8088124581355625,margin
61-70968-0016_908-157963-0022_1089-134686-0007_x4,s4,gated_deflation,0,True,0.0001060777863915923,0.6798079046320407,1.0,0.4895022252268727,accepted
61-70968-0016_908-157963-0022_1089-134686-0007_x4,s1,coarse_to_fine,0,False,0.0,-0.008107768801265125,1.0,0.5108018910977962,margin
61-70968-0016_908-157963-0022_1089-134686-0007_x4,s2,coarse_to_fine,0,False,0.0,0.08055482982619261,1.0,0.35677447120174816,margin
61-70968-0016_908-157963-0022_1089-134686-0007_x4,s3,coarse_to_fine,0,False,0.0,-0.07193082585866911,1.0,0.3737266678130107,margin
61-70968-0016_908-157963-0022_1089-134686-0007_x4,s4,coarse_to_fine,0,True,0.0001060777863915923,0.18522482927371448,1.0,0.3960910675032293,accepted
61-70968-0016_908-157963-0022_1089-134686-0007_x4,s1,coarse_to_fine,1,False,0.0,-0.008107768801265125,1.0,0.5108018910977962,margin
61-70968-0016_908-157963-0022_1089-134686-0007_x4,s2,coarse_to_fine,1,False,0.0,0.08055482982619261,1.0,0.35677447120174816,margin
61-70968-0016_908-157963-0022_1089-134686-0007_x4,s3,coarse_to_fine,1,False,0.0,-0.07193082585866911,1.0,0.3737266678130107,margin
61-70968-0016_908-157963-0022_1089-134686-0007_x4,s4,coarse_to_fine,1,True,0.0001060777863915923,0.5901828811233343,1.0,0.4427283432400705,accepted
8230-279154-0018_1995-1836-0007_6930-76324-0006_x4,s1,gated_deflation,0,True,0.00012776216852790483,0.529748185568808,1.0,0.4781915718499605,accepted
8230-279154-0018_1995-1836-0007_6930-76324-0006_x4,s2,gated_deflation,0,True,0.0,0.12403329189481399,1.0,0.853984581169198,accepted
8230-279154-0018_1995-1836-0007_6930-76324-0006_x4,s3,gated_deflation,0,True,0.0,0.16284896920433867,1.0,0.8620674151737543,accepted
8230-279154-0018_1995-1836-0007_6930-76324-0006_x4,s4,gated_deflation,0,True,0.0,0.1571010543334685,1.0,0.8687774918491191,accepted
8230-279154-0018_1995-1836-0007_6930-76324-0006_x4,s1,coarse_to_fine,0,False,0.00012776216852790483,-0.1321299678766677,1.0,0.39961453431391153,margin
8230-279154-0018_1995-1836-0007_6930-76324-0006_x4,s2,coarse_to_fine,0,False,0.0,-0.2223791516088714,1.0,0.4249143575791486,margin
8230-279154-0018_1995-1836-0007_6930-76324-0006_x4,s3,coarse_to_fine,0,False,0.0,0.099437021899493,1.0,0.5530509785548543,margin
8230-279154-0018_1995-1836-0007_6930-76324-0006_x4,s4,coarse_to_fine,0,False,0.0,-0.11088117872661113,1.0,0.5498323822744201,margin
8230-279154-0018_1995-1836-0007_6930-76324-0006_x4,s1,coarse_to_fine,1,False,0.00012776216852790483,-0.1321299678766677,1.0,0.39961453431391153,margin
8230-279154-0018_1995-1836-0007_6930-76324-0006_x4,s2,coarse_to_fine,1,False,0.0,-0.2223791516088714,1.0,0.4249143575791486,margin
8230-279154-0018_1995-1836-0007_6930-76324-0006_x4,s3,coarse_to_fine,1,False,0.0,0.099437021899493,1.0,0.5530509785548543,margin
8230-279154-0018_1995-1836-0007_6930-76324-0006_x4,s4,coarse_to_fine,1,False,0.0,-0.11088117872661113,1.0,0.5498323822744201,margin
5142-33396-0020_4992-41797-0015_7021-85628-0010_x4,s1,gated_deflation,0,True,0.0,0.22410054450683664,1.0,0.8527353881061782,accepted
5142-33396-0020_4992-41797-0015_7021-85628-0010_x4,s2,gated_deflation,0,True,0.000353317698853903,0.3637664723896638,1.0,0.4936900629524871,accepted
5142-33396-0020_4992-41797-0015_7021-85628-0010_x4,s3,gated_deflation,0,False,0.0,0.05538607743731905,0.9924091233071989,0.5265357501222773,margin
5142-33396-0020_4992-41797-0015_7021-85628-0010_x4,s4,gated_deflation,0,False,0.0,-0.064863603657134,1.0,0.6663177150845502,margin
5142-33396-0020_4992-41797-0015_7021-85628-0010_x4,s1,coarse_to_fine,0,False,0.0,0.08142752855091939,1.0,0.5216398530580768,margin
5142-33396-0020_4992-41797-0015_7021-85628-0010_x4,s2,coarse_to_fine,0,True,0.000353317698853903,0.2749068700625736,1.0,0.32750348688853825,accepted
5142-33396-0020_4992-41797-0015_7021-85628-0010_x4,s3,coarse_to_fine,0,False,0.0,-0.09630923170427413,1.0,0.29957706077259094,margin
5142-33396-0020_4992-41797-0015_7021-85628-0010_x4,s4,coarse_to_fine,0,False,0.0,-0.2691687268935344,1.0,0.27513431104906866,margin
5142-33396-0020_4992-41797-0015_7021-85628-0010_x4,s1,coarse_to_fine,1,False,0.0,-0.05959776777025194,1.0,0.5216398530580768,margin
5142-33396-0020_4992-41797-0015_7021-85628-0010_x4,s2,coarse_to_fine,1,True,0.000353317698853903,0.5724350458561434,1.0,0.31266923080180925,accepted
5142-33396-0020_4992-41797-0015_7021-85628-0010_x4,s3,coarse_to_fine,1,False,0.0,-0.24500740202694732,1.0,0.29957706077259094,margin
5142-33396-0020_4992-41797-0015_7021-85628-0010_x4,s4,coarse_to_fine,1,False,0.0,-0.45412315607783826,1.0,0.27513431104906866,margin
5683-32866-0004_121-121726-0005_5142-33396-0003_x4,s1,gated_deflation,0,True,0.00012194129196570902,0.565643235241007,0.9126518218623482,0.5788137757770098,accepted
5683-32866-0004_121-121726-0005_5142-33396-0003_x4,s2,gated_deflation,0,False,0.0,0.07003801138126242,0.9875,0.893057059378875,margin
5683-32866-0004_121-121726-0005_5142-33396-0003_x4,s3,gated_deflation,0,True,0.0,0.20074298386198985,0.8919534412955465,0.8632962713221546,accepted
5683-32866-0004_121-121726-0005_5142-33396-0003_x4,s4,gated_deflation,0,True,0.0,0.15705861051561254,1.0,0.8607682239259553,accepted
5683-32866-0004_121-121726-0005_5142-33396-0003_x4,s1,coarse_to_fine,0,False,0.00012194129196570902,-0.004775039938897663,0.8889676113360324,0.5162356588969885,margin
5683-32866-0004_121-121726-0005_5142-33396-0003_x4,s2,coarse_to_fine,0,False,0.0,-0.16988008782644287,1.0,0.5161304275806817,margin
5683-32866-0004_121-121726-0005_5142-33396-0003_x4,s3,coarse_to_fine,0,True,0.0,0.21600268277773224,0.8919534412955465,0.5804252351384662,accepted
5683-32866-0004_121-121726-0005_5142-33396-0003_x4,s4,coarse_to_fine,0,False,0.0,-0.09785322815891379,1.0,0.4530803627956794,margin
5683-32866-0004_121-121726-0005_5142-33396-0003_x4,s1,coarse_to_fine,1,False,0.00012194129196570902,-0.25597307255609997,0.8889676113360324,0.5162356588969885,margin
5683-32866-0004_121-121726-0005_5142-33396-0003_x4,s2,coarse_to_fine,1,False,0.0,-0.4016428807919749,1.0,0.5161304275806817,margin
5683-32866-0004_121-121726-0005_5142-33396-0003_x4,s3,coarse_to_fine,1,True,0.0,0.462634802021218,0.8912955465587045,0.575109667142825,accepted
5683-32866-0004_121-121726-0005_5142-33396-0003_x4,s4,coarse_to_fine,1,False,0.0,-0.20091373150115305,1.0,0.4530803627956794,margin
7176-88083-0020_4446-2271-0013_6829-68769-0032_x4,s1,gated_deflation,0,False,0.0,0.007422827313135316,1.0,0.7416611410402736,margin
7176-88083-0020_4446-2271-0013_6829-68769-0032_x4,s2,gated_deflation,0,False,0.0,-0.31521467686472526,1.0,0.8205264390831972,margin
7176-88083-0020_4446-2271-0013_6829-68769-0032_x4,s3,gated_deflation,0,False,0.0,-0.2129660659469585,1.0,0.7758483252646226,margin
7176-88083-0020_4446-2271-0013_6829-68769-0032_x4,s4,gated_deflation,0,True,0.00014219817645613942,0.6192668371857295,1.0,0.46093928602496154,accepted
7176-88083-0020_4446-2271-0013_6829-68769-0032_x4,s1,coarse_to_fine,0,False,0.0,-0.1677343587651352,1.0,0.25292883409887934,margin
7176-88083-0020_4446-2271-0013_6829-68769-0032_x4,s2,coarse_to_fine,0,False,0.0,-0.38157614022633457,1.0,0.390231265879615,margin
7176-88083-0020_4446-2271-0013_6829-68769-0032_x4,s3,coarse_to_fine,0,False,0.0,-0.5669411488812192,1.0,0.4011168573606384,margin
7176-88083-0020_4446-2271-0013_6829-68769-0032_x4,s4,coarse_to_fine,0,True,0.00014219817645613942,0.2084851068296591,1.0,0.35983739573102,accepted
7176-88083-0020_4446-2271-0013_6829-68769-0032_x4,s1,coarse_to_fine,1,False,0.0,-0.43600666320801085,1.0,0.25292883409887934,margin
7176-88083-0020_4446-2271-0013_6829-68769-0032_x4,s2,coarse_to_fine,1,False,0.0,-0.6325221032508183,1.0,0.390231265879615,margin
7176-88083-0020_4446-2271-0013_6829-68769-0032_x4,s3,coarse_to_fine,1,False,0.0,-0.7718511315235272,1.0,0.4011168573606384,margin
7176-88083-0020_4446-2271-0013_6829-68769-0032_x4,s4,coarse_to_fine,1,True,0.00014219817645613942,0.5390783829640783,1.0,0.27996496979787305,accepted
6829-68769-0004_4077-13751-0008_4992-41797-0005_x4,s1,gated_deflation,0,True,0.0,0.2117304324668966,1.0,0.7129712604882713,accepted
6829-68769-0004_4077-13751-0008_4992-41797-0005_x4,s2,gated_deflation,0,True,0.00012604313163201998,0.5259280989396611,1.0,0.5752951737135139,accepted
6829-68769-0004_4077-13751-0008_4992-41797-0005_x4,s3,gated_deflation,0,True,0.0,0.20476028585126557,1.0,0.8241278337673521,accepted
6829-68769-0004_4077-13751-0008_4992-41797-0005_x4,s4,gated_deflation,0,False,0.0,-0.10661261922858317,1.0,0.8172871404986217,margin
6829-68769-0004_4077-13751-0008_4992-41797-0005_x4,s1,coarse_to_fine,0,True,0.0,0.28921199961004845,1.0,0.4573053326890337,accepted
6829-68769-0004_4077-13751-0008_4992-41797-0005_x4,s2,coarse_to_fine,0,True,0.00012604313163201998,0.4309310797119097,1.0,0.541670241497142,accepted
6829-68769-0004_4077-13751-0008_4992-41797-0005_x4,s3,coarse_to_fine,0,False,0.0,0.016847222274628815,1.0,0.4254927514190719,margin
6829-68769-0004_4077-13751-0008_4992-41797-0005_x4,s4,coarse_to_fine,0,False,0.0,-0.061919454809071434,1.0,0.5164052896120476,margin
6829-68769-0004_4077-13751-0008_4992-41797-0005_x4,s1,coarse_to_fine,1,True,0.0,0.5690940820725181,1.0,0.4427957364303114,accepted
6829-68769-0004_4077-13751-0008_4992-41797-0005_x4,s2,coarse_to_fine,1,True,0.00012604313163201998,0.6675302961275934,1.0,0.5242368684708789,accepted
6829-68769-0004_4077-13751-0008_4992-41797-0005_x4,s3,coarse_to_fine,1,False,0.0,-0.07043557152435481,1.0,0.4254927514190719,margin
6829-68769-0004_4077-13751-0008_4992-41797-0005_x4,s4,coarse_to_fine,1,False,0.0,-0.2814934397033979,1.0,0.5164052896120476,margin
6930-81414-0027_7729-102255-0036_7127-75947-0015_x4,s1,gated_deflation,0,True,0.0,0.2914911089982324,1.0,0.8581086844654462,accepted
6930-81414-0027_7729-102255-0036_7127-75947-0015_x4,s2,gated_deflation,0,True,0.00012402457916743277,0.5359295036879507,0.9797053231939163,0.5978382888344745,accepted
6930-81414-0027_7729-102255-0036_7127-75947-0015_x4,s3,gated_deflation,0,False,0.0,-0.1551224093429936,0.9828659695817491,0.6941028090588961,margin
6930-81414-0027_7729-102255-0036_7127-75947-0015_x4,s4,gated_deflation,0,False,0.0,0.08599444490771113,1.0,0.8608404738656581,margin
6930-81414-0027_7729-102255-0036_7127-75947-0015_x4,s1,coarse_to_fine,0,False,0.0,0.038860529300787594,1.0,0.6407098242556225,margin
6930-81414-0027_7729-102255-0036_7127-75947-0015_x4,s2,coarse_to_fine,0,True,0.00012402457916743277,0.39030937993196524,0.9843631178707224,0.43515365410723567,accepted
6930-81414-0027_7729-102255-0036_7127-75947-0015_x4,s3,coarse_to_fine,0,False,0.0,-0.3470649798564832,0.9864781368821293,0.45344617797741693,margin
6930-81414-0027_7729-102255-0036_7127-75947-0015_x4,s4,coarse_to_fine,0,False,0.0,0.04089030141455832,1.0,0.5666440907558753,margin
6930-81414-0027_7729-102255-0036_7127-75947-0015_x4,s1,coarse_to_fine,1,False,0.0,-0.12564643972118766,1.0,0.6407098242556225,margin
6930-81414-0027_7729-102255-0036_7127-75947-0015_x4,s2,coarse_to_fine,1,True,0.00012402457916743277,0.6834396131811631,0.9842918250950571,0.4296799153225819,accepted
6930-81414-0027_7729-102255-0036_7127-75947-0015_x4,s3,coarse_to_fine,1,False,0.0,-0.6126604029826805,0.9864781368821293,0.45344617797741693,margin
6930-81414-0027_7729-102255-0036_7127-75947-0015_x4,s4,coarse_to_fine,1,False,0.0,0.04089030141455832,1.0,0.5666440907558753,margin
4992-23283-0008_8555-284447-0009_4077-13751-0013_x4,s1,gated_deflation,0,True,0.0002718283264094368,0.3374431306242632,1.0,0.6095804303251124,accepted
4992-23283-0008_8555-284447-0009_4077-13751-0013_x4,s2,gated_deflation,0,True,0.0,0.13486149470331243,1.0,0.7520520162301008,accepted
4992-23283-0008_8555-284447-0009_4077-13751-0013_x4,s3,gated_deflation,0,True,0.0,0.1345824576660692,1.0,0.701270123070662,accepted
4992-23283-0008_8555-284447-0009_4077-13751-0013_x4,s4,gated_deflation,0,False,0.0,0.021340662568276658,1.0,0.7406677085349167,margin
4992-23283-0008_8555-284447-0009_4077-13751-0013_x4,s1,coarse_to_fine,0,True,0.0002718283264094368,0.1819022845242318,1.0,0.3200989055920525,accepted
4992-23283-0008_8555-284447-0009_4077-13751-0013_x4,s2,coarse_to_fine,0,False,0.0,-0.2412024419850463,1.0,0.4452797253089684,margin
4992-23283-0008_8555-284447-0009_4077-13751-0013_x4,s3,coarse_to_fine,0,False,0.0,-0.062359694839247415,1.0,0.4334922887781144,margin
4992-23283-0008_8555-284447-0009_4077-13751-0013_x4,s4,coarse_to_fine,0,False,0.0,-0.17442886041318,1.0,0.3779281773938686,margin
4992-23283-0008_8555-284447-0009_4077-13751-0013_x4,s1,coarse_to_fine,1,True,0.0002718283264094368,0.5874142862423177,1.0,0.3356967324461538,accepted
4992-23283-0008_8555-284447-0009_4077-13751-0013_x4,s2,coarse_to_fine,1,False,0.0,-0.46363323525148137,1.0,0.4452797253089684,margin
4992-23283-0008_8555-284447-0009_4077-13751-0013_x4,s3,coarse_to_fine,1,False,0.0,-0.2648169768638062,1.0,0.4334922887781144,margin
4992-23283-0008_8555-284447-0009_4077-13751-0013_x4,s4,coarse_to_fine,1,False,0.0,-0.3122340037512899,1.0,0.3779281773938686,margin
1188-133604-0005_4446-2275-0035_1580-141083-0026_x4,s1,gated_deflation,0,True,0.00013886001327492075,0.43004148507520745,1.0,0.5741921042229615,accepted
1188-133604-0005_4446-2275-0035_1580-141083-0026_x4,s2,gated_deflation,0,True,0.0,0.16701979184927873,1.0,0.8113947173451249,accepted
1188-133604-0005_4446-2275-0035_1580-141083-0026_x4,s3,gated_deflation,0,True,0.0,0.17703482727435332,1.0,0.8330571324217101,accepted
1188-133604-0005_4446-2275-0035_1580-141083-0026_x4,s4,gated_deflation,0,True,0.0,0.2409968826330064,0.9653061224489796,0.6932987650418069,accepted
1188-133604-0005_4446-2275-0035_1580-141083-0026_x4,s1,coarse_to_fine,0,True,0.00013886001327492075,0.2627773792843415,1.0,0.45732890327891884,accepted
1188-133604-0005_4446-2275-0035_1580-141083-0026_x4,s2,coarse_to_fine,0,True,0.0,0.3177960279878749,1.0,0.45890337247190655,accepted
1188-133604-0005_4446-2275-0035_1580-141083-0026_x4,s3,coarse_to_fine,0,False,0.0,0.028344743246371817,1.0,0.626255882795699,margin
1188-133604-0005_4446-2275-0035_1580-141083-0026_x4,s4,coarse_to_fine,0,True,0.0,0.20349512179052426,0.9728826530612245,0.33045151204971474,accepted
1188-133604-0005_4446-2275-0035_1580-141083-0026_x4,s1,coarse_to_fine,1,True,0.00013886001327492075,0.35136855009628143,1.0,0.4111800812305134,accepted
1188-133604-0005_4446-2275-0035_1580-141083-0026_x4,s2,coarse_to_fine,1,True,0.0,0.6190173320610205,1.0,0.44800571746110857,accepted
1188-133604-0005_4446-2275-0035_1580-141083-0026_x4,s3,coarse_to_fine,1,False,0.0,-0.19504660011741676,1.0,0.626255882795699,margin
1188-133604-0005_4446-2275-0035_1580-141083-0026_x4,s4,coarse_to_fine,1,True,0.0,0.4218024772604896,0.970969387755102,0.31480832384283797,accepted
5639-40744-0026_4446-2271-0019_8230-279154-0022_x4,s1,gated_deflation,0,True,0.00013373859970980945,0.4080357780163083,0.9998161764705882,0.46216991853286643,accepted
5639-40744-0026_4446-2271-0019_8230-279154-0022_x4,s2,gated_deflation,0,False,0.0,-0.02030015744202246,1.0,0.8605106697628211,margin
5639-40744-0026_4446-2271-0019_8230-279154-0022_x4,s3,gated_deflation,0,False,0.0,-0.025704218738077877,0.9798253676470589,0.7303520542007135,margin
5639-40744-0026_4446-2271-0019_8230-279154-0022_x4,s4,gated_deflation,0,False,0.0,-0.030653581417138448,1.0,0.8460036083688354,margin
5639-40744-0026_4446-2271-0019_8230-279154-0022_x4,s1,coarse_to_fine,0,True,0.00013373859970980945,0.1130077981427502,1.0,0.33976405075543165,accepted
5639-40744-0026_4446-2271-0019_8230-279154-0022_x4,s2,coarse_to_fine,0,True,0.0,0.1615590018046365,1.0,0.35278247885039515,accepted
5639-40744-0026_4446-2271-0019_8230-279154-0022_x4,s3,coarse_to_fine,0,False,0.0,-0.093412025780379,0.9798253676470589,0.2569837347007738,margin
5639-40744-0026_4446-2271-0019_8230-279154-0022_x4,s4,coarse_to_fine,0,False,0.0,-0.10772766048896053,1.0,0.49850463935601763,margin
5639-40744-0026_4446-2271-0019_8230-279154-0022_x4,s1,coarse_to_fine,1,True,0.00013373859970980945,0.4209219110957615,1.0,0.29838217162957326,accepted
5639-40744-0026_4446-2271-0019_8230-279154-0022_x4,s2,coarse_to_fine,1,True,0.0,0.47712010440458863,1.0,0.3431673610896781,accepted
5639-40744-0026_4446-2271-0019_8230-279154-0022_x4,s3,coarse_to_fine,1,False,0.0,-0.4321673636402291,0.9798253676470589,0.2569837347007738,margin
5639-40744-0026_4446-2271-0019_8230-279154-0022_x4,s4,coarse_to_fine,1,False,0.0,-0.32263504324992465,1.0,0.49850463935601763,margin
5683-32879-0017_7176-92135-0009_4077-13751-0014_x4,s1,gated_deflation,0,False,0.00016004938254663776,-0.06502898766172283,1.0,0.609797875276575,margin
5683-32879-0017_7176-92135-0009_4077-13751-0014_x4,s2,gated_deflation,0,False,0.0,-0.04205181048795581,1.0,0.8455175928061075,margin
5683-32879-0017_7176-92135-0009_4077-13751-0014_x4,s3,gated_deflation,0,True,0.0,0.2997927741826956,1.0,0.636440490674103,accepted
5683-32879-0017_7176-92135-0009_4077-13751-0014_x4,s4,gated_deflation,0,True,0.0,0.2009442741718755,1.0,0.8771318749987211,accepted
5683-32879-0017_7176-92135-0009_4077-13751-0014_x4,s1,coarse_to_fine,0,True,0.00016004938254663776,0.338694050325714,1.0,0.5327223214621818,accepted
5683-32879-0017_7176-92135-0009_4077-13751-0014_x4,s2,coarse_to_fine,0,False,0.0,-0.18308321783086154,1.0,0.39581076361126044,margin
5683-32879-0017_7176-92135-0009_4077-13751-0014_x4,s3,coarse_to_fine,0,True,0.0,0.26535180592911023,1.0,0.5061875490428803,accepted
5683-32879-0017_7176-92135-0009_4077-13751-0014_x4,s4,coarse_to_fine,0,True,0.0,0.3104360084562874,1.0,0.45428087994638894,accepted
5683-32879-0017_7176-92135-0009_4077-13751-0014_x4,s1,coarse_to_fine,1,True,0.00016004938254663776,0.5546642089965848,0.9938092161929372,0.5439436791680177,accepted
5683-32879-0017_7176-92135-0009_4077-13751-0014_x4,s2,coarse_to_fine,1,False,0.0,-0.3487175542612211,1.0,0.39581076361126044,margin
5683-32879-0017_7176-92135-0009_4077-13751-0014_x4,s3,coarse_to_fine,1,True,0.0,0.36195798409217006,1.0,0.49666867234633255,accepted
5683-32879-0017_7176-92135-0009_4077-13751-0014_x4,s4,coarse_to_fine,1,True,0.0,0.4564752998910763,1.0,0.4389857940588218,accepted
237-134500-0014_4077-13754-0006_8455-210777-0034_x4,s1,gated_deflation,0,False,0.0,-0.0375234132771487,1.0,0.8762798803266127,margin
237-134500-0014_4077-13754-0006_8455-210777-0034_x4,s2,gated_deflation,0,True,0.00015275872890564834,0.2182472267829303,0.9987757100881489,0.6009119309568506,accepted
237-134500-0014_4077-13754-0006_8455-210777-0034_x4,s3,gated_deflation,0,False,0.0,0.0805132358010498,1.0,0.7479316296979687,margin
237-134500-0014_4077-13754-0006_8455-210777-0034_x4,s4,gated_deflation,0,False,0.0,-0.030013480403019432,1.0,0.6554674892589294,margin
237-134500-0014_4077-13754-0006_8455-210777-0034_x4,s1,coarse_to_fine,0,False,0.0,-0.13631929786281233,1.0,0.567606879288239,margin
237-134500-0014_4077-13754-0006_8455-210777-0034_x4,s2,coarse_to_fine,0,False,0.00015275872890564834,-0.0058372735716386015,1.0,0.5108307001482896,margin
237-134500-0014_4077-13754-0006_8455-210777-0034_x4,s3,coarse_to_fine,0,False,0.0,-0.14918022471839204,1.0,0.5064203576786762,margin
237-134500-0014_4077-13754-0006_8455-210777-0034_x4,s4,coarse_to_fine,0,False,0.0,-0.05048522393971416,1.0,0.5289526549621572,margin
237-134500-0014_4077-13754-0006_8455-210777-0034_x4,s1,coarse_to_fine,1,False,0.0,-0.13631929786281233,1.0,0.567606879288239,margin
237-134500-0014_4077-13754-0006_8455-210777-0034_x4,s2,coarse_to_fine,1,False,0.00015275872890564834,-0.0058372735716386015,1.0,0.5108307001482896,margin
237-134500-0014_4077-13754-0006_8455-210777-0034_x4,s3,coarse_to_fine,1,False,0.0,-0.14918022471839204,1.0,0.5064203576786762,margin
237-134500-0014_4077-13754-0006_8455-210777-0034_x4,s4,coarse_to_fine,1,False,0.0,-0.05048522393971416,1.0,0.5289526549621572,margin
6930-75918-0005_908-31957-0024_7127-75946-0029_x4,s1,gated_deflation,0,True,0.00014118461281207705,0.39066774317790504,1.0,0.6240375930128577,accepted
6930-75918-0005_908-31957-0024_7127-75946-0029_x4,s2,gated_deflation,0,False,0.0,0.05465382608499836,1.0,0.7506718116653374,margin
6930-75918-0005_908-31957-0024_7127-75946-0029_x4,s3,gated_deflation,0,True,0.0,0.31489483598203893,1.0,0.6778727787817865,accepted
6930-75918-0005_908-31957-0024_7127-75946-0029_x4,s4,gated_deflation,0,True,0.0,0.1790098021242037,1.0,0.8837748300922619,accepted
6930-75918-0005_908-31957-0024_7127-75946-0029_x4,s1,coarse_to_fine,0,True,0.00014118461281207705,0.10406601162955986,1.0,0.5971287054212399,accepted
6930-75918-0005_908-31957-0024_7127-75946-0029_x4,s2,coarse_to_fine,0,False,0.0,-0.17208280491138406,1.0,0.4969762732688144,margin
6930-75918-0005_908-31957-0024_7127-75946-0029_x4,s3,coarse_to_fine,0,True,0.0,0.2842309021051409,1.0,0.44874436217460884,accepted
6930-75918-0005_908-31957-0024_7127-75946-0029_x4,s4,coarse_to_fine,0,False,0.0,-0.23184665714021685,1.0,0.49671374225538784,margin
6930-75918-0005_908-31957-0024_7127-75946-0029_x4,s1,coarse_to_fine,1,False,0.00014118461281207705,-0.007970757417874896,1.0,0.5801120754332381,margin
6930-75918-0005_908-31957-0024_7127-75946-0029_x4,s2,coarse_to_fine,1,False,0.0,-0.386014474989066,1.0,0.4969762732688144,margin
6930-75918-0005_908-31957-0024_7127-75946-0029_x4,s3,coarse_to_fine,1,True,0.0,0.36624682092832384,1.0,0.4429167920136367,accepted
6930-75918-0005_908-31957-0024_7127-75946-0029_x4,s4,coarse_to_fine,1,False,0.0,-0.3863026695821189,1.0,0.49671374225538784,margin
2961-961-0006_260-123286-0031_4077-13754-0013_x4,s1,gated_deflation,0,False,0.0,0.0034236757042589994,1.0,0.8628690974278966,margin
2961-961-0006_260-123286-0031_4077-13754-0013_x4,s2,gated_deflation,0,False,0.0,0.02408118407239679,1.0,0.8302279441473618,margin
2961-961-0006_260-123286-0031_4077-13754-0013_x4,s3,gated_deflation,0,True,0.00013846755718416152,0.504761015744031,1.0,0.596054272476318,accepted
2961-961-0006_260-123286-0031_4077-13754-0013_x4,s4,gated_deflation,0,False,0.0,0.047422845180618345,1.0,0.9112705235490152,margin
2961-961-0006_260-123286-0031_4077-13754-0013_x4,s1,coarse_to_fine,0,False,0.0,-0.2875162320627695,1.0,0.560741646342239,margin
2961-961-0006_260-123286-0031_4077-13754-0013_x4,s2,coarse_to_fine,0,False,0.0,-0.10840253679932682,1.0,0.408117787413448,margin
2961-961-0006_260-123286-0031_4077-13754-0013_x4,s3,coarse_to_fine,0,True,0.00013846755718416152,0.2627734826847362,1.0,0.504058083447167,accepted
2961-961-0006_260-123286-0031_4077-13754-0013_x4,s4,coarse_to_fine,0,True,0.0,0.16085702101259686,1.0,0.5688004494564309,accepted
2961-961-0006_260-123286-0031_4077-13754-0013_x4,s1,coarse_to_fine,1,False,0.0,-0.4599563028073527,1.0,0.560741646342239,margin
2961-961-0006_260-123286-0031_4077-13754-0013_x4,s2,coarse_to_fine,1,False,0.0,-0.30814561716929695,1.0,0.408117787413448,margin
2961-961-0006_260-123286-0031_4077-13754-0013_x4,s3,coarse_to_fine,1,True,0.00013846755718416152,0.471989250669426,1.0,0.514691490905178,accepted
2961-961-0006_260-123286-0031_4077-13754-0013_x4,s4,coarse_to_fine,1,True,0.0,0.4235794897751789,1.0,0.5598799145349076,accepted
5683-32866-0017_4992-23283-0011_6829-68771-0013_x4,s1,gated_deflation,0,True,0.0,0.2540238845270997,1.0,0.7834221692539811,accepted
5683-32866-0017_4992-23283-0011_6829-68771-0013_x4,s2,gated_deflation,0,False,0.0,0.05951114314968331,1.0,0.7864980774191719,margin
5683-32866-0017_4992-23283-0011_6829-68771-0013_x4,s3,gated_deflation,0,True,0.0,0.32729428532018684,0.9603998384491115,0.6688112615851147,accepted
5683-32866-0017_4992-23283-0011_6829-68771-0013_x4,s4,gated_deflation,0,False,0.00020542876685770333,-0.08211265010984498,0.9806138933764136,0.5669894435017784,margin
5683-32866-0017_4992-23283-0011_6829-68771-0013_x4,s1,coarse_to_fine,0,False,0.0,-0.16000464934088524,1.0,0.3501955360824511,margin
5683-32866-0017_4992-23283-0011_6829-68771-0013_x4,s2,coarse_to_fine,0,False,0.0,-0.25900792750872814,1.0,0.3231790323868112,margin
5683-32866-0017_4992-23283-0011_6829-68771-0013_x4,s3,coarse_to_fine,0,True,0.0,0.31145881965718475,0.9851171243941842,0.38066363871274495,accepted
5683-32866-0017_4992-23283-0011_6829-68771-0013_x4,s4,coarse_to_fine,0,False,0.00020542876685770333,-0.3400550894870487,0.9861873990306946,0.46907086641526335,margin
5683-32866-0017_4992-23283-0011_6829-68771-0013_x4,s1,coarse_to_fine,1,False,0.0,-0.3275281692439753,1.0,0.3501955360824511,margin
5683-32866-0017_4992-23283-0011_6829-68771-0013_x4,s2,coarse_to_fine,1,False,0.0,-0.3993678914434081,1.0,0.3231790323868112,margin
5683-32866-0017_4992-23283-0011_6829-68771-0013_x4,s3,coarse_to_fine,1,True,0.0,0.5483457039474458,0.9856421647819062,0.38804370450534703,accepted
5683-32866-0017_4992-23283-0011_6829-68771-0013_x4,s4,coarse_to_fine,1,False,0.00020542876685770333,-0.5474756978747941,0.9861873990306946,0.46907086641526335,margin
1188-133604-0034_2830-3980-0019_260-123286-0013_x4,s1,gated_deflation,0,True,0.00011597765694985517,0.3510613859327284,1.0,0.38735201752609993,accepted
1188-133604-0034_2830-3980-0019_260-123286-0013_x4,s2,gated_deflation,0,False,0.0,-0.05000920762911165,1.0,0.8288795703232658,margin
1188-133604-0034_2830-3980-0019_260-123286-0013_x4,s3,gated_deflation,0,False,0.0,-0.12844352286908722,1.0,0.8638800517520959,margin
1188-133604-0034_2830-3980-0019_260-123286-0013_x4,s4,gated_deflation,0,False,0.0,0.0940396033956733,1.0,0.877766059476359,margin
1188-133604-0034_2830-3980-0019_260-123286-0013_x4,s1,coarse_to_fine,0,True,0.00011597765694985517,0.17675833523504486,1.0,0.31470375414901414,accepted
1188-133604-0034_2830-3980-0019_260-123286-0013_x4,s2,coarse_to_fine,0,False,0.0,-0.10603244717134774,1.0,0.4535845767256882,margin
1188-133604-0034_2830-3980-0019_260-123286-0013_x4,s3,coarse_to_fine,0,False,0.0,-0.29495357213551343,1.0,0.2898849837542704,margin
1188-133604-0034_2830-3980-0019_260-123286-0013_x4,s4,coarse_to_fine,0,False,0.0,-0.08230812381997332,1.0,0.46096159794133673,margin
1188-133604-0034_2830-3980-0019_260-123286-0013_x4,s1,coarse_to_fine,1,True,0.00011597765694985517,0.4194140060229237,1.0,0.3240774769019595,accepted
1188-133604-0034_2830-3980-0019_260-123286-0013_x4,s2,coarse_to_fine,1,False,0.0,-0.2982498278127934,1.0,0.4535845767256882,margin
1188-133604-0034_2830-3980-0019_260-123286-0013_x4,s3,coarse_to_fine,1,False,0.0,-0.49784033258817484,1.0,0.2898849837542704,margin
1188-133604-0034_2830-3980-0019_260-123286-0013_x4,s4,coarse_to_fine,1,False,0.0,-0.2837657243715605,1.0,0.46096159794133673,margin
1284-1181-0014_7729-102255-0011_908-31957-0003_x4,s1,gated_deflation,0,False,0.0,-0.15649395764414414,0.9746206647398844,0.8068679764798076,margin
1284-1181-0014_7729-102255-0011_908-31957-0003_x4,s2,gated_deflation,0,True,9.45424610252196e-05,0.4928387548953423,0.9478504335260116,0.3841279097329236,accepted
1284-1181-0014_7729-102255-0011_908-31957-0003_x4,s3,gated_deflation,0,False,0.0,-0.03279864203119953,0.9996406109613657,0.8116799001659805,margin
1284-1181-0014_7729-102255-0011_908-31957-0003_x4,s4,gated_deflation,0,False,0.0,0.0018721456234183087,1.0,0.890766535734611,margin
1284-1181-0014_7729-102255-0011_908-31957-0003_x4,s1,coarse_to_fine,0,False,0.0,-0.14803151270747855,0.9675578034682081,0.43106293214565383,margin
1284-1181-0014_7729-102255-0011_908-31957-0003_x4,s2,coarse_to_fine,0,True,9.45424610252196e-05,0.23362543991771517,0.9411669075144509,0.28016510466091726,accepted
1284-1181-0014_7729-102255-0011_908-31957-0003_x4,s3,coarse_to_fine,0,False,0.0,-0.04569708317765475,1.0,0.33403937927753624,margin
1284-1181-0014_7729-102255-0011_908-31957-0003_x4,s4,coarse_to_fine,0,False,0.0,0.0635430782126043,1.0,0.3791650894062733,margin
1284-1181-0014_7729-102255-0011_908-31957-0003_x4,s1,coarse_to_fine,1,False,0.0,-0.2992674291889326,0.9675578034682081,0.43106293214565383,margin
1284-1181-0014_7729-102255-0011_908-31957-0003_x4,s2,coarse_to_fine,1,True,9.45424610252196e-05,0.4829341660328861,0.9378973988439306,0.29837838460229427,accepted
1284-1181-0014_7729-102255-0011_908-31957-0003_x4,s3,coarse_to_fine,1,False,0.0,-0.23773206109191053,1.0,0.33403937927753624,margin
1284-1181-0014_7729-102255-0011_908-31957-0003_x4,s4,coarse_to_fine,1,False,0.0,-0.11302583208895295,1.0,0.3791650894062733,margin
1188-133604-0013_1320-122612-0009_3570-5695-0000_x4,s1,gated_deflation,0,False,0.0,0.018839763828135014,1.0,0.74385057757355,margin
1188-133604-0013_1320-122612-0009_3570-5695-0000_x4,s2,gated_deflation,0,True,0.0,0.2043892490087879,1.0,0.704142214743236,accepted
1188-133604-0013_1320-122612-0009_3570-5695-0000_x4,s3,gated_deflation,0,False,0.0,0.013048069451914612,0.9985966057441253,0.6817809476910291,margin
1188-133604-0013_1320-122612-0009_3570-5695-0000_x4,s4,gated_deflation,0,True,0.00025238758409306614,0.2001349116167681,0.9329960835509138,0.5771353512844978,accepted
1188-133604-0013_1320-122612-0009_3570-5695-0000_x4,s1,coarse_to_fine,0,False,0.0,0.06283107680264316,1.0,0.23718836852557154,margin
1188-133604-0013_1320-122612-0009_3570-5695-0000_x4,s2,coarse_to_fine,0,False,0.0,0.014937149531880523,1.0,0.3493709598563164,margin
1188-133604-0013_1320-122612-0009_3570-5695-0000_x4,s3,coarse_to_fine,0,False,0.0,0.012328459324994934,1.0,0.43356759728118194,margin
1188-133604-0013_1320-122612-0009_3570-5695-0000_x4,s4,coarse_to_fine,0,False,0.00025238758409306614,0.012709285923212577,1.0,0.3353913824130689,margin
1188-133604-0013_1320-122612-0009_3570-5695-0000_x4,s1,coarse_to_fine,1,False,0.0,0.06283107680264316,1.0,0.23718836852557154,margin
1188-133604-0013_1320-122612-0009_3570-5695-0000_x4,s2,coarse_to_fine,1,False,0.0,0.014937149531880523,1.0,0.3493709598563164,margin
1188-133604-0013_1320-122612-0009_3570-5695-0000_x4,s3,coarse_to_fine,1,False,0.0,0.012328459324994934,1.0,0.43356759728118194,margin
1188-133604-0013_1320-122612-0009_3570-5695-0000_x4,s4,coarse_to_fine,1,False,0.00025238758409306614,0.012709285923212577,1.0,0.3353913824130689,margin
4077-13754-0011_5639-40744-0015_3575-170457-0033_x4,s1,gated_deflation,0,True,0.00013261762459420139,0.36079630941846036,1.0,0.6288600572259616,accepted
4077-13754-0011_5639-40744-0015_3575-170457-0033_x4,s2,gated_deflation,0,False,0.0,0.023126185150543155,1.0,0.6773793861788053,margin
4077-13754-0011_5639-40744-0015_3575-170457-0033_x4,s3,gated_deflation,0,False,0.0,-0.08615156732581422,0.9917333333333334,0.7058514373564048,margin
4077-13754-0011_5639-40744-0015_3575-170457-0033_x4,s4,gated_deflation,0,False,0.0,0.05240715176028088,1.0,0.8253922563421527,margin
4077-13754-0011_5639-40744-0015_3575-170457-0033_x4,s1,coarse_to_fine,0,True,0.00013261762459420139,0.12885718718090045,1.0,0.5563299313765757,accepted
4077-13754-0011_5639-40744-0015_3575-170457-0033_x4,s2,coarse_to_fine,0,False,0.0,-0.11230347337946106,1.0,0.4960445887822208,margin
4077-13754-0011_5639-40744-0015_3575-170457-0033_x4,s3,coarse_to_fine,0,False,0.0,-0.10857267229573858,0.9917333333333334,0.40863785654595386,margin
4077-13754-0011_5639-40744-0015_3575-170457-0033_x4,s4,coarse_to_fine,0,False,0.0,-0.0880522867683593,1.0,0.5096961549627309,margin
4077-13754-0011_5639-40744-0015_3575-170457-0033_x4,s1,coarse_to_fine,1,True,0.00013261762459420139,0.40548389214373354,1.0,0.5442254129777125,accepted
4077-13754-0011_5639-40744-0015_3575-170457-0033_x4,s2,coarse_to_fine,1,False,0.0,-0.3916114291320996,1.0,0.4960445887822208,margin
4077-13754-0011_5639-40744-0015_3575-170457-0033_x4,s3,coarse_to_fine,1,False,0.0,-0.10857267229573858,0.9917333333333334,0.40863785654595386,margin
4077-13754-0011_5639-40744-0015_3575-170457-0033_x4,s4,coarse_to_fine,1,False,0.0,-0.26892413057907,1.0,0.5096961549627309,margin
7176-88083-0024_6930-76324-0003_2300-131720-0022_x4,s1,gated_deflation,0,True,0.0,0.31753477828990684,0.9895239749826268,0.6703675376433275,accepted
7176-88083-0024_6930-76324-0003_2300-131720-0022_x4,s2,gated_deflation,0,False,0.0,0.07707643708499318,1.0,0.90521409756679,margin
7176-88083-0024_6930-76324-0003_2300-131720-0022_x4,s3,gated_deflation,0,True,0.00011988085848901219,0.47810609932533527,0.982505211952745,0.39323946969982315,accepted
7176-88083-0024_6930-76324-0003_2300-131720-0022_x4,s4,gated_deflation,0,False,0.0,-0.1192821520935759,1.0,0.878059545232491,margin
7176-88083-0024_6930-76324-0003_2300-131720-0022_x4,s1,coarse_to_fine,0,True,0.0,0.24610342173951505,0.9895239749826268,0.3270787710147505,accepted
7176-88083-0024_6930-76324-0003_2300-131720-0022_x4,s2,coarse_to_fine,0,False,0.0,-0.23670044629882833,1.0,0.5842467661492705,margin
7176-88083-0024_6930-76324-0003_2300-131720-0022_x4,s3,coarse_to_fine,0,False,0.00011988085848901219,-0.1913464094254781,0.9905316191799861,0.2507392663272233,margin
7176-88083-0024_6930-76324-0003_2300-131720-0022_x4,s4,coarse_to_fine,0,False,0.0,-0.06091929928928752,1.0,0.5991473044626408,margin
7176-88083-0024_6930-76324-0003_2300-131720-0022_x4,s1,coarse_to_fine,1,True,0.0,0.4834651128405978,0.9893676164002779,0.3289470166136372,accepted
7176-88083-0024_6930-76324-0003_2300-131720-0022_x4,s2,coarse_to_fine,1,False,0.0,-0.3241699569553188,1.0,0.5842467661492705,margin
7176-88083-0024_6930-76324-0003_2300-131720-0022_x4,s3,coarse_to_fine,1,False,0.00011988085848901219,-0.3768343635211495,0.9905316191799861,0.2507392663272233,margin
7176-88083-0024_6930-76324-0003_2300-131720-0022_x4,s4,coarse_to_fine,1,False,0.0,-0.1345691171782193,1.0,0.5991473044626408,margin
8463-294825-0013_1284-1180-0020_672-122797-0000_x4,s1,gated_deflation,0,True,0.00012138116088708003,0.5990217262210494,0.9893716577540107,0.623076322076375,accepted
8463-294825-0013_1284-1180-0020_672-122797-0000_x4,s2,gated_deflation,0,True,0.0,0.18940794962960728,1.0,0.8369728950014753,accepted
8463-294825-0013_1284-1180-0020_672-122797-0000_x4,s3,gated_deflation,0,False,0.0,-0.06012011421312449,1.0,0.909487660019081,margin
8463-294825-0013_1284-1180-0020_672-122797-0000_x4,s4,gated_deflation,0,True,0.0,0.14662554016656892,0.9899286987522281,0.8490607585170041,accepted
8463-294825-0013_1284-1180-0020_672-122797-0000_x4,s1,coarse_to_fine,0,True,0.00012138116088708003,0.3665037900339342,1.0,0.6101324453775079,accepted
8463-294825-0013_1284-1180-0020_672-122797-0000_x4,s2,coarse_to_fine,0,False,0.0,0.04201913990799877,1.0,0.45978432752174603,margin
8463-294825-0013_1284-1180-0020_672-122797-0000_x4,s3,coarse_to_fine,0,False,0.0,-0.04669324486257176,1.0,0.5582709368560335,margin
8463-294825-0013_1284-1180-0020_672-122797-0000_x4,s4,coarse_to_fine,0,False,0.0,-0.29867391648149705,1.0,0.5604526513882326,margin
8463-294825-0013_1284-1180-0020_672-122797-0000_x4,s1,coarse_to_fine,1,True,0.00012138116088708003,0.6007336291297913,1.0,0.5811458686677388,accepted
8463-294825-0013_1284-1180-0020_672-122797-0000_x4,s2,coarse_to_fine,1,False,0.0,-0.18941512510691477,1.0,0.45978432752174603,margin
8463-294825-0013_1284-1180-0020_672-122797-0000_x4,s3,coarse_to_fine,1,False,0.0,-0.04669324486257176,1.0,0.5582709368560335,margin
8463-294825-0013_1284-1180-0020_672-122797-0000_x4,s4,coarse_to_fine,1,False,0.0,-0.405156376159185,1.0,0.5604526513882326,margin
1320-122617-0000_237-134500-0026_1580-141084-0026_x4,s1,gated_deflation,0,True,0.0,0.19230537046172125,1.0,0.6127595013769045,accepted
1320-122617-0000_237-134500-0026_1580-141084-0026_x4,s2,gated_deflation,0,True,0.0,0.2523263556220151,1.0,0.8875982016373133,accepted
1320-122617-0000_237-134500-0026_1580-141084-0026_x4,s3,gated_deflation,0,False,0.0,0.042583927964109425,0.9891784820683903,0.7777203794079608,margin
1320-122617-0000_237-134500-0026_1580-141084-0026_x4,s4,gated_deflation,0,False,0.00012412627059651,0.015551904496653224,0.9754023408924652,0.5036514214304738,margin
1320-122617-0000_237-134500-0026_1580-141084-0026_x4,s1,coarse_to_fine,0,False,0.0,0.09372804462225132,1.0,0.3712626821725565,margin
1320-122617-0000_237-134500-0026_1580-141084-0026_x4,s2,coarse_to_fine,0,False,0.0,-0.14967400919953755,1.0,0.566271632828869,margin
1320-122617-0000_237-134500-0026_1580-141084-0026_x4,s3,coarse_to_fine,0,True,0.0,0.12789581967438923,1.0,0.5924944330872227,accepted
1320-122617-0000_237-134500-0026_1580-141084-0026_x4,s4,coarse_to_fine,0,False,0.00012412627059651,-0.07838805500432994,1.0,0.40094944044575104,margin
1320-122617-0000_237-134500-0026_1580-141084-0026_x4,s1,coarse_to_fine,1,False,0.0,0.09372804462225132,1.0,0.3712626821725565,margin
1320-122617-0000_237-134500-0026_1580-141084-0026_x4,s2,coarse_to_fine,1,False,0.0,-0.3163488737880736,1.0,0.566271632828869,margin
1320-122617-0000_237-134500-0026_1580-141084-0026_x4,s3,coarse_to_fine,1,True,0.0,0.3987465575656337,1.0,0.5968508305783957,accepted
1320-122617-0000_237-134500-0026_1580-141084-0026_x4,s4,coarse_to_fine,1,False,0.00012412627059651,-0.07838805500432994,1.0,0.40094944044575104,margin
1580-141084-0031_1089-134691-0017_3575-170457-0017_x4,s1,gated_deflation,0,True,0.0,0.19079140658026267,1.0,0.8313538297252044,accepted
1580-141084-0031_1089-134691-0017_3575-170457-0017_x4,s2,gated_deflation,0,True,0.0,0.23102136619455743,0.9749064983637213,0.6099426523690306,accepted
1580-141084-0031_1089-134691-0017_3575-170457-0017_x4,s3,gated_deflation,0,True,0.0001817610739505049,0.1811320757678097,0.9751051893408135,0.5722279755335109,accepted
1580-141084-0031_1089-134691-0017_3575-170457-0017_x4,s4,gated_deflation,0,False,0.0,0.07246518014200781,1.0,0.8479684404063784,margin
1580-141084-0031_1089-134691-0017_3575-170457-0017_x4,s1,coarse_to_fine,0,False,0.0,0.02380867410349402,1.0,0.6057903705728054,margin
1580-141084-0031_1089-134691-0017_3575-170457-0017_x4,s2,coarse_to_fine,0,True,0.0,0.16115823644675997,0.9777816736792894,0.4657777891792207,accepted
1580-141084-0031_1089-134691-0017_3575-170457-0017_x4,s3,coarse_to_fine,0,True,0.0001817610739505049,0.3592006364726946,0.9771622253389435,0.4780106216213948,accepted
1580-141084-0031_1089-134691-0017_3575-170457-0017_x4,s4,coarse_to_fine,0,False,0.0,-0.3336079726205249,1.0,0.5380417643864317,margin
1580-141084-0031_1089-134691-0017_3575-170457-0017_x4,s1,coarse_to_fine,1,False,0.0,-0.16869861292889954,1.0,0.6057903705728054,margin
1580-141084-0031_1089-134691-0017_3575-170457-0017_x4,s2,coarse_to_fine,1,True,0.0,0.4571957298125491,0.9775829827021972,0.47276663170195016,accepted
1580-141084-0031_1089-134691-0017_3575-170457-0017_x4,s3,coarse_to_fine,1,True,0.0001817610739505049,0.5745274882450866,0.9780271154745208,0.44694945195844826,accepted
1580-141084-0031_1089-134691-0017_3575-170457-0017_x4,s4,coarse_to_fine,1,False,0.0,-0.5085751711811729,1.0,0.5380417643864317,margin
4992-41797-0010_2300-131720-0005_6829-68771-0014_x4,s1,gated_deflation,0,False,0.0,-0.06303492550973594,1.0,0.5951556235298056,margin
4992-41797-0010_2300-131720-0005_6829-68771-0014_x4,s2,gated_deflation,0,False,0.0,-0.11083445111581869,1.0,0.5797022357735084,margin
4992-41797-0010_2300-131720-0005_6829-68771-0014_x4,s3,gated_deflation,0,False,0.0,0.017401978573974408,1.0,0.7098151335072777,margin
4992-41797-0010_2300-131720-0005_6829-68771-0014_x4,s4,gated_deflation,0,False,0.00022940383036354202,-0.015416421876134012,0.9764406779661017,0.5462055003330488,margin
4992-41797-0010_2300-131720-0005_6829-68771-0014_x4,s1,coarse_to_fine,0,False,0.0,0.018013999795397584,1.0,0.36680428486764444,margin
4992-41797-0010_2300-131720-0005_6829-68771-0014_x4,s2,coarse_to_fine,0,False,0.0,-0.3056933475546024,1.0,0.3395493163854894,margin
4992-41797-0010_2300-131720-0005_6829-68771-0014_x4,s3,coarse_to_fine,0,False,0.0,-0.014009001971686919,1.0,0.3174649018330411,margin
4992-41797-0010_2300-131720-0005_6829-68771-0014_x4,s4,coarse_to_fine,0,False,0.00022940383036354202,-0.03968443062728444,0.9764406779661017,0.32180842596499887,margin
4992-41797-0010_2300-131720-0005_6829-68771-0014_x4,s1,coarse_to_fine,1,False,0.0,0.018013999795397584,1.0,0.36680428486764444,margin
4992-41797-0010_2300-131720-0005_6829-68771-0014_x4,s2,coarse_to_fine,1,False,0.0,-0.3056933475546024,1.0,0.3395493163854894,margin
4992-41797-0010_2300-131720-0005_6829-68771-0014_x4,s3,coarse_to_fine,1,False,0.0,-0.014009001971686919,1.0,0.3174649018330411,margin
4992-41797-0010_2300-131720-0005_6829-68771-0014_x4,s4,coarse_to_fine,1,False,0.00022940383036354202,-0.03968443062728444,0.9764406779661017,0.32180842596499887,margin
8455-210777-0035_7729-102255-0037_5142-33396-0036_x4,s1,gated_deflation,0,False,0.0,-0.22583690935320228,1.0,0.7684194329117261,margin
8455-210777-0035_7729-102255-0037_5142-33396-0036_x4,s2,gated_deflation,0,True,8.832424491901008e-05,0.6829494405132442,0.9850250626566416,0.48770452825131533,accepted
8455-210777-0035_7729-102255-0037_5142-33396-0036_x4,s3,gated_deflation,0,True,0.0,0.2474854431257571,1.0,0.8488548564614518,accepted
8455-210777-0035_7729-102255-0037_5142-33396-0036_x4,s4,gated_deflation,0,False,0.0,-0.11656130414931454,1.0,0.8380834949549205,margin
8455-210777-0035_7729-102255-0037_5142-33396-0036_x4,s1,coarse_to_fine,0,False,0.0,-0.42106450478801816,1.0,0.3511917690188728,margin
8455-210777-0035_7729-102255-0037_5142-33396-0036_x4,s2,coarse_to_fine,0,True,8.832424491901008e-05,0.4828651635661475,1.0,0.2984947855678611,accepted
8455-210777-0035_7729-102255-0037_5142-33396-0036_x4,s3,coarse_to_fine,0,True,0.0,0.12658851442134603,1.0,0.5632851038106326,accepted
8455-210777-0035_7729-102255-0037_5142-33396-0036_x4,s4,coarse_to_fine,0,False,0.0,-0.08498487261587817,1.0,0.3919594476259626,margin
8455-210777-0035_7729-102255-0037_5142-33396-0036_x4,s1,coarse_to_fine,1,False,0.0,-0.6622370856987239,1.0,0.3511917690188728,margin
8455-210777-0035_7729-102255-0037_5142-33396-0036_x4,s2,coarse_to_fine,1,True,8.832424491901008e-05,0.6581818934723032,1.0,0.3171402296212286,accepted
8455-210777-0035_7729-102255-0037_5142-33396-0036_x4,s3,coarse_to_fine,1,True,0.0,0.467090886539324,1.0,0.605127475960459,accepted
8455-210777-0035_7729-102255-0037_5142-33396-0036_x4,s4,coarse_to_fine,1,False,0.0,-0.179745245918689,1.0,0.3919594476259626,margin
237-126133-0005_2830-3980-0004_1089-134686-0000_x4,s1,gated_deflation,0,True,0.0,0.15803796784008367,0.998888384754991,0.8624786653278933,accepted
237-126133-0005_2830-3980-0004_1089-134686-0000_x4,s2,gated_deflation,0,False,0.0,0.08556415717071647,1.0,0.896542868871007,margin
237-126133-0005_2830-3980-0004_1089-134686-0000_x4,s3,gated_deflation,0,False,0.0,-0.07905197792207497,0.9873873873873874,0.7178257934652423,margin
237-126133-0005_2830-3980-0004_1089-134686-0000_x4,s4,gated_deflation,0,True,0.00016047027502967068,0.3308656376725687,1.0,0.482147668000227,accepted
237-126133-0005_2830-3980-0004_1089-134686-0000_x4,s1,coarse_to_fine,0,True,0.0,0.1941250600273762,1.0,0.6291453409146084,accepted
237-126133-0005_2830-3980-0004_1089-134686-0000_x4,s2,coarse_to_fine,0,False,0.0,-0.27011540289125,1.0,0.4639520339459196,margin
237-126133-0005_2830-3980-0004_1089-134686-0000_x4,s3,coarse_to_fine,0,False,0.0,0.028180144828110987,1.0,0.46860832462281055,margin
237-126133-0005_2830-3980-0004_1089-134686-0000_x4,s4,coarse_to_fine,0,True,0.00016047027502967068,0.10918683859630263,1.0,0.3515627856866595,accepted
237-126133-0005_2830-3980-0004_1089-134686-0000_x4,s1,coarse_to_fine,1,True,0.0,0.4602168493334348,1.0,0.6189437848090839,accepted
237-126133-0005_2830-3980-0004_1089-134686-0000_x4,s2,coarse_to_fine,1,False,0.0,-0.43098040401319804,1.0,0.4639520339459196,margin
237-126133-0005_2830-3980-0004_1089-134686-0000_x4,s3,coarse_to_fine,1,False,0.0,-0.22951545032805631,1.0,0.46860832462281055,margin
237-126133-0005_2830-3980-0004_1089-134686-0000_x4,s4,coarse_to_fine,1,True,0.00016047027502967068,0.28863259192998214,1.0,0.35709439746824734,accepted
4077-13754-0005_8455-210777-0050_6829-68769-0018_x4,s1,gated_deflation,0,True,7.862211890048095e-05,0.6348954305200873,1.0,0.6068939484405367,accepted
4077-13754-0005_8455-210777-0050_6829-68769-0018_x4,s2,gated_deflation,0,False,0.0,0.010710972260814022,1.0,0.8957406384686731,margin
4077-13754-0005_8455-210777-0050_6829-68769-0018_x4,s3,gated_deflation,0,False,0.0,-0.06240945297815309,1.0,0.8419127563357683,margin
4077-13754-0005_8455-210777-0050_6829-68769-0018_x4,s4,gated_deflation,0,False,0.0,0.09539059255726012,1.0,0.8650736141770259,margin
4077-13754-0005_8455-210777-0050_6829-68769-0018_x4,s1,coarse_to_fine,0,True,7.862211890048095e-05,0.3748823399853628,1.0,0.5981917194987167,accepted
4077-13754-0005_8455-210777-0050_6829-68769-0018_x4,s2,coarse_to_fine,0,False,0.0,-0.22745145157005714,1.0,0.4836610282637486,margin
4077-13754-0005_8455-210777-0050_6829-68769-0018_x4,s3,coarse_to_fine,0,False,0.0,-0.22164009731613415,1.0,0.5418348474486211,margin
4077-13754-0005_8455-210777-0050_6829-68769-0018_x4,s4,coarse_to_fine,0,True,0.0,0.10901444503215568,1.0,0.6150888227502156,accepted
4077-13754-0005_8455-210777-0050_6829-68769-0018_x4,s1,coarse_to_fine,1,True,7.862211890048095e-05,0.5806306110606281,1.0,0.6148138774191453,accepted
4077-13754-0005_8455-210777-0050_6829-68769-0018_x4,s2,coarse_to_fine,1,False,0.0,-0.4136115824317791,1.0,0.4836610282637486,margin
4077-13754-0005_8455-210777-0050_6829-68769-0018_x4,s3,coarse_to_fine,1,False,0.0,-0.5008660000872327,1.0,0.5418348474486211,margin
4077-13754-0005_8455-210777-0050_6829-68769-0018_x4,s4,coarse_to_fine,1,True,0.0,0.20871479398497556,1.0,0.621971125593317,accepted
2094-142345-0056_7729-102255-0045_7176-92135-0040_x4,s1,gated_deflation,0,False,0.0,-0.005572130121628827,1.0,0.8314204958305277,margin
2094-142345-0056_7729-102255-0045_7176-92135-0040_x4,s2,gated_deflation,0,False,0.0,0.03065887412797652,1.0,0.6421776252606604,margin
2094-142345-0056_7729-102255-0045_7176-92135-0040_x4,s3,gated_deflation,0,True,9.297950776669787e-05,0.451892481849177,1.0,0.4911789832931605,accepted
2094-142345-0056_7729-102255-0045_7176-92135-0040_x4,s4,gated_deflation,0,True,0.0,0.2462332055942169,1.0,0.8664720602254172,accepted
2094-142345-0056_7729-102255-0045_7176-92135-0040_x4,s1,coarse_to_fine,0,False,0.0,-0.21047252030854874,1.0,0.4513923536752125,margin
2094-142345-0056_7729-102255-0045_7176-92135-0040_x4,s2,coarse_to_fine,0,False,0.0,-0.1290848399125895,1.0,0.2959246766107832,margin
2094-142345-0056_7729-102255-0045_7176-92135-0040_x4,s3,coarse_to_fine,0,True,9.297950776669787e-05,0.27395684344166693,1.0,0.290123684815199,accepted
2094-142345-0056_7729-102255-0045_7176-92135-0040_x4,s4,coarse_to_fine,0,False,0.0,0.04849912444372645,1.0,0.6097516024970427,margin
2094-142345-0056_7729-102255-0045_7176-92135-0040_x4,s1,coarse_to_fine,1,False,0.0,-0.3263432657021466,1.0,0.4513923536752125,margin
2094-142345-0056_7729-102255-0045_7176-92135-0040_x4,s2,coarse_to_fine,1,False,0.0,-0.3894201916735443,1.0,0.2959246766107832,margin
2094-142345-0056_7729-102255-0045_7176-92135-0040_x4,s3,coarse_to_fine,1,True,9.297950776669787e-05,0.5304881202331817,1.0,0.2655243924461037,accepted
2094-142345-0056_7729-102255-0045_7176-92135-0040_x4,s4,coarse_to_fine,1,False,0.0,-0.001811136900268795,1.0,0.6097516024970427,margin
3575-170457-0006_1995-1836-0000_3570-5695-0013_x4,s1,gated_deflation,0,True,0.0,0.3170984461317966,1.0,0.5988582319039367,accepted
3575-170457-0006_1995-1836-0000_3570-5695-0013_x4,s2,gated_deflation,0,False,0.0003112034361162575,0.060596919209991496,0.9504623287671233,0.48278660663536344,margin
3575-170457-0006_1995-1836-0000_3570-5695-0013_x4,s3,gated_deflation,0,True,0.0,0.24450510285137736,1.0,0.7297403708074476,accepted
3575-170457-0006_1995-1836-0000_3570-5695-0013_x4,s4,gated_deflation,0,True,0.0,0.28592371833950836,1.0,0.8359191668336218,accepted
3575-170457-0006_1995-1836-0000_3570-5695-0013_x4,s1,coarse_to_fine,0,True,0.0,0.20247138704272222,1.0,0.41814505082387615,accepted
3575-170457-0006_1995-1836-0000_3570-5695-0013_x4,s2,coarse_to_fine,0,False,0.0003112034361162575,0.05442559066721542,0.9899315068493151,0.2508311536842714,margin
3575-170457-0006_1995-1836-0000_3570-5695-0013_x4,s3,coarse_to_fine,0,False,0.0,-0.02598467932554216,1.0,0.22449871107802752,margin
3575-170457-0006_1995-1836-0000_3570-5695-0013_x4,s4,coarse_to_fine,0,False,0.0,-0.12592125162129658,1.0,0.4148044658945937,margin
3575-170457-0006_1995-1836-0000_3570-5695-0013_x4,s1,coarse_to_fine,1,True,0.0,0.5505130415678441,1.0,0.4036084078871358,accepted
3575-170457-0006_1995-1836-0000_3570-5695-0013_x4,s2,coarse_to_fine,1,False,0.0003112034361162575,-0.22904454717385997,0.9899315068493151,0.2508311536842714,margin
3575-170457-0006_1995-1836-0000_3570-5695-0013_x4,s3,coarse_to_fine,1,False,0.0,-0.2336396401546143,1.0,0.22449871107802752,margin
3575-170457-0006_1995-1836-0000_3570-5695-0013_x4,s4,coarse_to_fine,1,False,0.0,-0.2618419919477445,1.0,0.4148044658945937,margin
2961-961-0007_237-134493-0013_2830-3980-0011_x4,s1,gated_deflation,0,False,0.0,0.01372038694195074,0.9667221852098601,0.5372447560273539,margin
2961-961-0007_237-134493-0013_2830-3980-0011_x4,s2,gated_deflation,0,False,0.0,0.006749563211116971,1.0,0.7877379758687665,margin
2961-961-0007_237-134493-0013_2830-3980-0011_x4,s3,gated_deflation,0,True,0.0,0.2656100763159133,1.0,0.7403407926966219,accepted
2961-961-0007_237-134493-0013_2830-3980-0011_x4,s4,gated_deflation,0,True,0.0,0.25338933182437473,0.9681545636242505,0.5616436049117723,accepted
2961-961-0007_237-134493-0013_2830-3980-0011_x4,s1,coarse_to_fine,0,False,0.0,-0.06373453228565912,0.9667221852098601,0.3462760844623119,margin
2961-961-0007_237-134493-0013_2830-3980-0011_x4,s2,coarse_to_fine,0,False,0.0,-0.1729919700263059,1.0,0.3921153677014892,margin
2961-961-0007_237-134493-0013_2830-3980-0011_x4,s3,coarse_to_fine,0,True,0.0,0.10288980243384707,1.0,0.4915857850729553,accepted
2961-961-0007_237-134493-0013_2830-3980-0011_x4,s4,coarse_to_fine,0,True,0.0,0.2405949656249815,0.9689706862091939,0.3593091701003929,accepted
2961-961-0007_237-134493-0013_2830-3980-0011_x4,s1,coarse_to_fine,1,False,0.0,-0.34532086786736915,0.9667221852098601,0.3462760844623119,margin
2961-961-0007_237-134493-0013_2830-3980-0011_x4,s2,coarse_to_fine,1,False,0.0,-0.3854914972714313,1.0,0.3921153677014892,margin
2961-961-0007_237-134493-0013_2830-3980-0011_x4,s3,coarse_to_fine,1,True,0.0,0.4548837210607284,1.0,0.47940563799736385,accepted
2961-961-0007_237-134493-0013_2830-3980-0011_x4,s4,coarse_to_fine,1,True,0.0,0.4799609732224128,0.9683877415056629,0.35808502231566974,accepted
121-121726-0007_61-70968-0008_2300-131720-0038_x4,s1,gated_deflation,0,True,0.0,0.19929551039734106,1.0,0.773134335196068,accepted
121-121726-0007_61-70968-0008_2300-131720-0038_x4,s2,gated_deflation,0,True,0.0,0.11226466386363221,1.0,0.8585960925107544,accepted
121-121726-0007_61-70968-0008_2300-131720-0038_x4,s3,gated_deflation,0,False,0.0,-0.02142371091314016,0.9461225596529285,0.7607230326972202,margin
121-121726-0007_61-70968-0008_2300-131720-0038_x4,s4,gated_deflation,0,True,0.00014128575162180614,0.5373935699058447,1.0,0.5987311725007582,accepted
121-121726-0007_61-70968-0008_2300-131720-0038_x4,s1,coarse_to_fine,0,False,0.0,-0.0537567614537664,1.0,0.616531546982628,margin
121-121726-0007_61-70968-0008_2300-131720-0038_x4,s2,coarse_to_fine,0,True,0.0,0.11880487845576038,1.0,0.5578770121107605,accepted
121-121726-0007_61-70968-0008_2300-131720-0038_x4,s3,coarse_to_fine,0,False,0.0,-0.08272086201725876,1.0,0.4334898909205914,margin
121-121726-0007_61-70968-0008_2300-131720-0038_x4,s4,coarse_to_fine,0,True,0.00014128575162180614,0.4594165019772892,1.0,0.26770680375962785,accepted
121-121726-0007_61-70968-0008_2300-131720-0038_x4,s1,coarse_to_fine,1,False,0.0,-0.150595889351974,1.0,0.616531546982628,margin
121-121726-0007_61-70968-0008_2300-131720-0038_x4,s2,coarse_to_fine,1,True,0.0,0.41069838986142193,1.0,0.5607990354795719,accepted
121-121726-0007_61-70968-0008_2300-131720-0038_x4,s3,coarse_to_fine,1,False,0.0,-0.22166023056837786,1.0,0.4334898909205914,margin
121-121726-0007_61-70968-0008_2300-131720-0038_x4,s4,coarse_to_fine,1,True,0.00014128575162180614,0.7566505115959558,1.0,0.24777942847382114,accepted
4970-29095-0032_6829-68771-0002_3729-6852-0009_x4,s1,gated_deflation,0,True,0.0,0.14979411291140604,1.0,0.821529484757784,accepted
4970-29095-0032_6829-68771-0002_3729-6852-0009_x4,s2,gated_deflation,0,False,0.0,0.051511435059261035,0.935374685138539,0.7525153083213489,margin
4970-29095-0032_6829-68771-0002_3729-6852-0009_x4,s3,gated_deflation,0,True,0.00013721408322276012,0.5070779340646928,0.9378463476070529,0.4934375316668245,accepted
4970-29095-0032_6829-68771-0002_3729-6852-0009_x4,s4,gated_deflation,0,False,0.0,0.09787328470317869,1.0,0.9236164013325122,margin
4970-29095-0032_6829-68771-0002_3729-6852-0009_x4,s1,coarse_to_fine,0,False,0.0,-0.025621656710413332,1.0,0.4432872228954771,margin
4970-29095-0032_6829-68771-0002_3729-6852-0009_x4,s2,coarse_to_fine,0,False,0.0,-0.13481734654236943,0.9795497481108313,0.4379679073866772,margin
4970-29095-0032_6829-68771-0002_3729-6852-0009_x4,s3,coarse_to_fine,0,True,0.00013721408322276012,0.13664609408561046,0.9809508816120907,0.41652811978121435,accepted
4970-29095-0032_6829-68771-0002_3729-6852-0009_x4,s4,coarse_to_fine,0,False,0.0,0.028684296269297194,1.0,0.5463840406049439,margin
4970-29095-0032_6829-68771-0002_3729-6852-0009_x4,s1,coarse_to_fine,1,False,0.0,-0.19807997971964802,1.0,0.4432872228954771,margin
4970-29095-0032_6829-68771-0002_3729-6852-0009_x4,s2,coarse_to_fine,1,False,0.0,-0.46875322706371014,0.9795497481108313,0.4379679073866772,margin
4970-29095-0032_6829-68771-0002_3729-6852-0009_x4,s3,coarse_to_fine,1,True,0.00013721408322276012,0.4461913658796456,0.9755195214105793,0.423403033542241,accepted
4970-29095-0032_6829-68771-0002_3729-6852-0009_x4,s4,coarse_to_fine,1,False,0.0,-0.09435741011463211,1.0,0.5463840406049439,margin
1995-1837-0016_7021-79730-0001_7127-75946-0011_x4,s1,gated_deflation,0,False,0.0,-0.001874968926958931,1.0,0.6275255252585824,margin
1995-1837-0016_7021-79730-0001_7127-75946-0011_x4,s2,gated_deflation,0,True,0.00011641682889681965,0.26035523808671684,1.0,0.42065442206443754,accepted
1995-1837-0016_7021-79730-0001_7127-75946-0011_x4,s3,gated_deflation,0,False,0.0,0.04625739605111817,1.0,0.8788011624919415,margin
1995-1837-0016_7021-79730-0001_7127-75946-0011_x4,s4,gated_deflation,0,True,0.0,0.24562746977875416,1.0,0.5790551745859824,accepted
1995-1837-0016_7021-79730-0001_7127-75946-0011_x4,s1,coarse_to_fine,0,False,0.0,-0.16193619472675252,1.0,0.2579803536008618,margin
1995-1837-0016_7021-79730-0001_7127-75946-0011_x4,s2,coarse_to_fine,0,False,0.00011641682889681965,-0.0967549749821417,1.0,0.22695055607460418,margin
1995-1837-0016_7021-79730-0001_7127-75946-0011_x4,s3,coarse_to_fine,0,False,0.0,-0.02578582769397178,1.0,0.510054105200963,margin
1995-1837-0016_7021-79730-0001_7127-75946-0011_x4,s4,coarse_to_fine,0,True,0.0,0.2856631846944462,1.0,0.352310828757996,accepted
1995-1837-0016_7021-79730-0001_7127-75946-0011_x4,s1,coarse_to_fine,1,False,0.0,-0.35443501187944765,1.0,0.2579803536008618,margin
1995-1837-0016_7021-79730-0001_7127-75946-0011_x4,s2,coarse_to_fine,1,False,0.00011641682889681965,-0.2670902106943153,1.0,0.22695055607460418,margin
1995-1837-0016_7021-79730-0001_7127-75946-0011_x4,s3,coarse_to_fine,1,False,0.0,-0.11002887665747532,1.0,0.510054105200963,margin
1995-1837-0016_7021-79730-0001_7127-75946-0011_x4,s4,coarse_to_fine,1,True,0.0,0.5135573493785541,1.0,0.3438430836380085,accepted
1580-141083-0000_7127-75947-0019_8224-274384-0000_x4,s1,gated_deflation,0,True,0.0001762803533918151,0.1952546519524787,0.9237130961392884,0.6467505219919631,accepted
1580-141083-0000_7127-75947-0019_8224-274384-0000_x4,s2,gated_deflation,0,True,0.0,0.24304483339268818,1.0,0.8583675368296879,accepted
1580-141083-0000_7127-75947-0019_8224-274384-0000_x4,s3,gated_deflation,0,True,0.0,0.23493589800905243,0.9923921271763815,0.6244176160199489,accepted
1580-141083-0000_7127-75947-0019_8224-274384-0000_x4,s4,gated_deflation,0,True,0.0,0.1157980686897056,1.0,0.867478845372101,accepted
1580-141083-0000_7127-75947-0019_8224-274384-0000_x4,s1,coarse_to_fine,0,True,0.0001762803533918151,0.31059552138014146,1.0,0.5725043485775003,accepted
1580-141083-0000_7127-75947-0019_8224-274384-0000_x4,s2,coarse_to_fine,0,False,0.0,-0.0018835159538038992,1.0,0.5927048279132822,margin
1580-141083-0000_7127-75947-0019_8224-274384-0000_x4,s3,coarse_to_fine,0,True,0.0,0.1594048510753504,1.0,0.41239779006211774,accepted
1580-141083-0000_7127-75947-0019_8224-274384-0000_x4,s4,coarse_to_fine,0,False,0.0,-0.16320612199270385,1.0,0.5663790660544211,margin
1580-141083-0000_7127-75947-0019_8224-274384-0000_x4,s1,coarse_to_fine,1,True,0.0001762803533918151,0.593920085758807,1.0,0.5969481604741821,accepted
1580-141083-0000_7127-75947-0019_8224-274384-0000_x4,s2,coarse_to_fine,1,False,0.0,-0.1298732440277802,1.0,0.5927048279132822,margin
1580-141083-0000_7127-75947-0019_8224-274384-0000_x4,s3,coarse_to_fine,1,True,0.0,0.3840294163016898,1.0,0.4004600299446325,accepted
1580-141083-0000_7127-75947-0019_8224-274384-0000_x4,s4,coarse_to_fine,1,False,0.0,-0.35940429127749873,1.0,0.5663790660544211,margin
3570-5696-0009_8555-284449-0006_7176-92135-0042_x4,s1,gated_deflation,0,False,0.0,-0.06895369158926362,1.0,0.6497298650519935,margin
3570-5696-0009_8555-284449-0006_7176-92135-0042_x4,s2,gated_deflation,0,False,0.0,-0.09176544971861378,1.0,0.8144549941509187,margin
3570-5696-0009_8555-284449-0006_7176-92135-0042_x4,s3,gated_deflation,0,True,0.0,0.21197887687224504,1.0,0.685508912181227,accepted
3570-5696-0009_8555-284449-0006_7176-92135-0042_x4,s4,gated_deflation,0,True,0.0001237016923950293,0.4951297792142914,0.9821723918575064,0.48378079127543905,accepted
3570-5696-0009_8555-284449-0006_7176-92135-0042_x4,s1,coarse_to_fine,0,False,0.0,-0.21046080464229489,1.0,0.3659873985428857,margin
3570-5696-0009_8555-284449-0006_7176-92135-0042_x4,s2,coarse_to_fine,0,False,0.0,-0.3477655618359262,1.0,0.25051676000494344,margin
3570-5696-0009_8555-284449-0006_7176-92135-0042_x4,s3,coarse_to_fine,0,True,0.0,0.12242579532949571,1.0,0.34621888319007743,accepted
3570-5696-0009_8555-284449-0006_7176-92135-0042_x4,s4,coarse_to_fine,0,True,0.0001237016923950293,0.21725598494203152,1.0,0.344046456546681,accepted
3570-5696-0009_8555-284449-0006_7176-92135-0042_x4,s1,coarse_to_fine,1,False,0.0,-0.41919037171555984,1.0,0.3659873985428857,margin
3570-5696-0009_8555-284449-0006_7176-92135-0042_x4,s2,coarse_to_fine,1,False,0.0,-0.3477655618359262,1.0,0.25051676000494344,margin
3570-5696-0009_8555-284449-0006_7176-92135-0042_x4,s3,coarse_to_fine,1,True,0.0,0.18216273225344393,1.0,0.2930814708885024,accepted
3570-5696-0009_8555-284449-0006_7176-92135-0042_x4,s4,coarse_to_fine,1,True,0.0001237016923950293,0.2447676473229825,1.0,0.3013949312723402,accepted
2300-131720-0001_5142-36586-0003_908-31957-0018_x4,s1,gated_deflation,0,True,0.0001479436248133933,0.5097583422885229,1.0,0.4284354776490328,accepted
2300-131720-0001_5142-36586-0003_908-31957-0018_x4,s2,gated_deflation,0,True,0.0,0.15534420191827325,1.0,0.8318452598580919,accepted
2300-131720-0001_5142-36586-0003_908-31957-0018_x4,s3,gated_deflation,0,True,0.0,0.26295472420126176,1.0,0.8497830423135606,accepted
2300-131720-0001_5142-36586-0003_908-31957-0018_x4,s4,gated_deflation,0,False,0.0,-0.03767537765053,1.0,0.8205435029766381,margin
2300-131720-0001_5142-36586-0003_908-31957-0018_x4,s1,coarse_to_fine,0,True,0.0001479436248133933,0.24327161950017728,1.0,0.332698548942968,accepted
2300-131720-0001_5142-36586-0003_908-31957-0018_x4,s2,coarse_to_fine,0,False,0.0,-0.12016294398027627,1.0,0.41641934628338073,margin
2300-131720-0001_5142-36586-0003_908-31957-0018_x4,s3,coarse_to_fine,0,False,0.0,0.01564744475682317,1.0,0.34973870128259016,margin
2300-131720-0001_5142-36586-0003_908-31957-0018_x4,s4,coarse_to_fine,0,False,0.0,0.0866488145326155,1.0,0.4118668269019456,margin
2300-131720-0001_5142-36586-0003_908-31957-0018_x4,s1,coarse_to_fine,1,True,0.0001479436248133933,0.5509008895067032,1.0,0.2655549496221338,accepted
2300-131720-0001_5142-36586-0003_908-31957-0018_x4,s2,coarse_to_fine,1,False,0.0,-0.3256463594910045,1.0,0.41641934628338073,margin
2300-131720-0001_5142-36586-0003_908-31957-0018_x4,s3,coarse_to_fine,1,False,0.0,-0.1962614863177144,1.0,0.34973870128259016,margin
2300-131720-0001_5142-36586-0003_908-31957-0018_x4,s4,coarse_to_fine,1,False,0.0,-0.03698005918250255,1.0,0.4118668269019456,margin
5683-32879-0012_5105-28241-0017_5142-33396-0033_x4,s1,gated_deflation,0,True,0.0,0.1612376701061239,1.0,0.8651903368193684,accepted
5683-32879-0012_5105-28241-0017_5142-33396-0033_x4,s2,gated_deflation,0,True,0.00013427215553854524,0.40661896818187204,0.974036214953271,0.6026851515926386,accepted
5683-32879-0012_5105-28241-0017_5142-33396-0033_x4,s3,gated_deflation,0,False,0.0,-0.0582555800325103,1.0,0.8555512118658788,margin
5683-32879-0012_5105-28241-0017_5142-33396-0033_x4,s4,gated_deflation,0,True,0.0,0.28465816874953326,1.0,0.8359644606121275,accepted
5683-32879-0012_5105-28241-0017_5142-33396-0033_x4,s1,coarse_to_fine,0,False,0.0,-0.053090378834278196,1.0,0.5260808141444848,margin
5683-32879-0012_5105-28241-0017_5142-33396-0033_x4,s2,coarse_to_fine,0,False,0.00013427215553854524,0.07285457271643797,1.0,0.569095741194087,margin
5683-32879-0012_5105-28241-0017_5142-33396-0033_x4,s3,coarse_to_fine,0,False,0.0,-0.012225431435935241,1.0,0.6373534027276408,margin
5683-32879-0012_5105-28241-0017_5142-33396-0033_x4,s4,coarse_to_fine,0,True,0.0,0.3665015626152688,1.0,0.4905008021385942,accepted
5683-32879-0012_5105-28241-0017_5142-33396-0033_x4,s1,coarse_to_fine,1,False,0.0,-0.053090378834278196,1.0,0.5260808141444848,margin
5683-32879-0012_5105-28241-0017_5142-33396-0033_x4,s2,coarse_to_fine,1,False,0.00013427215553854524,-0.05202154425785349,1.0,0.569095741194087,margin
5683-32879-0012_5105-28241-0017_5142-33396-0033_x4,s3,coarse_to_fine,1,False,0.0,-0.06561683728769041,1.0,0.6373534027276408,margin
5683-32879-0012_5105-28241-0017_5142-33396-0033_x4,s4,coarse_to_fine,1,True,0.0,0.5906630496785439,1.0,0.5027308707498374,accepted
237-126133-0018_4970-29095-0007_3570-5695-0006_x4,s1,gated_deflation,0,False,0.0,-0.07110603941959043,1.0,0.8859563838388127,margin
237-126133-0018_4970-29095-0007_3570-5695-0006_x4,s2,gated_deflation,0,True,0.00019633334633700422,0.4135690238592681,0.9909517045454546,0.5896046929495673,accepted
237-126133-0018_4970-29095-0007_3570-5695-0006_x4,s3,gated_deflation,0,True,0.0,0.2580491405223681,1.0,0.7315029850304553,accepted
237-126133-0018_4970-29095-0007_3570-5695-0006_x4,s4,gated_deflation,0,False,0.0,0.07713733535654427,0.9871875,0.6627664561759138,margin
237-126133-0018_4970-29095-0007_3570-5695-0006_x4,s1,coarse_to_fine,0,False,0.0,-0.22071978786682236,1.0,0.5151449800291104,margin
237-126133-0018_4970-29095-0007_3570-5695-0006_x4,s2,coarse_to_fine,0,True,0.00019633334633700422,0.2270105580130038,1.0,0.5406496419054948,accepted
237-126133-0018_4970-29095-0007_3570-5695-0006_x4,s3,coarse_to_fine,0,False,0.0,-0.014931121336867692,1.0,0.3576323072327466,margin
237-126133-0018_4970-29095-0007_3570-5695-0006_x4,s4,coarse_to_fine,0,False,0.0,-0.2594562588457541,1.0,0.3912953043270252,margin
237-126133-0018_4970-29095-0007_3570-5695-0006_x4,s1,coarse_to_fine,1,False,0.0,-0.4141841925023353,1.0,0.5151449800291104,margin
237-126133-0018_4970-29095-0007_3570-5695-0006_x4,s2,coarse_to_fine,1,True,0.00019633334633700422,0.5331738571202513,1.0,0.5641257389397804,accepted
237-126133-0018_4970-29095-0007_3570-5695-0006_x4,s3,coarse_to_fine,1,False,0.0,-0.20508846622150573,1.0,0.3576323072327466,margin
237-126133-0018_4970-29095-0007_3570-5695-0006_x4,s4,coarse_to_fine,1,False,0.0,-0.4883279722329599,1.0,0.3912953043270252,margin
4446-2275-0033_8230-279154-0033_4992-41797-0007_x4,s1,gated_deflation,0,False,0.0,0.05195675490485063,1.0,0.7210797878228854,margin
4446-2275-0033_8230-279154-0033_4992-41797-0007_x4,s2,gated_deflation,0,True,0.00011187647417852876,0.70373692977508,1.0,0.48474021847095017,accepted
4446-2275-0033_8230-279154-0033_4992-41797-0007_x4,s3,gated_deflation,0,False,0.0,0.08899799796309665,1.0,0.7151934920199952,margin
4446-2275-0033_8230-279154-0033_4992-41797-0007_x4,s4,gated_deflation,0,True,0.0,0.24404039706215172,1.0,0.8507293644142259,accepted
4446-2275-0033_8230-279154-0033_4992-41797-0007_x4,s1,coarse_to_fine,0,False,0.0,0.003904973116842847,1.0,0.430061276189988,margin
4446-2275-0033_8230-279154-0033_4992-41797-0007_x4,s2,coarse_to_fine,0,True,0.00011187647417852876,0.49274678214909,1.0,0.38335442244896833,accepted
4446-2275-0033_8230-279154-0033_4992-41797-0007_x4,s3,coarse_to_fine,0,False,0.0,0.037232496411665206,1.0,0.40799240462259934,margin
4446-2275-0033_8230-279154-0033_4992-41797-0007_x4,s4,coarse_to_fine,0,False,0.0,-0.11221402824605273,1.0,0.5032750292662356,margin
4446-2275-0033_8230-279154-0033_4992-41797-0007_x4,s1,coarse_to_fine,1,False,0.0,-0.021257734273321283,1.0,0.430061276189988,margin
4446-2275-0033_8230-279154-0033_4992-41797-0007_x4,s2,coarse_to_fine,1,True,0.00011187647417852876,0.7117644524857678,1.0,0.40539414193460305,accepted
4446-2275-0033_8230-279154-0033_4992-41797-0007_x4,s3,coarse_to_fine,1,False,0.0,0.037232496411665206,1.0,0.40799240462259934,margin
4446-2275-0033_8230-279154-0033_4992-41797-0007_x4,s4,coarse_to_fine,1,False,0.0,-0.11221402824605273,1.0,0.5032750292662356,margin
1320-122617-0016_4992-41806-0008_2830-3980-0025_x4,s1,gated_deflation,0,False,0.0,-0.06969915027216422,0.991221794166208,0.5793675076960466,margin
1320-122617-0016_4992-41806-0008_2830-3980-0025_x4,s2,gated_deflation,0,True,0.00023255466267264784,0.12673300173683866,0.9735553109521189,0.5133879181025146,accepted
1320-122617-0016_4992-41806-0008_2830-3980-0025_x4,s3,gated_deflation,0,True,0.0,0.1095603075895169,1.0,0.6377284924162456,accepted
1320-122617-0016_4992-41806-0008_2830-3980-0025_x4,s4,gated_deflation,0,True,0.0,0.16009464263926582,1.0,0.6848026122850457,accepted
1320-122617-0016_4992-41806-0008_2830-3980-0025_x4,s1,coarse_to_fine,0,False,0.0,-0.22227248026457355,0.9939323059988993,0.3716835421930472,margin
1320-122617-0016_4992-41806-0008_2830-3980-0025_x4,s2,coarse_to_fine,0,False,0.00023255466267264784,0.07047322810965667,0.9932168409466153,0.36875343911366765,margin
1320-122617-0016_4992-41806-0008_2830-3980-0025_x4,s3,coarse_to_fine,0,True,0.0,0.13603728316154645,1.0,0.41113131841773126,accepted
1320-122617-0016_4992-41806-0008_2830-3980-0025_x4,s4,coarse_to_fine,0,False,0.0,-0.017934989858901185,1.0,0.37624050412884374,margin
1320-122617-0016_4992-41806-0008_2830-3980-0025_x4,s1,coarse_to_fine,1,False,0.0,-0.41560890872404865,0.9939323059988993,0.3716835421930472,margin
1320-122617-0016_4992-41806-0008_2830-3980-0025_x4,s2,coarse_to_fine,1,False,0.00023255466267264784,-0.016166484259515945,0.9932168409466153,0.36875343911366765,margin
1320-122617-0016_4992-41806-0008_2830-3980-0025_x4,s3,coarse_to_fine,1,True,0.0,0.41409365743440185,1.0,0.3702987443111881,accepted
1320-122617-0016_4992-41806-0008_2830-3980-0025_x4,s4,coarse_to_fine,1,False,0.0,-0.2595693124967513,1.0,0.37624050412884374,margin
61-70970-0015_8463-294825-0004_2961-961-0004_x4,s1,gated_deflation,0,True,0.0,0.23653925646722296,1.0,0.6918988523639629,accepted
61-70970-0015_8463-294825-0004_2961-961-0004_x4,s2,gated_deflation,0,False,0.0,-0.01577229202999203,1.0,0.8840695241659067,margin
61-70970-0015_8463-294825-0004_2961-961-0004_x4,s3,gated_deflation,0,True,0.00019224536874800266,0.23323935633835763,1.0,0.5985414854218498,accepted
61-70970-0015_8463-294825-0004_2961-961-0004_x4,s4,gated_deflation,0,False,0.0,-0.027137806052230984,1.0,0.8060944295605854,margin
61-70970-0015_8463-294825-0004_2961-961-0004_x4,s1,coarse_to_fine,0,True,0.0,0.20199907170145553,1.0,0.49798354927217436,accepted
61-70970-0015_8463-294825-0004_2961-961-0004_x4,s2,coarse_to_fine,0,False,0.0,-0.006004254200221465,1.0,0.5304986113850244,margin
61-70970-0015_8463-294825-0004_2961-961-0004_x4,s3,coarse_to_fine,0,False,0.00019224536874800266,0.08834052553102717,1.0,0.48275315122573637,margin
61-70970-0015_8463-294825-0004_2961-961-0004_x4,s4,coarse_to_fine,0,False,0.0,0.04416389456882153,1.0,0.5737927436846411,margin
61-70970-0015_8463-294825-0004_2961-961-0004_x4,s1,coarse_to_fine,1,True,0.0,0.4731250859790677,1.0,0.5251438354685208,accepted
61-70970-0015_8463-294825-0004_2961-961-0004_x4,s2,coarse_to_fine,1,False,0.0,-0.011347675645722893,1.0,0.5304986113850244,margin
61-70970-0015_8463-294825-0004_2961-961-0004_x4,s3,coarse_to_fine,1,False,0.00019224536874800266,-0.01985039435235092,1.0,0.48275315122573637,margin
61-70970-0015_8463-294825-0004_2961-961-0004_x4,s4,coarse_to_fine,1,False,0.0,0.04416389456882153,1.0,0.5737927436846411,margin
4970-29095-0028_6829-68769-0014_4077-13751-0004_x4,s1,gated_deflation,0,True,0.0,0.11647817989058024,1.0,0.6753587114311006,accepted
4970-29095-0028_6829-68769-0014_4077-13751-0004_x4,s2,gated_deflation,0,False,0.0,0.03812504307475534,1.0,0.9061030826063786,margin
4970-29095-0028_6829-68769-0014_4077-13751-0004_x4,s3,gated_deflation,0,True,0.00014562697485077036,0.2588211589707811,1.0,0.6309213907450765,accepted
4970-29095-0028_6829-68769-0014_4077-13751-0004_x4,s4,gated_deflation,0,False,0.0,-0.0024101224719554337,1.0,0.8846780958399744,margin
4970-29095-0028_6829-68769-0014_4077-13751-0004_x4,s1,coarse_to_fine,0,True,0.0,0.15220387538261726,1.0,0.5836360129075463,accepted
4970-29095-0028_6829-68769-0014_4077-13751-0004_x4,s2,coarse_to_fine,0,False,0.0,-0.018099274092984757,1.0,0.444869389964555,margin
4970-29095-0028_6829-68769-0014_4077-13751-0004_x4,s3,coarse_to_fine,0,True,0.00014562697485077036,0.11398703581149489,1.0,0.5381644300696866,accepted
4970-29095-0028_6829-68769-0014_4077-13751-0004_x4,s4,coarse_to_fine,0,False,0.0,-0.058631175487914244,1.0,0.46078443307231526,margin
4970-29095-0028_6829-68769-0014_4077-13751-0004_x4,s1,coarse_to_fine,1,True,0.0,0.3239447862093799,0.9915416971470373,0.5962015548380643,accepted
4970-29095-0028_6829-68769-0014_4077-13751-0004_x4,s2,coarse_to_fine,1,False,0.0,-0.07478263898552998,1.0,0.444869389964555,margin
4970-29095-0028_6829-68769-0014_4077-13751-0004_x4,s3,coarse_to_fine,1,True,0.00014562697485077036,0.22757518545862188,1.0,0.535582610613542,accepted
4970-29095-0028_6829-68769-0014_4077-13751-0004_x4,s4,coarse_to_fine,1,False,0.0,-0.24013162071203314,1.0,0.46078443307231526,margin
5639-40744-0024_121-127105-0036_8230-279154-0042_x4,s1,gated_deflation,0,False,0.0,-0.03518925440856302,0.9950924155513066,0.760663629124543,margin
5639-40744-0024_121-127105-0036_8230-279154-0042_x4,s2,gated_deflation,0,False,0.0,0.06595108288297843,1.0,0.9049766273660934,margin
5639-40744-0024_121-127105-0036_8230-279154-0042_x4,s3,gated_deflation,0,True,0.0001079698630000199,0.5701776823515297,0.9862970044614404,0.46395181085863846,accepted
5639-40744-0024_121-127105-0036_8230-279154-0042_x4,s4,gated_deflation,0,True,0.0,0.20453816150183338,1.0,0.8684505704993661,accepted
5639-40744-0024_121-127105-0036_8230-279154-0042_x4,s1,coarse_to_fine,0,False,0.0,-0.2720170782743895,1.0,0.40658442133810163,margin
5639-40744-0024_121-127105-0036_8230-279154-0042_x4,s2,coarse_to_fine,0,False,0.0,-0.18416928734868948,1.0,0.46611800920460805,margin
5639-40744-0024_121-127105-0036_8230-279154-0042_x4,s3,coarse_to_fine,0,True,0.0001079698630000199,0.3985350387216572,1.0,0.38866287111913905,accepted
5639-40744-0024_121-127105-0036_8230-279154-0042_x4,s4,coarse_to_fine,0,True,0.0,0.14643107419121926,1.0,0.524984526063475,accepted
5639-40744-0024_121-127105-0036_8230-279154-0042_x4,s1,coarse_to_fine,1,False,0.0,-0.4806225480883516,1.0,0.40658442133810163,margin
5639-40744-0024_121-127105-0036_8230-279154-0042_x4,s2,coarse_to_fine,1,False,0.0,-0.43056005083721727,1.0,0.46611800920460805,margin
5639-40744-0024_121-127105-0036_8230-279154-0042_x4,s3,coarse_to_fine,1,True,0.0001079698630000199,0.5201680118447953,1.0,0.40464614977820434,accepted
5639-40744-0024_121-127105-0036_8230-279154-0042_x4,s4,coarse_to_fine,1,True,0.0,0.36581781370651795,1.0,0.5679178358791792,accepted
5105-28240-0014_6930-75918-0000_1284-1180-0024_x4,s1,gated_deflation,0,True,0.0,0.26326630027300085,1.0,0.8606279524791168,accepted
5105-28240-0014_6930-75918-0000_1284-1180-0024_x4,s2,gated_deflation,0,False,0.0,-0.012052464397950602,1.0,0.8488514336594206,margin
5105-28240-0014_6930-75918-0000_1284-1180-0024_x4,s3,gated_deflation,0,False,0.0,-0.17594285603501125,0.9834213615023474,0.6742499593447672,margin
5105-28240-0014_6930-75918-0000_1284-1180-0024_x4,s4,gated_deflation,0,True,0.00017857161105778587,0.32914255532438597,0.9820715962441314,0.5444853181858587,accepted
5105-28240-0014_6930-75918-0000_1284-1180-0024_x4,s1,coarse_to_fine,0,True,0.0,0.18323059435653716,1.0,0.5806270399405604,accepted
5105-28240-0014_6930-75918-0000_1284-1180-0024_x4,s2,coarse_to_fine,0,False,0.0,-0.15684491509002146,1.0,0.5926872389287593,margin
5105-28240-0014_6930-75918-0000_1284-1180-0024_x4,s3,coarse_to_fine,0,False,0.0,-0.26275122132144024,0.9866784037558686,0.3418501579766278,margin
5105-28240-0014_6930-75918-0000_1284-1180-0024_x4,s4,coarse_to_fine,0,False,0.00017857161105778587,0.09656320077671993,0.9865903755868545,0.3548414647979514,margin
5105-28240-0014_6930-75918-0000_1284-1180-0024_x4,s1,coarse_to_fine,1,True,0.0,0.45731605714571827,1.0,0.5700445384893843,accepted
5105-28240-0014_6930-75918-0000_1284-1180-0024_x4,s2,coarse_to_fine,1,False,0.0,-0.31206769846631494,1.0,0.5926872389287593,margin
5105-28240-0014_6930-75918-0000_1284-1180-0024_x4,s3,coarse_to_fine,1,False,0.0,-0.2628987267100341,0.9866784037558686,0.3418501579766278,margin
5105-28240-0014_6930-75918-0000_1284-1180-0024_x4,s4,coarse_to_fine,1,False,0.00017857161105778587,0.011730455366502135,0.9865903755868545,0.3548414647979514,margin
7176-88083-0019_6829-68771-0025_8463-294828-0007_x4,s1,gated_deflation,0,True,0.0,0.20252782270148462,1.0,0.8011896693117396,accepted
7176-88083-0019_6829-68771-0025_8463-294828-0007_x4,s2,gated_deflation,0,False,0.0,-0.13054228023667785,1.0,0.7635019111176684,margin
7176-88083-0019_6829-68771-0025_8463-294828-0007_x4,s3,gated_deflation,0,True,0.00017603929327545138,0.6074286155631792,0.9440519765739385,0.6050506282463539,accepted
7176-88083-0019_6829-68771-0025_8463-294828-0007_x4,s4,gated_deflation,0,True,0.0,0.17507906434877682,1.0,0.8859743222767578,accepted
7176-88083-0019_6829-68771-0025_8463-294828-0007_x4,s1,coarse_to_fine,0,True,0.0,0.14346145025271145,1.0,0.4620598206569368,accepted
7176-88083-0019_6829-68771-0025_8463-294828-0007_x4,s2,coarse_to_fine,0,False,0.0,-0.08682814593261068,1.0,0.4913386482491803,margin
7176-88083-0019_6829-68771-0025_8463-294828-0007_x4,s3,coarse_to_fine,0,True,0.00017603929327545138,0.13131394410536024,1.0,0.5149148624112501,accepted
7176-88083-0019_6829-68771-0025_8463-294828-0007_x4,s4,coarse_to_fine,0,False,0.0,0.03700970345557064,1.0,0.3820036863834519,margin
7176-88083-0019_6829-68771-0025_8463-294828-0007_x4,s1,coarse_to_fine,1,True,0.0,0.4140652658428391,1.0,0.39855788650971885,accepted
7176-88083-0019_6829-68771-0025_8463-294828-0007_x4,s2,coarse_to_fine,1,False,0.0,-0.38217539728047145,1.0,0.4913386482491803,margin
7176-88083-0019_6829-68771-0025_8463-294828-0007_x4,s3,coarse_to_fine,1,True,0.00017603929327545138,0.431985018547626,1.0,0.5027049373504,accepted
7176-88083-0019_6829-68771-0025_8463-294828-0007_x4,s4,coarse_to_fine,1,False,0.0,-0.17539409238899195,1.0,0.3820036863834519,margin
7021-79740-0001_1320-122617-0033_6829-68771-0020_x4,s1,gated_deflation,0,False,0.0,0.07175221839486046,1.0,0.7156046069888773,margin
7021-79740-0001_1320-122617-0033_6829-68771-0020_x4,s2,gated_deflation,0,True,0.00012550407832564775,0.5548475062081358,1.0,0.44661892491835453,accepted
7021-79740-0001_1320-122617-0033_6829-68771-0020_x4,s3,gated_deflation,0,False,0.0,0.08118550253798579,1.0,0.804888643451517,margin
7021-79740-0001_1320-122617-0033_6829-68771-0020_x4,s4,gated_deflation,0,False,0.0,0.020048960735659538,1.0,0.7125772133960087,margin
7021-79740-0001_1320-122617-0033_6829-68771-0020_x4,s1,coarse_to_fine,0,False,0.0,-0.5227270792393782,1.0,0.3054354381521268,margin
7021-79740-0001_1320-122617-0033_6829-68771-0020_x4,s2,coarse_to_fine,0,True,0.00012550407832564775,0.5436495845227602,1.0,0.2524713536598043,accepted
7021-79740-0001_1320-122617-0033_6829-68771-0020_x4,s3,coarse_to_fine,0,False,0.0,0.04705284591150291,1.0,0.42255727856116204,margin
7021-79740-0001_1320-122617-0033_6829-68771-0020_x4,s4,coarse_to_fine,0,False,0.0,-0.0027134978722183067,1.0,0.33854042046174504,margin
7021-79740-0001_1320-122617-0033_6829-68771-0020_x4,s1,coarse_to_fine,1,False,0.0,-0.6946770385793333,1.0,0.3054354381521268,margin
7021-79740-0001_1320-122617-0033_6829-68771-0020_x4,s2,coarse_to_fine,1,True,0.00012550407832564775,0.7379529899287833,1.0,0.22685439882968628,accepted
7021-79740-0001_1320-122617-0033_6829-68771-0020_x4,s3,coarse_to_fine,1,False,0.0,-0.0005821411134762089,1.0,0.42255727856116204,margin
7021-79740-0001_1320-122617-0033_6829-68771-0020_x4,s4,coarse_to_fine,1,False,0.0,-0.08206657200495143,1.0,0.33854042046174504,margin
2830-3980-0055_6829-68771-0036_1580-141084-0048_x4,s1,gated_deflation,0,True,0.0,0.10462188279974421,1.0,0.7209152702239289,accepted
2830-3980-0055_6829-68771-0036_1580-141084-0048_x4,s2,gated_deflation,0,False,0.0,-0.016725704870670766,1.0,0.7827069462645797,margin
2830-3980-0055_6829-68771-0036_1580-141084-0048_x4,s3,gated_deflation,0,True,0.0001488063490128027,0.4701792844197893,1.0,0.6913622859389053,accepted
2830-3980-0055_6829-68771-0036_1580-141084-0048_x4,s4,gated_deflation,0,False,0.0,0.004955163957662823,1.0,0.7830386180861245,margin
2830-3980-0055_6829-68771-0036_1580-141084-0048_x4,s1,coarse_to_fine,0,False,0.0,-0.04135176975626653,1.0,0.5635129575558986,margin
2830-3980-0055_6829-68771-0036_1580-141084-0048_x4,s2,coarse_to_fine,0,False,0.0,-0.2444434305874461,1.0,0.4449342789155627,margin
2830-3980-0055_6829-68771-0036_1580-141084-0048_x4,s3,coarse_to_fine,0,True,0.0001488063490128027,0.4247597562858576,1.0,0.6089882649525472,accepted
2830-3980-0055_6829-68771-0036_1580-141084-0048_x4,s4,coarse_to_fine,0,False,0.0,-0.24320889650507593,1.0,0.5012603261330855,margin
2830-3980-0055_6829-68771-0036_1580-141084-0048_x4,s1,coarse_to_fine,1,False,0.0,-0.19253560983568618,1.0,0.5635129575558986,margin
2830-3980-0055_6829-68771-0036_1580-141084-0048_x4,s2,coarse_to_fine,1,False,0.0,-0.34933268066310835,1.0,0.4449342789155627,margin
2830-3980-0055_6829-68771-0036_1580-141084-0048_x4,s3,coarse_to_fine,1,True,0.0001488063490128027,0.6550906346713377,1.0,0.6264558781905466,accepted
2830-3980-0055_6829-68771-0036_1580-141084-0048_x4,s4,coarse_to_fine,1,False,0.0,-0.44811469262899606,1.0,0.5012603261330855,margin
260-123440-0014_2830-3980-0051_7176-88083-0023_x4,s1,gated_deflation,0,False,0.0,0.008635419158888269,1.0,0.8170110897980668,margin
260-123440-0014_2830-3980-0051_7176-88083-0023_x4,s2,gated_deflation,0,False,0.0,0.08630120825551929,1.0,0.7159529679242385,margin
260-123440-0014_2830-3980-0051_7176-88083-0023_x4,s3,gated_deflation,0,True,0.00011143325504087999,0.5353370835927066,0.9839613970588236,0.4700589526074281,accepted
260-123440-0014_2830-3980-0051_7176-88083-0023_x4,s4,gated_deflation,0,True,0.0,0.16144475255021362,1.0,0.7540036373719916,accepted
260-123440-0014_2830-3980-0051_7176-88083-0023_x4,s1,coarse_to_fine,0,False,0.0,-0.18542891621304755,1.0,0.38809636729520675,margin
260-123440-0014_2830-3980-0051_7176-88083-0023_x4,s2,coarse_to_fine,0,False,0.0,-0.11038598223056159,1.0,0.4948732982642042,margin
260-123440-0014_2830-3980-0051_7176-88083-0023_x4,s3,coarse_to_fine,0,True,0.00011143325504087999,0.16079349602097914,1.0,0.3111244787281425,accepted
260-123440-0014_2830-3980-0051_7176-88083-0023_x4,s4,coarse_to_fine,0,False,0.0,-0.12669593548412353,1.0,0.3385147550062233,margin
260-123440-0014_2830-3980-0051_7176-88083-0023_x4,s1,coarse_to_fine,1,False,0.0,-0.2463952510244341,1.0,0.38809636729520675,margin
260-123440-0014_2830-3980-0051_7176-88083-0023_x4,s2,coarse_to_fine,1,False,0.0,-0.41665379056590335,1.0,0.4948732982642042,margin
260-123440-0014_2830-3980-0051_7176-88083-0023_x4,s3,coarse_to_fine,1,True,0.00011143325504087999,0.537044612714039,1.0,0.26653357365894753,accepted
260-123440-0014_2830-3980-0051_7176-88083-0023_x4,s4,coarse_to_fine,1,False,0.0,-0.381617369688077,1.0,0.3385147550062233,margin
1284-1180-0010_5683-32865-0009_6930-81414-0012_x4,s1,gated_deflation,0,False,0.0,-0.03729417925339967,1.0,0.5363655449124948,margin
1284-1180-0010_5683-32865-0009_6930-81414-0012_x4,s2,gated_deflation,0,True,0.00020072053559441486,0.40632409917088674,0.9916666666666667,0.5264577962483487,accepted
1284-1180-0010_5683-32865-0009_6930-81414-0012_x4,s3,gated_deflation,0,True,0.0,0.20971872092154709,1.0,0.8452716837906363,accepted
1284-1180-0010_5683-32865-0009_6930-81414-0012_x4,s4,gated_deflation,0,False,0.0,0.017784387548831104,1.0,0.5905670372152277,margin
1284-1180-0010_5683-32865-0009_6930-81414-0012_x4,s1,coarse_to_fine,0,False,0.0,-0.2100598423618672,1.0,0.315605367423978,margin
1284-1180-0010_5683-32865-0009_6930-81414-0012_x4,s2,coarse_to_fine,0,True,0.00020072053559441486,0.33935569471964283,1.0,0.37684047180660213,accepted
1284-1180-0010_5683-32865-0009_6930-81414-0012_x4,s3,coarse_to_fine,0,False,0.0,0.011718084879090956,1.0,0.5687610467670436,margin
1284-1180-0010_5683-32865-0009_6930-81414-0012_x4,s4,coarse_to_fine,0,False,0.0,-0.17781267677939339,1.0,0.3074814446103465,margin
1284-1180-0010_5683-32865-0009_6930-81414-0012_x4,s1,coarse_to_fine,1,False,0.0,-0.46586570767285646,1.0,0.315605367423978,margin
1284-1180-0010_5683-32865-0009_6930-81414-0012_x4,s2,coarse_to_fine,1,True,0.00020072053559441486,0.6538996954928493,1.0,0.339610535839992,accepted
1284-1180-0010_5683-32865-0009_6930-81414-0012_x4,s3,coarse_to_fine,1,False,0.0,0.011718084879090956,1.0,0.5687610467670436,margin
1284-1180-0010_5683-32865-0009_6930-81414-0012_x4,s4,coarse_to_fine,1,False,0.0,-0.43716944691773985,1.0,0.3074814446103465,margin
6829-68771-0030_1089-134691-0008_1995-1836-0003_x4,s1,gated_deflation,0,True,0.0,0.26658947215823536,1.0,0.7731430760223914,accepted
6829-68771-0030_1089-134691-0008_1995-1836-0003_x4,s2,gated_deflation,0,True,0.0001090355828597186,0.5098052793808453,0.9654030439684329,0.5549202672466934,accepted
6829-68771-0030_1089-134691-0008_1995-1836-0003_x4,s3,gated_deflation,0,True,0.0,0.244757981866581,1.0,0.6803517073468144,accepted
6829-68771-0030_1089-134691-0008_1995-1836-0003_x4,s4,gated_deflation,0,False,0.0,-0.11961130486933594,0.9249436302142052,0.656923514965185,margin
6829-68771-0030_1089-134691-0008_1995-1836-0003_x4,s1,coarse_to_fine,0,False,0.0,-0.0358895093308349,1.0,0.35921450453796827,margin
6829-68771-0030_1089-134691-0008_1995-1836-0003_x4,s2,coarse_to_fine,0,True,0.0001090355828597186,0.23658744759287403,1.0,0.498388765099433,accepted
6829-68771-0030_1089-134691-0008_1995-1836-0003_x4,s3,coarse_to_fine,0,False,0.0,-0.0024516706922443343,1.0,0.25429500269268374,margin
6829-68771-0030_1089-134691-0008_1995-1836-0003_x4,s4,coarse_to_fine,0,False,0.0,0.048123986231645655,0.9664036076662909,0.3962529863117385,margin
6829-68771-0030_1089-134691-0008_1995-1836-0003_x4,s1,coarse_to_fine,1,False,0.0,-0.0358895093308349,1.0,0.35921450453796827,margin
6829-68771-0030_1089-134691-0008_1995-1836-0003_x4,s2,coarse_to_fine,1,True,0.0001090355828597186,0.5514853197151699,1.0,0.49988418260868994,accepted
6829-68771-0030_1089-134691-0008_1995-1836-0003_x4,s3,coarse_to_fine,1,False,0.0,-0.0024516706922443343,1.0,0.25429500269268374,margin
6829-68771-0030_1089-134691-0008_1995-1836-0003_x4,s4,coarse_to_fine,1,False,0.0,-0.05583402007596988,0.9664036076662909,0.3962529863117385,margin
5105-28241-0004_2830-3980-0066_237-134500-0002_x4,s1,gated_deflation,0,True,0.00017170033730033697,0.2880062087394501,0.9736185383244207,0.5420639669397315,accepted
5105-28241-0004_2830-3980-0066_237-134500-0002_x4,s2,gated_deflation,0,True,0.0,0.14963322775084403,1.0,0.8409013377549681,accepted
5105-28241-0004_2830-3980-0066_237-134500-0002_x4,s3,gated_deflation,0,False,0.0,0.0018685480349625583,1.0,0.8884381472160416,margin
5105-28241-0004_2830-3980-0066_237-134500-0002_x4,s4,gated_deflation,0,False,0.0,0.039792660751940045,1.0,0.8202019243107372,margin
5105-28241-0004_2830-3980-0066_237-134500-0002_x4,s1,coarse_to_fine,0,True,0.00017170033730033697,0.18220207797457394,1.0,0.4975500804132177,accepted
5105-28241-0004_2830-3980-0066_237-134500-0002_x4,s2,coarse_to_fine,0,False,0.0,-0.023391931830405277,1.0,0.48372788665280486,margin
5105-28241-0004_2830-3980-0066_237-134500-0002_x4,s3,coarse_to_fine,0,False,0.0,-0.17161083721827328,1.0,0.5663128415061535,margin
5105-28241-0004_2830-3980-0066_237-134500-0002_x4,s4,coarse_to_fine,0,False,0.0,-0.08208092540200757,1.0,0.4562087016216742,margin
5105-28241-0004_2830-3980-0066_237-134500-0002_x4,s1,coarse_to_fine,1,True,0.00017170033730033697,0.3162369649520943,1.0,0.44010410814205564,accepted
5105-28241-0004_2830-3980-0066_237-134500-0002_x4,s2,coarse_to_fine,1,False,0.0,-0.32664537698633184,1.0,0.48372788665280486,margin
5105-28241-0004_2830-3980-0066_237-134500-0002_x4,s3,coarse_to_fine,1,False,0.0,-0.3365831097124199,1.0,0.5663128415061535,margin
5105-28241-0004_2830-3980-0066_237-134500-0002_x4,s4,coarse_to_fine,1,False,0.0,-0.38690458762317315,1.0,0.4562087016216742,margin
260-123288-0001_1089-134686-0026_4992-41806-0013_x4,s1,gated_deflation,0,True,0.0,0.14090248939363453,1.0,0.6455604925886209,accepted
260-123288-0001_1089-134686-0026_4992-41806-0013_x4,s2,gated_deflation,0,True,0.0,0.32890954852785326,1.0,0.7479165195115229,accepted
260-123288-0001_1089-134686-0026_4992-41806-0013_x4,s3,gated_deflation,0,True,0.00018528525922585694,0.304850703921701,1.0,0.5710709588609533,accepted
260-123288-0001_1089-134686-0026_4992-41806-0013_x4,s4,gated_deflation,0,True,0.0,0.14132076495087004,1.0,0.8567178463609368,accepted
260-123288-0001_1089-134686-0026_4992-41806-0013_x4,s1,coarse_to_fine,0,False,0.0,-0.23719562801027771,1.0,0.31308971622410947,margin
260-123288-0001_1089-134686-0026_4992-41806-0013_x4,s2,coarse_to_fine,0,True,0.0,0.1802623565083738,1.0,0.5035320503031104,accepted
260-123288-0001_1089-134686-0026_4992-41806-0013_x4,s3,coarse_to_fine,0,True,0.00018528525922585694,0.2667766404104396,1.0,0.2941602890630205,accepted
260-123288-0001_1089-134686-0026_4992-41806-0013_x4,s4,coarse_to_fine,0,False,0.0,-0.07537340345715215,1.0,0.6096842105910578,margin
260-123288-0001_1089-134686-0026_4992-41806-0013_x4,s1,coarse_to_fine,1,False,0.0,-0.5484724766724671,1.0,0.31308971622410947,margin
260-123288-0001_1089-134686-0026_4992-41806-0013_x4,s2,coarse_to_fine,1,True,0.0,0.528303225733803,1.0,0.4800307972076281,accepted
260-123288-0001_1089-134686-0026_4992-41806-0013_x4,s3,coarse_to_fine,1,True,0.00018528525922585694,0.6177700975448874,1.0,0.2884473718589571,accepted
260-123288-0001_1089-134686-0026_4992-41806-0013_x4,s4,coarse_to_fine,1,False,0.0,-0.293501649427541,1.0,0.6096842105910578,margin
1580-141084-0010_3575-170457-0032_1221-135767-0017_x4,s1,gated_deflation,0,False,0.0,0.1362088669268693,1.0,0.9010392798279763,artifact_score
1580-141084-0010_3575-170457-0032_1221-135767-0017_x4,s2,gated_deflation,0,False,0.0,-0.04150055736056285,1.0,0.9038868673061019,margin
1580-141084-0010_3575-170457-0032_1221-135767-0017_x4,s3,gated_deflation,0,True,6.755975763056558e-05,0.6495383685291398,1.0,0.5672587220918764,accepted
1580-141084-0010_3575-170457-0032_1221-135767-0017_x4,s4,gated_deflation,0,False,0.0,-0.0072100706493022915,1.0,0.8473671931396682,margin
1580-141084-0010_3575-170457-0032_1221-135767-0017_x4,s1,coarse_to_fine,0,False,0.0,-0.23612662020014338,1.0,0.563294383760086,margin
1580-141084-0010_3575-170457-0032_1221-135767-0017_x4,s2,coarse_to_fine,0,False,0.0,-0.06838709107256122,1.0,0.3723463791032804,margin
1580-141084-0010_3575-170457-0032_1221-135767-0017_x4,s3,coarse_to_fine,0,True,6.755975763056558e-05,0.12401057766328638,1.0,0.49442246876061247,accepted
1580-141084-0010_3575-170457-0032_1221-135767-0017_x4,s4,coarse_to_fine,0,False,0.0,-0.1846618013614531,1.0,0.3807511888072047,margin
1580-141084-0010_3575-170457-0032_1221-135767-0017_x4,s1,coarse_to_fine,1,False,0.0,-0.44117117431158404,1.0,0.563294383760086,margin
1580-141084-0010_3575-170457-0032_1221-135767-0017_x4,s2,coarse_to_fine,1,False,0.0,-0.32289239937930225,1.0,0.3723463791032804,margin
1580-141084-0010_3575-170457-0032_1221-135767-0017_x4,s3,coarse_to_fine,1,True,6.755975763056558e-05,0.5332348372462405,1.0,0.43403219942764826,accepted
1580-141084-0010_3575-170457-0032_1221-135767-0017_x4,s4,coarse_to_fine,1,False,0.0,-0.5419145980484972,1.0,0.3807511888072047,margin
1580-141083-0008_61-70970-0003_4507-16021-0008_x4,s1,gated_deflation,0,True,0.0,0.1926562788217523,1.0,0.7478234494350725,accepted
1580-141083-0008_61-70970-0003_4507-16021-0008_x4,s2,gated_deflation,0,True,0.0,0.21221060360766936,1.0,0.7426006445064091,accepted
1580-141083-0008_61-70970-0003_4507-16021-0008_x4,s3,gated_deflation,0,False,0.0,-0.03767074261617423,1.0,0.7603263662382498,margin
1580-141083-0008_61-70970-0003_4507-16021-0008_x4,s4,gated_deflation,0,True,0.0,0.2890569978266597,1.0,0.7561156936524975,accepted
1580-141083-0008_61-70970-0003_4507-16021-0008_x4,s1,coarse_to_fine,0,True,0.0,0.11121192808576125,1.0,0.5543619157911258,accepted
1580-141083-0008_61-70970-0003_4507-16021-0008_x4,s2,coarse_to_fine,0,False,0.0,0.0069338418732597384,1.0,0.5509985507858235,margin
1580-141083-0008_61-70970-0003_4507-16021-0008_x4,s3,coarse_to_fine,0,False,0.0,-0.1353093107992047,1.0,0.4498992742267415,margin
1580-141083-0008_61-70970-0003_4507-16021-0008_x4,s4,coarse_to_fine,0,False,0.0,-0.09731009537033869,1.0,0.49220442671937786,margin
1580-141083-0008_61-70970-0003_4507-16021-0008_x4,s1,coarse_to_fine,1,True,0.0,0.4346884665147804,1.0,0.5435676186950051,accepted
1580-141083-0008_61-70970-0003_4507-16021-0008_x4,s2,coarse_to_fine,1,False,0.0,-0.201685431260881,1.0,0.5509985507858235,margin
1580-141083-0008_61-70970-0003_4507-16021-0008_x4,s3,coarse_to_fine,1,False,0.0,-0.3695075404664929,1.0,0.4498992742267415,margin
1580-141083-0008_61-70970-0003_4507-16021-0008_x4,s4,coarse_to_fine,1,False,0.0,-0.09731009537033869,1.0,0.49220442671937786,margin
2300-131720-0026_7729-102255-0021_1089-134691-0021_x4,s1,gated_deflation,0,True,0.00013573917573435714,0.2558558120649658,0.9302243330638642,0.4204505099948482,accepted
2300-131720-0026_7729-102255-0021_1089-134691-0021_x4,s2,gated_deflation,0,True,0.0,0.22725212374307724,1.0,0.746250866508463,accepted
2300-131720-0026_7729-102255-0021_1089-134691-0021_x4,s3,gated_deflation,0,False,0.0,0.03261613293589982,0.9396725949878739,0.5909582541100098,margin
2300-131720-0026_7729-102255-0021_1089-134691-0021_x4,s4,gated_deflation,0,True,0.0,0.11392373387522489,1.0,0.8261585681565005,accepted
2300-131720-0026_7729-102255-0021_1089-134691-0021_x4,s1,coarse_to_fine,0,True,0.00013573917573435714,0.11367055811545168,0.9956244947453516,0.29413723341209547,accepted
2300-131720-0026_7729-102255-0021_1089-134691-0021_x4,s2,coarse_to_fine,0,False,0.0,-0.09831804413941594,1.0,0.3337507201278573,margin
2300-131720-0026_7729-102255-0021_1089-134691-0021_x4,s3,coarse_to_fine,0,False,0.0,-0.0009099259675187099,1.0,0.41477548130381287,margin
2300-131720-0026_7729-102255-0021_1089-134691-0021_x4,s4,coarse_to_fine,0,True,0.0,0.3057613825594734,1.0,0.5510663780692137,accepted
2300-131720-0026_7729-102255-0021_1089-134691-0021_x4,s1,coarse_to_fine,1,True,0.00013573917573435714,0.3649080375935531,0.969836297493937,0.266038935267135,accepted
2300-131720-0026_7729-102255-0021_1089-134691-0021_x4,s2,coarse_to_fine,1,False,0.0,-0.2563826946483698,1.0,0.3337507201278573,margin
2300-131720-0026_7729-102255-0021_1089-134691-0021_x4,s3,coarse_to_fine,1,False,0.0,-0.2423232031130469,1.0,0.41477548130381287,margin
2300-131720-0026_7729-102255-0021_1089-134691-0021_x4,s4,coarse_to_fine,1,True,0.0,0.5204515786098025,1.0,0.5953843831040767,accepted
8555-292519-0012_5142-33396-0015_1221-135766-0007_x4,s1,gated_deflation,0,True,0.0,0.163974987522644,1.0,0.7308804048530525,accepted
8555-292519-0012_5142-33396-0015_1221-135766-0007_x4,s2,gated_deflation,0,True,0.0,0.2791861471858791,1.0,0.8491825165202036,accepted
8555-292519-0012_5142-33396-0015_1221-135766-0007_x4,s3,gated_deflation,0,True,0.00013011178639283036,0.22358637828489603,0.8918165467625899,0.6661898456990141,accepted
8555-292519-0012_5142-33396-0015_1221-135766-0007_x4,s4,gated_deflation,0,True,0.0,0.1987935296039065,1.0,0.8510631479498423,accepted
8555-292519-0012_5142-33396-0015_1221-135766-0007_x4,s1,coarse_to_fine,0,False,0.0,-0.17831100122657095,1.0,0.39012173412504136,margin
8555-292519-0012_5142-33396-0015_1221-135766-0007_x4,s2,coarse_to_fine,0,False,0.0,0.08145570840376459,1.0,0.6215895504058938,margin
8555-292519-0012_5142-33396-0015_1221-135766-0007_x4,s3,coarse_to_fine,0,False,0.00013011178639283036,0.09815662044608509,1.0,0.5803232292203273,margin
8555-292519-0012_5142-33396-0015_1221-135766-0007_x4,s4,coarse_to_fine,0,False,0.0,-0.1437839923593493,1.0,0.635604684720071,margin
8555-292519-0012_5142-33396-0015_1221-135766-0007_x4,s1,coarse_to_fine,1,False,0.0,-0.17831100122657095,1.0,0.39012173412504136,margin
8555-292519-0012_5142-33396-0015_1221-135766-0007_x4,s2,coarse_to_fine,1,False,0.0,0.08145570840376459,1.0,0.6215895504058938,margin
8555-292519-0012_5142-33396-0015_1221-135766-0007_x4,s3,coarse_to_fine,1,False,0.00013011178639283036,0.09815662044608509,1.0,0.5803232292203273,margin
8555-292519-0012_5142-33396-0015_1221-135766-0007_x4,s4,coarse_to_fine,1,False,0.0,-0.1437839923593493,1.0,0.635604684720071,margin
8463-287645-0014_6930-81414-0004_121-127105-0001_x4,s1,gated_deflation,0,True,0.0,0.3585549101459518,1.0,0.8516910964434926,accepted
8463-287645-0014_6930-81414-0004_121-127105-0001_x4,s2,gated_deflation,0,True,0.0001814650256508966,0.4745347819416904,0.96869918699187,0.6426215263761109,accepted
8463-287645-0014_6930-81414-0004_121-127105-0001_x4,s3,gated_deflation,0,True,0.0,0.21903115384424443,1.0,0.7831672487310875,accepted
8463-287645-0014_6930-81414-0004_121-127105-0001_x4,s4,gated_deflation,0,False,0.0,-0.11768626280833427,0.7940243902439025,0.6404206123348525,margin
8463-287645-0014_6930-81414-0004_121-127105-0001_x4,s1,coarse_to_fine,0,False,0.0,-0.21145563621733926,1.0,0.3694786319687192,margin
8463-287645-0014_6930-81414-0004_121-127105-0001_x4,s2,coarse_to_fine,0,True,0.0001814650256508966,0.4294881777351587,1.0,0.6127067303003897,accepted
8463-287645-0014_6930-81414-0004_121-127105-0001_x4,s3,coarse_to_fine,0,False,0.0,-0.07007679177899029,1.0,0.48887222958639376,margin
8463-287645-0014_6930-81414-0004_121-127105-0001_x4,s4,coarse_to_fine,0,False,0.0,-0.003926435698101749,1.0,0.406983638357596,margin
8463-287645-0014_6930-81414-0004_121-127105-0001_x4,s1,coarse_to_fine,1,False,0.0,-0.2260900561219599,1.0,0.3694786319687192,margin
8463-287645-0014_6930-81414-0004_121-127105-0001_x4,s2,coarse_to_fine,1,True,0.0001814650256508966,0.6349685728694698,1.0,0.6012275075460246,accepted
8463-287645-0014_6930-81414-0004_121-127105-0001_x4,s3,coarse_to_fine,1,False,0.0,-0.07007679177899029,1.0,0.48887222958639376,margin
8463-287645-0014_6930-81414-0004_121-127105-0001_x4,s4,coarse_to_fine,1,False,0.0,-0.1827754350910864,1.0,0.406983638357596,margin
8230-279154-0006_4446-2273-0007_1089-134691-0004_x4,s1,gated_deflation,0,True,9.855291854738242e-05,0.46284398290509,0.9868566809376965,0.549057885606937,accepted
8230-279154-0006_4446-2273-0007_1089-134691-0004_x4,s2,gated_deflation,0,True,0.0,0.24455855420103356,1.0,0.8556766540098215,accepted
8230-279154-0006_4446-2273-0007_1089-134691-0004_x4,s3,gated_deflation,0,False,0.0,-0.0680452365835692,0.9847908745247148,0.7037589489096261,margin
8230-279154-0006_4446-2273-0007_1089-134691-0004_x4,s4,gated_deflation,0,False,0.0,0.09960893138649912,0.999803536345776,0.7960914263509331,margin
8230-279154-0006_4446-2273-0007_1089-134691-0004_x4,s1,coarse_to_fine,0,True,9.855291854738242e-05,0.3151762891172342,1.0,0.37434228670395364,accepted
8230-279154-0006_4446-2273-0007_1089-134691-0004_x4,s2,coarse_to_fine,0,True,0.0,0.19126008136231643,1.0,0.5326579575060982,accepted
8230-279154-0006_4446-2273-0007_1089-134691-0004_x4,s3,coarse_to_fine,0,False,0.0,-0.31648466461230906,1.0,0.40797911170641415,margin
8230-279154-0006_4446-2273-0007_1089-134691-0004_x4,s4,coarse_to_fine,0,False,0.0,-0.36591985781827935,1.0,0.43285279072750993,margin
8230-279154-0006_4446-2273-0007_1089-134691-0004_x4,s1,coarse_to_fine,1,True,9.855291854738242e-05,0.5193254866033838,1.0,0.35855617803625894,accepted
8230-279154-0006_4446-2273-0007_1089-134691-0004_x4,s2,coarse_to_fine,1,True,0.0,0.33300112352672073,1.0,0.49496928198949586,accepted
8230-279154-0006_4446-2273-0007_1089-134691-0004_x4,s3,coarse_to_fine,1,False,0.0,-0.5095882709421926,1.0,0.40797911170641415,margin
8230-279154-0006_4446-2273-0007_1089-134691-0004_x4,s4,coarse_to_fine,1,False,0.0,-0.398014218878511,1.0,0.43285279072750993,margin
8555-284449-0009_6930-81414-0006_908-157963-0014_x4,s1,gated_deflation,0,True,0.0,0.19017530551695944,1.0,0.7964658589582121,accepted
8555-284449-0009_6930-81414-0006_908-157963-0014_x4,s2,gated_deflation,0,True,0.0,0.11222042504061064,0.9925646551724138,0.6898492860543256,accepted
8555-284449-0009_6930-81414-0006_908-157963-0014_x4,s3,gated_deflation,0,True,0.0,0.26942907424884927,1.0,0.7451117842028436,accepted
8555-284449-0009_6930-81414-0006_908-157963-0014_x4,s4,gated_deflation,0,False,0.0,-0.06671459032237764,0.9620905172413793,0.6943740360835602,margin
8555-284449-0009_6930-81414-0006_908-157963-0014_x4,s1,coarse_to_fine,0,False,0.0,0.0835984089873798,1.0,0.40993036595781046,margin
8555-284449-0009_6930-81414-0006_908-157963-0014_x4,s2,coarse_to_fine,0,False,0.0,-0.039858902546019176,1.0,0.5607178638309644,margin
8555-284449-0009_6930-81414-0006_908-157963-0014_x4,s3,coarse_to_fine,0,True,0.0,0.1247296172320099,1.0,0.45426749670903765,accepted
8555-284449-0009_6930-81414-0006_908-157963-0014_x4,s4,coarse_to_fine,0,False,0.0,0.0811181444695433,0.978125,0.5360014904943102,margin
8555-284449-0009_6930-81414-0006_908-157963-0014_x4,s1,coarse_to_fine,1,False,0.0,0.0835984089873798,1.0,0.40993036595781046,margin
8555-284449-0009_6930-81414-0006_908-157963-0014_x4,s2,coarse_to_fine,1,False,0.0,-0.07033341129890067,1.0,0.5607178638309644,margin
8555-284449-0009_6930-81414-0006_908-157963-0014_x4,s3,coarse_to_fine,1,True,0.0,0.3677076391908336,1.0,0.48585316691505515,accepted
8555-284449-0009_6930-81414-0006_908-157963-0014_x4,s4,coarse_to_fine,1,False,0.0,0.0811181444695433,0.978125,0.5360014904943102,margin
4077-13751-0003_8455-210777-0058_61-70970-0030_x4,s1,gated_deflation,0,True,0.00010642623322473598,0.30971991140531874,1.0,0.5106803336369725,accepted
4077-13751-0003_8455-210777-0058_61-70970-0030_x4,s2,gated_deflation,0,True,0.0,0.12265456341870118,1.0,0.7843680415335288,accepted
4077-13751-0003_8455-210777-0058_61-70970-0030_x4,s3,gated_deflation,0,False,0.0,0.12550356448530037,1.0,0.9058601347431313,artifact_score
4077-13751-0003_8455-210777-0058_61-70970-0030_x4,s4,gated_deflation,0,False,0.0,-0.027792583248193337,0.9997047244094488,0.7186120720286676,margin
4077-13751-0003_8455-210777-0058_61-70970-0030_x4,s1,coarse_to_fine,0,False,0.00010642623322473598,0.0755025839472257,1.0,0.49397520818386675,margin
4077-13751-0003_8455-210777-0058_61-70970-0030_x4,s2,coarse_to_fine,0,False,0.0,0.04910464587117286,1.0,0.40683020579270335,margin
4077-13751-0003_8455-210777-0058_61-70970-0030_x4,s3,coarse_to_fine,0,False,0.0,-0.08331008226293385,1.0,0.4574191501856663,margin
4077-13751-0003_8455-210777-0058_61-70970-0030_x4,s4,coarse_to_fine,0,False,0.0,-0.14986997292725118,1.0,0.3579488268876277,margin
4077-13751-0003_8455-210777-0058_61-70970-0030_x4,s1,coarse_to_fine,1,False,0.00010642623322473598,0.0755025839472257,1.0,0.49397520818386675,margin
4077-13751-0003_8455-210777-0058_61-70970-0030_x4,s2,coarse_to_fine,1,False,0.0,0.04910464587117286,1.0,0.40683020579270335,margin
4077-13751-0003_8455-210777-0058_61-70970-0030_x4,s3,coarse_to_fine,1,False,0.0,-0.08331008226293385,1.0,0.4574191501856663,margin
4077-13751-0003_8455-210777-0058_61-70970-0030_x4,s4,coarse_to_fine,1,False,0.0,-0.14986997292725118,1.0,0.3579488268876277,margin
8463-294828-0001_61-70968-0013_7127-75947-0007_x4,s1,gated_deflation,0,True,0.00022911209051191725,0.19676162830082525,0.7847402597402597,0.6164738770890378,accepted
8463-294828-0001_61-70968-0013_7127-75947-0007_x4,s2,gated_deflation,0,True,0.0,0.17983022734274112,1.0,0.7927844650372051,accepted
8463-294828-0001_61-70968-0013_7127-75947-0007_x4,s3,gated_deflation,0,True,0.0,0.1285097227745804,0.9848374439461883,0.7752111008165413,accepted
8463-294828-0001_61-70968-0013_7127-75947-0007_x4,s4,gated_deflation,0,False,0.0,-0.08775195892266599,0.7710317460317461,0.6056770763681105,margin
8463-294828-0001_61-70968-0013_7127-75947-0007_x4,s1,coarse_to_fine,0,True,0.00022911209051191725,0.313504202666822,0.9916125541125541,0.46995463543954036,accepted
8463-294828-0001_61-70968-0013_7127-75947-0007_x4,s2,coarse_to_fine,0,False,0.0,0.045294633240218984,1.0,0.4775899231880581,margin
8463-294828-0001_61-70968-0013_7127-75947-0007_x4,s3,coarse_to_fine,0,False,0.0,-0.10288653177165183,1.0,0.5355365530120493,margin
8463-294828-0001_61-70968-0013_7127-75947-0007_x4,s4,coarse_to_fine,0,False,0.0,-0.2360790522652795,0.9912698412698413,0.36691020862285806,margin
8463-294828-0001_61-70968-0013_7127-75947-0007_x4,s1,coarse_to_fine,1,True,0.00022911209051191725,0.666846393827671,0.9916847041847042,0.45455010530007905,accepted
8463-294828-0001_61-70968-0013_7127-75947-0007_x4,s2,coarse_to_fine,1,False,0.0,0.045294633240218984,1.0,0.4775899231880581,margin
8463-294828-0001_61-70968-0013_7127-75947-0007_x4,s3,coarse_to_fine,1,False,0.0,-0.26261501908190105,1.0,0.5355365530120493,margin
8463-294828-0001_61-70968-0013_7127-75947-0007_x4,s4,coarse_to_fine,1,False,0.0,-0.5843094207193815,0.9912698412698413,0.36691020862285806,margin
4992-41797-0020_61-70968-0026_2830-3980-0031_x4,s1,gated_deflation,0,False,0.0,-0.006611413205184269,1.0,0.6257497246881668,margin
4992-41797-0020_61-70968-0026_2830-3980-0031_x4,s2,gated_deflation,0,True,0.0,0.1994629488266354,1.0,0.7548030541700548,accepted
4992-41797-0020_61-70968-0026_2830-3980-0031_x4,s3,gated_deflation,0,False,0.0,-0.013951393717851923,1.0,0.5828348914489117,margin
4992-41797-0020_61-70968-0026_2830-3980-0031_x4,s4,gated_deflation,0,True,0.0,0.42430941599790256,0.9716933867735471,0.5118911824665358,accepted
4992-41797-0020_61-70968-0026_2830-3980-0031_x4,s1,coarse_to_fine,0,False,0.0,-0.08196388226703796,1.0,0.4340850730782772,margin
4992-41797-0020_61-70968-0026_2830-3980-0031_x4,s2,coarse_to_fine,0,False,0.0,0.08683765648654895,1.0,0.4264497140172054,margin
4992-41797-0020_61-70968-0026_2830-3980-0031_x4,s3,coarse_to_fine,0,False,0.0,-0.1164697598329964,1.0,0.4999729892393053,margin
4992-41797-0020_61-70968-0026_2830-3980-0031_x4,s4,coarse_to_fine,0,True,0.0,0.1000950132025751,1.0,0.35303011362009784,accepted
4992-41797-0020_61-70968-0026_2830-3980-0031_x4,s1,coarse_to_fine,1,False,0.0,-0.29781116457385176,1.0,0.4340850730782772,margin
4992-41797-0020_61-70968-0026_2830-3980-0031_x4,s2,coarse_to_fine,1,False,0.0,-0.06196920445481824,1.0,0.4264497140172054,margin
4992-41797-0020_61-70968-0026_2830-3980-0031_x4,s3,coarse_to_fine,1,False,0.0,-0.45285818223594265,1.0,0.4999729892393053,margin
4992-41797-0020_61-70968-0026_2830-3980-0031_x4,s4,coarse_to_fine,1,True,0.0,0.46781769637786164,1.0,0.32267424908605763,accepted
908-157963-0011_1580-141084-0040_6930-81414-0007_x4,s1,gated_deflation,0,True,0.0001618666669313492,0.47969935949661335,0.9849047141424273,0.5792922961458374,accepted
908-157963-0011_1580-141084-0040_6930-81414-0007_x4,s2,gated_deflation,0,True,0.0,0.23404587840399688,1.0,0.8206735988458724,accepted
908-157963-0011_1580-141084-0040_6930-81414-0007_x4,s3,gated_deflation,0,True,0.0,0.1109175786077155,1.0,0.8633696718267834,accepted
908-157963-0011_1580-141084-0040_6930-81414-0007_x4,s4,gated_deflation,0,False,0.0,0.027722013671055423,1.0,0.8183996638697195,margin
908-157963-0011_1580-141084-0040_6930-81414-0007_x4,s1,coarse_to_fine,0,False,0.0001618666669313492,0.06153791392387503,0.9817703109327984,0.41673963773772643,margin
908-157963-0011_1580-141084-0040_6930-81414-0007_x4,s2,coarse_to_fine,0,False,0.0,-0.013451844390158924,1.0,0.6132099129561348,margin
908-157963-0011_1580-141084-0040_6930-81414-0007_x4,s3,coarse_to_fine,0,False,0.0,-0.040411838476383466,1.0,0.6079528778371034,margin
908-157963-0011_1580-141084-0040_6930-81414-0007_x4,s4,coarse_to_fine,0,False,0.0,-0.03696242504069508,1.0,0.5068985631175122,margin
908-157963-0011_1580-141084-0040_6930-81414-0007_x4,s1,coarse_to_fine,1,False,0.0001618666669313492,0.06153791392387503,0.9817703109327984,0.41673963773772643,margin
908-157963-0011_1580-141084-0040_6930-81414-0007_x4,s2,coarse_to_fine,1,False,0.0,-0.013451844390158924,1.0,0.6132099129561348,margin
908-157963-0011_1580-141084-0040_6930-81414-0007_x4,s3,coarse_to_fine,1,False,0.0,-0.040411838476383466,1.0,0.6079528778371034,margin
908-157963-0011_1580-141084-0040_6930-81414-0007_x4,s4,coarse_to_fine,1,False,0.0,-0.03696242504069508,1.0,0.5068985631175122,margin
1995-1826-0007_4970-29093-0009_6829-68771-0004_x4,s1,gated_deflation,0,False,0.0,0.03348582056967972,1.0,0.6238434869209524,margin
1995-1826-0007_4970-29093-0009_6829-68771-0004_x4,s2,gated_deflation,0,True,0.00031046604559119246,0.19401688582542997,1.0,0.6330079315769671,accepted
1995-1826-0007_4970-29093-0009_6829-68771-0004_x4,s3,gated_deflation,0,False,0.0,0.06724568453671304,1.0,0.5663075845500957,margin
1995-1826-0007_4970-29093-0009_6829-68771-0004_x4,s4,gated_deflation,0,False,0.0,-0.26532344027273536,1.0,0.7607956832979073,margin
1995-1826-0007_4970-29093-0009_6829-68771-0004_x4,s1,coarse_to_fine,0,False,0.0,-0.23074657892487746,1.0,0.34889012609455655,margin
1995-1826-0007_4970-29093-0009_6829-68771-0004_x4,s2,coarse_to_fine,0,True,0.00031046604559119246,0.11209749725171292,1.0,0.5144343176240026,accepted
1995-1826-0007_4970-29093-0009_6829-68771-0004_x4,s3,coarse_to_fine,0,False,0.0,-0.08459092937547619,1.0,0.3743822918234328,margin
1995-1826-0007_4970-29093-0009_6829-68771-0004_x4,s4,coarse_to_fine,0,False,0.0,-0.17147774609454497,1.0,0.4493886889048864,margin
1995-1826-0007_4970-29093-0009_6829-68771-0004_x4,s1,coarse_to_fine,1,False,0.0,-0.5260623116473517,1.0,0.34889012609455655,margin
1995-1826-0007_4970-29093-0009_6829-68771-0004_x4,s2,coarse_to_fine,1,True,0.00031046604559119246,0.5643639175220827,1.0,0.5414355451081996,accepted
1995-1826-0007_4970-29093-0009_6829-68771-0004_x4,s3,coarse_to_fine,1,False,0.0,-0.4873646264790241,1.0,0.3743822918234328,margin
1995-1826-0007_4970-29093-0009_6829-68771-0004_x4,s4,coarse_to_fine,1,False,0.0,-0.4709302042575879,1.0,0.4493886889048864,margin
4077-13751-0001_1284-1181-0002_5142-33396-0037_x4,s1,gated_deflation,0,True,9.259408951320756e-05,0.5313072027889382,1.0,0.5757133437695091,accepted
4077-13751-0001_1284-1181-0002_5142-33396-0037_x4,s2,gated_deflation,0,False,0.0,0.0949400901330188,1.0,0.7829995646190642,margin
4077-13751-0001_1284-1181-0002_5142-33396-0037_x4,s3,gated_deflation,0,True,0.0,0.26887403430444573,1.0,0.8512018623881302,accepted
4077-13751-0001_1284-1181-0002_5142-33396-0037_x4,s4,gated_deflation,0,False,0.0,0.09781097447253495,1.0,0.8034349206254617,margin
4077-13751-0001_1284-1181-0002_5142-33396-0037_x4,s1,coarse_to_fine,0,True,9.259408951320756e-05,0.19147145745898914,1.0,0.4883205890383966,accepted
4077-13751-0001_1284-1181-0002_5142-33396-0037_x4,s2,coarse_to_fine,0,False,0.0,-0.1885953090668085,1.0,0.3711376777834419,margin
4077-13751-0001_1284-1181-0002_5142-33396-0037_x4,s3,coarse_to_fine,0,True,0.0,0.1521562029117288,1.0,0.561223248970475,accepted
4077-13751-0001_1284-1181-0002_5142-33396-0037_x4,s4,coarse_to_fine,0,False,0.0,0.04834182196253195,1.0,0.330617925751791,margin
4077-13751-0001_1284-1181-0002_5142-33396-0037_x4,s1,coarse_to_fine,1,True,9.259408951320756e-05,0.46161298478435786,1.0,0.4855573422192659,accepted
4077-13751-0001_1284-1181-0002_5142-33396-0037_x4,s2,coarse_to_fine,1,False,0.0,-0.3646086779030443,1.0,0.3711376777834419,margin
4077-13751-0001_1284-1181-0002_5142-33396-0037_x4,s3,coarse_to_fine,1,True,0.0,0.4271621349887546,1.0,0.5779481727136538,accepted
4077-13751-0001_1284-1181-0002_5142-33396-0037_x4,s4,coarse_to_fine,1,False,0.0,-0.07396209369265552,1.0,0.330617925751791,margin
3570-5696-0008_8455-210777-0022_1320-122612-0005_x4,s1,gated_deflation,0,False,0.0,-0.2055011601522868,1.0,0.7858209326070716,margin
3570-5696-0008_8455-210777-0022_1320-122612-0005_x4,s2,gated_deflation,0,True,0.0001992930528754167,0.2680039503164925,0.9605263157894737,0.45248416638393824,accepted
3570-5696-0008_8455-210777-0022_1320-122612-0005_x4,s3,gated_deflation,0,False,0.0,-0.0805880138180522,1.0,0.8065700403545317,margin
3570-5696-0008_8455-210777-0022_1320-122612-0005_x4,s4,gated_deflation,0,False,0.0,-0.012186576711630037,0.960281954887218,0.4723421602457764,margin
3570-5696-0008_8455-210777-0022_1320-122612-0005_x4,s1,coarse_to_fine,0,False,0.0,-0.023070752420239954,1.0,0.4367633942452281,margin
3570-5696-0008_8455-210777-0022_1320-122612-0005_x4,s2,coarse_to_fine,0,False,0.0001992930528754167,0.04063708737901639,0.957922932330827,0.3437846798114124,margin
3570-5696-0008_8455-210777-0022_1320-122612-0005_x4,s3,coarse_to_fine,0,False,0.0,0.031313690026973706,1.0,0.36815544999050986,margin
3570-5696-0008_8455-210777-0022_1320-122612-0005_x4,s4,coarse_to_fine,0,False,0.0,-0.02212115426065986,0.960281954887218,0.2757970044300897,margin
3570-5696-0008_8455-210777-0022_1320-122612-0005_x4,s1,coarse_to_fine,1,False,0.0,-0.023070752420239954,1.0,0.4367633942452281,margin
3570-5696-0008_8455-210777-0022_1320-122612-0005_x4,s2,coarse_to_fine,1,False,0.0001992930528754167,0.04063708737901639,0.957922932330827,0.3437846798114124,margin
3570-5696-0008_8455-210777-0022_1320-122612-0005_x4,s3,coarse_to_fine,1,False,0.0,0.031313690026973706,1.0,0.36815544999050986,margin
3570-5696-0008_8455-210777-0022_1320-122612-0005_x4,s4,coarse_to_fine,1,False,0.0,-0.02212115426065986,0.960281954887218,0.2757970044300897,margin
121-127105-0035_5105-28240-0019_5142-33396-0042_x4,s1,gated_deflation,0,True,0.00014843992911838728,0.21233383999916472,1.0,0.6332993267081926,accepted
121-127105-0035_5105-28240-0019_5142-33396-0042_x4,s2,gated_deflation,0,False,0.0,0.023348325169664286,1.0,0.8291778409170235,margin
121-127105-0035_5105-28240-0019_5142-33396-0042_x4,s3,gated_deflation,0,True,0.0,0.2025309006341977,1.0,0.849649777850968,accepted
121-127105-0035_5105-28240-0019_5142-33396-0042_x4,s4,gated_deflation,0,True,0.0,0.17242775937560928,0.9917253521126761,0.7561428393634612,accepted
121-127105-0035_5105-28240-0019_5142-33396-0042_x4,s1,coarse_to_fine,0,True,0.00014843992911838728,0.12449426373593847,1.0,0.4827427788220325,accepted
121-127105-0035_5105-28240-0019_5142-33396-0042_x4,s2,coarse_to_fine,0,False,0.0,-0.1968144293465453,1.0,0.5646345736903416,margin
121-127105-0035_5105-28240-0019_5142-33396-0042_x4,s3,coarse_to_fine,0,True,0.0,0.17326112131102211,1.0,0.6142107657839121,accepted
121-127105-0035_5105-28240-0019_5142-33396-0042_x4,s4,coarse_to_fine,0,False,0.0,-0.06953430216332124,0.9922887323943662,0.4195782553138484,margin
121-127105-0035_5105-28240-0019_5142-33396-0042_x4,s1,coarse_to_fine,1,True,0.00014843992911838728,0.3975414570043176,1.0,0.4679316864511859,accepted
121-127105-0035_5105-28240-0019_5142-33396-0042_x4,s2,coarse_to_fine,1,False,0.0,-0.47263596624930454,1.0,0.5646345736903416,margin
121-127105-0035_5105-28240-0019_5142-33396-0042_x4,s3,coarse_to_fine,1,True,0.0,0.4166783715083906,1.0,0.6174063741004129,accepted
121-127105-0035_5105-28240-0019_5142-33396-0042_x4,s4,coarse_to_fine,1,False,0.0,-0.34762468388620127,0.9922887323943662,0.4195782553138484,margin
4970-29095-0036_8455-210777-0046_3570-5694-0014_x4,s1,gated_deflation,0,True,0.0,0.25941515916105773,1.0,0.8253749929574059,accepted
4970-29095-0036_8455-210777-0046_3570-5694-0014_x4,s2,gated_deflation,0,True,0.0,0.2762633952940923,0.9930522208883553,0.6395042646335654,accepted
4970-29095-0036_8455-210777-0046_3570-5694-0014_x4,s3,gated_deflation,0,True,0.00011845153246804018,0.4628019352715623,1.0,0.5478519881006751,accepted
4970-29095-0036_8455-210777-0046_3570-5694-0014_x4,s4,gated_deflation,0,False,0.0,0.0053765286236436005,1.0,0.8609160383268235,margin
4970-29095-0036_8455-210777-0046_3570-5694-0014_x4,s1,coarse_to_fine,0,False,0.0,-0.16631750425055916,1.0,0.5533408037016704,margin
4970-29095-0036_8455-210777-0046_3570-5694-0014_x4,s2,coarse_to_fine,0,True,0.0,0.3050973845441728,1.0,0.4453501332971234,accepted
4970-29095-0036_8455-210777-0046_3570-5694-0014_x4,s3,coarse_to_fine,0,True,0.00011845153246804018,0.48088087383910944,1.0,0.3761884809880357,accepted
4970-29095-0036_8455-210777-0046_3570-5694-0014_x4,s4,coarse_to_fine,0,False,0.0,0.04487549282098627,1.0,0.616814587804027,margin
4970-29095-0036_8455-210777-0046_3570-5694-0014_x4,s1,coarse_to_fine,1,False,0.0,-0.3169268471075539,1.0,0.5533408037016704,margin
4970-29095-0036_8455-210777-0046_3570-5694-0014_x4,s2,coarse_to_fine,1,True,0.0,0.5905044981909378,1.0,0.44152831680747184,accepted
4970-29095-0036_8455-210777-0046_3570-5694-0014_x4,s3,coarse_to_fine,1,True,0.00011845153246804018,0.7506574333298496,1.0,0.3569211526121653,accepted
4970-29095-0036_8455-210777-0046_3570-5694-0014_x4,s4,coarse_to_fine,1,False,0.0,0.0027376234585664017,1.0,0.616814587804027,margin
1995-1837-0018_7127-75946-0002_8463-294828-0034_x4,s1,gated_deflation,0,True,0.0,0.19116815545940213,1.0,0.4831375561376434,accepted
1995-1837-0018_7127-75946-0002_8463-294828-0034_x4,s2,gated_deflation,0,True,0.0,0.14647439674299664,1.0,0.5422662419186731,accepted
1995-1837-0018_7127-75946-0002_8463-294828-0034_x4,s3,gated_deflation,0,False,0.0,-0.07721822704662551,1.0,0.9101390877173144,margin
1995-1837-0018_7127-75946-0002_8463-294828-0034_x4,s4,gated_deflation,0,False,0.00027433340014926326,-0.002401299667867285,1.0,0.536556525635977,margin
1995-1837-0018_7127-75946-0002_8463-294828-0034_x4,s1,coarse_to_fine,0,True,0.0,0.37717930962979107,1.0,0.31956861572461026,accepted
1995-1837-0018_7127-75946-0002_8463-294828-0034_x4,s2,coarse_to_fine,0,True,0.0,0.11593271809864356,1.0,0.43284222421705065,accepted
1995-1837-0018_7127-75946-0002_8463-294828-0034_x4,s3,coarse_to_fine,0,False,0.0,-0.004182742868737849,1.0,0.5621011800573612,margin
1995-1837-0018_7127-75946-0002_8463-294828-0034_x4,s4,coarse_to_fine,0,False,0.00027433340014926326,-0.06540589245225467,1.0,0.4607154400902496,margin
1995-1837-0018_7127-75946-0002_8463-294828-0034_x4,s1,coarse_to_fine,1,True,0.0,0.5032802339297238,1.0,0.26752056421142784,accepted
1995-1837-0018_7127-75946-0002_8463-294828-0034_x4,s2,coarse_to_fine,1,True,0.0,0.38410248147788767,1.0,0.43470623752606097,accepted
1995-1837-0018_7127-75946-0002_8463-294828-0034_x4,s3,coarse_to_fine,1,False,0.0,-0.004182742868737849,1.0,0.5621011800573612,margin
1995-1837-0018_7127-75946-0002_8463-294828-0034_x4,s4,coarse_to_fine,1,False,0.00027433340014926326,-0.38028775286499994,1.0,0.4607154400902496,margin
1221-135767-0019_4446-2273-0001_7176-88083-0008_x4,s1,gated_deflation,0,False,0.0,0.049785332362227264,1.0,0.8577725413983461,margin
1221-135767-0019_4446-2273-0001_7176-88083-0008_x4,s2,gated_deflation,0,True,0.0,0.14324439473943007,1.0,0.8070780797180201,accepted
1221-135767-0019_4446-2273-0001_7176-88083-0008_x4,s3,gated_deflation,0,True,0.0,0.2373869447957137,1.0,0.855361136751617,accepted
1221-135767-0019_4446-2273-0001_7176-88083-0008_x4,s4,gated_deflation,0,True,7.084084865472948e-05,0.43002183870714733,1.0,0.584612730787829,accepted
1221-135767-0019_4446-2273-0001_7176-88083-0008_x4,s1,coarse_to_fine,0,False,0.0,-0.2619061423123743,1.0,0.5755942646166841,margin
1221-135767-0019_4446-2273-0001_7176-88083-0008_x4,s2,coarse_to_fine,0,False,0.0,-0.2625903361541407,1.0,0.49906259640002165,margin
1221-135767-0019_4446-2273-0001_7176-88083-0008_x4,s3,coarse_to_fine,0,False,0.0,-0.11648976339468706,1.0,0.4233697096762732,margin
1221-135767-0019_4446-2273-0001_7176-88083-0008_x4,s4,coarse_to_fine,0,True,7.084084865472948e-05,0.32430137117059354,1.0,0.46456745784774384,accepted
1221-135767-0019_4446-2273-0001_7176-88083-0008_x4,s1,coarse_to_fine,1,False,0.0,-0.4096962007281999,1.0,0.5755942646166841,margin
1221-135767-0019_4446-2273-0001_7176-88083-0008_x4,s2,coarse_to_fine,1,False,0.0,-0.45038699741304805,1.0,0.49906259640002165,margin
1221-135767-0019_4446-2273-0001_7176-88083-0008_x4,s3,coarse_to_fine,1,False,0.0,-0.1828384954619969,1.0,0.4233697096762732,margin
1221-135767-0019_4446-2273-0001_7176-88083-0008_x4,s4,coarse_to_fine,1,True,7.084084865472948e-05,0.5646702201919985,1.0,0.44229974275580314,accepted
8455-210777-0006_1995-1826-0020_5683-32879-0002_x4,s1,gated_deflation,0,False,0.0,-0.018611774585237995,1.0,0.8471246713586835,margin
8455-210777-0006_1995-1826-0020_5683-32879-0002_x4,s2,gated_deflation,0,False,0.0,-0.058544154216029154,1.0,0.7712952799888814,margin
8455-210777-0006_1995-1826-0020_5683-32879-0002_x4,s3,gated_deflation,0,False,0.0,-0.0361889568113124,0.9862295488349033,0.6809885211132077,margin
8455-210777-0006_1995-1826-0020_5683-32879-0002_x4,s4,gated_deflation,0,True,0.0001507655778313652,0.4452943415172965,0.9941001487357461,0.48355625760879334,accepted
8455-210777-0006_1995-1826-0020_5683-32879-0002_x4,s1,coarse_to_fine,0,False,0.0,-0.27531958460766665,1.0,0.4440153981156958,margin
8455-210777-0006_1995-1826-0020_5683-32879-0002_x4,s2,coarse_to_fine,0,False,0.0,0.001546045833115156,1.0,0.34842234053883725,margin
8455-210777-0006_1995-1826-0020_5683-32879-0002_x4,s3,coarse_to_fine,0,False,0.0,-0.05779755419814314,0.9862295488349033,0.4984952362267913,margin
8455-210777-0006_1995-1826-0020_5683-32879-0002_x4,s4,coarse_to_fine,0,True,0.0001507655778313652,0.3052619097636281,0.9941001487357461,0.3734831531844163,accepted
8455-210777-0006_1995-1826-0020_5683-32879-0002_x4,s1,coarse_to_fine,1,False,0.0,-0.45740973034208326,1.0,0.4440153981156958,margin
8455-210777-0006_1995-1826-0020_5683-32879-0002_x4,s2,coarse_to_fine,1,False,0.0,-0.08262561909993987,1.0,0.34842234053883725,margin
8455-210777-0006_1995-1826-0020_5683-32879-0002_x4,s3,coarse_to_fine,1,False,0.0,-0.1660271720553495,0.9862295488349033,0.4984952362267913,margin
8455-210777-0006_1995-1826-0020_5683-32879-0002_x4,s4,coarse_to_fine,1,True,0.0001507655778313652,0.5792283137618562,0.9941373326722855,0.34481357443026395,accepted
7729-102255-0018_1995-1826-0024_121-127105-0025_x4,s1,gated_deflation,0,True,0.0,0.20218875937234804,0.9932850241545894,0.6139220304821625,accepted
7729-102255-0018_1995-1826-0024_121-127105-0025_x4,s2,gated_deflation,0,False,0.0,0.06342341272393404,1.0,0.8176627616339607,margin
7729-102255-0018_1995-1826-0024_121-127105-0025_x4,s3,gated_deflation,0,True,0.0001563215742636587,0.18172376641040067,0.9826207729468599,0.5301776134384997,accepted
7729-102255-0018_1995-1826-0024_121-127105-0025_x4,s4,gated_deflation,0,True,0.0,0.20876393828968504,1.0,0.8475927802499768,accepted
7729-102255-0018_1995-1826-0024_121-127105-0025_x4,s1,coarse_to_fine,0,False,0.0,0.08291403138734649,0.9932850241545894,0.3534960590545859,margin
7729-102255-0018_1995-1826-0024_121-127105-0025_x4,s2,coarse_to_fine,0,True,0.0,0.18505269801625332,1.0,0.2986864313901189,accepted
7729-102255-0018_1995-1826-0024_121-127105-0025_x4,s3,coarse_to_fine,0,True,0.0001563215742636587,0.13904274736101685,0.9943961352657005,0.4550892236446283,accepted
7729-102255-0018_1995-1826-0024_121-127105-0025_x4,s4,coarse_to_fine,0,False,0.0,-0.07221267698819414,1.0,0.45105690182432073,margin
7729-102255-0018_1995-1826-0024_121-127105-0025_x4,s1,coarse_to_fine,1,False,0.0,-0.10107123203009888,0.9932850241545894,0.3534960590545859,margin
7729-102255-0018_1995-1826-0024_121-127105-0025_x4,s2,coarse_to_fine,1,True,0.0,0.3631235625501191,1.0,0.27965100702871337,accepted
7729-102255-0018_1995-1826-0024_121-127105-0025_x4,s3,coarse_to_fine,1,True,0.0001563215742636587,0.26373918141650976,0.9932729468599034,0.4075702273767647,accepted
7729-102255-0018_1995-1826-0024_121-127105-0025_x4,s4,coarse_to_fine,1,False,0.0,-0.07221267698819414,1.0,0.45105690182432073,margin
8230-279154-0019_4446-2271-0000_237-126133-0009_x4,s1,gated_deflation,0,True,9.125034736581581e-05,0.6072062601129404,0.9968446601941747,0.43933022334704064,accepted
8230-279154-0019_4446-2271-0000_237-126133-0009_x4,s2,gated_deflation,0,False,0.0,0.16674318313969977,1.0,0.914565021344554,artifact_score
8230-279154-0019_4446-2271-0000_237-126133-0009_x4,s3,gated_deflation,0,False,0.0,0.01520781488606937,1.0,0.9229970273990147,margin
8230-279154-0019_4446-2271-0000_237-126133-0009_x4,s4,gated_deflation,0,False,0.0,0.03822015284278457,1.0,0.8120616216034863,margin
8230-279154-0019_4446-2271-0000_237-126133-0009_x4,s1,coarse_to_fine,0,True,9.125034736581581e-05,0.4935846000935947,1.0,0.3273817022472886,accepted
8230-279154-0019_4446-2271-0000_237-126133-0009_x4,s2,coarse_to_fine,0,False,0.0,0.042804237947700385,1.0,0.49875525271143806,margin
8230-279154-0019_4446-2271-0000_237-126133-0009_x4,s3,coarse_to_fine,0,False,0.0,-0.14358638320585962,1.0,0.6140753375792839,margin
8230-279154-0019_4446-2271-0000_237-126133-0009_x4,s4,coarse_to_fine,0,False,0.0,-0.0736470984551314,1.0,0.5898249564143656,margin
8230-279154-0019_4446-2271-0000_237-126133-0009_x4,s1,coarse_to_fine,1,True,9.125034736581581e-05,0.7045941305713845,1.0,0.34148433248509713,accepted
8230-279154-0019_4446-2271-0000_237-126133-0009_x4,s2,coarse_to_fine,1,False,0.0,0.00468616887703624,1.0,0.49875525271143806,margin
8230-279154-0019_4446-2271-0000_237-126133-0009_x4,s3,coarse_to_fine,1,False,0.0,-0.18286278670219874,1.0,0.6140753375792839,margin
8230-279154-0019_4446-2271-0000_237-126133-0009_x4,s4,coarse_to_fine,1,False,0.0,-0.17838753491655068,1.0,0.5898249564143656,margin
7729-102255-0033_2094-142345-0053_3570-5694-0012_x4,s1,gated_deflation,0,True,0.00017700861221705506,0.6436494133956998,0.8976939970717424,0.5309215015326184,accepted
7729-102255-0033_2094-142345-0053_3570-5694-0012_x4,s2,gated_deflation,0,True,0.0,0.20219185977497078,1.0,0.7769943763542576,accepted
7729-102255-0033_2094-142345-0053_3570-5694-0012_x4,s3,gated_deflation,0,True,0.0,0.3353182032465982,1.0,0.7576302015164638,accepted
7729-102255-0033_2094-142345-0053_3570-5694-0012_x4,s4,gated_deflation,0,False,0.0,-0.37593368713650127,0.9039897510980966,0.7069693150478522,margin
7729-102255-0033_2094-142345-0053_3570-5694-0012_x4,s1,coarse_to_fine,0,True,0.00017700861221705506,0.4908267892802465,0.972181551976574,0.2730798414396169,accepted
7729-102255-0033_2094-142345-0053_3570-5694-0012_x4,s2,coarse_to_fine,0,True,0.0,0.16514491782166152,1.0,0.3749461277127303,accepted
7729-102255-0033_2094-142345-0053_3570-5694-0012_x4,s3,coarse_to_fine,0,False,0.0,-0.16991750921684912,1.0,0.2913267564206647,margin
7729-102255-0033_2094-142345-0053_3570-5694-0012_x4,s4,coarse_to_fine,0,False,0.0,-0.3026002125109854,1.0,0.380638665989205,margin
7729-102255-0033_2094-142345-0053_3570-5694-0012_x4,s1,coarse_to_fine,1,True,0.00017700861221705506,0.6868136902641512,1.0,0.28033165284621475,accepted
7729-102255-0033_2094-142345-0053_3570-5694-0012_x4,s2,coarse_to_fine,1,True,0.0,0.49301313833951765,1.0,0.33920431916352284,accepted
7729-102255-0033_2094-142345-0053_3570-5694-0012_x4,s3,coarse_to_fine,1,False,0.0,-0.4465606858947961,1.0,0.2913267564206647,margin
7729-102255-0033_2094-142345-0053_3570-5694-0012_x4,s4,coarse_to_fine,1,False,0.0,-0.40313698048419383,1.0,0.380638665989205,margin
908-31957-0020_6829-68771-0033_8555-292519-0006_x4,s1,gated_deflation,0,False,0.0,-0.17551255426206192,1.0,0.7987525661318216,margin
908-31957-0020_6829-68771-0033_8555-292519-0006_x4,s2,gated_deflation,0,False,0.0,-0.01688484130666401,1.0,0.8142373239035258,margin
908-31957-0020_6829-68771-0033_8555-292519-0006_x4,s3,gated_deflation,0,True,0.0,0.2296152713889595,0.9110974945533769,0.5898176878367365,accepted
908-31957-0020_6829-68771-0033_8555-292519-0006_x4,s4,gated_deflation,0,True,0.00014947653225756994,0.3310370420474812,1.0,0.544428747096572,accepted
908-31957-0020_6829-68771-0033_8555-292519-0006_x4,s1,coarse_to_fine,0,False,0.0,-0.303962097843279,1.0,0.37882677621327715,margin
908-31957-0020_6829-68771-0033_8555-292519-0006_x4,s2,coarse_to_fine,0,True,0.0,0.23272553560516016,1.0,0.37142229261706866,accepted
908-31957-0020_6829-68771-0033_8555-292519-0006_x4,s3,coarse_to_fine,0,False,0.0,0.07671206420016449,0.9110974945533769,0.2496372889409684,margin
908-31957-0020_6829-68771-0033_8555-292519-0006_x4,s4,coarse_to_fine,0,True,0.00014947653225756994,0.1698505352708896,1.0,0.5049688633761825,accepted
908-31957-0020_6829-68771-0033_8555-292519-0006_x4,s1,coarse_to_fine,1,False,0.0,-0.6610392547767726,1.0,0.37882677621327715,margin
908-31957-0020_6829-68771-0033_8555-292519-0006_x4,s2,coarse_to_fine,1,True,0.0,0.43751921369648056,1.0,0.3494034982314873,accepted
908-31957-0020_6829-68771-0033_8555-292519-0006_x4,s3,coarse_to_fine,1,False,0.0,-0.21035974028908305,0.9110974945533769,0.2496372889409684,margin
908-31957-0020_6829-68771-0033_8555-292519-0006_x4,s4,coarse_to_fine,1,True,0.00014947653225756994,0.20518730103681676,1.0,0.4626450455257246,accepted
8463-294828-0016_8224-274384-0010_4446-2273-0024_x4,s1,gated_deflation,0,False,0.0,0.2458559247244223,1.0,0.9197965498430276,artifact_score
8463-294828-0016_8224-274384-0010_4446-2273-0024_x4,s2,gated_deflation,0,True,0.00015754957763113248,0.4925207388389366,0.9819909502262444,0.4514490492739023,accepted
8463-294828-0016_8224-274384-0010_4446-2273-0024_x4,s3,gated_deflation,0,False,0.0,0.043865231757686696,1.0,0.8354748498011216,margin
8463-294828-0016_8224-274384-0010_4446-2273-0024_x4,s4,gated_deflation,0,False,0.0,0.06693607005665492,0.9823303167420815,0.7794563428639313,margin
8463-294828-0016_8224-274384-0010_4446-2273-0024_x4,s1,coarse_to_fine,0,False,0.0,-0.28311664772019945,1.0,0.5654184927834005,margin
8463-294828-0016_8224-274384-0010_4446-2273-0024_x4,s2,coarse_to_fine,0,False,0.00015754957763113248,-0.07604509528106163,0.9751809954751132,0.3531860929094212,margin
8463-294828-0016_8224-274384-0010_4446-2273-0024_x4,s3,coarse_to_fine,0,False,0.0,-0.10581898809707653,1.0,0.38480613336347913,margin
8463-294828-0016_8224-274384-0010_4446-2273-0024_x4,s4,coarse_to_fine,0,True,0.0,0.137165822096251,0.9751809954751132,0.39264492034035686,accepted
8463-294828-0016_8224-274384-0010_4446-2273-0024_x4,s1,coarse_to_fine,1,False,0.0,-0.46059569035697023,1.0,0.5654184927834005,margin
8463-294828-0016_8224-274384-0010_4446-2273-0024_x4,s2,coarse_to_fine,1,False,0.00015754957763113248,-0.3187663088236339,0.9751809954751132,0.3531860929094212,margin
8463-294828-0016_8224-274384-0010_4446-2273-0024_x4,s3,coarse_to_fine,1,False,0.0,-0.3290512010553141,1.0,0.38480613336347913,margin
8463-294828-0016_8224-274384-0010_4446-2273-0024_x4,s4,coarse_to_fine,1,True,0.0,0.5109360287428478,0.9847737556561086,0.42217827505672306,accepted
5105-28233-0003_61-70970-0039_908-157963-0029_x4,s1,gated_deflation,0,True,8.535581100819856e-05,0.36167559313111397,0.9133715798764342,0.5672735655438379,accepted
5105-28233-0003_61-70970-0039_908-157963-0029_x4,s2,gated_deflation,0,True,0.0,0.11422805235457417,1.0,0.788601631442196,accepted
5105-28233-0003_61-70970-0039_908-157963-0029_x4,s3,gated_deflation,0,True,0.0,0.1457576526445477,1.0,0.8893887672842012,accepted
5105-28233-0003_61-70970-0039_908-157963-0029_x4,s4,gated_deflation,0,False,0.0,0.03398878659483723,1.0,0.8987956743663292,margin
5105-28233-0003_61-70970-0039_908-157963-0029_x4,s1,coarse_to_fine,0,True,8.535581100819856e-05,0.15456092131845495,1.0,0.5328117505936563,accepted
5105-28233-0003_61-70970-0039_908-157963-0029_x4,s2,coarse_to_fine,0,False,0.0,0.0011439632761981455,1.0,0.4491444845830995,margin
5105-28233-0003_61-70970-0039_908-157963-0029_x4,s3,coarse_to_fine,0,False,0.0,-0.18702078825267718,1.0,0.4708693449802705,margin
5105-28233-0003_61-70970-0039_908-157963-0029_x4,s4,coarse_to_fine,0,False,0.0,-0.046106386693589435,1.0,0.47731567870951297,margin
5105-28233-0003_61-70970-0039_908-157963-0029_x4,s1,coarse_to_fine,1,True,8.535581100819856e-05,0.36269906200229896,1.0,0.5275122833749829,accepted
5105-28233-0003_61-70970-0039_908-157963-0029_x4,s2,coarse_to_fine,1,False,0.0,-0.23482986193218058,1.0,0.4491444845830995,margin
5105-28233-0003_61-70970-0039_908-157963-0029_x4,s3,coarse_to_fine,1,False,0.0,-0.3276167265648977,1.0,0.4708693449802705,margin
5105-28233-0003_61-70970-0039_908-157963-0029_x4,s4,coarse_to_fine,1,False,0.0,-0.0661444167058226,1.0,0.47731567870951297,margin
8230-279154-0020_61-70970-0018_1320-122612-0013_x4,s1,gated_deflation,0,False,0.0,0.0727610671836404,0.9978968544257498,0.637563542137102,margin
8230-279154-0020_61-70970-0018_1320-122612-0013_x4,s2,gated_deflation,0,True,0.0,0.1090208248419936,1.0,0.7892819767906865,accepted
8230-279154-0020_61-70970-0018_1320-122612-0013_x4,s3,gated_deflation,0,False,0.0,0.056973340848381904,1.0,0.6693630937455308,margin
8230-279154-0020_61-70970-0018_1320-122612-0013_x4,s4,gated_deflation,0,True,0.00014512449348729457,0.46802086926705533,0.9914228237015362,0.4938573717716739,accepted
8230-279154-0020_61-70970-0018_1320-122612-0013_x4,s1,coarse_to_fine,0,False,0.0,-0.05256970759796453,1.0,0.36302653429825316,margin
8230-279154-0020_61-70970-0018_1320-122612-0013_x4,s2,coarse_to_fine,0,False,0.0,-0.138298830178735,1.0,0.3623549264836115,margin
8230-279154-0020_61-70970-0018_1320-122612-0013_x4,s3,coarse_to_fine,0,True,0.0,0.130630069180658,1.0,0.30191880734795573,accepted
8230-279154-0020_61-70970-0018_1320-122612-0013_x4,s4,coarse_to_fine,0,True,0.00014512449348729457,0.2800155101505274,1.0,0.3624796342899038,accepted
8230-279154-0020_61-70970-0018_1320-122612-0013_x4,s1,coarse_to_fine,1,False,0.0,-0.3445683607025799,1.0,0.36302653429825316,margin
8230-279154-0020_61-70970-0018_1320-122612-0013_x4,s2,coarse_to_fine,1,False,0.0,-0.3970463112818109,1.0,0.3623549264836115,margin
8230-279154-0020_61-70970-0018_1320-122612-0013_x4,s3,coarse_to_fine,1,True,0.0,0.3984275933229859,1.0,0.27912405538982116,accepted
8230-279154-0020_61-70970-0018_1320-122612-0013_x4,s4,coarse_to_fine,1,True,0.00014512449348729457,0.4311177455063409,1.0,0.3587376850123892,accepted
4507-16021-0003_7021-85628-0002_8224-274381-0015_x4,s1,gated_deflation,0,True,0.0,0.14530256984338263,1.0,0.7868969913599203,accepted
4507-16021-0003_7021-85628-0002_8224-274381-0015_x4,s2,gated_deflation,0,True,0.0,0.16169040314175082,1.0,0.7413216569722925,accepted
4507-16021-0003_7021-85628-0002_8224-274381-0015_x4,s3,gated_deflation,0,True,0.00012828884106164812,0.19665048654877176,0.9558196221815966,0.46942192705783237,accepted
4507-16021-0003_7021-85628-0002_8224-274381-0015_x4,s4,gated_deflation,0,False,0.0,0.04221523294142615,0.9916057282145033,0.70676878213121,margin
4507-16021-0003_7021-85628-0002_8224-274381-0015_x4,s1,coarse_to_fine,0,True,0.0,0.12891614690762165,1.0,0.27525038789920114,accepted
4507-16021-0003_7021-85628-0002_8224-274381-0015_x4,s2,coarse_to_fine,0,True,0.0,0.12313983935118022,1.0,0.3443682971017175,accepted
4507-16021-0003_7021-85628-0002_8224-274381-0015_x4,s3,coarse_to_fine,0,False,0.00012828884106164812,0.08191249590598343,1.0,0.3832444608875313,margin
4507-16021-0003_7021-85628-0002_8224-274381-0015_x4,s4,coarse_to_fine,0,True,0.0,0.17153455161019654,1.0,0.5510328918512367,accepted
4507-16021-0003_7021-85628-0002_8224-274381-0015_x4,s1,coarse_to_fine,1,True,0.0,0.34829397585383837,1.0,0.2693390916486841,accepted
4507-16021-0003_7021-85628-0002_8224-274381-0015_x4,s2,coarse_to_fine,1,True,0.0,0.3719059015339237,1.0,0.3111605197697609,accepted
4507-16021-0003_7021-85628-0002_8224-274381-0015_x4,s3,coarse_to_fine,1,False,0.00012828884106164812,-0.10421236670005651,1.0,0.3832444608875313,margin
4507-16021-0003_7021-85628-0002_8224-274381-0015_x4,s4,coarse_to_fine,1,True,0.0,0.22794212572883016,1.0,0.540725037040296,accepted
1284-1180-0028_1580-141084-0024_237-126133-0007_x4,s1,gated_deflation,0,False,0.0,0.05577114771120162,1.0,0.706778066680936,margin
1284-1180-0028_1580-141084-0024_237-126133-0007_x4,s2,gated_deflation,0,True,0.00020800118363633628,0.3341419692979357,1.0,0.6818291607728395,accepted
1284-1180-0028_1580-141084-0024_237-126133-0007_x4,s3,gated_deflation,0,False,0.0,-0.07088092765627446,1.0,0.656439115275921,margin
1284-1180-0028_1580-141084-0024_237-126133-0007_x4,s4,gated_deflation,0,True,0.0,0.34497828549453347,1.0,0.6440663016709516,accepted
1284-1180-0028_1580-141084-0024_237-126133-0007_x4,s1,coarse_to_fine,0,False,0.0,-0.11069443059366046,1.0,0.4211158070636154,margin
1284-1180-0028_1580-141084-0024_237-126133-0007_x4,s2,coarse_to_fine,0,True,0.00020800118363633628,0.25510781484081824,1.0,0.5489210346539544,accepted
1284-1180-0028_1580-141084-0024_237-126133-0007_x4,s3,coarse_to_fine,0,False,0.0,-0.24242598041165841,1.0,0.513767473534105,margin
1284-1180-0028_1580-141084-0024_237-126133-0007_x4,s4,coarse_to_fine,0,False,0.0,0.05045273625910304,1.0,0.47420906384891315,margin
1284-1180-0028_1580-141084-0024_237-126133-0007_x4,s1,coarse_to_fine,1,False,0.0,-0.3743326494510403,1.0,0.4211158070636154,margin
1284-1180-0028_1580-141084-0024_237-126133-0007_x4,s2,coarse_to_fine,1,True,0.00020800118363633628,0.5882244019036409,1.0,0.5340293828372737,accepted
1284-1180-0028_1580-141084-0024_237-126133-0007_x4,s3,coarse_to_fine,1,False,0.0,-0.5778949814000143,1.0,0.513767473534105,margin
1284-1180-0028_1580-141084-0024_237-126133-0007_x4,s4,coarse_to_fine,1,False,0.0,-0.027330090135998852,1.0,0.47420906384891315,margin
5639-40744-0004_4992-41806-0011_672-122797-0012_x4,s1,gated_deflation,0,True,0.00017504285074008223,0.5071216840802617,1.0,0.5313316914264099,accepted
5639-40744-0004_4992-41806-0011_672-122797-0012_x4,s2,gated_deflation,0,True,0.0,0.24994342522656304,0.9924890350877194,0.6597686339099971,accepted
5639-40744-0004_4992-41806-0011_672-122797-0012_x4,s3,gated_deflation,0,False,0.0,-0.2116228332459933,1.0,0.7339809657928509,margin
5639-40744-0004_4992-41806-0011_672-122797-0012_x4,s4,gated_deflation,0,False,0.0,0.04407548118901261,1.0,0.8397836162149253,margin
5639-40744-0004_4992-41806-0011_672-122797-0012_x4,s1,coarse_to_fine,0,True,0.00017504285074008223,0.3322362729573889,1.0,0.45122911213427186,accepted
5639-40744-0004_4992-41806-0011_672-122797-0012_x4,s2,coarse_to_fine,0,True,0.0,0.2176728797464782,0.9924890350877194,0.33971277835801744,accepted
5639-40744-0004_4992-41806-0011_672-122797-0012_x4,s3,coarse_to_fine,0,False,0.0,-0.25041987919857245,1.0,0.5043736039164789,margin
5639-40744-0004_4992-41806-0011_672-122797-0012_x4,s4,coarse_to_fine,0,False,0.0,-0.2670586095538324,1.0,0.447710920826932,margin
5639-40744-0004_4992-41806-0011_672-122797-0012_x4,s1,coarse_to_fine,1,True,0.00017504285074008223,0.5120597771601278,1.0,0.43389382351179157,accepted
5639-40744-0004_4992-41806-0011_672-122797-0012_x4,s2,coarse_to_fine,1,True,0.0,0.29026918366108606,1.0,0.36464055055544875,accepted
5639-40744-0004_4992-41806-0011_672-122797-0012_x4,s3,coarse_to_fine,1,False,0.0,-0.600210635633079,1.0,0.5043736039164789,margin
5639-40744-0004_4992-41806-0011_672-122797-0012_x4,s4,coarse_to_fine,1,False,0.0,-0.4840896711277878,1.0,0.447710920826932,margin
8463-294828-0033_3729-6852-0019_4507-16021-0039_x4,s1,gated_deflation,0,True,0.0,0.17186883062269764,1.0,0.8417608250646341,accepted
8463-294828-0033_3729-6852-0019_4507-16021-0039_x4,s2,gated_deflation,0,False,0.0,0.04564065023838976,1.0,0.9076714312640299,margin
8463-294828-0033_3729-6852-0019_4507-16021-0039_x4,s3,gated_deflation,0,True,9.120302008640598e-05,0.3969325053963721,1.0,0.4833197034651707,accepted
8463-294828-0033_3729-6852-0019_4507-16021-0039_x4,s4,gated_deflation,0,False,0.0,0.1459546228443211,1.0,0.9027971155822019,artifact_score
8463-294828-0033_3729-6852-0019_4507-16021-0039_x4,s1,coarse_to_fine,0,True,0.0,0.1604481167880042,1.0,0.5471973365599618,accepted
8463-294828-0033_3729-6852-0019_4507-16021-0039_x4,s2,coarse_to_fine,0,True,0.0,0.1349771138187113,1.0,0.42487654249824786,accepted
8463-294828-0033_3729-6852-0019_4507-16021-0039_x4,s3,coarse_to_fine,0,True,9.120302008640598e-05,0.132445888904815,1.0,0.3833103452644184,accepted
8463-294828-0033_3729-6852-0019_4507-16021-0039_x4,s4,coarse_to_fine,0,False,0.0,0.09403105108229973,1.0,0.6152121023741558,margin
8463-294828-0033_3729-6852-0019_4507-16021-0039_x4,s1,coarse_to_fine,1,True,0.0,0.23864742640036085,1.0,0.5539525844376612,accepted
8463-294828-0033_3729-6852-0019_4507-16021-0039_x4,s2,coarse_to_fine,1,True,0.0,0.4155268270233127,1.0,0.39652498227709176,accepted
8463-294828-0033_3729-6852-0019_4507-16021-0039_x4,s3,coarse_to_fine,1,True,9.120302008640598e-05,0.27047443605319665,1.0,0.42669213403187206,accepted
8463-294828-0033_3729-6852-0019_4507-16021-0039_x4,s4,coarse_to_fine,1,False,0.0,-0.043741210591193236,1.0,0.6152121023741558,margin
1221-135767-0021_4446-2273-0010_4507-16021-0024_x4,s1,gated_deflation,0,True,0.0,0.1513053066748637,1.0,0.5255702746370043,accepted
1221-135767-0021_4446-2273-0010_4507-16021-0024_x4,s2,gated_deflation,0,True,0.0,0.11803686219587523,1.0,0.5322083102732164,accepted
1221-135767-0021_4446-2273-0010_4507-16021-0024_x4,s3,gated_deflation,0,False,0.0,-0.04553272085170415,1.0,0.7803342399367247,margin
1221-135767-0021_4446-2273-0010_4507-16021-0024_x4,s4,gated_deflation,0,True,0.0,0.12651833143068045,1.0,0.6576254979679887,accepted
1221-135767-0021_4446-2273-0010_4507-16021-0024_x4,s1,coarse_to_fine,0,True,0.0,0.10557735882256236,1.0,0.40708568960741026,accepted
1221-135767-0021_4446-2273-0010_4507-16021-0024_x4,s2,coarse_to_fine,0,False,0.0,-0.025929704335821813,0.9874562937062937,0.40648922235699575,margin
1221-135767-0021_4446-2273-0010_4507-16021-0024_x4,s3,coarse_to_fine,0,False,0.0,-0.14436628806617635,1.0,0.2955853632708521,margin
1221-135767-0021_4446-2273-0010_4507-16021-0024_x4,s4,coarse_to_fine,0,False,0.0,-0.19326607366048662,1.0,0.3311662834611077,margin
1221-135767-0021_4446-2273-0010_4507-16021-0024_x4,s1,coarse_to_fine,1,True,0.0,0.3954935485170813,1.0,0.4141309653327979,accepted
1221-135767-0021_4446-2273-0010_4507-16021-0024_x4,s2,coarse_to_fine,1,False,0.0,-0.29278105564480467,0.9874562937062937,0.40648922235699575,margin
1221-135767-0021_4446-2273-0010_4507-16021-0024_x4,s3,coarse_to_fine,1,False,0.0,-0.30316634060623776,1.0,0.2955853632708521,margin
1221-135767-0021_4446-2273-0010_4507-16021-0024_x4,s4,coarse_to_fine,1,False,0.0,-0.42269576760512406,1.0,0.3311662834611077,margin
5142-33396-0014_2961-960-0003_7021-85628-0009_x4,s1,gated_deflation,0,False,0.0,0.14300670753905026,1.0,0.9270613534140614,artifact_score
5142-33396-0014_2961-960-0003_7021-85628-0009_x4,s2,gated_deflation,0,True,0.0001625984246471002,0.5297038626319512,0.9792440318302388,0.5491975397549563,accepted
5142-33396-0014_2961-960-0003_7021-85628-0009_x4,s3,gated_deflation,0,False,0.0,-0.04278308203398484,1.0,0.741586832557227,margin
5142-33396-0014_2961-960-0003_7021-85628-0009_x4,s4,gated_deflation,0,True,0.0,0.12917153000299592,1.0,0.8558693679517708,accepted
5142-33396-0014_2961-960-0003_7021-85628-0009_x4,s1,coarse_to_fine,0,False,0.0,0.07790008796458336,1.0,0.5929098189736404,margin
5142-33396-0014_2961-960-0003_7021-85628-0009_x4,s2,coarse_to_fine,0,True,0.0001625984246471002,0.42526457802063694,0.9868037135278515,0.45892336536137335,accepted
5142-33396-0014_2961-960-0003_7021-85628-0009_x4,s3,coarse_to_fine,0,False,0.0,-0.10923612518474896,1.0,0.38984676592806433,margin
5142-33396-0014_2961-960-0003_7021-85628-0009_x4,s4,coarse_to_fine,0,True,0.0,0.1370894299425573,1.0,0.48146685696061936,accepted
5142-33396-0014_2961-960-0003_7021-85628-0009_x4,s1,coarse_to_fine,1,False,0.0,-0.0360735080769618,1.0,0.5929098189736404,margin
5142-33396-0014_2961-960-0003_7021-85628-0009_x4,s2,coarse_to_fine,1,True,0.0001625984246471002,0.5568473328291926,0.976657824933687,0.47741830299500526,accepted
5142-33396-0014_2961-960-0003_7021-85628-0009_x4,s3,coarse_to_fine,1,False,0.0,-0.22606073650387903,1.0,0.38984676592806433,margin
5142-33396-0014_2961-960-0003_7021-85628-0009_x4,s4,coarse_to_fine,1,True,0.0,0.48891374075045524,1.0,0.5005138043085817,accepted
4970-29095-0001_2830-3980-0047_8224-274384-0002_x4,s1,gated_deflation,0,True,0.0001843136115821975,0.4112973203350368,0.9579835507657403,0.5883887312612679,accepted
4970-29095-0001_2830-3980-0047_8224-274384-0002_x4,s2,gated_deflation,0,True,0.0,0.2502690759046573,1.0,0.7322063802344975,accepted
4970-29095-0001_2830-3980-0047_8224-274384-0002_x4,s3,gated_deflation,0,False,0.0,0.0465436401179965,0.9595433919455474,0.621513274432598,margin
4970-29095-0001_2830-3980-0047_8224-274384-0002_x4,s4,gated_deflation,0,False,0.0,0.04883142476640545,1.0,0.8390549732365615,margin
4970-29095-0001_2830-3980-0047_8224-274384-0002_x4,s1,coarse_to_fine,0,True,0.0001843136115821975,0.3646046386283131,0.9635422575155984,0.5377486915087916,accepted
4970-29095-0001_2830-3980-0047_8224-274384-0002_x4,s2,coarse_to_fine,0,False,0.0,0.014945425412933422,1.0,0.45147168726787806,margin
4970-29095-0001_2830-3980-0047_8224-274384-0002_x4,s3,coarse_to_fine,0,False,0.0,0.03327489708659859,0.9767867271695972,0.3484519223576106,margin
4970-29095-0001_2830-3980-0047_8224-274384-0002_x4,s4,coarse_to_fine,0,False,0.0,-0.1379677590159086,1.0,0.46310881073870885,margin
4970-29095-0001_2830-3980-0047_8224-274384-0002_x4,s1,coarse_to_fine,1,True,0.0001843136115821975,0.5921189403324584,0.9638684061259217,0.5621729074133563,accepted
4970-29095-0001_2830-3980-0047_8224-274384-0002_x4,s2,coarse_to_fine,1,False,0.0,0.014945425412933422,1.0,0.45147168726787806,margin
4970-29095-0001_2830-3980-0047_8224-274384-0002_x4,s3,coarse_to_fine,1,False,0.0,0.01299177733561141,0.9767867271695972,0.3484519223576106,margin
4970-29095-0001_2830-3980-0047_8224-274384-0002_x4,s4,coarse_to_fine,1,False,0.0,-0.3091692566030313,1.0,0.46310881073870885,margin
6930-75918-0011_2094-142345-0015_61-70968-0056_x4,s1,gated_deflation,0,False,0.0,0.12598412893928346,1.0,0.9294004739785416,artifact_score
6930-75918-0011_2094-142345-0015_61-70968-0056_x4,s2,gated_deflation,0,True,0.00013378197616603087,0.49079881038153667,1.0,0.48140772333357407,accepted
6930-75918-0011_2094-142345-0015_61-70968-0056_x4,s3,gated_deflation,0,True,0.0,0.23487827030448477,1.0,0.8927694273135531,accepted
6930-75918-0011_2094-142345-0015_61-70968-0056_x4,s4,gated_deflation,0,False,0.0,-0.11162017352944431,0.934423676012461,0.7879180886809153,margin
6930-75918-0011_2094-142345-0015_61-70968-0056_x4,s1,coarse_to_fine,0,False,0.0,-0.11070049399944645,1.0,0.6415604756386832,margin
6930-75918-0011_2094-142345-0015_61-70968-0056_x4,s2,coarse_to_fine,0,True,0.00013378197616603087,0.39242483831425157,1.0,0.3781795271040139,accepted
6930-75918-0011_2094-142345-0015_61-70968-0056_x4,s3,coarse_to_fine,0,True,0.0,0.14245353415158646,1.0,0.5015411317643941,accepted
6930-75918-0011_2094-142345-0015_61-70968-0056_x4,s4,coarse_to_fine,0,False,0.0,-0.14759360280222644,1.0,0.33396151913930694,margin
6930-75918-0011_2094-142345-0015_61-70968-0056_x4,s1,coarse_to_fine,1,False,0.0,-0.34729441606341716,1.0,0.6415604756386832,margin
6930-75918-0011_2094-142345-0015_61-70968-0056_x4,s2,coarse_to_fine,1,True,0.00013378197616603087,0.6026176269567236,1.0,0.3758489835096761,accepted
6930-75918-0011_2094-142345-0015_61-70968-0056_x4,s3,coarse_to_fine,1,True,0.0,0.33351825803076707,1.0,0.5042987929211046,accepted
6930-75918-0011_2094-142345-0015_61-70968-0056_x4,s4,coarse_to_fine,1,False,0.0,-0.267732829028094,1.0,0.33396151913930694,margin
3570-5696-0000_5639-40744-0032_8455-210777-0025_x4,s1,gated_deflation,0,False,0.0,0.023424674483702057,0.9944791166586654,0.6176376719037052,margin
3570-5696-0000_5639-40744-0032_8455-210777-0025_x4,s2,gated_deflation,0,True,0.00010350407577052508,0.3179345091322826,0.971723475756121,0.4743095461787821,accepted
3570-5696-0000_5639-40744-0032_8455-210777-0025_x4,s3,gated_deflation,0,False,0.0,-0.016598255195323375,1.0,0.8960152839298257,margin
3570-5696-0000_5639-40744-0032_8455-210777-0025_x4,s4,gated_deflation,0,True,0.0,0.314560517663502,0.9945660522273425,0.7719817442123609,accepted
3570-5696-0000_5639-40744-0032_8455-210777-0025_x4,s1,coarse_to_fine,0,True,0.0,0.12621158706916813,0.9944791166586654,0.3076695661586925,accepted
3570-5696-0000_5639-40744-0032_8455-210777-0025_x4,s2,coarse_to_fine,0,False,0.00010350407577052508,-0.008216189743029845,1.0,0.40175545031020893,margin
3570-5696-0000_5639-40744-0032_8455-210777-0025_x4,s3,coarse_to_fine,0,False,0.0,-0.18340603309942682,1.0,0.43817389919963956,margin
3570-5696-0000_5639-40744-0032_8455-210777-0025_x4,s4,coarse_to_fine,0,True,0.0,0.48436242147112085,1.0,0.38859841288239755,accepted
3570-5696-0000_5639-40744-0032_8455-210777-0025_x4,s1,coarse_to_fine,1,True,0.0,0.23529982717554032,1.0,0.2959825119653601,accepted
3570-5696-0000_5639-40744-0032_8455-210777-0025_x4,s2,coarse_to_fine,1,False,0.00010350407577052508,-0.21115787351828508,1.0,0.40175545031020893,margin
3570-5696-0000_5639-40744-0032_8455-210777-0025_x4,s3,coarse_to_fine,1,False,0.0,-0.28478958504960034,1.0,0.43817389919963956,margin
3570-5696-0000_5639-40744-0032_8455-210777-0025_x4,s4,coarse_to_fine,1,True,0.0,0.5544347679343431,1.0,0.39360943306219875,accepted
8455-210777-0069_1580-141083-0036_1995-1837-0007_x4,s1,gated_deflation,0,False,0.0,0.0747920407502321,0.9870192307692308,0.5123046316431926,margin
8455-210777-0069_1580-141083-0036_1995-1837-0007_x4,s2,gated_deflation,0,True,0.0,0.2215574948398063,1.0,0.8648424317210226,accepted
8455-210777-0069_1580-141083-0036_1995-1837-0007_x4,s3,gated_deflation,0,True,0.0,0.22314772206221378,0.98625,0.5283803555683518,accepted
8455-210777-0069_1580-141083-0036_1995-1837-0007_x4,s4,gated_deflation,0,True,0.0,0.1715281927821189,1.0,0.6816484761101594,accepted
8455-210777-0069_1580-141083-0036_1995-1837-0007_x4,s1,coarse_to_fine,0,False,0.0,-0.16337360230330022,0.9870192307692308,0.34397724650241507,margin
8455-210777-0069_1580-141083-0036_1995-1837-0007_x4,s2,coarse_to_fine,0,False,0.0,-0.015335592038638546,1.0,0.6340038927135481,margin
8455-210777-0069_1580-141083-0036_1995-1837-0007_x4,s3,coarse_to_fine,0,True,0.0,0.11715024566341142,0.9867948717948718,0.2959263746157287,accepted
8455-210777-0069_1580-141083-0036_1995-1837-0007_x4,s4,coarse_to_fine,0,True,0.0,0.18083231102492953,1.0,0.4649613068211177,accepted
8455-210777-0069_1580-141083-0036_1995-1837-0007_x4,s1,coarse_to_fine,1,False,0.0,-0.40631531358536144,0.9870192307692308,0.34397724650241507,margin
8455-210777-0069_1580-141083-0036_1995-1837-0007_x4,s2,coarse_to_fine,1,False,0.0,-0.10486302155343108,1.0,0.6340038927135481,margin
8455-210777-0069_1580-141083-0036_1995-1837-0007_x4,s3,coarse_to_fine,1,True,0.0,0.39811525193009306,0.9870032051282052,0.3121607735363347,accepted
8455-210777-0069_1580-141083-0036_1995-1837-0007_x4,s4,coarse_to_fine,1,True,0.0,0.4008822460402131,1.0,0.4224677775114115,accepted
1320-122617-0021_8455-210777-0014_5683-32866-0024_x4,s1,gated_deflation,0,False,0.0,0.007450525895038196,1.0,0.7475224847266233,margin
1320-122617-0021_8455-210777-0014_5683-32866-0024_x4,s2,gated_deflation,0,True,0.0,0.19013627600996008,1.0,0.8117326379892147,accepted
1320-122617-0021_8455-210777-0014_5683-32866-0024_x4,s3,gated_deflation,0,True,0.0002692832629723302,0.225045319033925,0.9738042794210195,0.4952706396602261,accepted
1320-122617-0021_8455-210777-0014_5683-32866-0024_x4,s4,gated_deflation,0,True,0.0,0.13628015139277216,0.9734424166142228,0.5827058766097415,accepted
1320-122617-0021_8455-210777-0014_5683-32866-0024_x4,s1,coarse_to_fine,0,False,0.0,-0.20164842066995659,1.0,0.4167288579721661,margin
1320-122617-0021_8455-210777-0014_5683-32866-0024_x4,s2,coarse_to_fine,0,False,0.0,0.0492298383001496,1.0,0.41743158645157363,margin
1320-122617-0021_8455-210777-0014_5683-32866-0024_x4,s3,coarse_to_fine,0,False,0.0002692832629723302,-0.18994496258544447,0.9789490245437382,0.3739646972745879,margin
1320-122617-0021_8455-210777-0014_5683-32866-0024_x4,s4,coarse_to_fine,0,True,0.0,0.2053642548323668,0.9857772183763374,0.38491782209306147,accepted
1320-122617-0021_8455-210777-0014_5683-32866-0024_x4,s1,coarse_to_fine,1,False,0.0,-0.33555104724170903,1.0,0.4167288579721661,margin
1320-122617-0021_8455-210777-0014_5683-32866-0024_x4,s2,coarse_to_fine,1,False,0.0,-0.07986964321668466,1.0,0.41743158645157363,margin
1320-122617-0021_8455-210777-0014_5683-32866-0024_x4,s3,coarse_to_fine,1,False,0.0002692832629723302,-0.5257545471871967,0.9789490245437382,0.3739646972745879,margin
1320-122617-0021_8455-210777-0014_5683-32866-0024_x4,s4,coarse_to_fine,1,True,0.0,0.5442504446252736,0.9804436752674638,0.4178965620033756,accepted
4507-16021-0045_4077-13754-0014_1580-141084-0029_x4,s1,gated_deflation,0,False,0.0,-0.07089081828004823,1.0,0.7502000364773395,margin
4507-16021-0045_4077-13754-0014_1580-141084-0029_x4,s2,gated_deflation,0,True,0.00016233589223316343,0.46635444564437845,1.0,0.6803998955942532,accepted
4507-16021-0045_4077-13754-0014_1580-141084-0029_x4,s3,gated_deflation,0,True,0.0,0.19623209176946071,1.0,0.786002019658056,accepted
4507-16021-0045_4077-13754-0014_1580-141084-0029_x4,s4,gated_deflation,0,False,0.0,0.05229815872958182,1.0,0.7865230000278673,margin
4507-16021-0045_4077-13754-0014_1580-141084-0029_x4,s1,coarse_to_fine,0,False,0.0,-0.15721214568855404,1.0,0.2593959928574872,margin
4507-16021-0045_4077-13754-0014_1580-141084-0029_x4,s2,coarse_to_fine,0,True,0.00016233589223316343,0.38261087769357144,1.0,0.6005196126429269,accepted
4507-16021-0045_4077-13754-0014_1580-141084-0029_x4,s3,coarse_to_fine,0,True,0.0,0.10072174116972454,1.0,0.6414349783110018,accepted
4507-16021-0045_4077-13754-0014_1580-141084-0029_x4,s4,coarse_to_fine,0,False,0.0,0.025696427693546048,1.0,0.4102617843777037,margin
4507-16021-0045_4077-13754-0014_1580-141084-0029_x4,s1,coarse_to_fine,1,False,0.0,-0.15721214568855404,1.0,0.2593959928574872,margin
4507-16021-0045_4077-13754-0014_1580-141084-0029_x4,s2,coarse_to_fine,1,True,0.00016233589223316343,0.43947182637620197,1.0,0.6024598344550859,accepted
4507-16021-0045_4077-13754-0014_1580-141084-0029_x4,s3,coarse_to_fine,1,True,0.0,0.30025645561853,1.0,0.6561333421529546,accepted
4507-16021-0045_4077-13754-0014_1580-141084-0029_x4,s4,coarse_to_fine,1,False,0.0,-0.03087746183827214,1.0,0.4102617843777037,margin
8224-274381-0006_4446-2275-0012_6829-68769-0002_x4,s1,gated_deflation,0,True,0.00010385617602612532,0.5820309709065983,1.0,0.4599644562015024,accepted
8224-274381-0006_4446-2275-0012_6829-68769-0002_x4,s2,gated_deflation,0,True,0.0,0.34632582169891485,0.9988308457711442,0.8665438304766987,accepted
8224-274381-0006_4446-2275-0012_6829-68769-0002_x4,s3,gated_deflation,0,False,0.0,-0.2719968246064812,1.0,0.9278944999461334,margin
8224-274381-0006_4446-2275-0012_6829-68769-0002_x4,s4,gated_deflation,0,False,0.0,-0.003932807717552,1.0,0.9249256168210259,margin
8224-274381-0006_4446-2275-0012_6829-68769-0002_x4,s1,coarse_to_fine,0,True,0.00010385617602612532,0.23560693891163526,1.0,0.40311003845367116,accepted
8224-274381-0006_4446-2275-0012_6829-68769-0002_x4,s2,coarse_to_fine,0,True,0.0,0.34189028354636364,1.0,0.5680715093361308,accepted
8224-274381-0006_4446-2275-0012_6829-68769-0002_x4,s3,coarse_to_fine,0,True,0.0,0.12201411728764808,1.0,0.5360612690862915,accepted
8224-274381-0006_4446-2275-0012_6829-68769-0002_x4,s4,coarse_to_fine,0,False,0.0,-0.0756427836244093,1.0,0.6360044304361404,margin
8224-274381-0006_4446-2275-0012_6829-68769-0002_x4,s1,coarse_to_fine,1,True,0.00010385617602612532,0.4777847862836042,1.0,0.38692587517579285,accepted
8224-274381-0006_4446-2275-0012_6829-68769-0002_x4,s2,coarse_to_fine,1,True,0.0,0.41277109932873435,1.0,0.5625283268520934,accepted
8224-274381-0006_4446-2275-0012_6829-68769-0002_x4,s3,coarse_to_fine,1,True,0.0,0.44070798950387363,1.0,0.5216117950375538,accepted
8224-274381-0006_4446-2275-0012_6829-68769-0002_x4,s4,coarse_to_fine,1,False,0.0,-0.48343398280652206,1.0,0.6360044304361404,margin
1580-141083-0013_4992-41806-0016_6829-68771-0019_x4,s1,gated_deflation,0,False,0.0,-0.11575569746872455,1.0,0.8574564880157572,margin
1580-141083-0013_4992-41806-0016_6829-68771-0019_x4,s2,gated_deflation,0,True,8.771406349156504e-05,0.3842737053794672,0.9869275461380724,0.40001324072781713,accepted
1580-141083-0013_4992-41806-0016_6829-68771-0019_x4,s3,gated_deflation,0,False,0.0,-0.03126315225212861,1.0,0.7471905653067042,margin
1580-141083-0013_4992-41806-0016_6829-68771-0019_x4,s4,gated_deflation,0,False,0.0,-0.006182566094419473,0.9939849624060151,0.7542331027803701,margin
1580-141083-0013_4992-41806-0016_6829-68771-0019_x4,s1,coarse_to_fine,0,False,0.0,-0.21677150950546772,1.0,0.3542613936227218,margin
1580-141083-0013_4992-41806-0016_6829-68771-0019_x4,s2,coarse_to_fine,0,False,8.771406349156504e-05,0.060871599377833985,0.9869275461380724,0.2718941489546201,margin
1580-141083-0013_4992-41806-0016_6829-68771-0019_x4,s3,coarse_to_fine,0,False,0.0,0.010217663743283478,1.0,0.3465712035294608,margin
1580-141083-0013_4992-41806-0016_6829-68771-0019_x4,s4,coarse_to_fine,0,False,0.0,-0.20430029490549848,1.0,0.4441047236771736,margin
1580-141083-0013_4992-41806-0016_6829-68771-0019_x4,s1,coarse_to_fine,1,False,0.0,-0.21677150950546772,1.0,0.3542613936227218,margin
1580-141083-0013_4992-41806-0016_6829-68771-0019_x4,s2,coarse_to_fine,1,False,8.771406349156504e-05,0.060871599377833985,0.9869275461380724,0.2718941489546201,margin
1580-141083-0013_4992-41806-0016_6829-68771-0019_x4,s3,coarse_to_fine,1,False,0.0,0.010217663743283478,1.0,0.3465712035294608,margin
1580-141083-0013_4992-41806-0016_6829-68771-0019_x4,s4,coarse_to_fine,1,False,0.0,-0.20430029490549848,1.0,0.4441047236771736,margin
7127-75946-0014_7729-102255-0038_1284-134647-0002_x4,s1,gated_deflation,0,True,0.0,0.13652272187068926,1.0,0.6904766609122641,accepted
7127-75946-0014_7729-102255-0038_1284-134647-0002_x4,s2,gated_deflation,0,True,0.0,0.23747394027626756,1.0,0.7161894172517748,accepted
7127-75946-0014_7729-102255-0038_1284-134647-0002_x4,s3,gated_deflation,0,True,0.00012506839811992146,0.22767095200408188,1.0,0.47219897377107073,accepted
7127-75946-0014_7729-102255-0038_1284-134647-0002_x4,s4,gated_deflation,0,False,0.0,-0.19398241264046712,1.0,0.8152456958340788,margin
7127-75946-0014_7729-102255-0038_1284-134647-0002_x4,s1,coarse_to_fine,0,True,0.0,0.25753855305700385,1.0,0.4533851841016112,accepted
7127-75946-0014_7729-102255-0038_1284-134647-0002_x4,s2,coarse_to_fine,0,False,0.0,0.053338147224143095,1.0,0.3524717383431506,margin
7127-75946-0014_7729-102255-0038_1284-134647-0002_x4,s3,coarse_to_fine,0,False,0.00012506839811992146,-0.130471147121193,1.0,0.37353309390233225,margin
7127-75946-0014_7729-102255-0038_1284-134647-0002_x4,s4,coarse_to_fine,0,False,0.0,-0.37613709490256575,1.0,0.38738558508626303,margin
7127-75946-0014_7729-102255-0038_1284-134647-0002_x4,s1,coarse_to_fine,1,True,0.0,0.5539529594942766,1.0,0.4542499700727976,accepted
7127-75946-0014_7729-102255-0038_1284-134647-0002_x4,s2,coarse_to_fine,1,False,0.0,-0.18466324556223157,1.0,0.3524717383431506,margin
7127-75946-0014_7729-102255-0038_1284-134647-0002_x4,s3,coarse_to_fine,1,False,0.00012506839811992146,-0.38896120912088594,1.0,0.37353309390233225,margin
7127-75946-0014_7729-102255-0038_1284-134647-0002_x4,s4,coarse_to_fine,1,False,0.0,-0.37613709490256575,1.0,0.38738558508626303,margin
1580-141083-0023_2300-131720-0013_61-70970-0024_x4,s1,gated_deflation,0,False,0.0,0.1617004479133521,1.0,0.9270505604595651,artifact_score
1580-141083-0023_2300-131720-0013_61-70970-0024_x4,s2,gated_deflation,0,True,5.916029019743183e-05,0.461963311459457,1.0,0.45725713995778267,accepted
1580-141083-0023_2300-131720-0013_61-70970-0024_x4,s3,gated_deflation,0,True,0.0,0.30135862341883846,1.0,0.7519155866672791,accepted
1580-141083-0023_2300-131720-0013_61-70970-0024_x4,s4,gated_deflation,0,False,0.0,-0.049647410207041776,1.0,0.7427813939409834,margin
1580-141083-0023_2300-131720-0013_61-70970-0024_x4,s1,coarse_to_fine,0,True,0.0,0.17272975235452662,1.0,0.685400479370024,accepted
1580-141083-0023_2300-131720-0013_61-70970-0024_x4,s2,coarse_to_fine,0,False,5.916029019743183e-05,-0.014500421656138407,1.0,0.2884926424973333,margin
1580-141083-0023_2300-131720-0013_61-70970-0024_x4,s3,coarse_to_fine,0,True,0.0,0.11061112489392211,1.0,0.43952520854245214,accepted
1580-141083-0023_2300-131720-0013_61-70970-0024_x4,s4,coarse_to_fine,0,False,0.0,-0.00370881131476275,1.0,0.3083922563984546,margin
1580-141083-0023_2300-131720-0013_61-70970-0024_x4,s1,coarse_to_fine,1,True,0.0,0.4120312568800564,1.0,0.6787597609872208,accepted
1580-141083-0023_2300-131720-0013_61-70970-0024_x4,s2,coarse_to_fine,1,False,5.916029019743183e-05,-0.2480999091905502,1.0,0.2884926424973333,margin
1580-141083-0023_2300-131720-0013_61-70970-0024_x4,s3,coarse_to_fine,1,True,0.0,0.37143059070303186,1.0,0.3871002419129421,accepted
1580-141083-0023_2300-131720-0013_61-70970-0024_x4,s4,coarse_to_fine,1,False,0.0,-0.21699175473223498,1.0,0.3083922563984546,margin
1320-122617-0029_1089-134691-0019_2830-3979-0011_x4,s1,gated_deflation,0,True,0.0,0.262312556923048,1.0,0.5496074464970946,accepted
1320-122617-0029_1089-134691-0019_2830-3979-0011_x4,s2,gated_deflation,0,True,0.0,0.2935063795358295,1.0,0.8490325824837105,accepted
1320-122617-0029_1089-134691-0019_2830-3979-0011_x4,s3,gated_deflation,0,False,0.00012512832644634103,-0.021981849360018568,0.9614545454545455,0.4513245410145705,margin
1320-122617-0029_1089-134691-0019_2830-3979-0011_x4,s4,gated_deflation,0,False,0.0,-0.002537736360735454,1.0,0.8446911302170963,margin
1320-122617-0029_1089-134691-0019_2830-3979-0011_x4,s1,coarse_to_fine,0,True,0.0,0.10041434885643163,1.0,0.3003499664279461,accepted
1320-122617-0029_1089-134691-0019_2830-3979-0011_x4,s2,coarse_to_fine,0,False,0.0,0.053537183365702345,1.0,0.41804823726246915,margin
1320-122617-0029_1089-134691-0019_2830-3979-0011_x4,s3,coarse_to_fine,0,False,0.00012512832644634103,-0.05038193110511319,1.0,0.32554290563634014,margin
1320-122617-0029_1089-134691-0019_2830-3979-0011_x4,s4,coarse_to_fine,0,False,0.0,-0.08189158594998283,1.0,0.40718120815622644,margin
1320-122617-0029_1089-134691-0019_2830-3979-0011_x4,s1,coarse_to_fine,1,True,0.0,0.41196869250487905,0.9694,0.2338603312719178,accepted
1320-122617-0029_1089-134691-0019_2830-3979-0011_x4,s2,coarse_to_fine,1,False,0.0,0.011173763647685186,1.0,0.41804823726246915,margin
1320-122617-0029_1089-134691-0019_2830-3979-0011_x4,s3,coarse_to_fine,1,False,0.00012512832644634103,-0.39731529294793466,1.0,0.32554290563634014,margin
1320-122617-0029_1089-134691-0019_2830-3979-0011_x4,s4,coarse_to_fine,1,False,0.0,-0.2500013331149909,1.0,0.40718120815622644,margin
7127-75946-0003_3575-170457-0050_260-123288-0013_x4,s1,gated_deflation,0,False,0.0,0.020967040920111868,1.0,0.8406197459556913,margin
7127-75946-0003_3575-170457-0050_260-123288-0013_x4,s2,gated_deflation,0,False,0.0,0.015695168422179828,0.9964616096207215,0.7097034373635448,margin
7127-75946-0003_3575-170457-0050_260-123288-0013_x4,s3,gated_deflation,0,True,0.00011330681773644349,0.4229910535100586,0.9889916743755782,0.5460757318901439,accepted
7127-75946-0003_3575-170457-0050_260-123288-0013_x4,s4,gated_deflation,0,True,0.0,0.12326496751635779,1.0,0.8602857513739709,accepted
7127-75946-0003_3575-170457-0050_260-123288-0013_x4,s1,coarse_to_fine,0,False,0.0,-0.08606602393052554,1.0,0.5570702001349477,margin
7127-75946-0003_3575-170457-0050_260-123288-0013_x4,s2,coarse_to_fine,0,True,0.0,0.10028058808124202,1.0,0.3586356642558303,accepted
7127-75946-0003_3575-170457-0050_260-123288-0013_x4,s3,coarse_to_fine,0,False,0.00011330681773644349,0.06689016447946272,1.0,0.47915916199104486,margin
7127-75946-0003_3575-170457-0050_260-123288-0013_x4,s4,coarse_to_fine,0,False,0.0,-0.043890332997622294,1.0,0.5361618845773878,margin
7127-75946-0003_3575-170457-0050_260-123288-0013_x4,s1,coarse_to_fine,1,False,0.0,-0.08606602393052554,1.0,0.5570702001349477,margin
7127-75946-0003_3575-170457-0050_260-123288-0013_x4,s2,coarse_to_fine,1,True,0.0,0.35365397197895,1.0,0.400406288950589,accepted
7127-75946-0003_3575-170457-0050_260-123288-0013_x4,s3,coarse_to_fine,1,False,0.00011330681773644349,0.06689016447946272,1.0,0.47915916199104486,margin
7127-75946-0003_3575-170457-0050_260-123288-0013_x4,s4,coarse_to_fine,1,False,0.0,-0.043890332997622294,1.0,0.5361618845773878,margin
5105-28240-0004_5142-33396-0001_3575-170457-0014_x4,s1,gated_deflation,0,True,0.0,0.1527437415243682,1.0,0.7433824281755034,accepted
5105-28240-0004_5142-33396-0001_3575-170457-0014_x4,s2,gated_deflation,0,False,0.0,0.06733877056966803,1.0,0.8137958239273361,margin
5105-28240-0004_5142-33396-0001_3575-170457-0014_x4,s3,gated_deflation,0,True,0.0,0.12576358434838436,1.0,0.7040536680736491,accepted
5105-28240-0004_5142-33396-0001_3575-170457-0014_x4,s4,gated_deflation,0,True,0.00013700838639320672,0.2409496241974341,1.0,0.5610595518877509,accepted
5105-28240-0004_5142-33396-0001_3575-170457-0014_x4,s1,coarse_to_fine,0,False,0.0,-0.11869790229998656,1.0,0.5253321947404527,margin
5105-28240-0004_5142-33396-0001_3575-170457-0014_x4,s2,coarse_to_fine,0,True,0.0,0.15893264287006043,1.0,0.620659337188009,accepted
5105-28240-0004_5142-33396-0001_3575-170457-0014_x4,s3,coarse_to_fine,0,True,0.0,0.11760092951619958,1.0,0.5011988839846022,accepted
5105-28240-0004_5142-33396-0001_3575-170457-0014_x4,s4,coarse_to_fine,0,True,0.00013700838639320672,0.24402521643355524,1.0,0.35846333657655927,accepted
5105-28240-0004_5142-33396-0001_3575-170457-0014_x4,s1,coarse_to_fine,1,False,0.0,-0.27307992353201643,1.0,0.5253321947404527,margin
5105-28240-0004_5142-33396-0001_3575-170457-0014_x4,s2,coarse_to_fine,1,True,0.0,0.3717487737341823,1.0,0.6237125466227331,accepted
5105-28240-0004_5142-33396-0001_3575-170457-0014_x4,s3,coarse_to_fine,1,True,0.0,0.28697355883980563,1.0,0.5126046758129839,accepted
5105-28240-0004_5142-33396-0001_3575-170457-0014_x4,s4,coarse_to_fine,1,True,0.00013700838639320672,0.4955612995000665,1.0,0.2874148808808142,accepted
2961-961-0000_5639-40744-0034_8455-210777-0000_x4,s1,gated_deflation,0,True,0.0,0.14695061023530653,1.0,0.852240773510279,accepted
2961-961-0000_5639-40744-0034_8455-210777-0000_x4,s2,gated_deflation,0,True,9.311308768813636e-05,0.27915983578339343,0.9787247474747475,0.46456586041686104,accepted
2961-961-0000_5639-40744-0034_8455-210777-0000_x4,s3,gated_deflation,0,True,0.0,0.2642862549982235,1.0,0.6445048587627675,accepted
2961-961-0000_5639-40744-0034_8455-210777-0000_x4,s4,gated_deflation,0,False,0.0,0.026281102760060793,0.9784848484848485,0.5467749404775509,margin
2961-961-0000_5639-40744-0034_8455-210777-0000_x4,s1,coarse_to_fine,0,False,0.0,-0.30261601836714747,1.0,0.5006801937197657,margin
2961-961-0000_5639-40744-0034_8455-210777-0000_x4,s2,coarse_to_fine,0,False,9.311308768813636e-05,-0.0955936430720079,1.0,0.3254746565448164,margin
2961-961-0000_5639-40744-0034_8455-210777-0000_x4,s3,coarse_to_fine,0,False,0.0,-0.17270989484674798,1.0,0.3323339995822889,margin
2961-961-0000_5639-40744-0034_8455-210777-0000_x4,s4,coarse_to_fine,0,True,0.0,0.1827879145380505,1.0,0.3370581364819942,accepted
2961-961-0000_5639-40744-0034_8455-210777-0000_x4,s1,coarse_to_fine,1,False,0.0,-0.47545954263150625,1.0,0.5006801937197657,margin
2961-961-0000_5639-40744-0034_8455-210777-0000_x4,s2,coarse_to_fine,1,False,9.311308768813636e-05,-0.32970483072413936,1.0,0.3254746565448164,margin
2961-961-0000_5639-40744-0034_8455-210777-0000_x4,s3,coarse_to_fine,1,False,0.0,-0.3864776784968235,1.0,0.3323339995822889,margin
2961-961-0000_5639-40744-0034_8455-210777-0000_x4,s4,coarse_to_fine,1,True,0.0,0.4401984260661483,1.0,0.3120313665733657,accepted
1580-141084-0034_672-122797-0074_1221-135767-0005_x4,s1,gated_deflation,0,True,0.0,0.25253342708665516,1.0,0.8324468217860472,accepted
1580-141084-0034_672-122797-0074_1221-135767-0005_x4,s2,gated_deflation,0,True,0.00026773299784910994,0.4190156049183448,1.0,0.6761695871461101,accepted
1580-141084-0034_672-122797-0074_1221-135767-0005_x4,s3,gated_deflation,0,False,0.0,0.035211367381294545,0.9484583761562179,0.7380149253246332,margin
1580-141084-0034_672-122797-0074_1221-135767-0005_x4,s4,gated_deflation,0,False,0.0,0.04234333259364098,0.9592409240924092,0.6539288641826413,margin
1580-141084-0034_672-122797-0074_1221-135767-0005_x4,s1,coarse_to_fine,0,False,0.0,-0.06368857877034861,1.0,0.5782637340318411,margin
1580-141084-0034_672-122797-0074_1221-135767-0005_x4,s2,coarse_to_fine,0,True,0.00026773299784910994,0.27322586707238844,1.0,0.5606748127924217,accepted
1580-141084-0034_672-122797-0074_1221-135767-0005_x4,s3,coarse_to_fine,0,False,0.0,0.04883331043158262,1.0,0.44181477170286426,margin
1580-141084-0034_672-122797-0074_1221-135767-0005_x4,s4,coarse_to_fine,0,False,0.0,-0.05444332997328322,1.0,0.3886513572835947,margin
1580-141084-0034_672-122797-0074_1221-135767-0005_x4,s1,coarse_to_fine,1,False,0.0,-0.06368857877034861,1.0,0.5782637340318411,margin
1580-141084-0034_672-122797-0074_1221-135767-0005_x4,s2,coarse_to_fine,1,True,0.00026773299784910994,0.5920647967932378,1.0,0.5470319261880224,accepted
1580-141084-0034_672-122797-0074_1221-135767-0005_x4,s3,coarse_to_fine,1,False,0.0,0.04883331043158262,1.0,0.44181477170286426,margin
1580-141084-0034_672-122797-0074_1221-135767-0005_x4,s4,coarse_to_fine,1,False,0.0,-0.05444332997328322,1.0,0.3886513572835947,margin
1320-122617-0008_6829-68769-0034_1188-133604-0015_x4,s1,gated_deflation,0,False,0.0,-0.07338149148912426,1.0,0.88560371654103,margin
1320-122617-0008_6829-68769-0034_1188-133604-0015_x4,s2,gated_deflation,0,False,0.0,-0.027546607154704972,1.0,0.8203611225254692,margin
1320-122617-0008_6829-68769-0034_1188-133604-0015_x4,s3,gated_deflation,0,True,0.0001659862947290152,0.4689783745631007,1.0,0.3974599837453731,accepted
1320-122617-0008_6829-68769-0034_1188-133604-0015_x4,s4,gated_deflation,0,True,0.0,0.251887153163305,1.0,0.8193434172668617,accepted
1320-122617-0008_6829-68769-0034_1188-133604-0015_x4,s1,coarse_to_fine,0,False,0.0,-0.3657560254871393,1.0,0.4889806113260714,margin
1320-122617-0008_6829-68769-0034_1188-133604-0015_x4,s2,coarse_to_fine,0,False,0.0,-0.06736063756404082,1.0,0.4275586090542212,margin
1320-122617-0008_6829-68769-0034_1188-133604-0015_x4,s3,coarse_to_fine,0,True,0.0001659862947290152,0.3209753134908726,1.0,0.34938378235890294,accepted
1320-122617-0008_6829-68769-0034_1188-133604-0015_x4,s4,coarse_to_fine,0,False,0.0,0.018865573776451428,1.0,0.30088256942095326,margin
1320-122617-0008_6829-68769-0034_1188-133604-0015_x4,s1,coarse_to_fine,1,False,0.0,-0.47989823705477225,1.0,0.4889806113260714,margin
1320-122617-0008_6829-68769-0034_1188-133604-0015_x4,s2,coarse_to_fine,1,False,0.0,-0.28344251819225974,1.0,0.4275586090542212,margin
1320-122617-0008_6829-68769-0034_1188-133604-0015_x4,s3,coarse_to_fine,1,True,0.0001659862947290152,0.6276025686462416,1.0,0.3449416945164052,accepted
1320-122617-0008_6829-68769-0034_1188-133604-0015_x4,s4,coarse_to_fine,1,False,0.0,0.007632166188807132,1.0,0.30088256942095326,margin
61-70968-0050_4970-29093-0000_7729-102255-0000_x4,s1,gated_deflation,0,True,0.0001163564373446992,0.4524040527338996,0.9710077519379845,0.6136949114606481,accepted
61-70968-0050_4970-29093-0000_7729-102255-0000_x4,s2,gated_deflation,0,True,0.0,0.41484282927256955,1.0,0.8286684348142604,accepted
61-70968-0050_4970-29093-0000_7729-102255-0000_x4,s3,gated_deflation,0,True,0.0,0.2387385386375489,1.0,0.7630608375375443,accepted
61-70968-0050_4970-29093-0000_7729-102255-0000_x4,s4,gated_deflation,0,False,0.0,0.05439373824760668,0.9195736434108527,0.6978132127957687,margin
61-70968-0050_4970-29093-0000_7729-102255-0000_x4,s1,coarse_to_fine,0,True,0.0001163564373446992,0.32824892447040643,1.0,0.4507890534433206,accepted
61-70968-0050_4970-29093-0000_7729-102255-0000_x4,s2,coarse_to_fine,0,True,0.0,0.23525001050826733,1.0,0.545864772673129,accepted
61-70968-0050_4970-29093-0000_7729-102255-0000_x4,s3,coarse_to_fine,0,False,0.0,-0.17484618686537803,1.0,0.3382096167043033,margin
61-70968-0050_4970-29093-0000_7729-102255-0000_x4,s4,coarse_to_fine,0,False,0.0,-0.008716144592055886,1.0,0.4035440161558753,margin
61-70968-0050_4970-29093-0000_7729-102255-0000_x4,s1,coarse_to_fine,1,True,0.0001163564373446992,0.5590477226844376,1.0,0.4330689627471007,accepted
61-70968-0050_4970-29093-0000_7729-102255-0000_x4,s2,coarse_to_fine,1,True,0.0,0.49982645309448215,1.0,0.5400474007254806,accepted
61-70968-0050_4970-29093-0000_7729-102255-0000_x4,s3,coarse_to_fine,1,False,0.0,-0.3715807162217605,1.0,0.3382096167043033,margin
61-70968-0050_4970-29093-0000_7729-102255-0000_x4,s4,coarse_to_fine,1,False,0.0,-0.21836336572322884,1.0,0.4035440161558753,margin
1089-134686-0023_6829-68771-0023_2961-961-0015_x4,s1,gated_deflation,0,True,0.00011889702606020882,0.8404830953607643,1.0,0.5116319109794814,accepted
1089-134686-0023_6829-68771-0023_2961-961-0015_x4,s2,gated_deflation,0,False,0.0,-0.2738371836906024,1.0,0.8227501680891494,margin
1089-134686-0023_6829-68771-0023_2961-961-0015_x4,s3,gated_deflation,0,False,0.0,-0.06990528188884121,1.0,0.7692266821705344,margin
1089-134686-0023_6829-68771-0023_2961-961-0015_x4,s4,gated_deflation,0,False,0.0,0.05824781309913574,1.0,0.8061752995732487,margin
1089-134686-0023_6829-68771-0023_2961-961-0015_x4,s1,coarse_to_fine,0,True,0.00011889702606020882,0.6794396868759461,1.0,0.4527047026462331,accepted
1089-134686-0023_6829-68771-0023_2961-961-0015_x4,s2,coarse_to_fine,0,False,0.0,-0.17606506998080587,1.0,0.4420863888532067,margin
1089-134686-0023_6829-68771-0023_2961-961-0015_x4,s3,coarse_to_fine,0,False,0.0,-0.35345165185182076,1.0,0.4491636522677939,margin
1089-134686-0023_6829-68771-0023_2961-961-0015_x4,s4,coarse_to_fine,0,True,0.0,0.1415534616599302,1.0,0.3945204825852818,accepted
1089-134686-0023_6829-68771-0023_2961-961-0015_x4,s1,coarse_to_fine,1,True,0.00011889702606020882,0.7817369203744315,1.0,0.45678609336295006,accepted
1089-134686-0023_6829-68771-0023_2961-961-0015_x4,s2,coarse_to_fine,1,False,0.0,-0.40886904550365627,1.0,0.4420863888532067,margin
1089-134686-0023_6829-68771-0023_2961-961-0015_x4,s3,coarse_to_fine,1,False,0.0,-0.4469180672475523,1.0,0.4491636522677939,margin
1089-134686-0023_6829-68771-0023_2961-961-0015_x4,s4,coarse_to_fine,1,True,0.0,0.5340261916301507,1.0,0.4329591104394997,accepted
6829-68769-0021_3575-170457-0013_908-31957-0021_x4,s1,gated_deflation,0,True,0.0,0.21464636293842815,1.0,0.6257517411704814,accepted
6829-68769-0021_3575-170457-0013_908-31957-0021_x4,s2,gated_deflation,0,True,0.0,0.15344920576158677,0.9603669724770643,0.5627345176971043,accepted
6829-68769-0021_3575-170457-0013_908-31957-0021_x4,s3,gated_deflation,0,True,0.0003442766175613451,0.19184083536233806,0.9769113149847095,0.5585249390545188,accepted
6829-68769-0021_3575-170457-0013_908-31957-0021_x4,s4,gated_deflation,0,False,0.0,0.02594375471615812,1.0,0.7337196716197595,margin
6829-68769-0021_3575-170457-0013_908-31957-0021_x4,s1,coarse_to_fine,0,True,0.0,0.13349069801331664,1.0,0.32343172541136195,accepted
6829-68769-0021_3575-170457-0013_908-31957-0021_x4,s2,coarse_to_fine,0,False,0.0,0.033753851552102976,0.9782415902140673,0.3851851703522969,margin
6829-68769-0021_3575-170457-0013_908-31957-0021_x4,s3,coarse_to_fine,0,True,0.0003442766175613451,0.12133103325019545,1.0,0.4437834105481974,accepted
6829-68769-0021_3575-170457-0013_908-31957-0021_x4,s4,coarse_to_fine,0,True,0.0,0.11329992181704918,1.0,0.3580877319723753,accepted
6829-68769-0021_3575-170457-0013_908-31957-0021_x4,s1,coarse_to_fine,1,False,0.0,0.09998358563126097,0.9924945612762872,0.3177999538980724,margin
6829-68769-0021_3575-170457-0013_908-31957-0021_x4,s2,coarse_to_fine,1,False,0.0,-0.24057107773069852,0.9782415902140673,0.3851851703522969,margin
6829-68769-0021_3575-170457-0013_908-31957-0021_x4,s3,coarse_to_fine,1,True,0.0003442766175613451,0.3823562471808942,0.9842660550458716,0.4347832509340083,accepted
6829-68769-0021_3575-170457-0013_908-31957-0021_x4,s4,coarse_to_fine,1,True,0.0,0.23291958092376952,1.0,0.36458624259713224,accepted
4446-2275-0007_7176-92135-0000_3575-170457-0024_x4,s1,gated_deflation,0,True,0.0,0.2508259888910519,1.0,0.748455181538453,accepted
4446-2275-0007_7176-92135-0000_3575-170457-0024_x4,s2,gated_deflation,0,True,8.368211265115883e-05,0.28607185199802876,0.9890382052421146,0.4612751965376617,accepted
4446-2275-0007_7176-92135-0000_3575-170457-0024_x4,s3,gated_deflation,0,True,0.0,0.15162078412469596,0.9705464238116392,0.5678933776595659,accepted
4446-2275-0007_7176-92135-0000_3575-170457-0024_x4,s4,gated_deflation,0,False,0.0,-0.03959957493507618,1.0,0.913646897517596,margin
4446-2275-0007_7176-92135-0000_3575-170457-0024_x4,s1,coarse_to_fine,0,False,0.0,-0.049526305174071084,1.0,0.5077992651936122,margin
4446-2275-0007_7176-92135-0000_3575-170457-0024_x4,s2,coarse_to_fine,0,True,8.368211265115883e-05,0.43165475523219526,1.0,0.32959882536535334,accepted
4446-2275-0007_7176-92135-0000_3575-170457-0024_x4,s3,coarse_to_fine,0,True,0.0,0.1308310193975592,1.0,0.408687383615607,accepted
4446-2275-0007_7176-92135-0000_3575-170457-0024_x4,s4,coarse_to_fine,0,False,0.0,-0.23528119358771055,1.0,0.47371587087141276,margin
4446-2275-0007_7176-92135-0000_3575-170457-0024_x4,s1,coarse_to_fine,1,False,0.0,-0.33542375324693197,1.0,0.5077992651936122,margin
4446-2275-0007_7176-92135-0000_3575-170457-0024_x4,s2,coarse_to_fine,1,True,8.368211265115883e-05,0.6674255997727914,1.0,0.30456998613813735,accepted
4446-2275-0007_7176-92135-0000_3575-170457-0024_x4,s3,coarse_to_fine,1,True,0.0,0.3702336355417103,1.0,0.48262782509444263,accepted
4446-2275-0007_7176-92135-0000_3575-170457-0024_x4,s4,coarse_to_fine,1,False,0.0,-0.3915691064764429,1.0,0.47371587087141276,margin
1995-1837-0015_8463-294828-0000_260-123286-0030_x4,s1,gated_deflation,0,False,0.0,0.04707218822911596,1.0,0.70260218873667,margin
1995-1837-0015_8463-294828-0000_260-123286-0030_x4,s2,gated_deflation,0,True,0.0,0.16167694091964963,1.0,0.8474082274324427,accepted
1995-1837-0015_8463-294828-0000_260-123286-0030_x4,s3,gated_deflation,0,True,0.0,0.47799925992990056,0.9680277349768875,0.5967040512347763,accepted
1995-1837-0015_8463-294828-0000_260-123286-0030_x4,s4,gated_deflation,0,False,0.0,-0.12014271256478828,0.9682973805855162,0.5822152461498945,margin
1995-1837-0015_8463-294828-0000_260-123286-0030_x4,s1,coarse_to_fine,0,False,0.0,0.030756266301028568,1.0,0.3040837971300939,margin
1995-1837-0015_8463-294828-0000_260-123286-0030_x4,s2,coarse_to_fine,0,False,0.0,-0.12618966773122856,1.0,0.5714860310078859,margin
1995-1837-0015_8463-294828-0000_260-123286-0030_x4,s3,coarse_to_fine,0,True,0.0,0.258812834786046,0.9686055469953775,0.4000417011457149,accepted
1995-1837-0015_8463-294828-0000_260-123286-0030_x4,s4,coarse_to_fine,0,False,0.0,-0.04211669173321461,0.9464753466872111,0.3695737302901463,margin
1995-1837-0015_8463-294828-0000_260-123286-0030_x4,s1,coarse_to_fine,1,False,0.0,0.005136931352384522,1.0,0.3040837971300939,margin
1995-1837-0015_8463-294828-0000_260-123286-0030_x4,s2,coarse_to_fine,1,False,0.0,-0.12618966773122856,1.0,0.5714860310078859,margin
1995-1837-0015_8463-294828-0000_260-123286-0030_x4,s3,coarse_to_fine,1,True,0.0,0.6094657842266098,0.9686440677966102,0.40364076057053583,accepted
1995-1837-0015_8463-294828-0000_260-123286-0030_x4,s4,coarse_to_fine,1,False,0.0,-0.139047572599188,0.9464753466872111,0.3695737302901463,margin
121-127105-0023_2094-142345-0013_6930-75918-0014_x4,s1,gated_deflation,0,False,0.0,0.04701727982710452,1.0,0.7329324058299398,margin
121-127105-0023_2094-142345-0013_6930-75918-0014_x4,s2,gated_deflation,0,True,0.0,0.15189708218726983,0.991122641509434,0.5744175254321212,accepted
121-127105-0023_2094-142345-0013_6930-75918-0014_x4,s3,gated_deflation,0,True,0.00015614997719154238,0.21429951197129826,1.0,0.581205515918294,accepted
121-127105-0023_2094-142345-0013_6930-75918-0014_x4,s4,gated_deflation,0,True,0.0,0.1312076953327257,1.0,0.8389364257739903,accepted
121-127105-0023_2094-142345-0013_6930-75918-0014_x4,s1,coarse_to_fine,0,False,0.0,-0.23495361500567355,1.0,0.5089752139234305,margin
121-127105-0023_2094-142345-0013_6930-75918-0014_x4,s2,coarse_to_fine,0,True,0.0,0.22637693277054668,0.991122641509434,0.4203209622254521,accepted
121-127105-0023_2094-142345-0013_6930-75918-0014_x4,s3,coarse_to_fine,0,False,0.00015614997719154238,0.07076565117875144,1.0,0.5571421058105015,margin
121-127105-0023_2094-142345-0013_6930-75918-0014_x4,s4,coarse_to_fine,0,False,0.0,-0.05036397047283919,1.0,0.3354566651825713,margin
121-127105-0023_2094-142345-0013_6930-75918-0014_x4,s1,coarse_to_fine,1,False,0.0,-0.4177728692317991,1.0,0.5089752139234305,margin
121-127105-0023_2094-142345-0013_6930-75918-0014_x4,s2,coarse_to_fine,1,True,0.0,0.4795224389834323,1.0,0.4178249076729185,accepted
121-127105-0023_2094-142345-0013_6930-75918-0014_x4,s3,coarse_to_fine,1,False,0.00015614997719154238,-0.06869594049964545,1.0,0.5571421058105015,margin
121-127105-0023_2094-142345-0013_6930-75918-0014_x4,s4,coarse_to_fine,1,False,0.0,-0.23034697040463675,1.0,0.3354566651825713,margin
2300-131720-0036_8230-279154-0021_5142-33396-0034_x4,s1,gated_deflation,0,True,0.0,0.2774624360141919,1.0,0.7201050032247438,accepted
2300-131720-0036_8230-279154-0021_5142-33396-0034_x4,s2,gated_deflation,0,True,0.0,0.2267905012380581,1.0,0.6737673823079164,accepted
2300-131720-0036_8230-279154-0021_5142-33396-0034_x4,s3,gated_deflation,0,True,0.0,0.18785538634674337,1.0,0.7933212554595698,accepted
2300-131720-0036_8230-279154-0021_5142-33396-0034_x4,s4,gated_deflation,0,True,0.00012885213423787802,0.3527612401222432,1.0,0.5278247057921233,accepted
2300-131720-0036_8230-279154-0021_5142-33396-0034_x4,s1,coarse_to_fine,0,False,0.0,-0.15968213931926467,1.0,0.4858887667816791,margin
2300-131720-0036_8230-279154-0021_5142-33396-0034_x4,s2,coarse_to_fine,0,True,0.0,0.31589974697365186,1.0,0.38483278302348994,accepted
2300-131720-0036_8230-279154-0021_5142-33396-0034_x4,s3,coarse_to_fine,0,False,0.0,-0.05464304519249236,1.0,0.5342904000843781,margin
2300-131720-0036_8230-279154-0021_5142-33396-0034_x4,s4,coarse_to_fine,0,True,0.00012885213423787802,0.2635183382900498,1.0,0.3474950293145601,accepted
2300-131720-0036_8230-279154-0021_5142-33396-0034_x4,s1,coarse_to_fine,1,False,0.0,-0.4120212452446178,1.0,0.4858887667816791,margin
2300-131720-0036_8230-279154-0021_5142-33396-0034_x4,s2,coarse_to_fine,1,True,0.0,0.6056138245577372,1.0,0.34858680128010583,accepted
2300-131720-0036_8230-279154-0021_5142-33396-0034_x4,s3,coarse_to_fine,1,False,0.0,-0.28184664621958805,1.0,0.5342904000843781,margin
2300-131720-0036_8230-279154-0021_5142-33396-0034_x4,s4,coarse_to_fine,1,True,0.00012885213423787802,0.5236117396937334,1.0,0.37095548923019517,accepted
1580-141083-0009_1320-122612-0004_5683-32866-0006_x4,s1,gated_deflation,0,False,0.0,0.08193482632755017,1.0,0.7626145082056424,margin
1580-141083-0009_1320-122612-0004_5683-32866-0006_x4,s2,gated_deflation,0,False,0.0,-0.14614446326088415,1.0,0.6653475646338669,margin
1580-141083-0009_1320-122612-0004_5683-32866-0006_x4,s3,gated_deflation,0,True,0.0,0.1677891121628306,1.0,0.827742741658788,accepted
1580-141083-0009_1320-122612-0004_5683-32866-0006_x4,s4,gated_deflation,0,True,0.00021558731487736327,0.46299562627404733,0.9541804635761589,0.5432184081313737,accepted
1580-141083-0009_1320-122612-0004_5683-32866-0006_x4,s1,coarse_to_fine,0,False,0.0,-0.11629761783427867,1.0,0.5945548562519651,margin
1580-141083-0009_1320-122612-0004_5683-32866-0006_x4,s2,coarse_to_fine,0,False,0.0,-0.45866821430798044,1.0,0.3658197707267989,margin
1580-141083-0009_1320-122612-0004_5683-32866-0006_x4,s3,coarse_to_fine,0,False,0.0,-0.03609972003497541,1.0,0.5334212592350925,margin
1580-141083-0009_1320-122612-0004_5683-32866-0006_x4,s4,coarse_to_fine,0,True,0.00021558731487736327,0.4585486072291801,1.0,0.381122435317849,accepted
1580-141083-0009_1320-122612-0004_5683-32866-0006_x4,s1,coarse_to_fine,1,False,0.0,-0.2858394015716587,1.0,0.5945548562519651,margin
1580-141083-0009_1320-122612-0004_5683-32866-0006_x4,s2,coarse_to_fine,1,False,0.0,-0.584679695332059,1.0,0.3658197707267989,margin
1580-141083-0009_1320-122612-0004_5683-32866-0006_x4,s3,coarse_to_fine,1,False,0.0,-0.20886726532279226,1.0,0.5334212592350925,margin
1580-141083-0009_1320-122612-0004_5683-32866-0006_x4,s4,coarse_to_fine,1,True,0.00021558731487736327,0.592303670964097,1.0,0.4362552348775412,accepted
1221-135767-0002_3570-5694-0000_6930-75918-0002_x4,s1,gated_deflation,0,True,0.00016035166736749981,0.3795033413944581,1.0,0.6018633335855011,accepted
1221-135767-0002_3570-5694-0000_6930-75918-0002_x4,s2,gated_deflation,0,False,0.0,-0.045225727602112575,1.0,0.589165805919099,margin
1221-135767-0002_3570-5694-0000_6930-75918-0002_x4,s3,gated_deflation,0,False,0.0,0.026412988272366766,1.0,0.8892926496670855,margin
1221-135767-0002_3570-5694-0000_6930-75918-0002_x4,s4,gated_deflation,0,False,0.0,0.002978117768923816,1.0,0.6894948033068542,margin
1221-135767-0002_3570-5694-0000_6930-75918-0002_x4,s1,coarse_to_fine,0,True,0.00016035166736749981,0.2247511287797595,1.0,0.5226909289796686,accepted
1221-135767-0002_3570-5694-0000_6930-75918-0002_x4,s2,coarse_to_fine,0,False,0.0,-0.21427210641424965,1.0,0.35377795887469743,margin
1221-135767-0002_3570-5694-0000_6930-75918-0002_x4,s3,coarse_to_fine,0,False,0.0,-0.0542612464800058,1.0,0.6144543164986636,margin
1221-135767-0002_3570-5694-0000_6930-75918-0002_x4,s4,coarse_to_fine,0,False,0.0,-0.2505562142483916,1.0,0.5145539480294267,margin
1221-135767-0002_3570-5694-0000_6930-75918-0002_x4,s1,coarse_to_fine,1,True,0.00016035166736749981,0.5416377159912804,1.0,0.5420057413952213,accepted
1221-135767-0002_3570-5694-0000_6930-75918-0002_x4,s2,coarse_to_fine,1,False,0.0,-0.4392020180211569,1.0,0.35377795887469743,margin
1221-135767-0002_3570-5694-0000_6930-75918-0002_x4,s3,coarse_to_fine,1,False,0.0,-0.2633855065857192,1.0,0.6144543164986636,margin
1221-135767-0002_3570-5694-0000_6930-75918-0002_x4,s4,coarse_to_fine,1,False,0.0,-0.5483359294499083,1.0,0.5145539480294267,margin
5683-32866-0021_260-123288-0025_2300-131720-0000_x4,s1,gated_deflation,0,True,0.0,0.230604605634391,1.0,0.7828831183823772,accepted
5683-32866-0021_260-123288-0025_2300-131720-0000_x4,s2,gated_deflation,0,False,0.0,-0.20552560782710227,0.9566291683406991,0.5463313463387726,margin
5683-32866-0021_260-123288-0025_2300-131720-0000_x4,s3,gated_deflation,0,False,0.0,-0.04306505625149404,1.0,0.8394267731104754,margin
5683-32866-0021_260-123288-0025_2300-131720-0000_x4,s4,gated_deflation,0,True,8.935621747696439e-05,0.37367710242578367,0.9742165528324629,0.42667614767121365,accepted
5683-32866-0021_260-123288-0025_2300-131720-0000_x4,s1,coarse_to_fine,0,False,0.0,0.04956950590558035,1.0,0.4925886880573972,margin
5683-32866-0021_260-123288-0025_2300-131720-0000_x4,s2,coarse_to_fine,0,False,0.0,-0.3253939492243536,0.9780835676978706,0.31741466045713007,margin
5683-32866-0021_260-123288-0025_2300-131720-0000_x4,s3,coarse_to_fine,0,False,0.0,-0.02715670976151724,1.0,0.33868896611140353,margin
5683-32866-0021_260-123288-0025_2300-131720-0000_x4,s4,coarse_to_fine,0,True,8.935621747696439e-05,0.26782808910310407,0.9760747288067497,0.27948280667272063,accepted
5683-32866-0021_260-123288-0025_2300-131720-0000_x4,s1,coarse_to_fine,1,False,0.0,0.025542829061221628,1.0,0.4925886880573972,margin
5683-32866-0021_260-123288-0025_2300-131720-0000_x4,s2,coarse_to_fine,1,False,0.0,-0.5674648844291451,0.9780835676978706,0.31741466045713007,margin
5683-32866-0021_260-123288-0025_2300-131720-0000_x4,s3,coarse_to_fine,1,False,0.0,-0.2504618169090209,1.0,0.33868896611140353,margin
5683-32866-0021_260-123288-0025_2300-131720-0000_x4,s4,coarse_to_fine,1,True,8.935621747696439e-05,0.5091240461480382,0.9760546404178385,0.2729917307636184,accepted
1284-1180-0009_2830-3980-0044_7021-79740-0002_x4,s1,gated_deflation,0,True,0.0,0.1958271212340964,0.9466414380321665,0.6667530190273975,accepted
1284-1180-0009_2830-3980-0044_7021-79740-0002_x4,s2,gated_deflation,0,True,0.0,0.1947280013230266,1.0,0.8276987035698713,accepted
1284-1180-0009_2830-3980-0044_7021-79740-0002_x4,s3,gated_deflation,0,True,0.0,0.193626756861918,0.8895374449339207,0.5331106604910025,accepted
1284-1180-0009_2830-3980-0044_7021-79740-0002_x4,s4,gated_deflation,0,False,0.0,-0.1004506099525054,0.8895689112649465,0.5646430890709245,margin
1284-1180-0009_2830-3980-0044_7021-79740-0002_x4,s1,coarse_to_fine,0,True,0.0,0.21151043389405108,0.9466414380321665,0.3580593065244243,accepted
1284-1180-0009_2830-3980-0044_7021-79740-0002_x4,s2,coarse_to_fine,0,False,0.0,0.028833287776080546,1.0,0.5053133943843399,margin
1284-1180-0009_2830-3980-0044_7021-79740-0002_x4,s3,coarse_to_fine,0,True,0.0,0.22301882890063207,0.9492290748898679,0.35778885371390223,accepted
1284-1180-0009_2830-3980-0044_7021-79740-0002_x4,s4,coarse_to_fine,0,False,0.0,-0.057657138077782166,0.9157803650094399,0.40096455685316834,margin
1284-1180-0009_2830-3980-0044_7021-79740-0002_x4,s1,coarse_to_fine,1,True,0.0,0.4332134061858333,0.9469252601702933,0.3318595748366234,accepted
1284-1180-0009_2830-3980-0044_7021-79740-0002_x4,s2,coarse_to_fine,1,False,0.0,-0.1852784193018956,1.0,0.5053133943843399,margin
1284-1180-0009_2830-3980-0044_7021-79740-0002_x4,s3,coarse_to_fine,1,True,0.0,0.4572739544495921,0.9489930774071743,0.325806351995298,accepted
1284-1180-0009_2830-3980-0044_7021-79740-0002_x4,s4,coarse_to_fine,1,False,0.0,-0.2681104002884464,0.9157803650094399,0.40096455685316834,margin
1580-141083-0049_8224-274381-0014_6829-68769-0015_x4,s1,gated_deflation,0,False,0.0,0.07057305344563647,1.0,0.9097376757001989,margin
1580-141083-0049_8224-274381-0014_6829-68769-0015_x4,s2,gated_deflation,0,True,0.0001544160758234918,0.6825433302865477,1.0,0.44488581446888437,accepted
1580-141083-0049_8224-274381-0014_6829-68769-0015_x4,s3,gated_deflation,0,False,0.0,0.06149672456625632,1.0,0.8306887113147724,margin
1580-141083-0049_8224-274381-0014_6829-68769-0015_x4,s4,gated_deflation,0,True,0.0,0.23491740148899093,1.0,0.8439091163312255,accepted
1580-141083-0049_8224-274381-0014_6829-68769-0015_x4,s1,coarse_to_fine,0,False,0.0,-0.03699183728339725,1.0,0.5204552752573189,margin
1580-141083-0049_8224-274381-0014_6829-68769-0015_x4,s2,coarse_to_fine,0,True,0.0001544160758234918,0.3485224210638549,1.0,0.41228712605088547,accepted
1580-141083-0049_8224-274381-0014_6829-68769-0015_x4,s3,coarse_to_fine,0,False,0.0,0.053230276759515804,1.0,0.45990405817437463,margin
1580-141083-0049_8224-274381-0014_6829-68769-0015_x4,s4,coarse_to_fine,0,False,0.0,-0.07109588322289193,1.0,0.4942161194226645,margin
1580-141083-0049_8224-274381-0014_6829-68769-0015_x4,s1,coarse_to_fine,1,False,0.0,-0.03699183728339725,1.0,0.5204552752573189,margin
1580-141083-0049_8224-274381-0014_6829-68769-0015_x4,s2,coarse_to_fine,1,True,0.0001544160758234918,0.6502686923042572,1.0,0.3868473706618302,accepted
1580-141083-0049_8224-274381-0014_6829-68769-0015_x4,s3,coarse_to_fine,1,False,0.0,0.053230276759515804,1.0,0.45990405817437463,margin
1580-141083-0049_8224-274381-0014_6829-68769-0015_x4,s4,coarse_to_fine,1,False,0.0,-0.20146808325339557,1.0,0.4942161194226645,margin
260-123440-0009_8230-279154-0002_8555-284447-0022_x4,s1,gated_deflation,0,False,0.0,0.14115082900759046,1.0,0.9112161586916264,artifact_score
260-123440-0009_8230-279154-0002_8555-284447-0022_x4,s2,gated_deflation,0,True,0.00011860756662378489,0.6739864953756438,0.97998046875,0.44268243612144065,accepted
260-123440-0009_8230-279154-0002_8555-284447-0022_x4,s3,gated_deflation,0,True,0.0,0.11228823956666814,0.93291015625,0.892399153813899,accepted
260-123440-0009_8230-279154-0002_8555-284447-0022_x4,s4,gated_deflation,0,False,0.0,0.0031197242065540143,1.0,0.9059469101663904,margin
260-123440-0009_8230-279154-0002_8555-284447-0022_x4,s1,coarse_to_fine,0,False,0.0,-0.21141534415068747,1.0,0.4297026638710517,margin
260-123440-0009_8230-279154-0002_8555-284447-0022_x4,s2,coarse_to_fine,0,True,0.00011860756662378489,0.4042800412274083,0.894482421875,0.4335456149657536,accepted
260-123440-0009_8230-279154-0002_8555-284447-0022_x4,s3,coarse_to_fine,0,False,0.0,0.07303061044559606,0.939794921875,0.43805877189650483,margin
260-123440-0009_8230-279154-0002_8555-284447-0022_x4,s4,coarse_to_fine,0,False,0.0,-0.1064311838871757,1.0,0.4168824349620578,margin
260-123440-0009_8230-279154-0002_8555-284447-0022_x4,s1,coarse_to_fine,1,False,0.0,-0.21141534415068747,1.0,0.4297026638710517,margin
260-123440-0009_8230-279154-0002_8555-284447-0022_x4,s2,coarse_to_fine,1,True,0.00011860756662378489,0.7313266834936661,0.89140625,0.40837449194179537,accepted
260-123440-0009_8230-279154-0002_8555-284447-0022_x4,s3,coarse_to_fine,1,False,0.0,0.07303061044559606,0.939794921875,0.43805877189650483,margin
260-123440-0009_8230-279154-0002_8555-284447-0022_x4,s4,coarse_to_fine,1,False,0.0,-0.1064311838871757,1.0,0.4168824349620578,margin
1995-1837-0001_908-157963-0004_4446-2271-0010_x4,s1,gated_deflation,0,False,0.0,0.01789850910824664,1.0,0.6395664684063241,margin
1995-1837-0001_908-157963-0004_4446-2271-0010_x4,s2,gated_deflation,0,True,0.00011746012375416984,0.4603143758992116,1.0,0.46873089356647063,accepted
1995-1837-0001_908-157963-0004_4446-2271-0010_x4,s3,gated_deflation,0,False,0.0,0.07709532172960043,1.0,0.8895497953978745,margin
1995-1837-0001_908-157963-0004_4446-2271-0010_x4,s4,gated_deflation,0,False,0.0,-0.1538993095025773,1.0,0.5337366913795838,margin
1995-1837-0001_908-157963-0004_4446-2271-0010_x4,s1,coarse_to_fine,0,True,0.0,0.10634801465889271,1.0,0.28400531423160064,accepted
1995-1837-0001_908-157963-0004_4446-2271-0010_x4,s2,coarse_to_fine,0,True,0.00011746012375416984,0.35281993014768726,1.0,0.3416740321318009,accepted
1995-1837-0001_908-157963-0004_4446-2271-0010_x4,s3,coarse_to_fine,0,False,0.0,-0.173192389001028,1.0,0.4476377724262804,margin
1995-1837-0001_908-157963-0004_4446-2271-0010_x4,s4,coarse_to_fine,0,False,0.0,-0.27617819780238645,1.0,0.3350474058079888,margin
1995-1837-0001_908-157963-0004_4446-2271-0010_x4,s1,coarse_to_fine,1,True,0.0,0.479463147978086,1.0,0.2835411454632813,accepted
1995-1837-0001_908-157963-0004_4446-2271-0010_x4,s2,coarse_to_fine,1,True,0.00011746012375416984,0.6115745956932708,1.0,0.3576156203915299,accepted
1995-1837-0001_908-157963-0004_4446-2271-0010_x4,s3,coarse_to_fine,1,False,0.0,-0.40323547783101443,1.0,0.4476377724262804,margin
1995-1837-0001_908-157963-0004_4446-2271-0010_x4,s4,coarse_to_fine,1,False,0.0,-0.4887347087331065,1.0,0.3350474058079888,margin
6829-68769-0036_6930-76324-0021_3729-6852-0016_x4,s1,gated_deflation,0,False,0.0,0.06663550650010985,1.0,0.7203778969048716,margin
6829-68769-0036_6930-76324-0021_3729-6852-0016_x4,s2,gated_deflation,0,True,0.0,0.1604938202854198,1.0,0.7330497607631115,accepted
6829-68769-0036_6930-76324-0021_3729-6852-0016_x4,s3,gated_deflation,0,False,0.0,-0.2266193522997226,1.0,0.8012850279671636,margin
6829-68769-0036_6930-76324-0021_3729-6852-0016_x4,s4,gated_deflation,0,True,0.0002487264217901869,0.20245354192531223,1.0,0.6348134189575411,accepted
6829-68769-0036_6930-76324-0021_3729-6852-0016_x4,s1,coarse_to_fine,0,False,0.0,-0.15114037258130653,1.0,0.4019589283799794,margin
6829-68769-0036_6930-76324-0021_3729-6852-0016_x4,s2,coarse_to_fine,0,False,0.0,-0.03478245839777694,1.0,0.6030133775729197,margin
6829-68769-0036_6930-76324-0021_3729-6852-0016_x4,s3,coarse_to_fine,0,False,0.0,-0.4103904971618591,1.0,0.37243510890348047,margin
6829-68769-0036_6930-76324-0021_3729-6852-0016_x4,s4,coarse_to_fine,0,True,0.0002487264217901869,0.18869387693317408,1.0,0.41529090336443636,accepted
6829-68769-0036_6930-76324-0021_3729-6852-0016_x4,s1,coarse_to_fine,1,False,0.0,-0.3073703184791392,1.0,0.4019589283799794,margin
6829-68769-0036_6930-76324-0021_3729-6852-0016_x4,s2,coarse_to_fine,1,False,0.0,-0.22257317305827462,1.0,0.6030133775729197,margin
6829-68769-0036_6930-76324-0021_3729-6852-0016_x4,s3,coarse_to_fine,1,False,0.0,-0.6152761598183146,1.0,0.37243510890348047,margin
6829-68769-0036_6930-76324-0021_3729-6852-0016_x4,s4,coarse_to_fine,1,True,0.0002487264217901869,0.4543106988161162,1.0,0.4319759170529836,accepted
7021-85628-0013_5683-32866-0008_1089-134686-0022_x4,s1,gated_deflation,0,False,0.00019322369258614226,0.025417673839070898,1.0,0.475570308548006,margin
7021-85628-0013_5683-32866-0008_1089-134686-0022_x4,s2,gated_deflation,0,True,0.0,0.28212572226413274,1.0,0.8859499343180764,accepted
7021-85628-0013_5683-32866-0008_1089-134686-0022_x4,s3,gated_deflation,0,True,0.0,0.26409930283536726,0.9879361179361179,0.5794555677008016,accepted
7021-85628-0013_5683-32866-0008_1089-134686-0022_x4,s4,gated_deflation,0,False,0.0,-0.028592127222207053,0.9898909811694747,0.7851919670268068,margin
7021-85628-0013_5683-32866-0008_1089-134686-0022_x4,s1,coarse_to_fine,0,False,0.00019322369258614226,-0.19727139172457536,0.9944103194103194,0.33302850014425556,margin
7021-85628-0013_5683-32866-0008_1089-134686-0022_x4,s2,coarse_to_fine,0,True,0.0,0.11501840827819751,1.0,0.553755816326959,accepted
7021-85628-0013_5683-32866-0008_1089-134686-0022_x4,s3,coarse_to_fine,0,True,0.0,0.2221745325250194,0.9948771498771499,0.44136441182674746,accepted
7021-85628-0013_5683-32866-0008_1089-134686-0022_x4,s4,coarse_to_fine,0,True,0.0,0.16596360720480818,0.9774777006937562,0.3694315116576038,accepted
7021-85628-0013_5683-32866-0008_1089-134686-0022_x4,s1,coarse_to_fine,1,False,0.00019322369258614226,-0.4052475617112849,0.9944103194103194,0.33302850014425556,margin
7021-85628-0013_5683-32866-0008_1089-134686-0022_x4,s2,coarse_to_fine,1,True,0.0,0.3930239091445507,1.0,0.5196791056108414,accepted
7021-85628-0013_5683-32866-0008_1089-134686-0022_x4,s3,coarse_to_fine,1,True,0.0,0.47348707925297273,0.99507371007371,0.44194010763647584,accepted
7021-85628-0013_5683-32866-0008_1089-134686-0022_x4,s4,coarse_to_fine,1,True,0.0,0.32457317682031994,0.9780475718533201,0.33972464153356013,accepted