scene,speaker,system,round,accepted,mean_variance,margin,vad_coverage,artifact_score,reason
4077-13754-0001_5142-33396-0065_5683-32866-0012,s1,gated_deflation,0,True,0.0,0.2736910077351267,1.0,0.8271811051669568,accepted
4077-13754-0001_5142-33396-0065_5683-32866-0012,s2,gated_deflation,0,False,0.0,0.029845194911423012,0.9855482717520858,0.7461817451782796,margin
4077-13754-0001_5142-33396-0065_5683-32866-0012,s3,gated_deflation,0,True,0.0001596384807540234,0.5305936192655716,0.9860846245530394,0.5266337370274241,accepted
4077-13754-0001_5142-33396-0065_5683-32866-0012,s1,coarse_to_fine,0,True,0.0,0.19742547785565534,1.0,0.5432711964815394,accepted
4077-13754-0001_5142-33396-0065_5683-32866-0012,s2,coarse_to_fine,0,False,0.0,-0.003612533309873378,1.0,0.5060835628149013,margin
4077-13754-0001_5142-33396-0065_5683-32866-0012,s3,coarse_to_fine,0,True,0.0001596384807540234,0.34051103981837627,1.0,0.4061073243663387,accepted
4077-13754-0001_5142-33396-0065_5683-32866-0012,s1,coarse_to_fine,1,True,0.0,0.49405282486682367,1.0,0.5630159136191644,accepted
4077-13754-0001_5142-33396-0065_5683-32866-0012,s2,coarse_to_fine,1,False,0.0,-0.175326163018591,1.0,0.5060835628149013,margin
4077-13754-0001_5142-33396-0065_5683-32866-0012,s3,coarse_to_fine,1,True,0.0001596384807540234,0.6500769584616812,1.0,0.4172136847531087,accepted
4507-16021-0025_1188-133604-0025_4992-23283-0016,s1,gated_deflation,0,True,0.00018342519574962582,0.2391396128079074,0.9292248062015503,0.4578781119493728,accepted
4507-16021-0025_1188-133604-0025_4992-23283-0016,s2,gated_deflation,0,False,0.0,-0.04136395860024811,0.9981201550387597,0.5243583507619379,margin
4507-16021-0025_1188-133604-0025_4992-23283-0016,s3,gated_deflation,0,True,0.0,0.2461149559030234,1.0,0.7166697283037533,accepted
4507-16021-0025_1188-133604-0025_4992-23283-0016,s1,coarse_to_fine,0,True,0.00018342519574962582,0.1973060622827641,0.9822868217054264,0.27061774011423206,accepted
4507-16021-0025_1188-133604-0025_4992-23283-0016,s2,coarse_to_fine,0,False,0.0,-0.2889786618252017,1.0,0.30090976181683926,margin
4507-16021-0025_1188-133604-0025_4992-23283-0016,s3,coarse_to_fine,0,False,0.0,-0.022156038953730306,1.0,0.2889047392114038,margin
4507-16021-0025_1188-133604-0025_4992-23283-0016,s1,coarse_to_fine,1,True,0.00018342519574962582,0.5387626842718788,0.9822093023255813,0.2732567379327222,accepted
4507-16021-0025_1188-133604-0025_4992-23283-0016,s2,coarse_to_fine,1,False,0.0,-0.5959687084904752,1.0,0.30090976181683926,margin
4507-16021-0025_1188-133604-0025_4992-23283-0016,s3,coarse_to_fine,1,False,0.0,-0.35492496917390143,1.0,0.2889047392114038,margin
5142-36377-0017_2830-3980-0022_3729-6852-0038,s1,gated_deflation,0,True,0.0,0.2889090941943305,1.0,0.7095148284823402,accepted
5142-36377-0017_2830-3980-0022_3729-6852-0038,s2,gated_deflation,0,True,0.0,0.12755566517097267,1.0,0.77283757932745,accepted
5142-36377-0017_2830-3980-0022_3729-6852-0038,s3,gated_deflation,0,False,0.0002628715444140093,0.04533915262384697,0.9896540027137042,0.6351862751194454,margin
5142-36377-0017_2830-3980-0022_3729-6852-0038,s1,coarse_to_fine,0,True,0.0,0.20039229319157634,1.0,0.5472048574302362,accepted
5142-36377-0017_2830-3980-0022_3729-6852-0038,s2,coarse_to_fine,0,False,0.0,-0.020937989428514492,1.0,0.5337599303005844,margin
5142-36377-0017_2830-3980-0022_3729-6852-0038,s3,coarse_to_fine,0,False,0.0002628715444140093,-0.1573050639925626,1.0,0.4869326123285689,margin
5142-36377-0017_2830-3980-0022_3729-6852-0038,s1,coarse_to_fine,1,True,0.0,0.4971510096118865,1.0,0.5570211736814378,accepted
5142-36377-0017_2830-3980-0022_3729-6852-0038,s2,coarse_to_fine,1,False,0.0,-0.20292796505575694,1.0,0.5337599303005844,margin
5142-36377-0017_2830-3980-0022_3729-6852-0038,s3,coarse_to_fine,1,False,0.0002628715444140093,-0.3877730622393448,1.0,0.4869326123285689,margin
7021-79759-0005_4507-16021-0058_260-123288-0005,s1,gated_deflation,0,False,0.0,-0.17365921955428576,0.9873484848484848,0.44509427485495046,margin
7021-79759-0005_4507-16021-0058_260-123288-0005,s2,gated_deflation,0,False,0.0,0.08214174035887084,1.0,0.8832067568661632,margin
7021-79759-0005_4507-16021-0058_260-123288-0005,s3,gated_deflation,0,True,0.0,0.28666998812512334,0.991904761904762,0.5152500088481391,accepted
7021-79759-0005_4507-16021-0058_260-123288-0005,s1,coarse_to_fine,0,False,0.0,-0.33025634870109377,0.9873484848484848,0.34810098911066584,margin
7021-79759-0005_4507-16021-0058_260-123288-0005,s2,coarse_to_fine,0,False,0.0,-0.06445032957916824,1.0,0.4049837265314987,margin
7021-79759-0005_4507-16021-0058_260-123288-0005,s3,coarse_to_fine,0,True,0.0,0.3397547299191485,0.991904761904762,0.41024452381241694,accepted
7021-79759-0005_4507-16021-0058_260-123288-0005,s1,coarse_to_fine,1,False,0.0,-0.5398048291816274,0.9873484848484848,0.34810098911066584,margin
7021-79759-0005_4507-16021-0058_260-123288-0005,s2,coarse_to_fine,1,False,0.0,-0.09758349394749208,1.0,0.4049837265314987,margin
7021-79759-0005_4507-16021-0058_260-123288-0005,s3,coarse_to_fine,1,True,0.0,0.5370239010066653,0.9872510822510823,0.3553606747222256,accepted
672-122797-0044_8463-294828-0013_4507-16021-0043,s1,gated_deflation,0,True,0.0,0.24935620821476195,1.0,0.7863500539843481,accepted
672-122797-0044_8463-294828-0013_4507-16021-0043,s2,gated_deflation,0,True,0.00012839922730585365,0.690479785990727,0.9661371237458194,0.6802089804233877,accepted
672-122797-0044_8463-294828-0013_4507-16021-0043,s3,gated_deflation,0,False,0.0,-0.1392796102932995,0.9744983277591973,0.7724245408356524,margin
672-122797-0044_8463-294828-0013_4507-16021-0043,s1,coarse_to_fine,0,True,0.0,0.21096581172894327,1.0,0.4779999914324689,accepted
672-122797-0044_8463-294828-0013_4507-16021-0043,s2,coarse_to_fine,0,True,0.00012839922730585365,0.299527137166386,0.9752508361204013,0.5871924758576078,accepted
672-122797-0044_8463-294828-0013_4507-16021-0043,s3,coarse_to_fine,0,False,0.0,-0.38839398497865835,0.9771739130434782,0.42944730779848717,margin
672-122797-0044_8463-294828-0013_4507-16021-0043,s1,coarse_to_fine,1,True,0.0,0.47658995359107803,1.0,0.4865574598984767,accepted
672-122797-0044_8463-294828-0013_4507-16021-0043,s2,coarse_to_fine,1,True,0.00012839922730585365,0.7124113825861377,0.9672240802675586,0.5345321441842006,accepted
672-122797-0044_8463-294828-0013_4507-16021-0043,s3,coarse_to_fine,1,False,0.0,-0.6690986521896809,0.9771739130434782,0.42944730779848717,margin
6930-81414-0001_1995-1836-0006_121-121726-0014,s1,gated_deflation,0,True,0.00011719836239998562,0.613694924131104,1.0,0.5747590304919515,accepted
6930-81414-0001_1995-1836-0006_121-121726-0014,s2,gated_deflation,0,True,0.0,0.20277649511723728,1.0,0.7482562179750459,accepted
6930-81414-0001_1995-1836-0006_121-121726-0014,s3,gated_deflation,0,False,0.0,0.11725001607932306,1.0,0.9222552745787906,artifact_score
6930-81414-0001_1995-1836-0006_121-121726-0014,s1,coarse_to_fine,0,True,0.00011719836239998562,0.38768494306679036,1.0,0.5710447053694786,accepted
6930-81414-0001_1995-1836-0006_121-121726-0014,s2,coarse_to_fine,0,True,0.0,0.37411950257152177,1.0,0.3655080764612319,accepted
6930-81414-0001_1995-1836-0006_121-121726-0014,s3,coarse_to_fine,0,False,0.0,-0.14833231620115572,1.0,0.462857489789258,margin
6930-81414-0001_1995-1836-0006_121-121726-0014,s1,coarse_to_fine,1,True,0.00011719836239998562,0.6478296667711119,1.0,0.5646669928489871,accepted
6930-81414-0001_1995-1836-0006_121-121726-0014,s2,coarse_to_fine,1,True,0.0,0.5745008274012996,1.0,0.3349171683349856,accepted
6930-81414-0001_1995-1836-0006_121-121726-0014,s3,coarse_to_fine,1,False,0.0,-0.19468439450815,1.0,0.462857489789258,margin
8555-284449-0002_1995-1837-0004_1089-134686-0002,s1,gated_deflation,0,True,9.881040225663392e-05,0.39677885007638586,1.0,0.4633931350814699,accepted
8555-284449-0002_1995-1837-0004_1089-134686-0002,s2,gated_deflation,0,True,0.0,0.2486347054027202,0.9972481343283582,0.6577842899613723,accepted
8555-284449-0002_1995-1837-0004_1089-134686-0002,s3,gated_deflation,0,True,0.0,0.42946449138815357,1.0,0.6828251896861057,accepted
8555-284449-0002_1995-1837-0004_1089-134686-0002,s1,coarse_to_fine,0,False,9.881040225663392e-05,-0.20817282792156705,1.0,0.35451316460757687,margin
8555-284449-0002_1995-1837-0004_1089-134686-0002,s2,coarse_to_fine,0,True,0.0,0.27219629701117587,1.0,0.28134519502583405,accepted
8555-284449-0002_1995-1837-0004_1089-134686-0002,s3,coarse_to_fine,0,True,0.0,0.3584385851767544,1.0,0.3943530470684008,accepted
8555-284449-0002_1995-1837-0004_1089-134686-0002,s1,coarse_to_fine,1,False,9.881040225663392e-05,-0.4727526843958715,1.0,0.35451316460757687,margin
8555-284449-0002_1995-1837-0004_1089-134686-0002,s2,coarse_to_fine,1,True,0.0,0.5652720018416839,1.0,0.2879200756574538,accepted
8555-284449-0002_1995-1837-0004_1089-134686-0002,s3,coarse_to_fine,1,True,0.0,0.5524964317365912,1.0,0.41472764335983076,accepted
7021-85628-0027_3575-170457-0025_8555-292519-0010,s1,gated_deflation,0,True,0.0,0.3775770110057074,1.0,0.4618552663781926,accepted
7021-85628-0027_3575-170457-0025_8555-292519-0010,s2,gated_deflation,0,True,0.00033402879896674784,0.2607553187873387,1.0,0.4401699026617119,accepted
7021-85628-0027_3575-170457-0025_8555-292519-0010,s3,gated_deflation,0,False,0.0,-0.05114385321312154,1.0,0.6302488507966879,margin
7021-85628-0027_3575-170457-0025_8555-292519-0010,s1,coarse_to_fine,0,True,0.0,0.11983335885062102,1.0,0.28155401504157956,accepted
7021-85628-0027_3575-170457-0025_8555-292519-0010,s2,coarse_to_fine,0,True,0.00033402879896674784,0.23393259965312396,0.9893166666666666,0.30011693334738765,accepted
7021-85628-0027_3575-170457-0025_8555-292519-0010,s3,coarse_to_fine,0,False,0.0,-0.2622734915373041,0.9813941299790356,0.25307025050878396,margin
7021-85628-0027_3575-170457-0025_8555-292519-0010,s1,coarse_to_fine,1,True,0.0,0.16448311172713426,1.0,0.2502952256849806,accepted
7021-85628-0027_3575-170457-0025_8555-292519-0010,s2,coarse_to_fine,1,True,0.00033402879896674784,0.41929623029900753,1.0,0.3700138343399989,accepted
7021-85628-0027_3575-170457-0025_8555-292519-0010,s3,coarse_to_fine,1,False,0.0,-0.5557189322953917,0.9813941299790356,0.25307025050878396,margin
5639-40744-0012_1221-135766-0005_260-123286-0015,s1,gated_deflation,0,True,0.0,0.1742069326857929,1.0,0.7474192077899975,accepted
5639-40744-0012_1221-135766-0005_260-123286-0015,s2,gated_deflation,0,True,0.00018783607609981645,0.587555738053873,1.0,0.6027586845724381,accepted
5639-40744-0012_1221-135766-0005_260-123286-0015,s3,gated_deflation,0,False,0.0,-0.00762816247714454,1.0,0.8551034837480787,margin
5639-40744-0012_1221-135766-0005_260-123286-0015,s1,coarse_to_fine,0,False,0.0,-0.0009875580697087938,1.0,0.45308358134069093,margin
5639-40744-0012_1221-135766-0005_260-123286-0015,s2,coarse_to_fine,0,True,0.00018783607609981645,0.5131683385655048,1.0,0.6001968944055014,accepted
5639-40744-0012_1221-135766-0005_260-123286-0015,s3,coarse_to_fine,0,False,0.0,0.010810591893700372,1.0,0.4969904636324624,margin
5639-40744-0012_1221-135766-0005_260-123286-0015,s1,coarse_to_fine,1,False,0.0,-0.0009875580697087938,1.0,0.45308358134069093,margin
5639-40744-0012_1221-135766-0005_260-123286-0015,s2,coarse_to_fine,1,True,0.00018783607609981645,0.7352557190947144,1.0,0.5972839088094829,accepted
5639-40744-0012_1221-135766-0005_260-123286-0015,s3,coarse_to_fine,1,False,0.0,0.010810591893700372,1.0,0.4969904636324624,margin
260-123286-0003_1221-135766-0008_2830-3980-0067,s1,gated_deflation,0,False,0.0,-0.10165305098202165,1.0,0.6434265064352431,margin
260-123286-0003_1221-135766-0008_2830-3980-0067,s2,gated_deflation,0,True,8.539911346546257e-05,0.3757123424256297,1.0,0.6407776533620343,accepted
260-123286-0003_1221-135766-0008_2830-3980-0067,s3,gated_deflation,0,True,0.0,0.17567760741388377,1.0,0.6666643909328073,accepted
260-123286-0003_1221-135766-0008_2830-3980-0067,s1,coarse_to_fine,0,False,0.0,-0.2570533384770849,1.0,0.3609455662846764,margin
260-123286-0003_1221-135766-0008_2830-3980-0067,s2,coarse_to_fine,0,True,8.539911346546257e-05,0.18452030598430508,1.0,0.5816281822599192,accepted
260-123286-0003_1221-135766-0008_2830-3980-0067,s3,coarse_to_fine,0,True,0.0,0.14966217926545716,1.0,0.5084355685857125,accepted
260-123286-0003_1221-135766-0008_2830-3980-0067,s1,coarse_to_fine,1,False,0.0,-0.418606796083279,1.0,0.3609455662846764,margin
260-123286-0003_1221-135766-0008_2830-3980-0067,s2,coarse_to_fine,1,True,8.539911346546257e-05,0.2801148730868198,1.0,0.5530181677935061,accepted
260-123286-0003_1221-135766-0008_2830-3980-0067,s3,coarse_to_fine,1,True,0.0,0.3567141377446614,1.0,0.5090060047622929,accepted
260-123286-0005_4992-41797-0009_61-70968-0030,s1,gated_deflation,0,False,0.0,0.01585267640034521,1.0,0.8112383149406672,margin
260-123286-0005_4992-41797-0009_61-70968-0030,s2,gated_deflation,0,True,0.00014634565310967784,0.6006729237687091,1.0,0.4698431045994655,accepted
260-123286-0005_4992-41797-0009_61-70968-0030,s3,gated_deflation,0,True,0.0,0.28806991751956323,1.0,0.8005752586586153,accepted
260-123286-0005_4992-41797-0009_61-70968-0030,s1,coarse_to_fine,0,False,0.0,-0.24551443561950287,1.0,0.4070827251165399,margin
260-123286-0005_4992-41797-0009_61-70968-0030,s2,coarse_to_fine,0,False,0.00014634565310967784,0.038300559959627556,1.0,0.474303689756257,margin
260-123286-0005_4992-41797-0009_61-70968-0030,s3,coarse_to_fine,0,True,0.0,0.32896811768100126,1.0,0.4885886937794583,accepted
260-123286-0005_4992-41797-0009_61-70968-0030,s1,coarse_to_fine,1,False,0.0,-0.4049371073323373,1.0,0.4070827251165399,margin
260-123286-0005_4992-41797-0009_61-70968-0030,s2,coarse_to_fine,1,False,0.00014634565310967784,-0.04328766659162614,1.0,0.474303689756257,margin
260-123286-0005_4992-41797-0009_61-70968-0030,s3,coarse_to_fine,1,True,0.0,0.516517221651335,1.0,0.4816900380691265,accepted
61-70970-0033_4446-2271-0021_1089-134691-0025,s1,gated_deflation,0,True,0.0,0.23532718358905896,1.0,0.7957233877423983,accepted
61-70970-0033_4446-2271-0021_1089-134691-0025,s2,gated_deflation,0,False,0.0,0.07458232006267451,1.0,0.7874221672443821,margin
61-70970-0033_4446-2271-0021_1089-134691-0025,s3,gated_deflation,0,True,0.00016577863964841054,0.17122055443111173,0.97392578125,0.5304498785730214,accepted
61-70970-0033_4446-2271-0021_1089-134691-0025,s1,coarse_to_fine,0,True,0.0,0.2539407654129172,1.0,0.39809141477439114,accepted
61-70970-0033_4446-2271-0021_1089-134691-0025,s2,coarse_to_fine,0,False,0.0,-0.1940595340442808,1.0,0.3525474682791778,margin
61-70970-0033_4446-2271-0021_1089-134691-0025,s3,coarse_to_fine,0,False,0.00016577863964841054,-0.11937166730616494,1.0,0.3206050523953156,margin
61-70970-0033_4446-2271-0021_1089-134691-0025,s1,coarse_to_fine,1,True,0.0,0.42530619410703807,1.0,0.4039340289418446,accepted
61-70970-0033_4446-2271-0021_1089-134691-0025,s2,coarse_to_fine,1,False,0.0,-0.2552548186797121,1.0,0.3525474682791778,margin
61-70970-0033_4446-2271-0021_1089-134691-0025,s3,coarse_to_fine,1,False,0.00016577863964841054,-0.31784068306533414,1.0,0.3206050523953156,margin
7021-79730-0006_5142-36586-0000_2300-131720-0009,s1,gated_deflation,0,False,0.00017153841809880782,0.09738352681012352,1.0,0.33101506329245867,margin
7021-79730-0006_5142-36586-0000_2300-131720-0009,s2,gated_deflation,0,True,0.0,0.16666585063663458,1.0,0.886919992548651,accepted
7021-79730-0006_5142-36586-0000_2300-131720-0009,s3,gated_deflation,0,True,0.0,0.15545975756401675,1.0,0.49285387265546465,accepted
7021-79730-0006_5142-36586-0000_2300-131720-0009,s1,coarse_to_fine,0,False,0.00017153841809880782,-0.09584495467861143,1.0,0.17753321292160612,margin
7021-79730-0006_5142-36586-0000_2300-131720-0009,s2,coarse_to_fine,0,False,0.0,0.0684267685323223,1.0,0.5793309222935591,margin
7021-79730-0006_5142-36586-0000_2300-131720-0009,s3,coarse_to_fine,0,True,0.0,0.11802132220324774,1.0,0.2738816567032637,accepted
7021-79730-0006_5142-36586-0000_2300-131720-0009,s1,coarse_to_fine,1,False,0.00017153841809880782,-0.35058739421747054,1.0,0.17753321292160612,margin
7021-79730-0006_5142-36586-0000_2300-131720-0009,s2,coarse_to_fine,1,False,0.0,-0.011388705554432832,1.0,0.5793309222935591,margin
7021-79730-0006_5142-36586-0000_2300-131720-0009,s3,coarse_to_fine,1,True,0.0,0.38303004139006985,1.0,0.2271124385663308,accepted
6829-68771-0022_1221-135766-0014_5683-32865-0004,s1,gated_deflation,0,False,0.0,0.06792497740872067,1.0,0.7466199391315924,margin
6829-68771-0022_1221-135766-0014_5683-32865-0004,s2,gated_deflation,0,False,0.0,-0.08992846818143196,1.0,0.756615189844733,margin
6829-68771-0022_1221-135766-0014_5683-32865-0004,s3,gated_deflation,0,True,0.0001320001880865432,0.5546793847393067,1.0,0.5039176732927162,accepted
6829-68771-0022_1221-135766-0014_5683-32865-0004,s1,coarse_to_fine,0,False,0.0,0.0632942556909103,1.0,0.3681824640849186,margin
6829-68771-0022_1221-135766-0014_5683-32865-0004,s2,coarse_to_fine,0,False,0.0,-0.17525864937451807,1.0,0.525136166972444,margin
6829-68771-0022_1221-135766-0014_5683-32865-0004,s3,coarse_to_fine,0,True,0.0001320001880865432,0.1370739908075674,1.0,0.396940729474156,accepted
6829-68771-0022_1221-135766-0014_5683-32865-0004,s1,coarse_to_fine,1,False,0.0,-0.3160912114443799,1.0,0.3681824640849186,margin
6829-68771-0022_1221-135766-0014_5683-32865-0004,s2,coarse_to_fine,1,False,0.0,-0.5736784313371397,1.0,0.525136166972444,margin
6829-68771-0022_1221-135766-0014_5683-32865-0004,s3,coarse_to_fine,1,True,0.0001320001880865432,0.5731750454151412,1.0,0.38263303066370935,accepted
4446-2275-0013_908-157963-0000_1284-1180-0030,s1,gated_deflation,0,False,0.0,0.14097778442848502,1.0,0.9116720072113106,artifact_score
4446-2275-0013_908-157963-0000_1284-1180-0030,s2,gated_deflation,0,True,0.0,0.2029688841272716,1.0,0.6469353658040976,accepted
4446-2275-0013_908-157963-0000_1284-1180-0030,s3,gated_deflation,0,True,8.190274954042101e-05,0.3688596620223865,1.0,0.4802643300840506,accepted
4446-2275-0013_908-157963-0000_1284-1180-0030,s1,coarse_to_fine,0,False,0.0,-0.2648468896958755,1.0,0.6029027818600189,margin
4446-2275-0013_908-157963-0000_1284-1180-0030,s2,coarse_to_fine,0,False,0.0,0.045931501547831655,1.0,0.5048142381245836,margin
4446-2275-0013_908-157963-0000_1284-1180-0030,s3,coarse_to_fine,0,True,8.190274954042101e-05,0.4732118742713156,1.0,0.3696580521334523,accepted
4446-2275-0013_908-157963-0000_1284-1180-0030,s1,coarse_to_fine,1,False,0.0,-0.4199032760835391,1.0,0.6029027818600189,margin
4446-2275-0013_908-157963-0000_1284-1180-0030,s2,coarse_to_fine,1,False,0.0,-0.046476241517174555,1.0,0.5048142381245836,margin
4446-2275-0013_908-157963-0000_1284-1180-0030,s3,coarse_to_fine,1,True,8.190274954042101e-05,0.6586259182012508,1.0,0.3489098391315722,accepted
7176-92135-0002_2830-3979-0001_4446-2271-0016,s1,gated_deflation,0,False,0.0,-0.010338328291215892,1.0,0.8611040112023207,margin
7176-92135-0002_2830-3979-0001_4446-2271-0016,s2,gated_deflation,0,True,0.0001020438898698278,0.5847430000192368,1.0,0.4129350790658711,accepted
7176-92135-0002_2830-3979-0001_4446-2271-0016,s3,gated_deflation,0,False,0.0,-0.02340715538845306,0.9415942422596415,0.5879754515589936,margin
7176-92135-0002_2830-3979-0001_4446-2271-0016,s1,coarse_to_fine,0,False,0.0,-0.23362892616013622,1.0,0.26239403037357506,margin
7176-92135-0002_2830-3979-0001_4446-2271-0016,s2,coarse_to_fine,0,True,0.0001020438898698278,0.4520963668271084,1.0,0.34653764611732235,accepted
7176-92135-0002_2830-3979-0001_4446-2271-0016,s3,coarse_to_fine,0,False,0.0,0.020520586813897068,0.9419880499728408,0.2513097880823782,margin
7176-92135-0002_2830-3979-0001_4446-2271-0016,s1,coarse_to_fine,1,False,0.0,-0.3961243576796314,1.0,0.26239403037357506,margin
7176-92135-0002_2830-3979-0001_4446-2271-0016,s2,coarse_to_fine,1,True,0.0001020438898698278,0.6869026716855156,1.0,0.3236326773022649,accepted
7176-92135-0002_2830-3979-0001_4446-2271-0016,s3,coarse_to_fine,1,False,0.0,-0.12662726905934563,0.9419880499728408,0.2513097880823782,margin
61-70970-0011_8555-284447-0003_8224-274381-0000,s1,gated_deflation,0,True,0.0,0.3908286438736611,1.0,0.8182627946172057,accepted
61-70970-0011_8555-284447-0003_8224-274381-0000,s2,gated_deflation,0,False,0.0,-0.11421623982572321,1.0,0.8607415164431943,margin
61-70970-0011_8555-284447-0003_8224-274381-0000,s3,gated_deflation,0,True,0.00023357928901126518,0.4346997578380106,1.0,0.39914791623719975,accepted
61-70970-0011_8555-284447-0003_8224-274381-0000,s1,coarse_to_fine,0,True,0.0,0.45473291821763295,1.0,0.4271877562650582,accepted
61-70970-0011_8555-284447-0003_8224-274381-0000,s2,coarse_to_fine,0,True,0.0,0.14530875494778495,1.0,0.36965488169023014,accepted
61-70970-0011_8555-284447-0003_8224-274381-0000,s3,coarse_to_fine,0,False,0.00023357928901126518,-0.0133352886013971,1.0,0.3842778512353443,margin
61-70970-0011_8555-284447-0003_8224-274381-0000,s1,coarse_to_fine,1,True,0.0,0.6753974272943511,1.0,0.46677094026031596,accepted
61-70970-0011_8555-284447-0003_8224-274381-0000,s2,coarse_to_fine,1,True,0.0,0.44239700684425615,0.985212298682284,0.27852856979716956,accepted
61-70970-0011_8555-284447-0003_8224-274381-0000,s3,coarse_to_fine,1,False,0.00023357928901126518,-0.09456622541588183,1.0,0.3842778512353443,margin
61-70968-0004_1284-1180-0005_2094-142345-0006,s1,gated_deflation,0,True,0.0,0.25862811377713457,1.0,0.8719647124633667,accepted
61-70968-0004_1284-1180-0005_2094-142345-0006,s2,gated_deflation,0,False,0.0,0.0383487507900091,0.9996621621621622,0.7195682355959145,margin
61-70968-0004_1284-1180-0005_2094-142345-0006,s3,gated_deflation,0,True,0.00015223769834202665,0.42215629132710003,1.0,0.4484700758331711,accepted
61-70968-0004_1284-1180-0005_2094-142345-0006,s1,coarse_to_fine,0,False,0.0,-0.06651702108748603,1.0,0.4949572397130613,margin
61-70968-0004_1284-1180-0005_2094-142345-0006,s2,coarse_to_fine,0,True,0.0,0.2314957021635978,1.0,0.32127118943939176,accepted
61-70968-0004_1284-1180-0005_2094-142345-0006,s3,coarse_to_fine,0,True,0.00015223769834202665,0.31183416698953226,1.0,0.4556135578199932,accepted
61-70968-0004_1284-1180-0005_2094-142345-0006,s1,coarse_to_fine,1,False,0.0,-0.30614862426827766,1.0,0.4949572397130613,margin
61-70968-0004_1284-1180-0005_2094-142345-0006,s2,coarse_to_fine,1,True,0.0,0.34124966914729893,1.0,0.31231309310216515,accepted
61-70968-0004_1284-1180-0005_2094-142345-0006,s3,coarse_to_fine,1,True,0.00015223769834202665,0.24614571110186045,1.0,0.4118126631306774,accepted
7021-85628-0018_2961-960-0002_4446-2275-0028,s1,gated_deflation,0,True,0.0,0.40011914227262374,1.0,0.6893395726829165,accepted
7021-85628-0018_2961-960-0002_4446-2275-0028,s2,gated_deflation,0,True,0.0001718648995915539,0.34842008995743234,1.0,0.5189367531158509,accepted
7021-85628-0018_2961-960-0002_4446-2275-0028,s3,gated_deflation,0,False,0.0,0.08927370462429435,1.0,0.8939034429496817,margin
7021-85628-0018_2961-960-0002_4446-2275-0028,s1,coarse_to_fine,0,True,0.0,0.42230585672313237,1.0,0.3548636172260838,accepted
7021-85628-0018_2961-960-0002_4446-2275-0028,s2,coarse_to_fine,0,False,0.0001718648995915539,-0.18659447990915812,1.0,0.42510245872612307,margin
7021-85628-0018_2961-960-0002_4446-2275-0028,s3,coarse_to_fine,0,True,0.0,0.10138347091397598,1.0,0.45436748559060597,accepted
7021-85628-0018_2961-960-0002_4446-2275-0028,s1,coarse_to_fine,1,True,0.0,0.6317768403832261,1.0,0.3403181913819182,accepted
7021-85628-0018_2961-960-0002_4446-2275-0028,s2,coarse_to_fine,1,False,0.0001718648995915539,-0.34481869072290605,1.0,0.42510245872612307,margin
7021-85628-0018_2961-960-0002_4446-2275-0028,s3,coarse_to_fine,1,True,0.0,0.4715434916137655,1.0,0.44754214692119193,accepted
8455-210777-0065_4507-16021-0035_2961-960-0007,s1,gated_deflation,0,True,0.0,0.24323307992872123,1.0,0.7575726671430375,accepted
8455-210777-0065_4507-16021-0035_2961-960-0007,s2,gated_deflation,0,False,0.0,-0.09764864352434166,0.9455241009946442,0.5166622229253646,margin
8455-210777-0065_4507-16021-0035_2961-960-0007,s3,gated_deflation,0,True,0.0,0.2907551729183505,0.9447781178270849,0.49944512242502787,accepted
8455-210777-0065_4507-16021-0035_2961-960-0007,s1,coarse_to_fine,0,False,0.0,-0.09847171515774536,1.0,0.4223807915408671,margin
8455-210777-0065_4507-16021-0035_2961-960-0007,s2,coarse_to_fine,0,False,0.0,-0.21440314823601175,1.0,0.39785370783685803,margin
8455-210777-0065_4507-16021-0035_2961-960-0007,s3,coarse_to_fine,0,True,0.0,0.22788993295517518,1.0,0.36292911780229464,accepted
8455-210777-0065_4507-16021-0035_2961-960-0007,s1,coarse_to_fine,1,False,0.0,-0.3253961571842169,1.0,0.4223807915408671,margin
8455-210777-0065_4507-16021-0035_2961-960-0007,s2,coarse_to_fine,1,False,0.0,-0.4889303812479507,1.0,0.39785370783685803,margin
8455-210777-0065_4507-16021-0035_2961-960-0007,s3,coarse_to_fine,1,True,0.0,0.49603794623623565,0.9404552410099465,0.3522838035818913,accepted
7127-75946-0018_3575-170457-0019_5142-33396-0024,s1,gated_deflation,0,True,0.00016290621415369252,0.6180571779680888,1.0,0.5522251614532957,accepted
7127-75946-0018_3575-170457-0019_5142-33396-0024,s2,gated_deflation,0,True,0.0,0.37014246439472986,1.0,0.6635772329535183,accepted
7127-75946-0018_3575-170457-0019_5142-33396-0024,s3,gated_deflation,0,False,0.0,-0.09093772871638339,1.0,0.7060363373528714,margin
7127-75946-0018_3575-170457-0019_5142-33396-0024,s1,coarse_to_fine,0,True,0.00016290621415369252,0.3793430180749793,1.0,0.5055160323089363,accepted
7127-75946-0018_3575-170457-0019_5142-33396-0024,s2,coarse_to_fine,0,True,0.0,0.10194358764510933,1.0,0.3971178593720843,accepted
7127-75946-0018_3575-170457-0019_5142-33396-0024,s3,coarse_to_fine,0,False,0.0,-0.11374451247351003,1.0,0.4089891860207945,margin
7127-75946-0018_3575-170457-0019_5142-33396-0024,s1,coarse_to_fine,1,True,0.00016290621415369252,0.6080209966320356,1.0,0.49925858801829315,accepted
7127-75946-0018_3575-170457-0019_5142-33396-0024,s2,coarse_to_fine,1,True,0.0,0.42473084718811516,1.0,0.4163210875972637,accepted
7127-75946-0018_3575-170457-0019_5142-33396-0024,s3,coarse_to_fine,1,False,0.0,-0.4859192987301399,1.0,0.4089891860207945,margin
3575-170457-0043_1995-1837-0027_5142-33396-0022,s1,gated_deflation,0,True,0.0001738211575566355,0.5162414823493038,1.0,0.3828909064306993,accepted
3575-170457-0043_1995-1837-0027_5142-33396-0022,s2,gated_deflation,0,False,0.0,-0.079796524795959,1.0,0.7586128560517107,margin
3575-170457-0043_1995-1837-0027_5142-33396-0022,s3,gated_deflation,0,True,0.0,0.23663473150227748,0.9847148541114058,0.8770417956535375,accepted
3575-170457-0043_1995-1837-0027_5142-33396-0022,s1,coarse_to_fine,0,True,0.0001738211575566355,0.24113736182482914,0.99079754601227,0.207252060700899,accepted
3575-170457-0043_1995-1837-0027_5142-33396-0022,s2,coarse_to_fine,0,False,0.0,-0.3781112305687823,1.0,0.23961913271733082,margin
3575-170457-0043_1995-1837-0027_5142-33396-0022,s3,coarse_to_fine,0,True,0.0,0.31654419032600634,0.9847148541114058,0.4640160824581906,accepted
3575-170457-0043_1995-1837-0027_5142-33396-0022,s1,coarse_to_fine,1,True,0.0001738211575566355,0.4103244046563837,0.9911262050832603,0.24035949972512044,accepted
3575-170457-0043_1995-1837-0027_5142-33396-0022,s2,coarse_to_fine,1,False,0.0,-0.6624394932489233,1.0,0.23961913271733082,margin
3575-170457-0043_1995-1837-0027_5142-33396-0022,s3,coarse_to_fine,1,True,0.0,0.4913326266781392,0.9853116710875331,0.5363354229374189,accepted
1580-141083-0032_5105-28240-0009_4446-2273-0019,s1,gated_deflation,0,False,0.0,-0.11460114878775512,0.9750398724082935,0.8532927066106863,margin
1580-141083-0032_5105-28240-0009_4446-2273-0019,s2,gated_deflation,0,True,9.796179528609927e-05,0.5066169252127215,0.8898325358851674,0.5786042686823327,accepted
1580-141083-0032_5105-28240-0009_4446-2273-0019,s3,gated_deflation,0,True,0.0,0.20797849156447712,1.0,0.8855204541662921,accepted
1580-141083-0032_5105-28240-0009_4446-2273-0019,s1,coarse_to_fine,0,False,0.0,-0.06306199997524231,0.9750398724082935,0.5030363766338136,margin
1580-141083-0032_5105-28240-0009_4446-2273-0019,s2,coarse_to_fine,0,True,9.796179528609927e-05,0.19099858530677022,1.0,0.5560226019613754,accepted
1580-141083-0032_5105-28240-0009_4446-2273-0019,s3,coarse_to_fine,0,False,0.0,-0.16851598278776422,1.0,0.49585458546286565,margin
1580-141083-0032_5105-28240-0009_4446-2273-0019,s1,coarse_to_fine,1,False,0.0,-0.29274061811515883,0.9750398724082935,0.5030363766338136,margin
1580-141083-0032_5105-28240-0009_4446-2273-0019,s2,coarse_to_fine,1,True,9.796179528609927e-05,0.4831660804439949,1.0,0.5490585744495865,accepted
1580-141083-0032_5105-28240-0009_4446-2273-0019,s3,coarse_to_fine,1,False,0.0,-0.2798164434006849,1.0,0.49585458546286565,margin
5142-36586-0004_7127-75947-0000_8455-210777-0059,s1,gated_deflation,0,False,0.0,0.03496909831163014,1.0,0.9207708333646788,margin
5142-36586-0004_7127-75947-0000_8455-210777-0059,s2,gated_deflation,0,True,6.007397235125573e-05,0.613785852208795,0.9791345093715546,0.5484662838477838,accepted
5142-36586-0004_7127-75947-0000_8455-210777-0059,s3,gated_deflation,0,False,0.0,-0.09153697451178888,0.9789691289966924,0.8560177080596506,margin
5142-36586-0004_7127-75947-0000_8455-210777-0059,s1,coarse_to_fine,0,False,0.0,-0.04399234614481701,1.0,0.5624118143786325,margin
5142-36586-0004_7127-75947-0000_8455-210777-0059,s2,coarse_to_fine,0,True,6.007397235125573e-05,0.249837760649034,0.9791345093715546,0.5405940977577072,accepted
5142-36586-0004_7127-75947-0000_8455-210777-0059,s3,coarse_to_fine,0,False,0.0,-0.32761655756503016,0.9789691289966924,0.506271264525271,margin
5142-36586-0004_7127-75947-0000_8455-210777-0059,s1,coarse_to_fine,1,False,0.0,-0.1270125262306917,1.0,0.5624118143786325,margin
5142-36586-0004_7127-75947-0000_8455-210777-0059,s2,coarse_to_fine,1,True,6.007397235125573e-05,0.5704408178277822,0.9777563395810364,0.49236340323470384,accepted
5142-36586-0004_7127-75947-0000_8455-210777-0059,s3,coarse_to_fine,1,False,0.0,-0.5363123030307184,0.9789691289966924,0.506271264525271,margin
8455-210777-0020_61-70968-0054_7729-102255-0023,s1,gated_deflation,0,False,0.0,0.03193664029365001,1.0,0.7992872066079505,margin
8455-210777-0020_61-70968-0054_7729-102255-0023,s2,gated_deflation,0,True,0.0001774948903179394,0.42395104100678543,1.0,0.4848494077812969,accepted
8455-210777-0020_61-70968-0054_7729-102255-0023,s3,gated_deflation,0,True,0.0,0.23583158428604833,1.0,0.6529261355897852,accepted
8455-210777-0020_61-70968-0054_7729-102255-0023,s1,coarse_to_fine,0,False,0.0,-0.3684196718360385,1.0,0.3647533360111513,margin
8455-210777-0020_61-70968-0054_7729-102255-0023,s2,coarse_to_fine,0,True,0.0001774948903179394,0.1556924550483465,1.0,0.37517079120309177,accepted
8455-210777-0020_61-70968-0054_7729-102255-0023,s3,coarse_to_fine,0,False,0.0,-0.08996661529608196,1.0,0.36886396600660687,margin
8455-210777-0020_61-70968-0054_7729-102255-0023,s1,coarse_to_fine,1,False,0.0,-0.5373619651750431,1.0,0.3647533360111513,margin
8455-210777-0020_61-70968-0054_7729-102255-0023,s2,coarse_to_fine,1,True,0.0001774948903179394,0.49077644095852474,1.0,0.34564332748370974,accepted
8455-210777-0020_61-70968-0054_7729-102255-0023,s3,coarse_to_fine,1,False,0.0,-0.33251404546979546,1.0,0.36886396600660687,margin
7176-88083-0000_4970-29095-0006_2094-142345-0034,s1,gated_deflation,0,True,0.0,0.27801624489888566,1.0,0.596378023667463,accepted
7176-88083-0000_4970-29095-0006_2094-142345-0034,s2,gated_deflation,0,False,0.0,0.03936673173753963,1.0,0.7492138478922794,margin
7176-88083-0000_4970-29095-0006_2094-142345-0034,s3,gated_deflation,0,True,0.0001409988918333999,0.49602325542856185,1.0,0.4808344566554744,accepted
7176-88083-0000_4970-29095-0006_2094-142345-0034,s1,coarse_to_fine,0,False,0.0,0.09698340133377403,1.0,0.304767365876661,margin
7176-88083-0000_4970-29095-0006_2094-142345-0034,s2,coarse_to_fine,0,False,0.0,-0.2008199590875132,1.0,0.4257858285344839,margin
7176-88083-0000_4970-29095-0006_2094-142345-0034,s3,coarse_to_fine,0,True,0.0001409988918333999,0.37651241165677307,1.0,0.3774126037153085,accepted
7176-88083-0000_4970-29095-0006_2094-142345-0034,s1,coarse_to_fine,1,False,0.0,-0.011153784959913537,1.0,0.304767365876661,margin
7176-88083-0000_4970-29095-0006_2094-142345-0034,s2,coarse_to_fine,1,False,0.0,-0.3993893742424685,1.0,0.4257858285344839,margin
7176-88083-0000_4970-29095-0006_2094-142345-0034,s3,coarse_to_fine,1,True,0.0001409988918333999,0.593930016735251,1.0,0.37119451711860124,accepted
6930-81414-0000_4507-16021-0059_6829-68771-0029,s1,gated_deflation,0,True,0.00016625423667479124,0.14203388633332686,0.9745594713656388,0.584645165091487,accepted
6930-81414-0000_4507-16021-0059_6829-68771-0029,s2,gated_deflation,0,True,0.0,0.10964746063941189,1.0,0.7413516979367272,accepted
6930-81414-0000_4507-16021-0059_6829-68771-0029,s3,gated_deflation,0,True,0.0,0.19522307506063913,0.9454216488357458,0.6353906565737121,accepted
6930-81414-0000_4507-16021-0059_6829-68771-0029,s1,coarse_to_fine,0,False,0.00016625423667479124,-0.08227900932163679,1.0,0.5964665413773312,margin
6930-81414-0000_4507-16021-0059_6829-68771-0029,s2,coarse_to_fine,0,False,0.0,-0.1544537094921805,1.0,0.3838241243129985,margin
6930-81414-0000_4507-16021-0059_6829-68771-0029,s3,coarse_to_fine,0,True,0.0,0.22392864924391914,0.9892542479546885,0.41642332989454206,accepted
6930-81414-0000_4507-16021-0059_6829-68771-0029,s1,coarse_to_fine,1,False,0.00016625423667479124,-0.29286958268203245,1.0,0.5964665413773312,margin
6930-81414-0000_4507-16021-0059_6829-68771-0029,s2,coarse_to_fine,1,False,0.0,-0.4366056659427842,1.0,0.3838241243129985,margin
6930-81414-0000_4507-16021-0059_6829-68771-0029,s3,coarse_to_fine,1,True,0.0,0.589875288849464,0.9917243549402139,0.44877173749287236,accepted
2300-131720-0040_260-123440-0017_672-122797-0022,s1,gated_deflation,0,False,0.0,-0.07547308640238931,1.0,0.8473622465825529,margin
2300-131720-0040_260-123440-0017_672-122797-0022,s2,gated_deflation,0,False,0.0,-0.059164270360768656,1.0,0.9103741071419509,margin
2300-131720-0040_260-123440-0017_672-122797-0022,s3,gated_deflation,0,True,0.00014962575765205296,0.5616170997874858,1.0,0.5497142126904413,accepted
2300-131720-0040_260-123440-0017_672-122797-0022,s1,coarse_to_fine,0,False,0.0,-0.008184379410828946,1.0,0.45634835903565873,margin
2300-131720-0040_260-123440-0017_672-122797-0022,s2,coarse_to_fine,0,False,0.0,-0.1269836506979392,1.0,0.4446395462401971,margin
2300-131720-0040_260-123440-0017_672-122797-0022,s3,coarse_to_fine,0,False,0.00014962575765205296,0.07103645965854244,1.0,0.5308712148938021,margin
2300-131720-0040_260-123440-0017_672-122797-0022,s1,coarse_to_fine,1,False,0.0,-0.008184379410828946,1.0,0.45634835903565873,margin
2300-131720-0040_260-123440-0017_672-122797-0022,s2,coarse_to_fine,1,False,0.0,-0.1269836506979392,1.0,0.4446395462401971,margin
2300-131720-0040_260-123440-0017_672-122797-0022,s3,coarse_to_fine,1,False,0.00014962575765205296,0.07103645965854244,1.0,0.5308712148938021,margin
2830-3980-0052_8224-274381-0007_5683-32879-0022,s1,gated_deflation,0,True,0.0,0.22317870185568495,1.0,0.7370121346901796,accepted
2830-3980-0052_8224-274381-0007_5683-32879-0022,s2,gated_deflation,0,True,0.00015739309075669277,0.41788608054001114,1.0,0.4415964742837538,accepted
2830-3980-0052_8224-274381-0007_5683-32879-0022,s3,gated_deflation,0,True,0.0,0.12497167033564241,1.0,0.8363516970046544,accepted
2830-3980-0052_8224-274381-0007_5683-32879-0022,s1,coarse_to_fine,0,True,0.0,0.214702545897483,1.0,0.3817426282428852,accepted
2830-3980-0052_8224-274381-0007_5683-32879-0022,s2,coarse_to_fine,0,False,0.00015739309075669277,-0.16231078608142324,1.0,0.27882459438563517,margin
2830-3980-0052_8224-274381-0007_5683-32879-0022,s3,coarse_to_fine,0,False,0.0,-0.11266924777779377,1.0,0.5518965868164541,margin
2830-3980-0052_8224-274381-0007_5683-32879-0022,s1,coarse_to_fine,1,True,0.0,0.47716723518498855,1.0,0.36301027220676285,accepted
2830-3980-0052_8224-274381-0007_5683-32879-0022,s2,coarse_to_fine,1,False,0.00015739309075669277,-0.4174227726885317,1.0,0.27882459438563517,margin
2830-3980-0052_8224-274381-0007_5683-32879-0022,s3,coarse_to_fine,1,False,0.0,-0.29349836247422034,1.0,0.5518965868164541,margin
6829-68771-0018_1580-141083-0038_1089-134691-0013,s1,gated_deflation,0,False,0.0,0.07871013063099885,1.0,0.7382540310383708,margin
6829-68771-0018_1580-141083-0038_1089-134691-0013,s2,gated_deflation,0,True,0.0,0.3323875204045636,1.0,0.8434340357233655,accepted
6829-68771-0018_1580-141083-0038_1089-134691-0013,s3,gated_deflation,0,True,0.00012790563356209072,0.6378174680295121,1.0,0.549275489018683,accepted
6829-68771-0018_1580-141083-0038_1089-134691-0013,s1,coarse_to_fine,0,True,0.0,0.12078782734727783,1.0,0.443626196425079,accepted
6829-68771-0018_1580-141083-0038_1089-134691-0013,s2,coarse_to_fine,0,False,0.0,-0.049274488733876076,1.0,0.628870472174506,margin
6829-68771-0018_1580-141083-0038_1089-134691-0013,s3,coarse_to_fine,0,True,0.00012790563356209072,0.5617856510461755,1.0,0.5110667634734459,accepted
6829-68771-0018_1580-141083-0038_1089-134691-0013,s1,coarse_to_fine,1,True,0.0,0.39097418125103955,1.0,0.41435118387094544,accepted
6829-68771-0018_1580-141083-0038_1089-134691-0013,s2,coarse_to_fine,1,False,0.0,-0.2572050036570924,1.0,0.628870472174506,margin
6829-68771-0018_1580-141083-0038_1089-134691-0013,s3,coarse_to_fine,1,True,0.00012790563356209072,0.6186438578436649,1.0,0.5115734412862528,accepted
61-70968-0020_3575-170457-0011_1995-1826-0025,s1,gated_deflation,0,True,0.0,0.5493183649534114,1.0,0.6892564544473544,accepted
61-70968-0020_3575-170457-0011_1995-1826-0025,s2,gated_deflation,0,True,0.00014686900983996534,0.4116066804295506,0.9392509135200975,0.5425885225235384,accepted
61-70968-0020_3575-170457-0011_1995-1826-0025,s3,gated_deflation,0,True,0.0,0.1751838041537474,1.0,0.7975109773938105,accepted
61-70968-0020_3575-170457-0011_1995-1826-0025,s1,coarse_to_fine,0,True,0.0,0.41421347014702836,1.0,0.4826431258348318,accepted
61-70968-0020_3575-170457-0011_1995-1826-0025,s2,coarse_to_fine,0,False,0.00014686900983996534,0.06457614169884285,0.9771924482338612,0.44603075934598874,margin
61-70968-0020_3575-170457-0011_1995-1826-0025,s3,coarse_to_fine,0,False,0.0,-0.1902774402454469,1.0,0.3662882154447346,margin
61-70968-0020_3575-170457-0011_1995-1826-0025,s1,coarse_to_fine,1,True,0.0,0.6333854974570385,1.0,0.4659039283493888,accepted
61-70968-0020_3575-170457-0011_1995-1826-0025,s2,coarse_to_fine,1,False,0.00014686900983996534,-0.04123313864248501,0.9771924482338612,0.44603075934598874,margin
61-70968-0020_3575-170457-0011_1995-1826-0025,s3,coarse_to_fine,1,False,0.0,-0.1902774402454469,1.0,0.3662882154447346,margin
1995-1826-0021_7021-79740-0011_6930-81414-0002,s1,gated_deflation,0,False,0.00018793074134459823,0.07358171697589644,1.0,0.3890182991313138,margin
1995-1826-0021_7021-79740-0011_6930-81414-0002,s2,gated_deflation,0,True,0.0,0.23045327346545236,1.0,0.47542350913591713,accepted
1995-1826-0021_7021-79740-0011_6930-81414-0002,s3,gated_deflation,0,True,0.0,0.19099948177203716,1.0,0.8737296787936062,accepted
1995-1826-0021_7021-79740-0011_6930-81414-0002,s1,coarse_to_fine,0,False,0.00018793074134459823,0.0851735481192008,1.0,0.2469836358525229,margin
1995-1826-0021_7021-79740-0011_6930-81414-0002,s2,coarse_to_fine,0,True,0.0,0.17142542518238707,1.0,0.3086990888670496,accepted
1995-1826-0021_7021-79740-0011_6930-81414-0002,s3,coarse_to_fine,0,False,0.0,-0.15421545486060445,1.0,0.4994961050247944,margin
1995-1826-0021_7021-79740-0011_6930-81414-0002,s1,coarse_to_fine,1,False,0.00018793074134459823,-0.049647484868090785,1.0,0.2469836358525229,margin
1995-1826-0021_7021-79740-0011_6930-81414-0002,s2,coarse_to_fine,1,True,0.0,0.4112939085237686,0.980126140633387,0.257712536156034,accepted
1995-1826-0021_7021-79740-0011_6930-81414-0002,s3,coarse_to_fine,1,False,0.0,-0.22966175960432972,1.0,0.4994961050247944,margin
8555-284447-0013_5142-33396-0048_2830-3980-0056,s1,gated_deflation,0,True,0.0001833054027553717,0.5420001173387317,0.9963793103448276,0.5020091867854247,accepted
8555-284447-0013_5142-33396-0048_2830-3980-0056,s2,gated_deflation,0,False,0.0,0.033375325840042214,1.0,0.8024865888077551,margin
8555-284447-0013_5142-33396-0048_2830-3980-0056,s3,gated_deflation,0,True,0.0,0.4023936972417494,1.0,0.6883212086883466,accepted
8555-284447-0013_5142-33396-0048_2830-3980-0056,s1,coarse_to_fine,0,True,0.0001833054027553717,0.2352438372884619,1.0,0.4022995502742302,accepted
8555-284447-0013_5142-33396-0048_2830-3980-0056,s2,coarse_to_fine,0,False,0.0,-0.23739958128844232,1.0,0.4898362510415641,margin
8555-284447-0013_5142-33396-0048_2830-3980-0056,s3,coarse_to_fine,0,True,0.0,0.3385768252411372,1.0,0.39661053017319264,accepted
8555-284447-0013_5142-33396-0048_2830-3980-0056,s1,coarse_to_fine,1,True,0.0001833054027553717,0.4586908752108403,1.0,0.4119502888386099,accepted
8555-284447-0013_5142-33396-0048_2830-3980-0056,s2,coarse_to_fine,1,False,0.0,-0.4529900366776437,1.0,0.4898362510415641,margin
8555-284447-0013_5142-33396-0048_2830-3980-0056,s3,coarse_to_fine,1,True,0.0,0.45346100420525326,1.0,0.39864544327931584,accepted
4992-41797-0021_5142-33396-0064_5639-40744-0033,s1,gated_deflation,0,False,0.0,0.04219171413512657,0.9930497925311204,0.4789621390118119,margin
4992-41797-0021_5142-33396-0064_5639-40744-0033,s2,gated_deflation,0,True,0.0,0.3854321320367107,1.0,0.8615416154532534,accepted
4992-41797-0021_5142-33396-0064_5639-40744-0033,s3,gated_deflation,0,True,0.00022994433905322337,0.10022135664653764,0.9843360995850622,0.5228703084408287,accepted
4992-41797-0021_5142-33396-0064_5639-40744-0033,s1,coarse_to_fine,0,False,0.0,0.08357506772972151,0.9930497925311204,0.3054386140281617,margin
4992-41797-0021_5142-33396-0064_5639-40744-0033,s2,coarse_to_fine,0,True,0.0,0.18410033988415184,1.0,0.5501258119208862,accepted
4992-41797-0021_5142-33396-0064_5639-40744-0033,s3,coarse_to_fine,0,False,0.00022994433905322337,-0.0818564083174344,1.0,0.43528530824850925,margin
4992-41797-0021_5142-33396-0064_5639-40744-0033,s1,coarse_to_fine,1,False,0.0,-0.0631444872297614,0.9930497925311204,0.3054386140281617,margin
4992-41797-0021_5142-33396-0064_5639-40744-0033,s2,coarse_to_fine,1,True,0.0,0.5242945008271938,1.0,0.5193519273066785,accepted
4992-41797-0021_5142-33396-0064_5639-40744-0033,s3,coarse_to_fine,1,False,0.00022994433905322337,-0.254923792489821,1.0,0.43528530824850925,margin
61-70968-0016_908-157963-0022_1089-134686-0007,s1,gated_deflation,0,True,0.0,0.2550814943215789,1.0,0.7001550134075989,accepted
61-70968-0016_908-157963-0022_1089-134686-0007,s2,gated_deflation,0,True,0.0,0.12906075571935194,0.9485114503816794,0.5485436919012385,accepted
61-70968-0016_908-157963-0022_1089-134686-0007,s3,gated_deflation,0,True,0.0,0.13637387969725173,0.9639312977099237,0.5708013384083387,accepted
61-70968-0016_908-157963-0022_1089-134686-0007,s1,coarse_to_fine,0,False,0.0,-0.0197790735598819,1.0,0.49436027569708685,margin
61-70968-0016_908-157963-0022_1089-134686-0007,s2,coarse_to_fine,0,False,0.0,0.049168289932926934,1.0,0.3374740743111017,margin
61-70968-0016_908-157963-0022_1089-134686-0007,s3,coarse_to_fine,0,False,0.0,-0.07141401935260694,1.0,0.3458710646666542,margin
61-70968-0016_908-157963-0022_1089-134686-0007,s1,coarse_to_fine,1,False,0.0,-0.0197790735598819,1.0,0.49436027569708685,margin
61-70968-0016_908-157963-0022_1089-134686-0007,s2,coarse_to_fine,1,False,0.0,0.049168289932926934,1.0,0.3374740743111017,margin
61-70968-0016_908-157963-0022_1089-134686-0007,s3,coarse_to_fine,1,False,0.0,-0.07141401935260694,1.0,0.3458710646666542,margin
8230-279154-0018_1995-1836-0007_6930-76324-0006,s1,gated_deflation,0,True,0.00012776216852790483,0.5509713938981864,1.0,0.4350574789313451,accepted
8230-279154-0018_1995-1836-0007_6930-76324-0006,s2,gated_deflation,0,True,0.0,0.2350242963303452,1.0,0.8416318348816438,accepted
8230-279154-0018_1995-1836-0007_6930-76324-0006,s3,gated_deflation,0,True,0.0,0.2801379203518996,1.0,0.8484147427813757,accepted
8230-279154-0018_1995-1836-0007_6930-76324-0006,s1,coarse_to_fine,0,False,0.00012776216852790483,-0.03032201857614697,1.0,0.4081732527671226,margin
8230-279154-0018_1995-1836-0007_6930-76324-0006,s2,coarse_to_fine,0,False,0.0,-0.10323749107045674,1.0,0.4090071644109472,margin
8230-279154-0018_1995-1836-0007_6930-76324-0006,s3,coarse_to_fine,0,True,0.0,0.4230631056264053,1.0,0.5406166912639034,accepted
8230-279154-0018_1995-1836-0007_6930-76324-0006,s1,coarse_to_fine,1,False,0.00012776216852790483,-0.16252050991650052,1.0,0.4081732527671226,margin
8230-279154-0018_1995-1836-0007_6930-76324-0006,s2,coarse_to_fine,1,False,0.0,-0.17067456994256983,1.0,0.4090071644109472,margin
8230-279154-0018_1995-1836-0007_6930-76324-0006,s3,coarse_to_fine,1,True,0.0,0.6153167188342821,1.0,0.5400297351602822,accepted
5142-33396-0020_4992-41797-0015_7021-85628-0010,s1,gated_deflation,0,True,0.0,0.22504620274833237,1.0,0.8292453988646408,accepted
5142-33396-0020_4992-41797-0015_7021-85628-0010,s2,gated_deflation,0,True,0.000353317698853903,0.31166740329489945,0.9825552387740556,0.43164055612993335,accepted
5142-33396-0020_4992-41797-0015_7021-85628-0010,s3,gated_deflation,0,False,0.0,-0.05373708712612413,0.9810762651461155,0.4988956885533396,margin
5142-33396-0020_4992-41797-0015_7021-85628-0010,s1,coarse_to_fine,0,True,0.0,0.12519868617688162,1.0,0.4812846243744182,accepted
5142-33396-0020_4992-41797-0015_7021-85628-0010,s2,coarse_to_fine,0,True,0.000353317698853903,0.24123113485682518,0.9852102637205987,0.3089884376470966,accepted
5142-33396-0020_4992-41797-0015_7021-85628-0010,s3,coarse_to_fine,0,False,0.0,-0.1661426851385147,0.9830363506771205,0.32941972241071404,margin
5142-33396-0020_4992-41797-0015_7021-85628-0010,s1,coarse_to_fine,1,True,0.0,0.193056436842707,1.0,0.4609557094309144,accepted
5142-33396-0020_4992-41797-0015_7021-85628-0010,s2,coarse_to_fine,1,True,0.000353317698853903,0.36203084262677815,0.9836600142551675,0.2937424719495266,accepted
5142-33396-0020_4992-41797-0015_7021-85628-0010,s3,coarse_to_fine,1,False,0.0,-0.3094296444715915,0.9830363506771205,0.32941972241071404,margin
5683-32866-0004_121-121726-0005_5142-33396-0003,s1,gated_deflation,0,True,0.00012194129196570902,0.5845822180720603,0.8918522267206478,0.5208045793509678,accepted
5683-32866-0004_121-121726-0005_5142-33396-0003,s2,gated_deflation,0,False,0.0,0.007930363553911746,0.9858928571428571,0.874655110969221,margin
5683-32866-0004_121-121726-0005_5142-33396-0003,s3,gated_deflation,0,True,0.0,0.13368894628029016,0.9041497975708502,0.8453502452666115,accepted
5683-32866-0004_121-121726-0005_5142-33396-0003,s1,coarse_to_fine,0,True,0.00012194129196570902,0.2609488286775091,0.8897773279352227,0.47498987635000167,accepted
5683-32866-0004_121-121726-0005_5142-33396-0003,s2,coarse_to_fine,0,False,0.0,-0.21917398673697727,1.0,0.46728351863669104,margin
5683-32866-0004_121-121726-0005_5142-33396-0003,s3,coarse_to_fine,0,False,0.0,-0.06845621349574577,0.9041497975708502,0.5455195687654656,margin
5683-32866-0004_121-121726-0005_5142-33396-0003,s1,coarse_to_fine,1,True,0.00012194129196570902,0.5629897970796289,0.8646255060728745,0.46702857241987694,accepted
5683-32866-0004_121-121726-0005_5142-33396-0003,s2,coarse_to_fine,1,False,0.0,-0.4563017580823072,1.0,0.46728351863669104,margin
5683-32866-0004_121-121726-0005_5142-33396-0003,s3,coarse_to_fine,1,False,0.0,-0.37689200839888015,0.9041497975708502,0.5455195687654656,margin
7176-88083-0020_4446-2271-0013_6829-68769-0032,s1,gated_deflation,0,True,0.0,0.527665747879034,0.9980464326160815,0.5035991269782064,accepted
7176-88083-0020_4446-2271-0013_6829-68769-0032,s2,gated_deflation,0,False,0.0,0.027776648044642416,1.0,0.6005118349103562,margin
7176-88083-0020_4446-2271-0013_6829-68769-0032,s3,gated_deflation,0,True,0.0,0.15435211929002618,1.0,0.5358560864981605,accepted
7176-88083-0020_4446-2271-0013_6829-68769-0032,s1,coarse_to_fine,0,True,0.0,0.36413439440844425,1.0,0.29384649792030104,accepted
7176-88083-0020_4446-2271-0013_6829-68769-0032,s2,coarse_to_fine,0,False,0.0,0.009626568967747329,1.0,0.34756760085796046,margin
7176-88083-0020_4446-2271-0013_6829-68769-0032,s3,coarse_to_fine,0,False,0.0,-0.022192629854737078,1.0,0.3888763456073314,margin
7176-88083-0020_4446-2271-0013_6829-68769-0032,s1,coarse_to_fine,1,True,0.0,0.6479659607792007,1.0,0.2831142659120969,accepted
7176-88083-0020_4446-2271-0013_6829-68769-0032,s2,coarse_to_fine,1,False,0.0,-0.20566091461921643,1.0,0.34756760085796046,margin
7176-88083-0020_4446-2271-0013_6829-68769-0032,s3,coarse_to_fine,1,False,0.0,-0.16075496827355595,1.0,0.3888763456073314,margin
6829-68769-0004_4077-13751-0008_4992-41797-0005,s1,gated_deflation,0,True,0.0,0.24531246462026463,1.0,0.6850964828663155,accepted
6829-68769-0004_4077-13751-0008_4992-41797-0005,s2,gated_deflation,0,True,0.00012604313163201998,0.6187963779583998,1.0,0.5466302509723766,accepted
6829-68769-0004_4077-13751-0008_4992-41797-0005,s3,gated_deflation,0,True,0.0,0.20643720824333614,1.0,0.8147052223076178,accepted
6829-68769-0004_4077-13751-0008_4992-41797-0005,s1,coarse_to_fine,0,True,0.0,0.21855838955371606,1.0,0.4479141285526432,accepted
6829-68769-0004_4077-13751-0008_4992-41797-0005,s2,coarse_to_fine,0,True,0.00012604313163201998,0.5422942652410851,1.0,0.5247071625104194,accepted
6829-68769-0004_4077-13751-0008_4992-41797-0005,s3,coarse_to_fine,0,True,0.0,0.14117536123395036,1.0,0.42627489140855557,accepted
6829-68769-0004_4077-13751-0008_4992-41797-0005,s1,coarse_to_fine,1,True,0.0,0.44098377701749214,1.0,0.4374796686922391,accepted
6829-68769-0004_4077-13751-0008_4992-41797-0005,s2,coarse_to_fine,1,True,0.00012604313163201998,0.6570408911822107,1.0,0.5111657148362757,accepted
6829-68769-0004_4077-13751-0008_4992-41797-0005,s3,coarse_to_fine,1,True,0.0,0.3377058186096568,1.0,0.4480321961840465,accepted
6930-81414-0027_7729-102255-0036_7127-75947-0015,s1,gated_deflation,0,True,0.0,0.32892840697427894,1.0,0.8418216365047296,accepted
6930-81414-0027_7729-102255-0036_7127-75947-0015,s2,gated_deflation,0,True,0.00012402457916743277,0.5071992829032594,0.9793963878326997,0.5505528384458921,accepted
6930-81414-0027_7729-102255-0036_7127-75947-0015,s3,gated_deflation,0,False,0.0,-0.1548666872991024,0.9829372623574144,0.6638105371801427,margin
6930-81414-0027_7729-102255-0036_7127-75947-0015,s1,coarse_to_fine,0,True,0.0,0.18483313654401032,1.0,0.6364138197113844,accepted
6930-81414-0027_7729-102255-0036_7127-75947-0015,s2,coarse_to_fine,0,True,0.00012402457916743277,0.3601708714264834,0.9843393536121673,0.4258513544644809,accepted
6930-81414-0027_7729-102255-0036_7127-75947-0015,s3,coarse_to_fine,0,False,0.0,-0.3309529140309301,0.9868583650190114,0.456309463661303,margin
6930-81414-0027_7729-102255-0036_7127-75947-0015,s1,coarse_to_fine,1,True,0.0,0.2459632324026308,1.0,0.6290846584907563,accepted
6930-81414-0027_7729-102255-0036_7127-75947-0015,s2,coarse_to_fine,1,True,0.00012402457916743277,0.5300077927317653,0.9842205323193917,0.4193275924607031,accepted
6930-81414-0027_7729-102255-0036_7127-75947-0015,s3,coarse_to_fine,1,False,0.0,-0.6188672704574758,0.9868583650190114,0.456309463661303,margin
4992-23283-0008_8555-284447-0009_4077-13751-0013,s1,gated_deflation,0,True,0.0002718283264094368,0.3594042618251669,0.9620286576168929,0.5195933416135514,accepted
4992-23283-0008_8555-284447-0009_4077-13751-0013,s2,gated_deflation,0,True,0.0,0.2542495466499987,1.0,0.6914809071119244,accepted
4992-23283-0008_8555-284447-0009_4077-13751-0013,s3,gated_deflation,0,False,0.0,0.074021250644487,1.0,0.6593785242638884,margin
4992-23283-0008_8555-284447-0009_4077-13751-0013,s1,coarse_to_fine,0,True,0.0002718283264094368,0.22456841202701155,1.0,0.2959945699273976,accepted
4992-23283-0008_8555-284447-0009_4077-13751-0013,s2,coarse_to_fine,0,False,0.0,-0.21017592219030623,1.0,0.37754734417615543,margin
4992-23283-0008_8555-284447-0009_4077-13751-0013,s3,coarse_to_fine,0,False,0.0,-0.05422983009298704,1.0,0.44455643945029566,margin
4992-23283-0008_8555-284447-0009_4077-13751-0013,s1,coarse_to_fine,1,True,0.0002718283264094368,0.6035028826844697,1.0,0.31095245059915483,accepted
4992-23283-0008_8555-284447-0009_4077-13751-0013,s2,coarse_to_fine,1,False,0.0,-0.4792879059076042,1.0,0.37754734417615543,margin
4992-23283-0008_8555-284447-0009_4077-13751-0013,s3,coarse_to_fine,1,False,0.0,-0.22355292433718688,1.0,0.44455643945029566,margin
1188-133604-0005_4446-2275-0035_1580-141083-0026,s1,gated_deflation,0,True,0.00014412492409311686,0.563276680005463,1.0,0.5373780954557213,accepted
1188-133604-0005_4446-2275-0035_1580-141083-0026,s2,gated_deflation,0,True,0.0,0.2312732906963359,1.0,0.7977095901970501,accepted
1188-133604-0005_4446-2275-0035_1580-141083-0026,s3,gated_deflation,0,True,0.0,0.14358914108276588,0.9965562913907284,0.8175480689464008,accepted
1188-133604-0005_4446-2275-0035_1580-141083-0026,s1,coarse_to_fine,0,True,0.00014412492409311686,0.36471621335803106,1.0,0.44403968851805625,accepted
1188-133604-0005_4446-2275-0035_1580-141083-0026,s2,coarse_to_fine,0,True,0.0,0.3602560289081057,1.0,0.47278463913265745,accepted
1188-133604-0005_4446-2275-0035_1580-141083-0026,s3,coarse_to_fine,0,False,0.0,-0.16245497149342925,1.0,0.6183690378791817,margin
1188-133604-0005_4446-2275-0035_1580-141083-0026,s1,coarse_to_fine,1,True,0.00014412492409311686,0.6917279406855076,1.0,0.42504088541180884,accepted
1188-133604-0005_4446-2275-0035_1580-141083-0026,s2,coarse_to_fine,1,True,0.0,0.6496140469284246,1.0,0.4600722012875633,accepted
1188-133604-0005_4446-2275-0035_1580-141083-0026,s3,coarse_to_fine,1,False,0.0,-0.3405884319122511,1.0,0.6183690378791817,margin
5639-40744-0026_4446-2271-0019_8230-279154-0022,s1,gated_deflation,0,True,0.00013373859970980945,0.37172848146825005,0.9998161764705882,0.4266474749546715,accepted
5639-40744-0026_4446-2271-0019_8230-279154-0022,s2,gated_deflation,0,False,0.0,-0.10187286956556657,1.0,0.8578090194265952,margin
5639-40744-0026_4446-2271-0019_8230-279154-0022,s3,gated_deflation,0,False,0.0,-0.030781329686107695,0.9798023897058824,0.7116174137783091,margin
5639-40744-0026_4446-2271-0019_8230-279154-0022,s1,coarse_to_fine,0,True,0.00013373859970980945,0.12181029591673226,1.0,0.33131460455834016,accepted
5639-40744-0026_4446-2271-0019_8230-279154-0022,s2,coarse_to_fine,0,False,0.0,-0.0378114940886739,1.0,0.3860561235731845,margin
5639-40744-0026_4446-2271-0019_8230-279154-0022,s3,coarse_to_fine,0,False,0.0,-0.09142792142268646,0.9798023897058824,0.24301836755299658,margin
5639-40744-0026_4446-2271-0019_8230-279154-0022,s1,coarse_to_fine,1,True,0.00013373859970980945,0.4016984204993388,1.0,0.27896294940785343,accepted
5639-40744-0026_4446-2271-0019_8230-279154-0022,s2,coarse_to_fine,1,False,0.0,-0.1680449871824023,1.0,0.3860561235731845,margin
5639-40744-0026_4446-2271-0019_8230-279154-0022,s3,coarse_to_fine,1,False,0.0,-0.40156860409352113,0.9798023897058824,0.24301836755299658,margin
5683-32879-0017_7176-92135-0009_4077-13751-0014,s1,gated_deflation,0,True,0.00016004938254663776,0.297091347629062,1.0,0.585805801207997,accepted
5683-32879-0017_7176-92135-0009_4077-13751-0014,s2,gated_deflation,0,True,0.0,0.10530887239832387,1.0,0.8208695671977609,accepted
5683-32879-0017_7176-92135-0009_4077-13751-0014,s3,gated_deflation,0,True,0.0,0.5309787695582595,1.0,0.5915750979247197,accepted
5683-32879-0017_7176-92135-0009_4077-13751-0014,s1,coarse_to_fine,0,True,0.00016004938254663776,0.39090997859633725,0.9939599483204135,0.5157776184842487,accepted
5683-32879-0017_7176-92135-0009_4077-13751-0014,s2,coarse_to_fine,0,False,0.0,0.06575870140907897,1.0,0.32054917311414777,margin
5683-32879-0017_7176-92135-0009_4077-13751-0014,s3,coarse_to_fine,0,True,0.0,0.569355607457358,1.0,0.5017717326451008,accepted
5683-32879-0017_7176-92135-0009_4077-13751-0014,s1,coarse_to_fine,1,True,0.00016004938254663776,0.5954682803030984,0.9936046511627907,0.5308656642351054,accepted
5683-32879-0017_7176-92135-0009_4077-13751-0014,s2,coarse_to_fine,1,False,0.0,-0.06062193299826413,1.0,0.32054917311414777,margin
5683-32879-0017_7176-92135-0009_4077-13751-0014,s3,coarse_to_fine,1,True,0.0,0.6642597848381205,1.0,0.49054703910396474,accepted
237-134500-0014_4077-13754-0006_8455-210777-0034,s1,gated_deflation,0,False,0.0,-0.12097687252038236,1.0,0.8695083345647759,margin
237-134500-0014_4077-13754-0006_8455-210777-0034,s2,gated_deflation,0,True,9.112494853203168e-05,0.5614156596027879,0.9522014925373135,0.5593370965967843,accepted
237-134500-0014_4077-13754-0006_8455-210777-0034,s3,gated_deflation,0,False,0.0,-0.08321413935932831,1.0,0.7273766187532291,margin
237-134500-0014_4077-13754-0006_8455-210777-0034,s1,coarse_to_fine,0,False,0.0,-0.18748582106115375,1.0,0.5745154299942576,margin
237-134500-0014_4077-13754-0006_8455-210777-0034,s2,coarse_to_fine,0,True,9.112494853203168e-05,0.14992811533722306,0.9522014925373135,0.4865728803657186,accepted
237-134500-0014_4077-13754-0006_8455-210777-0034,s3,coarse_to_fine,0,False,0.0,-0.15536074066425676,1.0,0.4966152176007119,margin
237-134500-0014_4077-13754-0006_8455-210777-0034,s1,coarse_to_fine,1,False,0.0,-0.27026684097183906,1.0,0.5745154299942576,margin
237-134500-0014_4077-13754-0006_8455-210777-0034,s2,coarse_to_fine,1,True,9.112494853203168e-05,0.4092247437481712,0.9671641791044776,0.48194441748579453,accepted
237-134500-0014_4077-13754-0006_8455-210777-0034,s3,coarse_to_fine,1,False,0.0,-0.37574008636189904,1.0,0.4966152176007119,margin
6930-75918-0005_908-31957-0024_7127-75946-0029,s1,gated_deflation,0,True,0.00014118461281207705,0.48132103114687325,1.0,0.6035311179945921,accepted
6930-75918-0005_908-31957-0024_7127-75946-0029,s2,gated_deflation,0,False,0.0,0.022220923625934974,1.0,0.7346257276396632,margin
6930-75918-0005_908-31957-0024_7127-75946-0029,s3,gated_deflation,0,True,0.0,0.3880332127454371,1.0,0.6576987611135816,accepted
6930-75918-0005_908-31957-0024_7127-75946-0029,s1,coarse_to_fine,0,True,0.00014118461281207705,0.11696130887150835,1.0,0.5910729617419423,accepted
6930-75918-0005_908-31957-0024_7127-75946-0029,s2,coarse_to_fine,0,False,0.0,-0.1839285435083504,1.0,0.49970638588893024,margin
6930-75918-0005_908-31957-0024_7127-75946-0029,s3,coarse_to_fine,0,True,0.0,0.2802625784319806,1.0,0.44783131955573546,accepted
6930-75918-0005_908-31957-0024_7127-75946-0029,s1,coarse_to_fine,1,False,0.00014118461281207705,-0.05219243476561819,1.0,0.5749126311603514,margin
6930-75918-0005_908-31957-0024_7127-75946-0029,s2,coarse_to_fine,1,False,0.0,-0.4035527603574971,1.0,0.49970638588893024,margin
6930-75918-0005_908-31957-0024_7127-75946-0029,s3,coarse_to_fine,1,True,0.0,0.3621145113691721,1.0,0.44550909475532463,accepted
2961-961-0006_260-123286-0031_4077-13754-0013,s1,gated_deflation,0,False,0.0,-0.23439670539028623,1.0,0.8565112321120205,margin
2961-961-0006_260-123286-0031_4077-13754-0013,s2,gated_deflation,0,False,0.0,-0.05750749143379852,1.0,0.8178863751469087,margin
2961-961-0006_260-123286-0031_4077-13754-0013,s3,gated_deflation,0,True,0.00013846755718416152,0.5542294916222317,1.0,0.5678133934138402,accepted
2961-961-0006_260-123286-0031_4077-13754-0013,s1,coarse_to_fine,0,False,0.0,-0.5802733782884013,1.0,0.5751024092912048,margin
2961-961-0006_260-123286-0031_4077-13754-0013,s2,coarse_to_fine,0,False,0.0,-0.2585058017020826,1.0,0.4069931862460036,margin
2961-961-0006_260-123286-0031_4077-13754-0013,s3,coarse_to_fine,0,True,0.00013846755718416152,0.36761017733762785,1.0,0.4955759435148279,accepted
2961-961-0006_260-123286-0031_4077-13754-0013,s1,coarse_to_fine,1,False,0.0,-0.7001410984680162,1.0,0.5751024092912048,margin
2961-961-0006_260-123286-0031_4077-13754-0013,s2,coarse_to_fine,1,False,0.0,-0.43590440003949493,1.0,0.4069931862460036,margin
2961-961-0006_260-123286-0031_4077-13754-0013,s3,coarse_to_fine,1,True,0.00013846755718416152,0.5738330042616859,1.0,0.5220124415445898,accepted
5683-32866-0017_4992-23283-0011_6829-68771-0013,s1,gated_deflation,0,True,0.0,0.10873089255830803,0.9540097629009763,0.6706398248464378,accepted
5683-32866-0017_4992-23283-0011_6829-68771-0013,s2,gated_deflation,0,False,0.0,0.06923266419175711,1.0,0.6681398474920338,margin
5683-32866-0017_4992-23283-0011_6829-68771-0013,s3,gated_deflation,0,True,0.00012056535627566127,0.49766198594831723,0.952510460251046,0.5403057406025286,accepted
5683-32866-0017_4992-23283-0011_6829-68771-0013,s1,coarse_to_fine,0,False,0.0,-0.5228453123833947,0.9540097629009763,0.3396502204516012,margin
5683-32866-0017_4992-23283-0011_6829-68771-0013,s2,coarse_to_fine,0,False,0.0,-0.4541179866717765,1.0,0.29791035068999216,margin
5683-32866-0017_4992-23283-0011_6829-68771-0013,s3,coarse_to_fine,0,True,0.00012056535627566127,0.4111194829371167,0.952649930264993,0.3649181156328122,accepted
5683-32866-0017_4992-23283-0011_6829-68771-0013,s1,coarse_to_fine,1,False,0.0,-0.6946713598886953,0.9540097629009763,0.3396502204516012,margin
5683-32866-0017_4992-23283-0011_6829-68771-0013,s2,coarse_to_fine,1,False,0.0,-0.6431638397996787,1.0,0.29791035068999216,margin
5683-32866-0017_4992-23283-0011_6829-68771-0013,s3,coarse_to_fine,1,True,0.00012056535627566127,0.6375503550765589,0.9530683403068341,0.36783314148512974,accepted
1188-133604-0034_2830-3980-0019_260-123286-0013,s1,gated_deflation,0,True,0.00011597765694985517,0.36746029312432593,1.0,0.35467947954672585,accepted
1188-133604-0034_2830-3980-0019_260-123286-0013,s2,gated_deflation,0,False,0.0,-0.04159217284188654,1.0,0.8141041639064996,margin
1188-133604-0034_2830-3980-0019_260-123286-0013,s3,gated_deflation,0,False,0.0,-0.1807519072192459,1.0,0.8529504593213482,margin
1188-133604-0034_2830-3980-0019_260-123286-0013,s1,coarse_to_fine,0,True,0.00011597765694985517,0.223542260229721,1.0,0.29290486014661465,accepted
1188-133604-0034_2830-3980-0019_260-123286-0013,s2,coarse_to_fine,0,False,0.0,-0.1455744476580566,1.0,0.4263716382452646,margin
1188-133604-0034_2830-3980-0019_260-123286-0013,s3,coarse_to_fine,0,False,0.0,-0.2917928945694331,1.0,0.2510452214018994,margin
1188-133604-0034_2830-3980-0019_260-123286-0013,s1,coarse_to_fine,1,True,0.00011597765694985517,0.40386177730003925,1.0,0.30728286428394574,accepted
1188-133604-0034_2830-3980-0019_260-123286-0013,s2,coarse_to_fine,1,False,0.0,-0.312145471188766,1.0,0.4263716382452646,margin
1188-133604-0034_2830-3980-0019_260-123286-0013,s3,coarse_to_fine,1,False,0.0,-0.44841002714207817,1.0,0.2510452214018994,margin
1284-1181-0014_7729-102255-0011_908-31957-0003,s1,gated_deflation,0,False,0.0,-0.17074405458933672,0.9748554913294798,0.7922956164631336,margin
1284-1181-0014_7729-102255-0011_908-31957-0003,s2,gated_deflation,0,True,9.45424610252196e-05,0.4899287544606051,0.9450505780346821,0.35296801477433487,accepted
1284-1181-0014_7729-102255-0011_908-31957-0003,s3,gated_deflation,0,False,0.0,-0.05551118581940512,0.9996406109613657,0.8004948883837917,margin
1284-1181-0014_7729-102255-0011_908-31957-0003,s1,coarse_to_fine,0,False,0.0,-0.15152627414438608,0.9677926300578035,0.41147444721110416,margin
1284-1181-0014_7729-102255-0011_908-31957-0003,s2,coarse_to_fine,0,True,9.45424610252196e-05,0.17904575935512596,0.9384031791907514,0.2674683903554663,accepted
1284-1181-0014_7729-102255-0011_908-31957-0003,s3,coarse_to_fine,0,False,0.0,0.022113639889522807,1.0,0.32003183292593573,margin
1284-1181-0014_7729-102255-0011_908-31957-0003,s1,coarse_to_fine,1,False,0.0,-0.29323494754645135,0.9677926300578035,0.41147444721110416,margin
1284-1181-0014_7729-102255-0011_908-31957-0003,s2,coarse_to_fine,1,True,9.45424610252196e-05,0.4410510948740488,0.9402998554913294,0.288321023743673,accepted
1284-1181-0014_7729-102255-0011_908-31957-0003,s3,coarse_to_fine,1,False,0.0,-0.1951582358684525,1.0,0.32003183292593573,margin
1188-133604-0013_1320-122612-0009_3570-5695-0000,s1,gated_deflation,0,True,0.0,0.29558079756856137,1.0,0.6633498366845837,accepted
1188-133604-0013_1320-122612-0009_3570-5695-0000,s2,gated_deflation,0,True,0.0,0.1430558633889028,0.9356770833333333,0.5929095864917671,accepted
1188-133604-0013_1320-122612-0009_3570-5695-0000,s3,gated_deflation,0,True,0.00012343799205009914,0.27305556605608605,1.0,0.5533546349534915,accepted
1188-133604-0013_1320-122612-0009_3570-5695-0000,s1,coarse_to_fine,0,True,0.0,0.12901482316062896,1.0,0.22679745075234597,accepted
1188-133604-0013_1320-122612-0009_3570-5695-0000,s2,coarse_to_fine,0,False,0.0,0.06521036651986695,1.0,0.343728898342444,margin
1188-133604-0013_1320-122612-0009_3570-5695-0000,s3,coarse_to_fine,0,False,0.00012343799205009914,0.062095652833433324,1.0,0.3800887771525758,margin
1188-133604-0013_1320-122612-0009_3570-5695-0000,s1,coarse_to_fine,1,True,0.0,0.3900291490944206,1.0,0.23502045245474606,accepted
1188-133604-0013_1320-122612-0009_3570-5695-0000,s2,coarse_to_fine,1,False,0.0,-0.1498263111535918,1.0,0.343728898342444,margin
1188-133604-0013_1320-122612-0009_3570-5695-0000,s3,coarse_to_fine,1,False,0.00012343799205009914,-0.03712298227864186,1.0,0.3800887771525758,margin
4077-13754-0011_5639-40744-0015_3575-170457-0033,s1,gated_deflation,0,True,0.00013261762459420139,0.38946047386593236,1.0,0.6032977414937237,accepted
4077-13754-0011_5639-40744-0015_3575-170457-0033,s2,gated_deflation,0,False,0.0,0.052663980640472396,1.0,0.6562910686284587,margin
4077-13754-0011_5639-40744-0015_3575-170457-0033,s3,gated_deflation,0,False,0.0,-0.042948033674352404,0.9917666666666667,0.6882379377408432,margin
4077-13754-0011_5639-40744-0015_3575-170457-0033,s1,coarse_to_fine,0,True,0.00013261762459420139,0.10139507729896013,1.0,0.5526787197767385,accepted
4077-13754-0011_5639-40744-0015_3575-170457-0033,s2,coarse_to_fine,0,False,0.0,-0.07361351712928721,1.0,0.49421248091560177,margin
4077-13754-0011_5639-40744-0015_3575-170457-0033,s3,coarse_to_fine,0,False,0.0,0.015695908963301766,0.9917666666666667,0.40631718018701724,margin
4077-13754-0011_5639-40744-0015_3575-170457-0033,s1,coarse_to_fine,1,True,0.00013261762459420139,0.3910910372011295,1.0,0.5405524113976552,accepted
4077-13754-0011_5639-40744-0015_3575-170457-0033,s2,coarse_to_fine,1,False,0.0,-0.35500503388248633,1.0,0.49421248091560177,margin
4077-13754-0011_5639-40744-0015_3575-170457-0033,s3,coarse_to_fine,1,False,0.0,-0.02247732705840469,0.9917666666666667,0.40631718018701724,margin
7176-88083-0024_6930-76324-0003_2300-131720-0022,s1,gated_deflation,0,True,0.0,0.30778370656998105,0.9895239749826268,0.6395723359778603,accepted
7176-88083-0024_6930-76324-0003_2300-131720-0022,s2,gated_deflation,0,False,0.0,0.053225448910183715,1.0,0.893530303044395,margin
7176-88083-0024_6930-76324-0003_2300-131720-0022,s3,gated_deflation,0,True,0.00011988085848901219,0.4593063538959771,0.982505211952745,0.3524202605679588,accepted
7176-88083-0024_6930-76324-0003_2300-131720-0022,s1,coarse_to_fine,0,True,0.0,0.27191281080993457,0.9895239749826268,0.3074254040298356,accepted
7176-88083-0024_6930-76324-0003_2300-131720-0022,s2,coarse_to_fine,0,False,0.0,-0.13023889040887185,1.0,0.5597789413818679,margin
7176-88083-0024_6930-76324-0003_2300-131720-0022,s3,coarse_to_fine,0,False,0.00011988085848901219,-0.24245928267259548,0.9903578874218207,0.23831793864374848,margin
7176-88083-0024_6930-76324-0003_2300-131720-0022,s1,coarse_to_fine,1,True,0.0,0.49892099855568134,0.9893154968728284,0.3089799161506104,accepted
7176-88083-0024_6930-76324-0003_2300-131720-0022,s2,coarse_to_fine,1,False,0.0,-0.24468655740502906,1.0,0.5597789413818679,margin
7176-88083-0024_6930-76324-0003_2300-131720-0022,s3,coarse_to_fine,1,False,0.00011988085848901219,-0.4120693132667625,0.9903578874218207,0.23831793864374848,margin
8463-294825-0013_1284-1180-0020_672-122797-0000,s1,gated_deflation,0,True,0.00012283107055820812,0.601599458440009,1.0,0.5886985895478778,accepted
8463-294825-0013_1284-1180-0020_672-122797-0000,s2,gated_deflation,0,True,0.0,0.22628765837526693,1.0,0.8205458331814637,accepted
8463-294825-0013_1284-1180-0020_672-122797-0000,s3,gated_deflation,0,False,0.0,-0.19011303852100436,1.0,0.9046373753462768,margin
8463-294825-0013_1284-1180-0020_672-122797-0000,s1,coarse_to_fine,0,True,0.00012283107055820812,0.3001586665635697,1.0,0.6158099649103238,accepted
8463-294825-0013_1284-1180-0020_672-122797-0000,s2,coarse_to_fine,0,False,0.0,0.0864601881946776,1.0,0.4273267752397725,margin
8463-294825-0013_1284-1180-0020_672-122797-0000,s3,coarse_to_fine,0,False,0.0,-0.24480795260734137,1.0,0.5631709419676365,margin
8463-294825-0013_1284-1180-0020_672-122797-0000,s1,coarse_to_fine,1,True,0.00012283107055820812,0.5730755847123388,1.0,0.5937949914011396,accepted
8463-294825-0013_1284-1180-0020_672-122797-0000,s2,coarse_to_fine,1,False,0.0,-0.14103584357707466,1.0,0.4273267752397725,margin
8463-294825-0013_1284-1180-0020_672-122797-0000,s3,coarse_to_fine,1,False,0.0,-0.24480795260734137,1.0,0.5631709419676365,margin
1320-122617-0000_237-134500-0026_1580-141084-0026,s1,gated_deflation,0,True,0.00024409616474445122,0.3396034624291174,1.0,0.6018869693162245,accepted
1320-122617-0000_237-134500-0026_1580-141084-0026,s2,gated_deflation,0,True,0.0,0.3150284858782375,1.0,0.8425452020176367,accepted
1320-122617-0000_237-134500-0026_1580-141084-0026,s3,gated_deflation,0,True,0.0,0.14414610988463206,0.8312135112593828,0.6680563216292529,accepted
1320-122617-0000_237-134500-0026_1580-141084-0026,s1,coarse_to_fine,0,True,0.00024409616474445122,0.45472876992445177,1.0,0.35395871924928507,accepted
1320-122617-0000_237-134500-0026_1580-141084-0026,s2,coarse_to_fine,0,False,0.0,-0.06402401718467826,1.0,0.5401080809702659,margin
1320-122617-0000_237-134500-0026_1580-141084-0026,s3,coarse_to_fine,0,False,0.0,0.09288494347309306,1.0,0.567198389481937,margin
1320-122617-0000_237-134500-0026_1580-141084-0026,s1,coarse_to_fine,1,True,0.00024409616474445122,0.7113032284425478,1.0,0.31865473305313885,accepted
1320-122617-0000_237-134500-0026_1580-141084-0026,s2,coarse_to_fine,1,False,0.0,-0.06402401718467826,1.0,0.5401080809702659,margin
1320-122617-0000_237-134500-0026_1580-141084-0026,s3,coarse_to_fine,1,False,0.0,0.09288494347309306,1.0,0.567198389481937,margin
1580-141084-0031_1089-134691-0017_3575-170457-0017,s1,gated_deflation,0,True,0.0,0.21778833660314267,1.0,0.8106255845968413,accepted
1580-141084-0031_1089-134691-0017_3575-170457-0017,s2,gated_deflation,0,True,0.0,0.22860262394838668,0.9748948106591865,0.5819894829359075,accepted
1580-141084-0031_1089-134691-0017_3575-170457-0017,s3,gated_deflation,0,True,0.0001817610739505049,0.24031548380274792,0.9751168770453483,0.5406202234625208,accepted
1580-141084-0031_1089-134691-0017_3575-170457-0017,s1,coarse_to_fine,0,False,0.0,0.05815630792045223,1.0,0.5817029042092291,margin
1580-141084-0031_1089-134691-0017_3575-170457-0017,s2,coarse_to_fine,0,True,0.0,0.21429596283898333,0.9777816736792894,0.46706974672528245,accepted
1580-141084-0031_1089-134691-0017_3575-170457-0017,s3,coarse_to_fine,0,True,0.0001817610739505049,0.33046244655954493,0.9771505376344086,0.4654612949971897,accepted
1580-141084-0031_1089-134691-0017_3575-170457-0017,s1,coarse_to_fine,1,False,0.0,-0.1543656686652295,1.0,0.5817029042092291,margin
1580-141084-0031_1089-134691-0017_3575-170457-0017,s2,coarse_to_fine,1,True,0.0,0.5009394554402493,0.97773492286115,0.4792492572020517,accepted
1580-141084-0031_1089-134691-0017_3575-170457-0017,s3,coarse_to_fine,1,True,0.0001817610739505049,0.5774861217732239,0.9780738662926601,0.44444196914623724,accepted
4992-41797-0010_2300-131720-0005_6829-68771-0014,s1,gated_deflation,0,True,0.0,0.10153661443391193,0.9502362542955326,0.48203040150452187,accepted
4992-41797-0010_2300-131720-0005_6829-68771-0014,s2,gated_deflation,0,False,0.0,-0.0834307819671116,0.9515678694158075,0.45076975091516064,margin
4992-41797-0010_2300-131720-0005_6829-68771-0014,s3,gated_deflation,0,False,0.0,-0.06597322935417971,1.0,0.6201087820682046,margin
4992-41797-0010_2300-131720-0005_6829-68771-0014,s1,coarse_to_fine,0,False,0.0,0.07071976581631989,0.9502362542955326,0.3301541190194762,margin
4992-41797-0010_2300-131720-0005_6829-68771-0014,s2,coarse_to_fine,0,False,0.0,-0.21485668226072058,0.9499785223367697,0.26563018598507954,margin
4992-41797-0010_2300-131720-0005_6829-68771-0014,s3,coarse_to_fine,0,False,0.0,-0.07547178344314959,1.0,0.2843902970427019,margin
4992-41797-0010_2300-131720-0005_6829-68771-0014,s1,coarse_to_fine,1,False,0.0,0.07071976581631989,0.9502362542955326,0.3301541190194762,margin
4992-41797-0010_2300-131720-0005_6829-68771-0014,s2,coarse_to_fine,1,False,0.0,-0.21485668226072058,0.9499785223367697,0.26563018598507954,margin
4992-41797-0010_2300-131720-0005_6829-68771-0014,s3,coarse_to_fine,1,False,0.0,-0.07547178344314959,1.0,0.2843902970427019,margin
8455-210777-0035_7729-102255-0037_5142-33396-0036,s1,gated_deflation,0,False,0.0,-0.19364498273981645,1.0,0.7492913617087424,margin
8455-210777-0035_7729-102255-0037_5142-33396-0036,s2,gated_deflation,0,True,8.832424491901008e-05,0.7113164494048771,0.9869674185463659,0.44155818871248276,accepted
8455-210777-0035_7729-102255-0037_5142-33396-0036,s3,gated_deflation,0,True,0.0,0.2754744814310557,1.0,0.828488628153616,accepted
8455-210777-0035_7729-102255-0037_5142-33396-0036,s1,coarse_to_fine,0,False,0.0,-0.43609100003694135,1.0,0.34863209474120704,margin
8455-210777-0035_7729-102255-0037_5142-33396-0036,s2,coarse_to_fine,0,True,8.832424491901008e-05,0.4771708081005255,1.0,0.29854263418286225,accepted
8455-210777-0035_7729-102255-0037_5142-33396-0036,s3,coarse_to_fine,0,True,0.0,0.2777148965878693,1.0,0.5195314524934929,accepted
8455-210777-0035_7729-102255-0037_5142-33396-0036,s1,coarse_to_fine,1,False,0.0,-0.6636312339345386,1.0,0.34863209474120704,margin
8455-210777-0035_7729-102255-0037_5142-33396-0036,s2,coarse_to_fine,1,True,8.832424491901008e-05,0.6794420569768436,1.0,0.32230090599626154,accepted
8455-210777-0035_7729-102255-0037_5142-33396-0036,s3,coarse_to_fine,1,True,0.0,0.5567459532672944,1.0,0.5540942869973752,accepted
237-126133-0005_2830-3980-0004_1089-134686-0000,s1,gated_deflation,0,True,0.0,0.2770679631293474,0.9973457350272232,0.7600671288057175,accepted
237-126133-0005_2830-3980-0004_1089-134686-0000,s2,gated_deflation,0,True,0.0,0.13348372880621434,1.0,0.8372157000329827,accepted
237-126133-0005_2830-3980-0004_1089-134686-0000,s3,gated_deflation,0,True,0.00013378365645413178,0.3986864174613014,0.9752949183303086,0.5962169280248678,accepted
237-126133-0005_2830-3980-0004_1089-134686-0000,s1,coarse_to_fine,0,True,0.0,0.1392918608612599,1.0,0.5788677993104618,accepted
237-126133-0005_2830-3980-0004_1089-134686-0000,s2,coarse_to_fine,0,False,0.0,-0.2150117240335242,1.0,0.46063459051002353,margin
237-126133-0005_2830-3980-0004_1089-134686-0000,s3,coarse_to_fine,0,True,0.00013378365645413178,0.2414908884154228,1.0,0.48045516752363643,accepted
237-126133-0005_2830-3980-0004_1089-134686-0000,s1,coarse_to_fine,1,True,0.0,0.381931374614401,1.0,0.5778483096529942,accepted
237-126133-0005_2830-3980-0004_1089-134686-0000,s2,coarse_to_fine,1,False,0.0,-0.4341249070146198,1.0,0.46063459051002353,margin
237-126133-0005_2830-3980-0004_1089-134686-0000,s3,coarse_to_fine,1,True,0.00013378365645413178,0.4756611201044158,1.0,0.47841447841059775,accepted
4077-13754-0005_8455-210777-0050_6829-68769-0018,s1,gated_deflation,0,True,7.862211890048095e-05,0.6475955989063444,1.0,0.57343509969148,accepted
4077-13754-0005_8455-210777-0050_6829-68769-0018,s2,gated_deflation,0,False,0.0,0.008614977865773588,1.0,0.8785093083256845,margin
4077-13754-0005_8455-210777-0050_6829-68769-0018,s3,gated_deflation,0,False,0.0,0.005297909226861686,1.0,0.8372703905023015,margin
4077-13754-0005_8455-210777-0050_6829-68769-0018,s1,coarse_to_fine,0,True,7.862211890048095e-05,0.4958002008717346,1.0,0.5575967266914403,accepted
4077-13754-0005_8455-210777-0050_6829-68769-0018,s2,coarse_to_fine,0,False,0.0,0.04150824214304011,1.0,0.40612686533616943,margin
4077-13754-0005_8455-210777-0050_6829-68769-0018,s3,coarse_to_fine,0,True,0.0,0.14258926748583073,1.0,0.5502858822604083,accepted
4077-13754-0005_8455-210777-0050_6829-68769-0018,s1,coarse_to_fine,1,True,7.862211890048095e-05,0.5859057932854735,1.0,0.5712858092021917,accepted
4077-13754-0005_8455-210777-0050_6829-68769-0018,s2,coarse_to_fine,1,False,0.0,-0.06811011602068645,1.0,0.40612686533616943,margin
4077-13754-0005_8455-210777-0050_6829-68769-0018,s3,coarse_to_fine,1,True,0.0,0.3872955123073278,1.0,0.5386535065072517,accepted
2094-142345-0056_7729-102255-0045_7176-92135-0040,s1,gated_deflation,0,False,0.0,-0.12300848996499403,1.0,0.8232897242861007,margin
2094-142345-0056_7729-102255-0045_7176-92135-0040,s2,gated_deflation,0,False,0.0,-0.015659874751380753,1.0,0.6135089203258071,margin
2094-142345-0056_7729-102255-0045_7176-92135-0040,s3,gated_deflation,0,True,9.297950776669787e-05,0.4426100971672379,1.0,0.42225820283472637,accepted
2094-142345-0056_7729-102255-0045_7176-92135-0040,s1,coarse_to_fine,0,False,0.0,-0.3142267974407662,1.0,0.4758343123593006,margin
2094-142345-0056_7729-102255-0045_7176-92135-0040,s2,coarse_to_fine,0,False,0.0,-0.14635616025580572,1.0,0.2987196884182973,margin
2094-142345-0056_7729-102255-0045_7176-92135-0040,s3,coarse_to_fine,0,True,9.297950776669787e-05,0.32304374500351896,1.0,0.28523734338227724,accepted
2094-142345-0056_7729-102255-0045_7176-92135-0040,s1,coarse_to_fine,1,False,0.0,-0.45804289736080217,1.0,0.4758343123593006,margin
2094-142345-0056_7729-102255-0045_7176-92135-0040,s2,coarse_to_fine,1,False,0.0,-0.3970583576924788,1.0,0.2987196884182973,margin
2094-142345-0056_7729-102255-0045_7176-92135-0040,s3,coarse_to_fine,1,True,9.297950776669787e-05,0.5444299441866591,1.0,0.26983446480956264,accepted
3575-170457-0006_1995-1836-0000_3570-5695-0013,s1,gated_deflation,0,True,0.0,0.30826534537683453,1.0,0.5599950099903499,accepted
3575-170457-0006_1995-1836-0000_3570-5695-0013,s2,gated_deflation,0,False,0.0003112034361162575,0.005634228929365825,0.9584931506849315,0.41676843467125696,margin
3575-170457-0006_1995-1836-0000_3570-5695-0013,s3,gated_deflation,0,True,0.0,0.20330134672636158,1.0,0.7007071622366676,accepted
3575-170457-0006_1995-1836-0000_3570-5695-0013,s1,coarse_to_fine,0,True,0.0,0.19936445820031037,1.0,0.41463447304731527,accepted
3575-170457-0006_1995-1836-0000_3570-5695-0013,s2,coarse_to_fine,0,False,0.0003112034361162575,0.06377329931114861,0.9898458904109589,0.24827410584760146,margin
3575-170457-0006_1995-1836-0000_3570-5695-0013,s3,coarse_to_fine,0,False,0.0,0.0036568520392991632,1.0,0.2150298351356896,margin
3575-170457-0006_1995-1836-0000_3570-5695-0013,s1,coarse_to_fine,1,True,0.0,0.5312265601376469,1.0,0.39819341441856676,accepted
3575-170457-0006_1995-1836-0000_3570-5695-0013,s2,coarse_to_fine,1,False,0.0003112034361162575,-0.20566715408741698,0.9898458904109589,0.24827410584760146,margin
3575-170457-0006_1995-1836-0000_3570-5695-0013,s3,coarse_to_fine,1,False,0.0,-0.1980441851705682,1.0,0.2150298351356896,margin
2961-961-0007_237-134493-0013_2830-3980-0011,s1,gated_deflation,0,True,0.00018987375355668007,0.41200893085398493,1.0,0.55177582418968,accepted
2961-961-0007_237-134493-0013_2830-3980-0011,s2,gated_deflation,0,False,0.0,-0.04251036538518993,1.0,0.7717346582014342,margin
2961-961-0007_237-134493-0013_2830-3980-0011,s3,gated_deflation,0,True,0.0,0.15644607469611682,1.0,0.6997072504848868,accepted
2961-961-0007_237-134493-0013_2830-3980-0011,s1,coarse_to_fine,0,True,0.00018987375355668007,0.20416086909308406,1.0,0.36020493361922773,accepted
2961-961-0007_237-134493-0013_2830-3980-0011,s2,coarse_to_fine,0,False,0.0,-0.13129275748410765,1.0,0.41580467672547244,margin
2961-961-0007_237-134493-0013_2830-3980-0011,s3,coarse_to_fine,0,False,0.0,-0.06019839914983449,1.0,0.45649711442503094,margin
2961-961-0007_237-134493-0013_2830-3980-0011,s1,coarse_to_fine,1,True,0.00018987375355668007,0.5652679699882468,1.0,0.3608130521110257,accepted
2961-961-0007_237-134493-0013_2830-3980-0011,s2,coarse_to_fine,1,False,0.0,-0.29875836001177414,1.0,0.41580467672547244,margin
2961-961-0007_237-134493-0013_2830-3980-0011,s3,coarse_to_fine,1,False,0.0,-0.3169284989356744,1.0,0.45649711442503094,margin
121-121726-0007_61-70968-0008_2300-131720-0038,s1,gated_deflation,0,False,0.00028384875329619166,0.08328392901423032,0.9722885032537961,0.6812989900938681,margin
121-121726-0007_61-70968-0008_2300-131720-0038,s2,gated_deflation,0,True,0.0,0.2324519237270694,1.0,0.7980088931567663,accepted
121-121726-0007_61-70968-0008_2300-131720-0038,s3,gated_deflation,0,False,0.0,-0.018476009040529262,0.9858731019522776,0.627055683455875,margin
121-121726-0007_61-70968-0008_2300-131720-0038,s1,coarse_to_fine,0,False,0.00028384875329619166,0.04503231225792309,0.9877440347071583,0.5914798324840973,margin
121-121726-0007_61-70968-0008_2300-131720-0038,s2,coarse_to_fine,0,True,0.0,0.19220050731002203,1.0,0.5529310597143822,accepted
121-121726-0007_61-70968-0008_2300-131720-0038,s3,coarse_to_fine,0,False,0.0,-0.08996791496791937,1.0,0.41265546981790374,margin
121-121726-0007_61-70968-0008_2300-131720-0038,s1,coarse_to_fine,1,False,0.00028384875329619166,-0.08964160777785402,0.9877440347071583,0.5914798324840973,margin
121-121726-0007_61-70968-0008_2300-131720-0038,s2,coarse_to_fine,1,True,0.0,0.46399942246751563,1.0,0.5495646572925276,accepted
121-121726-0007_61-70968-0008_2300-131720-0038,s3,coarse_to_fine,1,False,0.0,-0.2926690856724582,1.0,0.41265546981790374,margin
4970-29095-0032_6829-68771-0002_3729-6852-0009,s1,gated_deflation,0,True,0.0,0.15106621556749272,1.0,0.8108358101312657,accepted
4970-29095-0032_6829-68771-0002_3729-6852-0009,s2,gated_deflation,0,False,0.0,0.05271365610416828,0.926448362720403,0.737300366119672,margin
4970-29095-0032_6829-68771-0002_3729-6852-0009,s3,gated_deflation,0,True,0.00013721408322276012,0.5098672058441083,0.935154282115869,0.46762565101179876,accepted
4970-29095-0032_6829-68771-0002_3729-6852-0009,s1,coarse_to_fine,0,False,0.0,-0.004852310944447935,1.0,0.43652635999141015,margin
4970-29095-0032_6829-68771-0002_3729-6852-0009,s2,coarse_to_fine,0,False,0.0,-0.09394876243309042,0.9754722921914357,0.43012712925865304,margin
4970-29095-0032_6829-68771-0002_3729-6852-0009,s3,coarse_to_fine,0,False,0.00013721408322276012,0.09882004425817947,0.9756926952141058,0.4083006195227617,margin
4970-29095-0032_6829-68771-0002_3729-6852-0009,s1,coarse_to_fine,1,False,0.0,-0.004852310944447935,1.0,0.43652635999141015,margin
4970-29095-0032_6829-68771-0002_3729-6852-0009,s2,coarse_to_fine,1,False,0.0,-0.09394876243309042,0.9754722921914357,0.43012712925865304,margin
4970-29095-0032_6829-68771-0002_3729-6852-0009,s3,coarse_to_fine,1,False,0.00013721408322276012,0.09882004425817947,0.9756926952141058,0.4083006195227617,margin
1995-1837-0016_7021-79730-0001_7127-75946-0011,s1,gated_deflation,0,False,0.0,-0.05096340119007292,0.9733037156704362,0.5994568059289352,margin
1995-1837-0016_7021-79730-0001_7127-75946-0011,s2,gated_deflation,0,True,0.00011820947102294513,0.6572928746690376,0.9864701130856219,0.4061065002119465,accepted
1995-1837-0016_7021-79730-0001_7127-75946-0011,s3,gated_deflation,0,False,0.0,0.08298711441842141,0.9867511520737328,0.8796711610709963,margin
1995-1837-0016_7021-79730-0001_7127-75946-0011,s1,coarse_to_fine,0,False,0.0,0.019167848799550358,0.9733037156704362,0.2576672527449789,margin
1995-1837-0016_7021-79730-0001_7127-75946-0011,s2,coarse_to_fine,0,True,0.00011820947102294513,0.2855123117292801,0.9864701130856219,0.26624503467046107,accepted
1995-1837-0016_7021-79730-0001_7127-75946-0011,s3,coarse_to_fine,0,False,0.0,0.041340367199967754,1.0,0.5544158437499034,margin
1995-1837-0016_7021-79730-0001_7127-75946-0011,s1,coarse_to_fine,1,False,0.0,-0.17544387181223947,0.9733037156704362,0.2576672527449789,margin
1995-1837-0016_7021-79730-0001_7127-75946-0011,s2,coarse_to_fine,1,True,0.00011820947102294513,0.5852783759569226,0.9864903069466882,0.21306862795620163,accepted
1995-1837-0016_7021-79730-0001_7127-75946-0011,s3,coarse_to_fine,1,False,0.0,-0.009789628878966838,1.0,0.5544158437499034,margin
1580-141083-0000_7127-75947-0019_8224-274384-0000,s1,gated_deflation,0,True,0.0001762803533918151,0.41306208297270336,1.0,0.6536631444007787,accepted
1580-141083-0000_7127-75947-0019_8224-274384-0000,s2,gated_deflation,0,True,0.0,0.1481969392260991,1.0,0.8408476347311005,accepted
1580-141083-0000_7127-75947-0019_8224-274384-0000,s3,gated_deflation,0,True,0.0,0.24296725753447923,0.9924110522331567,0.5902321742413648,accepted
1580-141083-0000_7127-75947-0019_8224-274384-0000,s1,coarse_to_fine,0,True,0.0001762803533918151,0.2873890491854175,1.0,0.5749258926800732,accepted
1580-141083-0000_7127-75947-0019_8224-274384-0000,s2,coarse_to_fine,0,False,0.0,-0.0156898167516894,1.0,0.5764210171269711,margin
1580-141083-0000_7127-75947-0019_8224-274384-0000,s3,coarse_to_fine,0,False,0.0,0.08398980551454865,1.0,0.41073133463730616,margin
1580-141083-0000_7127-75947-0019_8224-274384-0000,s1,coarse_to_fine,1,True,0.0001762803533918151,0.5867627777194211,1.0,0.5979418002341349,accepted
1580-141083-0000_7127-75947-0019_8224-274384-0000,s2,coarse_to_fine,1,False,0.0,-0.16473408823212465,1.0,0.5764210171269711,margin
1580-141083-0000_7127-75947-0019_8224-274384-0000,s3,coarse_to_fine,1,False,0.0,-0.056344505072404905,1.0,0.41073133463730616,margin
3570-5696-0009_8555-284449-0006_7176-92135-0042,s1,gated_deflation,0,True,0.00021329316733758206,0.3526753534746331,1.0,0.4734938229794358,accepted
3570-5696-0009_8555-284449-0006_7176-92135-0042,s2,gated_deflation,0,False,0.0,-0.03793592156579345,1.0,0.7342689221379971,margin
3570-5696-0009_8555-284449-0006_7176-92135-0042,s3,gated_deflation,0,True,0.0,0.36523319165682666,1.0,0.5489364511323668,accepted
3570-5696-0009_8555-284449-0006_7176-92135-0042,s1,coarse_to_fine,0,True,0.00021329316733758206,0.2770228425226911,1.0,0.30488690377766625,accepted
3570-5696-0009_8555-284449-0006_7176-92135-0042,s2,coarse_to_fine,0,False,0.0,-0.3329476499842817,1.0,0.2461428725940209,margin
3570-5696-0009_8555-284449-0006_7176-92135-0042,s3,coarse_to_fine,0,True,0.0,0.3702134067411408,1.0,0.33766570906576815,accepted
3570-5696-0009_8555-284449-0006_7176-92135-0042,s1,coarse_to_fine,1,True,0.00021329316733758206,0.4158601812308193,1.0,0.2815582192820811,accepted
3570-5696-0009_8555-284449-0006_7176-92135-0042,s2,coarse_to_fine,1,False,0.0,-0.5380416991812051,1.0,0.2461428725940209,margin
3570-5696-0009_8555-284449-0006_7176-92135-0042,s3,coarse_to_fine,1,True,0.0,0.4336481913750899,1.0,0.3140578324974636,accepted
2300-131720-0001_5142-36586-0003_908-31957-0018,s1,gated_deflation,0,True,0.0001479436248133933,0.5277131855435826,0.985419235511714,0.3967878420984832,accepted
2300-131720-0001_5142-36586-0003_908-31957-0018,s2,gated_deflation,0,True,0.0,0.21174500758825787,1.0,0.826986620754683,accepted
2300-131720-0001_5142-36586-0003_908-31957-0018,s3,gated_deflation,0,True,0.0,0.25069781705093175,1.0,0.8468722354460252,accepted
2300-131720-0001_5142-36586-0003_908-31957-0018,s1,coarse_to_fine,0,False,0.0001479436248133933,0.00429956137392129,1.0,0.3298950275726136,margin
2300-131720-0001_5142-36586-0003_908-31957-0018,s2,coarse_to_fine,0,True,0.0,0.19937674685350504,1.0,0.43795809271396513,accepted
2300-131720-0001_5142-36586-0003_908-31957-0018,s3,coarse_to_fine,0,False,0.0,0.021427636771480824,1.0,0.3556247785532192,margin
2300-131720-0001_5142-36586-0003_908-31957-0018,s1,coarse_to_fine,1,False,0.0001479436248133933,-0.27338796887554495,1.0,0.3298950275726136,margin
2300-131720-0001_5142-36586-0003_908-31957-0018,s2,coarse_to_fine,1,True,0.0,0.5569538818026353,1.0,0.4732857021180788,accepted
2300-131720-0001_5142-36586-0003_908-31957-0018,s3,coarse_to_fine,1,False,0.0,-0.13858544558827526,1.0,0.3556247785532192,margin
5683-32879-0012_5105-28241-0017_5142-33396-0033,s1,gated_deflation,0,True,0.0,0.21132700446684471,1.0,0.8306927316454665,accepted
5683-32879-0012_5105-28241-0017_5142-33396-0033,s2,gated_deflation,0,True,0.00013427215553854524,0.43963616319383375,0.9374123831775701,0.5322686942338293,accepted
5683-32879-0012_5105-28241-0017_5142-33396-0033,s3,gated_deflation,0,False,0.0,-0.05530639035316437,0.9770151869158878,0.8184398142321533,margin
5683-32879-0012_5105-28241-0017_5142-33396-0033,s1,coarse_to_fine,0,False,0.0,-0.0384004758858251,1.0,0.41858249651806617,margin
5683-32879-0012_5105-28241-0017_5142-33396-0033,s2,coarse_to_fine,0,False,0.00013427215553854524,0.07614814689389304,0.9793516355140187,0.48182865747032727,margin
5683-32879-0012_5105-28241-0017_5142-33396-0033,s3,coarse_to_fine,0,False,0.0,-0.020423712825591633,1.0,0.5341774290286573,margin
5683-32879-0012_5105-28241-0017_5142-33396-0033,s1,coarse_to_fine,1,False,0.0,-0.0384004758858251,1.0,0.41858249651806617,margin
5683-32879-0012_5105-28241-0017_5142-33396-0033,s2,coarse_to_fine,1,False,0.00013427215553854524,0.07614814689389304,0.9793516355140187,0.48182865747032727,margin
5683-32879-0012_5105-28241-0017_5142-33396-0033,s3,coarse_to_fine,1,False,0.0,-0.020423712825591633,1.0,0.5341774290286573,margin
237-126133-0018_4970-29095-0007_3570-5695-0006,s1,gated_deflation,0,False,0.0,-0.08854419840282834,1.0,0.87567368510463,margin
237-126133-0018_4970-29095-0007_3570-5695-0006,s2,gated_deflation,0,True,0.00019688117564781543,0.41282088359651914,1.0,0.5568792500151257,accepted
237-126133-0018_4970-29095-0007_3570-5695-0006,s3,gated_deflation,0,False,0.0,0.06805827519520535,1.0,0.699976088334471,margin
237-126133-0018_4970-29095-0007_3570-5695-0006,s1,coarse_to_fine,0,False,0.0,-0.1828564572532866,1.0,0.49657350410676276,margin
237-126133-0018_4970-29095-0007_3570-5695-0006,s2,coarse_to_fine,0,True,0.00019688117564781543,0.2994193486811527,1.0,0.540326475512306,accepted
237-126133-0018_4970-29095-0007_3570-5695-0006,s3,coarse_to_fine,0,False,0.0,-0.05519348185224504,1.0,0.3151188951746469,margin
237-126133-0018_4970-29095-0007_3570-5695-0006,s1,coarse_to_fine,1,False,0.0,-0.4058778998340052,1.0,0.49657350410676276,margin
237-126133-0018_4970-29095-0007_3570-5695-0006,s2,coarse_to_fine,1,True,0.00019688117564781543,0.5791878157721946,1.0,0.5704382934361862,accepted
237-126133-0018_4970-29095-0007_3570-5695-0006,s3,coarse_to_fine,1,False,0.0,-0.1852631741648224,1.0,0.3151188951746469,margin
4446-2275-0033_8230-279154-0033_4992-41797-0007,s1,gated_deflation,0,True,0.0,0.2139959917611557,1.0,0.7010178573711612,accepted
4446-2275-0033_8230-279154-0033_4992-41797-0007,s2,gated_deflation,0,True,0.00011187647417852876,0.6510380452460497,1.0,0.4388504721406867,accepted
4446-2275-0033_8230-279154-0033_4992-41797-0007,s3,gated_deflation,0,False,0.0,0.0328838821591671,1.0,0.683488960977075,margin
4446-2275-0033_8230-279154-0033_4992-41797-0007,s1,coarse_to_fine,0,False,0.0,-0.002645725497274265,1.0,0.4313365350695505,margin
4446-2275-0033_8230-279154-0033_4992-41797-0007,s2,coarse_to_fine,0,True,0.00011187647417852876,0.5519542115932035,1.0,0.37352836432254233,accepted
4446-2275-0033_8230-279154-0033_4992-41797-0007,s3,coarse_to_fine,0,False,0.0,0.03821801071340711,1.0,0.41205706935246106,margin
4446-2275-0033_8230-279154-0033_4992-41797-0007,s1,coarse_to_fine,1,False,0.0,-0.037348192423906496,1.0,0.4313365350695505,margin
4446-2275-0033_8230-279154-0033_4992-41797-0007,s2,coarse_to_fine,1,True,0.00011187647417852876,0.7522026789889434,1.0,0.3901468558370384,accepted
4446-2275-0033_8230-279154-0033_4992-41797-0007,s3,coarse_to_fine,1,False,0.0,0.03821801071340711,1.0,0.41205706935246106,margin
1320-122617-0016_4992-41806-0008_2830-3980-0025,s1,gated_deflation,0,False,0.0,-0.13057959530859609,0.9909190974133186,0.5326823630760986,margin
1320-122617-0016_4992-41806-0008_2830-3980-0025,s2,gated_deflation,0,True,0.00023255466267264784,0.12481807464219657,0.9842735277930655,0.46027386746767246,accepted
1320-122617-0016_4992-41806-0008_2830-3980-0025,s3,gated_deflation,0,True,0.0,0.2589268802086344,1.0,0.601712284465406,accepted
1320-122617-0016_4992-41806-0008_2830-3980-0025,s1,coarse_to_fine,0,False,0.0,-0.3055668906497563,0.9936846450192626,0.348122361856136,margin
1320-122617-0016_4992-41806-0008_2830-3980-0025,s2,coarse_to_fine,0,True,0.00023255466267264784,0.11068246388528463,0.9932168409466153,0.35344884829057793,accepted
1320-122617-0016_4992-41806-0008_2830-3980-0025,s3,coarse_to_fine,0,True,0.0,0.3191469132531019,1.0,0.3903402660668321,accepted
1320-122617-0016_4992-41806-0008_2830-3980-0025,s1,coarse_to_fine,1,False,0.0,-0.48510249527921234,0.9936846450192626,0.348122361856136,margin
1320-122617-0016_4992-41806-0008_2830-3980-0025,s2,coarse_to_fine,1,True,0.00023255466267264784,0.3011281439481016,0.9932168409466153,0.3573029928760967,accepted
1320-122617-0016_4992-41806-0008_2830-3980-0025,s3,coarse_to_fine,1,True,0.0,0.3279017568884323,1.0,0.3683980493497906,accepted
61-70970-0015_8463-294825-0004_2961-961-0004,s1,gated_deflation,0,True,0.0,0.23951596475439463,1.0,0.6451027388959178,accepted
61-70970-0015_8463-294825-0004_2961-961-0004,s2,gated_deflation,0,False,0.0,-0.0599196348708122,1.0,0.8682469789306412,margin
61-70970-0015_8463-294825-0004_2961-961-0004,s3,gated_deflation,0,True,0.00019224536874800266,0.20713970244379776,1.0,0.5509543817274719,accepted
61-70970-0015_8463-294825-0004_2961-961-0004,s1,coarse_to_fine,0,True,0.0,0.24410380749057636,1.0,0.45479730044249056,accepted
61-70970-0015_8463-294825-0004_2961-961-0004,s2,coarse_to_fine,0,False,0.0,-0.10058675949997642,1.0,0.5045745096952178,margin
61-70970-0015_8463-294825-0004_2961-961-0004,s3,coarse_to_fine,0,True,0.00019224536874800266,0.19519639729540317,1.0,0.45524292651928566,accepted
61-70970-0015_8463-294825-0004_2961-961-0004,s1,coarse_to_fine,1,True,0.0,0.35852694384439354,1.0,0.4810427098516441,accepted
61-70970-0015_8463-294825-0004_2961-961-0004,s2,coarse_to_fine,1,False,0.0,-0.2680620438638096,1.0,0.5045745096952178,margin
61-70970-0015_8463-294825-0004_2961-961-0004,s3,coarse_to_fine,1,True,0.00019224536874800266,0.2320312761245088,1.0,0.47924206142275316,accepted
4970-29095-0028_6829-68769-0014_4077-13751-0004,s1,gated_deflation,0,True,0.0,0.14657317726679592,0.9957754206291148,0.6577287539008246,accepted
4970-29095-0028_6829-68769-0014_4077-13751-0004,s2,gated_deflation,0,False,0.0,0.02945948513653518,1.0,0.898728835683933,margin
4970-29095-0028_6829-68769-0014_4077-13751-0004,s3,gated_deflation,0,True,0.00014562697485077036,0.2899056554052467,1.0,0.6111964757815554,accepted
4970-29095-0028_6829-68769-0014_4077-13751-0004,s1,coarse_to_fine,0,True,0.0,0.1681773153241583,0.9957754206291148,0.5829639177565276,accepted
4970-29095-0028_6829-68769-0014_4077-13751-0004,s2,coarse_to_fine,0,False,0.0,-0.07335842736853596,1.0,0.4354077908800642,margin
4970-29095-0028_6829-68769-0014_4077-13751-0004,s3,coarse_to_fine,0,True,0.00014562697485077036,0.18988064849093483,1.0,0.533803146263584,accepted
4970-29095-0028_6829-68769-0014_4077-13751-0004,s1,coarse_to_fine,1,True,0.0,0.3304787371971343,0.9916057059253841,0.5956355696453817,accepted
4970-29095-0028_6829-68769-0014_4077-13751-0004,s2,coarse_to_fine,1,False,0.0,-0.26334689809311795,1.0,0.4354077908800642,margin
4970-29095-0028_6829-68769-0014_4077-13751-0004,s3,coarse_to_fine,1,True,0.00014562697485077036,0.17510284282898664,1.0,0.5290777246088298,accepted
5639-40744-0024_121-127105-0036_8230-279154-0042,s1,gated_deflation,0,False,0.0,-0.134826719206115,0.9955066921606118,0.7502219040069544,margin
5639-40744-0024_121-127105-0036_8230-279154-0042,s2,gated_deflation,0,False,0.0,0.013719892779089277,1.0,0.9015983060979146,margin
5639-40744-0024_121-127105-0036_8230-279154-0042,s3,gated_deflation,0,True,0.0001079698630000199,0.68033347178194,0.9949649458253664,0.40966560086612064,accepted
5639-40744-0024_121-127105-0036_8230-279154-0042,s1,coarse_to_fine,0,False,0.0,-0.2941718122042084,1.0,0.4096090566598684,margin
5639-40744-0024_121-127105-0036_8230-279154-0042,s2,coarse_to_fine,0,False,0.0,-0.0710293710160391,1.0,0.4753468215738552,margin
5639-40744-0024_121-127105-0036_8230-279154-0042,s3,coarse_to_fine,0,True,0.0001079698630000199,0.4207585145930388,1.0,0.3658700184736545,accepted
5639-40744-0024_121-127105-0036_8230-279154-0042,s1,coarse_to_fine,1,False,0.0,-0.5248299464363212,1.0,0.4096090566598684,margin
5639-40744-0024_121-127105-0036_8230-279154-0042,s2,coarse_to_fine,1,False,0.0,-0.16266167315002658,1.0,0.4753468215738552,margin
5639-40744-0024_121-127105-0036_8230-279154-0042,s3,coarse_to_fine,1,True,0.0001079698630000199,0.7034374705826527,1.0,0.37418063389951806,accepted
5105-28240-0014_6930-75918-0000_1284-1180-0024,s1,gated_deflation,0,True,0.0,0.3352111275952552,1.0,0.7887566600912336,accepted
5105-28240-0014_6930-75918-0000_1284-1180-0024,s2,gated_deflation,0,False,0.0,-0.061413157999769374,1.0,0.7685143427928316,margin
5105-28240-0014_6930-75918-0000_1284-1180-0024,s3,gated_deflation,0,True,0.00015229741776271537,0.26198102350248975,1.0,0.5436789216322226,accepted
5105-28240-0014_6930-75918-0000_1284-1180-0024,s1,coarse_to_fine,0,True,0.0,0.15733226276257856,1.0,0.5494638154048859,accepted
5105-28240-0014_6930-75918-0000_1284-1180-0024,s2,coarse_to_fine,0,False,0.0,-0.29590680298467686,1.0,0.5534147659471975,margin
5105-28240-0014_6930-75918-0000_1284-1180-0024,s3,coarse_to_fine,0,True,0.00015229741776271537,0.10368172563055333,1.0,0.37471289212330805,accepted
5105-28240-0014_6930-75918-0000_1284-1180-0024,s1,coarse_to_fine,1,True,0.0,0.295855998978343,1.0,0.5554983394382412,accepted
5105-28240-0014_6930-75918-0000_1284-1180-0024,s2,coarse_to_fine,1,False,0.0,-0.450393992176062,1.0,0.5534147659471975,margin
5105-28240-0014_6930-75918-0000_1284-1180-0024,s3,coarse_to_fine,1,True,0.00015229741776271537,0.3765271420975145,1.0,0.36636706854717194,accepted
7176-88083-0019_6829-68771-0025_8463-294828-0007,s1,gated_deflation,0,True,0.0,0.28516142587729726,1.0,0.7847888209843783,accepted
7176-88083-0019_6829-68771-0025_8463-294828-0007,s2,gated_deflation,0,False,0.0,-0.14130816863097012,1.0,0.7442829861560925,margin
7176-88083-0019_6829-68771-0025_8463-294828-0007,s3,gated_deflation,0,True,0.00017603929327545138,0.5531444953775143,0.9923316251830161,0.5797635991166867,accepted
7176-88083-0019_6829-68771-0025_8463-294828-0007,s1,coarse_to_fine,0,True,0.0,0.21204934260587557,1.0,0.4534882500709079,accepted
7176-88083-0019_6829-68771-0025_8463-294828-0007,s2,coarse_to_fine,0,False,0.0,-0.06341988964958178,1.0,0.4793882599338171,margin
7176-88083-0019_6829-68771-0025_8463-294828-0007,s3,coarse_to_fine,0,True,0.00017603929327545138,0.15279766808752132,1.0,0.5084043064621325,accepted
7176-88083-0019_6829-68771-0025_8463-294828-0007,s1,coarse_to_fine,1,True,0.0,0.5564858141862228,1.0,0.39577422918309846,accepted
7176-88083-0019_6829-68771-0025_8463-294828-0007,s2,coarse_to_fine,1,False,0.0,-0.35148346404291486,1.0,0.4793882599338171,margin
7176-88083-0019_6829-68771-0025_8463-294828-0007,s3,coarse_to_fine,1,True,0.00017603929327545138,0.4445062316323693,1.0,0.4996035508421485,accepted
7021-79740-0001_1320-122617-0033_6829-68771-0020,s1,gated_deflation,0,False,0.0,0.046634064877766446,1.0,0.6965335475799694,margin
7021-79740-0001_1320-122617-0033_6829-68771-0020,s2,gated_deflation,0,True,0.00012606244748875395,0.5441837430706687,0.9778278278278278,0.4114702434520412,accepted
7021-79740-0001_1320-122617-0033_6829-68771-0020,s3,gated_deflation,0,False,0.0,0.053722984279849895,1.0,0.8090103457150445,margin
7021-79740-0001_1320-122617-0033_6829-68771-0020,s1,coarse_to_fine,0,False,0.0,-0.468435600086109,1.0,0.3122890445705247,margin
7021-79740-0001_1320-122617-0033_6829-68771-0020,s2,coarse_to_fine,0,True,0.00012606244748875395,0.46110988429979466,0.9778278278278278,0.2729141838925532,accepted
7021-79740-0001_1320-122617-0033_6829-68771-0020,s3,coarse_to_fine,0,False,0.0,-0.024563020819132753,1.0,0.48179779111719717,margin
7021-79740-0001_1320-122617-0033_6829-68771-0020,s1,coarse_to_fine,1,False,0.0,-0.6524036186512716,1.0,0.3122890445705247,margin
7021-79740-0001_1320-122617-0033_6829-68771-0020,s2,coarse_to_fine,1,True,0.00012606244748875395,0.6519220034304394,0.9777777777777777,0.2564161327645427,accepted
7021-79740-0001_1320-122617-0033_6829-68771-0020,s3,coarse_to_fine,1,False,0.0,-0.024563020819132753,1.0,0.48179779111719717,margin
2830-3980-0055_6829-68771-0036_1580-141084-0048,s1,gated_deflation,0,True,0.0,0.11172303248938853,1.0,0.6842268054275308,accepted
2830-3980-0055_6829-68771-0036_1580-141084-0048,s2,gated_deflation,0,False,0.0,-0.09917771997386049,1.0,0.7546507906755925,margin
2830-3980-0055_6829-68771-0036_1580-141084-0048,s3,gated_deflation,0,True,0.0001488063490128027,0.4588764108731059,1.0,0.6590885856252936,accepted
2830-3980-0055_6829-68771-0036_1580-141084-0048,s1,coarse_to_fine,0,False,0.0,-0.06743873111014215,1.0,0.5426608327531959,margin
2830-3980-0055_6829-68771-0036_1580-141084-0048,s2,coarse_to_fine,0,False,0.0,-0.3396843944492747,1.0,0.4067332176208119,margin
2830-3980-0055_6829-68771-0036_1580-141084-0048,s3,coarse_to_fine,0,True,0.0001488063490128027,0.42840314978914723,1.0,0.5940710634207369,accepted
2830-3980-0055_6829-68771-0036_1580-141084-0048,s1,coarse_to_fine,1,False,0.0,-0.21053112695707638,1.0,0.5426608327531959,margin
2830-3980-0055_6829-68771-0036_1580-141084-0048,s2,coarse_to_fine,1,False,0.0,-0.4421448823872039,1.0,0.4067332176208119,margin
2830-3980-0055_6829-68771-0036_1580-141084-0048,s3,coarse_to_fine,1,True,0.0001488063490128027,0.6475380617688501,1.0,0.6110015499440317,accepted
260-123440-0014_2830-3980-0051_7176-88083-0023,s1,gated_deflation,0,True,0.0,0.10310669274982442,1.0,0.7959216050897344,accepted
260-123440-0014_2830-3980-0051_7176-88083-0023,s2,gated_deflation,0,False,0.0,0.049978691691212884,1.0,0.667573271340196,margin
260-123440-0014_2830-3980-0051_7176-88083-0023,s3,gated_deflation,0,True,0.00011143325504087999,0.494918005260213,0.9996553308823529,0.43444820383223776,accepted
260-123440-0014_2830-3980-0051_7176-88083-0023,s1,coarse_to_fine,0,False,0.0,-0.1290501990106238,1.0,0.37309981294310235,margin
260-123440-0014_2830-3980-0051_7176-88083-0023,s2,coarse_to_fine,0,False,0.0,-0.13457642144000442,1.0,0.4746219117769834,margin
260-123440-0014_2830-3980-0051_7176-88083-0023,s3,coarse_to_fine,0,True,0.00011143325504087999,0.12929639326036368,1.0,0.2916054741920225,accepted
260-123440-0014_2830-3980-0051_7176-88083-0023,s1,coarse_to_fine,1,False,0.0,-0.23003595580577563,1.0,0.37309981294310235,margin
260-123440-0014_2830-3980-0051_7176-88083-0023,s2,coarse_to_fine,1,False,0.0,-0.43580629164550283,1.0,0.4746219117769834,margin
260-123440-0014_2830-3980-0051_7176-88083-0023,s3,coarse_to_fine,1,True,0.00011143325504087999,0.45157898705462646,1.0,0.26723802769202604,accepted
1284-1180-0010_5683-32865-0009_6930-81414-0012,s1,gated_deflation,0,True,0.0,0.10329767582680222,1.0,0.49390314026961885,accepted
1284-1180-0010_5683-32865-0009_6930-81414-0012,s2,gated_deflation,0,True,0.00020072053559441486,0.3704096666562703,1.0,0.469129439063359,accepted
1284-1180-0010_5683-32865-0009_6930-81414-0012,s3,gated_deflation,0,False,0.0,0.025497324272002575,1.0,0.8211308095302289,margin
1284-1180-0010_5683-32865-0009_6930-81414-0012,s1,coarse_to_fine,0,False,0.0,-0.12406757961875864,1.0,0.3104055207118738,margin
1284-1180-0010_5683-32865-0009_6930-81414-0012,s2,coarse_to_fine,0,True,0.00020072053559441486,0.4214214238000787,1.0,0.37187289816362223,accepted
1284-1180-0010_5683-32865-0009_6930-81414-0012,s3,coarse_to_fine,0,False,0.0,-0.0319278593957055,1.0,0.5618553195342437,margin
1284-1180-0010_5683-32865-0009_6930-81414-0012,s1,coarse_to_fine,1,False,0.0,-0.37569459837861513,1.0,0.3104055207118738,margin
1284-1180-0010_5683-32865-0009_6930-81414-0012,s2,coarse_to_fine,1,True,0.00020072053559441486,0.7117641533808248,0.9930910281597904,0.3599594510718037,accepted
1284-1180-0010_5683-32865-0009_6930-81414-0012,s3,coarse_to_fine,1,False,0.0,-0.0319278593957055,1.0,0.5618553195342437,margin
6829-68771-0030_1089-134691-0008_1995-1836-0003,s1,gated_deflation,0,True,0.0,0.262038988135944,1.0,0.7683201186378563,accepted
6829-68771-0030_1089-134691-0008_1995-1836-0003,s2,gated_deflation,0,True,9.650644535842007e-05,0.5609673240103702,1.0,0.5260517501181006,accepted
6829-68771-0030_1089-134691-0008_1995-1836-0003,s3,gated_deflation,0,True,0.0,0.31130211707766364,0.9825915290739411,0.6724074827676176,accepted
6829-68771-0030_1089-134691-0008_1995-1836-0003,s1,coarse_to_fine,0,False,0.0,-0.056385255350077434,1.0,0.3861331602927507,margin
6829-68771-0030_1089-134691-0008_1995-1836-0003,s2,coarse_to_fine,0,True,9.650644535842007e-05,0.26127059082262283,1.0,0.5003290221019733,accepted
6829-68771-0030_1089-134691-0008_1995-1836-0003,s3,coarse_to_fine,0,True,0.0,0.4426064872523148,1.0,0.2722427520578399,accepted
6829-68771-0030_1089-134691-0008_1995-1836-0003,s1,coarse_to_fine,1,False,0.0,-0.21648174974442097,1.0,0.3861331602927507,margin
6829-68771-0030_1089-134691-0008_1995-1836-0003,s2,coarse_to_fine,1,True,9.650644535842007e-05,0.45983207042158264,1.0,0.4852503624363063,accepted
6829-68771-0030_1089-134691-0008_1995-1836-0003,s3,coarse_to_fine,1,True,0.0,0.5976010487234154,0.9908470926058865,0.23800972730730727,accepted
5105-28241-0004_2830-3980-0066_237-134500-0002,s1,gated_deflation,0,True,0.00016485674354435763,0.3051648164884864,1.0,0.5101641988662807,accepted
5105-28241-0004_2830-3980-0066_237-134500-0002,s2,gated_deflation,0,False,0.0,0.09333959611617593,1.0,0.8305927402704157,margin
5105-28241-0004_2830-3980-0066_237-134500-0002,s3,gated_deflation,0,False,0.0,0.006732381036545831,1.0,0.8769765849928529,margin
5105-28241-0004_2830-3980-0066_237-134500-0002,s1,coarse_to_fine,0,True,0.00016485674354435763,0.1690424255203284,1.0,0.48596539152457624,accepted
5105-28241-0004_2830-3980-0066_237-134500-0002,s2,coarse_to_fine,0,False,0.0,-0.14349586838823014,1.0,0.4760970290015797,margin
5105-28241-0004_2830-3980-0066_237-134500-0002,s3,coarse_to_fine,0,False,0.0,-0.07497632726466935,1.0,0.5365568718137584,margin
5105-28241-0004_2830-3980-0066_237-134500-0002,s1,coarse_to_fine,1,True,0.00016485674354435763,0.4308147828643663,1.0,0.47482213296776626,accepted
5105-28241-0004_2830-3980-0066_237-134500-0002,s2,coarse_to_fine,1,False,0.0,-0.42691042949305014,1.0,0.4760970290015797,margin
5105-28241-0004_2830-3980-0066_237-134500-0002,s3,coarse_to_fine,1,False,0.0,-0.2162699160896488,1.0,0.5365568718137584,margin
260-123288-0001_1089-134686-0026_4992-41806-0013,s1,gated_deflation,0,False,0.0,0.08543508907294822,1.0,0.5912545863182506,margin
260-123288-0001_1089-134686-0026_4992-41806-0013,s2,gated_deflation,0,True,0.0,0.37307579968883287,1.0,0.721099991890803,accepted
260-123288-0001_1089-134686-0026_4992-41806-0013,s3,gated_deflation,0,True,0.00018528525922585694,0.49231883825679845,1.0,0.5192995901136434,accepted
260-123288-0001_1089-134686-0026_4992-41806-0013,s1,coarse_to_fine,0,False,0.0,-0.28046139409470316,1.0,0.2951572757467214,margin
260-123288-0001_1089-134686-0026_4992-41806-0013,s2,coarse_to_fine,0,True,0.0,0.19890715756756486,1.0,0.4673164980986187,accepted
260-123288-0001_1089-134686-0026_4992-41806-0013,s3,coarse_to_fine,0,True,0.00018528525922585694,0.42814392204205565,1.0,0.277572655431267,accepted
260-123288-0001_1089-134686-0026_4992-41806-0013,s1,coarse_to_fine,1,False,0.0,-0.5612360427033555,1.0,0.2951572757467214,margin
260-123288-0001_1089-134686-0026_4992-41806-0013,s2,coarse_to_fine,1,True,0.0,0.5518943341046727,1.0,0.45443315274804713,accepted
260-123288-0001_1089-134686-0026_4992-41806-0013,s3,coarse_to_fine,1,True,0.00018528525922585694,0.6457021158048292,1.0,0.26696096456510643,accepted
1580-141084-0010_3575-170457-0032_1221-135767-0017,s1,gated_deflation,0,False,0.0,0.03886393427507401,1.0,0.8984643147112215,margin
1580-141084-0010_3575-170457-0032_1221-135767-0017,s2,gated_deflation,0,False,0.0,-0.059002277257647395,1.0,0.9006952625673784,margin
1580-141084-0010_3575-170457-0032_1221-135767-0017,s3,gated_deflation,0,True,6.735844624004606e-05,0.6569836764650372,1.0,0.5458438726753904,accepted
1580-141084-0010_3575-170457-0032_1221-135767-0017,s1,coarse_to_fine,0,False,0.0,-0.14920439335949737,1.0,0.5800035490688419,margin
1580-141084-0010_3575-170457-0032_1221-135767-0017,s2,coarse_to_fine,0,False,0.0,-0.16906595753771425,1.0,0.39489465442704125,margin
1580-141084-0010_3575-170457-0032_1221-135767-0017,s3,coarse_to_fine,0,True,6.735844624004606e-05,0.3629208819931665,1.0,0.5023391719949167,accepted
1580-141084-0010_3575-170457-0032_1221-135767-0017,s1,coarse_to_fine,1,False,0.0,-0.3674209229512717,1.0,0.5800035490688419,margin
1580-141084-0010_3575-170457-0032_1221-135767-0017,s2,coarse_to_fine,1,False,0.0,-0.30724464929543416,1.0,0.39489465442704125,margin
1580-141084-0010_3575-170457-0032_1221-135767-0017,s3,coarse_to_fine,1,True,6.735844624004606e-05,0.6491204512690509,1.0,0.4623293856880756,accepted
1580-141083-0008_61-70970-0003_4507-16021-0008,s1,gated_deflation,0,True,0.0,0.19877516784675736,1.0,0.6963329943382763,accepted
1580-141083-0008_61-70970-0003_4507-16021-0008,s2,gated_deflation,0,True,0.0,0.20031908663303422,1.0,0.6946292909306979,accepted
1580-141083-0008_61-70970-0003_4507-16021-0008,s3,gated_deflation,0,False,0.0,-0.08758635635651885,1.0,0.7202471138360439,margin
1580-141083-0008_61-70970-0003_4507-16021-0008,s1,coarse_to_fine,0,True,0.0,0.12820700839463162,1.0,0.53140718883949,accepted
1580-141083-0008_61-70970-0003_4507-16021-0008,s2,coarse_to_fine,0,False,0.0,-0.01858401113520669,1.0,0.5375516090951675,margin
1580-141083-0008_61-70970-0003_4507-16021-0008,s3,coarse_to_fine,0,False,0.0,-0.2022124815211404,1.0,0.44164146255812975,margin
1580-141083-0008_61-70970-0003_4507-16021-0008,s1,coarse_to_fine,1,True,0.0,0.40276215121365744,1.0,0.5357545678804871,accepted
1580-141083-0008_61-70970-0003_4507-16021-0008,s2,coarse_to_fine,1,False,0.0,-0.26019332673143847,1.0,0.5375516090951675,margin
1580-141083-0008_61-70970-0003_4507-16021-0008,s3,coarse_to_fine,1,False,0.0,-0.43845223097926567,1.0,0.44164146255812975,margin
2300-131720-0026_7729-102255-0021_1089-134691-0021,s1,gated_deflation,0,True,0.00013573917573435714,0.2594840545148755,0.9307902182700081,0.3506455579971028,accepted
2300-131720-0026_7729-102255-0021_1089-134691-0021,s2,gated_deflation,0,True,0.0,0.259187947730663,1.0,0.7191140114205755,accepted
2300-131720-0026_7729-102255-0021_1089-134691-0021,s3,gated_deflation,0,False,0.0,0.006640305237946675,0.9414308811641067,0.5493970808957168,margin
2300-131720-0026_7729-102255-0021_1089-134691-0021,s1,coarse_to_fine,0,True,0.00013573917573435714,0.14651863671446036,0.9867421180274859,0.2656719488019709,accepted
2300-131720-0026_7729-102255-0021_1089-134691-0021,s2,coarse_to_fine,0,False,0.0,-0.005657218598271452,1.0,0.29354181637355375,margin
2300-131720-0026_7729-102255-0021_1089-134691-0021,s3,coarse_to_fine,0,False,0.0,-0.049100093995300076,1.0,0.39337976414604064,margin
2300-131720-0026_7729-102255-0021_1089-134691-0021,s1,coarse_to_fine,1,True,0.00013573917573435714,0.40018419948512635,0.9599939369442199,0.24363586107531318,accepted
2300-131720-0026_7729-102255-0021_1089-134691-0021,s2,coarse_to_fine,1,False,0.0,-0.22305433433009336,1.0,0.29354181637355375,margin
2300-131720-0026_7729-102255-0021_1089-134691-0021,s3,coarse_to_fine,1,False,0.0,-0.3062122781369122,1.0,0.39337976414604064,margin
8555-292519-0012_5142-33396-0015_1221-135766-0007,s1,gated_deflation,0,True,0.0,0.10361341931532497,1.0,0.6800589372684507,accepted
8555-292519-0012_5142-33396-0015_1221-135766-0007,s2,gated_deflation,0,True,0.0,0.2651051963248317,1.0,0.8167823285066333,accepted
8555-292519-0012_5142-33396-0015_1221-135766-0007,s3,gated_deflation,0,True,0.00013011178639283036,0.24060871879346102,1.0,0.592823305307976,accepted
8555-292519-0012_5142-33396-0015_1221-135766-0007,s1,coarse_to_fine,0,False,0.0,-0.11776136156711414,1.0,0.3239289254267814,margin
8555-292519-0012_5142-33396-0015_1221-135766-0007,s2,coarse_to_fine,0,True,0.0,0.11881603309325595,1.0,0.5811698645639934,accepted
8555-292519-0012_5142-33396-0015_1221-135766-0007,s3,coarse_to_fine,0,False,0.00013011178639283036,0.030590416348240113,1.0,0.5143424000636718,margin
8555-292519-0012_5142-33396-0015_1221-135766-0007,s1,coarse_to_fine,1,False,0.0,-0.13411415302297486,1.0,0.3239289254267814,margin
8555-292519-0012_5142-33396-0015_1221-135766-0007,s2,coarse_to_fine,1,True,0.0,0.3511211223244083,1.0,0.5636728946433067,accepted
8555-292519-0012_5142-33396-0015_1221-135766-0007,s3,coarse_to_fine,1,False,0.00013011178639283036,-0.18201423157405971,1.0,0.5143424000636718,margin
8463-287645-0014_6930-81414-0004_121-127105-0001,s1,gated_deflation,0,True,0.0,0.44780213323138995,0.9380569306930693,0.8479945948449603,accepted
8463-287645-0014_6930-81414-0004_121-127105-0001,s2,gated_deflation,0,True,0.00016977279546454157,0.63234561974434,1.0,0.6103989267864761,accepted
8463-287645-0014_6930-81414-0004_121-127105-0001,s3,gated_deflation,0,True,0.0,0.1572768370428742,0.9847826086956522,0.7722459495118376,accepted
8463-287645-0014_6930-81414-0004_121-127105-0001,s1,coarse_to_fine,0,False,0.0,0.001610867710064079,0.9380569306930693,0.4209104825233501,margin
8463-287645-0014_6930-81414-0004_121-127105-0001,s2,coarse_to_fine,0,True,0.00016977279546454157,0.2921738416019892,1.0,0.6309187417799349,accepted
8463-287645-0014_6930-81414-0004_121-127105-0001,s3,coarse_to_fine,0,True,0.0,0.19023763456761683,1.0,0.5050832290066871,accepted
8463-287645-0014_6930-81414-0004_121-127105-0001,s1,coarse_to_fine,1,False,0.0,-0.12726016677894553,0.9380569306930693,0.4209104825233501,margin
8463-287645-0014_6930-81414-0004_121-127105-0001,s2,coarse_to_fine,1,True,0.00016977279546454157,0.32814358626413515,1.0,0.6204244573577953,accepted
8463-287645-0014_6930-81414-0004_121-127105-0001,s3,coarse_to_fine,1,True,0.0,0.30986962195066614,1.0,0.4917511015249783,accepted
8230-279154-0006_4446-2273-0007_1089-134691-0004,s1,gated_deflation,0,True,9.855291854738242e-05,0.46309837519800345,0.9866171671506841,0.5027263194363192,accepted
8230-279154-0006_4446-2273-0007_1089-134691-0004,s2,gated_deflation,0,True,0.0,0.2940521549897911,1.0,0.8415783014843791,accepted
8230-279154-0006_4446-2273-0007_1089-134691-0004,s3,gated_deflation,0,False,0.0,-0.12641397433019663,0.9830843387922518,0.6766738768299814,margin
8230-279154-0006_4446-2273-0007_1089-134691-0004,s1,coarse_to_fine,0,True,9.855291854738242e-05,0.2953604816060082,1.0,0.3776909675458493,accepted
8230-279154-0006_4446-2273-0007_1089-134691-0004,s2,coarse_to_fine,0,False,0.0,0.04595662683333318,1.0,0.5396856687605454,margin
8230-279154-0006_4446-2273-0007_1089-134691-0004,s3,coarse_to_fine,0,False,0.0,-0.26319942587075346,1.0,0.412974026001781,margin
8230-279154-0006_4446-2273-0007_1089-134691-0004,s1,coarse_to_fine,1,True,9.855291854738242e-05,0.5054341852980004,1.0,0.35715438857187876,accepted
8230-279154-0006_4446-2273-0007_1089-134691-0004,s2,coarse_to_fine,1,False,0.0,0.04595662683333318,1.0,0.5396856687605454,margin
8230-279154-0006_4446-2273-0007_1089-134691-0004,s3,coarse_to_fine,1,False,0.0,-0.47555129972387294,1.0,0.412974026001781,margin
8555-284449-0009_6930-81414-0006_908-157963-0014,s1,gated_deflation,0,True,0.0,0.1772480437454998,1.0,0.7851700173500528,accepted
8555-284449-0009_6930-81414-0006_908-157963-0014,s2,gated_deflation,0,True,0.0001311261067912089,0.46741542926374025,1.0,0.6204420487331154,accepted
8555-284449-0009_6930-81414-0006_908-157963-0014,s3,gated_deflation,0,True,0.0,0.3559321250671623,0.9817826704545455,0.6886580239598059,accepted
8555-284449-0009_6930-81414-0006_908-157963-0014,s1,coarse_to_fine,0,False,0.0,-0.3139662387833521,1.0,0.4795258294626488,margin
8555-284449-0009_6930-81414-0006_908-157963-0014,s2,coarse_to_fine,0,True,0.0001311261067912089,0.12484620481517394,1.0,0.5591718809887315,accepted
8555-284449-0009_6930-81414-0006_908-157963-0014,s3,coarse_to_fine,0,True,0.0,0.26894058782952623,1.0,0.42140101071451075,accepted
8555-284449-0009_6930-81414-0006_908-157963-0014,s1,coarse_to_fine,1,False,0.0,-0.4224434331604627,1.0,0.4795258294626488,margin
8555-284449-0009_6930-81414-0006_908-157963-0014,s2,coarse_to_fine,1,True,0.0001311261067912089,0.14274870200074996,1.0,0.5443932314504746,accepted
8555-284449-0009_6930-81414-0006_908-157963-0014,s3,coarse_to_fine,1,True,0.0,0.29664475454557016,1.0,0.45561920123715,accepted
4077-13751-0003_8455-210777-0058_61-70970-0030,s1,gated_deflation,0,True,0.00010684362644676937,0.3727509106365329,1.0,0.4836209264415613,accepted
4077-13751-0003_8455-210777-0058_61-70970-0030,s2,gated_deflation,0,False,0.0,0.014115516894399938,1.0,0.767190798269153,margin
4077-13751-0003_8455-210777-0058_61-70970-0030,s3,gated_deflation,0,False,0.0,0.06977794351545702,1.0,0.9029840984606434,margin
4077-13751-0003_8455-210777-0058_61-70970-0030,s1,coarse_to_fine,0,True,0.00010684362644676937,0.1446718391500703,1.0,0.47387286635363346,accepted
4077-13751-0003_8455-210777-0058_61-70970-0030,s2,coarse_to_fine,0,False,0.0,-0.11549834980634216,1.0,0.3910775042680254,margin
4077-13751-0003_8455-210777-0058_61-70970-0030,s3,coarse_to_fine,0,False,0.0,-0.16147576361918942,1.0,0.4364330742426681,margin
4077-13751-0003_8455-210777-0058_61-70970-0030,s1,coarse_to_fine,1,True,0.00010684362644676937,0.3601545613013415,1.0,0.43531981487062804,accepted
4077-13751-0003_8455-210777-0058_61-70970-0030,s2,coarse_to_fine,1,False,0.0,-0.3279539724339899,1.0,0.3910775042680254,margin
4077-13751-0003_8455-210777-0058_61-70970-0030,s3,coarse_to_fine,1,False,0.0,-0.3159488356265011,1.0,0.4364330742426681,margin
8463-294828-0001_61-70968-0013_7127-75947-0007,s1,gated_deflation,0,True,0.00017000641340651104,0.4621452768994273,0.9664237668161435,0.5979292498607943,accepted
8463-294828-0001_61-70968-0013_7127-75947-0007,s2,gated_deflation,0,True,0.0,0.11327985978459054,1.0,0.7788014105466574,accepted
8463-294828-0001_61-70968-0013_7127-75947-0007,s3,gated_deflation,0,True,0.0,0.12088424056980723,0.9853979820627803,0.7607240792404597,accepted
8463-294828-0001_61-70968-0013_7127-75947-0007,s1,coarse_to_fine,0,False,0.00017000641340651104,0.07985968944557637,1.0,0.48874498401330874,margin
8463-294828-0001_61-70968-0013_7127-75947-0007,s2,coarse_to_fine,0,False,0.0,-0.1090277720707103,1.0,0.49382444262950986,margin
8463-294828-0001_61-70968-0013_7127-75947-0007,s3,coarse_to_fine,0,False,0.0,-0.12819617647419806,1.0,0.5283125493975321,margin
8463-294828-0001_61-70968-0013_7127-75947-0007,s1,coarse_to_fine,1,False,0.00017000641340651104,0.07985968944557637,1.0,0.48874498401330874,margin
8463-294828-0001_61-70968-0013_7127-75947-0007,s2,coarse_to_fine,1,False,0.0,-0.1090277720707103,1.0,0.49382444262950986,margin
8463-294828-0001_61-70968-0013_7127-75947-0007,s3,coarse_to_fine,1,False,0.0,-0.12819617647419806,1.0,0.5283125493975321,margin
4992-41797-0020_61-70968-0026_2830-3980-0031,s1,gated_deflation,0,False,0.0,-0.0401229802022075,1.0,0.5456505085165287,margin
4992-41797-0020_61-70968-0026_2830-3980-0031,s2,gated_deflation,0,True,0.0,0.286888168873476,1.0,0.7168349612664173,accepted
4992-41797-0020_61-70968-0026_2830-3980-0031,s3,gated_deflation,0,True,0.00016029604415148112,0.33665408988952156,1.0,0.5251361666332992,accepted
4992-41797-0020_61-70968-0026_2830-3980-0031,s1,coarse_to_fine,0,False,0.0,-0.0925685502577619,1.0,0.37972805933506437,margin
4992-41797-0020_61-70968-0026_2830-3980-0031,s2,coarse_to_fine,0,True,0.0,0.15674316857178627,1.0,0.40524559938829074,accepted
4992-41797-0020_61-70968-0026_2830-3980-0031,s3,coarse_to_fine,0,True,0.00016029604415148112,0.11877999086676089,1.0,0.4771165094392666,accepted
4992-41797-0020_61-70968-0026_2830-3980-0031,s1,coarse_to_fine,1,False,0.0,-0.27283317633557275,1.0,0.37972805933506437,margin
4992-41797-0020_61-70968-0026_2830-3980-0031,s2,coarse_to_fine,1,True,0.0,0.286293481804926,1.0,0.39069953318467143,accepted
4992-41797-0020_61-70968-0026_2830-3980-0031,s3,coarse_to_fine,1,True,0.00016029604415148112,0.31033879919459145,1.0,0.46031704099647824,accepted
908-157963-0011_1580-141084-0040_6930-81414-0007,s1,gated_deflation,0,True,0.0001618666669313492,0.5444496606909071,1.0,0.5375390553856272,accepted
908-157963-0011_1580-141084-0040_6930-81414-0007,s2,gated_deflation,0,True,0.0,0.3363074517858051,1.0,0.8017332545696626,accepted
908-157963-0011_1580-141084-0040_6930-81414-0007,s3,gated_deflation,0,False,0.0,0.06854765064335894,1.0,0.8521489620526073,margin
908-157963-0011_1580-141084-0040_6930-81414-0007,s1,coarse_to_fine,0,True,0.0001618666669313492,0.25329276128621736,0.9837261785356068,0.44712268583578635,accepted
908-157963-0011_1580-141084-0040_6930-81414-0007,s2,coarse_to_fine,0,True,0.0,0.24904008103014702,1.0,0.604277438945236,accepted
908-157963-0011_1580-141084-0040_6930-81414-0007,s3,coarse_to_fine,0,False,0.0,-0.23872823762119036,1.0,0.5990719873308598,margin
908-157963-0011_1580-141084-0040_6930-81414-0007,s1,coarse_to_fine,1,True,0.0001618666669313492,0.4757886513567536,0.9851554663991976,0.4509866382554925,accepted
908-157963-0011_1580-141084-0040_6930-81414-0007,s2,coarse_to_fine,1,True,0.0,0.468063242632943,1.0,0.6019584567639604,accepted
908-157963-0011_1580-141084-0040_6930-81414-0007,s3,coarse_to_fine,1,False,0.0,-0.3715418006468848,1.0,0.5990719873308598,margin
1995-1826-0007_4970-29093-0009_6829-68771-0004,s1,gated_deflation,0,False,0.0,0.012691072917182411,0.9670585808580858,0.5896924082292293,margin
1995-1826-0007_4970-29093-0009_6829-68771-0004,s2,gated_deflation,0,True,0.00031046604559119246,0.17084576490770811,0.9721102150537635,0.595631546343989,accepted
1995-1826-0007_4970-29093-0009_6829-68771-0004,s3,gated_deflation,0,False,0.0,0.06335925822410204,0.9767809139784946,0.5297947786030706,margin
1995-1826-0007_4970-29093-0009_6829-68771-0004,s1,coarse_to_fine,0,False,0.0,-0.2332748570459337,0.9670585808580858,0.3490821712013852,margin
1995-1826-0007_4970-29093-0009_6829-68771-0004,s2,coarse_to_fine,0,True,0.00031046604559119246,0.12363276306295715,0.9721102150537635,0.5080455260718545,accepted
1995-1826-0007_4970-29093-0009_6829-68771-0004,s3,coarse_to_fine,0,False,0.0,-0.08447120254600965,0.9767809139784946,0.3740288094334845,margin
1995-1826-0007_4970-29093-0009_6829-68771-0004,s1,coarse_to_fine,1,False,0.0,-0.5737226550618767,0.9670585808580858,0.3490821712013852,margin
1995-1826-0007_4970-29093-0009_6829-68771-0004,s2,coarse_to_fine,1,True,0.00031046604559119246,0.5723412110785278,0.9746807795698925,0.5316502670437178,accepted
1995-1826-0007_4970-29093-0009_6829-68771-0004,s3,coarse_to_fine,1,False,0.0,-0.5144571409071554,0.9767809139784946,0.3740288094334845,margin
4077-13751-0001_1284-1181-0002_5142-33396-0037,s1,gated_deflation,0,True,9.259408951320756e-05,0.6279136640100156,1.0,0.5361895178177443,accepted
4077-13751-0001_1284-1181-0002_5142-33396-0037,s2,gated_deflation,0,True,0.0,0.15825194941538406,1.0,0.7570328401241556,accepted
4077-13751-0001_1284-1181-0002_5142-33396-0037,s3,gated_deflation,0,True,0.0,0.20852473328899956,1.0,0.8327290008492815,accepted
4077-13751-0001_1284-1181-0002_5142-33396-0037,s1,coarse_to_fine,0,True,9.259408951320756e-05,0.3111557342576744,1.0,0.480795473612686,accepted
4077-13751-0001_1284-1181-0002_5142-33396-0037,s2,coarse_to_fine,0,False,0.0,-0.19686638756083344,1.0,0.3500360531061099,margin
4077-13751-0001_1284-1181-0002_5142-33396-0037,s3,coarse_to_fine,0,True,0.0,0.2559175802151314,1.0,0.5292237578233164,accepted
4077-13751-0001_1284-1181-0002_5142-33396-0037,s1,coarse_to_fine,1,True,9.259408951320756e-05,0.4313640042116237,1.0,0.4765045365974727,accepted
4077-13751-0001_1284-1181-0002_5142-33396-0037,s2,coarse_to_fine,1,False,0.0,-0.41367172510278993,1.0,0.3500360531061099,margin
4077-13751-0001_1284-1181-0002_5142-33396-0037,s3,coarse_to_fine,1,True,0.0,0.4408488878050585,1.0,0.5405947972431449,accepted
3570-5696-0008_8455-210777-0022_1320-122612-0005,s1,gated_deflation,0,False,0.0,-0.2974656547437623,1.0,0.7669556065075211,margin
3570-5696-0008_8455-210777-0022_1320-122612-0005,s2,gated_deflation,0,True,0.00013244438430240366,0.5707555948832582,1.0,0.46039215749250173,accepted
3570-5696-0008_8455-210777-0022_1320-122612-0005,s3,gated_deflation,0,False,0.0,-0.12000449105217043,1.0,0.795491862495041,margin
3570-5696-0008_8455-210777-0022_1320-122612-0005,s1,coarse_to_fine,0,False,0.0,-0.3061051577309185,1.0,0.41831233361640513,margin
3570-5696-0008_8455-210777-0022_1320-122612-0005,s2,coarse_to_fine,0,True,0.00013244438430240366,0.12425100269431588,1.0,0.3890411949888603,accepted
3570-5696-0008_8455-210777-0022_1320-122612-0005,s3,coarse_to_fine,0,False,0.0,0.09460913681189059,1.0,0.36200183205214825,margin
3570-5696-0008_8455-210777-0022_1320-122612-0005,s1,coarse_to_fine,1,False,0.0,-0.48362965054408824,1.0,0.41831233361640513,margin
3570-5696-0008_8455-210777-0022_1320-122612-0005,s2,coarse_to_fine,1,True,0.00013244438430240366,0.37969208924829106,0.9830670926517572,0.36444537443569697,accepted
3570-5696-0008_8455-210777-0022_1320-122612-0005,s3,coarse_to_fine,1,False,0.0,-0.18779323844744067,1.0,0.36200183205214825,margin
121-127105-0035_5105-28240-0019_5142-33396-0042,s1,gated_deflation,0,True,0.00013836549767387346,0.39437004562813405,0.9736647503637795,0.6486323901908851,accepted
121-127105-0035_5105-28240-0019_5142-33396-0042,s2,gated_deflation,0,False,0.0,-0.09906551057404467,0.973306934471983,0.8068936204067075,margin
121-127105-0035_5105-28240-0019_5142-33396-0042,s3,gated_deflation,0,True,0.0,0.2610624235338123,0.9785083415112856,0.8318695971541362,accepted
121-127105-0035_5105-28240-0019_5142-33396-0042,s1,coarse_to_fine,0,True,0.00013836549767387346,0.30813386527589515,0.9733784976503423,0.512464279846962,accepted
121-127105-0035_5105-28240-0019_5142-33396-0042,s2,coarse_to_fine,0,False,0.0,-0.225842743691236,0.973306934471983,0.5266597164263374,margin
121-127105-0035_5105-28240-0019_5142-33396-0042,s3,coarse_to_fine,0,True,0.0,0.26545221550770287,0.9789254170755642,0.5801275292787277,accepted
121-127105-0035_5105-28240-0019_5142-33396-0042,s1,coarse_to_fine,1,True,0.00013836549767387346,0.46217306436018724,0.9597576393692898,0.5006762232648733,accepted
121-127105-0035_5105-28240-0019_5142-33396-0042,s2,coarse_to_fine,1,False,0.0,-0.45675543726005574,0.973306934471983,0.5266597164263374,margin
121-127105-0035_5105-28240-0019_5142-33396-0042,s3,coarse_to_fine,1,True,0.0,0.38553960889618166,0.978631010794897,0.5801186520757504,accepted
4970-29095-0036_8455-210777-0046_3570-5694-0014,s1,gated_deflation,0,True,0.0,0.42937938193400493,1.0,0.7977709965990225,accepted
4970-29095-0036_8455-210777-0046_3570-5694-0014,s2,gated_deflation,0,True,0.0,0.24045613013550132,0.9870198079231692,0.5985057227372776,accepted
4970-29095-0036_8455-210777-0046_3570-5694-0014,s3,gated_deflation,0,True,0.00011845153246804018,0.4770986735957683,1.0,0.502413529548272,accepted
4970-29095-0036_8455-210777-0046_3570-5694-0014,s1,coarse_to_fine,0,False,0.0,0.001679428588184595,1.0,0.5105995558507194,margin
4970-29095-0036_8455-210777-0046_3570-5694-0014,s2,coarse_to_fine,0,True,0.0,0.25898943303444555,1.0,0.4230165071380477,accepted
4970-29095-0036_8455-210777-0046_3570-5694-0014,s3,coarse_to_fine,0,True,0.00011845153246804018,0.4869525086464439,1.0,0.3525139853309119,accepted
4970-29095-0036_8455-210777-0046_3570-5694-0014,s1,coarse_to_fine,1,False,0.0,-0.15043023858411186,1.0,0.5105995558507194,margin
4970-29095-0036_8455-210777-0046_3570-5694-0014,s2,coarse_to_fine,1,True,0.0,0.5559767963612364,1.0,0.42066878690244086,accepted
4970-29095-0036_8455-210777-0046_3570-5694-0014,s3,coarse_to_fine,1,True,0.00011845153246804018,0.7287475878846673,1.0,0.32441050117449005,accepted
1995-1837-0018_7127-75946-0002_8463-294828-0034,s1,gated_deflation,0,True,0.0,0.3585215112443425,1.0,0.4031014720238227,accepted
1995-1837-0018_7127-75946-0002_8463-294828-0034,s2,gated_deflation,0,True,0.0,0.2870535814366967,1.0,0.49755607386433104,accepted
1995-1837-0018_7127-75946-0002_8463-294828-0034,s3,gated_deflation,0,False,0.0,-0.06554152227655219,1.0,0.8960777654200403,margin
1995-1837-0018_7127-75946-0002_8463-294828-0034,s1,coarse_to_fine,0,True,0.0,0.4588853932971076,1.0,0.29601511504248856,accepted
1995-1837-0018_7127-75946-0002_8463-294828-0034,s2,coarse_to_fine,0,True,0.0,0.37885124476033544,1.0,0.46996016824859177,accepted
1995-1837-0018_7127-75946-0002_8463-294828-0034,s3,coarse_to_fine,0,False,0.0,0.09215534287452759,1.0,0.5344037738824702,margin
1995-1837-0018_7127-75946-0002_8463-294828-0034,s1,coarse_to_fine,1,True,0.0,0.6017861464296043,0.9923255813953489,0.26652215259439466,accepted
1995-1837-0018_7127-75946-0002_8463-294828-0034,s2,coarse_to_fine,1,True,0.0,0.61064614864414,1.0,0.48200259960366826,accepted
1995-1837-0018_7127-75946-0002_8463-294828-0034,s3,coarse_to_fine,1,False,0.0,-0.025713693029368323,1.0,0.5344037738824702,margin
1221-135767-0019_4446-2273-0001_7176-88083-0008,s1,gated_deflation,0,True,0.0,0.11848302664960164,1.0,0.7504540659122253,accepted
1221-135767-0019_4446-2273-0001_7176-88083-0008,s2,gated_deflation,0,True,0.00020173631312849234,0.36261045567491024,1.0,0.7051654012406634,accepted
1221-135767-0019_4446-2273-0001_7176-88083-0008,s3,gated_deflation,0,True,0.0,0.44740342200448985,1.0,0.7332584534691022,accepted
1221-135767-0019_4446-2273-0001_7176-88083-0008,s1,coarse_to_fine,0,False,0.0,-0.15496096041326918,1.0,0.5995504391028941,margin
1221-135767-0019_4446-2273-0001_7176-88083-0008,s2,coarse_to_fine,0,True,0.00020173631312849234,0.21141756533301215,1.0,0.5800421240597046,accepted
1221-135767-0019_4446-2273-0001_7176-88083-0008,s3,coarse_to_fine,0,True,0.0,0.2641317179610697,1.0,0.4040007173866635,accepted
1221-135767-0019_4446-2273-0001_7176-88083-0008,s1,coarse_to_fine,1,False,0.0,-0.4013797465311825,1.0,0.5995504391028941,margin
1221-135767-0019_4446-2273-0001_7176-88083-0008,s2,coarse_to_fine,1,True,0.00020173631312849234,0.47795560498793643,1.0,0.5730588529248672,accepted
1221-135767-0019_4446-2273-0001_7176-88083-0008,s3,coarse_to_fine,1,True,0.0,0.4810088292043577,1.0,0.3736789746293186,accepted
8455-210777-0006_1995-1826-0020_5683-32879-0002,s1,gated_deflation,0,True,0.0,0.1714085968528299,1.0,0.7919519766990258,accepted
8455-210777-0006_1995-1826-0020_5683-32879-0002,s2,gated_deflation,0,False,0.0,0.006432117637568346,0.9541259765625,0.6854563189014985,margin
8455-210777-0006_1995-1826-0020_5683-32879-0002,s3,gated_deflation,0,True,0.00019221061483108834,0.6791447874811407,0.9470458984375,0.55129192284131,accepted
8455-210777-0006_1995-1826-0020_5683-32879-0002,s1,coarse_to_fine,0,False,0.0,-0.1959738529743076,1.0,0.43340162538380395,margin
8455-210777-0006_1995-1826-0020_5683-32879-0002,s2,coarse_to_fine,0,False,0.0,-0.12201665798065503,0.97890625,0.29365692011953726,margin
8455-210777-0006_1995-1826-0020_5683-32879-0002,s3,coarse_to_fine,0,True,0.00019221061483108834,0.3819015306628498,0.9880859375,0.5219823718994715,accepted
8455-210777-0006_1995-1826-0020_5683-32879-0002,s1,coarse_to_fine,1,False,0.0,-0.2550065025436991,1.0,0.43340162538380395,margin
8455-210777-0006_1995-1826-0020_5683-32879-0002,s2,coarse_to_fine,1,False,0.0,-0.34885923753986864,0.97890625,0.29365692011953726,margin
8455-210777-0006_1995-1826-0020_5683-32879-0002,s3,coarse_to_fine,1,True,0.00019221061483108834,0.6779945694327634,0.9866455078125,0.5163984587094383,accepted
7729-102255-0018_1995-1826-0024_121-127105-0025,s1,gated_deflation,0,True,0.0,0.3525263345367048,0.9938768115942029,0.5962340893954577,accepted
7729-102255-0018_1995-1826-0024_121-127105-0025,s2,gated_deflation,0,True,0.0,0.19402017381762177,1.0,0.8057348945324662,accepted
7729-102255-0018_1995-1826-0024_121-127105-0025,s3,gated_deflation,0,True,0.0001563215742636587,0.19205886353779938,0.9941183574879227,0.5373932410747527,accepted
7729-102255-0018_1995-1826-0024_121-127105-0025,s1,coarse_to_fine,0,True,0.0,0.10824365891815341,0.9938768115942029,0.3605884793920348,accepted
7729-102255-0018_1995-1826-0024_121-127105-0025,s2,coarse_to_fine,0,True,0.0,0.16311474532463377,1.0,0.2953521705164454,accepted
7729-102255-0018_1995-1826-0024_121-127105-0025,s3,coarse_to_fine,0,True,0.0001563215742636587,0.1402689776422376,0.9948067632850242,0.46378809838092433,accepted
7729-102255-0018_1995-1826-0024_121-127105-0025,s1,coarse_to_fine,1,True,0.0,0.2636161268468958,0.9923309178743961,0.3266507784175647,accepted
7729-102255-0018_1995-1826-0024_121-127105-0025,s2,coarse_to_fine,1,True,0.0,0.341765287850614,1.0,0.33633136661765767,accepted
7729-102255-0018_1995-1826-0024_121-127105-0025,s3,coarse_to_fine,1,True,0.0001563215742636587,0.1764672117585896,0.9923067632850242,0.3988601142079341,accepted
8230-279154-0019_4446-2271-0000_237-126133-0009,s1,gated_deflation,0,True,8.761955701098996e-05,0.7371792319381613,1.0,0.39101510218655244,accepted
8230-279154-0019_4446-2271-0000_237-126133-0009,s2,gated_deflation,0,True,0.0,0.21911377999751927,1.0,0.894315849124427,accepted
8230-279154-0019_4446-2271-0000_237-126133-0009,s3,gated_deflation,0,False,0.0,-0.05717058817666615,0.9717171717171718,0.9080981067070223,margin
8230-279154-0019_4446-2271-0000_237-126133-0009,s1,coarse_to_fine,0,True,8.761955701098996e-05,0.46037999023891996,1.0,0.23708202411380197,accepted
8230-279154-0019_4446-2271-0000_237-126133-0009,s2,coarse_to_fine,0,True,0.0,0.10367608688334662,1.0,0.37351845297663483,accepted
8230-279154-0019_4446-2271-0000_237-126133-0009,s3,coarse_to_fine,0,True,0.0,0.10433826331127125,1.0,0.5311542236227665,accepted
8230-279154-0019_4446-2271-0000_237-126133-0009,s1,coarse_to_fine,1,True,8.761955701098996e-05,0.6203334703363732,1.0,0.23133079565445402,accepted
8230-279154-0019_4446-2271-0000_237-126133-0009,s2,coarse_to_fine,1,True,0.0,0.13882145127240508,1.0,0.3444080820008941,accepted
8230-279154-0019_4446-2271-0000_237-126133-0009,s3,coarse_to_fine,1,True,0.0,0.32867800374365647,1.0,0.542383929591255,accepted
7729-102255-0033_2094-142345-0053_3570-5694-0012,s1,gated_deflation,0,True,0.00015923936374617417,0.6851030723480471,1.0,0.4817258809298062,accepted
7729-102255-0033_2094-142345-0053_3570-5694-0012,s2,gated_deflation,0,True,0.0,0.2897598044392543,1.0,0.7472479085495819,accepted
7729-102255-0033_2094-142345-0053_3570-5694-0012,s3,gated_deflation,0,True,0.0,0.36863300798119014,1.0,0.7297712404810435,accepted
7729-102255-0033_2094-142345-0053_3570-5694-0012,s1,coarse_to_fine,0,True,0.00015923936374617417,0.3665790029171607,1.0,0.29366504433408636,accepted
7729-102255-0033_2094-142345-0053_3570-5694-0012,s2,coarse_to_fine,0,True,0.0,0.11616118982721951,1.0,0.3641196475486452,accepted
7729-102255-0033_2094-142345-0053_3570-5694-0012,s3,coarse_to_fine,0,False,0.0,-0.13086164517867171,1.0,0.28228208307745045,margin
7729-102255-0033_2094-142345-0053_3570-5694-0012,s1,coarse_to_fine,1,True,0.00015923936374617417,0.6917108048073082,1.0,0.2894126650767288,accepted
7729-102255-0033_2094-142345-0053_3570-5694-0012,s2,coarse_to_fine,1,True,0.0,0.465455836481208,1.0,0.3859810139334123,accepted
7729-102255-0033_2094-142345-0053_3570-5694-0012,s3,coarse_to_fine,1,False,0.0,-0.474357618048585,1.0,0.28228208307745045,margin
908-31957-0020_6829-68771-0033_8555-292519-0006,s1,gated_deflation,0,False,0.0,-0.30771854719810965,0.97829417773238,0.6814698005327734,margin
908-31957-0020_6829-68771-0033_8555-292519-0006,s2,gated_deflation,0,False,0.0,-0.012488679051055052,1.0,0.7090633348371328,margin
908-31957-0020_6829-68771-0033_8555-292519-0006,s3,gated_deflation,0,True,0.00015182049226233457,0.4321202617981473,0.9744892747701737,0.4071738216861256,accepted
908-31957-0020_6829-68771-0033_8555-292519-0006,s1,coarse_to_fine,0,False,0.0,-0.4620165380448504,0.97829417773238,0.33867842382126956,margin
908-31957-0020_6829-68771-0033_8555-292519-0006,s2,coarse_to_fine,0,True,0.0,0.18174287692256358,1.0,0.33936031820687657,accepted
908-31957-0020_6829-68771-0033_8555-292519-0006,s3,coarse_to_fine,0,False,0.00015182049226233457,0.02597416211747411,0.9744892747701737,0.23856535382319202,margin
908-31957-0020_6829-68771-0033_8555-292519-0006,s1,coarse_to_fine,1,False,0.0,-0.7887327788671223,0.97829417773238,0.33867842382126956,margin
908-31957-0020_6829-68771-0033_8555-292519-0006,s2,coarse_to_fine,1,True,0.0,0.5234469758356652,1.0,0.35748782078464936,accepted
908-31957-0020_6829-68771-0033_8555-292519-0006,s3,coarse_to_fine,1,False,0.00015182049226233457,-0.305996046320182,0.9744892747701737,0.23856535382319202,margin
8463-294828-0016_8224-274384-0010_4446-2273-0024,s1,gated_deflation,0,False,0.0,0.2599523808544295,1.0,0.9156003531237268,artifact_score
8463-294828-0016_8224-274384-0010_4446-2273-0024,s2,gated_deflation,0,True,0.0001609334873640299,0.7350525270546951,1.0,0.41267153412066704,accepted
8463-294828-0016_8224-274384-0010_4446-2273-0024,s3,gated_deflation,0,False,0.0,-0.028808508636142927,1.0,0.8310436170871296,margin
8463-294828-0016_8224-274384-0010_4446-2273-0024,s1,coarse_to_fine,0,False,0.0,-0.2176143805993483,1.0,0.5710686794510927,margin
8463-294828-0016_8224-274384-0010_4446-2273-0024,s2,coarse_to_fine,0,True,0.0001609334873640299,0.12706587899841587,1.0,0.36641008640714495,accepted
8463-294828-0016_8224-274384-0010_4446-2273-0024,s3,coarse_to_fine,0,False,0.0,-0.06195608436187852,1.0,0.4032457547001785,margin
8463-294828-0016_8224-274384-0010_4446-2273-0024,s1,coarse_to_fine,1,False,0.0,-0.2176143805993483,1.0,0.5710686794510927,margin
8463-294828-0016_8224-274384-0010_4446-2273-0024,s2,coarse_to_fine,1,True,0.0001609334873640299,0.6212021237109453,1.0,0.36187156087076516,accepted
8463-294828-0016_8224-274384-0010_4446-2273-0024,s3,coarse_to_fine,1,False,0.0,-0.4758992770765875,1.0,0.4032457547001785,margin
5105-28233-0003_61-70970-0039_908-157963-0029,s1,gated_deflation,0,True,8.535581100819856e-05,0.3725807614776911,0.9545895851721095,0.543400808002328,accepted
5105-28233-0003_61-70970-0039_908-157963-0029,s2,gated_deflation,0,True,0.0,0.14756372909483761,1.0,0.7750310790786863,accepted
5105-28233-0003_61-70970-0039_908-157963-0029,s3,gated_deflation,0,True,0.0,0.1296964699074375,1.0,0.8849188157670294,accepted
5105-28233-0003_61-70970-0039_908-157963-0029,s1,coarse_to_fine,0,True,8.535581100819856e-05,0.1771196009066684,1.0,0.5416352268726357,accepted
5105-28233-0003_61-70970-0039_908-157963-0029,s2,coarse_to_fine,0,False,0.0,0.06205257461208785,1.0,0.4475748049147964,margin
5105-28233-0003_61-70970-0039_908-157963-0029,s3,coarse_to_fine,0,False,0.0,-0.18313548566172663,1.0,0.4758679344169652,margin
5105-28233-0003_61-70970-0039_908-157963-0029,s1,coarse_to_fine,1,True,8.535581100819856e-05,0.39140408308642816,1.0,0.5356055096439775,accepted
5105-28233-0003_61-70970-0039_908-157963-0029,s2,coarse_to_fine,1,False,0.0,-0.16257879408523757,1.0,0.4475748049147964,margin
5105-28233-0003_61-70970-0039_908-157963-0029,s3,coarse_to_fine,1,False,0.0,-0.39343960403455336,1.0,0.4758679344169652,margin
8230-279154-0020_61-70970-0018_1320-122612-0013,s1,gated_deflation,0,True,0.0001570071855022782,0.1976474829094501,1.0,0.42154457129183454,accepted
8230-279154-0020_61-70970-0018_1320-122612-0013,s2,gated_deflation,0,True,0.0,0.14522573186864934,1.0,0.6951884780484346,accepted
8230-279154-0020_61-70970-0018_1320-122612-0013,s3,gated_deflation,0,False,0.0,0.037735914941347815,1.0,0.5168957561880798,margin
8230-279154-0020_61-70970-0018_1320-122612-0013,s1,coarse_to_fine,0,False,0.0001570071855022782,-0.031044758750473078,1.0,0.25673394368973657,margin
8230-279154-0020_61-70970-0018_1320-122612-0013,s2,coarse_to_fine,0,False,0.0,-0.05990277359754931,1.0,0.34902068214051823,margin
8230-279154-0020_61-70970-0018_1320-122612-0013,s3,coarse_to_fine,0,False,0.0,0.04580401207239709,1.0,0.26959333259252816,margin
8230-279154-0020_61-70970-0018_1320-122612-0013,s1,coarse_to_fine,1,False,0.0001570071855022782,-0.031044758750473078,1.0,0.25673394368973657,margin
8230-279154-0020_61-70970-0018_1320-122612-0013,s2,coarse_to_fine,1,False,0.0,-0.05990277359754931,1.0,0.34902068214051823,margin
8230-279154-0020_61-70970-0018_1320-122612-0013,s3,coarse_to_fine,1,False,0.0,0.04580401207239709,1.0,0.26959333259252816,margin
4507-16021-0003_7021-85628-0002_8224-274381-0015,s1,gated_deflation,0,False,0.0,0.030507998044450313,1.0,0.7648246890330643,margin
4507-16021-0003_7021-85628-0002_8224-274381-0015,s2,gated_deflation,0,False,0.0,0.06626519376142426,1.0,0.682367611117412,margin
4507-16021-0003_7021-85628-0002_8224-274381-0015,s3,gated_deflation,0,True,0.00011349797189929114,0.41533641498534446,1.0,0.41029652083140833,accepted
4507-16021-0003_7021-85628-0002_8224-274381-0015,s1,coarse_to_fine,0,False,0.0,-0.007258112594055399,1.0,0.24688443992783474,margin
4507-16021-0003_7021-85628-0002_8224-274381-0015,s2,coarse_to_fine,0,False,0.0,0.007816840153394233,1.0,0.26467234158674646,margin
4507-16021-0003_7021-85628-0002_8224-274381-0015,s3,coarse_to_fine,0,False,0.00011349797189929114,0.024467844801396854,1.0,0.33874024848444534,margin
4507-16021-0003_7021-85628-0002_8224-274381-0015,s1,coarse_to_fine,1,False,0.0,-0.007258112594055399,1.0,0.24688443992783474,margin
4507-16021-0003_7021-85628-0002_8224-274381-0015,s2,coarse_to_fine,1,False,0.0,0.007816840153394233,1.0,0.26467234158674646,margin
4507-16021-0003_7021-85628-0002_8224-274381-0015,s3,coarse_to_fine,1,False,0.00011349797189929114,0.024467844801396854,1.0,0.33874024848444534,margin
1284-1180-0028_1580-141084-0024_237-126133-0007,s1,gated_deflation,0,False,0.0,-0.09592058874597859,1.0,0.663897366825507,margin
1284-1180-0028_1580-141084-0024_237-126133-0007,s2,gated_deflation,0,True,0.00020800118363633628,0.3842713804154638,1.0,0.5983005955090132,accepted
1284-1180-0028_1580-141084-0024_237-126133-0007,s3,gated_deflation,0,False,0.0,-0.15265499083307155,1.0,0.599061414290039,margin
1284-1180-0028_1580-141084-0024_237-126133-0007,s1,coarse_to_fine,0,False,0.0,-0.14612006154941554,1.0,0.38353089699994836,margin
1284-1180-0028_1580-141084-0024_237-126133-0007,s2,coarse_to_fine,0,True,0.00020800118363633628,0.3685999824564574,1.0,0.5073537387083238,accepted
1284-1180-0028_1580-141084-0024_237-126133-0007,s3,coarse_to_fine,0,False,0.0,-0.33245971745025393,1.0,0.4716288104447732,margin
1284-1180-0028_1580-141084-0024_237-126133-0007,s1,coarse_to_fine,1,False,0.0,-0.3188148452310369,1.0,0.38353089699994836,margin
1284-1180-0028_1580-141084-0024_237-126133-0007,s2,coarse_to_fine,1,True,0.00020800118363633628,0.6313421114984064,1.0,0.5042345223753529,accepted
1284-1180-0028_1580-141084-0024_237-126133-0007,s3,coarse_to_fine,1,False,0.0,-0.5976267470907723,1.0,0.4716288104447732,margin
5639-40744-0004_4992-41806-0011_672-122797-0012,s1,gated_deflation,0,True,0.00017504285074008223,0.5073741775410927,1.0,0.4969206326467803,accepted
5639-40744-0004_4992-41806-0011_672-122797-0012,s2,gated_deflation,0,True,0.0,0.2440895029484461,0.9911184210526316,0.6382579765722708,accepted
5639-40744-0004_4992-41806-0011_672-122797-0012,s3,gated_deflation,0,False,0.0,-0.23765708865467455,1.0,0.7144012878259055,margin
5639-40744-0004_4992-41806-0011_672-122797-0012,s1,coarse_to_fine,0,True,0.00017504285074008223,0.3562549369958277,1.0,0.44170107737513814,accepted
5639-40744-0004_4992-41806-0011_672-122797-0012,s2,coarse_to_fine,0,True,0.0,0.18843288431634322,0.9911184210526316,0.3447392009143477,accepted
5639-40744-0004_4992-41806-0011_672-122797-0012,s3,coarse_to_fine,0,False,0.0,-0.3013230061117107,1.0,0.4980101549742182,margin
5639-40744-0004_4992-41806-0011_672-122797-0012,s1,coarse_to_fine,1,True,0.00017504285074008223,0.5135659225120148,1.0,0.4297713602436904,accepted
5639-40744-0004_4992-41806-0011_672-122797-0012,s2,coarse_to_fine,1,True,0.0,0.2776320117509953,0.9916301169590643,0.3648208942274821,accepted
5639-40744-0004_4992-41806-0011_672-122797-0012,s3,coarse_to_fine,1,False,0.0,-0.6319280710741302,1.0,0.4980101549742182,margin
8463-294828-0033_3729-6852-0019_4507-16021-0039,s1,gated_deflation,0,True,0.0,0.20386543395068873,1.0,0.8294732687682798,accepted
8463-294828-0033_3729-6852-0019_4507-16021-0039,s2,gated_deflation,0,False,0.0,-0.029292769602727975,1.0,0.8927145901683776,margin
8463-294828-0033_3729-6852-0019_4507-16021-0039,s3,gated_deflation,0,True,9.120302008640598e-05,0.3914472262167614,1.0,0.45186877208269227,accepted
8463-294828-0033_3729-6852-0019_4507-16021-0039,s1,coarse_to_fine,0,True,0.0,0.2390699050321291,1.0,0.5381461106871509,accepted
8463-294828-0033_3729-6852-0019_4507-16021-0039,s2,coarse_to_fine,0,False,0.0,-0.06867647108241842,1.0,0.3362426374323528,margin
8463-294828-0033_3729-6852-0019_4507-16021-0039,s3,coarse_to_fine,0,False,9.120302008640598e-05,0.09813078842567063,1.0,0.3903587442887077,margin
8463-294828-0033_3729-6852-0019_4507-16021-0039,s1,coarse_to_fine,1,True,0.0,0.5073929820168235,1.0,0.5133617857474808,accepted
8463-294828-0033_3729-6852-0019_4507-16021-0039,s2,coarse_to_fine,1,False,0.0,-0.13480661368952007,1.0,0.3362426374323528,margin
8463-294828-0033_3729-6852-0019_4507-16021-0039,s3,coarse_to_fine,1,False,9.120302008640598e-05,-0.08656489436844222,1.0,0.3903587442887077,margin
1221-135767-0021_4446-2273-0010_4507-16021-0024,s1,gated_deflation,0,False,0.0,0.09543704353700466,1.0,0.5270730670764652,margin
1221-135767-0021_4446-2273-0010_4507-16021-0024,s2,gated_deflation,0,True,0.0,0.11915610473527144,0.9706184440559441,0.5242633969228838,accepted
1221-135767-0021_4446-2273-0010_4507-16021-0024,s3,gated_deflation,0,False,0.0,-0.049055595528401,0.9651570048309178,0.7800015315119857,margin
1221-135767-0021_4446-2273-0010_4507-16021-0024,s1,coarse_to_fine,0,True,0.0,0.14789058616632045,1.0,0.45002995500534526,accepted
1221-135767-0021_4446-2273-0010_4507-16021-0024,s2,coarse_to_fine,0,False,0.0,0.0025273749509196475,0.971514423076923,0.4386237207126255,margin
1221-135767-0021_4446-2273-0010_4507-16021-0024,s3,coarse_to_fine,0,False,0.0,-0.06861576017253382,0.9879227053140096,0.3359860767489472,margin
1221-135767-0021_4446-2273-0010_4507-16021-0024,s1,coarse_to_fine,1,True,0.0,0.4118767564124716,1.0,0.4702019322454666,accepted
1221-135767-0021_4446-2273-0010_4507-16021-0024,s2,coarse_to_fine,1,False,0.0,-0.2614082487894007,0.971514423076923,0.4386237207126255,margin
1221-135767-0021_4446-2273-0010_4507-16021-0024,s3,coarse_to_fine,1,False,0.0,-0.2964842457967007,0.9879227053140096,0.3359860767489472,margin
5142-33396-0014_2961-960-0003_7021-85628-0009,s1,gated_deflation,0,False,0.0,0.1381673674473145,1.0,0.9187267267385348,artifact_score
5142-33396-0014_2961-960-0003_7021-85628-0009,s2,gated_deflation,0,True,0.0001625984246471002,0.5885631462974461,0.968998673740053,0.5051659302726459,accepted
5142-33396-0014_2961-960-0003_7021-85628-0009,s3,gated_deflation,0,False,0.0,-0.0874010243172264,1.0,0.7248462183486614,margin
5142-33396-0014_2961-960-0003_7021-85628-0009,s1,coarse_to_fine,0,True,0.0,0.15643580487688724,1.0,0.5546542159173706,accepted
5142-33396-0014_2961-960-0003_7021-85628-0009,s2,coarse_to_fine,0,True,0.0001625984246471002,0.5190284753061627,0.968998673740053,0.4339043090370619,accepted
5142-33396-0014_2961-960-0003_7021-85628-0009,s3,coarse_to_fine,0,False,0.0,-0.17649924604035405,1.0,0.37814037194055655,margin
5142-33396-0014_2961-960-0003_7021-85628-0009,s1,coarse_to_fine,1,True,0.0,0.3777206126208379,1.0,0.573414138167084,accepted
5142-33396-0014_2961-960-0003_7021-85628-0009,s2,coarse_to_fine,1,True,0.0001625984246471002,0.5495160949275502,0.9689655172413794,0.4572457538330605,accepted
5142-33396-0014_2961-960-0003_7021-85628-0009,s3,coarse_to_fine,1,False,0.0,-0.28134661216174783,1.0,0.37814037194055655,margin
4970-29095-0001_2830-3980-0047_8224-274384-0002,s1,gated_deflation,0,True,0.0001843136115821975,0.40767522597189604,0.9577992058990358,0.5700905594423211,accepted
4970-29095-0001_2830-3980-0047_8224-274384-0002,s2,gated_deflation,0,True,0.0,0.23522810685152734,1.0,0.7153537430721807,accepted
4970-29095-0001_2830-3980-0047_8224-274384-0002,s3,gated_deflation,0,False,0.0,0.0702203675629533,0.9611174134997164,0.5943675125433406,margin
4970-29095-0001_2830-3980-0047_8224-274384-0002,s1,coarse_to_fine,0,True,0.0001843136115821975,0.36464210000588715,0.9635847986386841,0.5503400036286745,accepted
4970-29095-0001_2830-3980-0047_8224-274384-0002,s2,coarse_to_fine,0,False,0.0,-0.03229993027935618,1.0,0.45284449448122954,margin
4970-29095-0001_2830-3980-0047_8224-274384-0002,s3,coarse_to_fine,0,False,0.0,0.05535349575717985,0.9767300056721497,0.33997441309841137,margin
4970-29095-0001_2830-3980-0047_8224-274384-0002,s1,coarse_to_fine,1,True,0.0001843136115821975,0.6215626686304379,0.9696398184912082,0.5805167411212487,accepted
4970-29095-0001_2830-3980-0047_8224-274384-0002,s2,coarse_to_fine,1,False,0.0,-0.03229993027935618,1.0,0.45284449448122954,margin
4970-29095-0001_2830-3980-0047_8224-274384-0002,s3,coarse_to_fine,1,False,0.0,0.05015494314877911,0.9767300056721497,0.33997441309841137,margin
6930-75918-0011_2094-142345-0015_61-70968-0056,s1,gated_deflation,0,False,0.0,0.088483677492597,1.0,0.9244172998716472,margin
6930-75918-0011_2094-142345-0015_61-70968-0056,s2,gated_deflation,0,True,0.0001312435154824034,0.5167636427224859,1.0,0.4401794068735376,accepted
6930-75918-0011_2094-142345-0015_61-70968-0056,s3,gated_deflation,0,True,0.0,0.24782655277318122,1.0,0.8904791748796064,accepted
6930-75918-0011_2094-142345-0015_61-70968-0056,s1,coarse_to_fine,0,False,0.0,-0.09094638982560338,1.0,0.6323296692198097,margin
6930-75918-0011_2094-142345-0015_61-70968-0056,s2,coarse_to_fine,0,True,0.0001312435154824034,0.3246884699673751,1.0,0.4372294568483047,accepted
6930-75918-0011_2094-142345-0015_61-70968-0056,s3,coarse_to_fine,0,True,0.0,0.12146656345012424,1.0,0.5205395046700921,accepted
6930-75918-0011_2094-142345-0015_61-70968-0056,s1,coarse_to_fine,1,False,0.0,-0.2687414304140224,1.0,0.6323296692198097,margin
6930-75918-0011_2094-142345-0015_61-70968-0056,s2,coarse_to_fine,1,True,0.0001312435154824034,0.6013941780984857,1.0,0.4258879425090629,accepted
6930-75918-0011_2094-142345-0015_61-70968-0056,s3,coarse_to_fine,1,True,0.0,0.31947185930936217,1.0,0.5080912526412034,accepted
3570-5696-0000_5639-40744-0032_8455-210777-0025,s1,gated_deflation,0,False,0.0,0.07381039761062597,1.0,0.5915755484644624,margin
3570-5696-0000_5639-40744-0032_8455-210777-0025,s2,gated_deflation,0,True,0.00010350407577052508,0.25461585331728875,0.9876860297647624,0.4436712277392414,accepted
3570-5696-0000_5639-40744-0032_8455-210777-0025,s3,gated_deflation,0,True,0.0,0.11898732357709277,1.0,0.8857451721046604,accepted
3570-5696-0000_5639-40744-0032_8455-210777-0025,s1,coarse_to_fine,0,True,0.0,0.16506862322454607,1.0,0.2970399482635405,accepted
3570-5696-0000_5639-40744-0032_8455-210777-0025,s2,coarse_to_fine,0,False,0.00010350407577052508,0.06822684266406376,1.0,0.3957968804522306,margin
3570-5696-0000_5639-40744-0032_8455-210777-0025,s3,coarse_to_fine,0,False,0.0,0.019513581416171377,1.0,0.3912406210262432,margin
3570-5696-0000_5639-40744-0032_8455-210777-0025,s1,coarse_to_fine,1,True,0.0,0.3983826422741312,1.0,0.3106327815508115,accepted
3570-5696-0000_5639-40744-0032_8455-210777-0025,s2,coarse_to_fine,1,False,0.00010350407577052508,-0.11515599296216467,1.0,0.3957968804522306,margin
3570-5696-0000_5639-40744-0032_8455-210777-0025,s3,coarse_to_fine,1,False,0.0,-0.028923345178681892,1.0,0.3912406210262432,margin
8455-210777-0069_1580-141083-0036_1995-1837-0007,s1,gated_deflation,0,True,0.0,0.20577735027902821,0.9671474358974359,0.4871291367556614,accepted
8455-210777-0069_1580-141083-0036_1995-1837-0007,s2,gated_deflation,0,True,0.0,0.2942564813660816,1.0,0.8502889716918518,accepted
8455-210777-0069_1580-141083-0036_1995-1837-0007,s3,gated_deflation,0,True,0.0,0.20135915669781046,0.9610416666666667,0.47618678019960553,accepted
8455-210777-0069_1580-141083-0036_1995-1837-0007,s1,coarse_to_fine,0,False,0.0,0.03235933151180481,0.9671474358974359,0.37182200800406046,margin
8455-210777-0069_1580-141083-0036_1995-1837-0007,s2,coarse_to_fine,0,True,0.0,0.12358810470136836,1.0,0.6118823365808502,accepted
8455-210777-0069_1580-141083-0036_1995-1837-0007,s3,coarse_to_fine,0,True,0.0,0.3205429603579536,0.9603365384615384,0.2705194150831107,accepted
8455-210777-0069_1580-141083-0036_1995-1837-0007,s1,coarse_to_fine,1,False,0.0,-0.12322595455077581,0.9671474358974359,0.37182200800406046,margin
8455-210777-0069_1580-141083-0036_1995-1837-0007,s2,coarse_to_fine,1,True,0.0,0.33890466071129205,1.0,0.5964879067770825,accepted
8455-210777-0069_1580-141083-0036_1995-1837-0007,s3,coarse_to_fine,1,True,0.0,0.48044951295975846,0.9601602564102564,0.27632998605107434,accepted
1320-122617-0021_8455-210777-0014_5683-32866-0024,s1,gated_deflation,0,False,0.0,0.097255357701861,1.0,0.7018855078118075,margin
1320-122617-0021_8455-210777-0014_5683-32866-0024,s2,gated_deflation,0,True,0.0,0.23098343541298594,1.0,0.7813579896142493,accepted
1320-122617-0021_8455-210777-0014_5683-32866-0024,s3,gated_deflation,0,True,0.00018182502793574295,0.40731822593826966,1.0,0.491628275457798,accepted
1320-122617-0021_8455-210777-0014_5683-32866-0024,s1,coarse_to_fine,0,False,0.0,-0.04652844218974728,1.0,0.3556968154233696,margin
1320-122617-0021_8455-210777-0014_5683-32866-0024,s2,coarse_to_fine,0,False,0.0,0.05680440565630185,1.0,0.3652941491607846,margin
1320-122617-0021_8455-210777-0014_5683-32866-0024,s3,coarse_to_fine,0,True,0.00018182502793574295,0.39158903434965564,1.0,0.45460467161818197,accepted
1320-122617-0021_8455-210777-0014_5683-32866-0024,s1,coarse_to_fine,1,False,0.0,-0.04652844218974728,1.0,0.3556968154233696,margin
1320-122617-0021_8455-210777-0014_5683-32866-0024,s2,coarse_to_fine,1,False,0.0,0.05680440565630185,1.0,0.3652941491607846,margin
1320-122617-0021_8455-210777-0014_5683-32866-0024,s3,coarse_to_fine,1,True,0.00018182502793574295,0.7476873511684321,1.0,0.44028428051484736,accepted
4507-16021-0045_4077-13754-0014_1580-141084-0029,s1,gated_deflation,0,False,0.0,-0.04707956075218672,1.0,0.7546398156251883,margin
4507-16021-0045_4077-13754-0014_1580-141084-0029,s2,gated_deflation,0,True,0.00016233589223316343,0.488360168855072,1.0,0.651737856109221,accepted
4507-16021-0045_4077-13754-0014_1580-141084-0029,s3,gated_deflation,0,True,0.0,0.20762099379756233,1.0,0.7730655220467588,accepted
4507-16021-0045_4077-13754-0014_1580-141084-0029,s1,coarse_to_fine,0,False,0.0,-0.09368196861175643,1.0,0.3422375434825557,margin
4507-16021-0045_4077-13754-0014_1580-141084-0029,s2,coarse_to_fine,0,True,0.00016233589223316343,0.4595327277414715,1.0,0.5914107458810598,accepted
4507-16021-0045_4077-13754-0014_1580-141084-0029,s3,coarse_to_fine,0,True,0.0,0.16919027587686114,1.0,0.6448973668743438,accepted
4507-16021-0045_4077-13754-0014_1580-141084-0029,s1,coarse_to_fine,1,False,0.0,-0.22601339384345392,1.0,0.3422375434825557,margin
4507-16021-0045_4077-13754-0014_1580-141084-0029,s2,coarse_to_fine,1,True,0.00016233589223316343,0.5021001226730542,1.0,0.5941988662447946,accepted
4507-16021-0045_4077-13754-0014_1580-141084-0029,s3,coarse_to_fine,1,True,0.0,0.32468726673348847,1.0,0.6625645012898923,accepted
8224-274381-0006_4446-2275-0012_6829-68769-0002,s1,gated_deflation,0,True,0.00010385617602612532,0.5899544564387764,1.0,0.4295414361156979,accepted
8224-274381-0006_4446-2275-0012_6829-68769-0002,s2,gated_deflation,0,True,0.0,0.3623975100307045,0.9983333333333333,0.8613476958177159,accepted
8224-274381-0006_4446-2275-0012_6829-68769-0002,s3,gated_deflation,0,False,0.0,-0.2809197066228831,1.0,0.9278667754942248,margin
8224-274381-0006_4446-2275-0012_6829-68769-0002,s1,coarse_to_fine,0,True,0.00010385617602612532,0.2067875549026164,1.0,0.3921021910003649,accepted
8224-274381-0006_4446-2275-0012_6829-68769-0002,s2,coarse_to_fine,0,True,0.0,0.42831375353765305,1.0,0.5750331362501442,accepted
8224-274381-0006_4446-2275-0012_6829-68769-0002,s3,coarse_to_fine,0,True,0.0,0.24760014957195048,1.0,0.5483468046050204,accepted
8224-274381-0006_4446-2275-0012_6829-68769-0002,s1,coarse_to_fine,1,True,0.00010385617602612532,0.48825417868787274,1.0,0.3736468724722991,accepted
8224-274381-0006_4446-2275-0012_6829-68769-0002,s2,coarse_to_fine,1,True,0.0,0.40843618190915487,1.0,0.5554853722216851,accepted
8224-274381-0006_4446-2275-0012_6829-68769-0002,s3,coarse_to_fine,1,True,0.0,0.5176364854892321,1.0,0.489721444468499,accepted
1580-141083-0013_4992-41806-0016_6829-68771-0019,s1,gated_deflation,0,False,0.0,-0.26594474568260285,1.0,0.8468642584051465,margin
1580-141083-0013_4992-41806-0016_6829-68771-0019,s2,gated_deflation,0,True,9.01629296252194e-05,0.4402332088149422,0.9642718068535826,0.3699490684505094,accepted
1580-141083-0013_4992-41806-0016_6829-68771-0019,s3,gated_deflation,0,False,0.0,-0.14129507392045276,0.9657515576323987,0.7314294141243343,margin
1580-141083-0013_4992-41806-0016_6829-68771-0019,s1,coarse_to_fine,0,False,0.0,-0.44344095637048964,1.0,0.3396312166160894,margin
1580-141083-0013_4992-41806-0016_6829-68771-0019,s2,coarse_to_fine,0,True,9.01629296252194e-05,0.15389605927411193,0.9642718068535826,0.28157497838476936,accepted
1580-141083-0013_4992-41806-0016_6829-68771-0019,s3,coarse_to_fine,0,False,0.0,-0.15548946738794933,0.9657515576323987,0.3376507937468344,margin
1580-141083-0013_4992-41806-0016_6829-68771-0019,s1,coarse_to_fine,1,False,0.0,-0.6219656739848718,1.0,0.3396312166160894,margin
1580-141083-0013_4992-41806-0016_6829-68771-0019,s2,coarse_to_fine,1,True,9.01629296252194e-05,0.3951799922878311,0.9536993769470405,0.28694936885966643,accepted
1580-141083-0013_4992-41806-0016_6829-68771-0019,s3,coarse_to_fine,1,False,0.0,-0.3680414039795886,0.9657515576323987,0.3376507937468344,margin
7127-75946-0014_7729-102255-0038_1284-134647-0002,s1,gated_deflation,0,True,0.0,0.1572346442259243,1.0,0.6729545914053473,accepted
7127-75946-0014_7729-102255-0038_1284-134647-0002,s2,gated_deflation,0,True,0.0,0.23143565338411506,1.0,0.6983454063332983,accepted
7127-75946-0014_7729-102255-0038_1284-134647-0002,s3,gated_deflation,0,True,0.00012506839811992146,0.20109927805787953,1.0,0.44435928372930694,accepted
7127-75946-0014_7729-102255-0038_1284-134647-0002,s1,coarse_to_fine,0,True,0.0,0.2464985864935032,1.0,0.4538626840668848,accepted
7127-75946-0014_7729-102255-0038_1284-134647-0002,s2,coarse_to_fine,0,False,0.0,0.025162324135907216,1.0,0.34262886253948394,margin
7127-75946-0014_7729-102255-0038_1284-134647-0002,s3,coarse_to_fine,0,False,0.00012506839811992146,-0.1066162429464082,1.0,0.38386992606588066,margin
7127-75946-0014_7729-102255-0038_1284-134647-0002,s1,coarse_to_fine,1,True,0.0,0.5242856528219453,1.0,0.44304905437399544,accepted
7127-75946-0014_7729-102255-0038_1284-134647-0002,s2,coarse_to_fine,1,False,0.0,-0.2244550566412175,1.0,0.34262886253948394,margin
7127-75946-0014_7729-102255-0038_1284-134647-0002,s3,coarse_to_fine,1,False,0.00012506839811992146,-0.364796265951645,1.0,0.38386992606588066,margin
1580-141083-0023_2300-131720-0013_61-70970-0024,s1,gated_deflation,0,False,0.0,0.20378616822536996,1.0,0.9178727239068514,artifact_score
1580-141083-0023_2300-131720-0013_61-70970-0024,s2,gated_deflation,0,True,5.916029019743183e-05,0.45168968956853217,1.0,0.42621869353689856,accepted
1580-141083-0023_2300-131720-0013_61-70970-0024,s3,gated_deflation,0,True,0.0,0.299558612917367,1.0,0.7407342880634216,accepted
1580-141083-0023_2300-131720-0013_61-70970-0024,s1,coarse_to_fine,0,True,0.0,0.2453277977262364,1.0,0.6568041014391557,accepted
1580-141083-0023_2300-131720-0013_61-70970-0024,s2,coarse_to_fine,0,False,5.916029019743183e-05,0.06512647670694949,1.0,0.29742077275219597,margin
1580-141083-0023_2300-131720-0013_61-70970-0024,s3,coarse_to_fine,0,True,0.0,0.19023918507343374,1.0,0.4458968425802446,accepted
1580-141083-0023_2300-131720-0013_61-70970-0024,s1,coarse_to_fine,1,True,0.0,0.506818752369944,1.0,0.6682240937530703,accepted
1580-141083-0023_2300-131720-0013_61-70970-0024,s2,coarse_to_fine,1,False,5.916029019743183e-05,-0.15200630870604737,1.0,0.29742077275219597,margin
1580-141083-0023_2300-131720-0013_61-70970-0024,s3,coarse_to_fine,1,True,0.0,0.4407268244285759,1.0,0.38883110618904015,accepted
1320-122617-0029_1089-134691-0019_2830-3979-0011,s1,gated_deflation,0,True,0.0,0.31836907622829974,1.0,0.5113595899640582,accepted
1320-122617-0029_1089-134691-0019_2830-3979-0011,s2,gated_deflation,0,True,0.0,0.2540807992244571,1.0,0.8317307616710686,accepted
1320-122617-0029_1089-134691-0019_2830-3979-0011,s3,gated_deflation,0,False,0.00012512832644634103,-0.002186684504519254,0.9611454545454545,0.40278160446449346,margin
1320-122617-0029_1089-134691-0019_2830-3979-0011,s1,coarse_to_fine,0,False,0.0,0.06637813988971636,1.0,0.30411770730340587,margin
1320-122617-0029_1089-134691-0019_2830-3979-0011,s2,coarse_to_fine,0,False,0.0,0.010831947557540633,1.0,0.4004583525240188,margin
1320-122617-0029_1089-134691-0019_2830-3979-0011,s3,coarse_to_fine,0,False,0.00012512832644634103,-0.0393309007983369,1.0,0.3218722871970915,margin
1320-122617-0029_1089-134691-0019_2830-3979-0011,s1,coarse_to_fine,1,False,0.0,0.06637813988971636,1.0,0.30411770730340587,margin
1320-122617-0029_1089-134691-0019_2830-3979-0011,s2,coarse_to_fine,1,False,0.0,0.010831947557540633,1.0,0.4004583525240188,margin
1320-122617-0029_1089-134691-0019_2830-3979-0011,s3,coarse_to_fine,1,False,0.00012512832644634103,-0.0393309007983369,1.0,0.3218722871970915,margin
7127-75946-0003_3575-170457-0050_260-123288-0013,s1,gated_deflation,0,False,0.0,0.08730413712994395,1.0,0.8277361289958335,margin
7127-75946-0003_3575-170457-0050_260-123288-0013,s2,gated_deflation,0,True,0.0,0.15467934749653928,0.9964616096207215,0.684368345299525,accepted
7127-75946-0003_3575-170457-0050_260-123288-0013,s3,gated_deflation,0,True,0.00011330681773644349,0.5026270675088531,1.0,0.5166046513982382,accepted
7127-75946-0003_3575-170457-0050_260-123288-0013,s1,coarse_to_fine,0,False,0.0,0.046605135477507886,1.0,0.5559890704693943,margin
7127-75946-0003_3575-170457-0050_260-123288-0013,s2,coarse_to_fine,0,True,0.0,0.26338485031428993,1.0,0.3512326361055405,accepted
7127-75946-0003_3575-170457-0050_260-123288-0013,s3,coarse_to_fine,0,True,0.00011330681773644349,0.1462656060671771,1.0,0.48753880909214686,accepted
7127-75946-0003_3575-170457-0050_260-123288-0013,s1,coarse_to_fine,1,False,0.0,-0.20889822199297065,1.0,0.5559890704693943,margin
7127-75946-0003_3575-170457-0050_260-123288-0013,s2,coarse_to_fine,1,True,0.0,0.3614243626356388,1.0,0.39384615605392537,accepted
7127-75946-0003_3575-170457-0050_260-123288-0013,s3,coarse_to_fine,1,True,0.00011330681773644349,0.48142634328317524,1.0,0.5046482622512672,accepted
5105-28240-0004_5142-33396-0001_3575-170457-0014,s1,gated_deflation,0,True,0.0,0.15369910448034757,1.0,0.6592493515190804,accepted
5105-28240-0004_5142-33396-0001_3575-170457-0014,s2,gated_deflation,0,True,0.0,0.16846259078860404,1.0,0.7418896533010224,accepted
5105-28240-0004_5142-33396-0001_3575-170457-0014,s3,gated_deflation,0,True,0.00018540144771578225,0.35068874929987237,1.0,0.6084452926279084,accepted
5105-28240-0004_5142-33396-0001_3575-170457-0014,s1,coarse_to_fine,0,False,0.0,-0.10026332781024047,1.0,0.5108763219291039,margin
5105-28240-0004_5142-33396-0001_3575-170457-0014,s2,coarse_to_fine,0,True,0.0,0.20219175454147004,1.0,0.5824188669281738,accepted
5105-28240-0004_5142-33396-0001_3575-170457-0014,s3,coarse_to_fine,0,True,0.00018540144771578225,0.47808395443919227,1.0,0.4046549505664964,accepted
5105-28240-0004_5142-33396-0001_3575-170457-0014,s1,coarse_to_fine,1,False,0.0,-0.2258405237547025,1.0,0.5108763219291039,margin
5105-28240-0004_5142-33396-0001_3575-170457-0014,s2,coarse_to_fine,1,True,0.0,0.3005250512295951,1.0,0.5759206368718457,accepted
5105-28240-0004_5142-33396-0001_3575-170457-0014,s3,coarse_to_fine,1,True,0.00018540144771578225,0.6110583761569209,1.0,0.39400491895257633,accepted
2961-961-0000_5639-40744-0034_8455-210777-0000,s1,gated_deflation,0,True,0.0,0.17646619572501238,0.9390859481582537,0.849171378792468,accepted
2961-961-0000_5639-40744-0034_8455-210777-0000,s2,gated_deflation,0,True,9.347629370821317e-05,0.413270854767421,0.9768560361523564,0.4190151676587898,accepted
2961-961-0000_5639-40744-0034_8455-210777-0000,s3,gated_deflation,0,True,0.0,0.15199783699770691,0.9756294383473209,0.6289546704276846,accepted
2961-961-0000_5639-40744-0034_8455-210777-0000,s1,coarse_to_fine,0,False,0.0,-0.1577734917356559,0.9390859481582537,0.5291374298963655,margin
2961-961-0000_5639-40744-0034_8455-210777-0000,s2,coarse_to_fine,0,True,9.347629370821317e-05,0.16833607809386714,0.988395739186572,0.3268977496693814,accepted
2961-961-0000_5639-40744-0034_8455-210777-0000,s3,coarse_to_fine,0,False,0.0,-0.18235172426698737,0.9883311814073595,0.33740569613240723,margin
2961-961-0000_5639-40744-0034_8455-210777-0000,s1,coarse_to_fine,1,False,0.0,-0.2923118489777855,0.9390859481582537,0.5291374298963655,margin
2961-961-0000_5639-40744-0034_8455-210777-0000,s2,coarse_to_fine,1,True,9.347629370821317e-05,0.43595018348080106,0.9887185280826339,0.3027356801537289,accepted
2961-961-0000_5639-40744-0034_8455-210777-0000,s3,coarse_to_fine,1,False,0.0,-0.489159075861767,0.9883311814073595,0.33740569613240723,margin
1580-141084-0034_672-122797-0074_1221-135767-0005,s1,gated_deflation,0,True,0.0,0.20606606205025052,1.0,0.8111175897109626,accepted
1580-141084-0034_672-122797-0074_1221-135767-0005,s2,gated_deflation,0,True,0.0002043040020310979,0.5532465288344074,1.0,0.6378850809749648,accepted
1580-141084-0034_672-122797-0074_1221-135767-0005,s3,gated_deflation,0,False,0.0,0.01295855938920254,0.8910585817060637,0.7295465123734268,margin
1580-141084-0034_672-122797-0074_1221-135767-0005,s1,coarse_to_fine,0,False,0.0,-0.004151805234494432,1.0,0.5616785782837379,margin
1580-141084-0034_672-122797-0074_1221-135767-0005,s2,coarse_to_fine,0,True,0.0002043040020310979,0.17576562830072837,1.0,0.5629195906851236,accepted
1580-141084-0034_672-122797-0074_1221-135767-0005,s3,coarse_to_fine,0,False,0.0,0.05599062224250645,1.0,0.4822337328886372,margin
1580-141084-0034_672-122797-0074_1221-135767-0005,s1,coarse_to_fine,1,False,0.0,-0.023898493168981516,1.0,0.5616785782837379,margin
1580-141084-0034_672-122797-0074_1221-135767-0005,s2,coarse_to_fine,1,True,0.0002043040020310979,0.520936685593276,1.0,0.5587887599263748,accepted
1580-141084-0034_672-122797-0074_1221-135767-0005,s3,coarse_to_fine,1,False,0.0,-0.0005048840695560108,1.0,0.4822337328886372,margin
1320-122617-0008_6829-68769-0034_1188-133604-0015,s1,gated_deflation,0,False,0.0,-0.14725562271339124,1.0,0.8776324737290395,margin
1320-122617-0008_6829-68769-0034_1188-133604-0015,s2,gated_deflation,0,False,0.0,-0.09446610306225045,1.0,0.8142656328165918,margin
1320-122617-0008_6829-68769-0034_1188-133604-0015,s3,gated_deflation,0,True,0.0001659862947290152,0.49693161316152784,1.0,0.3677579029224826,accepted
1320-122617-0008_6829-68769-0034_1188-133604-0015,s1,coarse_to_fine,0,False,0.0,-0.42344473575529207,1.0,0.4812771211400619,margin
1320-122617-0008_6829-68769-0034_1188-133604-0015,s2,coarse_to_fine,0,False,0.0,-0.10362524477407337,1.0,0.4421363140951657,margin
1320-122617-0008_6829-68769-0034_1188-133604-0015,s3,coarse_to_fine,0,True,0.0001659862947290152,0.24305531214511245,1.0,0.3386770750990596,accepted
1320-122617-0008_6829-68769-0034_1188-133604-0015,s1,coarse_to_fine,1,False,0.0,-0.4629436548796389,1.0,0.4812771211400619,margin
1320-122617-0008_6829-68769-0034_1188-133604-0015,s2,coarse_to_fine,1,False,0.0,-0.30296235780793096,1.0,0.4421363140951657,margin
1320-122617-0008_6829-68769-0034_1188-133604-0015,s3,coarse_to_fine,1,True,0.0001659862947290152,0.5393808111223726,1.0,0.3460565901286955,accepted
61-70968-0050_4970-29093-0000_7729-102255-0000,s1,gated_deflation,0,True,8.013229446507472e-05,0.5027026073938649,1.0,0.562673567918645,accepted
61-70968-0050_4970-29093-0000_7729-102255-0000,s2,gated_deflation,0,True,0.0,0.4446587334818165,1.0,0.8110606063592452,accepted
61-70968-0050_4970-29093-0000_7729-102255-0000,s3,gated_deflation,0,True,0.0,0.20669878304502964,1.0,0.7348264112909176,accepted
61-70968-0050_4970-29093-0000_7729-102255-0000,s1,coarse_to_fine,0,True,8.013229446507472e-05,0.15747974286400335,1.0,0.4154011912982705,accepted
61-70968-0050_4970-29093-0000_7729-102255-0000,s2,coarse_to_fine,0,True,0.0,0.13293137627057255,1.0,0.5667046121455255,accepted
61-70968-0050_4970-29093-0000_7729-102255-0000,s3,coarse_to_fine,0,False,0.0,-0.19041041938601372,1.0,0.3233395956567096,margin
61-70968-0050_4970-29093-0000_7729-102255-0000,s1,coarse_to_fine,1,True,8.013229446507472e-05,0.4590151809516331,1.0,0.40063023997979924,accepted
61-70968-0050_4970-29093-0000_7729-102255-0000,s2,coarse_to_fine,1,True,0.0,0.3817120303234865,1.0,0.6076535689015866,accepted
61-70968-0050_4970-29093-0000_7729-102255-0000,s3,coarse_to_fine,1,False,0.0,-0.5176886816642952,1.0,0.3233395956567096,margin
1089-134686-0023_6829-68771-0023_2961-961-0015,s1,gated_deflation,0,True,0.00011889702606020882,0.8338741162863956,1.0,0.4757685720641398,accepted
1089-134686-0023_6829-68771-0023_2961-961-0015,s2,gated_deflation,0,False,0.0,-0.2868469969144632,1.0,0.8155622227527025,margin
1089-134686-0023_6829-68771-0023_2961-961-0015,s3,gated_deflation,0,False,0.0,-0.10627359916160617,0.9911435941530524,0.7583639342701437,margin
1089-134686-0023_6829-68771-0023_2961-961-0015,s1,coarse_to_fine,0,True,0.00011889702606020882,0.7306935382095928,1.0,0.4421261213282874,accepted
1089-134686-0023_6829-68771-0023_2961-961-0015,s2,coarse_to_fine,0,False,0.0,-0.20270098864430475,1.0,0.45923376310182346,margin
1089-134686-0023_6829-68771-0023_2961-961-0015,s3,coarse_to_fine,0,False,0.0,-0.37625298466404855,0.9911435941530524,0.4552816893944334,margin
1089-134686-0023_6829-68771-0023_2961-961-0015,s1,coarse_to_fine,1,True,0.00011889702606020882,0.8634854512862847,1.0,0.4473221321321702,accepted
1089-134686-0023_6829-68771-0023_2961-961-0015,s2,coarse_to_fine,1,False,0.0,-0.27075433062467597,1.0,0.45923376310182346,margin
1089-134686-0023_6829-68771-0023_2961-961-0015,s3,coarse_to_fine,1,False,0.0,-0.48525281781277485,0.9911435941530524,0.4552816893944334,margin
6829-68769-0021_3575-170457-0013_908-31957-0021,s1,gated_deflation,0,True,0.0,0.26036467706037236,0.985859318346628,0.6067704491855151,accepted
6829-68769-0021_3575-170457-0013_908-31957-0021,s2,gated_deflation,0,True,0.0,0.16068255421151578,0.9491437308868501,0.5377115917138195,accepted
6829-68769-0021_3575-170457-0013_908-31957-0021,s3,gated_deflation,0,True,0.0003442766175613451,0.270930828349442,0.9766819571865444,0.5193721224633849,accepted
6829-68769-0021_3575-170457-0013_908-31957-0021,s1,coarse_to_fine,0,True,0.0,0.2233482086965623,0.985859318346628,0.3435769206939894,accepted
6829-68769-0021_3575-170457-0013_908-31957-0021,s2,coarse_to_fine,0,False,0.0,0.02157467189477197,0.9782415902140673,0.40464536140809504,margin
6829-68769-0021_3575-170457-0013_908-31957-0021,s3,coarse_to_fine,0,True,0.0003442766175613451,0.26658512018535546,1.0,0.43711058469511327,accepted
6829-68769-0021_3575-170457-0013_908-31957-0021,s1,coarse_to_fine,1,True,0.0,0.42282553110129706,0.968437273386512,0.3314753316983238,accepted
6829-68769-0021_3575-170457-0013_908-31957-0021,s2,coarse_to_fine,1,False,0.0,-0.1871610496699988,0.9782415902140673,0.40464536140809504,margin
6829-68769-0021_3575-170457-0013_908-31957-0021,s3,coarse_to_fine,1,True,0.0003442766175613451,0.553031502386058,1.0,0.43224406471488763,accepted
4446-2275-0007_7176-92135-0000_3575-170457-0024,s1,gated_deflation,0,True,0.0,0.24532812084610778,1.0,0.7316149593404824,accepted
4446-2275-0007_7176-92135-0000_3575-170457-0024,s2,gated_deflation,0,True,8.368211265115883e-05,0.2625750622088519,0.9886939138160817,0.4274217136732912,accepted
4446-2275-0007_7176-92135-0000_3575-170457-0024,s3,gated_deflation,0,True,0.0,0.12949326253137627,0.9703909373611728,0.5394559035360558,accepted
4446-2275-0007_7176-92135-0000_3575-170457-0024,s1,coarse_to_fine,0,False,0.0,-0.03689534240577241,1.0,0.505526303923763,margin
4446-2275-0007_7176-92135-0000_3575-170457-0024,s2,coarse_to_fine,0,True,8.368211265115883e-05,0.4474006366730362,1.0,0.32812150937638984,accepted
4446-2275-0007_7176-92135-0000_3575-170457-0024,s3,coarse_to_fine,0,True,0.0,0.10797962933663574,1.0,0.4064557036628699,accepted
4446-2275-0007_7176-92135-0000_3575-170457-0024,s1,coarse_to_fine,1,False,0.0,-0.3285175546111108,1.0,0.505526303923763,margin
4446-2275-0007_7176-92135-0000_3575-170457-0024,s2,coarse_to_fine,1,True,8.368211265115883e-05,0.6803424412862373,1.0,0.30599062804374927,accepted
4446-2275-0007_7176-92135-0000_3575-170457-0024,s3,coarse_to_fine,1,True,0.0,0.35463147389466443,1.0,0.48594410471743327,accepted
1995-1837-0015_8463-294828-0000_260-123286-0030,s1,gated_deflation,0,True,0.0,0.20997929542818994,1.0,0.6668575996346583,accepted
1995-1837-0015_8463-294828-0000_260-123286-0030,s2,gated_deflation,0,True,0.0,0.2213257228897445,1.0,0.8324052699903604,accepted
1995-1837-0015_8463-294828-0000_260-123286-0030,s3,gated_deflation,0,True,0.00019534134947646938,0.6739544078984272,1.0,0.5413782985256601,accepted
1995-1837-0015_8463-294828-0000_260-123286-0030,s1,coarse_to_fine,0,True,0.0,0.23287049846530555,1.0,0.2946923533131504,accepted
1995-1837-0015_8463-294828-0000_260-123286-0030,s2,coarse_to_fine,0,False,0.0,-0.33511261887489907,1.0,0.5753472049239529,margin
1995-1837-0015_8463-294828-0000_260-123286-0030,s3,coarse_to_fine,0,True,0.00019534134947646938,0.11076367978924123,1.0,0.4724713743105454,accepted
1995-1837-0015_8463-294828-0000_260-123286-0030,s1,coarse_to_fine,1,True,0.0,0.4759742720222985,1.0,0.27370175714827005,accepted
1995-1837-0015_8463-294828-0000_260-123286-0030,s2,coarse_to_fine,1,False,0.0,-0.444417677258526,1.0,0.5753472049239529,margin
1995-1837-0015_8463-294828-0000_260-123286-0030,s3,coarse_to_fine,1,True,0.00019534134947646938,0.27519537630567265,1.0,0.4189112099106591,accepted
121-127105-0023_2094-142345-0013_6930-75918-0014,s1,gated_deflation,0,False,0.0,0.04824749149436258,1.0,0.719197126242606,margin
121-127105-0023_2094-142345-0013_6930-75918-0014,s2,gated_deflation,0,True,0.0,0.10557504250544947,0.9910471698113208,0.5641644382966282,accepted
121-127105-0023_2094-142345-0013_6930-75918-0014,s3,gated_deflation,0,True,0.00015614997719154238,0.1898237618456241,1.0,0.5923671209052248,accepted
121-127105-0023_2094-142345-0013_6930-75918-0014,s1,coarse_to_fine,0,False,0.0,-0.2060799593816025,1.0,0.509952377820658,margin
121-127105-0023_2094-142345-0013_6930-75918-0014,s2,coarse_to_fine,0,True,0.0,0.2411570543136609,0.9910471698113208,0.43828294951230473,accepted
121-127105-0023_2094-142345-0013_6930-75918-0014,s3,coarse_to_fine,0,True,0.00015614997719154238,0.10371970455774959,1.0,0.5548913124219356,accepted
121-127105-0023_2094-142345-0013_6930-75918-0014,s1,coarse_to_fine,1,False,0.0,-0.39941932238531336,1.0,0.509952377820658,margin
121-127105-0023_2094-142345-0013_6930-75918-0014,s2,coarse_to_fine,1,True,0.0,0.27884256699603077,1.0,0.440842436842402,accepted
121-127105-0023_2094-142345-0013_6930-75918-0014,s3,coarse_to_fine,1,True,0.00015614997719154238,0.23986510419455553,1.0,0.5643128980876468,accepted
2300-131720-0036_8230-279154-0021_5142-33396-0034,s1,gated_deflation,0,True,0.0,0.26264118795011254,1.0,0.5942872468379701,accepted
2300-131720-0036_8230-279154-0021_5142-33396-0034,s2,gated_deflation,0,True,0.0,0.2458241334958048,1.0,0.5298376892111617,accepted
2300-131720-0036_8230-279154-0021_5142-33396-0034,s3,gated_deflation,0,True,0.0,0.25562838886729555,1.0,0.7108434761213409,accepted
2300-131720-0036_8230-279154-0021_5142-33396-0034,s1,coarse_to_fine,0,False,0.0,-0.11540648269002601,1.0,0.4610595276788564,margin
2300-131720-0036_8230-279154-0021_5142-33396-0034,s2,coarse_to_fine,0,True,0.0,0.30072839077062663,1.0,0.3545744642971154,accepted
2300-131720-0036_8230-279154-0021_5142-33396-0034,s3,coarse_to_fine,0,True,0.0,0.36753254347334563,1.0,0.5714194815160344,accepted
2300-131720-0036_8230-279154-0021_5142-33396-0034,s1,coarse_to_fine,1,False,0.0,-0.4068450502452813,1.0,0.4610595276788564,margin
2300-131720-0036_8230-279154-0021_5142-33396-0034,s2,coarse_to_fine,1,True,0.0,0.5696875279838741,1.0,0.3124529932286521,accepted
2300-131720-0036_8230-279154-0021_5142-33396-0034,s3,coarse_to_fine,1,True,0.0,0.572428169966863,1.0,0.6061347901579186,accepted
1580-141083-0009_1320-122612-0004_5683-32866-0006,s1,gated_deflation,0,True,0.0002398714815669754,0.14269533510908405,1.0,0.6989755371351508,accepted
1580-141083-0009_1320-122612-0004_5683-32866-0006,s2,gated_deflation,0,True,0.0,0.23731970221968202,1.0,0.5762949281120637,accepted
1580-141083-0009_1320-122612-0004_5683-32866-0006,s3,gated_deflation,0,True,0.0,0.17449406666834,1.0,0.7788554100062315,accepted
1580-141083-0009_1320-122612-0004_5683-32866-0006,s1,coarse_to_fine,0,True,0.0002398714815669754,0.1844602829314062,1.0,0.5956724994268604,accepted
1580-141083-0009_1320-122612-0004_5683-32866-0006,s2,coarse_to_fine,0,False,0.0,0.07420050869986078,1.0,0.4068270027602446,margin
1580-141083-0009_1320-122612-0004_5683-32866-0006,s3,coarse_to_fine,0,False,0.0,0.025010531380167844,1.0,0.524046118369361,margin
1580-141083-0009_1320-122612-0004_5683-32866-0006,s1,coarse_to_fine,1,True,0.0002398714815669754,0.4669261424926703,1.0,0.5810053703602908,accepted
1580-141083-0009_1320-122612-0004_5683-32866-0006,s2,coarse_to_fine,1,False,0.0,0.03242992801611355,1.0,0.4068270027602446,margin
1580-141083-0009_1320-122612-0004_5683-32866-0006,s3,coarse_to_fine,1,False,0.0,-0.1904960582350469,1.0,0.524046118369361,margin
1221-135767-0002_3570-5694-0000_6930-75918-0002,s1,gated_deflation,0,True,0.00016035166736749981,0.3991638440153548,1.0,0.5838127828953537,accepted
1221-135767-0002_3570-5694-0000_6930-75918-0002,s2,gated_deflation,0,False,0.0,-0.06496751321909522,1.0,0.5693626825307906,margin
1221-135767-0002_3570-5694-0000_6930-75918-0002,s3,gated_deflation,0,False,0.0,0.005630691835698531,1.0,0.8836624218397553,margin
1221-135767-0002_3570-5694-0000_6930-75918-0002,s1,coarse_to_fine,0,True,0.00016035166736749981,0.29366793420760834,1.0,0.5289512038230122,accepted
1221-135767-0002_3570-5694-0000_6930-75918-0002,s2,coarse_to_fine,0,False,0.0,-0.1973006262920644,1.0,0.359213539748064,margin
1221-135767-0002_3570-5694-0000_6930-75918-0002,s3,coarse_to_fine,0,False,0.0,-0.11601660610191106,1.0,0.6103359683012637,margin
1221-135767-0002_3570-5694-0000_6930-75918-0002,s1,coarse_to_fine,1,True,0.00016035166736749981,0.5553631831147121,1.0,0.5652948395831006,accepted
1221-135767-0002_3570-5694-0000_6930-75918-0002,s2,coarse_to_fine,1,False,0.0,-0.34600683424599693,1.0,0.359213539748064,margin
1221-135767-0002_3570-5694-0000_6930-75918-0002,s3,coarse_to_fine,1,False,0.0,-0.310559802384822,1.0,0.6103359683012637,margin
5683-32866-0021_260-123288-0025_2300-131720-0000,s1,gated_deflation,0,True,0.0,0.29348038756617395,0.9997463768115942,0.7160839852417213,accepted
5683-32866-0021_260-123288-0025_2300-131720-0000,s2,gated_deflation,0,True,0.00012742132885103905,0.3683836002236381,0.9994565217391305,0.47563405830115235,accepted
5683-32866-0021_260-123288-0025_2300-131720-0000,s3,gated_deflation,0,False,0.0,-0.08144058229924755,1.0,0.8008618986817275,margin
5683-32866-0021_260-123288-0025_2300-131720-0000,s1,coarse_to_fine,0,False,0.0,0.075894944353948,1.0,0.4573442273589278,margin
5683-32866-0021_260-123288-0025_2300-131720-0000,s2,coarse_to_fine,0,True,0.00012742132885103905,0.12685167436900407,1.0,0.3504411352437729,accepted
5683-32866-0021_260-123288-0025_2300-131720-0000,s3,coarse_to_fine,0,False,0.0,-0.059337771298648534,1.0,0.3380315576610815,margin
5683-32866-0021_260-123288-0025_2300-131720-0000,s1,coarse_to_fine,1,False,0.0,-0.021682321447830222,1.0,0.4573442273589278,margin
5683-32866-0021_260-123288-0025_2300-131720-0000,s2,coarse_to_fine,1,True,0.00012742132885103905,0.3956961589924015,1.0,0.33953896956548213,accepted
5683-32866-0021_260-123288-0025_2300-131720-0000,s3,coarse_to_fine,1,False,0.0,-0.26813587684598855,1.0,0.3380315576610815,margin
1284-1180-0009_2830-3980-0044_7021-79740-0002,s1,gated_deflation,0,True,0.0,0.13487664688272932,0.9466177861873226,0.6212966120633914,accepted
1284-1180-0009_2830-3980-0044_7021-79740-0002,s2,gated_deflation,0,True,0.0,0.13527423601899857,1.0,0.8007981419233016,accepted
1284-1180-0009_2830-3980-0044_7021-79740-0002,s3,gated_deflation,0,True,0.00015338812873159127,0.5013534193756186,0.9501182592242194,0.45473791711079525,accepted
1284-1180-0009_2830-3980-0044_7021-79740-0002,s1,coarse_to_fine,0,True,0.0,0.12457971155676484,0.9466177861873226,0.3212318233778202,accepted
1284-1180-0009_2830-3980-0044_7021-79740-0002,s2,coarse_to_fine,0,False,0.0,-0.010826179914066453,1.0,0.46561789400827003,margin
1284-1180-0009_2830-3980-0044_7021-79740-0002,s3,coarse_to_fine,0,True,0.00015338812873159127,0.3300800612570327,1.0,0.3239866998819842,accepted
1284-1180-0009_2830-3980-0044_7021-79740-0002,s1,coarse_to_fine,1,False,0.0,-0.0015805014700526199,0.9497161778618732,0.29293606984138315,margin
1284-1180-0009_2830-3980-0044_7021-79740-0002,s2,coarse_to_fine,1,False,0.0,-0.22428173534216095,1.0,0.46561789400827003,margin
1284-1180-0009_2830-3980-0044_7021-79740-0002,s3,coarse_to_fine,1,True,0.00015338812873159127,0.3927621932253836,1.0,0.30894852022000885,accepted
1580-141083-0049_8224-274381-0014_6829-68769-0015,s1,gated_deflation,0,True,0.0,0.15426814816011866,1.0,0.8961762894775765,accepted
1580-141083-0049_8224-274381-0014_6829-68769-0015,s2,gated_deflation,0,True,0.0001544160758234918,0.7183657343103154,1.0,0.4102030035586634,accepted
1580-141083-0049_8224-274381-0014_6829-68769-0015,s3,gated_deflation,0,False,0.0,0.030796593067173028,1.0,0.7943769154165577,margin
1580-141083-0049_8224-274381-0014_6829-68769-0015,s1,coarse_to_fine,0,False,0.0,-0.05865084739812798,1.0,0.46373792905352446,margin
1580-141083-0049_8224-274381-0014_6829-68769-0015,s2,coarse_to_fine,0,True,0.0001544160758234918,0.16719093531012624,1.0,0.38866035157194995,accepted
1580-141083-0049_8224-274381-0014_6829-68769-0015,s3,coarse_to_fine,0,True,0.0,0.11655530166350875,1.0,0.41210075161427023,accepted
1580-141083-0049_8224-274381-0014_6829-68769-0015,s1,coarse_to_fine,1,False,0.0,-0.34757208820407837,1.0,0.46373792905352446,margin
1580-141083-0049_8224-274381-0014_6829-68769-0015,s2,coarse_to_fine,1,True,0.0001544160758234918,0.5563920325394069,1.0,0.40247098821972516,accepted
1580-141083-0049_8224-274381-0014_6829-68769-0015,s3,coarse_to_fine,1,True,0.0,0.4594443685955548,1.0,0.4278439424219093,accepted
260-123440-0009_8230-279154-0002_8555-284447-0022,s1,gated_deflation,0,False,0.0,0.16022188964979486,1.0,0.9071481355272066,artifact_score
260-123440-0009_8230-279154-0002_8555-284447-0022,s2,gated_deflation,0,True,0.00011860756662378489,0.6797428232796128,0.93701171875,0.4041855572829783,accepted
260-123440-0009_8230-279154-0002_8555-284447-0022,s3,gated_deflation,0,False,0.0,0.037919549098302086,0.93466796875,0.8897501310490064,margin
260-123440-0009_8230-279154-0002_8555-284447-0022,s1,coarse_to_fine,0,False,0.0,-0.030173955341011527,1.0,0.437349942494531,margin
260-123440-0009_8230-279154-0002_8555-284447-0022,s2,coarse_to_fine,0,True,0.00011860756662378489,0.40459276092749696,0.93701171875,0.4171398035948225,accepted
260-123440-0009_8230-279154-0002_8555-284447-0022,s3,coarse_to_fine,0,False,0.0,0.0540569644186808,0.941357421875,0.4509116465371764,margin
260-123440-0009_8230-279154-0002_8555-284447-0022,s1,coarse_to_fine,1,False,0.0,-0.03325134591326667,1.0,0.437349942494531,margin
260-123440-0009_8230-279154-0002_8555-284447-0022,s2,coarse_to_fine,1,True,0.00011860756662378489,0.7250606100614787,0.89306640625,0.37892179932346925,accepted
260-123440-0009_8230-279154-0002_8555-284447-0022,s3,coarse_to_fine,1,False,0.0,0.021094163862887483,0.941357421875,0.4509116465371764,margin
1995-1837-0001_908-157963-0004_4446-2271-0010,s1,gated_deflation,0,True,0.0,0.19832976959456083,1.0,0.6223611495825794,accepted
1995-1837-0001_908-157963-0004_4446-2271-0010,s2,gated_deflation,0,True,0.00010169282134762753,0.57566852673858,1.0,0.4581686798607048,accepted
1995-1837-0001_908-157963-0004_4446-2271-0010,s3,gated_deflation,0,False,0.0,0.02506346285356298,1.0,0.8778777311693934,margin
1995-1837-0001_908-157963-0004_4446-2271-0010,s1,coarse_to_fine,0,True,0.0,0.332168910682485,1.0,0.29482429742395055,accepted
1995-1837-0001_908-157963-0004_4446-2271-0010,s2,coarse_to_fine,0,True,0.00010169282134762753,0.5208043992481783,1.0,0.4145546788302549,accepted
1995-1837-0001_908-157963-0004_4446-2271-0010,s3,coarse_to_fine,0,False,0.0,-0.015235140072155401,1.0,0.4257575950543118,margin
1995-1837-0001_908-157963-0004_4446-2271-0010,s1,coarse_to_fine,1,True,0.0,0.661716798217564,1.0,0.28315075440309495,accepted
1995-1837-0001_908-157963-0004_4446-2271-0010,s2,coarse_to_fine,1,True,0.00010169282134762753,0.6660149754099176,1.0,0.41901088441019757,accepted
1995-1837-0001_908-157963-0004_4446-2271-0010,s3,coarse_to_fine,1,False,0.0,-0.20501495612722884,1.0,0.4257575950543118,margin
6829-68769-0036_6930-76324-0021_3729-6852-0016,s1,gated_deflation,0,True,0.0,0.3852923664443921,1.0,0.6753772277347077,accepted
6829-68769-0036_6930-76324-0021_3729-6852-0016,s2,gated_deflation,0,True,0.0001787010020216584,0.42388152425646336,1.0,0.6590203990849438,accepted
6829-68769-0036_6930-76324-0021_3729-6852-0016,s3,gated_deflation,0,False,0.0,-0.3110981998081961,1.0,0.7257737502048897,margin
6829-68769-0036_6930-76324-0021_3729-6852-0016,s1,coarse_to_fine,0,True,0.0,0.3280351971954935,1.0,0.4440474046681888,accepted
6829-68769-0036_6930-76324-0021_3729-6852-0016,s2,coarse_to_fine,0,True,0.0001787010020216584,0.11688466174919215,1.0,0.623446091604402,accepted
6829-68769-0036_6930-76324-0021_3729-6852-0016,s3,coarse_to_fine,0,False,0.0,-0.5049041099000825,1.0,0.4019410491692486,margin
6829-68769-0036_6930-76324-0021_3729-6852-0016,s1,coarse_to_fine,1,True,0.0,0.4018436704370432,1.0,0.44619191901616073,accepted
6829-68769-0036_6930-76324-0021_3729-6852-0016,s2,coarse_to_fine,1,True,0.0001787010020216584,0.22831318164783654,1.0,0.6171936347527294,accepted
6829-68769-0036_6930-76324-0021_3729-6852-0016,s3,coarse_to_fine,1,False,0.0,-0.7146365120115047,1.0,0.4019410491692486,margin
7021-85628-0013_5683-32866-0008_1089-134686-0022,s1,gated_deflation,0,False,0.00019322369258614226,0.011623883282786074,1.0,0.4300432231625595,margin
7021-85628-0013_5683-32866-0008_1089-134686-0022,s2,gated_deflation,0,True,0.0,0.29705657657261536,0.9704891304347826,0.8786574474494744,accepted
7021-85628-0013_5683-32866-0008_1089-134686-0022,s3,gated_deflation,0,True,0.0,0.29432032726101853,0.9803685503685504,0.5368940596688355,accepted
7021-85628-0013_5683-32866-0008_1089-134686-0022,s1,coarse_to_fine,0,False,0.00019322369258614226,-0.18141112871006781,0.9736240786240786,0.32034426579209835,margin
7021-85628-0013_5683-32866-0008_1089-134686-0022,s2,coarse_to_fine,0,True,0.0,0.24863534103586105,0.9704891304347826,0.5597055928988866,accepted
7021-85628-0013_5683-32866-0008_1089-134686-0022,s3,coarse_to_fine,0,True,0.0,0.253387458562249,0.9848771498771499,0.41832397847841657,accepted
7021-85628-0013_5683-32866-0008_1089-134686-0022,s1,coarse_to_fine,1,False,0.00019322369258614226,-0.39047393249088247,0.9736240786240786,0.32034426579209835,margin
7021-85628-0013_5683-32866-0008_1089-134686-0022,s2,coarse_to_fine,1,True,0.0,0.5660100137878408,0.9705978260869565,0.5591628407915895,accepted
7021-85628-0013_5683-32866-0008_1089-134686-0022,s3,coarse_to_fine,1,True,0.0,0.4861180796433791,0.99497542997543,0.4163828470450034,accepted