scene,speaker,system,round,accepted,mean_variance,margin,vad_coverage,artifact_score,reason
4077-13754-0001_5142-33396-0065_5683-32866-0012,s1,gated_deflation,0,True,0.0,0.2588615148015064,1.0,0.8295317031865125,accepted
4077-13754-0001_5142-33396-0065_5683-32866-0012,s2,gated_deflation,0,False,0.0,0.07957404298323179,1.0,0.7502841948010636,margin
4077-13754-0001_5142-33396-0065_5683-32866-0012,s3,gated_deflation,0,True,0.0001596384807540234,0.48361006569092196,1.0,0.5447275909109762,accepted
4077-13754-0001_5142-33396-0065_5683-32866-0012,s1,coarse_to_fine,0,True,0.0,0.19434333899639922,1.0,0.5515494211170845,accepted
4077-13754-0001_5142-33396-0065_5683-32866-0012,s2,coarse_to_fine,0,True,0.0,0.1666790193164499,1.0,0.5321828657311131,accepted
4077-13754-0001_5142-33396-0065_5683-32866-0012,s3,coarse_to_fine,0,True,0.0001596384807540234,0.29538324727634446,1.0,0.42929783235168445,accepted
4077-13754-0001_5142-33396-0065_5683-32866-0012,s1,coarse_to_fine,1,True,0.0,0.33330949742975063,1.0,0.5845522920319445,accepted
4077-13754-0001_5142-33396-0065_5683-32866-0012,s2,coarse_to_fine,1,True,0.0,0.2701010791011364,1.0,0.5438228329859218,accepted
4077-13754-0001_5142-33396-0065_5683-32866-0012,s3,coarse_to_fine,1,True,0.0001596384807540234,0.4666574669861032,1.0,0.4152218232325152,accepted
4507-16021-0025_1188-133604-0025_4992-23283-0016,s1,gated_deflation,0,True,0.00018342519574962582,0.1612151805443216,0.9741279069767442,0.4947812078280898,accepted
4507-16021-0025_1188-133604-0025_4992-23283-0016,s2,gated_deflation,0,True,0.0,0.2460007976097759,1.0,0.5595947836809507,accepted
4507-16021-0025_1188-133604-0025_4992-23283-0016,s3,gated_deflation,0,True,0.0,0.23236535591658763,1.0,0.7287517417454109,accepted
4507-16021-0025_1188-133604-0025_4992-23283-0016,s1,coarse_to_fine,0,True,0.00018342519574962582,0.2825029572640983,0.9825193798449613,0.29722284329492016,accepted
4507-16021-0025_1188-133604-0025_4992-23283-0016,s2,coarse_to_fine,0,False,0.0,0.06687856663751263,1.0,0.3613864210110037,margin
4507-16021-0025_1188-133604-0025_4992-23283-0016,s3,coarse_to_fine,0,False,0.0,-0.0862522068446479,1.0,0.27849553363121254,margin
4507-16021-0025_1188-133604-0025_4992-23283-0016,s1,coarse_to_fine,1,True,0.00018342519574962582,0.5787059564498367,0.9822480620155039,0.30172401144904043,accepted
4507-16021-0025_1188-133604-0025_4992-23283-0016,s2,coarse_to_fine,1,False,0.0,0.06687856663751263,1.0,0.3613864210110037,margin
4507-16021-0025_1188-133604-0025_4992-23283-0016,s3,coarse_to_fine,1,False,0.0,-0.39661105498812915,1.0,0.27849553363121254,margin
5142-36377-0017_2830-3980-0022_3729-6852-0038,s1,gated_deflation,0,True,0.0,0.2854573659256163,1.0,0.6816721609222424,accepted
5142-36377-0017_2830-3980-0022_3729-6852-0038,s2,gated_deflation,0,True,0.0,0.21292506952876317,1.0,0.7683023213475009,accepted
5142-36377-0017_2830-3980-0022_3729-6852-0038,s3,gated_deflation,0,False,0.0002628715444140093,0.02513492185753069,0.9985753052917232,0.614819121482435,margin
5142-36377-0017_2830-3980-0022_3729-6852-0038,s1,coarse_to_fine,0,True,0.0,0.22313416887223814,1.0,0.4885019169789175,accepted
5142-36377-0017_2830-3980-0022_3729-6852-0038,s2,coarse_to_fine,0,False,0.0,0.012596877709492194,1.0,0.5286182654148202,margin
5142-36377-0017_2830-3980-0022_3729-6852-0038,s3,coarse_to_fine,0,False,0.0002628715444140093,-0.05986519340405885,1.0,0.4453680831022817,margin
5142-36377-0017_2830-3980-0022_3729-6852-0038,s1,coarse_to_fine,1,True,0.0,0.50675759279154,1.0,0.48855785841048954,accepted
5142-36377-0017_2830-3980-0022_3729-6852-0038,s2,coarse_to_fine,1,False,0.0,-0.11643044707131839,1.0,0.5286182654148202,margin
5142-36377-0017_2830-3980-0022_3729-6852-0038,s3,coarse_to_fine,1,False,0.0002628715444140093,-0.2860459530220375,1.0,0.4453680831022817,margin
7021-79759-0005_4507-16021-0058_260-123288-0005,s1,gated_deflation,0,False,0.0,-0.22126888189791744,0.9574025974025974,0.3994816848560748,margin
7021-79759-0005_4507-16021-0058_260-123288-0005,s2,gated_deflation,0,False,0.0,0.08642387379014699,1.0,0.8756808724873257,margin
7021-79759-0005_4507-16021-0058_260-123288-0005,s3,gated_deflation,0,True,0.0,0.3254112887848807,0.9856818181818182,0.4803848912016843,accepted
7021-79759-0005_4507-16021-0058_260-123288-0005,s1,coarse_to_fine,0,False,0.0,-0.33319983326498753,0.9574025974025974,0.28980334633282634,margin
7021-79759-0005_4507-16021-0058_260-123288-0005,s2,coarse_to_fine,0,False,0.0,-0.028684638181071698,1.0,0.3543532296525873,margin
7021-79759-0005_4507-16021-0058_260-123288-0005,s3,coarse_to_fine,0,True,0.0,0.3460008412987291,0.9856818181818182,0.3651157269666277,accepted
7021-79759-0005_4507-16021-0058_260-123288-0005,s1,coarse_to_fine,1,False,0.0,-0.5320545845217013,0.9574025974025974,0.28980334633282634,margin
7021-79759-0005_4507-16021-0058_260-123288-0005,s2,coarse_to_fine,1,False,0.0,-0.03745637177353503,1.0,0.3543532296525873,margin
7021-79759-0005_4507-16021-0058_260-123288-0005,s3,coarse_to_fine,1,True,0.0,0.5495178192376188,0.9612662337662338,0.321508041944881,accepted
672-122797-0044_8463-294828-0013_4507-16021-0043,s1,gated_deflation,0,True,0.0,0.2434925393766409,1.0,0.7979461876486236,accepted
672-122797-0044_8463-294828-0013_4507-16021-0043,s2,gated_deflation,0,True,0.00012839922730585365,0.6718376183895742,0.9658862876254181,0.666910588945265,accepted
672-122797-0044_8463-294828-0013_4507-16021-0043,s3,gated_deflation,0,False,0.0,-0.16511117629661942,0.9661789297658863,0.7794857553737508,margin
672-122797-0044_8463-294828-0013_4507-16021-0043,s1,coarse_to_fine,0,True,0.0,0.17025854959671333,1.0,0.5147182176149028,accepted
672-122797-0044_8463-294828-0013_4507-16021-0043,s2,coarse_to_fine,0,True,0.00012839922730585365,0.3743204352645805,0.9678929765886287,0.5078001483323357,accepted
672-122797-0044_8463-294828-0013_4507-16021-0043,s3,coarse_to_fine,0,False,0.0,-0.4066548549949459,0.9654682274247491,0.42548327357089,margin
672-122797-0044_8463-294828-0013_4507-16021-0043,s1,coarse_to_fine,1,True,0.0,0.34267903759690915,1.0,0.5522036533062494,accepted
672-122797-0044_8463-294828-0013_4507-16021-0043,s2,coarse_to_fine,1,True,0.00012839922730585365,0.7194144946717572,0.9669732441471572,0.4955359853598199,accepted
672-122797-0044_8463-294828-0013_4507-16021-0043,s3,coarse_to_fine,1,False,0.0,-0.6968794339945775,0.9654682274247491,0.42548327357089,margin
6930-81414-0001_1995-1836-0006_121-121726-0014,s1,gated_deflation,0,True,0.00011719836239998562,0.5620888675427858,1.0,0.5587400974014941,accepted
6930-81414-0001_1995-1836-0006_121-121726-0014,s2,gated_deflation,0,True,0.0,0.11670436849393728,1.0,0.7445277205675271,accepted
6930-81414-0001_1995-1836-0006_121-121726-0014,s3,gated_deflation,0,False,0.0,0.11805057505912486,1.0,0.9158068242881111,artifact_score
6930-81414-0001_1995-1836-0006_121-121726-0014,s1,coarse_to_fine,0,True,0.00011719836239998562,0.21451225658092535,1.0,0.5219298905984022,accepted
6930-81414-0001_1995-1836-0006_121-121726-0014,s2,coarse_to_fine,0,True,0.0,0.3578241409790804,1.0,0.3546448664290166,accepted
6930-81414-0001_1995-1836-0006_121-121726-0014,s3,coarse_to_fine,0,False,0.0,-0.24359371670489238,1.0,0.3986687531273615,margin
6930-81414-0001_1995-1836-0006_121-121726-0014,s1,coarse_to_fine,1,True,0.00011719836239998562,0.5105059178548348,1.0,0.5305565300513849,accepted
6930-81414-0001_1995-1836-0006_121-121726-0014,s2,coarse_to_fine,1,True,0.0,0.5354762249357503,1.0,0.32920702744431873,accepted
6930-81414-0001_1995-1836-0006_121-121726-0014,s3,coarse_to_fine,1,False,0.0,-0.348415589617901,1.0,0.3986687531273615,margin
8555-284449-0002_1995-1837-0004_1089-134686-0002,s1,gated_deflation,0,True,9.881040225663392e-05,0.38255371713172936,1.0,0.4349570904629502,accepted
8555-284449-0002_1995-1837-0004_1089-134686-0002,s2,gated_deflation,0,True,0.0,0.1936977993831897,0.998554104477612,0.6566546820363776,accepted
8555-284449-0002_1995-1837-0004_1089-134686-0002,s3,gated_deflation,0,True,0.0,0.44431128870715997,1.0,0.7023394505426251,accepted
8555-284449-0002_1995-1837-0004_1089-134686-0002,s1,coarse_to_fine,0,False,9.881040225663392e-05,-0.2437310603764911,0.9856222222222222,0.276069921575777,margin
8555-284449-0002_1995-1837-0004_1089-134686-0002,s2,coarse_to_fine,0,True,0.0,0.2690462191588498,1.0,0.27803083425963165,accepted
8555-284449-0002_1995-1837-0004_1089-134686-0002,s3,coarse_to_fine,0,True,0.0,0.39840208856734627,1.0,0.41976449080877387,accepted
8555-284449-0002_1995-1837-0004_1089-134686-0002,s1,coarse_to_fine,1,False,9.881040225663392e-05,-0.5074098553920422,0.9856222222222222,0.276069921575777,margin
8555-284449-0002_1995-1837-0004_1089-134686-0002,s2,coarse_to_fine,1,True,0.0,0.49138433722478936,1.0,0.3035054744432045,accepted
8555-284449-0002_1995-1837-0004_1089-134686-0002,s3,coarse_to_fine,1,True,0.0,0.5796556282888434,1.0,0.4398184908119485,accepted
7021-85628-0027_3575-170457-0025_8555-292519-0010,s1,gated_deflation,0,True,0.0,0.41817037439907834,1.0,0.49890247989173586,accepted
7021-85628-0027_3575-170457-0025_8555-292519-0010,s2,gated_deflation,0,True,0.00033402879896674784,0.22262675420727768,1.0,0.4369835444335619,accepted
7021-85628-0027_3575-170457-0025_8555-292519-0010,s3,gated_deflation,0,False,0.0,-0.021721766650984964,1.0,0.658640036865511,margin
7021-85628-0027_3575-170457-0025_8555-292519-0010,s1,coarse_to_fine,0,True,0.0,0.2746919206559118,1.0,0.33451712834486874,accepted
7021-85628-0027_3575-170457-0025_8555-292519-0010,s2,coarse_to_fine,0,True,0.00033402879896674784,0.2450449481585678,0.9872666666666666,0.26278003878877815,accepted
7021-85628-0027_3575-170457-0025_8555-292519-0010,s3,coarse_to_fine,0,False,0.0,-0.30181196996410653,1.0,0.2930450552753795,margin
7021-85628-0027_3575-170457-0025_8555-292519-0010,s1,coarse_to_fine,1,True,0.0,0.5130877957722391,1.0,0.3558859435255141,accepted
7021-85628-0027_3575-170457-0025_8555-292519-0010,s2,coarse_to_fine,1,True,0.00033402879896674784,0.5318598938753173,0.98725,0.28233734264907656,accepted
7021-85628-0027_3575-170457-0025_8555-292519-0010,s3,coarse_to_fine,1,False,0.0,-0.5387403753913996,1.0,0.2930450552753795,margin
5639-40744-0012_1221-135766-0005_260-123286-0015,s1,gated_deflation,0,True,0.0,0.13303192883549197,1.0,0.7205421891583559,accepted
5639-40744-0012_1221-135766-0005_260-123286-0015,s2,gated_deflation,0,True,0.00018783607609981645,0.5661918840043034,1.0,0.5660635641636723,accepted
5639-40744-0012_1221-135766-0005_260-123286-0015,s3,gated_deflation,0,False,0.0,0.06659755971364628,1.0,0.8277085848283775,margin
5639-40744-0012_1221-135766-0005_260-123286-0015,s1,coarse_to_fine,0,True,0.0,0.12268375968037992,1.0,0.387220749758825,accepted
5639-40744-0012_1221-135766-0005_260-123286-0015,s2,coarse_to_fine,0,True,0.00018783607609981645,0.5708931137214248,1.0,0.5298971383807306,accepted
5639-40744-0012_1221-135766-0005_260-123286-0015,s3,coarse_to_fine,0,False,0.0,-0.029003431867713148,1.0,0.40905724791329034,margin
5639-40744-0012_1221-135766-0005_260-123286-0015,s1,coarse_to_fine,1,True,0.0,0.4615538400852241,1.0,0.40385323310310256,accepted
5639-40744-0012_1221-135766-0005_260-123286-0015,s2,coarse_to_fine,1,True,0.00018783607609981645,0.6897628732387282,1.0,0.5346916367451635,accepted
5639-40744-0012_1221-135766-0005_260-123286-0015,s3,coarse_to_fine,1,False,0.0,-0.30101574359951067,1.0,0.40905724791329034,margin
260-123286-0003_1221-135766-0008_2830-3980-0067,s1,gated_deflation,0,False,0.0,-0.11389120070545611,1.0,0.6390954937949886,margin
260-123286-0003_1221-135766-0008_2830-3980-0067,s2,gated_deflation,0,True,8.539911346546257e-05,0.3744365964461439,1.0,0.6089992394659904,accepted
260-123286-0003_1221-135766-0008_2830-3980-0067,s3,gated_deflation,0,True,0.0,0.2150546295712611,1.0,0.6568703730615041,accepted
260-123286-0003_1221-135766-0008_2830-3980-0067,s1,coarse_to_fine,0,False,0.0,-0.2567885727875331,1.0,0.35227746739010163,margin
260-123286-0003_1221-135766-0008_2830-3980-0067,s2,coarse_to_fine,0,True,8.539911346546257e-05,0.2378134899726958,1.0,0.5290323519471248,accepted
260-123286-0003_1221-135766-0008_2830-3980-0067,s3,coarse_to_fine,0,True,0.0,0.21235012646332585,1.0,0.49090113104371047,accepted
260-123286-0003_1221-135766-0008_2830-3980-0067,s1,coarse_to_fine,1,False,0.0,-0.4357090967504973,1.0,0.35227746739010163,margin
260-123286-0003_1221-135766-0008_2830-3980-0067,s2,coarse_to_fine,1,True,8.539911346546257e-05,0.3668686262434382,1.0,0.5127140839261456,accepted
260-123286-0003_1221-135766-0008_2830-3980-0067,s3,coarse_to_fine,1,True,0.0,0.40932554869217097,1.0,0.48080341825695067,accepted
260-123286-0005_4992-41797-0009_61-70968-0030,s1,gated_deflation,0,False,0.0,-0.0019304138215073818,1.0,0.8158823301433649,margin
260-123286-0005_4992-41797-0009_61-70968-0030,s2,gated_deflation,0,True,0.00014634565310967784,0.5578036750739773,1.0,0.4475997355062804,accepted
260-123286-0005_4992-41797-0009_61-70968-0030,s3,gated_deflation,0,True,0.0,0.2412391999352596,1.0,0.7866623692352703,accepted
260-123286-0005_4992-41797-0009_61-70968-0030,s1,coarse_to_fine,0,False,0.0,-0.29969948841248367,1.0,0.4253391347534013,margin
260-123286-0005_4992-41797-0009_61-70968-0030,s2,coarse_to_fine,0,False,0.00014634565310967784,-0.06928064685632135,1.0,0.3796955317032037,margin
260-123286-0005_4992-41797-0009_61-70968-0030,s3,coarse_to_fine,0,True,0.0,0.3154281401312383,1.0,0.44349318023665185,accepted
260-123286-0005_4992-41797-0009_61-70968-0030,s1,coarse_to_fine,1,False,0.0,-0.4676005308106594,1.0,0.4253391347534013,margin
260-123286-0005_4992-41797-0009_61-70968-0030,s2,coarse_to_fine,1,False,0.00014634565310967784,-0.12984228249430585,1.0,0.3796955317032037,margin
260-123286-0005_4992-41797-0009_61-70968-0030,s3,coarse_to_fine,1,True,0.0,0.5452758325078368,1.0,0.47833482849150155,accepted
61-70970-0033_4446-2271-0021_1089-134691-0025,s1,gated_deflation,0,True,0.0,0.22915035309602172,1.0,0.792905550295972,accepted
61-70970-0033_4446-2271-0021_1089-134691-0025,s2,gated_deflation,0,False,0.0,0.03188294115898255,0.977734375,0.7737423125767539,margin
61-70970-0033_4446-2271-0021_1089-134691-0025,s3,gated_deflation,0,True,0.00016577863964841054,0.17242084343232644,0.97373046875,0.5419150216294176,accepted
61-70970-0033_4446-2271-0021_1089-134691-0025,s1,coarse_to_fine,0,True,0.0,0.18904872828670977,1.0,0.3874470814645374,accepted
61-70970-0033_4446-2271-0021_1089-134691-0025,s2,coarse_to_fine,0,False,0.0,-0.15076585105339668,1.0,0.30775250467693693,margin
61-70970-0033_4446-2271-0021_1089-134691-0025,s3,coarse_to_fine,0,False,0.00016577863964841054,-0.04029116234039232,1.0,0.39764880877213554,margin
61-70970-0033_4446-2271-0021_1089-134691-0025,s1,coarse_to_fine,1,True,0.0,0.349219848229783,1.0,0.3941273546123105,accepted
61-70970-0033_4446-2271-0021_1089-134691-0025,s2,coarse_to_fine,1,False,0.0,-0.21944446120650296,1.0,0.30775250467693693,margin
61-70970-0033_4446-2271-0021_1089-134691-0025,s3,coarse_to_fine,1,False,0.00016577863964841054,-0.25174154396092263,1.0,0.39764880877213554,margin
7021-79730-0006_5142-36586-0000_2300-131720-0009,s1,gated_deflation,0,False,0.00017153841809880782,0.0684550988594283,1.0,0.40782006343801874,margin
7021-79730-0006_5142-36586-0000_2300-131720-0009,s2,gated_deflation,0,True,0.0,0.17410702405974166,1.0,0.8801483505128428,accepted
7021-79730-0006_5142-36586-0000_2300-131720-0009,s3,gated_deflation,0,True,0.0,0.1597217912926192,1.0,0.5158561725628826,accepted
7021-79730-0006_5142-36586-0000_2300-131720-0009,s1,coarse_to_fine,0,False,0.00017153841809880782,-0.1307290652896403,1.0,0.2828008560483876,margin
7021-79730-0006_5142-36586-0000_2300-131720-0009,s2,coarse_to_fine,0,True,0.0,0.13110374220830154,1.0,0.5451669373262206,accepted
7021-79730-0006_5142-36586-0000_2300-131720-0009,s3,coarse_to_fine,0,True,0.0,0.11587605877111007,1.0,0.29486232479465607,accepted
7021-79730-0006_5142-36586-0000_2300-131720-0009,s1,coarse_to_fine,1,False,0.00017153841809880782,-0.3927618683438067,1.0,0.2828008560483876,margin
7021-79730-0006_5142-36586-0000_2300-131720-0009,s2,coarse_to_fine,1,True,0.0,0.4465334821675895,1.0,0.5464575118735198,accepted
7021-79730-0006_5142-36586-0000_2300-131720-0009,s3,coarse_to_fine,1,True,0.0,0.4071524500743601,0.9923445671121441,0.2705917169089381,accepted
6829-68771-0022_1221-135766-0014_5683-32865-0004,s1,gated_deflation,0,False,0.0,0.08619288495936511,1.0,0.7712756446040064,margin
6829-68771-0022_1221-135766-0014_5683-32865-0004,s2,gated_deflation,0,False,0.0,-0.11737183396526413,1.0,0.7219830100433535,margin
6829-68771-0022_1221-135766-0014_5683-32865-0004,s3,gated_deflation,0,True,0.0001320001880865432,0.514487262558323,1.0,0.5117583181633207,accepted
6829-68771-0022_1221-135766-0014_5683-32865-0004,s1,coarse_to_fine,0,False,0.0,0.04472830966815025,1.0,0.44901693865170755,margin
6829-68771-0022_1221-135766-0014_5683-32865-0004,s2,coarse_to_fine,0,False,0.0,-0.129973521292846,1.0,0.4402638020038948,margin
6829-68771-0022_1221-135766-0014_5683-32865-0004,s3,coarse_to_fine,0,False,0.0001320001880865432,0.08294354074749724,1.0,0.41670324677140963,margin
6829-68771-0022_1221-135766-0014_5683-32865-0004,s1,coarse_to_fine,1,False,0.0,0.04472830966815025,1.0,0.44901693865170755,margin
6829-68771-0022_1221-135766-0014_5683-32865-0004,s2,coarse_to_fine,1,False,0.0,-0.129973521292846,1.0,0.4402638020038948,margin
6829-68771-0022_1221-135766-0014_5683-32865-0004,s3,coarse_to_fine,1,False,0.0001320001880865432,0.08294354074749724,1.0,0.41670324677140963,margin
4446-2275-0013_908-157963-0000_1284-1180-0030,s1,gated_deflation,0,False,0.0,0.08753947424881842,1.0,0.8962801578169636,margin
4446-2275-0013_908-157963-0000_1284-1180-0030,s2,gated_deflation,0,True,0.0,0.2754763554863528,1.0,0.615071396488784,accepted
4446-2275-0013_908-157963-0000_1284-1180-0030,s3,gated_deflation,0,True,8.190274954042101e-05,0.32797673132899247,1.0,0.4447174017876093,accepted
4446-2275-0013_908-157963-0000_1284-1180-0030,s1,coarse_to_fine,0,False,0.0,-0.38653940943947984,1.0,0.49798383451344097,margin
4446-2275-0013_908-157963-0000_1284-1180-0030,s2,coarse_to_fine,0,True,0.0,0.2488149520757338,1.0,0.45520289476688314,accepted
4446-2275-0013_908-157963-0000_1284-1180-0030,s3,coarse_to_fine,0,True,8.190274954042101e-05,0.49252517740619434,1.0,0.3335310030109685,accepted
4446-2275-0013_908-157963-0000_1284-1180-0030,s1,coarse_to_fine,1,False,0.0,-0.5242926421237377,1.0,0.49798383451344097,margin
4446-2275-0013_908-157963-0000_1284-1180-0030,s2,coarse_to_fine,1,True,0.0,0.5225196271744699,1.0,0.4289534342874072,accepted
4446-2275-0013_908-157963-0000_1284-1180-0030,s3,coarse_to_fine,1,True,8.190274954042101e-05,0.5445261248961941,1.0,0.32183230426045384,accepted
7176-92135-0002_2830-3979-0001_4446-2271-0016,s1,gated_deflation,0,False,0.0,-0.07493353259974905,1.0,0.863318114521959,margin
7176-92135-0002_2830-3979-0001_4446-2271-0016,s2,gated_deflation,0,True,0.0001020438898698278,0.6061469241382422,0.9914584464964693,0.39547704732144057,accepted
7176-92135-0002_2830-3979-0001_4446-2271-0016,s3,gated_deflation,0,False,0.0,-0.187950141736328,0.9425991309071157,0.5911548051864728,margin
7176-92135-0002_2830-3979-0001_4446-2271-0016,s1,coarse_to_fine,0,False,0.0,-0.3362788400969488,1.0,0.2802612197526414,margin
7176-92135-0002_2830-3979-0001_4446-2271-0016,s2,coarse_to_fine,0,True,0.0001020438898698278,0.5263514963401699,0.9914584464964693,0.3119857608206952,accepted
7176-92135-0002_2830-3979-0001_4446-2271-0016,s3,coarse_to_fine,0,False,0.0,-0.28090586050342814,0.9427077675176534,0.2576522097294131,margin
7176-92135-0002_2830-3979-0001_4446-2271-0016,s1,coarse_to_fine,1,False,0.0,-0.4684858401807375,1.0,0.2802612197526414,margin
7176-92135-0002_2830-3979-0001_4446-2271-0016,s2,coarse_to_fine,1,True,0.0001020438898698278,0.7010438552510418,0.9574687669744704,0.3136506893883236,accepted
7176-92135-0002_2830-3979-0001_4446-2271-0016,s3,coarse_to_fine,1,False,0.0,-0.4460577775955531,0.9427077675176534,0.2576522097294131,margin
61-70970-0011_8555-284447-0003_8224-274381-0000,s1,gated_deflation,0,True,0.0,0.4047685024022646,1.0,0.8111615048336527,accepted
61-70970-0011_8555-284447-0003_8224-274381-0000,s2,gated_deflation,0,False,0.0,-0.09434369371837098,1.0,0.8655118214978799,margin
61-70970-0011_8555-284447-0003_8224-274381-0000,s3,gated_deflation,0,True,0.00023357928901126518,0.367865029704387,1.0,0.3733296465402076,accepted
61-70970-0011_8555-284447-0003_8224-274381-0000,s1,coarse_to_fine,0,True,0.0,0.4432564524439978,1.0,0.40003290607213854,accepted
61-70970-0011_8555-284447-0003_8224-274381-0000,s2,coarse_to_fine,0,True,0.0,0.10558671870038844,1.0,0.3459416594792188,accepted
61-70970-0011_8555-284447-0003_8224-274381-0000,s3,coarse_to_fine,0,False,0.00023357928901126518,-0.07816479012534105,1.0,0.33649861680893906,margin
61-70970-0011_8555-284447-0003_8224-274381-0000,s1,coarse_to_fine,1,True,0.0,0.6837531549164233,1.0,0.49616165894049735,accepted
61-70970-0011_8555-284447-0003_8224-274381-0000,s2,coarse_to_fine,1,True,0.0,0.4631219769622,1.0,0.331355538564969,accepted
61-70970-0011_8555-284447-0003_8224-274381-0000,s3,coarse_to_fine,1,False,0.00023357928901126518,-0.19924335107168084,1.0,0.33649861680893906,margin
61-70968-0004_1284-1180-0005_2094-142345-0006,s1,gated_deflation,0,True,0.0,0.2865070076465755,1.0,0.8667762553854897,accepted
61-70968-0004_1284-1180-0005_2094-142345-0006,s2,gated_deflation,0,False,0.0,0.036987577691343976,0.968018018018018,0.7246010709522626,margin
61-70968-0004_1284-1180-0005_2094-142345-0006,s3,gated_deflation,0,True,0.00015223769834202665,0.42759964923971905,1.0,0.41252261333796564,accepted
61-70968-0004_1284-1180-0005_2094-142345-0006,s1,coarse_to_fine,0,False,0.0,0.0035418521503787215,1.0,0.4668472137743525,margin
61-70968-0004_1284-1180-0005_2094-142345-0006,s2,coarse_to_fine,0,True,0.0,0.1374115485654811,1.0,0.35725400704745325,accepted
61-70968-0004_1284-1180-0005_2094-142345-0006,s3,coarse_to_fine,0,True,0.00015223769834202665,0.1974748834936511,1.0,0.36283818183156014,accepted
61-70968-0004_1284-1180-0005_2094-142345-0006,s1,coarse_to_fine,1,False,0.0,-0.2381604102907357,1.0,0.4668472137743525,margin
61-70968-0004_1284-1180-0005_2094-142345-0006,s2,coarse_to_fine,1,True,0.0,0.20500765174334024,1.0,0.3332202545070773,accepted
61-70968-0004_1284-1180-0005_2094-142345-0006,s3,coarse_to_fine,1,True,0.00015223769834202665,0.12746245208684615,1.0,0.3355441052782328,accepted
7021-85628-0018_2961-960-0002_4446-2275-0028,s1,gated_deflation,0,True,0.0,0.4321084475314737,1.0,0.7282419409503663,accepted
7021-85628-0018_2961-960-0002_4446-2275-0028,s2,gated_deflation,0,True,0.0001718648995915539,0.4016091037049329,1.0,0.554187253455306,accepted
7021-85628-0018_2961-960-0002_4446-2275-0028,s3,gated_deflation,0,False,0.0,0.09367962876058747,1.0,0.90350920779226,margin
7021-85628-0018_2961-960-0002_4446-2275-0028,s1,coarse_to_fine,0,True,0.0,0.38796049253064013,1.0,0.44621290508884864,accepted
7021-85628-0018_2961-960-0002_4446-2275-0028,s2,coarse_to_fine,0,False,0.0001718648995915539,-0.17071619184296705,1.0,0.47983360596483,margin
7021-85628-0018_2961-960-0002_4446-2275-0028,s3,coarse_to_fine,0,False,0.0,0.09070058317653687,1.0,0.48084591264369475,margin
7021-85628-0018_2961-960-0002_4446-2275-0028,s1,coarse_to_fine,1,True,0.0,0.636400737195649,1.0,0.46301554478490353,accepted
7021-85628-0018_2961-960-0002_4446-2275-0028,s2,coarse_to_fine,1,False,0.0001718648995915539,-0.34653390651229027,1.0,0.47983360596483,margin
7021-85628-0018_2961-960-0002_4446-2275-0028,s3,coarse_to_fine,1,False,0.0,0.02444086233964604,1.0,0.48084591264369475,margin
8455-210777-0065_4507-16021-0035_2961-960-0007,s1,gated_deflation,0,True,0.0,0.3772899260016442,1.0,0.7570645977829272,accepted
8455-210777-0065_4507-16021-0035_2961-960-0007,s2,gated_deflation,0,False,0.0,-0.1562034412083083,0.9224560061208875,0.47357217960947046,margin
8455-210777-0065_4507-16021-0035_2961-960-0007,s3,gated_deflation,0,True,0.0,0.33038619117599616,0.9433052792654935,0.49990932348482,accepted
8455-210777-0065_4507-16021-0035_2961-960-0007,s1,coarse_to_fine,0,False,0.0,-0.12111564296764457,1.0,0.42002107928498855,margin
8455-210777-0065_4507-16021-0035_2961-960-0007,s2,coarse_to_fine,0,False,0.0,-0.29518272805932944,0.9395371078806427,0.3147284881413108,margin
8455-210777-0065_4507-16021-0035_2961-960-0007,s3,coarse_to_fine,0,True,0.0,0.26045699114117327,0.986381025248661,0.355855933738402,accepted
8455-210777-0065_4507-16021-0035_2961-960-0007,s1,coarse_to_fine,1,False,0.0,-0.35641555262678637,1.0,0.42002107928498855,margin
8455-210777-0065_4507-16021-0035_2961-960-0007,s2,coarse_to_fine,1,False,0.0,-0.5558775340949108,0.9395371078806427,0.3147284881413108,margin
8455-210777-0065_4507-16021-0035_2961-960-0007,s3,coarse_to_fine,1,True,0.0,0.5653974158875086,0.9496557000765111,0.3275194445715893,accepted
7127-75946-0018_3575-170457-0019_5142-33396-0024,s1,gated_deflation,0,True,0.00016290621415369252,0.5870821807937647,1.0,0.5401046029926286,accepted
7127-75946-0018_3575-170457-0019_5142-33396-0024,s2,gated_deflation,0,True,0.0,0.17798187263878912,1.0,0.7054627207715993,accepted
7127-75946-0018_3575-170457-0019_5142-33396-0024,s3,gated_deflation,0,False,0.0,-0.11187752422624586,1.0,0.7267152652449381,margin
7127-75946-0018_3575-170457-0019_5142-33396-0024,s1,coarse_to_fine,0,True,0.00016290621415369252,0.20922801993013662,1.0,0.4627254877740598,accepted
7127-75946-0018_3575-170457-0019_5142-33396-0024,s2,coarse_to_fine,0,False,0.0,-0.13777460940261674,1.0,0.48666962203402075,margin
7127-75946-0018_3575-170457-0019_5142-33396-0024,s3,coarse_to_fine,0,False,0.0,-0.06511175828050289,1.0,0.40730883295551795,margin
7127-75946-0018_3575-170457-0019_5142-33396-0024,s1,coarse_to_fine,1,True,0.00016290621415369252,0.6270211647993945,1.0,0.45473181784447325,accepted
7127-75946-0018_3575-170457-0019_5142-33396-0024,s2,coarse_to_fine,1,False,0.0,-0.3845928103193589,1.0,0.48666962203402075,margin
7127-75946-0018_3575-170457-0019_5142-33396-0024,s3,coarse_to_fine,1,False,0.0,-0.1326931510930057,1.0,0.40730883295551795,margin
3575-170457-0043_1995-1837-0027_5142-33396-0022,s1,gated_deflation,0,True,0.0001738211575566355,0.426616261961121,1.0,0.37715039545731693,accepted
3575-170457-0043_1995-1837-0027_5142-33396-0022,s2,gated_deflation,0,False,0.0,-0.12194422644358066,1.0,0.7401485061229623,margin
3575-170457-0043_1995-1837-0027_5142-33396-0022,s3,gated_deflation,0,True,0.0,0.2315595243654967,1.0,0.8523981831296792,accepted
3575-170457-0043_1995-1837-0027_5142-33396-0022,s1,coarse_to_fine,0,True,0.0001738211575566355,0.299116058123959,1.0,0.21736206401708105,accepted
3575-170457-0043_1995-1837-0027_5142-33396-0022,s2,coarse_to_fine,0,False,0.0,-0.34068278475807284,1.0,0.17291996155410058,margin
3575-170457-0043_1995-1837-0027_5142-33396-0022,s3,coarse_to_fine,0,True,0.0,0.2741485812879939,1.0,0.32503121172131355,accepted
3575-170457-0043_1995-1837-0027_5142-33396-0022,s1,coarse_to_fine,1,True,0.0001738211575566355,0.412434396810262,1.0,0.2236920252073332,accepted
3575-170457-0043_1995-1837-0027_5142-33396-0022,s2,coarse_to_fine,1,False,0.0,-0.6205906435315278,1.0,0.17291996155410058,margin
3575-170457-0043_1995-1837-0027_5142-33396-0022,s3,coarse_to_fine,1,True,0.0,0.27123536563266143,0.985974801061008,0.3007728953450812,accepted
1580-141083-0032_5105-28240-0009_4446-2273-0019,s1,gated_deflation,0,False,0.0,-0.13426050729418815,1.0,0.8613087413468206,margin
1580-141083-0032_5105-28240-0009_4446-2273-0019,s2,gated_deflation,0,True,9.796179528609927e-05,0.5016522187620394,0.8883971291866029,0.5814867813975511,accepted
1580-141083-0032_5105-28240-0009_4446-2273-0019,s3,gated_deflation,0,True,0.0,0.2290606862636284,1.0,0.8873258176140867,accepted
1580-141083-0032_5105-28240-0009_4446-2273-0019,s1,coarse_to_fine,0,False,0.0,-0.4051225602816228,1.0,0.5381237269087833,margin
1580-141083-0032_5105-28240-0009_4446-2273-0019,s2,coarse_to_fine,0,True,9.796179528609927e-05,0.2298702467342365,1.0,0.557100012544378,accepted
1580-141083-0032_5105-28240-0009_4446-2273-0019,s3,coarse_to_fine,0,False,0.0,-0.09713152578594164,1.0,0.5072210459634824,margin
1580-141083-0032_5105-28240-0009_4446-2273-0019,s1,coarse_to_fine,1,False,0.0,-0.6185928660905353,1.0,0.5381237269087833,margin
1580-141083-0032_5105-28240-0009_4446-2273-0019,s2,coarse_to_fine,1,True,9.796179528609927e-05,0.5377779580479833,1.0,0.5683960927043931,accepted
1580-141083-0032_5105-28240-0009_4446-2273-0019,s3,coarse_to_fine,1,False,0.0,-0.20908375229935092,1.0,0.5072210459634824,margin
5142-36586-0004_7127-75947-0000_8455-210777-0059,s1,gated_deflation,0,False,0.0,0.053740638543909286,1.0,0.9127667786213541,margin
5142-36586-0004_7127-75947-0000_8455-210777-0059,s2,gated_deflation,0,True,6.007397235125573e-05,0.6096985376023406,0.9741455347298787,0.5431763351129595,accepted
5142-36586-0004_7127-75947-0000_8455-210777-0059,s3,gated_deflation,0,False,0.0,-0.03836215014836458,0.9804024255788313,0.8678791617011774,margin
5142-36586-0004_7127-75947-0000_8455-210777-0059,s1,coarse_to_fine,0,True,0.0,0.1238383336027323,1.0,0.5001026735353487,accepted
5142-36586-0004_7127-75947-0000_8455-210777-0059,s2,coarse_to_fine,0,True,6.007397235125573e-05,0.33892077056908326,0.9741455347298787,0.5171164449094539,accepted
5142-36586-0004_7127-75947-0000_8455-210777-0059,s3,coarse_to_fine,0,False,0.0,-0.2184323635538094,0.9804024255788313,0.5585559379510538,margin
5142-36586-0004_7127-75947-0000_8455-210777-0059,s1,coarse_to_fine,1,True,0.0,0.4113433760822239,1.0,0.5329839228169234,accepted
5142-36586-0004_7127-75947-0000_8455-210777-0059,s2,coarse_to_fine,1,True,6.007397235125573e-05,0.5585841757166471,0.9713340683572216,0.4855739532072294,accepted
5142-36586-0004_7127-75947-0000_8455-210777-0059,s3,coarse_to_fine,1,False,0.0,-0.41853666949879825,0.9804024255788313,0.5585559379510538,margin
8455-210777-0020_61-70968-0054_7729-102255-0023,s1,gated_deflation,0,False,0.0,0.08844653655523488,1.0,0.8030057509776026,margin
8455-210777-0020_61-70968-0054_7729-102255-0023,s2,gated_deflation,0,True,0.0001774948903179394,0.4493288838908862,1.0,0.4755054109146844,accepted
8455-210777-0020_61-70968-0054_7729-102255-0023,s3,gated_deflation,0,True,0.0,0.25925647061720825,1.0,0.6474916294729238,accepted
8455-210777-0020_61-70968-0054_7729-102255-0023,s1,coarse_to_fine,0,False,0.0,-0.3512530630541192,1.0,0.381534593408949,margin
8455-210777-0020_61-70968-0054_7729-102255-0023,s2,coarse_to_fine,0,True,0.0001774948903179394,0.26208073824403627,1.0,0.3669490465415664,accepted
8455-210777-0020_61-70968-0054_7729-102255-0023,s3,coarse_to_fine,0,False,0.0,-0.10005261051773001,1.0,0.3576734390506233,margin
8455-210777-0020_61-70968-0054_7729-102255-0023,s1,coarse_to_fine,1,False,0.0,-0.5230021932410506,1.0,0.381534593408949,margin
8455-210777-0020_61-70968-0054_7729-102255-0023,s2,coarse_to_fine,1,True,0.0001774948903179394,0.520728584833035,1.0,0.35065690043935593,accepted
8455-210777-0020_61-70968-0054_7729-102255-0023,s3,coarse_to_fine,1,False,0.0,-0.33280683921987225,1.0,0.3576734390506233,margin
7176-88083-0000_4970-29095-0006_2094-142345-0034,s1,gated_deflation,0,True,0.0,0.334479424676396,1.0,0.6204694873539819,accepted
7176-88083-0000_4970-29095-0006_2094-142345-0034,s2,gated_deflation,0,False,0.0,0.0203913654889204,1.0,0.7338295933814919,margin
7176-88083-0000_4970-29095-0006_2094-142345-0034,s3,gated_deflation,0,True,0.0001409988918333999,0.5009114090485494,1.0,0.4884809434862932,accepted
7176-88083-0000_4970-29095-0006_2094-142345-0034,s1,coarse_to_fine,0,True,0.0,0.41657784637640705,1.0,0.35527012188416285,accepted
7176-88083-0000_4970-29095-0006_2094-142345-0034,s2,coarse_to_fine,0,False,0.0,-0.34466858591280203,1.0,0.36396833190391953,margin
7176-88083-0000_4970-29095-0006_2094-142345-0034,s3,coarse_to_fine,0,True,0.0001409988918333999,0.44388578918678745,1.0,0.3492812381475585,accepted
7176-88083-0000_4970-29095-0006_2094-142345-0034,s1,coarse_to_fine,1,True,0.0,0.6324952570121317,1.0,0.3862113235420922,accepted
7176-88083-0000_4970-29095-0006_2094-142345-0034,s2,coarse_to_fine,1,False,0.0,-0.5208630599436299,1.0,0.36396833190391953,margin
7176-88083-0000_4970-29095-0006_2094-142345-0034,s3,coarse_to_fine,1,True,0.0001409988918333999,0.6027324607885239,1.0,0.35512061755691243,accepted
6930-81414-0000_4507-16021-0059_6829-68771-0029,s1,gated_deflation,0,True,0.00016625423667479124,0.11191875784112504,0.9525959723096287,0.5595446984771516,accepted
6930-81414-0000_4507-16021-0059_6829-68771-0029,s2,gated_deflation,0,True,0.0,0.12621392418595406,1.0,0.7425045470485064,accepted
6930-81414-0000_4507-16021-0059_6829-68771-0029,s3,gated_deflation,0,True,0.0,0.17440773193993162,0.951589049716803,0.660739670255679,accepted
6930-81414-0000_4507-16021-0059_6829-68771-0029,s1,coarse_to_fine,0,False,0.00016625423667479124,-0.2709057125020866,0.9935966016362492,0.5477949929463207,margin
6930-81414-0000_4507-16021-0059_6829-68771-0029,s2,coarse_to_fine,0,False,0.0,-0.10141204844480728,1.0,0.3871286788039947,margin
6930-81414-0000_4507-16021-0059_6829-68771-0029,s3,coarse_to_fine,0,True,0.0,0.1970455446356017,0.9915355569540591,0.4561212880327872,accepted
6930-81414-0000_4507-16021-0059_6829-68771-0029,s1,coarse_to_fine,1,False,0.00016625423667479124,-0.5790089750025165,0.9935966016362492,0.5477949929463207,margin
6930-81414-0000_4507-16021-0059_6829-68771-0029,s2,coarse_to_fine,1,False,0.0,-0.3939033125216855,1.0,0.3871286788039947,margin
6930-81414-0000_4507-16021-0059_6829-68771-0029,s3,coarse_to_fine,1,True,0.0,0.5475858988867461,0.9906230333543109,0.4377407302473746,accepted
2300-131720-0040_260-123440-0017_672-122797-0022,s1,gated_deflation,0,False,0.0,-0.11395024605976783,1.0,0.8548069556928575,margin
2300-131720-0040_260-123440-0017_672-122797-0022,s2,gated_deflation,0,False,0.0,-0.03777917625217059,1.0,0.914641556664293,margin
2300-131720-0040_260-123440-0017_672-122797-0022,s3,gated_deflation,0,True,0.00014962575765205296,0.5923476106364302,1.0,0.5522307655160741,accepted
2300-131720-0040_260-123440-0017_672-122797-0022,s1,coarse_to_fine,0,False,0.0,-0.05927466569388423,1.0,0.4907108937726047,margin
2300-131720-0040_260-123440-0017_672-122797-0022,s2,coarse_to_fine,0,False,0.0,-0.13974166681274702,1.0,0.4847969025391592,margin
2300-131720-0040_260-123440-0017_672-122797-0022,s3,coarse_to_fine,0,False,0.00014962575765205296,0.08906591653827423,1.0,0.5428755975769706,margin
2300-131720-0040_260-123440-0017_672-122797-0022,s1,coarse_to_fine,1,False,0.0,-0.05927466569388423,1.0,0.4907108937726047,margin
2300-131720-0040_260-123440-0017_672-122797-0022,s2,coarse_to_fine,1,False,0.0,-0.13974166681274702,1.0,0.4847969025391592,margin
2300-131720-0040_260-123440-0017_672-122797-0022,s3,coarse_to_fine,1,False,0.00014962575765205296,0.08906591653827423,1.0,0.5428755975769706,margin
2830-3980-0052_8224-274381-0007_5683-32879-0022,s1,gated_deflation,0,True,0.0,0.21907106304491902,1.0,0.7230945859539845,accepted
2830-3980-0052_8224-274381-0007_5683-32879-0022,s2,gated_deflation,0,True,0.00015739309075669277,0.40449928498640336,1.0,0.4427201906676673,accepted
2830-3980-0052_8224-274381-0007_5683-32879-0022,s3,gated_deflation,0,True,0.0,0.1393039426497153,1.0,0.8067876665313313,accepted
2830-3980-0052_8224-274381-0007_5683-32879-0022,s1,coarse_to_fine,0,True,0.0,0.2128092780162929,1.0,0.33827899486724106,accepted
2830-3980-0052_8224-274381-0007_5683-32879-0022,s2,coarse_to_fine,0,False,0.00015739309075669277,-0.1657873495845419,1.0,0.3263575087594155,margin
2830-3980-0052_8224-274381-0007_5683-32879-0022,s3,coarse_to_fine,0,False,0.0,-0.04237450264903059,1.0,0.4696488610861469,margin
2830-3980-0052_8224-274381-0007_5683-32879-0022,s1,coarse_to_fine,1,True,0.0,0.4753233349563874,1.0,0.3290743511229416,accepted
2830-3980-0052_8224-274381-0007_5683-32879-0022,s2,coarse_to_fine,1,False,0.00015739309075669277,-0.43182704943013284,1.0,0.3263575087594155,margin
2830-3980-0052_8224-274381-0007_5683-32879-0022,s3,coarse_to_fine,1,False,0.0,-0.2407114706097917,1.0,0.4696488610861469,margin
6829-68771-0018_1580-141083-0038_1089-134691-0013,s1,gated_deflation,0,False,0.0,0.08249425926923865,1.0,0.7397216643400545,margin
6829-68771-0018_1580-141083-0038_1089-134691-0013,s2,gated_deflation,0,True,0.0,0.26231801429690993,1.0,0.8183542151431874,accepted
6829-68771-0018_1580-141083-0038_1089-134691-0013,s3,gated_deflation,0,True,0.00012790563356209072,0.6477493510516952,1.0,0.5546209678901934,accepted
6829-68771-0018_1580-141083-0038_1089-134691-0013,s1,coarse_to_fine,0,True,0.0,0.18538169044304287,1.0,0.4477523281014647,accepted
6829-68771-0018_1580-141083-0038_1089-134691-0013,s2,coarse_to_fine,0,False,0.0,-0.2093864184900348,1.0,0.5590335372025391,margin
6829-68771-0018_1580-141083-0038_1089-134691-0013,s3,coarse_to_fine,0,True,0.00012790563356209072,0.5633445081186745,1.0,0.5371521324314597,accepted
6829-68771-0018_1580-141083-0038_1089-134691-0013,s1,coarse_to_fine,1,True,0.0,0.4378644839326279,1.0,0.4315884951400789,accepted
6829-68771-0018_1580-141083-0038_1089-134691-0013,s2,coarse_to_fine,1,False,0.0,-0.46596963740457836,1.0,0.5590335372025391,margin
6829-68771-0018_1580-141083-0038_1089-134691-0013,s3,coarse_to_fine,1,True,0.00012790563356209072,0.6082930911751887,1.0,0.538528840959635,accepted
61-70968-0020_3575-170457-0011_1995-1826-0025,s1,gated_deflation,0,True,0.0,0.573534777390011,1.0,0.6829932563273732,accepted
61-70968-0020_3575-170457-0011_1995-1826-0025,s2,gated_deflation,0,True,0.00014686900983996534,0.40853222118745225,0.9794457978075518,0.5357851930248784,accepted
61-70968-0020_3575-170457-0011_1995-1826-0025,s3,gated_deflation,0,True,0.0,0.2055628467609304,1.0,0.8026883917703403,accepted
61-70968-0020_3575-170457-0011_1995-1826-0025,s1,coarse_to_fine,0,True,0.0,0.5306010376317253,1.0,0.4670131577016706,accepted
61-70968-0020_3575-170457-0011_1995-1826-0025,s2,coarse_to_fine,0,True,0.00014686900983996534,0.12351619335656211,1.0,0.39467215624300933,accepted
61-70968-0020_3575-170457-0011_1995-1826-0025,s3,coarse_to_fine,0,False,0.0,-0.17225985992237403,1.0,0.34407410719770765,margin
61-70968-0020_3575-170457-0011_1995-1826-0025,s1,coarse_to_fine,1,True,0.0,0.5652631428237671,1.0,0.4492565479973297,accepted
61-70968-0020_3575-170457-0011_1995-1826-0025,s2,coarse_to_fine,1,True,0.00014686900983996534,0.33313419178828074,0.9815468940316687,0.3947595549969812,accepted
61-70968-0020_3575-170457-0011_1995-1826-0025,s3,coarse_to_fine,1,False,0.0,-0.41115372261440136,1.0,0.34407410719770765,margin
1995-1826-0021_7021-79740-0011_6930-81414-0002,s1,gated_deflation,0,False,0.00018793074134459823,0.03936208871304081,0.9945517981749866,0.4075283646823859,margin
1995-1826-0021_7021-79740-0011_6930-81414-0002,s2,gated_deflation,0,True,0.0,0.2841219699021408,0.9925389157273216,0.5161665713498934,accepted
1995-1826-0021_7021-79740-0011_6930-81414-0002,s3,gated_deflation,0,True,0.0,0.18929475806098714,1.0,0.8708707593836255,accepted
1995-1826-0021_7021-79740-0011_6930-81414-0002,s1,coarse_to_fine,0,True,0.00018793074134459823,0.16083876471170322,0.99447128287708,0.2647765867941686,accepted
1995-1826-0021_7021-79740-0011_6930-81414-0002,s2,coarse_to_fine,0,True,0.0,0.2326623551787197,0.9925389157273216,0.36651154126670893,accepted
1995-1826-0021_7021-79740-0011_6930-81414-0002,s3,coarse_to_fine,0,False,0.0,-0.1364901830775887,1.0,0.4703706886889145,margin
1995-1826-0021_7021-79740-0011_6930-81414-0002,s1,coarse_to_fine,1,True,0.00018793074134459823,0.2812957410696567,1.0,0.26582064085193186,accepted
1995-1826-0021_7021-79740-0011_6930-81414-0002,s2,coarse_to_fine,1,True,0.0,0.32393735811207197,1.0,0.38720077342647796,accepted
1995-1826-0021_7021-79740-0011_6930-81414-0002,s3,coarse_to_fine,1,False,0.0,-0.2379519425790666,1.0,0.4703706886889145,margin
8555-284447-0013_5142-33396-0048_2830-3980-0056,s1,gated_deflation,0,True,0.0001833054027553717,0.4832034506128759,0.9968965517241379,0.4656199686020845,accepted
8555-284447-0013_5142-33396-0048_2830-3980-0056,s2,gated_deflation,0,False,0.0,0.030692915033742163,1.0,0.7776788815240936,margin
8555-284447-0013_5142-33396-0048_2830-3980-0056,s3,gated_deflation,0,True,0.0,0.4018319581068783,1.0,0.6756205932340164,accepted
8555-284447-0013_5142-33396-0048_2830-3980-0056,s1,coarse_to_fine,0,True,0.0001833054027553717,0.2786738420886783,1.0,0.32999639407560394,accepted
8555-284447-0013_5142-33396-0048_2830-3980-0056,s2,coarse_to_fine,0,False,0.0,-0.24019574595403984,1.0,0.3980231835327113,margin
8555-284447-0013_5142-33396-0048_2830-3980-0056,s3,coarse_to_fine,0,True,0.0,0.4156087725508548,1.0,0.3636349406774213,accepted
8555-284447-0013_5142-33396-0048_2830-3980-0056,s1,coarse_to_fine,1,True,0.0001833054027553717,0.5082641794225797,1.0,0.3359012875445916,accepted
8555-284447-0013_5142-33396-0048_2830-3980-0056,s2,coarse_to_fine,1,False,0.0,-0.46040254581139917,1.0,0.3980231835327113,margin
8555-284447-0013_5142-33396-0048_2830-3980-0056,s3,coarse_to_fine,1,True,0.0,0.4728183099895747,1.0,0.3571390133317531,accepted
4992-41797-0021_5142-33396-0064_5639-40744-0033,s1,gated_deflation,0,False,0.0,-0.036804441493655415,1.0,0.4766394137231535,margin
4992-41797-0021_5142-33396-0064_5639-40744-0033,s2,gated_deflation,0,True,0.0,0.3997369194040457,1.0,0.8540812243306867,accepted
4992-41797-0021_5142-33396-0064_5639-40744-0033,s3,gated_deflation,0,False,0.00022994433905322337,0.09114267650443048,1.0,0.517092051640994,margin
4992-41797-0021_5142-33396-0064_5639-40744-0033,s1,coarse_to_fine,0,False,0.0,-0.028769618036920797,1.0,0.30309334217493644,margin
4992-41797-0021_5142-33396-0064_5639-40744-0033,s2,coarse_to_fine,0,True,0.0,0.18522925859435047,1.0,0.5145217385711862,accepted
4992-41797-0021_5142-33396-0064_5639-40744-0033,s3,coarse_to_fine,0,False,0.00022994433905322337,0.010455103494472262,1.0,0.4156399469825664,margin
4992-41797-0021_5142-33396-0064_5639-40744-0033,s1,coarse_to_fine,1,False,0.0,-0.167786146624754,1.0,0.30309334217493644,margin
4992-41797-0021_5142-33396-0064_5639-40744-0033,s2,coarse_to_fine,1,True,0.0,0.5224701812608188,1.0,0.4683718690831044,accepted
4992-41797-0021_5142-33396-0064_5639-40744-0033,s3,coarse_to_fine,1,False,0.00022994433905322337,-0.1963493121948745,1.0,0.4156399469825664,margin
61-70968-0016_908-157963-0022_1089-134686-0007,s1,gated_deflation,0,True,0.0,0.24328851378680644,1.0,0.6699787757750351,accepted
61-70968-0016_908-157963-0022_1089-134686-0007,s2,gated_deflation,0,False,0.0,0.08301693980968733,0.9186641221374046,0.5310991735394099,margin
61-70968-0016_908-157963-0022_1089-134686-0007,s3,gated_deflation,0,True,0.0,0.10475067977650082,0.9194274809160305,0.5863964699468249,accepted
61-70968-0016_908-157963-0022_1089-134686-0007,s1,coarse_to_fine,0,False,0.0,0.022995837310949063,1.0,0.42215860836694247,margin
61-70968-0016_908-157963-0022_1089-134686-0007,s2,coarse_to_fine,0,False,0.0,0.021655692080101097,1.0,0.33530191073228705,margin
61-70968-0016_908-157963-0022_1089-134686-0007,s3,coarse_to_fine,0,False,0.0,-0.09401966612263923,1.0,0.38638587853526635,margin
61-70968-0016_908-157963-0022_1089-134686-0007,s1,coarse_to_fine,1,False,0.0,0.022995837310949063,1.0,0.42215860836694247,margin
61-70968-0016_908-157963-0022_1089-134686-0007,s2,coarse_to_fine,1,False,0.0,0.021655692080101097,1.0,0.33530191073228705,margin
61-70968-0016_908-157963-0022_1089-134686-0007,s3,coarse_to_fine,1,False,0.0,-0.09401966612263923,1.0,0.38638587853526635,margin
8230-279154-0018_1995-1836-0007_6930-76324-0006,s1,gated_deflation,0,True,0.00012776216852790483,0.5700644830396934,1.0,0.43054673843894326,accepted
8230-279154-0018_1995-1836-0007_6930-76324-0006,s2,gated_deflation,0,True,0.0,0.17174134337587035,1.0,0.8379253011272818,accepted
8230-279154-0018_1995-1836-0007_6930-76324-0006,s3,gated_deflation,0,True,0.0,0.26104306057542626,1.0,0.8447059397188025,accepted
8230-279154-0018_1995-1836-0007_6930-76324-0006,s1,coarse_to_fine,0,True,0.00012776216852790483,0.1778660659358388,1.0,0.4348972725991339,accepted
8230-279154-0018_1995-1836-0007_6930-76324-0006,s2,coarse_to_fine,0,False,0.0,-0.0034996065247847596,1.0,0.3871227077575541,margin
8230-279154-0018_1995-1836-0007_6930-76324-0006,s3,coarse_to_fine,0,True,0.0,0.3915439233814402,1.0,0.5255054052118334,accepted
8230-279154-0018_1995-1836-0007_6930-76324-0006,s1,coarse_to_fine,1,True,0.00012776216852790483,0.17966215396710028,1.0,0.4867579249878749,accepted
8230-279154-0018_1995-1836-0007_6930-76324-0006,s2,coarse_to_fine,1,False,0.0,-0.087396774110582,1.0,0.3871227077575541,margin
8230-279154-0018_1995-1836-0007_6930-76324-0006,s3,coarse_to_fine,1,True,0.0,0.3658637450838597,1.0,0.5329924886682768,accepted
5142-33396-0020_4992-41797-0015_7021-85628-0010,s1,gated_deflation,0,True,0.0,0.24779894744572284,1.0,0.824005313135263,accepted
5142-33396-0020_4992-41797-0015_7021-85628-0010,s2,gated_deflation,0,True,0.000353317698853903,0.28667663150156913,0.9514433357091946,0.4249065611071595,accepted
5142-33396-0020_4992-41797-0015_7021-85628-0010,s3,gated_deflation,0,False,0.0,0.06466883093555381,0.9807020669992872,0.5114025659033229,margin
5142-33396-0020_4992-41797-0015_7021-85628-0010,s1,coarse_to_fine,0,True,0.0,0.1159619775378049,1.0,0.45804469306619316,accepted
5142-33396-0020_4992-41797-0015_7021-85628-0010,s2,coarse_to_fine,0,True,0.000353317698853903,0.16891880417944433,0.9830185317177477,0.2914811665503681,accepted
5142-33396-0020_4992-41797-0015_7021-85628-0010,s3,coarse_to_fine,0,False,0.0,-0.011716731745585907,0.9846935138987883,0.3447027424022773,margin
5142-33396-0020_4992-41797-0015_7021-85628-0010,s1,coarse_to_fine,1,True,0.0,0.13571911976287,1.0,0.4113767154515478,accepted
5142-33396-0020_4992-41797-0015_7021-85628-0010,s2,coarse_to_fine,1,True,0.000353317698853903,0.30229486362284574,0.984479686386315,0.2857669455423514,accepted
5142-33396-0020_4992-41797-0015_7021-85628-0010,s3,coarse_to_fine,1,False,0.0,-0.14200792285138875,0.9846935138987883,0.3447027424022773,margin
5683-32866-0004_121-121726-0005_5142-33396-0003,s1,gated_deflation,0,True,0.00012194129196570902,0.6170566813902366,0.909665991902834,0.5210051257647285,accepted
5683-32866-0004_121-121726-0005_5142-33396-0003,s2,gated_deflation,0,False,0.0,0.0012297160026375487,0.988452380952381,0.8706605169902771,margin
5683-32866-0004_121-121726-0005_5142-33396-0003,s3,gated_deflation,0,False,0.0,0.09142526410310725,0.8925607287449393,0.8304743131361616,margin
5683-32866-0004_121-121726-0005_5142-33396-0003,s1,coarse_to_fine,0,True,0.00012194129196570902,0.2097142237931039,0.909665991902834,0.49616690041371864,accepted
5683-32866-0004_121-121726-0005_5142-33396-0003,s2,coarse_to_fine,0,False,0.0,-0.2451481523956732,1.0,0.4466965597650601,margin
5683-32866-0004_121-121726-0005_5142-33396-0003,s3,coarse_to_fine,0,False,0.0,-0.064468447424682,0.8925607287449393,0.4785209352007153,margin
5683-32866-0004_121-121726-0005_5142-33396-0003,s1,coarse_to_fine,1,True,0.00012194129196570902,0.551021364322758,0.8918522267206478,0.4697187289229057,accepted
5683-32866-0004_121-121726-0005_5142-33396-0003,s2,coarse_to_fine,1,False,0.0,-0.4919249255312157,1.0,0.4466965597650601,margin
5683-32866-0004_121-121726-0005_5142-33396-0003,s3,coarse_to_fine,1,False,0.0,-0.33930431791012344,0.8925607287449393,0.4785209352007153,margin
7176-88083-0020_4446-2271-0013_6829-68769-0032,s1,gated_deflation,0,True,0.0,0.5315213009829431,1.0,0.5641744720183913,accepted
7176-88083-0020_4446-2271-0013_6829-68769-0032,s2,gated_deflation,0,False,0.0,0.07723566631375467,1.0,0.6380460187762034,margin
7176-88083-0020_4446-2271-0013_6829-68769-0032,s3,gated_deflation,0,True,0.0,0.14952035493032345,1.0,0.5878637657226132,accepted
7176-88083-0020_4446-2271-0013_6829-68769-0032,s1,coarse_to_fine,0,True,0.0,0.4993543800977839,1.0,0.39917893902010315,accepted
7176-88083-0020_4446-2271-0013_6829-68769-0032,s2,coarse_to_fine,0,False,0.0,-0.07752842654745379,1.0,0.351245278673058,margin
7176-88083-0020_4446-2271-0013_6829-68769-0032,s3,coarse_to_fine,0,False,0.0,-0.263160096325069,1.0,0.4253264970789044,margin
7176-88083-0020_4446-2271-0013_6829-68769-0032,s1,coarse_to_fine,1,True,0.0,0.7452589374403942,1.0,0.41467595194196427,accepted
7176-88083-0020_4446-2271-0013_6829-68769-0032,s2,coarse_to_fine,1,False,0.0,-0.17064293850965156,1.0,0.351245278673058,margin
7176-88083-0020_4446-2271-0013_6829-68769-0032,s3,coarse_to_fine,1,False,0.0,-0.4263155732486013,1.0,0.4253264970789044,margin
6829-68769-0004_4077-13751-0008_4992-41797-0005,s1,gated_deflation,0,True,0.0,0.2581901627326247,1.0,0.6586792569357905,accepted
6829-68769-0004_4077-13751-0008_4992-41797-0005,s2,gated_deflation,0,True,0.00012604313163201998,0.6705600996383838,1.0,0.5245355033261987,accepted
6829-68769-0004_4077-13751-0008_4992-41797-0005,s3,gated_deflation,0,False,0.0,0.0888765264617036,1.0,0.7970699975629736,margin
6829-68769-0004_4077-13751-0008_4992-41797-0005,s1,coarse_to_fine,0,True,0.0,0.21406144905944186,1.0,0.3947898280259447,accepted
6829-68769-0004_4077-13751-0008_4992-41797-0005,s2,coarse_to_fine,0,True,0.00012604313163201998,0.5627748108705295,1.0,0.4889661546415066,accepted
6829-68769-0004_4077-13751-0008_4992-41797-0005,s3,coarse_to_fine,0,False,0.0,0.04381163336547281,1.0,0.36203196995650894,margin
6829-68769-0004_4077-13751-0008_4992-41797-0005,s1,coarse_to_fine,1,True,0.0,0.5351597865904816,1.0,0.3745052318929365,accepted
6829-68769-0004_4077-13751-0008_4992-41797-0005,s2,coarse_to_fine,1,True,0.00012604313163201998,0.6745161367030313,1.0,0.5283002285660496,accepted
6829-68769-0004_4077-13751-0008_4992-41797-0005,s3,coarse_to_fine,1,False,0.0,-0.08075594614202611,1.0,0.36203196995650894,margin
6930-81414-0027_7729-102255-0036_7127-75947-0015,s1,gated_deflation,0,True,0.0,0.29549968994680126,1.0,0.8329674928726295,accepted
6930-81414-0027_7729-102255-0036_7127-75947-0015,s2,gated_deflation,0,True,0.00012402457916743277,0.5558651835008791,0.9813212927756654,0.537464194691652,accepted
6930-81414-0027_7729-102255-0036_7127-75947-0015,s3,gated_deflation,0,False,0.0,-0.3113024484043496,0.9543726235741445,0.6548907962054628,margin
6930-81414-0027_7729-102255-0036_7127-75947-0015,s1,coarse_to_fine,0,True,0.0,0.23501318224175688,1.0,0.6075958659747966,accepted
6930-81414-0027_7729-102255-0036_7127-75947-0015,s2,coarse_to_fine,0,True,0.00012402457916743277,0.4137911716210798,0.9842205323193917,0.4039326037424248,accepted
6930-81414-0027_7729-102255-0036_7127-75947-0015,s3,coarse_to_fine,0,False,0.0,-0.33173272378341095,0.9844819391634981,0.48572096414788035,margin
6930-81414-0027_7729-102255-0036_7127-75947-0015,s1,coarse_to_fine,1,True,0.0,0.1350920913940326,1.0,0.5739668949017676,accepted
6930-81414-0027_7729-102255-0036_7127-75947-0015,s2,coarse_to_fine,1,True,0.00012402457916743277,0.5852157374817194,0.9837690114068441,0.41354735088823663,accepted
6930-81414-0027_7729-102255-0036_7127-75947-0015,s3,coarse_to_fine,1,False,0.0,-0.6095810272424538,0.9844819391634981,0.48572096414788035,margin
4992-23283-0008_8555-284447-0009_4077-13751-0013,s1,gated_deflation,0,True,0.0002718283264094368,0.3141891530450238,1.0,0.5547890648205497,accepted
4992-23283-0008_8555-284447-0009_4077-13751-0013,s2,gated_deflation,0,True,0.0,0.2711591772193931,1.0,0.6789858618387578,accepted
4992-23283-0008_8555-284447-0009_4077-13751-0013,s3,gated_deflation,0,True,0.0,0.10950823433234319,1.0,0.6537577624013188,accepted
4992-23283-0008_8555-284447-0009_4077-13751-0013,s1,coarse_to_fine,0,True,0.0002718283264094368,0.18889956692399562,1.0,0.32632038345680625,accepted
4992-23283-0008_8555-284447-0009_4077-13751-0013,s2,coarse_to_fine,0,False,0.0,-0.23126441073597,1.0,0.34025922962055233,margin
4992-23283-0008_8555-284447-0009_4077-13751-0013,s3,coarse_to_fine,0,False,0.0,-0.03029949456374398,1.0,0.4526230702799968,margin
4992-23283-0008_8555-284447-0009_4077-13751-0013,s1,coarse_to_fine,1,True,0.0002718283264094368,0.5561387054071554,1.0,0.3215499426482054,accepted
4992-23283-0008_8555-284447-0009_4077-13751-0013,s2,coarse_to_fine,1,False,0.0,-0.47661835618185067,1.0,0.34025922962055233,margin
4992-23283-0008_8555-284447-0009_4077-13751-0013,s3,coarse_to_fine,1,False,0.0,-0.2475535710983024,1.0,0.4526230702799968,margin
1188-133604-0005_4446-2275-0035_1580-141083-0026,s1,gated_deflation,0,True,0.00014412492409311686,0.6212913199371384,0.9975496688741722,0.5179788113886292,accepted
1188-133604-0005_4446-2275-0035_1580-141083-0026,s2,gated_deflation,0,True,0.0,0.18107738790724998,1.0,0.8055489838582006,accepted
1188-133604-0005_4446-2275-0035_1580-141083-0026,s3,gated_deflation,0,False,0.0,0.09899242544086906,0.9814569536423841,0.8026385265709561,margin
1188-133604-0005_4446-2275-0035_1580-141083-0026,s1,coarse_to_fine,0,True,0.00014412492409311686,0.4932349963488023,1.0,0.46675783081727684,accepted
1188-133604-0005_4446-2275-0035_1580-141083-0026,s2,coarse_to_fine,0,True,0.0,0.3842981611112951,1.0,0.5000031554236317,accepted
1188-133604-0005_4446-2275-0035_1580-141083-0026,s3,coarse_to_fine,0,False,0.0,-0.1999221528618893,1.0,0.5650277847997889,margin
1188-133604-0005_4446-2275-0035_1580-141083-0026,s1,coarse_to_fine,1,True,0.00014412492409311686,0.7713655353316092,1.0,0.5058407166921346,accepted
1188-133604-0005_4446-2275-0035_1580-141083-0026,s2,coarse_to_fine,1,True,0.0,0.5994613173925677,1.0,0.48395637208189257,accepted
1188-133604-0005_4446-2275-0035_1580-141083-0026,s3,coarse_to_fine,1,False,0.0,-0.3767939673147756,1.0,0.5650277847997889,margin
5639-40744-0026_4446-2271-0019_8230-279154-0022,s1,gated_deflation,0,True,0.00013373859970980945,0.38105742288743066,0.9999770220588236,0.4300549104744972,accepted
5639-40744-0026_4446-2271-0019_8230-279154-0022,s2,gated_deflation,0,False,0.0,-0.02944710176972576,1.0,0.8545736012658564,margin
5639-40744-0026_4446-2271-0019_8230-279154-0022,s3,gated_deflation,0,False,0.0,0.03181650115371709,0.9997702205882353,0.7487593860743397,margin
5639-40744-0026_4446-2271-0019_8230-279154-0022,s1,coarse_to_fine,0,False,0.00013373859970980945,0.06217884898777043,1.0,0.3418034642660532,margin
5639-40744-0026_4446-2271-0019_8230-279154-0022,s2,coarse_to_fine,0,False,0.0,-0.15261988335438126,1.0,0.3667295061954177,margin
5639-40744-0026_4446-2271-0019_8230-279154-0022,s3,coarse_to_fine,0,False,0.0,0.05110442766425183,1.0,0.3552400027521826,margin
5639-40744-0026_4446-2271-0019_8230-279154-0022,s1,coarse_to_fine,1,False,0.00013373859970980945,0.06217884898777043,1.0,0.3418034642660532,margin
5639-40744-0026_4446-2271-0019_8230-279154-0022,s2,coarse_to_fine,1,False,0.0,-0.15261988335438126,1.0,0.3667295061954177,margin
5639-40744-0026_4446-2271-0019_8230-279154-0022,s3,coarse_to_fine,1,False,0.0,0.05110442766425183,1.0,0.3552400027521826,margin
5683-32879-0017_7176-92135-0009_4077-13751-0014,s1,gated_deflation,0,True,0.00016004938254663776,0.3739980408892084,1.0,0.5972420728054272,accepted
5683-32879-0017_7176-92135-0009_4077-13751-0014,s2,gated_deflation,0,False,0.0,0.08494991727231954,1.0,0.8279225573485901,margin
5683-32879-0017_7176-92135-0009_4077-13751-0014,s3,gated_deflation,0,True,0.0,0.5685884354317463,1.0,0.5928966395491807,accepted
5683-32879-0017_7176-92135-0009_4077-13751-0014,s1,coarse_to_fine,0,True,0.00016004938254663776,0.3620778493928763,1.0,0.5273470088683055,accepted
5683-32879-0017_7176-92135-0009_4077-13751-0014,s2,coarse_to_fine,0,False,0.0,-0.2848325232200862,1.0,0.3544977103226288,margin
5683-32879-0017_7176-92135-0009_4077-13751-0014,s3,coarse_to_fine,0,True,0.0,0.5958886140230211,1.0,0.47357582804863396,accepted
5683-32879-0017_7176-92135-0009_4077-13751-0014,s1,coarse_to_fine,1,True,0.00016004938254663776,0.6061352650545393,1.0,0.5216484495676854,accepted
5683-32879-0017_7176-92135-0009_4077-13751-0014,s2,coarse_to_fine,1,False,0.0,-0.4546966918705379,1.0,0.3544977103226288,margin
5683-32879-0017_7176-92135-0009_4077-13751-0014,s3,coarse_to_fine,1,True,0.0,0.6746584512455036,1.0,0.493063496385983,accepted
237-134500-0014_4077-13754-0006_8455-210777-0034,s1,gated_deflation,0,False,0.0,-0.14785286938974201,1.0,0.8570314473483164,margin
237-134500-0014_4077-13754-0006_8455-210777-0034,s2,gated_deflation,0,True,9.112494853203168e-05,0.5568421621423969,0.9439179104477612,0.5494386800337477,accepted
237-134500-0014_4077-13754-0006_8455-210777-0034,s3,gated_deflation,0,False,0.0,-0.13178330974168784,1.0,0.7179613756777623,margin
237-134500-0014_4077-13754-0006_8455-210777-0034,s1,coarse_to_fine,0,False,0.0,-0.20492530522526592,1.0,0.5187456115314378,margin
237-134500-0014_4077-13754-0006_8455-210777-0034,s2,coarse_to_fine,0,True,9.112494853203168e-05,0.16478758088853845,0.9439179104477612,0.46479109498950316,accepted
237-134500-0014_4077-13754-0006_8455-210777-0034,s3,coarse_to_fine,0,False,0.0,-0.1732214860028249,1.0,0.4759083724633411,margin
237-134500-0014_4077-13754-0006_8455-210777-0034,s1,coarse_to_fine,1,False,0.0,-0.2843794874139682,1.0,0.5187456115314378,margin
237-134500-0014_4077-13754-0006_8455-210777-0034,s2,coarse_to_fine,1,True,9.112494853203168e-05,0.4359627193597681,0.944160447761194,0.4837178410827337,accepted
237-134500-0014_4077-13754-0006_8455-210777-0034,s3,coarse_to_fine,1,False,0.0,-0.3869115893553087,1.0,0.4759083724633411,margin
6930-75918-0005_908-31957-0024_7127-75946-0029,s1,gated_deflation,0,True,0.00014118461281207705,0.5116502696408567,1.0,0.5970342572693572,accepted
6930-75918-0005_908-31957-0024_7127-75946-0029,s2,gated_deflation,0,False,0.0,0.08960798277141119,1.0,0.7348056847854388,margin
6930-75918-0005_908-31957-0024_7127-75946-0029,s3,gated_deflation,0,True,0.0,0.40071137503140974,1.0,0.6721525699704162,accepted
6930-75918-0005_908-31957-0024_7127-75946-0029,s1,coarse_to_fine,0,True,0.00014118461281207705,0.25321301276241986,1.0,0.5697175811335257,accepted
6930-75918-0005_908-31957-0024_7127-75946-0029,s2,coarse_to_fine,0,False,0.0,-0.1263232190798256,1.0,0.499454594791361,margin
6930-75918-0005_908-31957-0024_7127-75946-0029,s3,coarse_to_fine,0,True,0.0,0.3557456785733004,1.0,0.4741705330633102,accepted
6930-75918-0005_908-31957-0024_7127-75946-0029,s1,coarse_to_fine,1,False,0.00014118461281207705,0.02421413632350733,1.0,0.5424075515945498,margin
6930-75918-0005_908-31957-0024_7127-75946-0029,s2,coarse_to_fine,1,False,0.0,-0.32474177055009057,1.0,0.499454594791361,margin
6930-75918-0005_908-31957-0024_7127-75946-0029,s3,coarse_to_fine,1,True,0.0,0.37965121464401586,1.0,0.48396040103066307,accepted
2961-961-0006_260-123286-0031_4077-13754-0013,s1,gated_deflation,0,False,0.0,-0.3300379092806332,1.0,0.8537200105593882,margin
2961-961-0006_260-123286-0031_4077-13754-0013,s2,gated_deflation,0,False,0.0,-0.08574734322950872,1.0,0.8175148541957813,margin
2961-961-0006_260-123286-0031_4077-13754-0013,s3,gated_deflation,0,True,0.00013846755718416152,0.5395315947317059,1.0,0.556373504941099,accepted
2961-961-0006_260-123286-0031_4077-13754-0013,s1,coarse_to_fine,0,False,0.0,-0.5913443036200973,1.0,0.5637999421787783,margin
2961-961-0006_260-123286-0031_4077-13754-0013,s2,coarse_to_fine,0,False,0.0,-0.2315964026600833,1.0,0.4043352882640798,margin
2961-961-0006_260-123286-0031_4077-13754-0013,s3,coarse_to_fine,0,True,0.00013846755718416152,0.31241114145600746,1.0,0.4535174034597473,accepted
2961-961-0006_260-123286-0031_4077-13754-0013,s1,coarse_to_fine,1,False,0.0,-0.6799266481610553,1.0,0.5637999421787783,margin
2961-961-0006_260-123286-0031_4077-13754-0013,s2,coarse_to_fine,1,False,0.0,-0.43560362072553915,1.0,0.4043352882640798,margin
2961-961-0006_260-123286-0031_4077-13754-0013,s3,coarse_to_fine,1,True,0.00013846755718416152,0.533174435826145,1.0,0.460197477549565,accepted
5683-32866-0017_4992-23283-0011_6829-68771-0013,s1,gated_deflation,0,False,0.0,0.0793266111908087,0.9718967921896792,0.673381219230924,margin
5683-32866-0017_4992-23283-0011_6829-68771-0013,s2,gated_deflation,0,False,0.0,-0.023053438667232418,1.0,0.6834182828342477,margin
5683-32866-0017_4992-23283-0011_6829-68771-0013,s3,gated_deflation,0,True,0.00012056535627566127,0.5365715712624164,0.9521617852161786,0.5451609442089694,accepted
5683-32866-0017_4992-23283-0011_6829-68771-0013,s1,coarse_to_fine,0,False,0.0,-0.5993175016410993,0.9811018131101813,0.34609157506112104,margin
5683-32866-0017_4992-23283-0011_6829-68771-0013,s2,coarse_to_fine,0,False,0.0,-0.44905729680669587,1.0,0.3083595322204298,margin
5683-32866-0017_4992-23283-0011_6829-68771-0013,s3,coarse_to_fine,0,True,0.00012056535627566127,0.4349327529023848,0.9521617852161786,0.34785507816218947,accepted
5683-32866-0017_4992-23283-0011_6829-68771-0013,s1,coarse_to_fine,1,False,0.0,-0.7852482862265872,0.9811018131101813,0.34609157506112104,margin
5683-32866-0017_4992-23283-0011_6829-68771-0013,s2,coarse_to_fine,1,False,0.0,-0.6499906069953447,1.0,0.3083595322204298,margin
5683-32866-0017_4992-23283-0011_6829-68771-0013,s3,coarse_to_fine,1,True,0.00012056535627566127,0.6770943176020202,0.9523012552301255,0.35699628505522774,accepted
1188-133604-0034_2830-3980-0019_260-123286-0013,s1,gated_deflation,0,True,0.00011597765694985517,0.372190702576063,1.0,0.3684879478860376,accepted
1188-133604-0034_2830-3980-0019_260-123286-0013,s2,gated_deflation,0,False,0.0,-0.05034665606354327,1.0,0.8086664354904872,margin
1188-133604-0034_2830-3980-0019_260-123286-0013,s3,gated_deflation,0,False,0.0,-0.20278743554156592,1.0,0.8537798161556555,margin
1188-133604-0034_2830-3980-0019_260-123286-0013,s1,coarse_to_fine,0,True,0.00011597765694985517,0.2557381068856469,1.0,0.3446672585347306,accepted
1188-133604-0034_2830-3980-0019_260-123286-0013,s2,coarse_to_fine,0,False,0.0,-0.1204104555767595,1.0,0.4061770882140784,margin
1188-133604-0034_2830-3980-0019_260-123286-0013,s3,coarse_to_fine,0,False,0.0,-0.33517492146096955,1.0,0.2561063133117872,margin
1188-133604-0034_2830-3980-0019_260-123286-0013,s1,coarse_to_fine,1,True,0.00011597765694985517,0.42467899329286474,1.0,0.3406870683740091,accepted
1188-133604-0034_2830-3980-0019_260-123286-0013,s2,coarse_to_fine,1,False,0.0,-0.27629160616490817,1.0,0.4061770882140784,margin
1188-133604-0034_2830-3980-0019_260-123286-0013,s3,coarse_to_fine,1,False,0.0,-0.46803465012377826,1.0,0.2561063133117872,margin
1284-1181-0014_7729-102255-0011_908-31957-0003,s1,gated_deflation,0,False,0.0,-0.21210076097583785,0.9841943641618497,0.7942270787925731,margin
1284-1181-0014_7729-102255-0011_908-31957-0003,s2,gated_deflation,0,True,9.45424610252196e-05,0.4905741759910968,0.9630057803468208,0.3643284620626261,accepted
1284-1181-0014_7729-102255-0011_908-31957-0003,s3,gated_deflation,0,False,0.0,-0.029101582432265516,0.9962488769092542,0.7980128590475392,margin
1284-1181-0014_7729-102255-0011_908-31957-0003,s1,coarse_to_fine,0,False,0.0,-0.18676474926202302,0.9841943641618497,0.4183154204650001,margin
1284-1181-0014_7729-102255-0011_908-31957-0003,s2,coarse_to_fine,0,True,9.45424610252196e-05,0.1707764425058571,0.9560874277456647,0.30403382991182093,accepted
1284-1181-0014_7729-102255-0011_908-31957-0003,s3,coarse_to_fine,0,False,0.0,-0.027867726190543896,1.0,0.3095975255511671,margin
1284-1181-0014_7729-102255-0011_908-31957-0003,s1,coarse_to_fine,1,False,0.0,-0.3084281665136631,0.9841943641618497,0.4183154204650001,margin
1284-1181-0014_7729-102255-0011_908-31957-0003,s2,coarse_to_fine,1,True,9.45424610252196e-05,0.44804730681292765,0.9388547687861272,0.3146810299821563,accepted
1284-1181-0014_7729-102255-0011_908-31957-0003,s3,coarse_to_fine,1,False,0.0,-0.25454500006413106,1.0,0.3095975255511671,margin
1188-133604-0013_1320-122612-0009_3570-5695-0000,s1,gated_deflation,0,True,0.0,0.2949327888332701,1.0,0.6698137323559861,accepted
1188-133604-0013_1320-122612-0009_3570-5695-0000,s2,gated_deflation,0,True,0.0,0.16890756403036322,0.9766059027777778,0.6261949330195038,accepted
1188-133604-0013_1320-122612-0009_3570-5695-0000,s3,gated_deflation,0,True,0.00012343799205009914,0.31196515207547365,1.0,0.5739615253705509,accepted
1188-133604-0013_1320-122612-0009_3570-5695-0000,s1,coarse_to_fine,0,False,0.0,0.09507214245814116,1.0,0.24881662726676007,margin
1188-133604-0013_1320-122612-0009_3570-5695-0000,s2,coarse_to_fine,0,True,0.0,0.10830810699870752,1.0,0.41978593261676306,accepted
1188-133604-0013_1320-122612-0009_3570-5695-0000,s3,coarse_to_fine,0,False,0.00012343799205009914,0.05541544039850371,1.0,0.33782437636457313,margin
1188-133604-0013_1320-122612-0009_3570-5695-0000,s1,coarse_to_fine,1,False,0.0,-0.23646106581426407,1.0,0.24881662726676007,margin
1188-133604-0013_1320-122612-0009_3570-5695-0000,s2,coarse_to_fine,1,True,0.0,0.4568260641715247,1.0,0.38561582288203816,accepted
1188-133604-0013_1320-122612-0009_3570-5695-0000,s3,coarse_to_fine,1,False,0.00012343799205009914,0.01632543871779024,1.0,0.33782437636457313,margin
4077-13754-0011_5639-40744-0015_3575-170457-0033,s1,gated_deflation,0,True,0.00013261762459420139,0.3973485902641458,1.0,0.603376088827154,accepted
4077-13754-0011_5639-40744-0015_3575-170457-0033,s2,gated_deflation,0,False,0.0,0.08040420484710148,1.0,0.6278040658238279,margin
4077-13754-0011_5639-40744-0015_3575-170457-0033,s3,gated_deflation,0,False,0.0,-0.0991393764012565,1.0,0.6985971374359562,margin
4077-13754-0011_5639-40744-0015_3575-170457-0033,s1,coarse_to_fine,0,True,0.00013261762459420139,0.1067246270320798,1.0,0.5527997098647465,accepted
4077-13754-0011_5639-40744-0015_3575-170457-0033,s2,coarse_to_fine,0,False,0.0,-0.03119202352363365,1.0,0.4485202808151069,margin
4077-13754-0011_5639-40744-0015_3575-170457-0033,s3,coarse_to_fine,0,False,0.0,-0.01033223006289613,1.0,0.4283129514923673,margin
4077-13754-0011_5639-40744-0015_3575-170457-0033,s1,coarse_to_fine,1,True,0.00013261762459420139,0.3278027866554602,1.0,0.546648054268711,accepted
4077-13754-0011_5639-40744-0015_3575-170457-0033,s2,coarse_to_fine,1,False,0.0,-0.2686741618776039,1.0,0.4485202808151069,margin
4077-13754-0011_5639-40744-0015_3575-170457-0033,s3,coarse_to_fine,1,False,0.0,-0.05492874742330425,1.0,0.4283129514923673,margin
7176-88083-0024_6930-76324-0003_2300-131720-0022,s1,gated_deflation,0,True,0.0,0.3709264729304698,0.9916782487838777,0.6625400105968745,accepted
7176-88083-0024_6930-76324-0003_2300-131720-0022,s2,gated_deflation,0,False,0.0,0.06722507408618467,1.0,0.8938443212117444,margin
7176-88083-0024_6930-76324-0003_2300-131720-0022,s3,gated_deflation,0,True,0.00011988085848901219,0.4866122809132629,0.9926685198054205,0.3966597018728576,accepted
7176-88083-0024_6930-76324-0003_2300-131720-0022,s1,coarse_to_fine,0,True,0.0,0.32145646886331963,0.9916782487838777,0.35694436026715254,accepted
7176-88083-0024_6930-76324-0003_2300-131720-0022,s2,coarse_to_fine,0,False,0.0,-0.1687858371430038,1.0,0.5541748872637946,margin
7176-88083-0024_6930-76324-0003_2300-131720-0022,s3,coarse_to_fine,0,False,0.00011988085848901219,-0.12312565774468576,1.0,0.2985950455420923,margin
7176-88083-0024_6930-76324-0003_2300-131720-0022,s1,coarse_to_fine,1,True,0.0,0.5464811583864599,0.990687977762335,0.3589887385861538,accepted
7176-88083-0024_6930-76324-0003_2300-131720-0022,s2,coarse_to_fine,1,False,0.0,-0.2677017127897239,1.0,0.5541748872637946,margin
7176-88083-0024_6930-76324-0003_2300-131720-0022,s3,coarse_to_fine,1,False,0.00011988085848901219,-0.2703540085788695,1.0,0.2985950455420923,margin
8463-294825-0013_1284-1180-0020_672-122797-0000,s1,gated_deflation,0,True,0.00012283107055820812,0.6031822883953945,1.0,0.5873635707357253,accepted
8463-294825-0013_1284-1180-0020_672-122797-0000,s2,gated_deflation,0,True,0.0,0.2484986619202782,1.0,0.8292382504522638,accepted
8463-294825-0013_1284-1180-0020_672-122797-0000,s3,gated_deflation,0,False,0.0,-0.11856461822272063,1.0,0.9050826046077035,margin
8463-294825-0013_1284-1180-0020_672-122797-0000,s1,coarse_to_fine,0,True,0.00012283107055820812,0.3297811956192068,1.0,0.5965089437970486,accepted
8463-294825-0013_1284-1180-0020_672-122797-0000,s2,coarse_to_fine,0,True,0.0,0.13453120905870258,1.0,0.4620803297421808,accepted
8463-294825-0013_1284-1180-0020_672-122797-0000,s3,coarse_to_fine,0,False,0.0,-0.17683916064484478,1.0,0.5656250896196654,margin
8463-294825-0013_1284-1180-0020_672-122797-0000,s1,coarse_to_fine,1,True,0.00012283107055820812,0.3960528126658943,1.0,0.602398577931441,accepted
8463-294825-0013_1284-1180-0020_672-122797-0000,s2,coarse_to_fine,1,True,0.0,0.10604344105077579,1.0,0.4496803063939253,accepted
8463-294825-0013_1284-1180-0020_672-122797-0000,s3,coarse_to_fine,1,False,0.0,-0.35238963569901705,1.0,0.5656250896196654,margin
1320-122617-0000_237-134500-0026_1580-141084-0026,s1,gated_deflation,0,True,0.00024409616474445122,0.38651485960672993,1.0,0.5717367843331477,accepted
1320-122617-0000_237-134500-0026_1580-141084-0026,s2,gated_deflation,0,True,0.0,0.30176979965071843,1.0,0.8367211323253034,accepted
1320-122617-0000_237-134500-0026_1580-141084-0026,s3,gated_deflation,0,False,0.0,0.06893210646543635,0.9363427856547123,0.619099348374407,margin
1320-122617-0000_237-134500-0026_1580-141084-0026,s1,coarse_to_fine,0,True,0.00024409616474445122,0.44445606248734837,1.0,0.39362211832482763,accepted
1320-122617-0000_237-134500-0026_1580-141084-0026,s2,coarse_to_fine,0,False,0.0,-0.10456062477573844,1.0,0.5121581062381454,margin
1320-122617-0000_237-134500-0026_1580-141084-0026,s3,coarse_to_fine,0,True,0.0,0.18189010509273146,1.0,0.4984331796542767,accepted
1320-122617-0000_237-134500-0026_1580-141084-0026,s1,coarse_to_fine,1,True,0.00024409616474445122,0.6496895095734434,1.0,0.4122591730681914,accepted
1320-122617-0000_237-134500-0026_1580-141084-0026,s2,coarse_to_fine,1,False,0.0,-0.2099034094593438,1.0,0.5121581062381454,margin
1320-122617-0000_237-134500-0026_1580-141084-0026,s3,coarse_to_fine,1,True,0.0,0.3990847125052049,1.0,0.4982411890600598,accepted
1580-141084-0031_1089-134691-0017_3575-170457-0017,s1,gated_deflation,0,False,0.0,0.08417553699847774,1.0,0.7721907148533493,margin
1580-141084-0031_1089-134691-0017_3575-170457-0017,s2,gated_deflation,0,True,0.0,0.2677990629235731,0.9772089761570828,0.5612666060499021,accepted
1580-141084-0031_1089-134691-0017_3575-170457-0017,s3,gated_deflation,0,True,0.0001817610739505049,0.4481600192509868,1.0,0.5470623910419056,accepted
1580-141084-0031_1089-134691-0017_3575-170457-0017,s1,coarse_to_fine,0,False,0.0,-0.07598107418272926,1.0,0.4804038537940835,margin
1580-141084-0031_1089-134691-0017_3575-170457-0017,s2,coarse_to_fine,0,True,0.0,0.22767483375936812,0.9772089761570828,0.4615939476242131,accepted
1580-141084-0031_1089-134691-0017_3575-170457-0017,s3,coarse_to_fine,0,True,0.0001817610739505049,0.340147028367737,0.9778868630201029,0.41408506411218626,accepted
1580-141084-0031_1089-134691-0017_3575-170457-0017,s1,coarse_to_fine,1,False,0.0,-0.303327197266963,1.0,0.4804038537940835,margin
1580-141084-0031_1089-134691-0017_3575-170457-0017,s2,coarse_to_fine,1,True,0.0,0.5063196599224202,0.9771739130434782,0.49305054494005424,accepted
1580-141084-0031_1089-134691-0017_3575-170457-0017,s3,coarse_to_fine,1,True,0.0001817610739505049,0.6007840923532872,0.9782491818606825,0.4303673593234997,accepted
4992-41797-0010_2300-131720-0005_6829-68771-0014,s1,gated_deflation,0,False,0.0,0.09273885227967366,0.9500214776632302,0.4584624586841487,margin
4992-41797-0010_2300-131720-0005_6829-68771-0014,s2,gated_deflation,0,True,0.0,0.11902029543317383,0.9495489690721649,0.4988063828867261,accepted
4992-41797-0010_2300-131720-0005_6829-68771-0014,s3,gated_deflation,0,False,0.0,0.0767722007885211,1.0,0.6973041633333547,margin
4992-41797-0010_2300-131720-0005_6829-68771-0014,s1,coarse_to_fine,0,True,0.0,0.1167355587720808,0.9500214776632302,0.29375714178335244,accepted
4992-41797-0010_2300-131720-0005_6829-68771-0014,s2,coarse_to_fine,0,False,0.0,-0.007444632956924879,0.9495489690721649,0.34956881895547853,margin
4992-41797-0010_2300-131720-0005_6829-68771-0014,s3,coarse_to_fine,0,False,0.0,0.08750259223326606,1.0,0.35898392226344533,margin
4992-41797-0010_2300-131720-0005_6829-68771-0014,s1,coarse_to_fine,1,True,0.0,0.38815182563551454,0.9499785223367697,0.31520833840151125,accepted
4992-41797-0010_2300-131720-0005_6829-68771-0014,s2,coarse_to_fine,1,False,0.0,-0.10924559208951812,0.9495489690721649,0.34956881895547853,margin
4992-41797-0010_2300-131720-0005_6829-68771-0014,s3,coarse_to_fine,1,False,0.0,-0.14570769893962177,1.0,0.35898392226344533,margin
8455-210777-0035_7729-102255-0037_5142-33396-0036,s1,gated_deflation,0,False,0.0,-0.13502686436036965,1.0,0.7622427802979951,margin
8455-210777-0035_7729-102255-0037_5142-33396-0036,s2,gated_deflation,0,True,8.832424491901008e-05,0.737940407571438,0.9627819548872181,0.44365397020625114,accepted
8455-210777-0035_7729-102255-0037_5142-33396-0036,s3,gated_deflation,0,True,0.0,0.3045303247739844,1.0,0.8201483316935734,accepted
8455-210777-0035_7729-102255-0037_5142-33396-0036,s1,coarse_to_fine,0,False,0.0,-0.39600557955657534,1.0,0.38964574889447295,margin
8455-210777-0035_7729-102255-0037_5142-33396-0036,s2,coarse_to_fine,0,True,8.832424491901008e-05,0.4475285666138597,1.0,0.3051457246935816,accepted
8455-210777-0035_7729-102255-0037_5142-33396-0036,s3,coarse_to_fine,0,True,0.0,0.2859789657754894,1.0,0.4870252541928082,accepted
8455-210777-0035_7729-102255-0037_5142-33396-0036,s1,coarse_to_fine,1,False,0.0,-0.6720605597054511,1.0,0.38964574889447295,margin
8455-210777-0035_7729-102255-0037_5142-33396-0036,s2,coarse_to_fine,1,True,8.832424491901008e-05,0.672401118292283,1.0,0.35429391693829954,accepted
8455-210777-0035_7729-102255-0037_5142-33396-0036,s3,coarse_to_fine,1,True,0.0,0.5953113534553183,1.0,0.4895808012204688,accepted
237-126133-0005_2830-3980-0004_1089-134686-0000,s1,gated_deflation,0,True,0.0,0.30394117504348045,0.997005444646098,0.7275449402336509,accepted
237-126133-0005_2830-3980-0004_1089-134686-0000,s2,gated_deflation,0,True,0.0,0.11681325419785787,1.0,0.8208730535200163,accepted
237-126133-0005_2830-3980-0004_1089-134686-0000,s3,gated_deflation,0,True,0.00013378365645413178,0.4279499822490493,0.9745689655172414,0.5832508224159186,accepted
237-126133-0005_2830-3980-0004_1089-134686-0000,s1,coarse_to_fine,0,True,0.0,0.1842542604440044,1.0,0.5056875958190525,accepted
237-126133-0005_2830-3980-0004_1089-134686-0000,s2,coarse_to_fine,0,False,0.0,-0.25135063383226575,1.0,0.3911805045635522,margin
237-126133-0005_2830-3980-0004_1089-134686-0000,s3,coarse_to_fine,0,True,0.00013378365645413178,0.415634039740615,1.0,0.4723695892462076,accepted
237-126133-0005_2830-3980-0004_1089-134686-0000,s1,coarse_to_fine,1,True,0.0,0.452145271812894,1.0,0.5023406359887008,accepted
237-126133-0005_2830-3980-0004_1089-134686-0000,s2,coarse_to_fine,1,False,0.0,-0.4570690205126191,1.0,0.3911805045635522,margin
237-126133-0005_2830-3980-0004_1089-134686-0000,s3,coarse_to_fine,1,True,0.00013378365645413178,0.5918945946766478,1.0,0.4916975858727441,accepted
4077-13754-0005_8455-210777-0050_6829-68769-0018,s1,gated_deflation,0,True,7.862211890048095e-05,0.6428858443150998,1.0,0.5677553457864257,accepted
4077-13754-0005_8455-210777-0050_6829-68769-0018,s2,gated_deflation,0,False,0.0,0.017356093882210044,1.0,0.8758316711012933,margin
4077-13754-0005_8455-210777-0050_6829-68769-0018,s3,gated_deflation,0,False,0.0,-0.010294599481389222,1.0,0.8173536039762282,margin
4077-13754-0005_8455-210777-0050_6829-68769-0018,s1,coarse_to_fine,0,True,7.862211890048095e-05,0.4814235235536785,1.0,0.5392952158437287,accepted
4077-13754-0005_8455-210777-0050_6829-68769-0018,s2,coarse_to_fine,0,False,0.0,0.04498728597938251,1.0,0.38739224359916763,margin
4077-13754-0005_8455-210777-0050_6829-68769-0018,s3,coarse_to_fine,0,True,0.0,0.1377306626988971,1.0,0.4869465998409447,accepted
4077-13754-0005_8455-210777-0050_6829-68769-0018,s1,coarse_to_fine,1,True,7.862211890048095e-05,0.5917762244954583,1.0,0.5979719353767035,accepted
4077-13754-0005_8455-210777-0050_6829-68769-0018,s2,coarse_to_fine,1,False,0.0,-0.05038175269687345,1.0,0.38739224359916763,margin
4077-13754-0005_8455-210777-0050_6829-68769-0018,s3,coarse_to_fine,1,True,0.0,0.30115865641323586,1.0,0.45017998874947823,accepted
2094-142345-0056_7729-102255-0045_7176-92135-0040,s1,gated_deflation,0,False,0.0,-0.161084073724039,1.0,0.8020261223089132,margin
2094-142345-0056_7729-102255-0045_7176-92135-0040,s2,gated_deflation,0,False,0.0,0.008543085423236452,1.0,0.6359347661771829,margin
2094-142345-0056_7729-102255-0045_7176-92135-0040,s3,gated_deflation,0,True,9.297950776669787e-05,0.43159679585852306,1.0,0.4363844694246584,accepted
2094-142345-0056_7729-102255-0045_7176-92135-0040,s1,coarse_to_fine,0,False,0.0,-0.3277962971270787,1.0,0.38695337449326883,margin
2094-142345-0056_7729-102255-0045_7176-92135-0040,s2,coarse_to_fine,0,False,0.0,-0.12343146218610002,1.0,0.345874584544119,margin
2094-142345-0056_7729-102255-0045_7176-92135-0040,s3,coarse_to_fine,0,True,9.297950776669787e-05,0.29293440045594216,1.0,0.3147742261493479,accepted
2094-142345-0056_7729-102255-0045_7176-92135-0040,s1,coarse_to_fine,1,False,0.0,-0.38172721562771733,1.0,0.38695337449326883,margin
2094-142345-0056_7729-102255-0045_7176-92135-0040,s2,coarse_to_fine,1,False,0.0,-0.38147197431597113,1.0,0.345874584544119,margin
2094-142345-0056_7729-102255-0045_7176-92135-0040,s3,coarse_to_fine,1,True,9.297950776669787e-05,0.5131482587182576,1.0,0.3249390365817063,accepted
3575-170457-0006_1995-1836-0000_3570-5695-0013,s1,gated_deflation,0,True,0.0,0.30618748810653035,1.0,0.548566215589057,accepted
3575-170457-0006_1995-1836-0000_3570-5695-0013,s2,gated_deflation,0,True,0.0003112034361162575,0.11753872328295761,0.9574315068493151,0.4269304607808531,accepted
3575-170457-0006_1995-1836-0000_3570-5695-0013,s3,gated_deflation,0,True,0.0,0.26727243665595013,1.0,0.7141240797565288,accepted
3575-170457-0006_1995-1836-0000_3570-5695-0013,s1,coarse_to_fine,0,True,0.0,0.16572885621153324,1.0,0.3974405857415651,accepted
3575-170457-0006_1995-1836-0000_3570-5695-0013,s2,coarse_to_fine,0,True,0.0003112034361162575,0.1001899912225187,0.9790068493150685,0.22802501056421645,accepted
3575-170457-0006_1995-1836-0000_3570-5695-0013,s3,coarse_to_fine,0,False,0.0,0.015749802682340774,1.0,0.24861066293043937,margin
3575-170457-0006_1995-1836-0000_3570-5695-0013,s1,coarse_to_fine,1,True,0.0,0.20786137257498866,1.0,0.35730479946235555,accepted
3575-170457-0006_1995-1836-0000_3570-5695-0013,s2,coarse_to_fine,1,True,0.0003112034361162575,0.2606971412335478,0.9899486301369863,0.21842696532044492,accepted
3575-170457-0006_1995-1836-0000_3570-5695-0013,s3,coarse_to_fine,1,False,0.0,-0.23361627354286751,1.0,0.24861066293043937,margin
2961-961-0007_237-134493-0013_2830-3980-0011,s1,gated_deflation,0,True,0.00018987375355668007,0.4217071079439083,1.0,0.5377356791991271,accepted
2961-961-0007_237-134493-0013_2830-3980-0011,s2,gated_deflation,0,False,0.0,0.012598542323067063,1.0,0.7699081854651104,margin
2961-961-0007_237-134493-0013_2830-3980-0011,s3,gated_deflation,0,True,0.0,0.2247962987298583,1.0,0.7012522634764258,accepted
2961-961-0007_237-134493-0013_2830-3980-0011,s1,coarse_to_fine,0,True,0.00018987375355668007,0.18962260910596057,1.0,0.3743315886466424,accepted
2961-961-0007_237-134493-0013_2830-3980-0011,s2,coarse_to_fine,0,False,0.0,-0.0810827437644126,1.0,0.40853420114745015,margin
2961-961-0007_237-134493-0013_2830-3980-0011,s3,coarse_to_fine,0,False,0.0,0.05081562487108432,1.0,0.4586083909172802,margin
2961-961-0007_237-134493-0013_2830-3980-0011,s1,coarse_to_fine,1,True,0.00018987375355668007,0.5515622163504742,1.0,0.38886874181198666,accepted
2961-961-0007_237-134493-0013_2830-3980-0011,s2,coarse_to_fine,1,False,0.0,-0.25050949386412363,1.0,0.40853420114745015,margin
2961-961-0007_237-134493-0013_2830-3980-0011,s3,coarse_to_fine,1,False,0.0,-0.21808591775094677,1.0,0.4586083909172802,margin
121-121726-0007_61-70968-0008_2300-131720-0038,s1,gated_deflation,0,False,0.00028384875329619166,0.09365522397077569,1.0,0.6530052735675789,margin
121-121726-0007_61-70968-0008_2300-131720-0038,s2,gated_deflation,0,True,0.0,0.23983746283386875,1.0,0.7778530000731341,accepted
121-121726-0007_61-70968-0008_2300-131720-0038,s3,gated_deflation,0,False,0.0,0.023623525519259947,1.0,0.6080475982467605,margin
121-121726-0007_61-70968-0008_2300-131720-0038,s1,coarse_to_fine,0,False,0.00028384875329619166,0.09707656513539215,1.0,0.5468461530162907,margin
121-121726-0007_61-70968-0008_2300-131720-0038,s2,coarse_to_fine,0,True,0.0,0.20295300861593885,1.0,0.485445006054044,accepted
121-121726-0007_61-70968-0008_2300-131720-0038,s3,coarse_to_fine,0,False,0.0,-0.07984417724574672,1.0,0.3838516880933581,margin
121-121726-0007_61-70968-0008_2300-131720-0038,s1,coarse_to_fine,1,False,0.00028384875329619166,-0.02056086339554919,1.0,0.5468461530162907,margin
121-121726-0007_61-70968-0008_2300-131720-0038,s2,coarse_to_fine,1,True,0.0,0.46437259391443647,1.0,0.49999284702301683,accepted
121-121726-0007_61-70968-0008_2300-131720-0038,s3,coarse_to_fine,1,False,0.0,-0.29368723200258867,1.0,0.3838516880933581,margin
4970-29095-0032_6829-68771-0002_3729-6852-0009,s1,gated_deflation,0,True,0.0,0.16401917996275928,1.0,0.8095175457626091,accepted
4970-29095-0032_6829-68771-0002_3729-6852-0009,s2,gated_deflation,0,False,0.0,0.003948369724008083,0.934367128463476,0.7204527713269062,margin
4970-29095-0032_6829-68771-0002_3729-6852-0009,s3,gated_deflation,0,True,0.00013721408322276012,0.48606493208277596,0.9361146095717884,0.4583620214300376,accepted
4970-29095-0032_6829-68771-0002_3729-6852-0009,s1,coarse_to_fine,0,False,0.0,0.0018141511327186555,1.0,0.4326240619067206,margin
4970-29095-0032_6829-68771-0002_3729-6852-0009,s2,coarse_to_fine,0,False,0.0,-0.14060562368637958,0.9554785894206549,0.38624405532706607,margin
4970-29095-0032_6829-68771-0002_3729-6852-0009,s3,coarse_to_fine,0,True,0.00013721408322276012,0.1348517837073494,0.9816593198992444,0.3781657928593432,accepted
4970-29095-0032_6829-68771-0002_3729-6852-0009,s1,coarse_to_fine,1,False,0.0,-0.21038397914535412,1.0,0.4326240619067206,margin
4970-29095-0032_6829-68771-0002_3729-6852-0009,s2,coarse_to_fine,1,False,0.0,-0.4758378709678144,0.9554785894206549,0.38624405532706607,margin
4970-29095-0032_6829-68771-0002_3729-6852-0009,s3,coarse_to_fine,1,True,0.00013721408322276012,0.4602409322879358,0.955462846347607,0.38412523580166674,accepted
1995-1837-0016_7021-79730-0001_7127-75946-0011,s1,gated_deflation,0,False,0.0,-0.08547976211396402,0.985016155088853,0.6126559245255042,margin
1995-1837-0016_7021-79730-0001_7127-75946-0011,s2,gated_deflation,0,True,0.00011820947102294513,0.7274108344176111,0.988529886914378,0.4956092224290145,accepted
1995-1837-0016_7021-79730-0001_7127-75946-0011,s3,gated_deflation,0,False,0.0,0.04724111069945092,0.9900345622119816,0.871516283785615,margin
1995-1837-0016_7021-79730-0001_7127-75946-0011,s1,coarse_to_fine,0,False,0.0,0.019390241556628884,0.985016155088853,0.2871047563606592,margin
1995-1837-0016_7021-79730-0001_7127-75946-0011,s2,coarse_to_fine,0,True,0.00011820947102294513,0.5426346122079708,0.988529886914378,0.4598450469912771,accepted
1995-1837-0016_7021-79730-0001_7127-75946-0011,s3,coarse_to_fine,0,False,0.0,0.046424616071852,1.0,0.5034178821334007,margin
1995-1837-0016_7021-79730-0001_7127-75946-0011,s1,coarse_to_fine,1,False,0.0,-0.05498161129235324,0.985016155088853,0.2871047563606592,margin
1995-1837-0016_7021-79730-0001_7127-75946-0011,s2,coarse_to_fine,1,True,0.00011820947102294513,0.7657604224531476,1.0,0.4982263691315912,accepted
1995-1837-0016_7021-79730-0001_7127-75946-0011,s3,coarse_to_fine,1,False,0.0,-0.017495223381634006,1.0,0.5034178821334007,margin
1580-141083-0000_7127-75947-0019_8224-274384-0000,s1,gated_deflation,0,True,0.0001762803533918151,0.3910823324112956,1.0,0.6025828103540102,accepted
1580-141083-0000_7127-75947-0019_8224-274384-0000,s2,gated_deflation,0,True,0.0,0.2085628214825449,1.0,0.8327548134639398,accepted
1580-141083-0000_7127-75947-0019_8224-274384-0000,s3,gated_deflation,0,True,0.0,0.3055043624825128,1.0,0.5749567464964608,accepted
1580-141083-0000_7127-75947-0019_8224-274384-0000,s1,coarse_to_fine,0,True,0.0001762803533918151,0.2831361234471499,1.0,0.5070152789485224,accepted
1580-141083-0000_7127-75947-0019_8224-274384-0000,s2,coarse_to_fine,0,False,0.0,0.0433965693413802,1.0,0.5443471237068309,margin
1580-141083-0000_7127-75947-0019_8224-274384-0000,s3,coarse_to_fine,0,True,0.0,0.2226810403309778,1.0,0.40399257664829474,accepted
1580-141083-0000_7127-75947-0019_8224-274384-0000,s1,coarse_to_fine,1,True,0.0001762803533918151,0.5882307889978637,1.0,0.5150592912906542,accepted
1580-141083-0000_7127-75947-0019_8224-274384-0000,s2,coarse_to_fine,1,False,0.0,-0.08526571463963678,1.0,0.5443471237068309,margin
1580-141083-0000_7127-75947-0019_8224-274384-0000,s3,coarse_to_fine,1,True,0.0,0.45597928015645534,1.0,0.4028112837142601,accepted
3570-5696-0009_8555-284449-0006_7176-92135-0042,s1,gated_deflation,0,True,0.00021329316733758206,0.3783818850192677,1.0,0.4988399594101947,accepted
3570-5696-0009_8555-284449-0006_7176-92135-0042,s2,gated_deflation,0,False,0.0,-0.01252465409466652,1.0,0.743540772334578,margin
3570-5696-0009_8555-284449-0006_7176-92135-0042,s3,gated_deflation,0,True,0.0,0.37424023301987386,1.0,0.5847384121490876,accepted
3570-5696-0009_8555-284449-0006_7176-92135-0042,s1,coarse_to_fine,0,True,0.00021329316733758206,0.24813962539034418,1.0,0.29928698234598344,accepted
3570-5696-0009_8555-284449-0006_7176-92135-0042,s2,coarse_to_fine,0,False,0.0,-0.28897332020450567,1.0,0.28100032709690836,margin
3570-5696-0009_8555-284449-0006_7176-92135-0042,s3,coarse_to_fine,0,True,0.0,0.37540494799886764,1.0,0.39926309039783225,accepted
3570-5696-0009_8555-284449-0006_7176-92135-0042,s1,coarse_to_fine,1,True,0.00021329316733758206,0.4230952423608873,1.0,0.30698236172712984,accepted
3570-5696-0009_8555-284449-0006_7176-92135-0042,s2,coarse_to_fine,1,False,0.0,-0.4967575786379836,1.0,0.28100032709690836,margin
3570-5696-0009_8555-284449-0006_7176-92135-0042,s3,coarse_to_fine,1,True,0.0,0.4527446822046247,0.9908692185007975,0.408703897735372,accepted
2300-131720-0001_5142-36586-0003_908-31957-0018,s1,gated_deflation,0,True,0.0001479436248133933,0.5361458347064156,1.0,0.4129163819410809,accepted
2300-131720-0001_5142-36586-0003_908-31957-0018,s2,gated_deflation,0,True,0.0,0.15419665770047858,1.0,0.8350718261838408,accepted
2300-131720-0001_5142-36586-0003_908-31957-0018,s3,gated_deflation,0,True,0.0,0.3036262042997579,1.0,0.850504493167166,accepted
2300-131720-0001_5142-36586-0003_908-31957-0018,s1,coarse_to_fine,0,True,0.0001479436248133933,0.10302004501863632,1.0,0.38122604436597973,accepted
2300-131720-0001_5142-36586-0003_908-31957-0018,s2,coarse_to_fine,0,True,0.0,0.12238744387709685,1.0,0.4708628010362531,accepted
2300-131720-0001_5142-36586-0003_908-31957-0018,s3,coarse_to_fine,0,False,0.0,-0.0349618357536185,1.0,0.3582942451018987,margin
2300-131720-0001_5142-36586-0003_908-31957-0018,s1,coarse_to_fine,1,True,0.0001479436248133933,0.3289066655131703,1.0,0.3587616126013329,accepted
2300-131720-0001_5142-36586-0003_908-31957-0018,s2,coarse_to_fine,1,True,0.0,0.29452638653902063,1.0,0.4399849262400916,accepted
2300-131720-0001_5142-36586-0003_908-31957-0018,s3,coarse_to_fine,1,False,0.0,-0.23793025952307706,1.0,0.3582942451018987,margin
5683-32879-0012_5105-28241-0017_5142-33396-0033,s1,gated_deflation,0,True,0.0,0.22081417775022327,1.0,0.8306449350573564,accepted
5683-32879-0012_5105-28241-0017_5142-33396-0033,s2,gated_deflation,0,True,0.00013427215553854524,0.4387771829343924,0.9539135514018692,0.5366321638776044,accepted
5683-32879-0012_5105-28241-0017_5142-33396-0033,s3,gated_deflation,0,False,0.0,-0.048277740437643046,0.977161214953271,0.8147616839790706,margin
5683-32879-0012_5105-28241-0017_5142-33396-0033,s1,coarse_to_fine,0,False,0.0,-0.053226558987134326,1.0,0.4183615877802602,margin
5683-32879-0012_5105-28241-0017_5142-33396-0033,s2,coarse_to_fine,0,True,0.00013427215553854524,0.12897176146761802,1.0,0.48235787955739257,accepted
5683-32879-0012_5105-28241-0017_5142-33396-0033,s3,coarse_to_fine,0,False,0.0,-0.051987134556548686,1.0,0.5106436041881337,margin
5683-32879-0012_5105-28241-0017_5142-33396-0033,s1,coarse_to_fine,1,False,0.0,-0.15106701275195542,1.0,0.4183615877802602,margin
5683-32879-0012_5105-28241-0017_5142-33396-0033,s2,coarse_to_fine,1,True,0.00013427215553854524,0.4478781868722925,1.0,0.47208011682223666,accepted
5683-32879-0012_5105-28241-0017_5142-33396-0033,s3,coarse_to_fine,1,False,0.0,-0.28938297737939345,1.0,0.5106436041881337,margin
237-126133-0018_4970-29095-0007_3570-5695-0006,s1,gated_deflation,0,False,0.0,-0.11821216813797414,1.0,0.860316294007105,margin
237-126133-0018_4970-29095-0007_3570-5695-0006,s2,gated_deflation,0,True,0.00019688117564781543,0.4107110676066485,1.0,0.5269765525727915,accepted
237-126133-0018_4970-29095-0007_3570-5695-0006,s3,gated_deflation,0,False,0.0,0.0852573390470594,1.0,0.7059747943270555,margin
237-126133-0018_4970-29095-0007_3570-5695-0006,s1,coarse_to_fine,0,False,0.0,-0.11145808265073132,1.0,0.4135437123262425,margin
237-126133-0018_4970-29095-0007_3570-5695-0006,s2,coarse_to_fine,0,True,0.00019688117564781543,0.29967663432299513,1.0,0.4632763704624554,accepted
237-126133-0018_4970-29095-0007_3570-5695-0006,s3,coarse_to_fine,0,False,0.0,-0.03482949200500768,1.0,0.33004844673240463,margin
237-126133-0018_4970-29095-0007_3570-5695-0006,s1,coarse_to_fine,1,False,0.0,-0.31385313220379457,1.0,0.4135437123262425,margin
237-126133-0018_4970-29095-0007_3570-5695-0006,s2,coarse_to_fine,1,True,0.00019688117564781543,0.5926837039720914,1.0,0.45921903532004205,accepted
237-126133-0018_4970-29095-0007_3570-5695-0006,s3,coarse_to_fine,1,False,0.0,-0.242761606659112,1.0,0.33004844673240463,margin
4446-2275-0033_8230-279154-0033_4992-41797-0007,s1,gated_deflation,0,True,0.0,0.3010222305363595,1.0,0.7360903208744374,accepted
4446-2275-0033_8230-279154-0033_4992-41797-0007,s2,gated_deflation,0,True,0.00011187647417852876,0.6663067710488197,1.0,0.44391568240291623,accepted
4446-2275-0033_8230-279154-0033_4992-41797-0007,s3,gated_deflation,0,False,0.0,-0.006037286315866031,1.0,0.7144385632446115,margin
4446-2275-0033_8230-279154-0033_4992-41797-0007,s1,coarse_to_fine,0,True,0.0,0.10481056803183122,1.0,0.5116660139260593,accepted
4446-2275-0033_8230-279154-0033_4992-41797-0007,s2,coarse_to_fine,0,True,0.00011187647417852876,0.5310270731911311,1.0,0.42873794821949224,accepted
4446-2275-0033_8230-279154-0033_4992-41797-0007,s3,coarse_to_fine,0,False,0.0,0.018047446527236333,1.0,0.3948788123343043,margin
4446-2275-0033_8230-279154-0033_4992-41797-0007,s1,coarse_to_fine,1,True,0.0,0.31812878997360533,1.0,0.5281165117798816,accepted
4446-2275-0033_8230-279154-0033_4992-41797-0007,s2,coarse_to_fine,1,True,0.00011187647417852876,0.6845869330740983,1.0,0.47055783518205424,accepted
4446-2275-0033_8230-279154-0033_4992-41797-0007,s3,coarse_to_fine,1,False,0.0,-0.17545315825645658,1.0,0.3948788123343043,margin
1320-122617-0016_4992-41806-0008_2830-3980-0025,s1,gated_deflation,0,False,0.0,-0.14385290528456074,0.9912493120528344,0.5202221397582478,margin
1320-122617-0016_4992-41806-0008_2830-3980-0025,s2,gated_deflation,0,False,0.00023255466267264784,0.08815689742049593,0.9836681342872867,0.41097166062609125,margin
1320-122617-0016_4992-41806-0008_2830-3980-0025,s3,gated_deflation,0,True,0.0,0.29788950218655186,1.0,0.5643811860627976,accepted
1320-122617-0016_4992-41806-0008_2830-3980-0025,s1,coarse_to_fine,0,False,0.0,-0.2952550977489258,0.9939323059988993,0.3289366626653018,margin
1320-122617-0016_4992-41806-0008_2830-3980-0025,s2,coarse_to_fine,0,False,0.00023255466267264784,0.0669162557662274,0.9934920198128784,0.3169311376028148,margin
1320-122617-0016_4992-41806-0008_2830-3980-0025,s3,coarse_to_fine,0,True,0.0,0.3833435698767629,1.0,0.32477230551527175,accepted
1320-122617-0016_4992-41806-0008_2830-3980-0025,s1,coarse_to_fine,1,False,0.0,-0.47292858405338356,0.9939323059988993,0.3289366626653018,margin
1320-122617-0016_4992-41806-0008_2830-3980-0025,s2,coarse_to_fine,1,False,0.00023255466267264784,-0.05133746909853354,0.9934920198128784,0.3169311376028148,margin
1320-122617-0016_4992-41806-0008_2830-3980-0025,s3,coarse_to_fine,1,True,0.0,0.5515800151747726,1.0,0.31346058269659344,accepted
61-70970-0015_8463-294825-0004_2961-961-0004,s1,gated_deflation,0,True,0.0,0.25590277526444516,1.0,0.6377248256578506,accepted
61-70970-0015_8463-294825-0004_2961-961-0004,s2,gated_deflation,0,False,0.0,-0.1058213761811394,1.0,0.873108055840032,margin
61-70970-0015_8463-294825-0004_2961-961-0004,s3,gated_deflation,0,True,0.00019224536874800266,0.17788515042120756,1.0,0.5490066187967708,accepted
61-70970-0015_8463-294825-0004_2961-961-0004,s1,coarse_to_fine,0,True,0.0,0.23167142925198841,1.0,0.440609597081105,accepted
61-70970-0015_8463-294825-0004_2961-961-0004,s2,coarse_to_fine,0,False,0.0,-0.08982471700960148,1.0,0.49360341740596025,margin
61-70970-0015_8463-294825-0004_2961-961-0004,s3,coarse_to_fine,0,True,0.00019224536874800266,0.13378452033368488,1.0,0.4470346377040324,accepted
61-70970-0015_8463-294825-0004_2961-961-0004,s1,coarse_to_fine,1,True,0.0,0.3635885818737314,1.0,0.45670592867510224,accepted
61-70970-0015_8463-294825-0004_2961-961-0004,s2,coarse_to_fine,1,False,0.0,-0.19687307807380944,1.0,0.49360341740596025,margin
61-70970-0015_8463-294825-0004_2961-961-0004,s3,coarse_to_fine,1,True,0.00019224536874800266,0.10149753076780232,1.0,0.450406223056267,accepted
4970-29095-0028_6829-68769-0014_4077-13751-0004,s1,gated_deflation,0,True,0.0,0.131127866874921,1.0,0.5906623003565005,accepted
4970-29095-0028_6829-68769-0014_4077-13751-0004,s2,gated_deflation,0,False,0.0,0.007003144127885275,1.0,0.9005719044860452,margin
4970-29095-0028_6829-68769-0014_4077-13751-0004,s3,gated_deflation,0,True,0.00014562697485077036,0.3899539209164575,1.0,0.5793459463109575,accepted
4970-29095-0028_6829-68769-0014_4077-13751-0004,s1,coarse_to_fine,0,True,0.0,0.15972898962541016,1.0,0.4913479534301412,accepted
4970-29095-0028_6829-68769-0014_4077-13751-0004,s2,coarse_to_fine,0,False,0.0,-0.032829819714028846,1.0,0.4660120956938319,margin
4970-29095-0028_6829-68769-0014_4077-13751-0004,s3,coarse_to_fine,0,True,0.00014562697485077036,0.37953689596445983,1.0,0.5186916030869138,accepted
4970-29095-0028_6829-68769-0014_4077-13751-0004,s1,coarse_to_fine,1,True,0.0,0.37177348790682974,1.0,0.5005840401548485,accepted
4970-29095-0028_6829-68769-0014_4077-13751-0004,s2,coarse_to_fine,1,False,0.0,-0.21418215099726234,1.0,0.4660120956938319,margin
4970-29095-0028_6829-68769-0014_4077-13751-0004,s3,coarse_to_fine,1,True,0.00014562697485077036,0.5254566050998011,1.0,0.5330465088011437,accepted
5639-40744-0024_121-127105-0036_8230-279154-0042,s1,gated_deflation,0,False,0.0,-0.1601748555782358,0.9955863607393244,0.7427612894627069,margin
5639-40744-0024_121-127105-0036_8230-279154-0042,s2,gated_deflation,0,False,0.0,-0.010265587569826817,1.0,0.8973484611667086,margin
5639-40744-0024_121-127105-0036_8230-279154-0042,s3,gated_deflation,0,True,0.0001079698630000199,0.672032417306784,0.9949490121096239,0.41675011241883597,accepted
5639-40744-0024_121-127105-0036_8230-279154-0042,s1,coarse_to_fine,0,False,0.0,-0.3986472708239297,1.0,0.3902979926900348,margin
5639-40744-0024_121-127105-0036_8230-279154-0042,s2,coarse_to_fine,0,False,0.0,0.017026793304256466,1.0,0.44576791949704114,margin
5639-40744-0024_121-127105-0036_8230-279154-0042,s3,coarse_to_fine,0,True,0.0001079698630000199,0.4422435397824208,1.0,0.38444864724208483,accepted
5639-40744-0024_121-127105-0036_8230-279154-0042,s1,coarse_to_fine,1,False,0.0,-0.6266414766164289,1.0,0.3902979926900348,margin
5639-40744-0024_121-127105-0036_8230-279154-0042,s2,coarse_to_fine,1,False,0.0,-0.07693715099448759,1.0,0.44576791949704114,margin
5639-40744-0024_121-127105-0036_8230-279154-0042,s3,coarse_to_fine,1,True,0.0001079698630000199,0.7252934980843557,0.9927820267686425,0.3891357400571894,accepted
5105-28240-0014_6930-75918-0000_1284-1180-0024,s1,gated_deflation,0,True,0.0,0.342714568818922,1.0,0.7866484024466653,accepted
5105-28240-0014_6930-75918-0000_1284-1180-0024,s2,gated_deflation,0,False,0.0,-0.061390708223403256,1.0,0.7683824411112755,margin
5105-28240-0014_6930-75918-0000_1284-1180-0024,s3,gated_deflation,0,True,0.00015229741776271537,0.2994880228089111,1.0,0.5564065704164574,accepted
5105-28240-0014_6930-75918-0000_1284-1180-0024,s1,coarse_to_fine,0,False,0.0,0.033551591549452586,1.0,0.5431076405907833,margin
5105-28240-0014_6930-75918-0000_1284-1180-0024,s2,coarse_to_fine,0,False,0.0,-0.24665992680621385,1.0,0.5474329504243222,margin
5105-28240-0014_6930-75918-0000_1284-1180-0024,s3,coarse_to_fine,0,True,0.00015229741776271537,0.1412464309705534,1.0,0.4170465227020785,accepted
5105-28240-0014_6930-75918-0000_1284-1180-0024,s1,coarse_to_fine,1,False,0.0,0.033551591549452586,1.0,0.5431076405907833,margin
5105-28240-0014_6930-75918-0000_1284-1180-0024,s2,coarse_to_fine,1,False,0.0,-0.24665992680621385,1.0,0.5474329504243222,margin
5105-28240-0014_6930-75918-0000_1284-1180-0024,s3,coarse_to_fine,1,True,0.00015229741776271537,0.5318884343471143,1.0,0.38435777099214274,accepted
7176-88083-0019_6829-68771-0025_8463-294828-0007,s1,gated_deflation,0,True,0.0,0.3244098323800727,1.0,0.7848241719542486,accepted
7176-88083-0019_6829-68771-0025_8463-294828-0007,s2,gated_deflation,0,False,0.0,-0.13985587353708173,1.0,0.7515463795762072,margin
7176-88083-0019_6829-68771-0025_8463-294828-0007,s3,gated_deflation,0,True,0.00017603929327545138,0.5278377904159473,1.0,0.5688249017372778,accepted
7176-88083-0019_6829-68771-0025_8463-294828-0007,s1,coarse_to_fine,0,True,0.0,0.34305561887361485,1.0,0.45083653747268093,accepted
7176-88083-0019_6829-68771-0025_8463-294828-0007,s2,coarse_to_fine,0,False,0.0,-0.13145793956428947,1.0,0.47716887212092707,margin
7176-88083-0019_6829-68771-0025_8463-294828-0007,s3,coarse_to_fine,0,False,0.00017603929327545138,0.08146347177680524,1.0,0.4604240717814199,margin
7176-88083-0019_6829-68771-0025_8463-294828-0007,s1,coarse_to_fine,1,True,0.0,0.6778178375041707,1.0,0.44989915802401304,accepted
7176-88083-0019_6829-68771-0025_8463-294828-0007,s2,coarse_to_fine,1,False,0.0,-0.13145793956428947,1.0,0.47716887212092707,margin
7176-88083-0019_6829-68771-0025_8463-294828-0007,s3,coarse_to_fine,1,False,0.00017603929327545138,0.08146347177680524,1.0,0.4604240717814199,margin
7021-79740-0001_1320-122617-0033_6829-68771-0020,s1,gated_deflation,0,False,0.0,0.01961772704823317,1.0,0.7069343182423508,margin
7021-79740-0001_1320-122617-0033_6829-68771-0020,s2,gated_deflation,0,True,0.00012606244748875395,0.5527967937879763,1.0,0.4356405533864372,accepted
7021-79740-0001_1320-122617-0033_6829-68771-0020,s3,gated_deflation,0,False,0.0,0.055402116215913455,1.0,0.8074748678881903,margin
7021-79740-0001_1320-122617-0033_6829-68771-0020,s1,coarse_to_fine,0,False,0.0,-0.4835710446472013,1.0,0.3394226063516374,margin
7021-79740-0001_1320-122617-0033_6829-68771-0020,s2,coarse_to_fine,0,True,0.00012606244748875395,0.47000298321947326,1.0,0.33568465212530507,accepted
7021-79740-0001_1320-122617-0033_6829-68771-0020,s3,coarse_to_fine,0,False,0.0,-0.10969702896575748,1.0,0.47814185371271184,margin
7021-79740-0001_1320-122617-0033_6829-68771-0020,s1,coarse_to_fine,1,False,0.0,-0.6877576272659109,1.0,0.3394226063516374,margin
7021-79740-0001_1320-122617-0033_6829-68771-0020,s2,coarse_to_fine,1,True,0.00012606244748875395,0.662796959601668,1.0,0.3185442069482574,accepted
7021-79740-0001_1320-122617-0033_6829-68771-0020,s3,coarse_to_fine,1,False,0.0,-0.10969702896575748,1.0,0.47814185371271184,margin
2830-3980-0055_6829-68771-0036_1580-141084-0048,s1,gated_deflation,0,True,0.0,0.15930444186016174,1.0,0.6736224883097283,accepted
2830-3980-0055_6829-68771-0036_1580-141084-0048,s2,gated_deflation,0,False,0.0,-0.06981248940290119,1.0,0.7641077695995697,margin
2830-3980-0055_6829-68771-0036_1580-141084-0048,s3,gated_deflation,0,True,0.0001488063490128027,0.42867215812289533,1.0,0.6175930422845818,accepted
2830-3980-0055_6829-68771-0036_1580-141084-0048,s1,coarse_to_fine,0,False,0.0,0.01247113178631687,1.0,0.5241439655295352,margin
2830-3980-0055_6829-68771-0036_1580-141084-0048,s2,coarse_to_fine,0,False,0.0,-0.1909382889998562,1.0,0.46015340802096283,margin
2830-3980-0055_6829-68771-0036_1580-141084-0048,s3,coarse_to_fine,0,True,0.0001488063490128027,0.4579620936988039,1.0,0.5010317434194902,accepted
2830-3980-0055_6829-68771-0036_1580-141084-0048,s1,coarse_to_fine,1,False,0.0,-0.10548164606113392,1.0,0.5241439655295352,margin
2830-3980-0055_6829-68771-0036_1580-141084-0048,s2,coarse_to_fine,1,False,0.0,-0.3241169289746401,1.0,0.46015340802096283,margin
2830-3980-0055_6829-68771-0036_1580-141084-0048,s3,coarse_to_fine,1,True,0.0001488063490128027,0.6656541187799259,1.0,0.4987624808754617,accepted
260-123440-0014_2830-3980-0051_7176-88083-0023,s1,gated_deflation,0,True,0.0,0.11825918068434366,1.0,0.7887397239259207,accepted
260-123440-0014_2830-3980-0051_7176-88083-0023,s2,gated_deflation,0,False,0.0,0.06964072232348123,1.0,0.6570948839434568,margin
260-123440-0014_2830-3980-0051_7176-88083-0023,s3,gated_deflation,0,True,0.00011143325504087999,0.5293047565827285,0.9997702205882353,0.4685197229020895,accepted
260-123440-0014_2830-3980-0051_7176-88083-0023,s1,coarse_to_fine,0,False,0.0,-0.08940052778071139,1.0,0.34215337352537334,margin
260-123440-0014_2830-3980-0051_7176-88083-0023,s2,coarse_to_fine,0,False,0.0,-0.15670188047150096,1.0,0.45868011292569955,margin
260-123440-0014_2830-3980-0051_7176-88083-0023,s3,coarse_to_fine,0,True,0.00011143325504087999,0.28194072462440917,1.0,0.35848281250571334,accepted
260-123440-0014_2830-3980-0051_7176-88083-0023,s1,coarse_to_fine,1,False,0.0,-0.1703809890502681,1.0,0.34215337352537334,margin
260-123440-0014_2830-3980-0051_7176-88083-0023,s2,coarse_to_fine,1,False,0.0,-0.38331546522012416,1.0,0.45868011292569955,margin
260-123440-0014_2830-3980-0051_7176-88083-0023,s3,coarse_to_fine,1,True,0.00011143325504087999,0.5832831421344377,1.0,0.3892737668008254,accepted
1284-1180-0010_5683-32865-0009_6930-81414-0012,s1,gated_deflation,0,True,0.0,0.25918658982909504,1.0,0.5304063704400316,accepted
1284-1180-0010_5683-32865-0009_6930-81414-0012,s2,gated_deflation,0,True,0.00020072053559441486,0.4133398019399899,1.0,0.49806594142630745,accepted
1284-1180-0010_5683-32865-0009_6930-81414-0012,s3,gated_deflation,0,True,0.0,0.13523600702438504,1.0,0.8223128379695454,accepted
1284-1180-0010_5683-32865-0009_6930-81414-0012,s1,coarse_to_fine,0,True,0.0,0.20964236791501878,1.0,0.3673425463367908,accepted
1284-1180-0010_5683-32865-0009_6930-81414-0012,s2,coarse_to_fine,0,True,0.00020072053559441486,0.3930202220031004,1.0,0.4206719275931701,accepted
1284-1180-0010_5683-32865-0009_6930-81414-0012,s3,coarse_to_fine,0,False,0.0,-0.13324770577258194,1.0,0.5564630367745794,margin
1284-1180-0010_5683-32865-0009_6930-81414-0012,s1,coarse_to_fine,1,True,0.0,0.3612853087845422,1.0,0.370308423202696,accepted
1284-1180-0010_5683-32865-0009_6930-81414-0012,s2,coarse_to_fine,1,True,0.00020072053559441486,0.5801117178037112,1.0,0.3847520126005766,accepted
1284-1180-0010_5683-32865-0009_6930-81414-0012,s3,coarse_to_fine,1,False,0.0,-0.31648750408348464,1.0,0.5564630367745794,margin
6829-68771-0030_1089-134691-0008_1995-1836-0003,s1,gated_deflation,0,True,0.0,0.2688686873036162,1.0,0.7689659767120516,accepted
6829-68771-0030_1089-134691-0008_1995-1836-0003,s2,gated_deflation,0,True,9.650644535842007e-05,0.5494463143378923,1.0,0.5351143599244392,accepted
6829-68771-0030_1089-134691-0008_1995-1836-0003,s3,gated_deflation,0,True,0.0,0.227098757561417,0.9783201722900216,0.6777439861854072,accepted
6829-68771-0030_1089-134691-0008_1995-1836-0003,s1,coarse_to_fine,0,False,0.0,-0.023894122250572247,1.0,0.3878407830664471,margin
6829-68771-0030_1089-134691-0008_1995-1836-0003,s2,coarse_to_fine,0,True,9.650644535842007e-05,0.32470272410989376,1.0,0.5021740185248075,accepted
6829-68771-0030_1089-134691-0008_1995-1836-0003,s3,coarse_to_fine,0,True,0.0,0.41890126132706185,0.9907573582196698,0.2766598156995262,accepted
6829-68771-0030_1089-134691-0008_1995-1836-0003,s1,coarse_to_fine,1,False,0.0,-0.19280478356815256,1.0,0.3878407830664471,margin
6829-68771-0030_1089-134691-0008_1995-1836-0003,s2,coarse_to_fine,1,True,9.650644535842007e-05,0.5642789634853186,1.0,0.538650878742451,accepted
6829-68771-0030_1089-134691-0008_1995-1836-0003,s3,coarse_to_fine,1,True,0.0,0.5690139832240662,0.9907573582196698,0.25086988884474876,accepted
5105-28241-0004_2830-3980-0066_237-134500-0002,s1,gated_deflation,0,True,0.00016485674354435763,0.2961295838750418,1.0,0.5016542527516316,accepted
5105-28241-0004_2830-3980-0066_237-134500-0002,s2,gated_deflation,0,False,0.0,0.08931033853252335,1.0,0.8159022227598292,margin
5105-28241-0004_2830-3980-0066_237-134500-0002,s3,gated_deflation,0,False,0.0,0.0058172554930678855,1.0,0.8690836889706156,margin
5105-28241-0004_2830-3980-0066_237-134500-0002,s1,coarse_to_fine,0,True,0.00016485674354435763,0.16792757515684398,1.0,0.45386219142723977,accepted
5105-28241-0004_2830-3980-0066_237-134500-0002,s2,coarse_to_fine,0,False,0.0,-0.06390730388672627,1.0,0.42023232004746996,margin
5105-28241-0004_2830-3980-0066_237-134500-0002,s3,coarse_to_fine,0,False,0.0,0.030977364297527343,1.0,0.5004923649919956,margin
5105-28241-0004_2830-3980-0066_237-134500-0002,s1,coarse_to_fine,1,True,0.00016485674354435763,0.42933401707671376,1.0,0.43228794796055264,accepted
5105-28241-0004_2830-3980-0066_237-134500-0002,s2,coarse_to_fine,1,False,0.0,-0.3447629241739094,1.0,0.42023232004746996,margin
5105-28241-0004_2830-3980-0066_237-134500-0002,s3,coarse_to_fine,1,False,0.0,-0.005274702833624134,1.0,0.5004923649919956,margin
260-123288-0001_1089-134686-0026_4992-41806-0013,s1,gated_deflation,0,False,0.0,-0.010412485100509628,1.0,0.6022891521888452,margin
260-123288-0001_1089-134686-0026_4992-41806-0013,s2,gated_deflation,0,True,0.0,0.347114838473579,0.9996262458471761,0.7212317398365463,accepted
260-123288-0001_1089-134686-0026_4992-41806-0013,s3,gated_deflation,0,True,0.00018528525922585694,0.42226460393338294,1.0,0.49118312947692666,accepted
260-123288-0001_1089-134686-0026_4992-41806-0013,s1,coarse_to_fine,0,False,0.0,-0.351629129127489,1.0,0.3154759928319367,margin
260-123288-0001_1089-134686-0026_4992-41806-0013,s2,coarse_to_fine,0,True,0.0,0.17611132167749988,1.0,0.4666276490755855,accepted
260-123288-0001_1089-134686-0026_4992-41806-0013,s3,coarse_to_fine,0,True,0.00018528525922585694,0.3882802155733949,1.0,0.2355749421186632,accepted
260-123288-0001_1089-134686-0026_4992-41806-0013,s1,coarse_to_fine,1,False,0.0,-0.6976372015767455,1.0,0.3154759928319367,margin
260-123288-0001_1089-134686-0026_4992-41806-0013,s2,coarse_to_fine,1,True,0.0,0.540007713509868,1.0,0.47671851220916434,accepted
260-123288-0001_1089-134686-0026_4992-41806-0013,s3,coarse_to_fine,1,True,0.00018528525922585694,0.5730073130230519,1.0,0.2530023503491277,accepted
1580-141084-0010_3575-170457-0032_1221-135767-0017,s1,gated_deflation,0,False,0.0,-0.05716197247429228,1.0,0.8734876741625942,margin
1580-141084-0010_3575-170457-0032_1221-135767-0017,s2,gated_deflation,0,False,0.0,-0.08665962325189647,1.0,0.8912349289335558,margin
1580-141084-0010_3575-170457-0032_1221-135767-0017,s3,gated_deflation,0,True,6.735844624004606e-05,0.6372208417811962,1.0,0.5289935998891648,accepted
1580-141084-0010_3575-170457-0032_1221-135767-0017,s1,coarse_to_fine,0,False,0.0,-0.458968057765615,1.0,0.4473786091178207,margin
1580-141084-0010_3575-170457-0032_1221-135767-0017,s2,coarse_to_fine,0,False,0.0,-0.13031704912782838,1.0,0.30965096349743504,margin
1580-141084-0010_3575-170457-0032_1221-135767-0017,s3,coarse_to_fine,0,True,6.735844624004606e-05,0.4800812535801769,1.0,0.4111887219377143,accepted
1580-141084-0010_3575-170457-0032_1221-135767-0017,s1,coarse_to_fine,1,False,0.0,-0.6193735172632535,1.0,0.4473786091178207,margin
1580-141084-0010_3575-170457-0032_1221-135767-0017,s2,coarse_to_fine,1,False,0.0,-0.2784407164898124,1.0,0.30965096349743504,margin
1580-141084-0010_3575-170457-0032_1221-135767-0017,s3,coarse_to_fine,1,True,6.735844624004606e-05,0.6922943429002756,1.0,0.4097088239729322,accepted
1580-141083-0008_61-70970-0003_4507-16021-0008,s1,gated_deflation,0,True,0.0,0.18643926436916614,1.0,0.6703584853796515,accepted
1580-141083-0008_61-70970-0003_4507-16021-0008,s2,gated_deflation,0,True,0.0,0.3026242334844602,1.0,0.6891754162038167,accepted
1580-141083-0008_61-70970-0003_4507-16021-0008,s3,gated_deflation,0,False,0.0,-0.015775844215089485,1.0,0.7097798140980707,margin
1580-141083-0008_61-70970-0003_4507-16021-0008,s1,coarse_to_fine,0,True,0.0,0.11834145965788301,1.0,0.4749397874113838,accepted
1580-141083-0008_61-70970-0003_4507-16021-0008,s2,coarse_to_fine,0,True,0.0,0.11628072452760654,1.0,0.5408995139165913,accepted
1580-141083-0008_61-70970-0003_4507-16021-0008,s3,coarse_to_fine,0,False,0.0,-0.2055767296806445,1.0,0.44181390083306066,margin
1580-141083-0008_61-70970-0003_4507-16021-0008,s1,coarse_to_fine,1,True,0.0,0.27036535333681044,1.0,0.4820366816574832,accepted
1580-141083-0008_61-70970-0003_4507-16021-0008,s2,coarse_to_fine,1,True,0.0,0.14314915781843834,1.0,0.5358737818182033,accepted
1580-141083-0008_61-70970-0003_4507-16021-0008,s3,coarse_to_fine,1,False,0.0,-0.41394818560280044,1.0,0.44181390083306066,margin
2300-131720-0026_7729-102255-0021_1089-134691-0021,s1,gated_deflation,0,True,0.00013573917573435714,0.26946330190183837,0.9458973322554568,0.39480235320681,accepted
2300-131720-0026_7729-102255-0021_1089-134691-0021,s2,gated_deflation,0,True,0.0,0.254622720996783,1.0,0.7244049660502945,accepted
2300-131720-0026_7729-102255-0021_1089-134691-0021,s3,gated_deflation,0,False,0.0,0.012334136632661197,0.9252728375101051,0.5510258469544091,margin
2300-131720-0026_7729-102255-0021_1089-134691-0021,s1,coarse_to_fine,0,True,0.00013573917573435714,0.13157960107044137,1.0,0.3161711081798823,accepted
2300-131720-0026_7729-102255-0021_1089-134691-0021,s2,coarse_to_fine,0,False,0.0,0.04743041053654523,1.0,0.3083584254988757,margin
2300-131720-0026_7729-102255-0021_1089-134691-0021,s3,coarse_to_fine,0,False,0.0,-0.022752200012365054,0.9660367825383993,0.36312384340841747,margin
2300-131720-0026_7729-102255-0021_1089-134691-0021,s1,coarse_to_fine,1,True,0.00013573917573435714,0.3505837025471394,0.9736863379143088,0.31823318006131057,accepted
2300-131720-0026_7729-102255-0021_1089-134691-0021,s2,coarse_to_fine,1,False,0.0,-0.1734363388963467,1.0,0.3083584254988757,margin
2300-131720-0026_7729-102255-0021_1089-134691-0021,s3,coarse_to_fine,1,False,0.0,-0.26921928637262493,0.9660367825383993,0.36312384340841747,margin
8555-292519-0012_5142-33396-0015_1221-135766-0007,s1,gated_deflation,0,True,0.0,0.1037170287098721,1.0,0.669230035914655,accepted
8555-292519-0012_5142-33396-0015_1221-135766-0007,s2,gated_deflation,0,True,0.0,0.2833084157575138,1.0,0.7878323875217621,accepted
8555-292519-0012_5142-33396-0015_1221-135766-0007,s3,gated_deflation,0,True,0.00013011178639283036,0.19714767467826944,1.0,0.5566091255816918,accepted
8555-292519-0012_5142-33396-0015_1221-135766-0007,s1,coarse_to_fine,0,False,0.0,-0.04900400935193461,1.0,0.2960629568011572,margin
8555-292519-0012_5142-33396-0015_1221-135766-0007,s2,coarse_to_fine,0,True,0.0,0.1015539300681027,1.0,0.5079378646518159,accepted
8555-292519-0012_5142-33396-0015_1221-135766-0007,s3,coarse_to_fine,0,False,0.00013011178639283036,0.07556885633050703,1.0,0.44934106827365444,margin
8555-292519-0012_5142-33396-0015_1221-135766-0007,s1,coarse_to_fine,1,False,0.0,-0.17243226218723307,1.0,0.2960629568011572,margin
8555-292519-0012_5142-33396-0015_1221-135766-0007,s2,coarse_to_fine,1,True,0.0,0.3400687740673868,1.0,0.476224954598233,accepted
8555-292519-0012_5142-33396-0015_1221-135766-0007,s3,coarse_to_fine,1,False,0.00013011178639283036,-0.12255165025515669,1.0,0.44934106827365444,margin
8463-287645-0014_6930-81414-0004_121-127105-0001,s1,gated_deflation,0,True,0.0,0.418479712099707,1.0,0.8531397212971956,accepted
8463-287645-0014_6930-81414-0004_121-127105-0001,s2,gated_deflation,0,True,0.00016977279546454157,0.6255413942492741,1.0,0.6025420158014391,accepted
8463-287645-0014_6930-81414-0004_121-127105-0001,s3,gated_deflation,0,True,0.0,0.16611651950171674,1.0,0.772039052136275,accepted
8463-287645-0014_6930-81414-0004_121-127105-0001,s1,coarse_to_fine,0,False,0.0,-0.011031868586245275,1.0,0.4508855881624398,margin
8463-287645-0014_6930-81414-0004_121-127105-0001,s2,coarse_to_fine,0,True,0.00016977279546454157,0.15555197771464843,1.0,0.5800053300496677,accepted
8463-287645-0014_6930-81414-0004_121-127105-0001,s3,coarse_to_fine,0,True,0.0,0.14142426582927708,1.0,0.4980297873652428,accepted
8463-287645-0014_6930-81414-0004_121-127105-0001,s1,coarse_to_fine,1,False,0.0,-0.11794712004864721,1.0,0.4508855881624398,margin
8463-287645-0014_6930-81414-0004_121-127105-0001,s2,coarse_to_fine,1,True,0.00016977279546454157,0.2224026214490259,1.0,0.5835966660568596,accepted
8463-287645-0014_6930-81414-0004_121-127105-0001,s3,coarse_to_fine,1,True,0.0,0.11517706692787721,1.0,0.5337021562089236,accepted
8230-279154-0006_4446-2273-0007_1089-134691-0004,s1,gated_deflation,0,True,9.855291854738242e-05,0.4637943516317155,0.9991317625220801,0.5117309727438297,accepted
8230-279154-0006_4446-2273-0007_1089-134691-0004,s2,gated_deflation,0,True,0.0,0.30639482707776267,1.0,0.8415964638583472,accepted
8230-279154-0006_4446-2273-0007_1089-134691-0004,s3,gated_deflation,0,False,0.0,-0.108998969332326,0.9992515194155863,0.6907269620278266,margin
8230-279154-0006_4446-2273-0007_1089-134691-0004,s1,coarse_to_fine,0,True,9.855291854738242e-05,0.30283573312226375,1.0,0.3626646875002072,accepted
8230-279154-0006_4446-2273-0007_1089-134691-0004,s2,coarse_to_fine,0,False,0.0,0.04205918417669141,1.0,0.5403378884882376,margin
8230-279154-0006_4446-2273-0007_1089-134691-0004,s3,coarse_to_fine,0,False,0.0,-0.2565617125101184,1.0,0.4471628227832388,margin
8230-279154-0006_4446-2273-0007_1089-134691-0004,s1,coarse_to_fine,1,True,9.855291854738242e-05,0.5058760558247359,1.0,0.3579978633854117,accepted
8230-279154-0006_4446-2273-0007_1089-134691-0004,s2,coarse_to_fine,1,False,0.0,0.04205918417669141,1.0,0.5403378884882376,margin
8230-279154-0006_4446-2273-0007_1089-134691-0004,s3,coarse_to_fine,1,False,0.0,-0.44856700777255687,1.0,0.4471628227832388,margin
8555-284449-0009_6930-81414-0006_908-157963-0014,s1,gated_deflation,0,True,0.0,0.139760490879152,1.0,0.7874853189290913,accepted
8555-284449-0009_6930-81414-0006_908-157963-0014,s2,gated_deflation,0,True,0.0001311261067912089,0.4277283660587815,1.0,0.6073218221414001,accepted
8555-284449-0009_6930-81414-0006_908-157963-0014,s3,gated_deflation,0,True,0.0,0.38067601930636813,0.9823508522727272,0.688843451539407,accepted
8555-284449-0009_6930-81414-0006_908-157963-0014,s1,coarse_to_fine,0,False,0.0,-0.20261925162264485,1.0,0.48632976769967107,margin
8555-284449-0009_6930-81414-0006_908-157963-0014,s2,coarse_to_fine,0,True,0.0001311261067912089,0.21431372420581019,1.0,0.5325437378156846,accepted
8555-284449-0009_6930-81414-0006_908-157963-0014,s3,coarse_to_fine,0,True,0.0,0.3111158312767166,1.0,0.4287212860357429,accepted
8555-284449-0009_6930-81414-0006_908-157963-0014,s1,coarse_to_fine,1,False,0.0,-0.3368463471755401,1.0,0.48632976769967107,margin
8555-284449-0009_6930-81414-0006_908-157963-0014,s2,coarse_to_fine,1,True,0.0001311261067912089,0.1119970137436086,1.0,0.511963405140145,accepted
8555-284449-0009_6930-81414-0006_908-157963-0014,s3,coarse_to_fine,1,True,0.0,0.37694651581359323,1.0,0.4456944486390053,accepted
4077-13751-0003_8455-210777-0058_61-70970-0030,s1,gated_deflation,0,True,0.00010684362644676937,0.3317343321030042,1.0,0.4719556340769191,accepted
4077-13751-0003_8455-210777-0058_61-70970-0030,s2,gated_deflation,0,True,0.0,0.11044002213332094,1.0,0.7610687459711292,accepted
4077-13751-0003_8455-210777-0058_61-70970-0030,s3,gated_deflation,0,False,0.0,0.08172080031961515,1.0,0.8998545426610188,margin
4077-13751-0003_8455-210777-0058_61-70970-0030,s1,coarse_to_fine,0,False,0.00010684362644676937,0.07498265227418549,1.0,0.4709012519018308,margin
4077-13751-0003_8455-210777-0058_61-70970-0030,s2,coarse_to_fine,0,False,0.0,-0.03261844170810524,1.0,0.3731375433581687,margin
4077-13751-0003_8455-210777-0058_61-70970-0030,s3,coarse_to_fine,0,False,0.0,-0.10806689674342679,1.0,0.4542357950747502,margin
4077-13751-0003_8455-210777-0058_61-70970-0030,s1,coarse_to_fine,1,False,0.00010684362644676937,0.07498265227418549,1.0,0.4709012519018308,margin
4077-13751-0003_8455-210777-0058_61-70970-0030,s2,coarse_to_fine,1,False,0.0,-0.03261844170810524,1.0,0.3731375433581687,margin
4077-13751-0003_8455-210777-0058_61-70970-0030,s3,coarse_to_fine,1,False,0.0,-0.10806689674342679,1.0,0.4542357950747502,margin
8463-294828-0001_61-70968-0013_7127-75947-0007,s1,gated_deflation,0,True,0.00017000641340651104,0.4777290843029285,1.0,0.6356588673633056,accepted
8463-294828-0001_61-70968-0013_7127-75947-0007,s2,gated_deflation,0,True,0.0,0.21035384035810523,1.0,0.7858181208257621,accepted
8463-294828-0001_61-70968-0013_7127-75947-0007,s3,gated_deflation,0,True,0.0,0.13076936837660208,0.9886210762331838,0.7651255709476942,accepted
8463-294828-0001_61-70968-0013_7127-75947-0007,s1,coarse_to_fine,0,True,0.00017000641340651104,0.2343780073880477,1.0,0.5412014972352417,accepted
8463-294828-0001_61-70968-0013_7127-75947-0007,s2,coarse_to_fine,0,True,0.0,0.10775617284421884,1.0,0.5129078996870552,accepted
8463-294828-0001_61-70968-0013_7127-75947-0007,s3,coarse_to_fine,0,False,0.0,-0.14165284470504858,1.0,0.5004095220884058,margin
8463-294828-0001_61-70968-0013_7127-75947-0007,s1,coarse_to_fine,1,True,0.00017000641340651104,0.40794118447254013,1.0,0.506477157184725,accepted
8463-294828-0001_61-70968-0013_7127-75947-0007,s2,coarse_to_fine,1,True,0.0,0.4555123076860556,1.0,0.5186862723332387,accepted
8463-294828-0001_61-70968-0013_7127-75947-0007,s3,coarse_to_fine,1,False,0.0,-0.4282451587855834,1.0,0.5004095220884058,margin
4992-41797-0020_61-70968-0026_2830-3980-0031,s1,gated_deflation,0,False,0.0,-0.1751213512384075,1.0,0.5265593469713206,margin
4992-41797-0020_61-70968-0026_2830-3980-0031,s2,gated_deflation,0,True,0.0,0.29590380505441727,1.0,0.7197698391750641,accepted
4992-41797-0020_61-70968-0026_2830-3980-0031,s3,gated_deflation,0,True,0.00016029604415148112,0.34617033602606945,1.0,0.5083479251050459,accepted
4992-41797-0020_61-70968-0026_2830-3980-0031,s1,coarse_to_fine,0,False,0.0,-0.28130969623779334,1.0,0.3486274824354743,margin
4992-41797-0020_61-70968-0026_2830-3980-0031,s2,coarse_to_fine,0,True,0.0,0.2010301868647204,1.0,0.41202767540678853,accepted
4992-41797-0020_61-70968-0026_2830-3980-0031,s3,coarse_to_fine,0,True,0.00016029604415148112,0.17142863804580363,1.0,0.43624134747151083,accepted
4992-41797-0020_61-70968-0026_2830-3980-0031,s1,coarse_to_fine,1,False,0.0,-0.44918138059938384,1.0,0.3486274824354743,margin
4992-41797-0020_61-70968-0026_2830-3980-0031,s2,coarse_to_fine,1,True,0.0,0.34539911928008016,1.0,0.4242984937061468,accepted
4992-41797-0020_61-70968-0026_2830-3980-0031,s3,coarse_to_fine,1,True,0.00016029604415148112,0.29701517368900127,1.0,0.4302382409113618,accepted
908-157963-0011_1580-141084-0040_6930-81414-0007,s1,gated_deflation,0,True,0.0001618666669313492,0.5639430073512826,1.0,0.5354589554690432,accepted
908-157963-0011_1580-141084-0040_6930-81414-0007,s2,gated_deflation,0,True,0.0,0.2457727434550231,1.0,0.7786104915475098,accepted
908-157963-0011_1580-141084-0040_6930-81414-0007,s3,gated_deflation,0,False,0.0,0.023157660748613362,1.0,0.8421234425173872,margin
908-157963-0011_1580-141084-0040_6930-81414-0007,s1,coarse_to_fine,0,True,0.0001618666669313492,0.45435257522331174,1.0,0.4741015008572266,accepted
908-157963-0011_1580-141084-0040_6930-81414-0007,s2,coarse_to_fine,0,True,0.0,0.1575118166375905,1.0,0.5465592834213612,accepted
908-157963-0011_1580-141084-0040_6930-81414-0007,s3,coarse_to_fine,0,False,0.0,-0.2488994880951454,1.0,0.588677033681331,margin
908-157963-0011_1580-141084-0040_6930-81414-0007,s1,coarse_to_fine,1,True,0.0001618666669313492,0.6333286274658667,1.0,0.461868074644059,accepted
908-157963-0011_1580-141084-0040_6930-81414-0007,s2,coarse_to_fine,1,True,0.0,0.4563940621123753,0.987061183550652,0.5437687494830744,accepted
908-157963-0011_1580-141084-0040_6930-81414-0007,s3,coarse_to_fine,1,False,0.0,-0.3314919419082539,1.0,0.588677033681331,margin
1995-1826-0007_4970-29093-0009_6829-68771-0004,s1,gated_deflation,0,False,0.0,0.0284107398821693,0.9716377887788779,0.5991899948305462,margin
1995-1826-0007_4970-29093-0009_6829-68771-0004,s2,gated_deflation,0,True,0.00031046604559119246,0.1571805520034108,0.9621975806451613,0.570984188679397,accepted
1995-1826-0007_4970-29093-0009_6829-68771-0004,s3,gated_deflation,0,False,0.0,0.040823451710909675,0.972983870967742,0.5505669495486443,margin
1995-1826-0007_4970-29093-0009_6829-68771-0004,s1,coarse_to_fine,0,False,0.0,-0.24153877479144614,0.9716377887788779,0.36622531121475943,margin
1995-1826-0007_4970-29093-0009_6829-68771-0004,s2,coarse_to_fine,0,True,0.00031046604559119246,0.12522764043689316,0.9621975806451613,0.4721392533647645,accepted
1995-1826-0007_4970-29093-0009_6829-68771-0004,s3,coarse_to_fine,0,False,0.0,-0.10626617581790143,0.972983870967742,0.4055992940815279,margin
1995-1826-0007_4970-29093-0009_6829-68771-0004,s1,coarse_to_fine,1,False,0.0,-0.5866466960642924,0.9716377887788779,0.36622531121475943,margin
1995-1826-0007_4970-29093-0009_6829-68771-0004,s2,coarse_to_fine,1,True,0.00031046604559119246,0.5739757722375239,0.962130376344086,0.47254435445736925,accepted
1995-1826-0007_4970-29093-0009_6829-68771-0004,s3,coarse_to_fine,1,False,0.0,-0.5479905656444792,0.972983870967742,0.4055992940815279,margin
4077-13751-0001_1284-1181-0002_5142-33396-0037,s1,gated_deflation,0,True,9.259408951320756e-05,0.615601693813286,1.0,0.52075252880879,accepted
4077-13751-0001_1284-1181-0002_5142-33396-0037,s2,gated_deflation,0,True,0.0,0.15965995917174108,1.0,0.7484020061221389,accepted
4077-13751-0001_1284-1181-0002_5142-33396-0037,s3,gated_deflation,0,True,0.0,0.19153482829602314,1.0,0.7942310566632494,accepted
4077-13751-0001_1284-1181-0002_5142-33396-0037,s1,coarse_to_fine,0,True,9.259408951320756e-05,0.27084160700424115,1.0,0.48023680279822556,accepted
4077-13751-0001_1284-1181-0002_5142-33396-0037,s2,coarse_to_fine,0,False,0.0,-0.08764562698457862,1.0,0.3164067608999189,margin
4077-13751-0001_1284-1181-0002_5142-33396-0037,s3,coarse_to_fine,0,True,0.0,0.2810649486623236,1.0,0.3931992633288902,accepted
4077-13751-0001_1284-1181-0002_5142-33396-0037,s1,coarse_to_fine,1,True,9.259408951320756e-05,0.5202215039955492,1.0,0.5190326065717106,accepted
4077-13751-0001_1284-1181-0002_5142-33396-0037,s2,coarse_to_fine,1,False,0.0,-0.27763277209073645,1.0,0.3164067608999189,margin
4077-13751-0001_1284-1181-0002_5142-33396-0037,s3,coarse_to_fine,1,True,0.0,0.47560860521890974,1.0,0.3858693922133054,accepted
3570-5696-0008_8455-210777-0022_1320-122612-0005,s1,gated_deflation,0,False,0.0,-0.34030515890049484,1.0,0.7371708928455385,margin
3570-5696-0008_8455-210777-0022_1320-122612-0005,s2,gated_deflation,0,True,0.00013244438430240366,0.5420172161527439,1.0,0.45844073558816795,accepted
3570-5696-0008_8455-210777-0022_1320-122612-0005,s3,gated_deflation,0,False,0.0,-0.09620528393572458,1.0,0.8024302175715233,margin
3570-5696-0008_8455-210777-0022_1320-122612-0005,s1,coarse_to_fine,0,False,0.0,-0.32365917313967385,1.0,0.3309586573363534,margin
3570-5696-0008_8455-210777-0022_1320-122612-0005,s2,coarse_to_fine,0,False,0.00013244438430240366,0.09587297497028607,1.0,0.38362421748352693,margin
3570-5696-0008_8455-210777-0022_1320-122612-0005,s3,coarse_to_fine,0,True,0.0,0.11142046969601521,1.0,0.38830248597217415,accepted
3570-5696-0008_8455-210777-0022_1320-122612-0005,s1,coarse_to_fine,1,False,0.0,-0.44310694207317924,1.0,0.3309586573363534,margin
3570-5696-0008_8455-210777-0022_1320-122612-0005,s2,coarse_to_fine,1,False,0.00013244438430240366,-0.1548313025967747,1.0,0.38362421748352693,margin
3570-5696-0008_8455-210777-0022_1320-122612-0005,s3,coarse_to_fine,1,True,0.0,0.35472455796398394,1.0,0.37052319154178354,accepted
121-127105-0035_5105-28240-0019_5142-33396-0042,s1,gated_deflation,0,True,0.00013836549767387346,0.3325226783042253,0.9740941294339353,0.6412159284694191,accepted
121-127105-0035_5105-28240-0019_5142-33396-0042,s2,gated_deflation,0,False,0.0,-0.11071495167556655,0.9866892488251712,0.8111193504548949,margin
121-127105-0035_5105-28240-0019_5142-33396-0042,s3,gated_deflation,0,True,0.0,0.26545677646183835,1.0,0.8201113026259347,accepted
121-127105-0035_5105-28240-0019_5142-33396-0042,s1,coarse_to_fine,0,True,0.00013836549767387346,0.27134953833786757,0.9741656926122946,0.5247243431643569,accepted
121-127105-0035_5105-28240-0019_5142-33396-0042,s2,coarse_to_fine,0,False,0.0,-0.24056022345715575,0.9878581140717063,0.5390711934278679,margin
121-127105-0035_5105-28240-0019_5142-33396-0042,s3,coarse_to_fine,0,True,0.0,0.12742331437463875,1.0,0.5434402012079259,accepted
121-127105-0035_5105-28240-0019_5142-33396-0042,s1,coarse_to_fine,1,True,0.00013836549767387346,0.32259895312200443,0.9733784976503423,0.510737898442448,accepted
121-127105-0035_5105-28240-0019_5142-33396-0042,s2,coarse_to_fine,1,False,0.0,-0.5521134736290949,0.9878581140717063,0.5390711934278679,margin
121-127105-0035_5105-28240-0019_5142-33396-0042,s3,coarse_to_fine,1,True,0.0,0.16688798465792398,0.9794651619234543,0.5352781805430916,accepted
4970-29095-0036_8455-210777-0046_3570-5694-0014,s1,gated_deflation,0,True,0.0,0.43291226316696607,1.0,0.7869733646526166,accepted
4970-29095-0036_8455-210777-0046_3570-5694-0014,s2,gated_deflation,0,True,0.0,0.20067537645841055,1.0,0.5656134041885128,accepted
4970-29095-0036_8455-210777-0046_3570-5694-0014,s3,gated_deflation,0,True,0.00011845153246804018,0.453566793427032,1.0,0.45086635533325947,accepted
4970-29095-0036_8455-210777-0046_3570-5694-0014,s1,coarse_to_fine,0,False,0.0,-0.002356969177980228,1.0,0.47758423904441827,margin
4970-29095-0036_8455-210777-0046_3570-5694-0014,s2,coarse_to_fine,0,True,0.0,0.2131845401497753,1.0,0.3632956410890955,accepted
4970-29095-0036_8455-210777-0046_3570-5694-0014,s3,coarse_to_fine,0,True,0.00011845153246804018,0.49611503897528275,1.0,0.3294497586504933,accepted
4970-29095-0036_8455-210777-0046_3570-5694-0014,s1,coarse_to_fine,1,False,0.0,-0.12382458638245941,1.0,0.47758423904441827,margin
4970-29095-0036_8455-210777-0046_3570-5694-0014,s2,coarse_to_fine,1,True,0.0,0.50580256353652,1.0,0.37561527836730657,accepted
4970-29095-0036_8455-210777-0046_3570-5694-0014,s3,coarse_to_fine,1,True,0.00011845153246804018,0.7020125563740194,1.0,0.32021973781141494,accepted
1995-1837-0018_7127-75946-0002_8463-294828-0034,s1,gated_deflation,0,True,0.0,0.3129013970159346,1.0,0.39877371529517897,accepted
1995-1837-0018_7127-75946-0002_8463-294828-0034,s2,gated_deflation,0,True,0.0,0.39273190603037345,1.0,0.49041750426730957,accepted
1995-1837-0018_7127-75946-0002_8463-294828-0034,s3,gated_deflation,0,False,0.0,-0.06188568856945831,1.0,0.8837585873092362,margin
1995-1837-0018_7127-75946-0002_8463-294828-0034,s1,coarse_to_fine,0,True,0.0,0.40666606521354365,1.0,0.290687371323462,accepted
1995-1837-0018_7127-75946-0002_8463-294828-0034,s2,coarse_to_fine,0,True,0.0,0.4759936188392745,1.0,0.45776290927721675,accepted
1995-1837-0018_7127-75946-0002_8463-294828-0034,s3,coarse_to_fine,0,True,0.0,0.12480587912697341,1.0,0.4762129172442789,accepted
1995-1837-0018_7127-75946-0002_8463-294828-0034,s1,coarse_to_fine,1,True,0.0,0.5847112196074535,1.0,0.29807574713644774,accepted
1995-1837-0018_7127-75946-0002_8463-294828-0034,s2,coarse_to_fine,1,True,0.0,0.5534028766085712,1.0,0.4791177942999386,accepted
1995-1837-0018_7127-75946-0002_8463-294828-0034,s3,coarse_to_fine,1,True,0.0,0.4883355697370572,1.0,0.5061950593683222,accepted
1221-135767-0019_4446-2273-0001_7176-88083-0008,s1,gated_deflation,0,False,0.0,0.05671441215236661,1.0,0.7272903934912137,margin
1221-135767-0019_4446-2273-0001_7176-88083-0008,s2,gated_deflation,0,True,0.00020173631312849234,0.44898073498363844,1.0,0.6943681074324978,accepted
1221-135767-0019_4446-2273-0001_7176-88083-0008,s3,gated_deflation,0,True,0.0,0.4499251170664263,1.0,0.7203555465788684,accepted
1221-135767-0019_4446-2273-0001_7176-88083-0008,s1,coarse_to_fine,0,False,0.0,-0.23087886583089257,1.0,0.5459964648247694,margin
1221-135767-0019_4446-2273-0001_7176-88083-0008,s2,coarse_to_fine,0,True,0.00020173631312849234,0.27873451662761656,1.0,0.5282227580941141,accepted
1221-135767-0019_4446-2273-0001_7176-88083-0008,s3,coarse_to_fine,0,True,0.0,0.2708429852325278,1.0,0.46652538769645147,accepted
1221-135767-0019_4446-2273-0001_7176-88083-0008,s1,coarse_to_fine,1,False,0.0,-0.4820608191828559,1.0,0.5459964648247694,margin
1221-135767-0019_4446-2273-0001_7176-88083-0008,s2,coarse_to_fine,1,True,0.00020173631312849234,0.508879295633905,1.0,0.5178871540060824,accepted
1221-135767-0019_4446-2273-0001_7176-88083-0008,s3,coarse_to_fine,1,True,0.0,0.5666124478513415,1.0,0.4679861005717541,accepted
8455-210777-0006_1995-1826-0020_5683-32879-0002,s1,gated_deflation,0,True,0.0,0.19422230335990076,1.0,0.7798839363587837,accepted
8455-210777-0006_1995-1826-0020_5683-32879-0002,s2,gated_deflation,0,True,0.0,0.13815065808333832,0.954541015625,0.6802227833041522,accepted
8455-210777-0006_1995-1826-0020_5683-32879-0002,s3,gated_deflation,0,True,0.00019221061483108834,0.6813193230779239,0.993603515625,0.5519333868779629,accepted
8455-210777-0006_1995-1826-0020_5683-32879-0002,s1,coarse_to_fine,0,False,0.0,-0.16733506976760343,1.0,0.3894519095082842,margin
8455-210777-0006_1995-1826-0020_5683-32879-0002,s2,coarse_to_fine,0,False,0.0,0.01991309329732066,1.0,0.30752030566724997,margin
8455-210777-0006_1995-1826-0020_5683-32879-0002,s3,coarse_to_fine,0,True,0.00019221061483108834,0.4023216401807404,0.9898193359375,0.4671404810921385,accepted
8455-210777-0006_1995-1826-0020_5683-32879-0002,s1,coarse_to_fine,1,False,0.0,-0.16733506976760343,1.0,0.3894519095082842,margin
8455-210777-0006_1995-1826-0020_5683-32879-0002,s2,coarse_to_fine,1,False,0.0,-0.23395722940470653,1.0,0.30752030566724997,margin
8455-210777-0006_1995-1826-0020_5683-32879-0002,s3,coarse_to_fine,1,True,0.00019221061483108834,0.7130718127535055,0.9789794921875,0.4427379025446054,accepted
7729-102255-0018_1995-1826-0024_121-127105-0025,s1,gated_deflation,0,True,0.0,0.2757832804242444,0.9927657004830918,0.5831022256475179,accepted
7729-102255-0018_1995-1826-0024_121-127105-0025,s2,gated_deflation,0,True,0.0,0.14702761628132283,1.0,0.8234771229033341,accepted
7729-102255-0018_1995-1826-0024_121-127105-0025,s3,gated_deflation,0,True,0.0001563215742636587,0.21538454317552796,1.0,0.5360983063480318,accepted
7729-102255-0018_1995-1826-0024_121-127105-0025,s1,coarse_to_fine,0,False,0.0,0.06634011123910516,0.9927657004830918,0.33777685024326415,margin
7729-102255-0018_1995-1826-0024_121-127105-0025,s2,coarse_to_fine,0,True,0.0,0.10868629539615204,1.0,0.37871759330731947,accepted
7729-102255-0018_1995-1826-0024_121-127105-0025,s3,coarse_to_fine,0,True,0.0001563215742636587,0.16822585646807942,1.0,0.4728027386475788,accepted
7729-102255-0018_1995-1826-0024_121-127105-0025,s1,coarse_to_fine,1,False,0.0,-0.0931119003203425,0.9927657004830918,0.33777685024326415,margin
7729-102255-0018_1995-1826-0024_121-127105-0025,s2,coarse_to_fine,1,True,0.0,0.3044223646622288,1.0,0.39320976788693457,accepted
7729-102255-0018_1995-1826-0024_121-127105-0025,s3,coarse_to_fine,1,True,0.0001563215742636587,0.10672031659670594,1.0,0.4324163782461408,accepted
8230-279154-0019_4446-2271-0000_237-126133-0009,s1,gated_deflation,0,True,8.761955701098996e-05,0.7138876631744827,0.9605218855218856,0.39587419769152976,accepted
8230-279154-0019_4446-2271-0000_237-126133-0009,s2,gated_deflation,0,True,0.0,0.21047740722050703,1.0,0.8873541602233954,accepted
8230-279154-0019_4446-2271-0000_237-126133-0009,s3,gated_deflation,0,False,0.0,-0.12691531013204885,1.0,0.8922809967134642,margin
8230-279154-0019_4446-2271-0000_237-126133-0009,s1,coarse_to_fine,0,True,8.761955701098996e-05,0.4612600668581319,1.0,0.27896197952375773,accepted
8230-279154-0019_4446-2271-0000_237-126133-0009,s2,coarse_to_fine,0,False,0.0,-0.24014146875304526,1.0,0.31793100503161287,margin
8230-279154-0019_4446-2271-0000_237-126133-0009,s3,coarse_to_fine,0,False,0.0,-0.0914736825738405,1.0,0.45504798064478214,margin
8230-279154-0019_4446-2271-0000_237-126133-0009,s1,coarse_to_fine,1,True,8.761955701098996e-05,0.7807087101949254,1.0,0.30202341263749316,accepted
8230-279154-0019_4446-2271-0000_237-126133-0009,s2,coarse_to_fine,1,False,0.0,-0.3662323716198417,1.0,0.31793100503161287,margin
8230-279154-0019_4446-2271-0000_237-126133-0009,s3,coarse_to_fine,1,False,0.0,-0.0914736825738405,1.0,0.45504798064478214,margin
7729-102255-0033_2094-142345-0053_3570-5694-0012,s1,gated_deflation,0,True,0.00015923936374617417,0.636622885779818,1.0,0.4803736220154638,accepted
7729-102255-0033_2094-142345-0053_3570-5694-0012,s2,gated_deflation,0,True,0.0,0.2565918564038319,1.0,0.7356016214225324,accepted
7729-102255-0033_2094-142345-0053_3570-5694-0012,s3,gated_deflation,0,True,0.0,0.3860035719667513,1.0,0.7228050633789114,accepted
7729-102255-0033_2094-142345-0053_3570-5694-0012,s1,coarse_to_fine,0,True,0.00015923936374617417,0.42300915072956824,1.0,0.3137017669191851,accepted
7729-102255-0033_2094-142345-0053_3570-5694-0012,s2,coarse_to_fine,0,False,0.0,0.08159957852253064,1.0,0.32138237856031043,margin
7729-102255-0033_2094-142345-0053_3570-5694-0012,s3,coarse_to_fine,0,False,0.0,-0.0768795462496748,1.0,0.26394743326207026,margin
7729-102255-0033_2094-142345-0053_3570-5694-0012,s1,coarse_to_fine,1,True,0.00015923936374617417,0.7502257982116612,1.0,0.3079868782958042,accepted
7729-102255-0033_2094-142345-0053_3570-5694-0012,s2,coarse_to_fine,1,False,0.0,0.08159957852253064,1.0,0.32138237856031043,margin
7729-102255-0033_2094-142345-0053_3570-5694-0012,s3,coarse_to_fine,1,False,0.0,-0.0768795462496748,1.0,0.26394743326207026,margin
908-31957-0020_6829-68771-0033_8555-292519-0006,s1,gated_deflation,0,False,0.0,-0.25305631789451055,0.9784729315628192,0.7047899474934063,margin
908-31957-0020_6829-68771-0033_8555-292519-0006,s2,gated_deflation,0,False,0.0,0.030249650764891223,1.0,0.7210908704597208,margin
908-31957-0020_6829-68771-0033_8555-292519-0006,s3,gated_deflation,0,True,0.00015182049226233457,0.4537704641046081,0.9721910112359551,0.4164271685247273,accepted
908-31957-0020_6829-68771-0033_8555-292519-0006,s1,coarse_to_fine,0,False,0.0,-0.4556399796762071,0.9784729315628192,0.39568044909833955,margin
908-31957-0020_6829-68771-0033_8555-292519-0006,s2,coarse_to_fine,0,True,0.0,0.183545199588108,1.0,0.3717840347189982,accepted
908-31957-0020_6829-68771-0033_8555-292519-0006,s3,coarse_to_fine,0,False,0.00015182049226233457,0.001231773179300566,0.9721910112359551,0.26198848173943223,margin
908-31957-0020_6829-68771-0033_8555-292519-0006,s1,coarse_to_fine,1,False,0.0,-0.7548398977656239,0.9784729315628192,0.39568044909833955,margin
908-31957-0020_6829-68771-0033_8555-292519-0006,s2,coarse_to_fine,1,True,0.0,0.47521762531909234,1.0,0.35730573976191304,accepted
908-31957-0020_6829-68771-0033_8555-292519-0006,s3,coarse_to_fine,1,False,0.00015182049226233457,-0.28791516195225964,0.9721910112359551,0.26198848173943223,margin
8463-294828-0016_8224-274384-0010_4446-2273-0024,s1,gated_deflation,0,True,0.0,0.22568300727534196,1.0,0.8977788380006553,accepted
8463-294828-0016_8224-274384-0010_4446-2273-0024,s2,gated_deflation,0,True,0.0001609334873640299,0.7508315780840593,1.0,0.42838915959677676,accepted
8463-294828-0016_8224-274384-0010_4446-2273-0024,s3,gated_deflation,0,False,0.0,-0.04316912465859407,0.9777450980392157,0.821019846878139,margin
8463-294828-0016_8224-274384-0010_4446-2273-0024,s1,coarse_to_fine,0,False,0.0,-0.3003835122818257,1.0,0.44294589490408276,margin
8463-294828-0016_8224-274384-0010_4446-2273-0024,s2,coarse_to_fine,0,True,0.0001609334873640299,0.29349857690484205,1.0,0.4015203786716647,accepted
8463-294828-0016_8224-274384-0010_4446-2273-0024,s3,coarse_to_fine,0,False,0.0,-0.06038760689578168,1.0,0.37123367089347487,margin
8463-294828-0016_8224-274384-0010_4446-2273-0024,s1,coarse_to_fine,1,False,0.0,-0.3003835122818257,1.0,0.44294589490408276,margin
8463-294828-0016_8224-274384-0010_4446-2273-0024,s2,coarse_to_fine,1,True,0.0001609334873640299,0.692869645631309,1.0,0.4013459870407409,accepted
8463-294828-0016_8224-274384-0010_4446-2273-0024,s3,coarse_to_fine,1,False,0.0,-0.4537456186150045,1.0,0.37123367089347487,margin
5105-28233-0003_61-70970-0039_908-157963-0029,s1,gated_deflation,0,True,8.535581100819856e-05,0.36964662200929377,0.999117387466902,0.53108783721486,accepted
5105-28233-0003_61-70970-0039_908-157963-0029,s2,gated_deflation,0,True,0.0,0.2111793388866361,1.0,0.7736149866010192,accepted
5105-28233-0003_61-70970-0039_908-157963-0029,s3,gated_deflation,0,True,0.0,0.1612879032507668,1.0,0.8809593935766543,accepted
5105-28233-0003_61-70970-0039_908-157963-0029,s1,coarse_to_fine,0,True,8.535581100819856e-05,0.19649082603057477,1.0,0.47637834746678076,accepted
5105-28233-0003_61-70970-0039_908-157963-0029,s2,coarse_to_fine,0,True,0.0,0.2025576138082525,1.0,0.44351238652843833,accepted
5105-28233-0003_61-70970-0039_908-157963-0029,s3,coarse_to_fine,0,False,0.0,-0.2132025476940589,1.0,0.44623049512096585,margin
5105-28233-0003_61-70970-0039_908-157963-0029,s1,coarse_to_fine,1,True,8.535581100819856e-05,0.1694349663169229,1.0,0.4338966478831566,accepted
5105-28233-0003_61-70970-0039_908-157963-0029,s2,coarse_to_fine,1,True,0.0,0.24168885413521946,1.0,0.44867023454502425,accepted
5105-28233-0003_61-70970-0039_908-157963-0029,s3,coarse_to_fine,1,False,0.0,-0.44399082470685336,1.0,0.44623049512096585,margin
8230-279154-0020_61-70970-0018_1320-122612-0013,s1,gated_deflation,0,True,0.0001570071855022782,0.15803864792822248,1.0,0.4338423153334346,accepted
8230-279154-0020_61-70970-0018_1320-122612-0013,s2,gated_deflation,0,True,0.0,0.12111121566217459,1.0,0.6861456287461652,accepted
8230-279154-0020_61-70970-0018_1320-122612-0013,s3,gated_deflation,0,False,0.0,0.03636745171869882,1.0,0.5143692664452598,margin
8230-279154-0020_61-70970-0018_1320-122612-0013,s1,coarse_to_fine,0,False,0.0001570071855022782,-0.032558202223835875,1.0,0.2814937053386749,margin
8230-279154-0020_61-70970-0018_1320-122612-0013,s2,coarse_to_fine,0,False,0.0,-0.08822991476661007,1.0,0.3261430420848708,margin
8230-279154-0020_61-70970-0018_1320-122612-0013,s3,coarse_to_fine,0,False,0.0,0.07446815682634222,1.0,0.2645998738668945,margin
8230-279154-0020_61-70970-0018_1320-122612-0013,s1,coarse_to_fine,1,False,0.0001570071855022782,-0.032558202223835875,1.0,0.2814937053386749,margin
8230-279154-0020_61-70970-0018_1320-122612-0013,s2,coarse_to_fine,1,False,0.0,-0.08822991476661007,1.0,0.3261430420848708,margin
8230-279154-0020_61-70970-0018_1320-122612-0013,s3,coarse_to_fine,1,False,0.0,0.07446815682634222,1.0,0.2645998738668945,margin
4507-16021-0003_7021-85628-0002_8224-274381-0015,s1,gated_deflation,0,False,0.0,0.06533904297964305,1.0,0.7607491569375062,margin
4507-16021-0003_7021-85628-0002_8224-274381-0015,s2,gated_deflation,0,False,0.0,0.06524771376701233,1.0,0.6926902168116049,margin
4507-16021-0003_7021-85628-0002_8224-274381-0015,s3,gated_deflation,0,True,0.00011349797189929114,0.43093632033158247,1.0,0.4032550165897585,accepted
4507-16021-0003_7021-85628-0002_8224-274381-0015,s1,coarse_to_fine,0,False,0.0,-0.010308120431493928,1.0,0.2313588231559213,margin
4507-16021-0003_7021-85628-0002_8224-274381-0015,s2,coarse_to_fine,0,False,0.0,0.07059621335732669,1.0,0.2916551314360475,margin
4507-16021-0003_7021-85628-0002_8224-274381-0015,s3,coarse_to_fine,0,True,0.00011349797189929114,0.14524519539169717,1.0,0.31987970754331224,accepted
4507-16021-0003_7021-85628-0002_8224-274381-0015,s1,coarse_to_fine,1,False,0.0,-0.12412425830296253,1.0,0.2313588231559213,margin
4507-16021-0003_7021-85628-0002_8224-274381-0015,s2,coarse_to_fine,1,False,0.0,-0.2251363513400516,1.0,0.2916551314360475,margin
4507-16021-0003_7021-85628-0002_8224-274381-0015,s3,coarse_to_fine,1,True,0.00011349797189929114,0.19872966287466698,1.0,0.3582782910960459,accepted
1284-1180-0028_1580-141084-0024_237-126133-0007,s1,gated_deflation,0,False,0.0,-0.08527084788511757,1.0,0.7191520723187342,margin
1284-1180-0028_1580-141084-0024_237-126133-0007,s2,gated_deflation,0,True,0.00020800118363633628,0.37461568314842075,1.0,0.5612796078071148,accepted
1284-1180-0028_1580-141084-0024_237-126133-0007,s3,gated_deflation,0,False,0.0,-0.20231785266533764,1.0,0.5814505404637238,margin
1284-1180-0028_1580-141084-0024_237-126133-0007,s1,coarse_to_fine,0,False,0.0,-0.1424268621946894,1.0,0.5045889957481415,margin
1284-1180-0028_1580-141084-0024_237-126133-0007,s2,coarse_to_fine,0,True,0.00020800118363633628,0.37925002922626955,1.0,0.4532456055279947,accepted
1284-1180-0028_1580-141084-0024_237-126133-0007,s3,coarse_to_fine,0,False,0.0,-0.367362518428855,1.0,0.4453431960392393,margin
1284-1180-0028_1580-141084-0024_237-126133-0007,s1,coarse_to_fine,1,False,0.0,-0.26781311411630015,1.0,0.5045889957481415,margin
1284-1180-0028_1580-141084-0024_237-126133-0007,s2,coarse_to_fine,1,True,0.00020800118363633628,0.6129068467533691,1.0,0.4483721254862514,accepted
1284-1180-0028_1580-141084-0024_237-126133-0007,s3,coarse_to_fine,1,False,0.0,-0.6046009109050023,1.0,0.4453431960392393,margin
5639-40744-0004_4992-41806-0011_672-122797-0012,s1,gated_deflation,0,True,0.00017504285074008223,0.5552163277329418,1.0,0.49594022581591507,accepted
5639-40744-0004_4992-41806-0011_672-122797-0012,s2,gated_deflation,0,False,0.0,0.09180875091420404,0.9898391812865497,0.6352704382275728,margin
5639-40744-0004_4992-41806-0011_672-122797-0012,s3,gated_deflation,0,False,0.0,-0.3327759749564399,1.0,0.724406268877568,margin
5639-40744-0004_4992-41806-0011_672-122797-0012,s1,coarse_to_fine,0,True,0.00017504285074008223,0.3623537520884781,1.0,0.4272271924078093,accepted
5639-40744-0004_4992-41806-0011_672-122797-0012,s2,coarse_to_fine,0,True,0.0,0.10541917333925094,0.9898391812865497,0.3380690975316264,accepted
5639-40744-0004_4992-41806-0011_672-122797-0012,s3,coarse_to_fine,0,False,0.0,-0.38534183144436945,1.0,0.48858091278081817,margin
5639-40744-0004_4992-41806-0011_672-122797-0012,s1,coarse_to_fine,1,True,0.00017504285074008223,0.4629020865924989,1.0,0.4761424761889526,accepted
5639-40744-0004_4992-41806-0011_672-122797-0012,s2,coarse_to_fine,1,False,0.0,0.06867483796036988,1.0,0.3436614634321691,margin
5639-40744-0004_4992-41806-0011_672-122797-0012,s3,coarse_to_fine,1,False,0.0,-0.7047561554504498,1.0,0.48858091278081817,margin
8463-294828-0033_3729-6852-0019_4507-16021-0039,s1,gated_deflation,0,True,0.0,0.10890868695626077,1.0,0.8066682168309284,accepted
8463-294828-0033_3729-6852-0019_4507-16021-0039,s2,gated_deflation,0,False,0.0,-0.04327347983508456,1.0,0.8825131229631544,margin
8463-294828-0033_3729-6852-0019_4507-16021-0039,s3,gated_deflation,0,True,9.120302008640598e-05,0.37951197663099634,0.9451537744641193,0.4380288282777268,accepted
8463-294828-0033_3729-6852-0019_4507-16021-0039,s1,coarse_to_fine,0,True,0.0,0.12439249980770545,1.0,0.464223097600629,accepted
8463-294828-0033_3729-6852-0019_4507-16021-0039,s2,coarse_to_fine,0,False,0.0,-0.05289146580161952,1.0,0.32877723162746697,margin
8463-294828-0033_3729-6852-0019_4507-16021-0039,s3,coarse_to_fine,0,True,9.120302008640598e-05,0.17358734928354252,0.9575256290773532,0.35488167997678033,accepted
8463-294828-0033_3729-6852-0019_4507-16021-0039,s1,coarse_to_fine,1,True,0.0,0.1947444313950516,1.0,0.4614726260493931,accepted
8463-294828-0033_3729-6852-0019_4507-16021-0039,s2,coarse_to_fine,1,False,0.0,-0.22363357182962246,1.0,0.32877723162746697,margin
8463-294828-0033_3729-6852-0019_4507-16021-0039,s3,coarse_to_fine,1,True,9.120302008640598e-05,0.22502982915177916,0.9782851817334576,0.37435012681862806,accepted
1221-135767-0021_4446-2273-0010_4507-16021-0024,s1,gated_deflation,0,False,0.0,0.07317370723013178,1.0,0.5073392797191548,margin
1221-135767-0021_4446-2273-0010_4507-16021-0024,s2,gated_deflation,0,False,0.0,0.06883557881308644,0.9946350524475525,0.5012227410342146,margin
1221-135767-0021_4446-2273-0010_4507-16021-0024,s3,gated_deflation,0,False,0.0,0.03242879734486098,0.9985809178743962,0.7761460534049138,margin
1221-135767-0021_4446-2273-0010_4507-16021-0024,s1,coarse_to_fine,0,True,0.0,0.2010680320836915,1.0,0.4252648085905954,accepted
1221-135767-0021_4446-2273-0010_4507-16021-0024,s2,coarse_to_fine,0,False,0.0,-0.051278344536877685,0.9948426573426573,0.40933139223489345,margin
1221-135767-0021_4446-2273-0010_4507-16021-0024,s3,coarse_to_fine,0,False,0.0,-0.05347891824546225,1.0,0.3249759246625792,margin
1221-135767-0021_4446-2273-0010_4507-16021-0024,s1,coarse_to_fine,1,True,0.0,0.48785604649313424,1.0,0.43512945021383,accepted
1221-135767-0021_4446-2273-0010_4507-16021-0024,s2,coarse_to_fine,1,False,0.0,-0.2788906226008543,0.9948426573426573,0.40933139223489345,margin
1221-135767-0021_4446-2273-0010_4507-16021-0024,s3,coarse_to_fine,1,False,0.0,-0.2693673010990099,1.0,0.3249759246625792,margin
5142-33396-0014_2961-960-0003_7021-85628-0009,s1,gated_deflation,0,False,0.0,0.10382043302286553,1.0,0.911645023130998,artifact_score
5142-33396-0014_2961-960-0003_7021-85628-0009,s2,gated_deflation,0,True,0.0001625984246471002,0.5747763155828219,0.9816644562334218,0.5072083428774163,accepted
5142-33396-0014_2961-960-0003_7021-85628-0009,s3,gated_deflation,0,False,0.0,0.021396189925676656,1.0,0.7587140542236445,margin
5142-33396-0014_2961-960-0003_7021-85628-0009,s1,coarse_to_fine,0,False,0.0,-0.06381842822826944,1.0,0.4950358785797231,margin
5142-33396-0014_2961-960-0003_7021-85628-0009,s2,coarse_to_fine,0,True,0.0001625984246471002,0.45671887101355957,0.9816644562334218,0.4386539919833123,accepted
5142-33396-0014_2961-960-0003_7021-85628-0009,s3,coarse_to_fine,0,True,0.0,0.1417724544962685,1.0,0.46399352282816125,accepted
5142-33396-0014_2961-960-0003_7021-85628-0009,s1,coarse_to_fine,1,False,0.0,-0.17187219184929342,1.0,0.4950358785797231,margin
5142-33396-0014_2961-960-0003_7021-85628-0009,s2,coarse_to_fine,1,True,0.0001625984246471002,0.4860480299152771,0.9708720159151194,0.4453788194410597,accepted
5142-33396-0014_2961-960-0003_7021-85628-0009,s3,coarse_to_fine,1,True,0.0,0.44948669415342934,1.0,0.4685745056158573,accepted
4970-29095-0001_2830-3980-0047_8224-274384-0002,s1,gated_deflation,0,True,0.0001843136115821975,0.33425356393542127,0.9632728304027226,0.5499439032847425,accepted
4970-29095-0001_2830-3980-0047_8224-274384-0002,s2,gated_deflation,0,True,0.0,0.17430617200549464,1.0,0.7014455980796236,accepted
4970-29095-0001_2830-3980-0047_8224-274384-0002,s3,gated_deflation,0,True,0.0,0.12444810140922441,0.9613301191151447,0.6174358531212187,accepted
4970-29095-0001_2830-3980-0047_8224-274384-0002,s1,coarse_to_fine,0,True,0.0001843136115821975,0.31348525211687184,0.962138400453772,0.46892582349947476,accepted
4970-29095-0001_2830-3980-0047_8224-274384-0002,s2,coarse_to_fine,0,False,0.0,-0.04103853717878686,1.0,0.4208049652405992,margin
4970-29095-0001_2830-3980-0047_8224-274384-0002,s3,coarse_to_fine,0,False,0.0,0.09988256129978318,0.9815796937039137,0.3797769490657817,margin
4970-29095-0001_2830-3980-0047_8224-274384-0002,s1,coarse_to_fine,1,True,0.0001843136115821975,0.5559198608484848,0.9613726602382303,0.46645891650246346,accepted
4970-29095-0001_2830-3980-0047_8224-274384-0002,s2,coarse_to_fine,1,False,0.0,-0.04103853717878686,1.0,0.4208049652405992,margin
4970-29095-0001_2830-3980-0047_8224-274384-0002,s3,coarse_to_fine,1,False,0.0,0.09988256129978318,0.9815796937039137,0.3797769490657817,margin
6930-75918-0011_2094-142345-0015_61-70968-0056,s1,gated_deflation,0,False,0.0,0.10287658772185898,1.0,0.9204297691412043,artifact_score
6930-75918-0011_2094-142345-0015_61-70968-0056,s2,gated_deflation,0,True,0.0001312435154824034,0.5105458462902881,1.0,0.43481956852780373,accepted
6930-75918-0011_2094-142345-0015_61-70968-0056,s3,gated_deflation,0,True,0.0,0.28779849838602556,1.0,0.8977304196307048,accepted
6930-75918-0011_2094-142345-0015_61-70968-0056,s1,coarse_to_fine,0,False,0.0,-0.1011701705481717,1.0,0.60422047530674,margin
6930-75918-0011_2094-142345-0015_61-70968-0056,s2,coarse_to_fine,0,True,0.0001312435154824034,0.30334541348472993,1.0,0.4395851851790182,accepted
6930-75918-0011_2094-142345-0015_61-70968-0056,s3,coarse_to_fine,0,True,0.0,0.13676695084040053,1.0,0.5653599139307406,accepted
6930-75918-0011_2094-142345-0015_61-70968-0056,s1,coarse_to_fine,1,False,0.0,-0.3131731332930524,1.0,0.60422047530674,margin
6930-75918-0011_2094-142345-0015_61-70968-0056,s2,coarse_to_fine,1,True,0.0001312435154824034,0.5718857849912216,1.0,0.40165257391680953,accepted
6930-75918-0011_2094-142345-0015_61-70968-0056,s3,coarse_to_fine,1,True,0.0,0.40115912099833106,1.0,0.5574578381502187,accepted
3570-5696-0000_5639-40744-0032_8455-210777-0025,s1,gated_deflation,0,False,0.0,0.06186360344373654,1.0,0.6181646122449551,margin
3570-5696-0000_5639-40744-0032_8455-210777-0025,s2,gated_deflation,0,True,0.00010350407577052508,0.3076478812046047,0.9869779164666347,0.4493987318881233,accepted
3570-5696-0000_5639-40744-0032_8455-210777-0025,s3,gated_deflation,0,True,0.0,0.12707298410758805,1.0,0.8842790416659199,accepted
3570-5696-0000_5639-40744-0032_8455-210777-0025,s1,coarse_to_fine,0,True,0.0,0.13421482100403603,1.0,0.34614385280284216,accepted
3570-5696-0000_5639-40744-0032_8455-210777-0025,s2,coarse_to_fine,0,True,0.00010350407577052508,0.17097577376656364,1.0,0.40395431200975007,accepted
3570-5696-0000_5639-40744-0032_8455-210777-0025,s3,coarse_to_fine,0,True,0.0,0.11833668813405546,1.0,0.3808896902286455,accepted
3570-5696-0000_5639-40744-0032_8455-210777-0025,s1,coarse_to_fine,1,True,0.0,0.17611607391136141,1.0,0.3314431804077136,accepted
3570-5696-0000_5639-40744-0032_8455-210777-0025,s2,coarse_to_fine,1,True,0.00010350407577052508,0.20603502717637667,1.0,0.35256815782359346,accepted
3570-5696-0000_5639-40744-0032_8455-210777-0025,s3,coarse_to_fine,1,True,0.0,0.36210099565559734,1.0,0.39504805544072424,accepted
8455-210777-0069_1580-141083-0036_1995-1837-0007,s1,gated_deflation,0,True,0.0,0.2682340350417355,0.9855128205128205,0.5384661306369259,accepted
8455-210777-0069_1580-141083-0036_1995-1837-0007,s2,gated_deflation,0,True,0.0,0.2539119076559606,1.0,0.8224275884243867,accepted
8455-210777-0069_1580-141083-0036_1995-1837-0007,s3,gated_deflation,0,False,0.0,0.039453771859402964,0.9667948717948718,0.4737977983537365,margin
8455-210777-0069_1580-141083-0036_1995-1837-0007,s1,coarse_to_fine,0,True,0.0,0.13974185241481535,0.9866185897435897,0.4421606069491009,accepted
8455-210777-0069_1580-141083-0036_1995-1837-0007,s2,coarse_to_fine,0,False,0.0,0.007845560466643392,1.0,0.4759581839763721,margin
8455-210777-0069_1580-141083-0036_1995-1837-0007,s3,coarse_to_fine,0,True,0.0,0.25343992116209757,0.9606730769230769,0.274590925682287,accepted
8455-210777-0069_1580-141083-0036_1995-1837-0007,s1,coarse_to_fine,1,True,0.0,0.5458317955435383,1.0,0.48895779276192536,accepted
8455-210777-0069_1580-141083-0036_1995-1837-0007,s2,coarse_to_fine,1,False,0.0,-0.21062991370740486,1.0,0.4759581839763721,margin
8455-210777-0069_1580-141083-0036_1995-1837-0007,s3,coarse_to_fine,1,True,0.0,0.5682324787549574,0.9602083333333333,0.27372491470274324,accepted
1320-122617-0021_8455-210777-0014_5683-32866-0024,s1,gated_deflation,0,False,0.0,0.08545054784005168,1.0,0.7280000722593494,margin
1320-122617-0021_8455-210777-0014_5683-32866-0024,s2,gated_deflation,0,True,0.0,0.2347704885496773,1.0,0.7748217673217703,accepted
1320-122617-0021_8455-210777-0014_5683-32866-0024,s3,gated_deflation,0,True,0.00018182502793574295,0.43752290926471055,1.0,0.49470834009460246,accepted
1320-122617-0021_8455-210777-0014_5683-32866-0024,s1,coarse_to_fine,0,False,0.0,-0.0869162760785982,1.0,0.42426203032941345,margin
1320-122617-0021_8455-210777-0014_5683-32866-0024,s2,coarse_to_fine,0,True,0.0,0.1341569038075719,1.0,0.3418445924147398,accepted
1320-122617-0021_8455-210777-0014_5683-32866-0024,s3,coarse_to_fine,0,True,0.00018182502793574295,0.37310810450254805,1.0,0.4678905297032797,accepted
1320-122617-0021_8455-210777-0014_5683-32866-0024,s1,coarse_to_fine,1,False,0.0,-0.28960954334577604,1.0,0.42426203032941345,margin
1320-122617-0021_8455-210777-0014_5683-32866-0024,s2,coarse_to_fine,1,True,0.0,0.4330026525382002,1.0,0.3398651059892814,accepted
1320-122617-0021_8455-210777-0014_5683-32866-0024,s3,coarse_to_fine,1,True,0.00018182502793574295,0.6785160254629224,1.0,0.454520878207855,accepted
4507-16021-0045_4077-13754-0014_1580-141084-0029,s1,gated_deflation,0,False,0.0,-0.07728487425500513,1.0,0.776404446180723,margin
4507-16021-0045_4077-13754-0014_1580-141084-0029,s2,gated_deflation,0,True,0.00016233589223316343,0.5131474346889663,1.0,0.6498007112712644,accepted
4507-16021-0045_4077-13754-0014_1580-141084-0029,s3,gated_deflation,0,True,0.0,0.24265396465869848,0.9926148409893993,0.7437337458846436,accepted
4507-16021-0045_4077-13754-0014_1580-141084-0029,s1,coarse_to_fine,0,False,0.0,-0.08039151705293687,1.0,0.41252937718961297,margin
4507-16021-0045_4077-13754-0014_1580-141084-0029,s2,coarse_to_fine,0,True,0.00016233589223316343,0.44586104927878495,1.0,0.6138916485091883,accepted
4507-16021-0045_4077-13754-0014_1580-141084-0029,s3,coarse_to_fine,0,True,0.0,0.18507513424112942,0.9926148409893993,0.5927335894911676,accepted
4507-16021-0045_4077-13754-0014_1580-141084-0029,s1,coarse_to_fine,1,False,0.0,-0.28925570021477287,1.0,0.41252937718961297,margin
4507-16021-0045_4077-13754-0014_1580-141084-0029,s2,coarse_to_fine,1,True,0.00016233589223316343,0.5569949271024504,1.0,0.6099867389680464,accepted
4507-16021-0045_4077-13754-0014_1580-141084-0029,s3,coarse_to_fine,1,True,0.0,0.42724694488646986,1.0,0.5979112682416672,accepted
8224-274381-0006_4446-2275-0012_6829-68769-0002,s1,gated_deflation,0,True,0.00010385617602612532,0.5849079313579404,1.0,0.4282387516434201,accepted
8224-274381-0006_4446-2275-0012_6829-68769-0002,s2,gated_deflation,0,True,0.0,0.33883705115859997,0.9977363184079602,0.8470022188220688,accepted
8224-274381-0006_4446-2275-0012_6829-68769-0002,s3,gated_deflation,0,False,0.0,-0.2800966310524605,1.0,0.910057495345151,margin
8224-274381-0006_4446-2275-0012_6829-68769-0002,s1,coarse_to_fine,0,True,0.00010385617602612532,0.38293897446511194,1.0,0.4231140459246546,accepted
8224-274381-0006_4446-2275-0012_6829-68769-0002,s2,coarse_to_fine,0,True,0.0,0.29637871603846616,1.0,0.5214775205547421,accepted
8224-274381-0006_4446-2275-0012_6829-68769-0002,s3,coarse_to_fine,0,True,0.0,0.36432317555916754,1.0,0.4118824446774432,accepted
8224-274381-0006_4446-2275-0012_6829-68769-0002,s1,coarse_to_fine,1,True,0.00010385617602612532,0.484331764913107,1.0,0.4470690380053119,accepted
8224-274381-0006_4446-2275-0012_6829-68769-0002,s2,coarse_to_fine,1,True,0.0,0.2996554056922458,1.0,0.48560819659812604,accepted
8224-274381-0006_4446-2275-0012_6829-68769-0002,s3,coarse_to_fine,1,True,0.0,0.5520092315920396,1.0,0.38301312495507556,accepted
1580-141083-0013_4992-41806-0016_6829-68771-0019,s1,gated_deflation,0,False,0.0,-0.22378664566852347,1.0,0.8717093646758218,margin
1580-141083-0013_4992-41806-0016_6829-68771-0019,s2,gated_deflation,0,True,9.01629296252194e-05,0.4440790861318236,0.9758372274143302,0.3839255687641902,accepted
1580-141083-0013_4992-41806-0016_6829-68771-0019,s3,gated_deflation,0,False,0.0,-0.07006023542127215,0.9750194704049844,0.7590632499689589,margin
1580-141083-0013_4992-41806-0016_6829-68771-0019,s1,coarse_to_fine,0,False,0.0,-0.4680597283579311,1.0,0.4693467245367497,margin
1580-141083-0013_4992-41806-0016_6829-68771-0019,s2,coarse_to_fine,0,True,9.01629296252194e-05,0.12015125845646629,0.9758372274143302,0.31958943082087266,accepted
1580-141083-0013_4992-41806-0016_6829-68771-0019,s3,coarse_to_fine,0,False,0.0,0.0003347817302513101,0.9750194704049844,0.41365027741992133,margin
1580-141083-0013_4992-41806-0016_6829-68771-0019,s1,coarse_to_fine,1,False,0.0,-0.5566611706657373,1.0,0.4693467245367497,margin
1580-141083-0013_4992-41806-0016_6829-68771-0019,s2,coarse_to_fine,1,True,9.01629296252194e-05,0.391757508140015,0.965167445482866,0.29582820017532513,accepted
1580-141083-0013_4992-41806-0016_6829-68771-0019,s3,coarse_to_fine,1,False,0.0,-0.24723440035226563,0.9750194704049844,0.41365027741992133,margin
7127-75946-0014_7729-102255-0038_1284-134647-0002,s1,gated_deflation,0,True,0.0,0.15765790081354758,1.0,0.6622429626422897,accepted
7127-75946-0014_7729-102255-0038_1284-134647-0002,s2,gated_deflation,0,True,0.0,0.3020994878805872,1.0,0.7065502413708482,accepted
7127-75946-0014_7729-102255-0038_1284-134647-0002,s3,gated_deflation,0,True,0.00012506839811992146,0.24365901251273053,1.0,0.4443686378941903,accepted
7127-75946-0014_7729-102255-0038_1284-134647-0002,s1,coarse_to_fine,0,True,0.0,0.18359694826176604,1.0,0.4338741980571201,accepted
7127-75946-0014_7729-102255-0038_1284-134647-0002,s2,coarse_to_fine,0,False,0.0,-0.01896316892001862,1.0,0.3714344281170708,margin
7127-75946-0014_7729-102255-0038_1284-134647-0002,s3,coarse_to_fine,0,False,0.00012506839811992146,0.04245513063866463,1.0,0.3660110664593446,margin
7127-75946-0014_7729-102255-0038_1284-134647-0002,s1,coarse_to_fine,1,True,0.0,0.46728445454437884,1.0,0.3995125141230956,accepted
7127-75946-0014_7729-102255-0038_1284-134647-0002,s2,coarse_to_fine,1,False,0.0,-0.18974966569368382,1.0,0.3714344281170708,margin
7127-75946-0014_7729-102255-0038_1284-134647-0002,s3,coarse_to_fine,1,False,0.00012506839811992146,-0.20970080803053287,1.0,0.3660110664593446,margin
1580-141083-0023_2300-131720-0013_61-70970-0024,s1,gated_deflation,0,False,0.0,0.21028776501981047,1.0,0.9085756035231252,artifact_score
1580-141083-0023_2300-131720-0013_61-70970-0024,s2,gated_deflation,0,True,5.916029019743183e-05,0.4362718637132644,1.0,0.4122878959246491,accepted
1580-141083-0023_2300-131720-0013_61-70970-0024,s3,gated_deflation,0,True,0.0,0.3759672897111985,1.0,0.7353174479607494,accepted
1580-141083-0023_2300-131720-0013_61-70970-0024,s1,coarse_to_fine,0,True,0.0,0.3411308000807294,1.0,0.5988807311831805,accepted
1580-141083-0023_2300-131720-0013_61-70970-0024,s2,coarse_to_fine,0,False,5.916029019743183e-05,0.0019411099099210238,1.0,0.3001832099785895,margin
1580-141083-0023_2300-131720-0013_61-70970-0024,s3,coarse_to_fine,0,True,0.0,0.3117527289618399,1.0,0.43208907151575027,accepted
1580-141083-0023_2300-131720-0013_61-70970-0024,s1,coarse_to_fine,1,True,0.0,0.6393884582425101,1.0,0.5900043248910252,accepted
1580-141083-0023_2300-131720-0013_61-70970-0024,s2,coarse_to_fine,1,False,5.916029019743183e-05,-0.16742076971088538,1.0,0.3001832099785895,margin
1580-141083-0023_2300-131720-0013_61-70970-0024,s3,coarse_to_fine,1,True,0.0,0.4674186326886635,1.0,0.39344061675672304,accepted
1320-122617-0029_1089-134691-0019_2830-3979-0011,s1,gated_deflation,0,True,0.0,0.31817668900407525,1.0,0.5105382822490843,accepted
1320-122617-0029_1089-134691-0019_2830-3979-0011,s2,gated_deflation,0,True,0.0,0.2696538660398212,1.0,0.8270752051621697,accepted
1320-122617-0029_1089-134691-0019_2830-3979-0011,s3,gated_deflation,0,False,0.00012512832644634103,-0.042669074371562365,0.9347090909090909,0.38210096280001254,margin
1320-122617-0029_1089-134691-0019_2830-3979-0011,s1,coarse_to_fine,0,False,0.0,0.03344853072088383,1.0,0.30273494216233143,margin
1320-122617-0029_1089-134691-0019_2830-3979-0011,s2,coarse_to_fine,0,False,0.0,0.04959709009401175,1.0,0.39511931643645337,margin
1320-122617-0029_1089-134691-0019_2830-3979-0011,s3,coarse_to_fine,0,False,0.00012512832644634103,-0.014990295971764878,1.0,0.28073700626029274,margin
1320-122617-0029_1089-134691-0019_2830-3979-0011,s1,coarse_to_fine,1,False,0.0,0.03344853072088383,1.0,0.30273494216233143,margin
1320-122617-0029_1089-134691-0019_2830-3979-0011,s2,coarse_to_fine,1,False,0.0,0.04959709009401175,1.0,0.39511931643645337,margin
1320-122617-0029_1089-134691-0019_2830-3979-0011,s3,coarse_to_fine,1,False,0.00012512832644634103,-0.014990295971764878,1.0,0.28073700626029274,margin
7127-75946-0003_3575-170457-0050_260-123288-0013,s1,gated_deflation,0,True,0.0,0.12091850022984901,1.0,0.8118470420952548,accepted
7127-75946-0003_3575-170457-0050_260-123288-0013,s2,gated_deflation,0,False,0.0,0.09728176777444908,0.991581868640148,0.6923928809033396,margin
7127-75946-0003_3575-170457-0050_260-123288-0013,s3,gated_deflation,0,True,0.00011330681773644349,0.5303377801589864,0.9885985198889917,0.5071203597921186,accepted
7127-75946-0003_3575-170457-0050_260-123288-0013,s1,coarse_to_fine,0,True,0.0,0.1561909123938539,1.0,0.5010901702415392,accepted
7127-75946-0003_3575-170457-0050_260-123288-0013,s2,coarse_to_fine,0,True,0.0,0.33905588501221157,1.0,0.3229317433108225,accepted
7127-75946-0003_3575-170457-0050_260-123288-0013,s3,coarse_to_fine,0,True,0.00011330681773644349,0.12834346808233937,1.0,0.456174034731814,accepted
7127-75946-0003_3575-170457-0050_260-123288-0013,s1,coarse_to_fine,1,True,0.0,0.12583761634678625,1.0,0.4833620743021073,accepted
7127-75946-0003_3575-170457-0050_260-123288-0013,s2,coarse_to_fine,1,True,0.0,0.48289941972437644,1.0,0.3392871840324284,accepted
7127-75946-0003_3575-170457-0050_260-123288-0013,s3,coarse_to_fine,1,True,0.00011330681773644349,0.28800887292286614,1.0,0.5006149198279984,accepted
5105-28240-0004_5142-33396-0001_3575-170457-0014,s1,gated_deflation,0,True,0.0,0.15798351132879185,1.0,0.6403379630966778,accepted
5105-28240-0004_5142-33396-0001_3575-170457-0014,s2,gated_deflation,0,True,0.0,0.16861584113689237,1.0,0.71069502384692,accepted
5105-28240-0004_5142-33396-0001_3575-170457-0014,s3,gated_deflation,0,True,0.00018540144771578225,0.3147099464854368,0.9899302093718844,0.5784668005270329,accepted
5105-28240-0004_5142-33396-0001_3575-170457-0014,s1,coarse_to_fine,0,False,0.0,-0.04649865852441304,1.0,0.47855709405812485,margin
5105-28240-0004_5142-33396-0001_3575-170457-0014,s2,coarse_to_fine,0,False,0.0,0.045249117878123635,1.0,0.5352408702921264,margin
5105-28240-0004_5142-33396-0001_3575-170457-0014,s3,coarse_to_fine,0,True,0.00018540144771578225,0.44826163398783375,1.0,0.3648792984545424,accepted
5105-28240-0004_5142-33396-0001_3575-170457-0014,s1,coarse_to_fine,1,False,0.0,-0.09394392906051419,1.0,0.47855709405812485,margin
5105-28240-0004_5142-33396-0001_3575-170457-0014,s2,coarse_to_fine,1,False,0.0,-0.09308439897231374,1.0,0.5352408702921264,margin
5105-28240-0004_5142-33396-0001_3575-170457-0014,s3,coarse_to_fine,1,True,0.00018540144771578225,0.7251460942501678,1.0,0.36382782845912176,accepted
2961-961-0000_5639-40744-0034_8455-210777-0000,s1,gated_deflation,0,True,0.0,0.16314330045139425,0.9379604365620736,0.8301108089750061,accepted
2961-961-0000_5639-40744-0034_8455-210777-0000,s2,gated_deflation,0,True,9.347629370821317e-05,0.3497900155839364,0.9855551969012266,0.4054650813820149,accepted
2961-961-0000_5639-40744-0034_8455-210777-0000,s3,gated_deflation,0,True,0.0,0.19353091387770077,0.9301646223369916,0.6084493656247734,accepted
2961-961-0000_5639-40744-0034_8455-210777-0000,s1,coarse_to_fine,0,False,0.0,-0.15658063823935314,0.9379604365620736,0.4517031081999295,margin
2961-961-0000_5639-40744-0034_8455-210777-0000,s2,coarse_to_fine,0,True,9.347629370821317e-05,0.12044122372958027,1.0,0.34274941421430755,accepted
2961-961-0000_5639-40744-0034_8455-210777-0000,s3,coarse_to_fine,0,False,0.0,-0.21454534828812533,0.9888637830858619,0.35959060446310503,margin
2961-961-0000_5639-40744-0034_8455-210777-0000,s1,coarse_to_fine,1,False,0.0,-0.23108891436191736,0.9379604365620736,0.4517031081999295,margin
2961-961-0000_5639-40744-0034_8455-210777-0000,s2,coarse_to_fine,1,True,9.347629370821317e-05,0.3053140276255333,1.0,0.3766613345207269,accepted
2961-961-0000_5639-40744-0034_8455-210777-0000,s3,coarse_to_fine,1,False,0.0,-0.4950232457106233,0.9888637830858619,0.35959060446310503,margin
1580-141084-0034_672-122797-0074_1221-135767-0005,s1,gated_deflation,0,True,0.0,0.2509160162864676,1.0,0.7767568298495742,accepted
1580-141084-0034_672-122797-0074_1221-135767-0005,s2,gated_deflation,0,True,0.0002043040020310979,0.5566121573604172,1.0,0.6305457266676926,accepted
1580-141084-0034_672-122797-0074_1221-135767-0005,s3,gated_deflation,0,False,0.0,0.07678655028248416,0.9723021582733813,0.7178718209718068,margin
1580-141084-0034_672-122797-0074_1221-135767-0005,s1,coarse_to_fine,0,False,0.0,-0.06960257452154167,1.0,0.4588413926465418,margin
1580-141084-0034_672-122797-0074_1221-135767-0005,s2,coarse_to_fine,0,True,0.0002043040020310979,0.3464031086266327,1.0,0.5766627375049302,accepted
1580-141084-0034_672-122797-0074_1221-135767-0005,s3,coarse_to_fine,0,True,0.0,0.19085017178332947,1.0,0.5034495662514679,accepted
1580-141084-0034_672-122797-0074_1221-135767-0005,s1,coarse_to_fine,1,False,0.0,-0.4200753879186576,1.0,0.4588413926465418,margin
1580-141084-0034_672-122797-0074_1221-135767-0005,s2,coarse_to_fine,1,True,0.0002043040020310979,0.3826212138370308,1.0,0.5853648081643598,accepted
1580-141084-0034_672-122797-0074_1221-135767-0005,s3,coarse_to_fine,1,True,0.0,0.4485683807446536,1.0,0.5071557137621937,accepted
1320-122617-0008_6829-68769-0034_1188-133604-0015,s1,gated_deflation,0,False,0.0,-0.11462116506551728,1.0,0.8729723164456539,margin
1320-122617-0008_6829-68769-0034_1188-133604-0015,s2,gated_deflation,0,False,0.0,-0.09264658199744114,1.0,0.8085955070093793,margin
1320-122617-0008_6829-68769-0034_1188-133604-0015,s3,gated_deflation,0,True,0.0001659862947290152,0.49518776261833153,1.0,0.3796797950661926,accepted
1320-122617-0008_6829-68769-0034_1188-133604-0015,s1,coarse_to_fine,0,False,0.0,-0.3817549849679823,1.0,0.45450935767692446,margin
1320-122617-0008_6829-68769-0034_1188-133604-0015,s2,coarse_to_fine,0,False,0.0,-0.094703267676303,1.0,0.4221819372340697,margin
1320-122617-0008_6829-68769-0034_1188-133604-0015,s3,coarse_to_fine,0,True,0.0001659862947290152,0.34789339642841743,1.0,0.38164825049286133,accepted
1320-122617-0008_6829-68769-0034_1188-133604-0015,s1,coarse_to_fine,1,False,0.0,-0.45000869837235835,1.0,0.45450935767692446,margin
1320-122617-0008_6829-68769-0034_1188-133604-0015,s2,coarse_to_fine,1,False,0.0,-0.2502119368798214,1.0,0.4221819372340697,margin
1320-122617-0008_6829-68769-0034_1188-133604-0015,s3,coarse_to_fine,1,True,0.0001659862947290152,0.6172569591067996,1.0,0.40153107394110366,accepted
61-70968-0050_4970-29093-0000_7729-102255-0000,s1,gated_deflation,0,True,8.013229446507472e-05,0.4948411492799032,1.0,0.5712150485005184,accepted
61-70968-0050_4970-29093-0000_7729-102255-0000,s2,gated_deflation,0,True,0.0,0.3952456490648583,1.0,0.8021908006326329,accepted
61-70968-0050_4970-29093-0000_7729-102255-0000,s3,gated_deflation,0,True,0.0,0.24599183192949814,1.0,0.7329641264938759,accepted
61-70968-0050_4970-29093-0000_7729-102255-0000,s1,coarse_to_fine,0,True,8.013229446507472e-05,0.1868875018517006,1.0,0.43787329171814826,accepted
61-70968-0050_4970-29093-0000_7729-102255-0000,s2,coarse_to_fine,0,True,0.0,0.10445674569007313,1.0,0.5328974450519083,accepted
61-70968-0050_4970-29093-0000_7729-102255-0000,s3,coarse_to_fine,0,False,0.0,-0.1276724159372038,1.0,0.3331006475504896,margin
61-70968-0050_4970-29093-0000_7729-102255-0000,s1,coarse_to_fine,1,True,8.013229446507472e-05,0.5270472258285395,1.0,0.4180241142401122,accepted
61-70968-0050_4970-29093-0000_7729-102255-0000,s2,coarse_to_fine,1,True,0.0,0.4303592250964666,1.0,0.5576181656286113,accepted
61-70968-0050_4970-29093-0000_7729-102255-0000,s3,coarse_to_fine,1,False,0.0,-0.4615174825916344,1.0,0.3331006475504896,margin
1089-134686-0023_6829-68771-0023_2961-961-0015,s1,gated_deflation,0,True,0.00011889702606020882,0.8470793150475984,0.991079105760963,0.47778151255597223,accepted
1089-134686-0023_6829-68771-0023_2961-961-0015,s2,gated_deflation,0,False,0.0,-0.2642839188317083,1.0,0.8208724376452906,margin
1089-134686-0023_6829-68771-0023_2961-961-0015,s3,gated_deflation,0,False,0.0,-0.009864448156119532,0.9820077386070507,0.7219115679405895,margin
1089-134686-0023_6829-68771-0023_2961-961-0015,s1,coarse_to_fine,0,True,0.00011889702606020882,0.7010932645648282,0.991079105760963,0.4484215073009199,accepted
1089-134686-0023_6829-68771-0023_2961-961-0015,s2,coarse_to_fine,0,False,0.0,-0.29967469059718155,1.0,0.47740486357102846,margin
1089-134686-0023_6829-68771-0023_2961-961-0015,s3,coarse_to_fine,0,False,0.0,-0.2521152778781838,0.9820077386070507,0.3595353272319326,margin
1089-134686-0023_6829-68771-0023_2961-961-0015,s1,coarse_to_fine,1,True,0.00011889702606020882,0.840587147136763,0.978890799656062,0.44809528753306377,accepted
1089-134686-0023_6829-68771-0023_2961-961-0015,s2,coarse_to_fine,1,False,0.0,-0.3435944154409445,1.0,0.47740486357102846,margin
1089-134686-0023_6829-68771-0023_2961-961-0015,s3,coarse_to_fine,1,False,0.0,-0.3254810618175698,0.9820077386070507,0.3595353272319326,margin
6829-68769-0021_3575-170457-0013_908-31957-0021,s1,gated_deflation,0,True,0.0,0.30791483337179243,1.0,0.668680919933443,accepted
6829-68769-0021_3575-170457-0013_908-31957-0021,s2,gated_deflation,0,True,0.0,0.13717455767745385,0.9750764525993884,0.5718630063642853,accepted
6829-68769-0021_3575-170457-0013_908-31957-0021,s3,gated_deflation,0,True,0.0003442766175613451,0.3143196417778278,0.9783639143730887,0.5403009584329105,accepted
6829-68769-0021_3575-170457-0013_908-31957-0021,s1,coarse_to_fine,0,False,0.0,-0.02404508440765829,1.0,0.45809182528832487,margin
6829-68769-0021_3575-170457-0013_908-31957-0021,s2,coarse_to_fine,0,False,0.0,-0.04400831661660526,0.9772477064220183,0.37128698676412875,margin
6829-68769-0021_3575-170457-0013_908-31957-0021,s3,coarse_to_fine,0,True,0.0003442766175613451,0.2618582345662238,0.9842048929663608,0.43489929028338065,accepted
6829-68769-0021_3575-170457-0013_908-31957-0021,s1,coarse_to_fine,1,False,0.0,-0.23451509962354616,1.0,0.45809182528832487,margin
6829-68769-0021_3575-170457-0013_908-31957-0021,s2,coarse_to_fine,1,False,0.0,-0.04400831661660526,0.9772477064220183,0.37128698676412875,margin
6829-68769-0021_3575-170457-0013_908-31957-0021,s3,coarse_to_fine,1,True,0.0003442766175613451,0.6092044679327882,0.9770336391437309,0.42540464085364305,accepted
4446-2275-0007_7176-92135-0000_3575-170457-0024,s1,gated_deflation,0,True,0.0,0.18370584385842564,1.0,0.7080794312038154,accepted
4446-2275-0007_7176-92135-0000_3575-170457-0024,s2,gated_deflation,0,True,8.368211265115883e-05,0.2524094724179871,0.9891936916925811,0.4824592548250045,accepted
4446-2275-0007_7176-92135-0000_3575-170457-0024,s3,gated_deflation,0,True,0.0,0.1039958822037162,0.9650488671701466,0.5102573561196364,accepted
4446-2275-0007_7176-92135-0000_3575-170457-0024,s1,coarse_to_fine,0,False,0.0,-0.059328796890103064,1.0,0.45805024887711043,margin
4446-2275-0007_7176-92135-0000_3575-170457-0024,s2,coarse_to_fine,0,True,8.368211265115883e-05,0.4363485994553056,1.0,0.38757140532572815,accepted
4446-2275-0007_7176-92135-0000_3575-170457-0024,s3,coarse_to_fine,0,True,0.0,0.23993405380403168,0.9928365171035095,0.35979508844245084,accepted
4446-2275-0007_7176-92135-0000_3575-170457-0024,s1,coarse_to_fine,1,False,0.0,-0.31917978565829436,1.0,0.45805024887711043,margin
4446-2275-0007_7176-92135-0000_3575-170457-0024,s2,coarse_to_fine,1,True,8.368211265115883e-05,0.6468014831019153,1.0,0.4450937047385325,accepted
4446-2275-0007_7176-92135-0000_3575-170457-0024,s3,coarse_to_fine,1,True,0.0,0.5558417223921773,0.9928698356286095,0.369917215494582,accepted
1995-1837-0015_8463-294828-0000_260-123286-0030,s1,gated_deflation,0,True,0.0,0.18965502112819083,1.0,0.6656452079243909,accepted
1995-1837-0015_8463-294828-0000_260-123286-0030,s2,gated_deflation,0,True,0.0,0.19125966989125748,1.0,0.820613087708432,accepted
1995-1837-0015_8463-294828-0000_260-123286-0030,s3,gated_deflation,0,True,0.00019534134947646938,0.6640198796205452,1.0,0.531965087325646,accepted
1995-1837-0015_8463-294828-0000_260-123286-0030,s1,coarse_to_fine,0,True,0.0,0.20529026361563035,1.0,0.2920926993322716,accepted
1995-1837-0015_8463-294828-0000_260-123286-0030,s2,coarse_to_fine,0,False,0.0,-0.27119658138050984,1.0,0.5383358375242933,margin
1995-1837-0015_8463-294828-0000_260-123286-0030,s3,coarse_to_fine,0,True,0.00019534134947646938,0.23515160744892333,1.0,0.4664915559374073,accepted
1995-1837-0015_8463-294828-0000_260-123286-0030,s1,coarse_to_fine,1,True,0.0,0.33702746815022266,1.0,0.29670119899608893,accepted
1995-1837-0015_8463-294828-0000_260-123286-0030,s2,coarse_to_fine,1,False,0.0,-0.3919741091373272,1.0,0.5383358375242933,margin
1995-1837-0015_8463-294828-0000_260-123286-0030,s3,coarse_to_fine,1,True,0.00019534134947646938,0.3231346699520172,1.0,0.44314838707534376,accepted
121-127105-0023_2094-142345-0013_6930-75918-0014,s1,gated_deflation,0,False,0.0,0.0807702531696094,1.0,0.7156390557062152,margin
121-127105-0023_2094-142345-0013_6930-75918-0014,s2,gated_deflation,0,True,0.0,0.14700116144673114,1.0,0.5665478797672312,accepted
121-127105-0023_2094-142345-0013_6930-75918-0014,s3,gated_deflation,0,True,0.00015614997719154238,0.20948872117707273,1.0,0.5774431906963018,accepted
121-127105-0023_2094-142345-0013_6930-75918-0014,s1,coarse_to_fine,0,False,0.0,-0.14817394336438677,1.0,0.5036169495471488,margin
121-127105-0023_2094-142345-0013_6930-75918-0014,s2,coarse_to_fine,0,True,0.0,0.22547511551055738,1.0,0.4416112591822697,accepted
121-127105-0023_2094-142345-0013_6930-75918-0014,s3,coarse_to_fine,0,False,0.00015614997719154238,0.07171253658529753,1.0,0.5429254785589003,margin
121-127105-0023_2094-142345-0013_6930-75918-0014,s1,coarse_to_fine,1,False,0.0,-0.37477336363644326,1.0,0.5036169495471488,margin
121-127105-0023_2094-142345-0013_6930-75918-0014,s2,coarse_to_fine,1,True,0.0,0.46050783245421784,1.0,0.44720492953422913,accepted
121-127105-0023_2094-142345-0013_6930-75918-0014,s3,coarse_to_fine,1,False,0.00015614997719154238,-0.11864447025740871,1.0,0.5429254785589003,margin
2300-131720-0036_8230-279154-0021_5142-33396-0034,s1,gated_deflation,0,True,0.0,0.12795326138075053,1.0,0.5020242940781702,accepted
2300-131720-0036_8230-279154-0021_5142-33396-0034,s2,gated_deflation,0,True,0.0,0.24958075242136307,1.0,0.5145042906519269,accepted
2300-131720-0036_8230-279154-0021_5142-33396-0034,s3,gated_deflation,0,True,0.0,0.2636250276932906,1.0,0.6578979692053575,accepted
2300-131720-0036_8230-279154-0021_5142-33396-0034,s1,coarse_to_fine,0,False,0.0,-0.2988089367848824,1.0,0.3117924621239348,margin
2300-131720-0036_8230-279154-0021_5142-33396-0034,s2,coarse_to_fine,0,True,0.0,0.3227446833815227,1.0,0.3959888457516563,accepted
2300-131720-0036_8230-279154-0021_5142-33396-0034,s3,coarse_to_fine,0,True,0.0,0.37797723171304093,1.0,0.505262993624692,accepted
2300-131720-0036_8230-279154-0021_5142-33396-0034,s1,coarse_to_fine,1,False,0.0,-0.5766479101144515,1.0,0.3117924621239348,margin
2300-131720-0036_8230-279154-0021_5142-33396-0034,s2,coarse_to_fine,1,True,0.0,0.5626368391068235,1.0,0.35999921094873105,accepted
2300-131720-0036_8230-279154-0021_5142-33396-0034,s3,coarse_to_fine,1,True,0.0,0.5866887490107304,1.0,0.532546941977905,accepted
1580-141083-0009_1320-122612-0004_5683-32866-0006,s1,gated_deflation,0,False,0.0002398714815669754,0.08462703540717287,0.9903917050691244,0.653895004191,margin
1580-141083-0009_1320-122612-0004_5683-32866-0006,s2,gated_deflation,0,True,0.0,0.36491746783864815,1.0,0.5832634776455012,accepted
1580-141083-0009_1320-122612-0004_5683-32866-0006,s3,gated_deflation,0,True,0.0,0.18177254283183886,1.0,0.7770027848411657,accepted
1580-141083-0009_1320-122612-0004_5683-32866-0006,s1,coarse_to_fine,0,True,0.0002398714815669754,0.11909850703270253,1.0,0.5220783437097968,accepted
1580-141083-0009_1320-122612-0004_5683-32866-0006,s2,coarse_to_fine,0,True,0.0,0.24504123711919756,1.0,0.4184876722212186,accepted
1580-141083-0009_1320-122612-0004_5683-32866-0006,s3,coarse_to_fine,0,False,0.0,-0.09006844696360294,1.0,0.5324236453622657,margin
1580-141083-0009_1320-122612-0004_5683-32866-0006,s1,coarse_to_fine,1,True,0.0002398714815669754,0.4345756400462939,0.9900460829493087,0.5124511545645121,accepted
1580-141083-0009_1320-122612-0004_5683-32866-0006,s2,coarse_to_fine,1,True,0.0,0.5084637245732142,1.0,0.4183631915602631,accepted
1580-141083-0009_1320-122612-0004_5683-32866-0006,s3,coarse_to_fine,1,False,0.0,-0.3180727269289381,1.0,0.5324236453622657,margin
1221-135767-0002_3570-5694-0000_6930-75918-0002,s1,gated_deflation,0,True,0.00016035166736749981,0.3619240682214782,1.0,0.5266054295602193,accepted
1221-135767-0002_3570-5694-0000_6930-75918-0002,s2,gated_deflation,0,False,0.0,-0.04037597611694288,1.0,0.5668069845307164,margin
1221-135767-0002_3570-5694-0000_6930-75918-0002,s3,gated_deflation,0,False,0.0,0.01968118982197342,1.0,0.8779202756525808,margin
1221-135767-0002_3570-5694-0000_6930-75918-0002,s1,coarse_to_fine,0,True,0.00016035166736749981,0.2742217818266152,1.0,0.435925099225788,accepted
1221-135767-0002_3570-5694-0000_6930-75918-0002,s2,coarse_to_fine,0,False,0.0,-0.16834631124576083,1.0,0.3551727770894672,margin
1221-135767-0002_3570-5694-0000_6930-75918-0002,s3,coarse_to_fine,0,False,0.0,-0.05210895365620627,1.0,0.585250284446321,margin
1221-135767-0002_3570-5694-0000_6930-75918-0002,s1,coarse_to_fine,1,True,0.00016035166736749981,0.5135174534468698,1.0,0.4366425820623124,accepted
1221-135767-0002_3570-5694-0000_6930-75918-0002,s2,coarse_to_fine,1,False,0.0,-0.3984887432659241,1.0,0.3551727770894672,margin
1221-135767-0002_3570-5694-0000_6930-75918-0002,s3,coarse_to_fine,1,False,0.0,-0.18344377054474598,1.0,0.585250284446321,margin
5683-32866-0021_260-123288-0025_2300-131720-0000,s1,gated_deflation,0,True,0.0,0.2669042902974872,0.9997463768115942,0.730652782561549,accepted
5683-32866-0021_260-123288-0025_2300-131720-0000,s2,gated_deflation,0,True,0.00012742132885103905,0.3768130933011188,1.0,0.48285503821620873,accepted
5683-32866-0021_260-123288-0025_2300-131720-0000,s3,gated_deflation,0,False,0.0,-0.08422420095958288,1.0,0.8014570046890211,margin
5683-32866-0021_260-123288-0025_2300-131720-0000,s1,coarse_to_fine,0,False,0.0,0.08511848399033722,1.0,0.4899912465458399,margin
5683-32866-0021_260-123288-0025_2300-131720-0000,s2,coarse_to_fine,0,True,0.00012742132885103905,0.18517523544140257,1.0,0.34902226124340213,accepted
5683-32866-0021_260-123288-0025_2300-131720-0000,s3,coarse_to_fine,0,False,0.0,-0.08141972830446109,1.0,0.36261718152113775,margin
5683-32866-0021_260-123288-0025_2300-131720-0000,s1,coarse_to_fine,1,False,0.0,0.07092619652392645,1.0,0.4899912465458399,margin
5683-32866-0021_260-123288-0025_2300-131720-0000,s2,coarse_to_fine,1,True,0.00012742132885103905,0.4265434241498226,1.0,0.3457364481074467,accepted
5683-32866-0021_260-123288-0025_2300-131720-0000,s3,coarse_to_fine,1,False,0.0,-0.2682775345831947,1.0,0.36261718152113775,margin
1284-1180-0009_2830-3980-0044_7021-79740-0002,s1,gated_deflation,0,True,0.0,0.12295989290205195,0.9505676442762535,0.627642670366986,accepted
1284-1180-0009_2830-3980-0044_7021-79740-0002,s2,gated_deflation,0,False,0.0,0.0700139099516024,1.0,0.8038934367738949,margin
1284-1180-0009_2830-3980-0044_7021-79740-0002,s3,gated_deflation,0,True,0.00015338812873159127,0.5626249137431963,1.0,0.49696556545571924,accepted
1284-1180-0009_2830-3980-0044_7021-79740-0002,s1,coarse_to_fine,0,False,0.0,0.046928151838214416,0.9505676442762535,0.3344845866317636,margin
1284-1180-0009_2830-3980-0044_7021-79740-0002,s2,coarse_to_fine,0,False,0.0,-0.07370185130620346,1.0,0.45956350911895033,margin
1284-1180-0009_2830-3980-0044_7021-79740-0002,s3,coarse_to_fine,0,True,0.00015338812873159127,0.45619545911956944,1.0,0.4150789336881048,accepted
1284-1180-0009_2830-3980-0044_7021-79740-0002,s1,coarse_to_fine,1,False,0.0,-0.09079194089258374,0.9505676442762535,0.3344845866317636,margin
1284-1180-0009_2830-3980-0044_7021-79740-0002,s2,coarse_to_fine,1,False,0.0,-0.18654822674952534,1.0,0.45956350911895033,margin
1284-1180-0009_2830-3980-0044_7021-79740-0002,s3,coarse_to_fine,1,True,0.00015338812873159127,0.7497003444547936,1.0,0.4356603175150249,accepted
1580-141083-0049_8224-274381-0014_6829-68769-0015,s1,gated_deflation,0,True,0.0,0.15628663314108848,1.0,0.8844416388319528,accepted
1580-141083-0049_8224-274381-0014_6829-68769-0015,s2,gated_deflation,0,True,0.0001544160758234918,0.7329273363418409,1.0,0.4111738943420287,accepted
1580-141083-0049_8224-274381-0014_6829-68769-0015,s3,gated_deflation,0,False,0.0,-0.0010930376403260889,1.0,0.7859518711016449,margin
1580-141083-0049_8224-274381-0014_6829-68769-0015,s1,coarse_to_fine,0,False,0.0,0.015648033199624323,1.0,0.3820376534655511,margin
1580-141083-0049_8224-274381-0014_6829-68769-0015,s2,coarse_to_fine,0,True,0.0001544160758234918,0.4762137992980354,1.0,0.40948865134981954,accepted
1580-141083-0049_8224-274381-0014_6829-68769-0015,s3,coarse_to_fine,0,True,0.0,0.17273561746548288,1.0,0.3888802665530489,accepted
1580-141083-0049_8224-274381-0014_6829-68769-0015,s1,coarse_to_fine,1,False,0.0,-0.24569544970508078,1.0,0.3820376534655511,margin
1580-141083-0049_8224-274381-0014_6829-68769-0015,s2,coarse_to_fine,1,True,0.0001544160758234918,0.6470596174804618,1.0,0.4395722800619539,accepted
1580-141083-0049_8224-274381-0014_6829-68769-0015,s3,coarse_to_fine,1,True,0.0,0.4762815817904221,1.0,0.36074514963459403,accepted
260-123440-0009_8230-279154-0002_8555-284447-0022,s1,gated_deflation,0,False,0.0,0.1083351818269685,1.0,0.9035943171491514,artifact_score
260-123440-0009_8230-279154-0002_8555-284447-0022,s2,gated_deflation,0,True,0.00011860756662378489,0.6868579434983412,0.939453125,0.41104809492988154,accepted
260-123440-0009_8230-279154-0002_8555-284447-0022,s3,gated_deflation,0,False,0.0,0.03837905804133823,0.940234375,0.8838235540729973,margin
260-123440-0009_8230-279154-0002_8555-284447-0022,s1,coarse_to_fine,0,False,0.0,-0.11657511566707118,1.0,0.4056630953985157,margin
260-123440-0009_8230-279154-0002_8555-284447-0022,s2,coarse_to_fine,0,True,0.00011860756662378489,0.39147926116402787,0.939453125,0.46582692943233,accepted
260-123440-0009_8230-279154-0002_8555-284447-0022,s3,coarse_to_fine,0,False,0.0,-0.024088042426672618,0.943017578125,0.40888725676263776,margin
260-123440-0009_8230-279154-0002_8555-284447-0022,s1,coarse_to_fine,1,False,0.0,-0.21210774501146723,1.0,0.4056630953985157,margin
260-123440-0009_8230-279154-0002_8555-284447-0022,s2,coarse_to_fine,1,True,0.00011860756662378489,0.684948353839568,0.9369140625,0.425000768261263,accepted
260-123440-0009_8230-279154-0002_8555-284447-0022,s3,coarse_to_fine,1,False,0.0,-0.05539868475765758,0.943017578125,0.40888725676263776,margin
1995-1837-0001_908-157963-0004_4446-2271-0010,s1,gated_deflation,0,True,0.0,0.19167935605298164,1.0,0.6323708507609912,accepted
1995-1837-0001_908-157963-0004_4446-2271-0010,s2,gated_deflation,0,True,0.00010169282134762753,0.6042178417247499,1.0,0.4700936914534085,accepted
1995-1837-0001_908-157963-0004_4446-2271-0010,s3,gated_deflation,0,False,0.0,-0.008496664034116197,1.0,0.8569741246290363,margin
1995-1837-0001_908-157963-0004_4446-2271-0010,s1,coarse_to_fine,0,True,0.0,0.3202673618492848,1.0,0.3162001910968464,accepted
1995-1837-0001_908-157963-0004_4446-2271-0010,s2,coarse_to_fine,0,True,0.00010169282134762753,0.512445067484215,1.0,0.405639940128361,accepted
1995-1837-0001_908-157963-0004_4446-2271-0010,s3,coarse_to_fine,0,False,0.0,-0.007370709652074425,1.0,0.26315595878734427,margin
1995-1837-0001_908-157963-0004_4446-2271-0010,s1,coarse_to_fine,1,True,0.0,0.6789320568787567,1.0,0.2877051687040578,accepted
1995-1837-0001_908-157963-0004_4446-2271-0010,s2,coarse_to_fine,1,True,0.00010169282134762753,0.6615931105637951,1.0,0.3971328896873426,accepted
1995-1837-0001_908-157963-0004_4446-2271-0010,s3,coarse_to_fine,1,False,0.0,-0.21249425232050972,1.0,0.26315595878734427,margin
6829-68769-0036_6930-76324-0021_3729-6852-0016,s1,gated_deflation,0,True,0.0,0.35179943816372333,1.0,0.666900729159272,accepted
6829-68769-0036_6930-76324-0021_3729-6852-0016,s2,gated_deflation,0,True,0.0001787010020216584,0.3467183821610917,1.0,0.6342850309660737,accepted
6829-68769-0036_6930-76324-0021_3729-6852-0016,s3,gated_deflation,0,False,0.0,-0.07544012820869594,1.0,0.7041369597256226,margin
6829-68769-0036_6930-76324-0021_3729-6852-0016,s1,coarse_to_fine,0,True,0.0,0.2943162262798855,1.0,0.427529437416953,accepted
6829-68769-0036_6930-76324-0021_3729-6852-0016,s2,coarse_to_fine,0,False,0.0001787010020216584,0.08428460021161083,1.0,0.5804667951485223,margin
6829-68769-0036_6930-76324-0021_3729-6852-0016,s3,coarse_to_fine,0,False,0.0,-0.5037849849342557,1.0,0.3566482608582835,margin
6829-68769-0036_6930-76324-0021_3729-6852-0016,s1,coarse_to_fine,1,True,0.0,0.5499230007914845,1.0,0.4277622373324544,accepted
6829-68769-0036_6930-76324-0021_3729-6852-0016,s2,coarse_to_fine,1,False,0.0001787010020216584,-0.06292829265243138,1.0,0.5804667951485223,margin
6829-68769-0036_6930-76324-0021_3729-6852-0016,s3,coarse_to_fine,1,False,0.0,-0.7115956200425053,1.0,0.3566482608582835,margin
7021-85628-0013_5683-32866-0008_1089-134686-0022,s1,gated_deflation,0,False,0.00019322369258614226,0.03771257023760888,1.0,0.45485567705122615,margin
7021-85628-0013_5683-32866-0008_1089-134686-0022,s2,gated_deflation,0,True,0.0,0.2847684975391852,0.9698913043478261,0.868830036421176,accepted
7021-85628-0013_5683-32866-0008_1089-134686-0022,s3,gated_deflation,0,True,0.0,0.28668502572004556,0.994963144963145,0.5513715353543762,accepted
7021-85628-0013_5683-32866-0008_1089-134686-0022,s1,coarse_to_fine,0,False,0.00019322369258614226,-0.17417126786457038,0.9725184275184275,0.3179398918725368,margin
7021-85628-0013_5683-32866-0008_1089-134686-0022,s2,coarse_to_fine,0,True,0.0,0.17793477544122166,0.9698913043478261,0.49669671825327494,accepted
7021-85628-0013_5683-32866-0008_1089-134686-0022,s3,coarse_to_fine,0,True,0.0,0.2431829565300963,1.0,0.4428073991036174,accepted
7021-85628-0013_5683-32866-0008_1089-134686-0022,s1,coarse_to_fine,1,False,0.00019322369258614226,-0.36544650522468525,0.9725184275184275,0.3179398918725368,margin
7021-85628-0013_5683-32866-0008_1089-134686-0022,s2,coarse_to_fine,1,True,0.0,0.38888536779365673,0.9707608695652173,0.5125995189783483,accepted
7021-85628-0013_5683-32866-0008_1089-134686-0022,s3,coarse_to_fine,1,True,0.0,0.46111940675150775,0.972985257985258,0.40611479569549125,accepted