diarization,scene,speaker,system,round,accepted,mean_variance,margin,vad_coverage,artifact_score,reason,cluster
oracle,long_00000_5639-61-121,s1,gated_deflation,0,True,0.0,0.2919283970144312,1.0,0.7462035830805632,accepted,s1
oracle,long_00000_5639-61-121,s2,gated_deflation,0,True,0.0,0.4672379453662754,1.0,0.7597428275678949,accepted,s2
oracle,long_00000_5639-61-121,s3,gated_deflation,0,True,0.0,0.1646956259458311,1.0,0.8037475457688067,accepted,s3
oracle,long_00000_5639-61-121,s1,coarse_to_fine,0,False,0.0,-0.49612440088834536,1.0,0.3664221965864735,margin,s1
oracle,long_00000_5639-61-121,s2,coarse_to_fine,0,True,0.0,0.5078940477730431,1.0,0.504936085526795,accepted,s2
oracle,long_00000_5639-61-121,s3,coarse_to_fine,0,False,0.0,-0.34787944965925355,1.0,0.48505303899644914,margin,s3
oracle,long_00000_5639-61-121,s1,coarse_to_fine,1,False,0.0,-0.5262034406806628,1.0,0.3664221965864735,margin,s1
oracle,long_00000_5639-61-121,s2,coarse_to_fine,1,True,0.0,0.6307574534607561,1.0,0.5131630576865105,accepted,s2
oracle,long_00000_5639-61-121,s3,coarse_to_fine,1,False,0.0,-0.47115031748307723,1.0,0.48505303899644914,margin,s3
real,long_00000_5639-61-121,s1,gated_deflation,0,True,6.615377652459825e-05,0.2838246028300901,1.0,0.7683940383290094,accepted,SPEAKER_01
real,long_00000_5639-61-121,s2,gated_deflation,0,True,7.586842872326045e-05,0.5310369152183875,1.0,0.7737390769184821,accepted,SPEAKER_02
real,long_00000_5639-61-121,s3,gated_deflation,0,True,0.00014396216734769535,0.20779196364555597,1.0,0.8229255423672318,accepted,SPEAKER_00
real,long_00000_5639-61-121,s1,coarse_to_fine,0,False,6.615377652459825e-05,-0.4068781529929832,1.0,0.3347502113419215,margin,SPEAKER_01
real,long_00000_5639-61-121,s2,coarse_to_fine,0,True,7.586842872326045e-05,0.5469271218305791,1.0,0.4341705646202773,accepted,SPEAKER_02
real,long_00000_5639-61-121,s3,coarse_to_fine,0,False,0.00014396216734769535,-0.4124411240994722,1.0,0.4643061256168803,margin,SPEAKER_00
real,long_00000_5639-61-121,s1,coarse_to_fine,1,False,6.615377652459825e-05,-0.5116907167008116,1.0,0.3347502113419215,margin,SPEAKER_01
real,long_00000_5639-61-121,s2,coarse_to_fine,1,True,7.586842872326045e-05,0.7126619965120995,1.0,0.44006775434180656,accepted,SPEAKER_02
real,long_00000_5639-61-121,s3,coarse_to_fine,1,False,0.00014396216734769535,-0.41471564295083996,1.0,0.4643061256168803,margin,SPEAKER_00
real_forced_m,long_00000_5639-61-121,s1,gated_deflation,0,True,6.615377652459825e-05,0.2838246028300901,1.0,0.7683940383290094,accepted,SPEAKER_01
real_forced_m,long_00000_5639-61-121,s2,gated_deflation,0,True,7.586842872326045e-05,0.5310369152183875,1.0,0.7737390769184821,accepted,SPEAKER_02
real_forced_m,long_00000_5639-61-121,s3,gated_deflation,0,True,0.00014396216734769535,0.20779196364555597,1.0,0.8229255423672318,accepted,SPEAKER_00
real_forced_m,long_00000_5639-61-121,s1,coarse_to_fine,0,False,6.615377652459825e-05,-0.4068781529929832,1.0,0.3347502113419215,margin,SPEAKER_01
real_forced_m,long_00000_5639-61-121,s2,coarse_to_fine,0,True,7.586842872326045e-05,0.5469271218305791,1.0,0.4341705646202773,accepted,SPEAKER_02
real_forced_m,long_00000_5639-61-121,s3,coarse_to_fine,0,False,0.00014396216734769535,-0.4124411240994722,1.0,0.4643061256168803,margin,SPEAKER_00
real_forced_m,long_00000_5639-61-121,s1,coarse_to_fine,1,False,6.615377652459825e-05,-0.5116907167008116,1.0,0.3347502113419215,margin,SPEAKER_01
real_forced_m,long_00000_5639-61-121,s2,coarse_to_fine,1,True,7.586842872326045e-05,0.7126619965120995,1.0,0.44006775434180656,accepted,SPEAKER_02
real_forced_m,long_00000_5639-61-121,s3,coarse_to_fine,1,False,0.00014396216734769535,-0.41471564295083996,1.0,0.4643061256168803,margin,SPEAKER_00
real_index_order,long_00000_5639-61-121,s1,gated_deflation,0,True,6.615377652459825e-05,0.2838246028300901,1.0,0.7683940383290094,accepted,SPEAKER_01
real_index_order,long_00000_5639-61-121,s2,gated_deflation,0,True,7.586842872326045e-05,0.5310369152183875,1.0,0.7737390769184821,accepted,SPEAKER_02
real_index_order,long_00000_5639-61-121,s3,gated_deflation,0,True,0.00014396216734769535,0.20779196364555597,1.0,0.8229255423672318,accepted,SPEAKER_00
real_index_order,long_00000_5639-61-121,s1,coarse_to_fine,0,False,6.615377652459825e-05,-0.4068781529929832,1.0,0.3347502113419215,margin,SPEAKER_01
real_index_order,long_00000_5639-61-121,s2,coarse_to_fine,0,True,7.586842872326045e-05,0.5469271218305791,1.0,0.4341705646202773,accepted,SPEAKER_02
real_index_order,long_00000_5639-61-121,s3,coarse_to_fine,0,False,0.00014396216734769535,-0.4124411240994722,1.0,0.4643061256168803,margin,SPEAKER_00
real_index_order,long_00000_5639-61-121,s1,coarse_to_fine,1,False,6.615377652459825e-05,-0.5116907167008116,1.0,0.3347502113419215,margin,SPEAKER_01
real_index_order,long_00000_5639-61-121,s2,coarse_to_fine,1,True,7.586842872326045e-05,0.7126619965120995,1.0,0.44006775434180656,accepted,SPEAKER_02
real_index_order,long_00000_5639-61-121,s3,coarse_to_fine,1,False,0.00014396216734769535,-0.41471564295083996,1.0,0.4643061256168803,margin,SPEAKER_00
oracle,long_00001_3729-2300-8230,s1,gated_deflation,0,True,0.0,0.6294714688352175,0.9976456876456876,0.7729448051193253,accepted,s1
oracle,long_00001_3729-2300-8230,s2,gated_deflation,0,True,0.0,0.40392964797574377,0.98393164717614,0.7065526399266921,accepted,s2
oracle,long_00001_3729-2300-8230,s3,gated_deflation,0,True,0.0,0.502982758669255,0.9798888594866367,0.6967578921568345,accepted,s3
oracle,long_00001_3729-2300-8230,s1,coarse_to_fine,0,True,0.0,0.17811335959719532,1.0,0.413943379311489,accepted,s1
oracle,long_00001_3729-2300-8230,s2,coarse_to_fine,0,True,0.0,0.2630656662968549,0.974640557466702,0.20718571993388082,accepted,s2
oracle,long_00001_3729-2300-8230,s3,coarse_to_fine,0,False,0.0,-0.22490156278360773,0.9840051747963894,0.3108471080525686,margin,s3
oracle,long_00001_3729-2300-8230,s1,coarse_to_fine,1,True,0.0,0.27789786845964526,1.0,0.41176243113295397,accepted,s1
oracle,long_00001_3729-2300-8230,s2,coarse_to_fine,1,True,0.0,0.39576383089014244,0.9745670518361707,0.18636978055119627,accepted,s2
oracle,long_00001_3729-2300-8230,s3,coarse_to_fine,1,False,0.0,-0.344086291989783,0.9840051747963894,0.3108471080525686,margin,s3
real,long_00001_3729-2300-8230,s1,gated_deflation,0,True,6.971299810599987e-05,0.5534367030162848,0.9986623953240038,0.7963464252755318,accepted,SPEAKER_02
real,long_00001_3729-2300-8230,s2,gated_deflation,0,True,5.354640335792748e-05,0.5021349728904962,0.9893059952761445,0.7189317089340304,accepted,SPEAKER_00
real,long_00001_3729-2300-8230,s3,gated_deflation,0,True,8.950516368376608e-05,0.45201219503249235,0.9853124289934105,0.7013783769995351,accepted,SPEAKER_01
real,long_00001_3729-2300-8230,s1,coarse_to_fine,0,True,6.971299810599987e-05,0.38085636870424816,1.0,0.37598778916559433,accepted,SPEAKER_02
real,long_00001_3729-2300-8230,s2,coarse_to_fine,0,True,5.354640335792748e-05,0.3619280108555991,0.9914594481166719,0.19810344996310436,accepted,SPEAKER_00
real,long_00001_3729-2300-8230,s3,coarse_to_fine,0,False,8.950516368376608e-05,-0.3553590300856855,0.9820375616409611,0.23101336028382866,margin,SPEAKER_01
real,long_00001_3729-2300-8230,s1,coarse_to_fine,1,True,6.971299810599987e-05,0.618755128980741,1.0,0.3875110813241318,accepted,SPEAKER_02
real,long_00001_3729-2300-8230,s2,coarse_to_fine,1,True,5.354640335792748e-05,0.5299572637184728,0.991375511488826,0.16995914370625292,accepted,SPEAKER_00
real,long_00001_3729-2300-8230,s3,coarse_to_fine,1,False,8.950516368376608e-05,-0.5304700103517476,0.9820375616409611,0.23101336028382866,margin,SPEAKER_01
real_forced_m,long_00001_3729-2300-8230,s1,gated_deflation,0,True,6.971299810599987e-05,0.5534367030162848,0.9986623953240038,0.7963464252755318,accepted,SPEAKER_02
real_forced_m,long_00001_3729-2300-8230,s2,gated_deflation,0,True,5.354640335792748e-05,0.5021349728904962,0.9893059952761445,0.7189317089340304,accepted,SPEAKER_00
real_forced_m,long_00001_3729-2300-8230,s3,gated_deflation,0,True,8.950516368376608e-05,0.45201219503249235,0.9853124289934105,0.7013783769995351,accepted,SPEAKER_01
real_forced_m,long_00001_3729-2300-8230,s1,coarse_to_fine,0,True,6.971299810599987e-05,0.38085636870424816,1.0,0.37598778916559433,accepted,SPEAKER_02
real_forced_m,long_00001_3729-2300-8230,s2,coarse_to_fine,0,True,5.354640335792748e-05,0.3619280108555991,0.9914594481166719,0.19810344996310436,accepted,SPEAKER_00
real_forced_m,long_00001_3729-2300-8230,s3,coarse_to_fine,0,False,8.950516368376608e-05,-0.3553590300856855,0.9820375616409611,0.23101336028382866,margin,SPEAKER_01
real_forced_m,long_00001_3729-2300-8230,s1,coarse_to_fine,1,True,6.971299810599987e-05,0.618755128980741,1.0,0.3875110813241318,accepted,SPEAKER_02
real_forced_m,long_00001_3729-2300-8230,s2,coarse_to_fine,1,True,5.354640335792748e-05,0.5299572637184728,0.991375511488826,0.16995914370625292,accepted,SPEAKER_00
real_forced_m,long_00001_3729-2300-8230,s3,coarse_to_fine,1,False,8.950516368376608e-05,-0.5304700103517476,0.9820375616409611,0.23101336028382866,margin,SPEAKER_01
real_index_order,long_00001_3729-2300-8230,s1,gated_deflation,0,True,6.971299810599987e-05,0.6089936926566211,0.9977856460405777,0.7966010740388322,accepted,SPEAKER_02
real_index_order,long_00001_3729-2300-8230,s2,gated_deflation,0,True,5.354640335792748e-05,0.5003923863977445,0.9927936077189808,0.723304525878838,accepted,SPEAKER_00
real_index_order,long_00001_3729-2300-8230,s3,gated_deflation,0,True,8.950516368376608e-05,0.4543841474761144,0.9851579186548511,0.7012169915709004,accepted,SPEAKER_01
real_index_order,long_00001_3729-2300-8230,s1,coarse_to_fine,0,True,6.971299810599987e-05,0.38085636870424816,1.0,0.37598778916559433,accepted,SPEAKER_02
real_index_order,long_00001_3729-2300-8230,s2,coarse_to_fine,0,True,5.354640335792748e-05,0.3619280108555991,0.9914594481166719,0.19810344996310436,accepted,SPEAKER_00
real_index_order,long_00001_3729-2300-8230,s3,coarse_to_fine,0,False,8.950516368376608e-05,-0.3553590300856855,0.9820375616409611,0.23101336028382866,margin,SPEAKER_01
real_index_order,long_00001_3729-2300-8230,s1,coarse_to_fine,1,True,6.971299810599987e-05,0.618755128980741,1.0,0.3875110813241318,accepted,SPEAKER_02
real_index_order,long_00001_3729-2300-8230,s2,coarse_to_fine,1,True,5.354640335792748e-05,0.5299572637184728,0.991375511488826,0.16995914370625292,accepted,SPEAKER_00
real_index_order,long_00001_3729-2300-8230,s3,coarse_to_fine,1,False,8.950516368376608e-05,-0.5304700103517476,0.9820375616409611,0.23101336028382866,margin,SPEAKER_01
oracle,long_00002_4077-237-2300,s1,gated_deflation,0,True,0.0,0.5032467029592427,1.0,0.7405644209649451,accepted,s1
oracle,long_00002_4077-237-2300,s2,gated_deflation,0,True,0.0,0.18598787735202182,0.9788154343112527,0.7851361748393484,accepted,s2
oracle,long_00002_4077-237-2300,s3,gated_deflation,0,True,0.0,0.4167860340516659,0.9782554978996788,0.7212392833731036,accepted,s3
oracle,long_00002_4077-237-2300,s1,coarse_to_fine,0,True,0.0,0.318110091786968,1.0,0.49136823314744077,accepted,s1
oracle,long_00002_4077-237-2300,s2,coarse_to_fine,0,True,0.0,0.15635864821815282,0.983159707518139,0.46871150022292685,accepted,s2
oracle,long_00002_4077-237-2300,s3,coarse_to_fine,0,True,0.0,0.40566243490526677,0.9752285643686681,0.24511087701391412,accepted,s3
oracle,long_00002_4077-237-2300,s1,coarse_to_fine,1,True,0.0,0.30055024739366465,1.0,0.49169603019170693,accepted,s1
oracle,long_00002_4077-237-2300,s2,coarse_to_fine,1,True,0.0,0.1326033012512674,0.9930337935123232,0.4650192675300541,accepted,s2
oracle,long_00002_4077-237-2300,s3,coarse_to_fine,1,True,0.0,0.5891816535737195,0.9789736224363726,0.26063166580813074,accepted,s3
real,long_00002_4077-237-2300,s1,gated_deflation,0,True,8.556522991362703e-05,0.40160228508272544,1.0,0.7396932554849236,accepted,SPEAKER_01
real,long_00002_4077-237-2300,s2,gated_deflation,0,True,7.029985186404625e-05,0.3197650786618177,0.9931677890011223,0.8039547410575809,accepted,SPEAKER_00
real,long_00002_4077-237-2300,s3,gated_deflation,0,True,3.695892652213014e-05,0.5163471068882802,0.9857567443987197,0.7314147097926671,accepted,SPEAKER_02
real,long_00002_4077-237-2300,s1,coarse_to_fine,0,True,8.556522991362703e-05,0.20708247128957635,1.0,0.5023032226844094,accepted,SPEAKER_01
real,long_00002_4077-237-2300,s2,coarse_to_fine,0,True,7.029985186404625e-05,0.3194578822881539,0.967175655187351,0.47496524152264996,accepted,SPEAKER_00
real,long_00002_4077-237-2300,s3,coarse_to_fine,0,True,3.695892652213014e-05,0.4190439380133405,0.9876259401163616,0.23585158644916895,accepted,SPEAKER_02
real,long_00002_4077-237-2300,s1,coarse_to_fine,1,True,8.556522991362703e-05,0.26339577702373285,1.0,0.4993797168296248,accepted,SPEAKER_01
real,long_00002_4077-237-2300,s2,coarse_to_fine,1,True,7.029985186404625e-05,0.23509267796661526,0.9891271388347411,0.47197839747488,accepted,SPEAKER_00
real,long_00002_4077-237-2300,s3,coarse_to_fine,1,True,3.695892652213014e-05,0.6521386230421342,0.9876259401163616,0.24414568619915128,accepted,SPEAKER_02
real_forced_m,long_00002_4077-237-2300,s1,gated_deflation,0,True,8.556522991362703e-05,0.40160228508272544,1.0,0.7396932554849236,accepted,SPEAKER_01
real_forced_m,long_00002_4077-237-2300,s2,gated_deflation,0,True,7.029985186404625e-05,0.3197650786618177,0.9931677890011223,0.8039547410575809,accepted,SPEAKER_00
real_forced_m,long_00002_4077-237-2300,s3,gated_deflation,0,True,3.695892652213014e-05,0.5163471068882802,0.9857567443987197,0.7314147097926671,accepted,SPEAKER_02
real_forced_m,long_00002_4077-237-2300,s1,coarse_to_fine,0,True,8.556522991362703e-05,0.20708247128957635,1.0,0.5023032226844094,accepted,SPEAKER_01
real_forced_m,long_00002_4077-237-2300,s2,coarse_to_fine,0,True,7.029985186404625e-05,0.3194578822881539,0.967175655187351,0.47496524152264996,accepted,SPEAKER_00
real_forced_m,long_00002_4077-237-2300,s3,coarse_to_fine,0,True,3.695892652213014e-05,0.4190439380133405,0.9876259401163616,0.23585158644916895,accepted,SPEAKER_02
real_forced_m,long_00002_4077-237-2300,s1,coarse_to_fine,1,True,8.556522991362703e-05,0.26339577702373285,1.0,0.4993797168296248,accepted,SPEAKER_01
real_forced_m,long_00002_4077-237-2300,s2,coarse_to_fine,1,True,7.029985186404625e-05,0.23509267796661526,0.9891271388347411,0.47197839747488,accepted,SPEAKER_00
real_forced_m,long_00002_4077-237-2300,s3,coarse_to_fine,1,True,3.695892652213014e-05,0.6521386230421342,0.9876259401163616,0.24414568619915128,accepted,SPEAKER_02
real_index_order,long_00002_4077-237-2300,s1,gated_deflation,0,True,8.556522991362703e-05,0.4436015211674078,1.0,0.7417503466285463,accepted,SPEAKER_01
real_index_order,long_00002_4077-237-2300,s2,gated_deflation,0,True,7.029985186404625e-05,0.3157297137605473,0.9885007482229704,0.814332158920553,accepted,SPEAKER_00
real_index_order,long_00002_4077-237-2300,s3,gated_deflation,0,True,3.695892652213014e-05,0.4972477700426225,0.9857681755829903,0.732102711291104,accepted,SPEAKER_02
real_index_order,long_00002_4077-237-2300,s1,coarse_to_fine,0,True,8.556522991362703e-05,0.20708247128957635,1.0,0.5023032226844094,accepted,SPEAKER_01
real_index_order,long_00002_4077-237-2300,s2,coarse_to_fine,0,True,7.029985186404625e-05,0.3194578822881539,0.967175655187351,0.47496524152264996,accepted,SPEAKER_00
real_index_order,long_00002_4077-237-2300,s3,coarse_to_fine,0,True,3.695892652213014e-05,0.4190439380133405,0.9876259401163616,0.23585158644916895,accepted,SPEAKER_02
real_index_order,long_00002_4077-237-2300,s1,coarse_to_fine,1,True,8.556522991362703e-05,0.26339577702373285,1.0,0.4993797168296248,accepted,SPEAKER_01
real_index_order,long_00002_4077-237-2300,s2,coarse_to_fine,1,True,7.029985186404625e-05,0.23509267796661526,0.9891271388347411,0.47197839747488,accepted,SPEAKER_00
real_index_order,long_00002_4077-237-2300,s3,coarse_to_fine,1,True,3.695892652213014e-05,0.6521386230421342,0.9876259401163616,0.24414568619915128,accepted,SPEAKER_02
oracle,long_00003_4507-7176-8455,s1,gated_deflation,0,True,0.0,0.5823682737476975,0.9737666578413203,0.7327171265959738,accepted,s1
oracle,long_00003_4507-7176-8455,s2,gated_deflation,0,True,0.0,0.33980347551708984,0.9831837887645202,0.7254686776762638,accepted,s2
oracle,long_00003_4507-7176-8455,s3,gated_deflation,0,True,0.0,0.658841572174892,0.9688741927471436,0.7371022983619271,accepted,s3
oracle,long_00003_4507-7176-8455,s1,coarse_to_fine,0,False,0.0,0.010028212700510575,0.9737666578413203,0.3689250698048375,margin,s1
oracle,long_00003_4507-7176-8455,s2,coarse_to_fine,0,True,0.0,0.6189387225841639,0.9377371811843614,0.33577003706370573,accepted,s2
oracle,long_00003_4507-7176-8455,s3,coarse_to_fine,0,True,0.0,0.13977467800094073,0.9775366368604074,0.3011181655638941,accepted,s3
oracle,long_00003_4507-7176-8455,s1,coarse_to_fine,1,False,0.0,0.00861970796306677,0.9737666578413203,0.3689250698048375,margin,s1
oracle,long_00003_4507-7176-8455,s2,coarse_to_fine,1,True,0.0,0.5215847840285577,0.9588297590680435,0.36409249349836803,accepted,s2
oracle,long_00003_4507-7176-8455,s3,coarse_to_fine,1,True,0.0,0.2720570801657598,0.9831485966219573,0.33164710454192675,accepted,s3
real,long_00003_4507-7176-8455,s1,gated_deflation,0,True,6.694671496102066e-05,0.5486591583462479,0.9108129801628254,0.7747906244144531,accepted,SPEAKER_01
real,long_00003_4507-7176-8455,s2,gated_deflation,0,True,0.00025416256497575953,0.3119489362576825,0.9400167084377611,0.7346636028214902,accepted,SPEAKER_02
real,long_00003_4507-7176-8455,s3,gated_deflation,0,True,3.4976217703335656e-05,0.6249081509334791,0.9931384015594542,0.7503491801974863,accepted,SPEAKER_00
real,long_00003_4507-7176-8455,s1,coarse_to_fine,0,False,6.694671496102066e-05,0.08360366746321263,0.9605501266739052,0.3565487245230804,margin,SPEAKER_01
real,long_00003_4507-7176-8455,s2,coarse_to_fine,0,True,0.00025416256497575953,0.4802278657243993,0.9315856322715034,0.3433479058149011,accepted,SPEAKER_02
real,long_00003_4507-7176-8455,s3,coarse_to_fine,0,True,3.4976217703335656e-05,0.36179904344525504,1.0,0.2846580893983161,accepted,SPEAKER_00
real,long_00003_4507-7176-8455,s1,coarse_to_fine,1,False,6.694671496102066e-05,0.03499491514082509,0.9605501266739052,0.3565487245230804,margin,SPEAKER_01
real,long_00003_4507-7176-8455,s2,coarse_to_fine,1,True,0.00025416256497575953,0.5950365287481598,0.9462988365594676,0.36480764954599204,accepted,SPEAKER_02
real,long_00003_4507-7176-8455,s3,coarse_to_fine,1,True,3.4976217703335656e-05,0.48528481117559374,1.0,0.30622407200465607,accepted,SPEAKER_00
real_forced_m,long_00003_4507-7176-8455,s1,gated_deflation,0,True,6.694671496102066e-05,0.5486591583462479,0.9108129801628254,0.7747906244144531,accepted,SPEAKER_01
real_forced_m,long_00003_4507-7176-8455,s2,gated_deflation,0,True,0.00025416256497575953,0.3119489362576825,0.9400167084377611,0.7346636028214902,accepted,SPEAKER_02
real_forced_m,long_00003_4507-7176-8455,s3,gated_deflation,0,True,3.4976217703335656e-05,0.6249081509334791,0.9931384015594542,0.7503491801974863,accepted,SPEAKER_00
real_forced_m,long_00003_4507-7176-8455,s1,coarse_to_fine,0,False,6.694671496102066e-05,0.08360366746321263,0.9605501266739052,0.3565487245230804,margin,SPEAKER_01
real_forced_m,long_00003_4507-7176-8455,s2,coarse_to_fine,0,True,0.00025416256497575953,0.4802278657243993,0.9315856322715034,0.3433479058149011,accepted,SPEAKER_02
real_forced_m,long_00003_4507-7176-8455,s3,coarse_to_fine,0,True,3.4976217703335656e-05,0.36179904344525504,1.0,0.2846580893983161,accepted,SPEAKER_00
real_forced_m,long_00003_4507-7176-8455,s1,coarse_to_fine,1,False,6.694671496102066e-05,0.03499491514082509,0.9605501266739052,0.3565487245230804,margin,SPEAKER_01
real_forced_m,long_00003_4507-7176-8455,s2,coarse_to_fine,1,True,0.00025416256497575953,0.5950365287481598,0.9462988365594676,0.36480764954599204,accepted,SPEAKER_02
real_forced_m,long_00003_4507-7176-8455,s3,coarse_to_fine,1,True,3.4976217703335656e-05,0.48528481117559374,1.0,0.30622407200465607,accepted,SPEAKER_00
real_index_order,long_00003_4507-7176-8455,s1,gated_deflation,0,True,6.694671496102066e-05,0.5945630288927244,0.9594083247334021,0.7748446501098697,accepted,SPEAKER_01
real_index_order,long_00003_4507-7176-8455,s2,gated_deflation,0,True,0.00025416256497575953,0.31898206887115865,0.9854497354497355,0.7415593769664088,accepted,SPEAKER_02
real_index_order,long_00003_4507-7176-8455,s3,gated_deflation,0,True,3.4976217703335656e-05,0.6361452045165018,0.9885224171539961,0.7443575091404111,accepted,SPEAKER_00
real_index_order,long_00003_4507-7176-8455,s1,coarse_to_fine,0,False,6.694671496102066e-05,0.08360366746321263,0.9605501266739052,0.3565487245230804,margin,SPEAKER_01
real_index_order,long_00003_4507-7176-8455,s2,coarse_to_fine,0,True,0.00025416256497575953,0.4802278657243993,0.9315856322715034,0.3433479058149011,accepted,SPEAKER_02
real_index_order,long_00003_4507-7176-8455,s3,coarse_to_fine,0,True,3.4976217703335656e-05,0.36179904344525504,1.0,0.2846580893983161,accepted,SPEAKER_00
real_index_order,long_00003_4507-7176-8455,s1,coarse_to_fine,1,False,6.694671496102066e-05,0.03499491514082509,0.9605501266739052,0.3565487245230804,margin,SPEAKER_01
real_index_order,long_00003_4507-7176-8455,s2,coarse_to_fine,1,True,0.00025416256497575953,0.5950365287481598,0.9462988365594676,0.36480764954599204,accepted,SPEAKER_02
real_index_order,long_00003_4507-7176-8455,s3,coarse_to_fine,1,True,3.4976217703335656e-05,0.48528481117559374,1.0,0.30622407200465607,accepted,SPEAKER_00
oracle,long_00004_5639-61-1089,s1,gated_deflation,0,True,0.0,0.2934614270882245,1.0,0.7487324319379761,accepted,s1
oracle,long_00004_5639-61-1089,s2,gated_deflation,0,True,0.0,0.3518428722314639,1.0,0.7564529501612256,accepted,s2
oracle,long_00004_5639-61-1089,s3,gated_deflation,0,True,0.0,0.2760995961699244,1.0,0.7426669466152054,accepted,s3
oracle,long_00004_5639-61-1089,s1,coarse_to_fine,0,False,0.0,-0.5195810390614007,1.0,0.3790800621536016,margin,s1
oracle,long_00004_5639-61-1089,s2,coarse_to_fine,0,True,0.0,0.22340035687001203,1.0,0.4646864247945976,accepted,s2
oracle,long_00004_5639-61-1089,s3,coarse_to_fine,0,False,0.0,-0.1597782570739551,1.0,0.3964243663148541,margin,s3
oracle,long_00004_5639-61-1089,s1,coarse_to_fine,1,False,0.0,-0.5418680081828662,1.0,0.3790800621536016,margin,s1
oracle,long_00004_5639-61-1089,s2,coarse_to_fine,1,True,0.0,0.3924515423192292,1.0,0.4799972410518623,accepted,s2
oracle,long_00004_5639-61-1089,s3,coarse_to_fine,1,False,0.0,-0.291278167264449,1.0,0.3964243663148541,margin,s3
real,long_00004_5639-61-1089,s1,gated_deflation,0,True,0.0,0.4147612571272689,1.0,0.7858940937593714,accepted,SPEAKER_00
real,long_00004_5639-61-1089,s2,gated_deflation,0,True,5.639920551064065e-05,0.3556904175340298,0.9997478619373743,0.7712887996443271,accepted,SPEAKER_02
real,long_00004_5639-61-1089,s3,gated_deflation,0,True,4.7605091891082406e-05,0.24819759275827613,1.0,0.7581284217146456,accepted,SPEAKER_01
real,long_00004_5639-61-1089,s1,coarse_to_fine,0,False,0.0,-0.0978181532921068,1.0,0.3993835786304704,margin,SPEAKER_00
real,long_00004_5639-61-1089,s2,coarse_to_fine,0,True,5.639920551064065e-05,0.26286182395658475,1.0,0.409175261272055,accepted,SPEAKER_02
real,long_00004_5639-61-1089,s3,coarse_to_fine,0,False,4.7605091891082406e-05,-0.22151690461140572,1.0,0.36979378600355306,margin,SPEAKER_01
real,long_00004_5639-61-1089,s1,coarse_to_fine,1,False,0.0,-0.05530348933718793,1.0,0.3993835786304704,margin,SPEAKER_00
real,long_00004_5639-61-1089,s2,coarse_to_fine,1,True,5.639920551064065e-05,0.41543607721532927,1.0,0.4082255359472809,accepted,SPEAKER_02
real,long_00004_5639-61-1089,s3,coarse_to_fine,1,False,4.7605091891082406e-05,-0.3725241265672289,1.0,0.36979378600355306,margin,SPEAKER_01
real_forced_m,long_00004_5639-61-1089,s1,gated_deflation,0,True,0.0,0.4147612571272689,1.0,0.7858940937593714,accepted,SPEAKER_00
real_forced_m,long_00004_5639-61-1089,s2,gated_deflation,0,True,5.639920551064065e-05,0.3556904175340298,0.9997478619373743,0.7712887996443271,accepted,SPEAKER_02
real_forced_m,long_00004_5639-61-1089,s3,gated_deflation,0,True,4.7605091891082406e-05,0.24819759275827613,1.0,0.7581284217146456,accepted,SPEAKER_01
real_forced_m,long_00004_5639-61-1089,s1,coarse_to_fine,0,False,0.0,-0.0978181532921068,1.0,0.3993835786304704,margin,SPEAKER_00
real_forced_m,long_00004_5639-61-1089,s2,coarse_to_fine,0,True,5.639920551064065e-05,0.26286182395658475,1.0,0.409175261272055,accepted,SPEAKER_02
real_forced_m,long_00004_5639-61-1089,s3,coarse_to_fine,0,False,4.7605091891082406e-05,-0.22151690461140572,1.0,0.36979378600355306,margin,SPEAKER_01
real_forced_m,long_00004_5639-61-1089,s1,coarse_to_fine,1,False,0.0,-0.05530348933718793,1.0,0.3993835786304704,margin,SPEAKER_00
real_forced_m,long_00004_5639-61-1089,s2,coarse_to_fine,1,True,5.639920551064065e-05,0.41543607721532927,1.0,0.4082255359472809,accepted,SPEAKER_02
real_forced_m,long_00004_5639-61-1089,s3,coarse_to_fine,1,False,4.7605091891082406e-05,-0.3725241265672289,1.0,0.36979378600355306,margin,SPEAKER_01
real_index_order,long_00004_5639-61-1089,s1,gated_deflation,0,True,0.0,0.4147612571272689,1.0,0.7858940937593714,accepted,SPEAKER_00
real_index_order,long_00004_5639-61-1089,s2,gated_deflation,0,True,5.639920551064065e-05,0.37432858548928555,0.9996456438038774,0.7718470584889718,accepted,SPEAKER_02
real_index_order,long_00004_5639-61-1089,s3,gated_deflation,0,True,4.7605091891082406e-05,0.24885496372189475,0.9996895098691506,0.7594501172826519,accepted,SPEAKER_01
real_index_order,long_00004_5639-61-1089,s1,coarse_to_fine,0,False,0.0,-0.0978181532921068,1.0,0.3993835786304704,margin,SPEAKER_00
real_index_order,long_00004_5639-61-1089,s2,coarse_to_fine,0,True,5.639920551064065e-05,0.26286182395658475,1.0,0.409175261272055,accepted,SPEAKER_02
real_index_order,long_00004_5639-61-1089,s3,coarse_to_fine,0,False,4.7605091891082406e-05,-0.22151690461140572,1.0,0.36979378600355306,margin,SPEAKER_01
real_index_order,long_00004_5639-61-1089,s1,coarse_to_fine,1,False,0.0,-0.05530348933718793,1.0,0.3993835786304704,margin,SPEAKER_00
real_index_order,long_00004_5639-61-1089,s2,coarse_to_fine,1,True,5.639920551064065e-05,0.41543607721532927,1.0,0.4082255359472809,accepted,SPEAKER_02
real_index_order,long_00004_5639-61-1089,s3,coarse_to_fine,1,False,4.7605091891082406e-05,-0.3725241265672289,1.0,0.36979378600355306,margin,SPEAKER_01
oracle,long_00005_3570-908-4507,s1,gated_deflation,0,True,0.0,0.4306679220857393,1.0,0.74940620607813,accepted,s1
oracle,long_00005_3570-908-4507,s2,gated_deflation,0,True,0.0,0.4207984093422154,0.9430300581149212,0.7232827936068161,accepted,s2
oracle,long_00005_3570-908-4507,s3,gated_deflation,0,True,0.0,0.3544989515898017,0.9169197762992961,0.7244761840642989,accepted,s3
oracle,long_00005_3570-908-4507,s1,coarse_to_fine,0,True,0.0,0.5517349762368702,1.0,0.2968356448610496,accepted,s1
oracle,long_00005_3570-908-4507,s2,coarse_to_fine,0,True,0.0,0.49338178189374965,0.9714046379326969,0.3916158065822822,accepted,s2
oracle,long_00005_3570-908-4507,s3,coarse_to_fine,0,True,0.0,0.317052782881198,0.8760847555684119,0.3373851475451591,accepted,s3
oracle,long_00005_3570-908-4507,s1,coarse_to_fine,1,True,0.0,0.6405700072320729,1.0,0.27150876877166064,accepted,s1
oracle,long_00005_3570-908-4507,s2,coarse_to_fine,1,True,0.0,0.5216124424212923,0.97512293896442,0.3996028247483179,accepted,s2
oracle,long_00005_3570-908-4507,s3,coarse_to_fine,1,True,0.0,0.4422974858681114,0.8539015041943882,0.3532868813949977,accepted,s3
real,long_00005_3570-908-4507,s1,gated_deflation,0,True,0.00013360482567984695,0.353604429863945,0.9932902670111973,0.7503732953930918,accepted,SPEAKER_01
real,long_00005_3570-908-4507,s3,gated_deflation,0,True,4.504900729494259e-05,0.3865523981808323,0.965229156096736,0.6909835340297904,accepted,SPEAKER_02
real,long_00005_3570-908-4507,s2,gated_deflation,0,True,4.33377828783621e-05,0.4150672756746115,0.9806405107609927,0.815354939355139,accepted,SPEAKER_00
real,long_00005_3570-908-4507,s1,coarse_to_fine,0,True,0.00013360482567984695,0.3846435855731998,1.0,0.27784195925570027,accepted,SPEAKER_01
real,long_00005_3570-908-4507,s3,coarse_to_fine,0,True,4.504900729494259e-05,0.28611558179100127,0.9288210745957225,0.2981114829922628,accepted,SPEAKER_02
real,long_00005_3570-908-4507,s2,coarse_to_fine,0,True,4.33377828783621e-05,0.47341449517100004,0.9794470526864894,0.40147179823310225,accepted,SPEAKER_00
real,long_00005_3570-908-4507,s1,coarse_to_fine,1,True,0.00013360482567984695,0.5844230803584675,1.0,0.2879262320193049,accepted,SPEAKER_01
real,long_00005_3570-908-4507,s3,coarse_to_fine,1,True,4.504900729494259e-05,0.47812761427922534,0.9389410537297861,0.3355248652583923,accepted,SPEAKER_02
real,long_00005_3570-908-4507,s2,coarse_to_fine,1,True,4.33377828783621e-05,0.576740483456772,1.0,0.40418597453727884,accepted,SPEAKER_00
real_forced_m,long_00005_3570-908-4507,s1,gated_deflation,0,True,0.00013360482567984695,0.353604429863945,0.9932902670111973,0.7503732953930918,accepted,SPEAKER_01
real_forced_m,long_00005_3570-908-4507,s3,gated_deflation,0,True,4.504900729494259e-05,0.3865523981808323,0.965229156096736,0.6909835340297904,accepted,SPEAKER_02
real_forced_m,long_00005_3570-908-4507,s2,gated_deflation,0,True,4.33377828783621e-05,0.4150672756746115,0.9806405107609927,0.815354939355139,accepted,SPEAKER_00
real_forced_m,long_00005_3570-908-4507,s1,coarse_to_fine,0,True,0.00013360482567984695,0.3846435855731998,1.0,0.27784195925570027,accepted,SPEAKER_01
real_forced_m,long_00005_3570-908-4507,s3,coarse_to_fine,0,True,4.504900729494259e-05,0.28611558179100127,0.9288210745957225,0.2981114829922628,accepted,SPEAKER_02
real_forced_m,long_00005_3570-908-4507,s2,coarse_to_fine,0,True,4.33377828783621e-05,0.47341449517100004,0.9794470526864894,0.40147179823310225,accepted,SPEAKER_00
real_forced_m,long_00005_3570-908-4507,s1,coarse_to_fine,1,True,0.00013360482567984695,0.5844230803584675,1.0,0.2879262320193049,accepted,SPEAKER_01
real_forced_m,long_00005_3570-908-4507,s3,coarse_to_fine,1,True,4.504900729494259e-05,0.47812761427922534,0.9389410537297861,0.3355248652583923,accepted,SPEAKER_02
real_forced_m,long_00005_3570-908-4507,s2,coarse_to_fine,1,True,4.33377828783621e-05,0.576740483456772,1.0,0.40418597453727884,accepted,SPEAKER_00
real_index_order,long_00005_3570-908-4507,s1,gated_deflation,0,True,0.00013360482567984695,0.36106692500184495,0.9996640826873385,0.7477510705311542,accepted,SPEAKER_01
real_index_order,long_00005_3570-908-4507,s3,gated_deflation,0,True,4.504900729494259e-05,0.3670684110250107,0.9584595685052306,0.6947254647671858,accepted,SPEAKER_02
real_index_order,long_00005_3570-908-4507,s2,gated_deflation,0,True,4.33377828783621e-05,0.4017687670735091,0.9563107129372189,0.8076424350018597,accepted,SPEAKER_00
real_index_order,long_00005_3570-908-4507,s1,coarse_to_fine,0,True,0.00013360482567984695,0.3846435855731998,1.0,0.27784195925570027,accepted,SPEAKER_01
real_index_order,long_00005_3570-908-4507,s3,coarse_to_fine,0,True,4.504900729494259e-05,0.28611558179100127,0.9288210745957225,0.2981114829922628,accepted,SPEAKER_02
real_index_order,long_00005_3570-908-4507,s2,coarse_to_fine,0,True,4.33377828783621e-05,0.47341449517100004,0.9794470526864894,0.40147179823310225,accepted,SPEAKER_00
real_index_order,long_00005_3570-908-4507,s1,coarse_to_fine,1,True,0.00013360482567984695,0.5844230803584675,1.0,0.2879262320193049,accepted,SPEAKER_01
real_index_order,long_00005_3570-908-4507,s3,coarse_to_fine,1,True,4.504900729494259e-05,0.47812761427922534,0.9389410537297861,0.3355248652583923,accepted,SPEAKER_02
real_index_order,long_00005_3570-908-4507,s2,coarse_to_fine,1,True,4.33377828783621e-05,0.576740483456772,1.0,0.40418597453727884,accepted,SPEAKER_00
oracle,long_00006_1089-8230-7176,s1,gated_deflation,0,True,0.0,0.23248686777697036,1.0,0.7323981130740451,accepted,s1
oracle,long_00006_1089-8230-7176,s2,gated_deflation,0,True,0.0,0.1929898780499385,0.9207357833535429,0.7198920423009352,accepted,s2
oracle,long_00006_1089-8230-7176,s3,gated_deflation,0,True,0.0,0.25847963761924164,0.9800332502078138,0.716811247238101,accepted,s3
oracle,long_00006_1089-8230-7176,s1,coarse_to_fine,0,False,0.0,0.06284991865252365,1.0,0.36395273326359157,margin,s1
oracle,long_00006_1089-8230-7176,s2,coarse_to_fine,0,False,0.0,-0.036075889273781137,0.9797962103296254,0.3030339740809066,margin,s2
oracle,long_00006_1089-8230-7176,s3,coarse_to_fine,0,True,0.0,0.19221580924649828,0.9960515378221114,0.27602612832358137,accepted,s3
oracle,long_00006_1089-8230-7176,s1,coarse_to_fine,1,False,0.0,0.06284991865252365,1.0,0.36395273326359157,margin,s1
oracle,long_00006_1089-8230-7176,s2,coarse_to_fine,1,False,0.0,-0.036075889273781137,0.9797962103296254,0.3030339740809066,margin,s2
oracle,long_00006_1089-8230-7176,s3,coarse_to_fine,1,True,0.0,0.27069300366138005,0.9900665004156276,0.29145369814254524,accepted,s3
real,long_00006_1089-8230-7176,s1,gated_deflation,0,True,0.00016908858174213685,0.22630670230957894,0.9999222319432293,0.7310595844181027,accepted,SPEAKER_02
real,long_00006_1089-8230-7176,s2,gated_deflation,0,False,8.27090177785913e-05,0.00046321100964707984,0.965198975571316,0.7492090130380304,margin,SPEAKER_01
real,long_00006_1089-8230-7176,s3,gated_deflation,0,True,4.883735485341198e-05,0.2970668828309797,0.9986559139784946,0.7318255858288432,accepted,SPEAKER_00
real,long_00006_1089-8230-7176,s1,coarse_to_fine,0,True,0.00016908858174213685,0.1660225875610678,1.0,0.3579688250063805,accepted,SPEAKER_02
real,long_00006_1089-8230-7176,s2,coarse_to_fine,0,False,8.27090177785913e-05,-0.11421158546722354,1.0,0.27733552901304,margin,SPEAKER_01
real,long_00006_1089-8230-7176,s3,coarse_to_fine,0,True,4.883735485341198e-05,0.17474753770736884,1.0,0.2757009702539489,accepted,SPEAKER_00
real,long_00006_1089-8230-7176,s1,coarse_to_fine,1,True,0.00016908858174213685,0.2973826976011381,1.0,0.3596235022225752,accepted,SPEAKER_02
real,long_00006_1089-8230-7176,s2,coarse_to_fine,1,False,8.27090177785913e-05,-0.27712828859258765,1.0,0.27733552901304,margin,SPEAKER_01
real,long_00006_1089-8230-7176,s3,coarse_to_fine,1,True,4.883735485341198e-05,0.2534426988966242,1.0,0.3146797378778173,accepted,SPEAKER_00
real_forced_m,long_00006_1089-8230-7176,s1,gated_deflation,0,True,0.00016908858174213685,0.22630670230957894,0.9999222319432293,0.7310595844181027,accepted,SPEAKER_02
real_forced_m,long_00006_1089-8230-7176,s2,gated_deflation,0,False,8.27090177785913e-05,0.00046321100964707984,0.965198975571316,0.7492090130380304,margin,SPEAKER_01
real_forced_m,long_00006_1089-8230-7176,s3,gated_deflation,0,True,4.883735485341198e-05,0.2970668828309797,0.9986559139784946,0.7318255858288432,accepted,SPEAKER_00
real_forced_m,long_00006_1089-8230-7176,s1,coarse_to_fine,0,True,0.00016908858174213685,0.1660225875610678,1.0,0.3579688250063805,accepted,SPEAKER_02
real_forced_m,long_00006_1089-8230-7176,s2,coarse_to_fine,0,False,8.27090177785913e-05,-0.11421158546722354,1.0,0.27733552901304,margin,SPEAKER_01
real_forced_m,long_00006_1089-8230-7176,s3,coarse_to_fine,0,True,4.883735485341198e-05,0.17474753770736884,1.0,0.2757009702539489,accepted,SPEAKER_00
real_forced_m,long_00006_1089-8230-7176,s1,coarse_to_fine,1,True,0.00016908858174213685,0.2973826976011381,1.0,0.3596235022225752,accepted,SPEAKER_02
real_forced_m,long_00006_1089-8230-7176,s2,coarse_to_fine,1,False,8.27090177785913e-05,-0.27712828859258765,1.0,0.27733552901304,margin,SPEAKER_01
real_forced_m,long_00006_1089-8230-7176,s3,coarse_to_fine,1,True,4.883735485341198e-05,0.2534426988966242,1.0,0.3146797378778173,accepted,SPEAKER_00
real_index_order,long_00006_1089-8230-7176,s1,gated_deflation,0,True,0.00016908858174213685,0.22518937270535122,0.9996889277729173,0.7328820086754678,accepted,SPEAKER_02
real_index_order,long_00006_1089-8230-7176,s2,gated_deflation,0,False,8.27090177785913e-05,0.028754299320913224,0.95823975571316,0.7491223069463092,margin,SPEAKER_01
real_index_order,long_00006_1089-8230-7176,s3,gated_deflation,0,True,4.883735485341198e-05,0.2913391712766794,0.9986559139784946,0.7292924440811921,accepted,SPEAKER_00
real_index_order,long_00006_1089-8230-7176,s1,coarse_to_fine,0,True,0.00016908858174213685,0.1660225875610678,1.0,0.3579688250063805,accepted,SPEAKER_02
real_index_order,long_00006_1089-8230-7176,s2,coarse_to_fine,0,False,8.27090177785913e-05,-0.11421158546722354,1.0,0.27733552901304,margin,SPEAKER_01
real_index_order,long_00006_1089-8230-7176,s3,coarse_to_fine,0,True,4.883735485341198e-05,0.17474753770736884,1.0,0.2757009702539489,accepted,SPEAKER_00
real_index_order,long_00006_1089-8230-7176,s1,coarse_to_fine,1,True,0.00016908858174213685,0.2973826976011381,1.0,0.3596235022225752,accepted,SPEAKER_02
real_index_order,long_00006_1089-8230-7176,s2,coarse_to_fine,1,False,8.27090177785913e-05,-0.27712828859258765,1.0,0.27733552901304,margin,SPEAKER_01
real_index_order,long_00006_1089-8230-7176,s3,coarse_to_fine,1,True,4.883735485341198e-05,0.2534426988966242,1.0,0.3146797378778173,accepted,SPEAKER_00
oracle,long_00007_1188-4077-121,s1,gated_deflation,0,True,0.0,0.4439814182657448,1.0,0.7031853244949383,accepted,s1
oracle,long_00007_1188-4077-121,s2,gated_deflation,0,True,0.0,0.5488485163668619,0.9910547133426235,0.7324889391658529,accepted,s2
oracle,long_00007_1188-4077-121,s3,gated_deflation,0,True,0.0,0.26090783846725735,0.9915588642095843,0.8089985510750034,accepted,s3
oracle,long_00007_1188-4077-121,s1,coarse_to_fine,0,False,0.0,-0.11163540196123345,1.0,0.32153230541225275,margin,s1
oracle,long_00007_1188-4077-121,s2,coarse_to_fine,0,True,0.0,0.5703009010816851,1.0,0.5259635120965428,accepted,s2
oracle,long_00007_1188-4077-121,s3,coarse_to_fine,0,False,0.0,-0.5778857685033767,0.9745816722262902,0.4717536889515147,margin,s3
oracle,long_00007_1188-4077-121,s1,coarse_to_fine,1,False,0.0,-0.18616074408151329,1.0,0.32153230541225275,margin,s1
oracle,long_00007_1188-4077-121,s2,coarse_to_fine,1,True,0.0,0.6767100385458162,1.0,0.5231531768564535,accepted,s2
oracle,long_00007_1188-4077-121,s3,coarse_to_fine,1,False,0.0,-0.649258077690354,0.9745816722262902,0.4717536889515147,margin,s3
real,long_00007_1188-4077-121,s1,gated_deflation,0,True,5.3082867441405494e-05,0.46028592409783414,0.9998362471704474,0.752140937744766,accepted,SPEAKER_00
real,long_00007_1188-4077-121,s2,gated_deflation,0,True,9.96561576956757e-05,0.49567776423046844,0.9975579975579976,0.7303887794364458,accepted,SPEAKER_01
real,long_00007_1188-4077-121,s3,gated_deflation,0,True,7.227986956850508e-05,0.4243588182772987,0.9959182098765432,0.8191232578554329,accepted,SPEAKER_02
real,long_00007_1188-4077-121,s1,coarse_to_fine,0,False,5.3082867441405494e-05,0.018736646786753686,1.0,0.3385597426525367,margin,SPEAKER_00
real,long_00007_1188-4077-121,s2,coarse_to_fine,0,True,9.96561576956757e-05,0.5273234865011307,1.0,0.48918281965187016,accepted,SPEAKER_01
real,long_00007_1188-4077-121,s3,coarse_to_fine,0,False,7.227986956850508e-05,-0.41978793887768856,1.0,0.4473263699804841,margin,SPEAKER_02
real,long_00007_1188-4077-121,s1,coarse_to_fine,1,False,5.3082867441405494e-05,-0.038332462649627974,1.0,0.3385597426525367,margin,SPEAKER_00
real,long_00007_1188-4077-121,s2,coarse_to_fine,1,True,9.96561576956757e-05,0.6249200533252577,1.0,0.5074279721892886,accepted,SPEAKER_01
real,long_00007_1188-4077-121,s3,coarse_to_fine,1,False,7.227986956850508e-05,-0.49095949102094943,1.0,0.4473263699804841,margin,SPEAKER_02
real_forced_m,long_00007_1188-4077-121,s1,gated_deflation,0,True,5.3082867441405494e-05,0.46028592409783414,0.9998362471704474,0.752140937744766,accepted,SPEAKER_00
real_forced_m,long_00007_1188-4077-121,s2,gated_deflation,0,True,9.96561576956757e-05,0.49567776423046844,0.9975579975579976,0.7303887794364458,accepted,SPEAKER_01
real_forced_m,long_00007_1188-4077-121,s3,gated_deflation,0,True,7.227986956850508e-05,0.4243588182772987,0.9959182098765432,0.8191232578554329,accepted,SPEAKER_02
real_forced_m,long_00007_1188-4077-121,s1,coarse_to_fine,0,False,5.3082867441405494e-05,0.018736646786753686,1.0,0.3385597426525367,margin,SPEAKER_00
real_forced_m,long_00007_1188-4077-121,s2,coarse_to_fine,0,True,9.96561576956757e-05,0.5273234865011307,1.0,0.48918281965187016,accepted,SPEAKER_01
real_forced_m,long_00007_1188-4077-121,s3,coarse_to_fine,0,False,7.227986956850508e-05,-0.41978793887768856,1.0,0.4473263699804841,margin,SPEAKER_02
real_forced_m,long_00007_1188-4077-121,s1,coarse_to_fine,1,False,5.3082867441405494e-05,-0.038332462649627974,1.0,0.3385597426525367,margin,SPEAKER_00
real_forced_m,long_00007_1188-4077-121,s2,coarse_to_fine,1,True,9.96561576956757e-05,0.6249200533252577,1.0,0.5074279721892886,accepted,SPEAKER_01
real_forced_m,long_00007_1188-4077-121,s3,coarse_to_fine,1,False,7.227986956850508e-05,-0.49095949102094943,1.0,0.4473263699804841,margin,SPEAKER_02
real_index_order,long_00007_1188-4077-121,s1,gated_deflation,0,True,5.3082867441405494e-05,0.46028592409783414,0.9998362471704474,0.752140937744766,accepted,SPEAKER_00
real_index_order,long_00007_1188-4077-121,s2,gated_deflation,0,True,9.96561576956757e-05,0.5008774805404477,0.9794357689094532,0.7312392434415154,accepted,SPEAKER_01
real_index_order,long_00007_1188-4077-121,s3,gated_deflation,0,True,7.227986956850508e-05,0.3687046718861934,0.999729938271605,0.8189738684988559,accepted,SPEAKER_02
real_index_order,long_00007_1188-4077-121,s1,coarse_to_fine,0,False,5.3082867441405494e-05,0.018736646786753686,1.0,0.3385597426525367,margin,SPEAKER_00
real_index_order,long_00007_1188-4077-121,s2,coarse_to_fine,0,True,9.96561576956757e-05,0.5273234865011307,1.0,0.48918281965187016,accepted,SPEAKER_01
real_index_order,long_00007_1188-4077-121,s3,coarse_to_fine,0,False,7.227986956850508e-05,-0.41978793887768856,1.0,0.4473263699804841,margin,SPEAKER_02
real_index_order,long_00007_1188-4077-121,s1,coarse_to_fine,1,False,5.3082867441405494e-05,-0.038332462649627974,1.0,0.3385597426525367,margin,SPEAKER_00
real_index_order,long_00007_1188-4077-121,s2,coarse_to_fine,1,True,9.96561576956757e-05,0.6249200533252577,1.0,0.5074279721892886,accepted,SPEAKER_01
real_index_order,long_00007_1188-4077-121,s3,coarse_to_fine,1,False,7.227986956850508e-05,-0.49095949102094943,1.0,0.4473263699804841,margin,SPEAKER_02
oracle,long_00008_672-5639-121,s1,gated_deflation,0,True,0.0,0.37568013202329736,0.9971727210418094,0.7668595377179991,accepted,s1
oracle,long_00008_672-5639-121,s2,gated_deflation,0,True,0.0,0.1292182155861175,0.9720990391722099,0.7639372259738535,accepted,s2
oracle,long_00008_672-5639-121,s3,gated_deflation,0,True,0.0,0.39130020100528096,0.9448307279179055,0.7842302835365121,accepted,s3
oracle,long_00008_672-5639-121,s1,coarse_to_fine,0,True,0.0,0.2534007697956182,1.0,0.45563796147839825,accepted,s1
oracle,long_00008_672-5639-121,s2,coarse_to_fine,0,False,0.0,-0.04392299436075453,1.0,0.4067144774585335,margin,s2
oracle,long_00008_672-5639-121,s3,coarse_to_fine,0,True,0.0,0.13690681310570763,0.9508967104632204,0.47484624794291813,accepted,s3
oracle,long_00008_672-5639-121,s1,coarse_to_fine,1,True,0.0,0.46611510634144987,0.996851439342015,0.44408263933719544,accepted,s1
oracle,long_00008_672-5639-121,s2,coarse_to_fine,1,False,0.0,-0.20491505121008913,1.0,0.4067144774585335,margin,s2
oracle,long_00008_672-5639-121,s3,coarse_to_fine,1,True,0.0,0.2874602775769176,0.9506089958760909,0.4641827188927289,accepted,s3
real,long_00008_672-5639-121,s1,gated_deflation,0,True,0.00010713417601982828,0.27912381578460105,0.999846364883402,0.8218407863273307,accepted,SPEAKER_02
real,long_00008_672-5639-121,s2,gated_deflation,0,True,6.740768522121347e-05,0.20073829269949506,0.972922502334267,0.7613435977999261,accepted,SPEAKER_01
real,long_00008_672-5639-121,s3,gated_deflation,0,True,5.3491170436563625e-05,0.4297648826019964,0.9767088087162092,0.780989203420321,accepted,SPEAKER_00
real,long_00008_672-5639-121,s1,coarse_to_fine,0,False,0.00010713417601982828,-0.016006962087637022,1.0,0.4344238459313009,margin,SPEAKER_02
real,long_00008_672-5639-121,s2,coarse_to_fine,0,False,6.740768522121347e-05,-0.1509575260475723,0.9898199875853507,0.4143033137472053,margin,SPEAKER_01
real,long_00008_672-5639-121,s3,coarse_to_fine,0,True,5.3491170436563625e-05,0.10363614826871737,0.9738878543347818,0.45502425786807704,accepted,SPEAKER_00
real,long_00008_672-5639-121,s1,coarse_to_fine,1,False,0.00010713417601982828,-0.016006962087637022,1.0,0.4344238459313009,margin,SPEAKER_02
real,long_00008_672-5639-121,s2,coarse_to_fine,1,False,6.740768522121347e-05,-0.31727630160959186,0.9898199875853507,0.4143033137472053,margin,SPEAKER_01
real,long_00008_672-5639-121,s3,coarse_to_fine,1,True,5.3491170436563625e-05,0.30837400061962406,0.9743947858472998,0.4486665455563418,accepted,SPEAKER_00
real_forced_m,long_00008_672-5639-121,s1,gated_deflation,0,True,0.00010713417601982828,0.27912381578460105,0.999846364883402,0.8218407863273307,accepted,SPEAKER_02
real_forced_m,long_00008_672-5639-121,s2,gated_deflation,0,True,6.740768522121347e-05,0.20073829269949506,0.972922502334267,0.7613435977999261,accepted,SPEAKER_01
real_forced_m,long_00008_672-5639-121,s3,gated_deflation,0,True,5.3491170436563625e-05,0.4297648826019964,0.9767088087162092,0.780989203420321,accepted,SPEAKER_00
real_forced_m,long_00008_672-5639-121,s1,coarse_to_fine,0,False,0.00010713417601982828,-0.016006962087637022,1.0,0.4344238459313009,margin,SPEAKER_02
real_forced_m,long_00008_672-5639-121,s2,coarse_to_fine,0,False,6.740768522121347e-05,-0.1509575260475723,0.9898199875853507,0.4143033137472053,margin,SPEAKER_01
real_forced_m,long_00008_672-5639-121,s3,coarse_to_fine,0,True,5.3491170436563625e-05,0.10363614826871737,0.9738878543347818,0.45502425786807704,accepted,SPEAKER_00
real_forced_m,long_00008_672-5639-121,s1,coarse_to_fine,1,False,0.00010713417601982828,-0.016006962087637022,1.0,0.4344238459313009,margin,SPEAKER_02
real_forced_m,long_00008_672-5639-121,s2,coarse_to_fine,1,False,6.740768522121347e-05,-0.31727630160959186,0.9898199875853507,0.4143033137472053,margin,SPEAKER_01
real_forced_m,long_00008_672-5639-121,s3,coarse_to_fine,1,True,5.3491170436563625e-05,0.30837400061962406,0.9743947858472998,0.4486665455563418,accepted,SPEAKER_00
real_index_order,long_00008_672-5639-121,s1,gated_deflation,0,True,0.00010713417601982828,0.29254473602043307,1.0,0.8265671848337557,accepted,SPEAKER_02
real_index_order,long_00008_672-5639-121,s2,gated_deflation,0,True,6.740768522121347e-05,0.21623035107859895,0.9758925792539238,0.761707358206824,accepted,SPEAKER_01
real_index_order,long_00008_672-5639-121,s3,gated_deflation,0,True,5.3491170436563625e-05,0.3583317481856673,0.9696440195977661,0.7756011686128643,accepted,SPEAKER_00
real_index_order,long_00008_672-5639-121,s1,coarse_to_fine,0,False,0.00010713417601982828,-0.016006962087637022,1.0,0.4344238459313009,margin,SPEAKER_02
real_index_order,long_00008_672-5639-121,s2,coarse_to_fine,0,False,6.740768522121347e-05,-0.1509575260475723,0.9898199875853507,0.4143033137472053,margin,SPEAKER_01
real_index_order,long_00008_672-5639-121,s3,coarse_to_fine,0,True,5.3491170436563625e-05,0.10363614826871737,0.9738878543347818,0.45502425786807704,accepted,SPEAKER_00
real_index_order,long_00008_672-5639-121,s1,coarse_to_fine,1,False,0.00010713417601982828,-0.016006962087637022,1.0,0.4344238459313009,margin,SPEAKER_02
real_index_order,long_00008_672-5639-121,s2,coarse_to_fine,1,False,6.740768522121347e-05,-0.31727630160959186,0.9898199875853507,0.4143033137472053,margin,SPEAKER_01
real_index_order,long_00008_672-5639-121,s3,coarse_to_fine,1,True,5.3491170436563625e-05,0.30837400061962406,0.9743947858472998,0.4486665455563418,accepted,SPEAKER_00
oracle,long_00009_4992-5105-1580,s1,gated_deflation,0,True,0.0,0.43324940585959343,0.9709656944702458,0.7383235406286182,accepted,s1
oracle,long_00009_4992-5105-1580,s2,gated_deflation,0,True,0.0,0.42479848348260696,1.0,0.7542666106314537,accepted,s2
oracle,long_00009_4992-5105-1580,s3,gated_deflation,0,True,0.0,0.3535203017683766,0.9922458097673097,0.8331502742336412,accepted,s3
oracle,long_00009_4992-5105-1580,s1,coarse_to_fine,0,True,0.0,0.27797249508624083,0.9709656944702458,0.4014099156498403,accepted,s1
oracle,long_00009_4992-5105-1580,s2,coarse_to_fine,0,True,0.0,0.5381649179363359,1.0,0.5195234483296951,accepted,s2
oracle,long_00009_4992-5105-1580,s3,coarse_to_fine,0,False,0.0,0.07356545148742999,1.0,0.6174474207037774,margin,s3
oracle,long_00009_4992-5105-1580,s1,coarse_to_fine,1,True,0.0,0.5129255359615028,0.9696807851879373,0.3733453357087274,accepted,s1
oracle,long_00009_4992-5105-1580,s2,coarse_to_fine,1,True,0.0,0.6405869559284318,1.0,0.5179318505828179,accepted,s2
oracle,long_00009_4992-5105-1580,s3,coarse_to_fine,1,False,0.0,0.019584975073156485,1.0,0.6174474207037774,margin,s3
real,long_00009_4992-5105-1580,s1,gated_deflation,0,True,5.031928522641089e-05,0.44821201271276656,0.9987046632124352,0.7526090509608712,accepted,SPEAKER_02
real,long_00009_4992-5105-1580,s2,gated_deflation,0,True,3.234701503994554e-05,0.44507272104182705,1.0,0.7755301676127381,accepted,SPEAKER_00
real,long_00009_4992-5105-1580,s3,gated_deflation,0,True,5.7955696026185394e-05,0.34580646178212754,1.0,0.8515689363994765,accepted,SPEAKER_01
real,long_00009_4992-5105-1580,s1,coarse_to_fine,0,True,5.031928522641089e-05,0.24074539990356814,1.0,0.35569004365758083,accepted,SPEAKER_02
real,long_00009_4992-5105-1580,s2,coarse_to_fine,0,True,3.234701503994554e-05,0.4322985590723952,1.0,0.4642453119325163,accepted,SPEAKER_00
real,long_00009_4992-5105-1580,s3,coarse_to_fine,0,False,5.7955696026185394e-05,0.09252519787917346,1.0,0.599771047358367,margin,SPEAKER_01
real,long_00009_4992-5105-1580,s1,coarse_to_fine,1,True,5.031928522641089e-05,0.5128729095937534,1.0,0.33532548416076613,accepted,SPEAKER_02
real,long_00009_4992-5105-1580,s2,coarse_to_fine,1,True,3.234701503994554e-05,0.5633337629347208,1.0,0.48244492877778505,accepted,SPEAKER_00
real,long_00009_4992-5105-1580,s3,coarse_to_fine,1,False,5.7955696026185394e-05,0.027832551565345365,1.0,0.599771047358367,margin,SPEAKER_01
real_forced_m,long_00009_4992-5105-1580,s1,gated_deflation,0,True,5.031928522641089e-05,0.44821201271276656,0.9987046632124352,0.7526090509608712,accepted,SPEAKER_02
real_forced_m,long_00009_4992-5105-1580,s2,gated_deflation,0,True,3.234701503994554e-05,0.44507272104182705,1.0,0.7755301676127381,accepted,SPEAKER_00
real_forced_m,long_00009_4992-5105-1580,s3,gated_deflation,0,True,5.7955696026185394e-05,0.34580646178212754,1.0,0.8515689363994765,accepted,SPEAKER_01
real_forced_m,long_00009_4992-5105-1580,s1,coarse_to_fine,0,True,5.031928522641089e-05,0.24074539990356814,1.0,0.35569004365758083,accepted,SPEAKER_02
real_forced_m,long_00009_4992-5105-1580,s2,coarse_to_fine,0,True,3.234701503994554e-05,0.4322985590723952,1.0,0.4642453119325163,accepted,SPEAKER_00
real_forced_m,long_00009_4992-5105-1580,s3,coarse_to_fine,0,False,5.7955696026185394e-05,0.09252519787917346,1.0,0.599771047358367,margin,SPEAKER_01
real_forced_m,long_00009_4992-5105-1580,s1,coarse_to_fine,1,True,5.031928522641089e-05,0.5128729095937534,1.0,0.33532548416076613,accepted,SPEAKER_02
real_forced_m,long_00009_4992-5105-1580,s2,coarse_to_fine,1,True,3.234701503994554e-05,0.5633337629347208,1.0,0.48244492877778505,accepted,SPEAKER_00
real_forced_m,long_00009_4992-5105-1580,s3,coarse_to_fine,1,False,5.7955696026185394e-05,0.027832551565345365,1.0,0.599771047358367,margin,SPEAKER_01
real_index_order,long_00009_4992-5105-1580,s1,gated_deflation,0,True,5.031928522641089e-05,0.4639600623106723,0.9978027250047975,0.7487755263512628,accepted,SPEAKER_02
real_index_order,long_00009_4992-5105-1580,s2,gated_deflation,0,True,3.234701503994554e-05,0.4274521070473004,1.0,0.775080499096688,accepted,SPEAKER_00
real_index_order,long_00009_4992-5105-1580,s3,gated_deflation,0,True,5.7955696026185394e-05,0.34377643833046634,1.0,0.8513179774332881,accepted,SPEAKER_01
real_index_order,long_00009_4992-5105-1580,s1,coarse_to_fine,0,True,5.031928522641089e-05,0.24074539990356814,1.0,0.35569004365758083,accepted,SPEAKER_02
real_index_order,long_00009_4992-5105-1580,s2,coarse_to_fine,0,True,3.234701503994554e-05,0.4322985590723952,1.0,0.4642453119325163,accepted,SPEAKER_00
real_index_order,long_00009_4992-5105-1580,s3,coarse_to_fine,0,False,5.7955696026185394e-05,0.09252519787917346,1.0,0.599771047358367,margin,SPEAKER_01
real_index_order,long_00009_4992-5105-1580,s1,coarse_to_fine,1,True,5.031928522641089e-05,0.5128729095937534,1.0,0.33532548416076613,accepted,SPEAKER_02
real_index_order,long_00009_4992-5105-1580,s2,coarse_to_fine,1,True,3.234701503994554e-05,0.5633337629347208,1.0,0.48244492877778505,accepted,SPEAKER_00
real_index_order,long_00009_4992-5105-1580,s3,coarse_to_fine,1,False,5.7955696026185394e-05,0.027832551565345365,1.0,0.599771047358367,margin,SPEAKER_01
oracle,long_00010_2300-1089-8463,s1,gated_deflation,0,True,0.0,0.29643015467997547,0.9960992907801418,0.7271065959863129,accepted,s1
oracle,long_00010_2300-1089-8463,s2,gated_deflation,0,True,0.0,0.30219390362839604,0.9288460295922982,0.7672424106163763,accepted,s2
oracle,long_00010_2300-1089-8463,s3,gated_deflation,0,True,0.0,0.46784150890616255,0.9781144781144782,0.7792563115220169,accepted,s3
oracle,long_00010_2300-1089-8463,s1,coarse_to_fine,0,False,0.0,-0.025225902730992567,0.9960992907801418,0.2969292800745259,margin,s1
oracle,long_00010_2300-1089-8463,s2,coarse_to_fine,0,True,0.0,0.10134943897995574,1.0,0.36969326301478783,accepted,s2
oracle,long_00010_2300-1089-8463,s3,coarse_to_fine,0,False,0.0,0.04757396417739512,0.9865319865319865,0.5178281970403698,margin,s3
oracle,long_00010_2300-1089-8463,s1,coarse_to_fine,1,False,0.0,-0.21406207571318547,0.9960992907801418,0.2969292800745259,margin,s1
oracle,long_00010_2300-1089-8463,s2,coarse_to_fine,1,True,0.0,0.23361124347948636,0.9928191489361702,0.33105209288205417,accepted,s2
oracle,long_00010_2300-1089-8463,s3,coarse_to_fine,1,False,0.0,-0.035831522671880944,0.9865319865319865,0.5178281970403698,margin,s3
real,long_00010_2300-1089-8463,s1,gated_deflation,0,True,2.4481260891100974e-05,0.4404380704478516,0.9870791809212157,0.7382655782555526,accepted,SPEAKER_02
real,long_00010_2300-1089-8463,s2,gated_deflation,0,True,0.00019383274115203795,0.22888545938254123,0.9861875258157786,0.778175957293336,accepted,SPEAKER_01
real,long_00010_2300-1089-8463,s3,gated_deflation,0,True,4.6022024218494805e-05,0.636147769306552,0.9996160039638301,0.7995782252130234,accepted,SPEAKER_00
real,long_00010_2300-1089-8463,s1,coarse_to_fine,0,True,2.4481260891100974e-05,0.3022873462058959,0.9878595478595479,0.2550512137336388,accepted,SPEAKER_02
real,long_00010_2300-1089-8463,s2,coarse_to_fine,0,False,0.00019383274115203795,-0.2568870947674866,1.0,0.2990464165161134,margin,SPEAKER_01
real,long_00010_2300-1089-8463,s3,coarse_to_fine,0,False,4.6022024218494805e-05,-0.07584156083076354,1.0,0.5001733481371398,margin,SPEAKER_00
real,long_00010_2300-1089-8463,s1,coarse_to_fine,1,True,2.4481260891100974e-05,0.4671981740747286,0.987974987974988,0.28144018457333037,accepted,SPEAKER_02
real,long_00010_2300-1089-8463,s2,coarse_to_fine,1,False,0.00019383274115203795,-0.42765707403883224,1.0,0.2990464165161134,margin,SPEAKER_01
real,long_00010_2300-1089-8463,s3,coarse_to_fine,1,False,4.6022024218494805e-05,-0.07584156083076354,1.0,0.5001733481371398,margin,SPEAKER_00
real_forced_m,long_00010_2300-1089-8463,s1,gated_deflation,0,True,2.4481260891100974e-05,0.4404380704478516,0.9870791809212157,0.7382655782555526,accepted,SPEAKER_02
real_forced_m,long_00010_2300-1089-8463,s2,gated_deflation,0,True,0.00019383274115203795,0.22888545938254123,0.9861875258157786,0.778175957293336,accepted,SPEAKER_01
real_forced_m,long_00010_2300-1089-8463,s3,gated_deflation,0,True,4.6022024218494805e-05,0.636147769306552,0.9996160039638301,0.7995782252130234,accepted,SPEAKER_00
real_forced_m,long_00010_2300-1089-8463,s1,coarse_to_fine,0,True,2.4481260891100974e-05,0.3022873462058959,0.9878595478595479,0.2550512137336388,accepted,SPEAKER_02
real_forced_m,long_00010_2300-1089-8463,s2,coarse_to_fine,0,False,0.00019383274115203795,-0.2568870947674866,1.0,0.2990464165161134,margin,SPEAKER_01
real_forced_m,long_00010_2300-1089-8463,s3,coarse_to_fine,0,False,4.6022024218494805e-05,-0.07584156083076354,1.0,0.5001733481371398,margin,SPEAKER_00
real_forced_m,long_00010_2300-1089-8463,s1,coarse_to_fine,1,True,2.4481260891100974e-05,0.4671981740747286,0.987974987974988,0.28144018457333037,accepted,SPEAKER_02
real_forced_m,long_00010_2300-1089-8463,s2,coarse_to_fine,1,False,0.00019383274115203795,-0.42765707403883224,1.0,0.2990464165161134,margin,SPEAKER_01
real_forced_m,long_00010_2300-1089-8463,s3,coarse_to_fine,1,False,4.6022024218494805e-05,-0.07584156083076354,1.0,0.5001733481371398,margin,SPEAKER_00
real_index_order,long_00010_2300-1089-8463,s1,gated_deflation,0,True,2.4481260891100974e-05,0.4404380704478516,0.9870791809212157,0.7382655782555526,accepted,SPEAKER_02
real_index_order,long_00010_2300-1089-8463,s2,gated_deflation,0,True,0.00019383274115203795,0.21349924111099156,0.9130386892468677,0.7804091495083124,accepted,SPEAKER_01
real_index_order,long_00010_2300-1089-8463,s3,gated_deflation,0,True,4.6022024218494805e-05,0.6208090278482695,0.9996903257772823,0.7980690408067437,accepted,SPEAKER_00
real_index_order,long_00010_2300-1089-8463,s1,coarse_to_fine,0,True,2.4481260891100974e-05,0.3022873462058959,0.9878595478595479,0.2550512137336388,accepted,SPEAKER_02
real_index_order,long_00010_2300-1089-8463,s2,coarse_to_fine,0,False,0.00019383274115203795,-0.2568870947674866,1.0,0.2990464165161134,margin,SPEAKER_01
real_index_order,long_00010_2300-1089-8463,s3,coarse_to_fine,0,False,4.6022024218494805e-05,-0.07584156083076354,1.0,0.5001733481371398,margin,SPEAKER_00
real_index_order,long_00010_2300-1089-8463,s1,coarse_to_fine,1,True,2.4481260891100974e-05,0.4671981740747286,0.987974987974988,0.28144018457333037,accepted,SPEAKER_02
real_index_order,long_00010_2300-1089-8463,s2,coarse_to_fine,1,False,0.00019383274115203795,-0.42765707403883224,1.0,0.2990464165161134,margin,SPEAKER_01
real_index_order,long_00010_2300-1089-8463,s3,coarse_to_fine,1,False,4.6022024218494805e-05,-0.07584156083076354,1.0,0.5001733481371398,margin,SPEAKER_00
oracle,long_00011_5683-7176-4507,s1,gated_deflation,0,True,0.0,0.5635842251085645,0.9490069284064665,0.7906003890571861,accepted,s1
oracle,long_00011_5683-7176-4507,s2,gated_deflation,0,True,0.0,0.35744606197164946,0.9474107392560828,0.7658090653877401,accepted,s2
oracle,long_00011_5683-7176-4507,s3,gated_deflation,0,True,0.0,0.46389504302000595,0.9733041678426945,0.7100484958183765,accepted,s3
oracle,long_00011_5683-7176-4507,s1,coarse_to_fine,0,True,0.0,0.3264592167192078,0.9490069284064665,0.5284694598456567,accepted,s1
oracle,long_00011_5683-7176-4507,s2,coarse_to_fine,0,True,0.0,0.6766983912843234,0.9713625866050808,0.41245104385543624,accepted,s2
oracle,long_00011_5683-7176-4507,s3,coarse_to_fine,0,False,0.0,-0.04860585594572436,0.9560243986577602,0.3809434955159253,margin,s3
oracle,long_00011_5683-7176-4507,s1,coarse_to_fine,1,True,0.0,0.5134018349465782,0.957328714395689,0.5574660655950396,accepted,s1
oracle,long_00011_5683-7176-4507,s2,coarse_to_fine,1,True,0.0,0.6535385959509425,0.9713317936874519,0.41767719817246185,accepted,s2
oracle,long_00011_5683-7176-4507,s3,coarse_to_fine,1,False,0.0,-0.06800529073770928,0.9560243986577602,0.3809434955159253,margin,s3
real,long_00011_5683-7176-4507,s1,gated_deflation,0,True,4.1741069189270015e-05,0.5520011020154953,0.9613902237755448,0.8052226371976028,accepted,SPEAKER_00
real,long_00011_5683-7176-4507,s2,gated_deflation,0,True,6.865437512250634e-05,0.3771090891409636,0.9958496804599403,0.7771699245788412,accepted,SPEAKER_01
real,long_00011_5683-7176-4507,s3,gated_deflation,0,True,3.4119891703388527e-05,0.45945598068231097,0.98085917896216,0.7255692535529387,accepted,SPEAKER_02
real,long_00011_5683-7176-4507,s1,coarse_to_fine,0,True,4.1741069189270015e-05,0.3221260804992949,1.0,0.5504004880651566,accepted,SPEAKER_00
real,long_00011_5683-7176-4507,s2,coarse_to_fine,0,True,6.865437512250634e-05,0.6154795869428651,1.0,0.4059304687747249,accepted,SPEAKER_01
real,long_00011_5683-7176-4507,s3,coarse_to_fine,0,True,3.4119891703388527e-05,0.18958432512562273,1.0,0.35817942752608917,accepted,SPEAKER_02
real,long_00011_5683-7176-4507,s1,coarse_to_fine,1,True,4.1741069189270015e-05,0.5863048765685119,1.0,0.5665849438896137,accepted,SPEAKER_00
real,long_00011_5683-7176-4507,s2,coarse_to_fine,1,True,6.865437512250634e-05,0.629061224545155,1.0,0.3795542611022642,accepted,SPEAKER_01
real,long_00011_5683-7176-4507,s3,coarse_to_fine,1,True,3.4119891703388527e-05,0.3906469050658518,1.0,0.3647588743690911,accepted,SPEAKER_02
real_forced_m,long_00011_5683-7176-4507,s1,gated_deflation,0,True,4.1741069189270015e-05,0.5520011020154953,0.9613902237755448,0.8052226371976028,accepted,SPEAKER_00
real_forced_m,long_00011_5683-7176-4507,s2,gated_deflation,0,True,6.865437512250634e-05,0.3771090891409636,0.9958496804599403,0.7771699245788412,accepted,SPEAKER_01
real_forced_m,long_00011_5683-7176-4507,s3,gated_deflation,0,True,3.4119891703388527e-05,0.45945598068231097,0.98085917896216,0.7255692535529387,accepted,SPEAKER_02
real_forced_m,long_00011_5683-7176-4507,s1,coarse_to_fine,0,True,4.1741069189270015e-05,0.3221260804992949,1.0,0.5504004880651566,accepted,SPEAKER_00
real_forced_m,long_00011_5683-7176-4507,s2,coarse_to_fine,0,True,6.865437512250634e-05,0.6154795869428651,1.0,0.4059304687747249,accepted,SPEAKER_01
real_forced_m,long_00011_5683-7176-4507,s3,coarse_to_fine,0,True,3.4119891703388527e-05,0.18958432512562273,1.0,0.35817942752608917,accepted,SPEAKER_02
real_forced_m,long_00011_5683-7176-4507,s1,coarse_to_fine,1,True,4.1741069189270015e-05,0.5863048765685119,1.0,0.5665849438896137,accepted,SPEAKER_00
real_forced_m,long_00011_5683-7176-4507,s2,coarse_to_fine,1,True,6.865437512250634e-05,0.629061224545155,1.0,0.3795542611022642,accepted,SPEAKER_01
real_forced_m,long_00011_5683-7176-4507,s3,coarse_to_fine,1,True,3.4119891703388527e-05,0.3906469050658518,1.0,0.3647588743690911,accepted,SPEAKER_02
real_index_order,long_00011_5683-7176-4507,s1,gated_deflation,0,True,4.1741069189270015e-05,0.5754917659011369,0.982175622542595,0.8101467482240571,accepted,SPEAKER_00
real_index_order,long_00011_5683-7176-4507,s2,gated_deflation,0,True,6.865437512250634e-05,0.37912704398789426,0.9688454610506576,0.7728934128342033,accepted,SPEAKER_01
real_index_order,long_00011_5683-7176-4507,s3,gated_deflation,0,True,3.4119891703388527e-05,0.46226773089908074,0.9969386730904346,0.7261895818056879,accepted,SPEAKER_02
real_index_order,long_00011_5683-7176-4507,s1,coarse_to_fine,0,True,4.1741069189270015e-05,0.3221260804992949,1.0,0.5504004880651566,accepted,SPEAKER_00
real_index_order,long_00011_5683-7176-4507,s2,coarse_to_fine,0,True,6.865437512250634e-05,0.6154795869428651,1.0,0.4059304687747249,accepted,SPEAKER_01
real_index_order,long_00011_5683-7176-4507,s3,coarse_to_fine,0,True,3.4119891703388527e-05,0.18958432512562273,1.0,0.35817942752608917,accepted,SPEAKER_02
real_index_order,long_00011_5683-7176-4507,s1,coarse_to_fine,1,True,4.1741069189270015e-05,0.5863048765685119,1.0,0.5665849438896137,accepted,SPEAKER_00
real_index_order,long_00011_5683-7176-4507,s2,coarse_to_fine,1,True,6.865437512250634e-05,0.629061224545155,1.0,0.3795542611022642,accepted,SPEAKER_01
real_index_order,long_00011_5683-7176-4507,s3,coarse_to_fine,1,True,3.4119891703388527e-05,0.3906469050658518,1.0,0.3647588743690911,accepted,SPEAKER_02
oracle,long_00012_1284-2300-3570,s1,gated_deflation,0,True,0.0,0.3441935122098505,0.9870872350911779,0.7364768776084476,accepted,s1
oracle,long_00012_1284-2300-3570,s2,gated_deflation,0,True,0.0,0.40194166082506755,0.944026782112156,0.6732172651089899,accepted,s2
oracle,long_00012_1284-2300-3570,s3,gated_deflation,0,True,0.0,0.47227440437019075,0.954610273146923,0.7151323668464479,accepted,s3
oracle,long_00012_1284-2300-3570,s1,coarse_to_fine,0,False,0.0,-0.424809946956684,0.9870872350911779,0.2840027069848538,margin,s1
oracle,long_00012_1284-2300-3570,s2,coarse_to_fine,0,True,0.0,0.22401078895893944,0.9542280438681603,0.2276803714563582,accepted,s2
oracle,long_00012_1284-2300-3570,s3,coarse_to_fine,0,True,0.0,0.1740497543580552,0.9594836964511482,0.23779828226557823,accepted,s3
oracle,long_00012_1284-2300-3570,s1,coarse_to_fine,1,False,0.0,-0.4712314527091242,0.9870872350911779,0.2840027069848538,margin,s1
oracle,long_00012_1284-2300-3570,s2,coarse_to_fine,1,True,0.0,0.24555940913891605,0.9563450060274618,0.21452681493267722,accepted,s2
oracle,long_00012_1284-2300-3570,s3,coarse_to_fine,1,True,0.0,0.18823298783025955,0.9655626120960865,0.17005930583049586,accepted,s3
real,long_00012_1284-2300-3570,s1,gated_deflation,0,True,4.2004077431563446e-05,0.3592700810465994,1.0,0.7566088995520396,accepted,SPEAKER_00
real,long_00012_1284-2300-3570,s2,gated_deflation,0,True,0.0001616385991049479,0.39332709337587407,0.9771996386630533,0.6996986119069726,accepted,SPEAKER_02
real,long_00012_1284-2300-3570,s3,gated_deflation,0,True,0.00020785866813445952,0.32478165039620593,0.9911464609946172,0.7151814111898698,accepted,SPEAKER_01
real,long_00012_1284-2300-3570,s1,coarse_to_fine,0,False,4.2004077431563446e-05,-0.20446417938448785,1.0,0.27556080890333307,margin,SPEAKER_00
real,long_00012_1284-2300-3570,s2,coarse_to_fine,0,True,0.0001616385991049479,0.19741269959107272,0.9841481481481481,0.2668670316759567,accepted,SPEAKER_02
real,long_00012_1284-2300-3570,s3,coarse_to_fine,0,False,0.00020785866813445952,0.041724835787847914,0.9879461279461279,0.21581814929924104,margin,SPEAKER_01
real,long_00012_1284-2300-3570,s1,coarse_to_fine,1,False,4.2004077431563446e-05,-0.30440297359717156,1.0,0.27556080890333307,margin,SPEAKER_00
real,long_00012_1284-2300-3570,s2,coarse_to_fine,1,True,0.0001616385991049479,0.48926455263358765,0.9837845117845118,0.2516464253273936,accepted,SPEAKER_02
real,long_00012_1284-2300-3570,s3,coarse_to_fine,1,False,0.00020785866813445952,-0.16280695417616775,0.9879461279461279,0.21581814929924104,margin,SPEAKER_01
real_forced_m,long_00012_1284-2300-3570,s1,gated_deflation,0,True,4.2004077431563446e-05,0.3592700810465994,1.0,0.7566088995520396,accepted,SPEAKER_00
real_forced_m,long_00012_1284-2300-3570,s2,gated_deflation,0,True,0.0001616385991049479,0.39332709337587407,0.9771996386630533,0.6996986119069726,accepted,SPEAKER_02
real_forced_m,long_00012_1284-2300-3570,s3,gated_deflation,0,True,0.00020785866813445952,0.32478165039620593,0.9911464609946172,0.7151814111898698,accepted,SPEAKER_01
real_forced_m,long_00012_1284-2300-3570,s1,coarse_to_fine,0,False,4.2004077431563446e-05,-0.20446417938448785,1.0,0.27556080890333307,margin,SPEAKER_00
real_forced_m,long_00012_1284-2300-3570,s2,coarse_to_fine,0,True,0.0001616385991049479,0.19741269959107272,0.9841481481481481,0.2668670316759567,accepted,SPEAKER_02
real_forced_m,long_00012_1284-2300-3570,s3,coarse_to_fine,0,False,0.00020785866813445952,0.041724835787847914,0.9879461279461279,0.21581814929924104,margin,SPEAKER_01
real_forced_m,long_00012_1284-2300-3570,s1,coarse_to_fine,1,False,4.2004077431563446e-05,-0.30440297359717156,1.0,0.27556080890333307,margin,SPEAKER_00
real_forced_m,long_00012_1284-2300-3570,s2,coarse_to_fine,1,True,0.0001616385991049479,0.48926455263358765,0.9837845117845118,0.2516464253273936,accepted,SPEAKER_02
real_forced_m,long_00012_1284-2300-3570,s3,coarse_to_fine,1,False,0.00020785866813445952,-0.16280695417616775,0.9879461279461279,0.21581814929924104,margin,SPEAKER_01
real_index_order,long_00012_1284-2300-3570,s1,gated_deflation,0,True,4.2004077431563446e-05,0.3592700810465994,1.0,0.7566088995520396,accepted,SPEAKER_00
real_index_order,long_00012_1284-2300-3570,s2,gated_deflation,0,True,0.0001616385991049479,0.39332709337587407,0.9771996386630533,0.6996986119069726,accepted,SPEAKER_02
real_index_order,long_00012_1284-2300-3570,s3,gated_deflation,0,True,0.00020785866813445952,0.32478165039620593,0.9911464609946172,0.7151814111898698,accepted,SPEAKER_01
real_index_order,long_00012_1284-2300-3570,s1,coarse_to_fine,0,False,4.2004077431563446e-05,-0.20446417938448785,1.0,0.27556080890333307,margin,SPEAKER_00
real_index_order,long_00012_1284-2300-3570,s2,coarse_to_fine,0,True,0.0001616385991049479,0.19741269959107272,0.9841481481481481,0.2668670316759567,accepted,SPEAKER_02
real_index_order,long_00012_1284-2300-3570,s3,coarse_to_fine,0,False,0.00020785866813445952,0.041724835787847914,0.9879461279461279,0.21581814929924104,margin,SPEAKER_01
real_index_order,long_00012_1284-2300-3570,s1,coarse_to_fine,1,False,4.2004077431563446e-05,-0.30440297359717156,1.0,0.27556080890333307,margin,SPEAKER_00
real_index_order,long_00012_1284-2300-3570,s2,coarse_to_fine,1,True,0.0001616385991049479,0.48926455263358765,0.9837845117845118,0.2516464253273936,accepted,SPEAKER_02
real_index_order,long_00012_1284-2300-3570,s3,coarse_to_fine,1,False,0.00020785866813445952,-0.16280695417616775,0.9879461279461279,0.21581814929924104,margin,SPEAKER_01
oracle,long_00013_4970-121-1320,s1,gated_deflation,0,True,0.0,0.510531006350196,0.9665078049454344,0.7553127655203281,accepted,s1
oracle,long_00013_4970-121-1320,s2,gated_deflation,0,True,0.0,0.3737331324568036,0.9538615576121665,0.7611855934286673,accepted,s2
oracle,long_00013_4970-121-1320,s3,gated_deflation,0,True,0.0,0.460221980525497,0.9903945589054173,0.7603192517949268,accepted,s3
oracle,long_00013_4970-121-1320,s1,coarse_to_fine,0,True,0.0,0.20007746480408833,0.9665078049454344,0.46231790482226354,accepted,s1
oracle,long_00013_4970-121-1320,s2,coarse_to_fine,0,False,0.0,-0.24271774884020436,1.0,0.48959298876944113,margin,s2
oracle,long_00013_4970-121-1320,s3,coarse_to_fine,0,True,0.0,0.4348343025701878,0.9871728581656193,0.4099872764901517,accepted,s3
oracle,long_00013_4970-121-1320,s1,coarse_to_fine,1,True,0.0,0.43668980950934716,0.9668669705760464,0.4817353938740202,accepted,s1
oracle,long_00013_4970-121-1320,s2,coarse_to_fine,1,False,0.0,-0.3703110724415284,1.0,0.48959298876944113,margin,s2
oracle,long_00013_4970-121-1320,s3,coarse_to_fine,1,True,0.0,0.5135586676248108,0.9811802296290404,0.4113030283364138,accepted,s3
real,long_00013_4970-121-1320,s1,gated_deflation,0,True,3.604080524452782e-05,0.4069983742262092,0.9738460876672259,0.7871535365147495,accepted,SPEAKER_02
real,long_00013_4970-121-1320,s2,gated_deflation,0,True,9.51296133944204e-05,0.4062117794081429,0.9867042345542897,0.777235864391347,accepted,SPEAKER_00
real,long_00013_4970-121-1320,s3,gated_deflation,0,True,3.590206212734712e-05,0.550024673114729,0.9968209552679647,0.7715430972764848,accepted,SPEAKER_01
real,long_00013_4970-121-1320,s1,coarse_to_fine,0,True,3.604080524452782e-05,0.24614683205802895,0.9771851851851852,0.4297393751544191,accepted,SPEAKER_02
real,long_00013_4970-121-1320,s2,coarse_to_fine,0,False,9.51296133944204e-05,-0.05679985037355134,0.9831111111111112,0.4642210040746335,margin,SPEAKER_00
real,long_00013_4970-121-1320,s3,coarse_to_fine,0,True,3.590206212734712e-05,0.2934838087541161,1.0,0.46915834559030767,accepted,SPEAKER_01
real,long_00013_4970-121-1320,s1,coarse_to_fine,1,True,3.604080524452782e-05,0.5021693794557661,0.9775353535353536,0.46036193048139795,accepted,SPEAKER_02
real,long_00013_4970-121-1320,s2,coarse_to_fine,1,False,9.51296133944204e-05,-0.28792039038497347,0.9831111111111112,0.4642210040746335,margin,SPEAKER_00
real,long_00013_4970-121-1320,s3,coarse_to_fine,1,True,3.590206212734712e-05,0.5483924638759475,1.0,0.4711490863314253,accepted,SPEAKER_01
real_forced_m,long_00013_4970-121-1320,s1,gated_deflation,0,True,3.604080524452782e-05,0.4069983742262092,0.9738460876672259,0.7871535365147495,accepted,SPEAKER_02
real_forced_m,long_00013_4970-121-1320,s2,gated_deflation,0,True,9.51296133944204e-05,0.4062117794081429,0.9867042345542897,0.777235864391347,accepted,SPEAKER_00
real_forced_m,long_00013_4970-121-1320,s3,gated_deflation,0,True,3.590206212734712e-05,0.550024673114729,0.9968209552679647,0.7715430972764848,accepted,SPEAKER_01
real_forced_m,long_00013_4970-121-1320,s1,coarse_to_fine,0,True,3.604080524452782e-05,0.24614683205802895,0.9771851851851852,0.4297393751544191,accepted,SPEAKER_02
real_forced_m,long_00013_4970-121-1320,s2,coarse_to_fine,0,False,9.51296133944204e-05,-0.05679985037355134,0.9831111111111112,0.4642210040746335,margin,SPEAKER_00
real_forced_m,long_00013_4970-121-1320,s3,coarse_to_fine,0,True,3.590206212734712e-05,0.2934838087541161,1.0,0.46915834559030767,accepted,SPEAKER_01
real_forced_m,long_00013_4970-121-1320,s1,coarse_to_fine,1,True,3.604080524452782e-05,0.5021693794557661,0.9775353535353536,0.46036193048139795,accepted,SPEAKER_02
real_forced_m,long_00013_4970-121-1320,s2,coarse_to_fine,1,False,9.51296133944204e-05,-0.28792039038497347,0.9831111111111112,0.4642210040746335,margin,SPEAKER_00
real_forced_m,long_00013_4970-121-1320,s3,coarse_to_fine,1,True,3.590206212734712e-05,0.5483924638759475,1.0,0.4711490863314253,accepted,SPEAKER_01
real_index_order,long_00013_4970-121-1320,s1,gated_deflation,0,True,3.604080524452782e-05,0.42793399596538606,0.9758936636985418,0.7932148495058702,accepted,SPEAKER_02
real_index_order,long_00013_4970-121-1320,s2,gated_deflation,0,True,9.51296133944204e-05,0.43148276516905754,0.9732124627383724,0.7766688821876974,accepted,SPEAKER_00
real_index_order,long_00013_4970-121-1320,s3,gated_deflation,0,True,3.590206212734712e-05,0.5123556055068719,0.9963079553845556,0.7688212842230686,accepted,SPEAKER_01
real_index_order,long_00013_4970-121-1320,s1,coarse_to_fine,0,True,3.604080524452782e-05,0.24614683205802895,0.9771851851851852,0.4297393751544191,accepted,SPEAKER_02
real_index_order,long_00013_4970-121-1320,s2,coarse_to_fine,0,False,9.51296133944204e-05,-0.05679985037355134,0.9831111111111112,0.4642210040746335,margin,SPEAKER_00
real_index_order,long_00013_4970-121-1320,s3,coarse_to_fine,0,True,3.590206212734712e-05,0.2934838087541161,1.0,0.46915834559030767,accepted,SPEAKER_01
real_index_order,long_00013_4970-121-1320,s1,coarse_to_fine,1,True,3.604080524452782e-05,0.5021693794557661,0.9775353535353536,0.46036193048139795,accepted,SPEAKER_02
real_index_order,long_00013_4970-121-1320,s2,coarse_to_fine,1,False,9.51296133944204e-05,-0.28792039038497347,0.9831111111111112,0.4642210040746335,margin,SPEAKER_00
real_index_order,long_00013_4970-121-1320,s3,coarse_to_fine,1,True,3.590206212734712e-05,0.5483924638759475,1.0,0.4711490863314253,accepted,SPEAKER_01
oracle,long_00014_6829-2094-7021,s1,gated_deflation,0,True,0.0,0.18002269366006346,1.0,0.7919104936622082,accepted,s1
oracle,long_00014_6829-2094-7021,s2,gated_deflation,0,True,0.0,0.31502498428668335,0.9490649217143761,0.6335028963582848,accepted,s2
oracle,long_00014_6829-2094-7021,s3,gated_deflation,0,True,0.0,0.5337682950464177,1.0,0.7334769648735026,accepted,s3
oracle,long_00014_6829-2094-7021,s1,coarse_to_fine,0,False,0.0,-0.002816485223195775,1.0,0.37674282760019195,margin,s1
oracle,long_00014_6829-2094-7021,s2,coarse_to_fine,0,True,0.0,0.38120461370219594,1.0,0.3462106844051225,accepted,s2
oracle,long_00014_6829-2094-7021,s3,coarse_to_fine,0,True,0.0,0.1980219794798581,1.0,0.2761776213404817,accepted,s3
oracle,long_00014_6829-2094-7021,s1,coarse_to_fine,1,False,0.0,-0.07876496718171633,1.0,0.37674282760019195,margin,s1
oracle,long_00014_6829-2094-7021,s2,coarse_to_fine,1,True,0.0,0.28093567672020237,1.0,0.3236683600016709,accepted,s2
oracle,long_00014_6829-2094-7021,s3,coarse_to_fine,1,True,0.0,0.3067400629108491,1.0,0.2047833587099863,accepted,s3
real,long_00014_6829-2094-7021,s1,gated_deflation,0,True,2.8840904151418955e-05,0.1352657302410713,0.9984591679506933,0.8007966100879524,accepted,SPEAKER_01
real,long_00014_6829-2094-7021,s2,gated_deflation,0,True,0.00015121653228374735,0.34377862282967764,0.9978811268945537,0.6628548712730141,accepted,SPEAKER_02
real,long_00014_6829-2094-7021,s3,gated_deflation,0,True,3.833432350762605e-05,0.5257293983663368,1.0,0.7583085120843631,accepted,SPEAKER_00
real,long_00014_6829-2094-7021,s1,coarse_to_fine,0,False,2.8840904151418955e-05,-0.14898634577992925,1.0,0.3759424353736588,margin,SPEAKER_01
real,long_00014_6829-2094-7021,s2,coarse_to_fine,0,True,0.00015121653228374735,0.3983982799948946,1.0,0.33300339246149296,accepted,SPEAKER_02
real,long_00014_6829-2094-7021,s3,coarse_to_fine,0,True,3.833432350762605e-05,0.21553782994683257,1.0,0.26394634191322436,accepted,SPEAKER_00
real,long_00014_6829-2094-7021,s1,coarse_to_fine,1,False,2.8840904151418955e-05,-0.13648729483861038,1.0,0.3759424353736588,margin,SPEAKER_01
real,long_00014_6829-2094-7021,s2,coarse_to_fine,1,True,0.00015121653228374735,0.4065355749908799,1.0,0.3079287930105902,accepted,SPEAKER_02
real,long_00014_6829-2094-7021,s3,coarse_to_fine,1,True,3.833432350762605e-05,0.3597936152257879,1.0,0.22419586063397523,accepted,SPEAKER_00
real_forced_m,long_00014_6829-2094-7021,s1,gated_deflation,0,True,2.8840904151418955e-05,0.1352657302410713,0.9984591679506933,0.8007966100879524,accepted,SPEAKER_01
real_forced_m,long_00014_6829-2094-7021,s2,gated_deflation,0,True,0.00015121653228374735,0.34377862282967764,0.9978811268945537,0.6628548712730141,accepted,SPEAKER_02
real_forced_m,long_00014_6829-2094-7021,s3,gated_deflation,0,True,3.833432350762605e-05,0.5257293983663368,1.0,0.7583085120843631,accepted,SPEAKER_00
real_forced_m,long_00014_6829-2094-7021,s1,coarse_to_fine,0,False,2.8840904151418955e-05,-0.14898634577992925,1.0,0.3759424353736588,margin,SPEAKER_01
real_forced_m,long_00014_6829-2094-7021,s2,coarse_to_fine,0,True,0.00015121653228374735,0.3983982799948946,1.0,0.33300339246149296,accepted,SPEAKER_02
real_forced_m,long_00014_6829-2094-7021,s3,coarse_to_fine,0,True,3.833432350762605e-05,0.21553782994683257,1.0,0.26394634191322436,accepted,SPEAKER_00
real_forced_m,long_00014_6829-2094-7021,s1,coarse_to_fine,1,False,2.8840904151418955e-05,-0.13648729483861038,1.0,0.3759424353736588,margin,SPEAKER_01
real_forced_m,long_00014_6829-2094-7021,s2,coarse_to_fine,1,True,0.00015121653228374735,0.4065355749908799,1.0,0.3079287930105902,accepted,SPEAKER_02
real_forced_m,long_00014_6829-2094-7021,s3,coarse_to_fine,1,True,3.833432350762605e-05,0.3597936152257879,1.0,0.22419586063397523,accepted,SPEAKER_00
real_index_order,long_00014_6829-2094-7021,s1,gated_deflation,0,True,2.8840904151418955e-05,0.1352657302410713,0.9984591679506933,0.8007966100879524,accepted,SPEAKER_01
real_index_order,long_00014_6829-2094-7021,s2,gated_deflation,0,True,0.00015121653228374735,0.34402471910191595,0.966586668396359,0.6600240798181054,accepted,SPEAKER_02
real_index_order,long_00014_6829-2094-7021,s3,gated_deflation,0,True,3.833432350762605e-05,0.5100953443233582,1.0,0.7567155356865035,accepted,SPEAKER_00
real_index_order,long_00014_6829-2094-7021,s1,coarse_to_fine,0,False,2.8840904151418955e-05,-0.14898634577992925,1.0,0.3759424353736588,margin,SPEAKER_01
real_index_order,long_00014_6829-2094-7021,s2,coarse_to_fine,0,True,0.00015121653228374735,0.3983982799948946,1.0,0.33300339246149296,accepted,SPEAKER_02
real_index_order,long_00014_6829-2094-7021,s3,coarse_to_fine,0,True,3.833432350762605e-05,0.21553782994683257,1.0,0.26394634191322436,accepted,SPEAKER_00
real_index_order,long_00014_6829-2094-7021,s1,coarse_to_fine,1,False,2.8840904151418955e-05,-0.13648729483861038,1.0,0.3759424353736588,margin,SPEAKER_01
real_index_order,long_00014_6829-2094-7021,s2,coarse_to_fine,1,True,0.00015121653228374735,0.4065355749908799,1.0,0.3079287930105902,accepted,SPEAKER_02
real_index_order,long_00014_6829-2094-7021,s3,coarse_to_fine,1,True,3.833432350762605e-05,0.3597936152257879,1.0,0.22419586063397523,accepted,SPEAKER_00
oracle,long_00015_4992-1089-4970,s1,gated_deflation,0,True,0.0,0.5416567170406583,0.976911482597972,0.7288654333403183,accepted,s1
oracle,long_00015_4992-1089-4970,s2,gated_deflation,0,True,0.0,0.4197711522266577,0.9275994984442484,0.784260242287754,accepted,s2
oracle,long_00015_4992-1089-4970,s3,gated_deflation,0,True,0.0,0.48394203767424077,0.9035439889161786,0.750222417295203,accepted,s3
oracle,long_00015_4992-1089-4970,s1,coarse_to_fine,0,True,0.0,0.5015709082286155,0.976911482597972,0.37653547585703906,accepted,s1
oracle,long_00015_4992-1089-4970,s2,coarse_to_fine,0,True,0.0,0.40367445693859944,0.9961404951128163,0.4272643524420822,accepted,s2
oracle,long_00015_4992-1089-4970,s3,coarse_to_fine,0,True,0.0,0.41019027459064783,0.8851627936268027,0.5091863921969857,accepted,s3
oracle,long_00015_4992-1089-4970,s1,coarse_to_fine,1,True,0.0,0.4452127121885713,0.9762263633872293,0.3744784080149681,accepted,s1
oracle,long_00015_4992-1089-4970,s2,coarse_to_fine,1,True,0.0,0.46969892402153673,0.9958131603787947,0.4301487599000322,accepted,s2
oracle,long_00015_4992-1089-4970,s3,coarse_to_fine,1,True,0.0,0.43849686769887586,0.9003243277284464,0.5223207443068882,accepted,s3
real,long_00015_4992-1089-4970,s1,gated_deflation,0,True,4.575704814972334e-05,0.46799390759516224,0.9749920080376308,0.7443030866839846,accepted,SPEAKER_01
real,long_00015_4992-1089-4970,s2,gated_deflation,0,True,0.0001775399438686778,0.4057806204025481,0.999046822318554,0.8079732771891555,accepted,SPEAKER_02
real,long_00015_4992-1089-4970,s3,gated_deflation,0,True,4.486392044341745e-05,0.42698677621458203,0.9517037037037037,0.7846564064686055,accepted,SPEAKER_00
real,long_00015_4992-1089-4970,s1,coarse_to_fine,0,True,4.575704814972334e-05,0.53944274347392,1.0,0.3824613672455763,accepted,SPEAKER_01
real,long_00015_4992-1089-4970,s2,coarse_to_fine,0,True,0.0001775399438686778,0.33091099335658947,1.0,0.42524975596358844,accepted,SPEAKER_02
real,long_00015_4992-1089-4970,s3,coarse_to_fine,0,True,4.486392044341745e-05,0.30498296627515187,0.9577492877492878,0.5195616663563681,accepted,SPEAKER_00
real,long_00015_4992-1089-4970,s1,coarse_to_fine,1,True,4.575704814972334e-05,0.5411344090524493,1.0,0.3824188005194951,accepted,SPEAKER_01
real,long_00015_4992-1089-4970,s2,coarse_to_fine,1,True,0.0001775399438686778,0.4430908411311785,1.0,0.44126976372051446,accepted,SPEAKER_02
real,long_00015_4992-1089-4970,s3,coarse_to_fine,1,True,4.486392044341745e-05,0.3582875400934301,0.9763532763532764,0.5374899400728427,accepted,SPEAKER_00
real_forced_m,long_00015_4992-1089-4970,s1,gated_deflation,0,True,4.575704814972334e-05,0.46799390759516224,0.9749920080376308,0.7443030866839846,accepted,SPEAKER_01
real_forced_m,long_00015_4992-1089-4970,s2,gated_deflation,0,True,0.0001775399438686778,0.4057806204025481,0.999046822318554,0.8079732771891555,accepted,SPEAKER_02
real_forced_m,long_00015_4992-1089-4970,s3,gated_deflation,0,True,4.486392044341745e-05,0.42698677621458203,0.9517037037037037,0.7846564064686055,accepted,SPEAKER_00
real_forced_m,long_00015_4992-1089-4970,s1,coarse_to_fine,0,True,4.575704814972334e-05,0.53944274347392,1.0,0.3824613672455763,accepted,SPEAKER_01
real_forced_m,long_00015_4992-1089-4970,s2,coarse_to_fine,0,True,0.0001775399438686778,0.33091099335658947,1.0,0.42524975596358844,accepted,SPEAKER_02
real_forced_m,long_00015_4992-1089-4970,s3,coarse_to_fine,0,True,4.486392044341745e-05,0.30498296627515187,0.9577492877492878,0.5195616663563681,accepted,SPEAKER_00
real_forced_m,long_00015_4992-1089-4970,s1,coarse_to_fine,1,True,4.575704814972334e-05,0.5411344090524493,1.0,0.3824188005194951,accepted,SPEAKER_01
real_forced_m,long_00015_4992-1089-4970,s2,coarse_to_fine,1,True,0.0001775399438686778,0.4430908411311785,1.0,0.44126976372051446,accepted,SPEAKER_02
real_forced_m,long_00015_4992-1089-4970,s3,coarse_to_fine,1,True,4.486392044341745e-05,0.3582875400934301,0.9763532763532764,0.5374899400728427,accepted,SPEAKER_00
real_index_order,long_00015_4992-1089-4970,s1,gated_deflation,0,True,4.575704814972334e-05,0.4934045186324349,0.9893044709320912,0.7478127758579464,accepted,SPEAKER_01
real_index_order,long_00015_4992-1089-4970,s2,gated_deflation,0,True,0.0001775399438686778,0.4076566207686458,0.9753694831039116,0.8046508118814149,accepted,SPEAKER_02
real_index_order,long_00015_4992-1089-4970,s3,gated_deflation,0,True,4.486392044341745e-05,0.408923274738304,0.9700968660968661,0.783389003900632,accepted,SPEAKER_00
real_index_order,long_00015_4992-1089-4970,s1,coarse_to_fine,0,True,4.575704814972334e-05,0.53944274347392,1.0,0.3824613672455763,accepted,SPEAKER_01
real_index_order,long_00015_4992-1089-4970,s2,coarse_to_fine,0,True,0.0001775399438686778,0.33091099335658947,1.0,0.42524975596358844,accepted,SPEAKER_02
real_index_order,long_00015_4992-1089-4970,s3,coarse_to_fine,0,True,4.486392044341745e-05,0.30498296627515187,0.9577492877492878,0.5195616663563681,accepted,SPEAKER_00
real_index_order,long_00015_4992-1089-4970,s1,coarse_to_fine,1,True,4.575704814972334e-05,0.5411344090524493,1.0,0.3824188005194951,accepted,SPEAKER_01
real_index_order,long_00015_4992-1089-4970,s2,coarse_to_fine,1,True,0.0001775399438686778,0.4430908411311785,1.0,0.44126976372051446,accepted,SPEAKER_02
real_index_order,long_00015_4992-1089-4970,s3,coarse_to_fine,1,True,4.486392044341745e-05,0.3582875400934301,0.9763532763532764,0.5374899400728427,accepted,SPEAKER_00
oracle,long_00016_4970-5639-1221,s1,gated_deflation,0,True,0.0,0.6603085760093003,0.9320976705687596,0.7710476369442162,accepted,s1
oracle,long_00016_4970-5639-1221,s2,gated_deflation,0,True,0.0,0.17657723397799913,0.9134277970987248,0.7745420880468524,accepted,s2
oracle,long_00016_4970-5639-1221,s3,gated_deflation,0,True,0.0,0.5298052301295489,1.0,0.7778496825919553,accepted,s3
oracle,long_00016_4970-5639-1221,s1,coarse_to_fine,0,True,0.0,0.6185446042383163,0.9329032162705451,0.5263928490927015,accepted,s1
oracle,long_00016_4970-5639-1221,s2,coarse_to_fine,0,False,0.0,-0.4158043084921674,0.9274269835639115,0.3859075984562124,margin,s2
oracle,long_00016_4970-5639-1221,s3,coarse_to_fine,0,True,0.0,0.5650395403066099,1.0,0.5566149629114268,accepted,s3
oracle,long_00016_4970-5639-1221,s1,coarse_to_fine,1,True,0.0,0.6220341764101494,0.9386602814236727,0.5620690647634882,accepted,s1
oracle,long_00016_4970-5639-1221,s2,coarse_to_fine,1,False,0.0,-0.4843083776212986,0.9274269835639115,0.3859075984562124,margin,s2
oracle,long_00016_4970-5639-1221,s3,coarse_to_fine,1,True,0.0,0.6103639560649843,1.0,0.5604696495085851,accepted,s3
real,long_00016_4970-5639-1221,s1,gated_deflation,0,True,4.470519069353351e-05,0.5850186867534484,0.9687486302870918,0.7875965562820185,accepted,SPEAKER_00
real,long_00016_4970-5639-1221,s2,gated_deflation,0,True,0.00013313173420209014,0.23460531956552477,0.9862903454334212,0.7981561198490882,accepted,SPEAKER_02
real,long_00016_4970-5639-1221,s3,gated_deflation,0,True,3.765145612163485e-05,0.6295807147728164,1.0,0.797442949946503,accepted,SPEAKER_01
real,long_00016_4970-5639-1221,s1,coarse_to_fine,0,True,4.470519069353351e-05,0.41621332324153437,0.9788625445529211,0.49324656078445184,accepted,SPEAKER_00
real,long_00016_4970-5639-1221,s2,coarse_to_fine,0,False,0.00013313173420209014,-0.08873921437456816,0.9816519448318611,0.37508115987592316,margin,SPEAKER_02
real,long_00016_4970-5639-1221,s3,coarse_to_fine,0,True,3.765145612163485e-05,0.5129408936205928,1.0,0.537666884366013,accepted,SPEAKER_01
real,long_00016_4970-5639-1221,s1,coarse_to_fine,1,True,4.470519069353351e-05,0.4250313702886291,0.9865798853246552,0.5996376523821189,accepted,SPEAKER_00
real,long_00016_4970-5639-1221,s2,coarse_to_fine,1,False,0.00013313173420209014,-0.1925999322968473,0.9816519448318611,0.37508115987592316,margin,SPEAKER_02
real,long_00016_4970-5639-1221,s3,coarse_to_fine,1,True,3.765145612163485e-05,0.6677225346384712,1.0,0.5178977996653706,accepted,SPEAKER_01
real_forced_m,long_00016_4970-5639-1221,s1,gated_deflation,0,True,4.470519069353351e-05,0.5850186867534484,0.9687486302870918,0.7875965562820185,accepted,SPEAKER_00
real_forced_m,long_00016_4970-5639-1221,s2,gated_deflation,0,True,0.00013313173420209014,0.23460531956552477,0.9862903454334212,0.7981561198490882,accepted,SPEAKER_02
real_forced_m,long_00016_4970-5639-1221,s3,gated_deflation,0,True,3.765145612163485e-05,0.6295807147728164,1.0,0.797442949946503,accepted,SPEAKER_01
real_forced_m,long_00016_4970-5639-1221,s1,coarse_to_fine,0,True,4.470519069353351e-05,0.41621332324153437,0.9788625445529211,0.49324656078445184,accepted,SPEAKER_00
real_forced_m,long_00016_4970-5639-1221,s2,coarse_to_fine,0,False,0.00013313173420209014,-0.08873921437456816,0.9816519448318611,0.37508115987592316,margin,SPEAKER_02
real_forced_m,long_00016_4970-5639-1221,s3,coarse_to_fine,0,True,3.765145612163485e-05,0.5129408936205928,1.0,0.537666884366013,accepted,SPEAKER_01
real_forced_m,long_00016_4970-5639-1221,s1,coarse_to_fine,1,True,4.470519069353351e-05,0.4250313702886291,0.9865798853246552,0.5996376523821189,accepted,SPEAKER_00
real_forced_m,long_00016_4970-5639-1221,s2,coarse_to_fine,1,False,0.00013313173420209014,-0.1925999322968473,0.9816519448318611,0.37508115987592316,margin,SPEAKER_02
real_forced_m,long_00016_4970-5639-1221,s3,coarse_to_fine,1,True,3.765145612163485e-05,0.6677225346384712,1.0,0.5178977996653706,accepted,SPEAKER_01
real_index_order,long_00016_4970-5639-1221,s1,gated_deflation,0,True,4.470519069353351e-05,0.6049934856420766,0.9822046898969976,0.7963065738719551,accepted,SPEAKER_00
real_index_order,long_00016_4970-5639-1221,s2,gated_deflation,0,True,0.00013313173420209014,0.27116315147357706,0.9619711524837768,0.8014447965963138,accepted,SPEAKER_02
real_index_order,long_00016_4970-5639-1221,s3,gated_deflation,0,True,3.765145612163485e-05,0.6001105447447219,1.0,0.7922341487230355,accepted,SPEAKER_01
real_index_order,long_00016_4970-5639-1221,s1,coarse_to_fine,0,True,4.470519069353351e-05,0.41621332324153437,0.9788625445529211,0.49324656078445184,accepted,SPEAKER_00
real_index_order,long_00016_4970-5639-1221,s2,coarse_to_fine,0,False,0.00013313173420209014,-0.08873921437456816,0.9816519448318611,0.37508115987592316,margin,SPEAKER_02
real_index_order,long_00016_4970-5639-1221,s3,coarse_to_fine,0,True,3.765145612163485e-05,0.5129408936205928,1.0,0.537666884366013,accepted,SPEAKER_01
real_index_order,long_00016_4970-5639-1221,s1,coarse_to_fine,1,True,4.470519069353351e-05,0.4250313702886291,0.9865798853246552,0.5996376523821189,accepted,SPEAKER_00
real_index_order,long_00016_4970-5639-1221,s2,coarse_to_fine,1,False,0.00013313173420209014,-0.1925999322968473,0.9816519448318611,0.37508115987592316,margin,SPEAKER_02
real_index_order,long_00016_4970-5639-1221,s3,coarse_to_fine,1,True,3.765145612163485e-05,0.6677225346384712,1.0,0.5178977996653706,accepted,SPEAKER_01
oracle,long_00017_4507-908-6829,s1,gated_deflation,0,True,0.0,0.4369699493275259,0.9236391746265001,0.7328031700061052,accepted,s1
oracle,long_00017_4507-908-6829,s2,gated_deflation,0,True,0.0,0.4910727376426698,0.9487675450936259,0.750548989347228,accepted,s2
oracle,long_00017_4507-908-6829,s3,gated_deflation,0,True,0.0,0.3815812394825983,0.9662610972727853,0.7618262003831451,accepted,s3
oracle,long_00017_4507-908-6829,s1,coarse_to_fine,0,False,0.0,0.016621841199885523,0.9236391746265001,0.33699636950694084,margin,s1
oracle,long_00017_4507-908-6829,s2,coarse_to_fine,0,True,0.0,0.47442411739948764,0.8994688341905461,0.35675965299068785,accepted,s2
oracle,long_00017_4507-908-6829,s3,coarse_to_fine,0,True,0.0,0.4656773848717546,0.9627642587979818,0.45457670498125907,accepted,s3
oracle,long_00017_4507-908-6829,s1,coarse_to_fine,1,False,0.0,-0.053390589840000335,0.9236391746265001,0.33699636950694084,margin,s1
oracle,long_00017_4507-908-6829,s2,coarse_to_fine,1,True,0.0,0.5841088005383261,0.9014817536125398,0.36561158169344166,accepted,s2
oracle,long_00017_4507-908-6829,s3,coarse_to_fine,1,True,0.0,0.5938152338896978,0.9646883183240723,0.485729940812292,accepted,s3
real,long_00017_4507-908-6829,s1,gated_deflation,0,True,6.225083486552495e-05,0.42353557637040945,0.9700781398894607,0.7625971250384256,accepted,SPEAKER_02
real,long_00017_4507-908-6829,s2,gated_deflation,0,True,6.941011486897473e-05,0.5000308497489954,0.9897712852294526,0.7760814220005323,accepted,SPEAKER_00
real,long_00017_4507-908-6829,s3,gated_deflation,0,True,4.2462933007242863e-05,0.3573786244718563,0.9951719576719577,0.774165259328261,accepted,SPEAKER_01
real,long_00017_4507-908-6829,s1,coarse_to_fine,0,True,6.225083486552495e-05,0.18653598006530742,1.0,0.3293657701870642,accepted,SPEAKER_02
real,long_00017_4507-908-6829,s2,coarse_to_fine,0,True,6.941011486897473e-05,0.2856975840809166,1.0,0.43847537833585015,accepted,SPEAKER_00
real,long_00017_4507-908-6829,s3,coarse_to_fine,0,True,4.2462933007242863e-05,0.40024296054777814,1.0,0.4602541591563036,accepted,SPEAKER_01
real,long_00017_4507-908-6829,s1,coarse_to_fine,1,True,6.225083486552495e-05,0.46714421431037045,1.0,0.2897549802079392,accepted,SPEAKER_02
real,long_00017_4507-908-6829,s2,coarse_to_fine,1,True,6.941011486897473e-05,0.5251540875495162,1.0,0.44229933514529723,accepted,SPEAKER_00
real,long_00017_4507-908-6829,s3,coarse_to_fine,1,True,4.2462933007242863e-05,0.5573460326264736,1.0,0.5196791514486675,accepted,SPEAKER_01
real_forced_m,long_00017_4507-908-6829,s1,gated_deflation,0,True,6.225083486552495e-05,0.42353557637040945,0.9700781398894607,0.7625971250384256,accepted,SPEAKER_02
real_forced_m,long_00017_4507-908-6829,s2,gated_deflation,0,True,6.941011486897473e-05,0.5000308497489954,0.9897712852294526,0.7760814220005323,accepted,SPEAKER_00
real_forced_m,long_00017_4507-908-6829,s3,gated_deflation,0,True,4.2462933007242863e-05,0.3573786244718563,0.9951719576719577,0.774165259328261,accepted,SPEAKER_01
real_forced_m,long_00017_4507-908-6829,s1,coarse_to_fine,0,True,6.225083486552495e-05,0.18653598006530742,1.0,0.3293657701870642,accepted,SPEAKER_02
real_forced_m,long_00017_4507-908-6829,s2,coarse_to_fine,0,True,6.941011486897473e-05,0.2856975840809166,1.0,0.43847537833585015,accepted,SPEAKER_00
real_forced_m,long_00017_4507-908-6829,s3,coarse_to_fine,0,True,4.2462933007242863e-05,0.40024296054777814,1.0,0.4602541591563036,accepted,SPEAKER_01
real_forced_m,long_00017_4507-908-6829,s1,coarse_to_fine,1,True,6.225083486552495e-05,0.46714421431037045,1.0,0.2897549802079392,accepted,SPEAKER_02
real_forced_m,long_00017_4507-908-6829,s2,coarse_to_fine,1,True,6.941011486897473e-05,0.5251540875495162,1.0,0.44229933514529723,accepted,SPEAKER_00
real_forced_m,long_00017_4507-908-6829,s3,coarse_to_fine,1,True,4.2462933007242863e-05,0.5573460326264736,1.0,0.5196791514486675,accepted,SPEAKER_01
real_index_order,long_00017_4507-908-6829,s1,gated_deflation,0,True,6.225083486552495e-05,0.443552882959217,0.9820722952798424,0.7635757462688232,accepted,SPEAKER_02
real_index_order,long_00017_4507-908-6829,s2,gated_deflation,0,True,6.941011486897473e-05,0.49395325193785433,0.9802449461413605,0.7722627005142175,accepted,SPEAKER_00
real_index_order,long_00017_4507-908-6829,s3,gated_deflation,0,True,4.2462933007242863e-05,0.35799814935763213,0.9955357142857143,0.7760228195919319,accepted,SPEAKER_01
real_index_order,long_00017_4507-908-6829,s1,coarse_to_fine,0,True,6.225083486552495e-05,0.18653598006530742,1.0,0.3293657701870642,accepted,SPEAKER_02
real_index_order,long_00017_4507-908-6829,s2,coarse_to_fine,0,True,6.941011486897473e-05,0.2856975840809166,1.0,0.43847537833585015,accepted,SPEAKER_00
real_index_order,long_00017_4507-908-6829,s3,coarse_to_fine,0,True,4.2462933007242863e-05,0.40024296054777814,1.0,0.4602541591563036,accepted,SPEAKER_01
real_index_order,long_00017_4507-908-6829,s1,coarse_to_fine,1,True,6.225083486552495e-05,0.46714421431037045,1.0,0.2897549802079392,accepted,SPEAKER_02
real_index_order,long_00017_4507-908-6829,s2,coarse_to_fine,1,True,6.941011486897473e-05,0.5251540875495162,1.0,0.44229933514529723,accepted,SPEAKER_00
real_index_order,long_00017_4507-908-6829,s3,coarse_to_fine,1,True,4.2462933007242863e-05,0.5573460326264736,1.0,0.5196791514486675,accepted,SPEAKER_01
oracle,long_00018_4970-1089-3729,s1,gated_deflation,0,True,0.0,0.4419432968057889,0.9613175243215566,0.7888352953299778,accepted,s1
oracle,long_00018_4970-1089-3729,s2,gated_deflation,0,True,0.0,0.46634206521335775,0.9595187627571047,0.7690403465240168,accepted,s2
oracle,long_00018_4970-1089-3729,s3,gated_deflation,0,True,0.0,0.46708050592331407,0.9930106035386228,0.7502157171327946,accepted,s3
oracle,long_00018_4970-1089-3729,s1,coarse_to_fine,0,True,0.0,0.3736202146001535,0.9613175243215566,0.5142616864972382,accepted,s1
oracle,long_00018_4970-1089-3729,s2,coarse_to_fine,0,True,0.0,0.4663460467333585,0.9954534245730843,0.4402689981485966,accepted,s2
oracle,long_00018_4970-1089-3729,s3,coarse_to_fine,0,True,0.0,0.17756501710461858,0.9926021823562049,0.4594778531992319,accepted,s3
oracle,long_00018_4970-1089-3729,s1,coarse_to_fine,1,True,0.0,0.45021124881713637,0.96927003328213,0.5466013090837034,accepted,s1
oracle,long_00018_4970-1089-3729,s2,coarse_to_fine,1,True,0.0,0.5166507175894977,1.0,0.45310734730536345,accepted,s2
oracle,long_00018_4970-1089-3729,s3,coarse_to_fine,1,False,0.0,0.05196694053200701,0.9920781702731027,0.47012896397422427,margin,s3
real,long_00018_4970-1089-3729,s1,gated_deflation,0,True,5.574649297728759e-05,0.48078104085038237,0.9780238126620096,0.8172647788004107,accepted,SPEAKER_00
real,long_00018_4970-1089-3729,s2,gated_deflation,0,True,0.00022873093926866904,0.3166619702742135,0.9974582889598864,0.7746577262779422,accepted,SPEAKER_01
real,long_00018_4970-1089-3729,s3,gated_deflation,0,True,6.055783314812892e-05,0.5832284076801502,0.9285903250188965,0.7718507843947674,accepted,SPEAKER_02
real,long_00018_4970-1089-3729,s1,coarse_to_fine,0,True,5.574649297728759e-05,0.49553144074856914,0.9917392592592592,0.499244672047127,accepted,SPEAKER_00
real,long_00018_4970-1089-3729,s2,coarse_to_fine,0,True,0.00022873093926866904,0.3351764131718013,0.9939612390952306,0.4810621880931045,accepted,SPEAKER_01
real,long_00018_4970-1089-3729,s3,coarse_to_fine,0,True,6.055783314812892e-05,0.5340553858591222,1.0,0.42960658250985256,accepted,SPEAKER_02
real,long_00018_4970-1089-3729,s1,coarse_to_fine,1,True,5.574649297728759e-05,0.5158462444828145,0.9927111111111111,0.5294237672141759,accepted,SPEAKER_00
real,long_00018_4970-1089-3729,s2,coarse_to_fine,1,True,0.00022873093926866904,0.44811324682105796,0.9948806352191402,0.4868858756364639,accepted,SPEAKER_01
real,long_00018_4970-1089-3729,s3,coarse_to_fine,1,True,6.055783314812892e-05,0.6026854320510888,1.0,0.46997691659321533,accepted,SPEAKER_02
real_forced_m,long_00018_4970-1089-3729,s1,gated_deflation,0,True,5.574649297728759e-05,0.48078104085038237,0.9780238126620096,0.8172647788004107,accepted,SPEAKER_00
real_forced_m,long_00018_4970-1089-3729,s2,gated_deflation,0,True,0.00022873093926866904,0.3166619702742135,0.9974582889598864,0.7746577262779422,accepted,SPEAKER_01
real_forced_m,long_00018_4970-1089-3729,s3,gated_deflation,0,True,6.055783314812892e-05,0.5832284076801502,0.9285903250188965,0.7718507843947674,accepted,SPEAKER_02
real_forced_m,long_00018_4970-1089-3729,s1,coarse_to_fine,0,True,5.574649297728759e-05,0.49553144074856914,0.9917392592592592,0.499244672047127,accepted,SPEAKER_00
real_forced_m,long_00018_4970-1089-3729,s2,coarse_to_fine,0,True,0.00022873093926866904,0.3351764131718013,0.9939612390952306,0.4810621880931045,accepted,SPEAKER_01
real_forced_m,long_00018_4970-1089-3729,s3,coarse_to_fine,0,True,6.055783314812892e-05,0.5340553858591222,1.0,0.42960658250985256,accepted,SPEAKER_02
real_forced_m,long_00018_4970-1089-3729,s1,coarse_to_fine,1,True,5.574649297728759e-05,0.5158462444828145,0.9927111111111111,0.5294237672141759,accepted,SPEAKER_00
real_forced_m,long_00018_4970-1089-3729,s2,coarse_to_fine,1,True,0.00022873093926866904,0.44811324682105796,0.9948806352191402,0.4868858756364639,accepted,SPEAKER_01
real_forced_m,long_00018_4970-1089-3729,s3,coarse_to_fine,1,True,6.055783314812892e-05,0.6026854320510888,1.0,0.46997691659321533,accepted,SPEAKER_02
real_index_order,long_00018_4970-1089-3729,s1,gated_deflation,0,True,5.574649297728759e-05,0.48078104085038237,0.9780238126620096,0.8172647788004107,accepted,SPEAKER_00
real_index_order,long_00018_4970-1089-3729,s2,gated_deflation,0,True,0.00022873093926866904,0.3687733331512804,0.9871731156076204,0.7768420925960843,accepted,SPEAKER_01
real_index_order,long_00018_4970-1089-3729,s3,gated_deflation,0,True,6.055783314812892e-05,0.5438801709328722,0.9636810279667423,0.7752678039960957,accepted,SPEAKER_02
real_index_order,long_00018_4970-1089-3729,s1,coarse_to_fine,0,True,5.574649297728759e-05,0.49553144074856914,0.9917392592592592,0.499244672047127,accepted,SPEAKER_00
real_index_order,long_00018_4970-1089-3729,s2,coarse_to_fine,0,True,0.00022873093926866904,0.3351764131718013,0.9939612390952306,0.4810621880931045,accepted,SPEAKER_01
real_index_order,long_00018_4970-1089-3729,s3,coarse_to_fine,0,True,6.055783314812892e-05,0.5340553858591222,1.0,0.42960658250985256,accepted,SPEAKER_02
real_index_order,long_00018_4970-1089-3729,s1,coarse_to_fine,1,True,5.574649297728759e-05,0.5158462444828145,0.9927111111111111,0.5294237672141759,accepted,SPEAKER_00
real_index_order,long_00018_4970-1089-3729,s2,coarse_to_fine,1,True,0.00022873093926866904,0.44811324682105796,0.9948806352191402,0.4868858756364639,accepted,SPEAKER_01
real_index_order,long_00018_4970-1089-3729,s3,coarse_to_fine,1,True,6.055783314812892e-05,0.6026854320510888,1.0,0.46997691659321533,accepted,SPEAKER_02
oracle,long_00019_3729-5639-3570,s1,gated_deflation,0,True,0.0,0.483840544818895,0.9370048225973131,0.7702118216018021,accepted,s1
oracle,long_00019_3729-5639-3570,s2,gated_deflation,0,True,0.0,0.2992779062869849,0.9614722852608315,0.7672690005208604,accepted,s2
oracle,long_00019_3729-5639-3570,s3,gated_deflation,0,True,0.0,0.3473241219876571,0.9747797931436639,0.6942315829224162,accepted,s3
oracle,long_00019_3729-5639-3570,s1,coarse_to_fine,0,True,0.0,0.29941128112132925,0.9370048225973131,0.40268206539663387,accepted,s1
oracle,long_00019_3729-5639-3570,s2,coarse_to_fine,0,False,0.0,-0.23454965635122282,1.0,0.3778699331827744,margin,s2
oracle,long_00019_3729-5639-3570,s3,coarse_to_fine,0,True,0.0,0.48390573554534205,0.9705060921339349,0.2907793682245833,accepted,s3
oracle,long_00019_3729-5639-3570,s1,coarse_to_fine,1,True,0.0,0.48818848061811365,0.9295341026524285,0.38476620263657507,accepted,s1
oracle,long_00019_3729-5639-3570,s2,coarse_to_fine,1,False,0.0,-0.41313700338401405,1.0,0.3778699331827744,margin,s2
oracle,long_00019_3729-5639-3570,s3,coarse_to_fine,1,True,0.0,0.6221800813130371,0.9707976552189792,0.28276926833330984,accepted,s3
real,long_00019_3729-5639-3570,s1,gated_deflation,0,True,4.75186198639977e-05,0.5498264849815117,0.9472021419009371,0.7870338933086298,accepted,SPEAKER_02
real,long_00019_3729-5639-3570,s2,gated_deflation,0,True,6.838982096905611e-05,0.24908354496282625,0.9999495408214755,0.8097999811099249,accepted,SPEAKER_01
real,long_00019_3729-5639-3570,s3,gated_deflation,0,True,5.470677980402941e-05,0.35305419118687464,0.9348448687350835,0.6911380692649851,accepted,SPEAKER_00
real,long_00019_3729-5639-3570,s1,coarse_to_fine,0,True,4.75186198639977e-05,0.16054929929224587,0.9211170848267622,0.34164925659980133,accepted,SPEAKER_02
real,long_00019_3729-5639-3570,s2,coarse_to_fine,0,False,6.838982096905611e-05,-0.08185647403591284,1.0,0.41490813212905175,margin,SPEAKER_01
real,long_00019_3729-5639-3570,s3,coarse_to_fine,0,True,5.470677980402941e-05,0.45416519301079117,0.9650924494819394,0.26887011371088004,accepted,SPEAKER_00
real,long_00019_3729-5639-3570,s1,coarse_to_fine,1,True,4.75186198639977e-05,0.39610271178138945,0.921236559139785,0.36552208848264245,accepted,SPEAKER_02
real,long_00019_3729-5639-3570,s2,coarse_to_fine,1,False,6.838982096905611e-05,-0.1490193528929104,1.0,0.41490813212905175,margin,SPEAKER_01
real,long_00019_3729-5639-3570,s3,coarse_to_fine,1,True,5.470677980402941e-05,0.5963728098667216,0.9692598317018719,0.26867937581118845,accepted,SPEAKER_00
real_forced_m,long_00019_3729-5639-3570,s1,gated_deflation,0,True,4.75186198639977e-05,0.5498264849815117,0.9472021419009371,0.7870338933086298,accepted,SPEAKER_02
real_forced_m,long_00019_3729-5639-3570,s2,gated_deflation,0,True,6.838982096905611e-05,0.24908354496282625,0.9999495408214755,0.8097999811099249,accepted,SPEAKER_01
real_forced_m,long_00019_3729-5639-3570,s3,gated_deflation,0,True,5.470677980402941e-05,0.35305419118687464,0.9348448687350835,0.6911380692649851,accepted,SPEAKER_00
real_forced_m,long_00019_3729-5639-3570,s1,coarse_to_fine,0,True,4.75186198639977e-05,0.16054929929224587,0.9211170848267622,0.34164925659980133,accepted,SPEAKER_02
real_forced_m,long_00019_3729-5639-3570,s2,coarse_to_fine,0,False,6.838982096905611e-05,-0.08185647403591284,1.0,0.41490813212905175,margin,SPEAKER_01
real_forced_m,long_00019_3729-5639-3570,s3,coarse_to_fine,0,True,5.470677980402941e-05,0.45416519301079117,0.9650924494819394,0.26887011371088004,accepted,SPEAKER_00
real_forced_m,long_00019_3729-5639-3570,s1,coarse_to_fine,1,True,4.75186198639977e-05,0.39610271178138945,0.921236559139785,0.36552208848264245,accepted,SPEAKER_02
real_forced_m,long_00019_3729-5639-3570,s2,coarse_to_fine,1,False,6.838982096905611e-05,-0.1490193528929104,1.0,0.41490813212905175,margin,SPEAKER_01
real_forced_m,long_00019_3729-5639-3570,s3,coarse_to_fine,1,True,5.470677980402941e-05,0.5963728098667216,0.9692598317018719,0.26867937581118845,accepted,SPEAKER_00
real_index_order,long_00019_3729-5639-3570,s1,gated_deflation,0,True,4.75186198639977e-05,0.5498264849815117,0.9472021419009371,0.7870338933086298,accepted,SPEAKER_02
real_index_order,long_00019_3729-5639-3570,s2,gated_deflation,0,True,6.838982096905611e-05,0.2527239789422238,0.9933444343526088,0.8101234432934699,accepted,SPEAKER_01
real_index_order,long_00019_3729-5639-3570,s3,gated_deflation,0,True,5.470677980402941e-05,0.3213499291130588,0.994378149032087,0.690054692549415,accepted,SPEAKER_00
real_index_order,long_00019_3729-5639-3570,s1,coarse_to_fine,0,True,4.75186198639977e-05,0.16054929929224587,0.9211170848267622,0.34164925659980133,accepted,SPEAKER_02
real_index_order,long_00019_3729-5639-3570,s2,coarse_to_fine,0,False,6.838982096905611e-05,-0.08185647403591284,1.0,0.41490813212905175,margin,SPEAKER_01
real_index_order,long_00019_3729-5639-3570,s3,coarse_to_fine,0,True,5.470677980402941e-05,0.45416519301079117,0.9650924494819394,0.26887011371088004,accepted,SPEAKER_00
real_index_order,long_00019_3729-5639-3570,s1,coarse_to_fine,1,True,4.75186198639977e-05,0.39610271178138945,0.921236559139785,0.36552208848264245,accepted,SPEAKER_02
real_index_order,long_00019_3729-5639-3570,s2,coarse_to_fine,1,False,6.838982096905611e-05,-0.1490193528929104,1.0,0.41490813212905175,margin,SPEAKER_01
real_index_order,long_00019_3729-5639-3570,s3,coarse_to_fine,1,True,5.470677980402941e-05,0.5963728098667216,0.9692598317018719,0.26867937581118845,accepted,SPEAKER_00
oracle,long_00020_1284-1580-260,s1,gated_deflation,0,True,0.0,0.3155253571155584,0.9965850837709427,0.7501935753383001,accepted,s1
oracle,long_00020_1284-1580-260,s2,gated_deflation,0,True,0.0,0.3569665800151647,0.9890019066949596,0.828833852777481,accepted,s2
oracle,long_00020_1284-1580-260,s3,gated_deflation,0,True,0.0,0.4940296494581278,1.0,0.7387924972072404,accepted,s3
oracle,long_00020_1284-1580-260,s1,coarse_to_fine,0,True,0.0,0.21688668633920483,0.9965850837709427,0.4161401979690619,accepted,s1
oracle,long_00020_1284-1580-260,s2,coarse_to_fine,0,True,0.0,0.405255488944725,0.9934628654439804,0.5942143574127478,accepted,s2
oracle,long_00020_1284-1580-260,s3,coarse_to_fine,0,True,0.0,0.5015047749893308,0.9863204406512923,0.4445581094656793,accepted,s3
oracle,long_00020_1284-1580-260,s1,coarse_to_fine,1,True,0.0,0.3931471854146453,1.0,0.4203843755751964,accepted,s1
oracle,long_00020_1284-1580-260,s2,coarse_to_fine,1,True,0.0,0.45766384234802304,1.0,0.6014899924062561,accepted,s2
oracle,long_00020_1284-1580-260,s3,coarse_to_fine,1,True,0.0,0.56110157963473,0.9875764178923794,0.452676198729193,accepted,s3
real,long_00020_1284-1580-260,s1,gated_deflation,0,True,7.574949749918957e-05,0.27894172891697766,1.0,0.7720897766745255,accepted,SPEAKER_01
real,long_00020_1284-1580-260,s2,gated_deflation,0,True,5.4341277430530284e-05,0.3059011327708862,0.99996356159392,0.8503350003606153,accepted,SPEAKER_02
real,long_00020_1284-1580-260,s3,gated_deflation,0,True,1.6196220578945506e-05,0.5388243803760883,0.9927737809752198,0.741975151821254,accepted,SPEAKER_00
real,long_00020_1284-1580-260,s1,coarse_to_fine,0,True,7.574949749918957e-05,0.3000608626244539,1.0,0.41068767823990354,accepted,SPEAKER_01
real,long_00020_1284-1580-260,s2,coarse_to_fine,0,True,5.4341277430530284e-05,0.3394703824607854,1.0,0.6338264371605811,accepted,SPEAKER_02
real,long_00020_1284-1580-260,s3,coarse_to_fine,0,True,1.6196220578945506e-05,0.2725601840508219,1.0,0.47416819266257115,accepted,SPEAKER_00
real,long_00020_1284-1580-260,s1,coarse_to_fine,1,True,7.574949749918957e-05,0.4699846190118981,1.0,0.3964559405648758,accepted,SPEAKER_01
real,long_00020_1284-1580-260,s2,coarse_to_fine,1,True,5.4341277430530284e-05,0.4458037565962357,1.0,0.6368096511683973,accepted,SPEAKER_02
real,long_00020_1284-1580-260,s3,coarse_to_fine,1,True,1.6196220578945506e-05,0.4692416608800708,1.0,0.4556745871746906,accepted,SPEAKER_00
real_forced_m,long_00020_1284-1580-260,s1,gated_deflation,0,True,7.574949749918957e-05,0.27894172891697766,1.0,0.7720897766745255,accepted,SPEAKER_01
real_forced_m,long_00020_1284-1580-260,s2,gated_deflation,0,True,5.4341277430530284e-05,0.3059011327708862,0.99996356159392,0.8503350003606153,accepted,SPEAKER_02
real_forced_m,long_00020_1284-1580-260,s3,gated_deflation,0,True,1.6196220578945506e-05,0.5388243803760883,0.9927737809752198,0.741975151821254,accepted,SPEAKER_00
real_forced_m,long_00020_1284-1580-260,s1,coarse_to_fine,0,True,7.574949749918957e-05,0.3000608626244539,1.0,0.41068767823990354,accepted,SPEAKER_01
real_forced_m,long_00020_1284-1580-260,s2,coarse_to_fine,0,True,5.4341277430530284e-05,0.3394703824607854,1.0,0.6338264371605811,accepted,SPEAKER_02
real_forced_m,long_00020_1284-1580-260,s3,coarse_to_fine,0,True,1.6196220578945506e-05,0.2725601840508219,1.0,0.47416819266257115,accepted,SPEAKER_00
real_forced_m,long_00020_1284-1580-260,s1,coarse_to_fine,1,True,7.574949749918957e-05,0.4699846190118981,1.0,0.3964559405648758,accepted,SPEAKER_01
real_forced_m,long_00020_1284-1580-260,s2,coarse_to_fine,1,True,5.4341277430530284e-05,0.4458037565962357,1.0,0.6368096511683973,accepted,SPEAKER_02
real_forced_m,long_00020_1284-1580-260,s3,coarse_to_fine,1,True,1.6196220578945506e-05,0.4692416608800708,1.0,0.4556745871746906,accepted,SPEAKER_00
real_index_order,long_00020_1284-1580-260,s1,gated_deflation,0,True,7.574949749918957e-05,0.3025123588412273,1.0,0.7692570842262741,accepted,SPEAKER_01
real_index_order,long_00020_1284-1580-260,s2,gated_deflation,0,True,5.4341277430530284e-05,0.34569725486899866,0.9938939642383072,0.8533495948258043,accepted,SPEAKER_02
real_index_order,long_00020_1284-1580-260,s3,gated_deflation,0,True,1.6196220578945506e-05,0.5233257005160385,0.9950439648281375,0.7491785385602198,accepted,SPEAKER_00
real_index_order,long_00020_1284-1580-260,s1,coarse_to_fine,0,True,7.574949749918957e-05,0.3000608626244539,1.0,0.41068767823990354,accepted,SPEAKER_01
real_index_order,long_00020_1284-1580-260,s2,coarse_to_fine,0,True,5.4341277430530284e-05,0.3394703824607854,1.0,0.6338264371605811,accepted,SPEAKER_02
real_index_order,long_00020_1284-1580-260,s3,coarse_to_fine,0,True,1.6196220578945506e-05,0.2725601840508219,1.0,0.47416819266257115,accepted,SPEAKER_00
real_index_order,long_00020_1284-1580-260,s1,coarse_to_fine,1,True,7.574949749918957e-05,0.4699846190118981,1.0,0.3964559405648758,accepted,SPEAKER_01
real_index_order,long_00020_1284-1580-260,s2,coarse_to_fine,1,True,5.4341277430530284e-05,0.4458037565962357,1.0,0.6368096511683973,accepted,SPEAKER_02
real_index_order,long_00020_1284-1580-260,s3,coarse_to_fine,1,True,1.6196220578945506e-05,0.4692416608800708,1.0,0.4556745871746906,accepted,SPEAKER_00
oracle,long_00021_4507-260-1580,s1,gated_deflation,0,True,0.0,0.6251360592822396,0.8503974047039741,0.7411693247461679,accepted,s1
oracle,long_00021_4507-260-1580,s2,gated_deflation,0,True,0.0,0.4079473578352237,0.9811091087293307,0.7558406936161277,accepted,s2
oracle,long_00021_4507-260-1580,s3,gated_deflation,0,True,0.0,0.53555571398492,0.9879212530447384,0.8221246636006444,accepted,s3
oracle,long_00021_4507-260-1580,s1,coarse_to_fine,0,True,0.0,0.16453683003800157,0.8505758313057583,0.3356386274340189,accepted,s1
oracle,long_00021_4507-260-1580,s2,coarse_to_fine,0,True,0.0,0.5070147763711743,0.9927697098634107,0.4997157308440073,accepted,s2
oracle,long_00021_4507-260-1580,s3,coarse_to_fine,0,True,0.0,0.5014743833550412,0.9842983997780039,0.6182057127327266,accepted,s3
oracle,long_00021_4507-260-1580,s1,coarse_to_fine,1,True,0.0,0.32823621827515126,0.8303244120032441,0.3330600142305815,accepted,s1
oracle,long_00021_4507-260-1580,s2,coarse_to_fine,1,True,0.0,0.6000657371493503,0.99225326056794,0.4972220071430292,accepted,s2
oracle,long_00021_4507-260-1580,s3,coarse_to_fine,1,True,0.0,0.5693597095703018,0.9923149261554589,0.6314722265860679,accepted,s3
real,long_00021_4507-260-1580,s1,gated_deflation,0,True,5.3210509564576665e-05,0.6141244974390394,0.8228336590988824,0.751607901800497,accepted,SPEAKER_01
real,long_00021_4507-260-1580,s2,gated_deflation,0,True,7.108315001981708e-05,0.42198234358767084,0.9533737373737374,0.7736825005239478,accepted,SPEAKER_00
real,long_00021_4507-260-1580,s3,gated_deflation,0,True,4.424542336106446e-05,0.49807560300366727,0.9999767062660144,0.8407603896349258,accepted,SPEAKER_02
real,long_00021_4507-260-1580,s1,coarse_to_fine,0,True,5.3210509564576665e-05,0.37345266711118696,0.8584493041749502,0.312736822183258,accepted,SPEAKER_01
real,long_00021_4507-260-1580,s2,coarse_to_fine,0,True,7.108315001981708e-05,0.5999820155893791,0.9637434651351152,0.3636181731907933,accepted,SPEAKER_00
real,long_00021_4507-260-1580,s3,coarse_to_fine,0,True,4.424542336106446e-05,0.3894767895106134,1.0,0.6227330171293247,accepted,SPEAKER_02
real,long_00021_4507-260-1580,s1,coarse_to_fine,1,True,5.3210509564576665e-05,0.5561770567774578,0.859421250276121,0.32503847199110025,accepted,SPEAKER_01
real,long_00021_4507-260-1580,s2,coarse_to_fine,1,True,7.108315001981708e-05,0.637815567046755,0.9616523083719902,0.35308569599092593,accepted,SPEAKER_00
real,long_00021_4507-260-1580,s3,coarse_to_fine,1,True,4.424542336106446e-05,0.5575239564400181,1.0,0.6330788002926951,accepted,SPEAKER_02
real_forced_m,long_00021_4507-260-1580,s1,gated_deflation,0,True,5.3210509564576665e-05,0.6141244974390394,0.8228336590988824,0.751607901800497,accepted,SPEAKER_01
real_forced_m,long_00021_4507-260-1580,s2,gated_deflation,0,True,7.108315001981708e-05,0.42198234358767084,0.9533737373737374,0.7736825005239478,accepted,SPEAKER_00
real_forced_m,long_00021_4507-260-1580,s3,gated_deflation,0,True,4.424542336106446e-05,0.49807560300366727,0.9999767062660144,0.8407603896349258,accepted,SPEAKER_02
real_forced_m,long_00021_4507-260-1580,s1,coarse_to_fine,0,True,5.3210509564576665e-05,0.37345266711118696,0.8584493041749502,0.312736822183258,accepted,SPEAKER_01
real_forced_m,long_00021_4507-260-1580,s2,coarse_to_fine,0,True,7.108315001981708e-05,0.5999820155893791,0.9637434651351152,0.3636181731907933,accepted,SPEAKER_00
real_forced_m,long_00021_4507-260-1580,s3,coarse_to_fine,0,True,4.424542336106446e-05,0.3894767895106134,1.0,0.6227330171293247,accepted,SPEAKER_02
real_forced_m,long_00021_4507-260-1580,s1,coarse_to_fine,1,True,5.3210509564576665e-05,0.5561770567774578,0.859421250276121,0.32503847199110025,accepted,SPEAKER_01
real_forced_m,long_00021_4507-260-1580,s2,coarse_to_fine,1,True,7.108315001981708e-05,0.637815567046755,0.9616523083719902,0.35308569599092593,accepted,SPEAKER_00
real_forced_m,long_00021_4507-260-1580,s3,coarse_to_fine,1,True,4.424542336106446e-05,0.5575239564400181,1.0,0.6330788002926951,accepted,SPEAKER_02
real_index_order,long_00021_4507-260-1580,s1,gated_deflation,0,True,5.3210509564576665e-05,0.6196814046463759,0.8666466195559565,0.7571322574314729,accepted,SPEAKER_01
real_index_order,long_00021_4507-260-1580,s2,gated_deflation,0,True,7.108315001981708e-05,0.4225558560277748,0.9891447811447811,0.7649959905084963,accepted,SPEAKER_00
real_index_order,long_00021_4507-260-1580,s3,gated_deflation,0,True,4.424542336106446e-05,0.49199774464096657,1.0,0.8402291963003433,accepted,SPEAKER_02
real_index_order,long_00021_4507-260-1580,s1,coarse_to_fine,0,True,5.3210509564576665e-05,0.37345266711118696,0.8584493041749502,0.312736822183258,accepted,SPEAKER_01
real_index_order,long_00021_4507-260-1580,s2,coarse_to_fine,0,True,7.108315001981708e-05,0.5999820155893791,0.9637434651351152,0.3636181731907933,accepted,SPEAKER_00
real_index_order,long_00021_4507-260-1580,s3,coarse_to_fine,0,True,4.424542336106446e-05,0.3894767895106134,1.0,0.6227330171293247,accepted,SPEAKER_02
real_index_order,long_00021_4507-260-1580,s1,coarse_to_fine,1,True,5.3210509564576665e-05,0.5561770567774578,0.859421250276121,0.32503847199110025,accepted,SPEAKER_01
real_index_order,long_00021_4507-260-1580,s2,coarse_to_fine,1,True,7.108315001981708e-05,0.637815567046755,0.9616523083719902,0.35308569599092593,accepted,SPEAKER_00
real_index_order,long_00021_4507-260-1580,s3,coarse_to_fine,1,True,4.424542336106446e-05,0.5575239564400181,1.0,0.6330788002926951,accepted,SPEAKER_02
oracle,long_00022_1320-4992-7729,s1,gated_deflation,0,True,0.0,0.5472477850803332,0.9810544246900856,0.7101800081381363,accepted,s1
oracle,long_00022_1320-4992-7729,s2,gated_deflation,0,True,0.0,0.17969385205655275,0.9748892567557211,0.7648964029219663,accepted,s2
oracle,long_00022_1320-4992-7729,s3,gated_deflation,0,True,0.0,0.4504804906117084,0.9704325019794141,0.6853075967466925,accepted,s3
oracle,long_00022_1320-4992-7729,s1,coarse_to_fine,0,True,0.0,0.5789579503090216,0.9810544246900856,0.26146619245513364,accepted,s1
oracle,long_00022_1320-4992-7729,s2,coarse_to_fine,0,True,0.0,0.3670811221791007,0.9760013169572561,0.39069741363442273,accepted,s2
oracle,long_00022_1320-4992-7729,s3,coarse_to_fine,0,True,0.0,0.48622133677558815,0.9654922143045659,0.2839827734181422,accepted,s3
oracle,long_00022_1320-4992-7729,s1,coarse_to_fine,1,True,0.0,0.5891206414699854,0.9811761000887514,0.2627520004224819,accepted,s1
oracle,long_00022_1320-4992-7729,s2,coarse_to_fine,1,True,0.0,0.46217970988377743,0.9688296258123622,0.39469032380891994,accepted,s2
oracle,long_00022_1320-4992-7729,s3,coarse_to_fine,1,True,0.0,0.49882718744312027,0.965335510688836,0.29787359611089864,accepted,s3
real,long_00022_1320-4992-7729,s1,gated_deflation,0,True,2.8468005443230447e-05,0.48195174787269884,0.9896095190212837,0.7255624205135562,accepted,SPEAKER_00
real,long_00022_1320-4992-7729,s2,gated_deflation,0,True,7.539086866586853e-05,0.15592920718757847,0.9851242381622128,0.7851240839720651,accepted,SPEAKER_02
real,long_00022_1320-4992-7729,s3,gated_deflation,0,True,6.18847573851527e-05,0.5033998924341925,0.9762026394210302,0.7012718056316055,accepted,SPEAKER_01
real,long_00022_1320-4992-7729,s1,coarse_to_fine,0,True,2.8468005443230447e-05,0.4293122105400851,0.9819189268008166,0.25974676771935246,accepted,SPEAKER_00
real,long_00022_1320-4992-7729,s2,coarse_to_fine,0,True,7.539086866586853e-05,0.26944051812738323,0.9815106445027705,0.4226862369446107,accepted,SPEAKER_02
real,long_00022_1320-4992-7729,s3,coarse_to_fine,0,True,6.18847573851527e-05,0.45325280344994284,0.985778908679672,0.2965971349109368,accepted,SPEAKER_01
real,long_00022_1320-4992-7729,s1,coarse_to_fine,1,True,2.8468005443230447e-05,0.5433307627008152,0.9845581802274715,0.2732196362710113,accepted,SPEAKER_00
real,long_00022_1320-4992-7729,s2,coarse_to_fine,1,True,7.539086866586853e-05,0.41254559042024896,0.9809419655876349,0.4192393254032763,accepted,SPEAKER_02
real,long_00022_1320-4992-7729,s3,coarse_to_fine,1,True,6.18847573851527e-05,0.5098215997791073,0.985778908679672,0.30246067380142977,accepted,SPEAKER_01
real_forced_m,long_00022_1320-4992-7729,s1,gated_deflation,0,True,2.8468005443230447e-05,0.48195174787269884,0.9896095190212837,0.7255624205135562,accepted,SPEAKER_00
real_forced_m,long_00022_1320-4992-7729,s2,gated_deflation,0,True,7.539086866586853e-05,0.15592920718757847,0.9851242381622128,0.7851240839720651,accepted,SPEAKER_02
real_forced_m,long_00022_1320-4992-7729,s3,gated_deflation,0,True,6.18847573851527e-05,0.5033998924341925,0.9762026394210302,0.7012718056316055,accepted,SPEAKER_01
real_forced_m,long_00022_1320-4992-7729,s1,coarse_to_fine,0,True,2.8468005443230447e-05,0.4293122105400851,0.9819189268008166,0.25974676771935246,accepted,SPEAKER_00
real_forced_m,long_00022_1320-4992-7729,s2,coarse_to_fine,0,True,7.539086866586853e-05,0.26944051812738323,0.9815106445027705,0.4226862369446107,accepted,SPEAKER_02
real_forced_m,long_00022_1320-4992-7729,s3,coarse_to_fine,0,True,6.18847573851527e-05,0.45325280344994284,0.985778908679672,0.2965971349109368,accepted,SPEAKER_01
real_forced_m,long_00022_1320-4992-7729,s1,coarse_to_fine,1,True,2.8468005443230447e-05,0.5433307627008152,0.9845581802274715,0.2732196362710113,accepted,SPEAKER_00
real_forced_m,long_00022_1320-4992-7729,s2,coarse_to_fine,1,True,7.539086866586853e-05,0.41254559042024896,0.9809419655876349,0.4192393254032763,accepted,SPEAKER_02
real_forced_m,long_00022_1320-4992-7729,s3,coarse_to_fine,1,True,6.18847573851527e-05,0.5098215997791073,0.985778908679672,0.30246067380142977,accepted,SPEAKER_01
real_index_order,long_00022_1320-4992-7729,s1,gated_deflation,0,True,2.8468005443230447e-05,0.48195174787269884,0.9896095190212837,0.7255624205135562,accepted,SPEAKER_00
real_index_order,long_00022_1320-4992-7729,s2,gated_deflation,0,True,7.539086866586853e-05,0.17110638833480385,0.9814674167838725,0.7873754342188636,accepted,SPEAKER_02
real_index_order,long_00022_1320-4992-7729,s3,gated_deflation,0,True,6.18847573851527e-05,0.49466227941373586,0.9760855683269476,0.7027232538924377,accepted,SPEAKER_01
real_index_order,long_00022_1320-4992-7729,s1,coarse_to_fine,0,True,2.8468005443230447e-05,0.4293122105400851,0.9819189268008166,0.25974676771935246,accepted,SPEAKER_00
real_index_order,long_00022_1320-4992-7729,s2,coarse_to_fine,0,True,7.539086866586853e-05,0.26944051812738323,0.9815106445027705,0.4226862369446107,accepted,SPEAKER_02
real_index_order,long_00022_1320-4992-7729,s3,coarse_to_fine,0,True,6.18847573851527e-05,0.45325280344994284,0.985778908679672,0.2965971349109368,accepted,SPEAKER_01
real_index_order,long_00022_1320-4992-7729,s1,coarse_to_fine,1,True,2.8468005443230447e-05,0.5433307627008152,0.9845581802274715,0.2732196362710113,accepted,SPEAKER_00
real_index_order,long_00022_1320-4992-7729,s2,coarse_to_fine,1,True,7.539086866586853e-05,0.41254559042024896,0.9809419655876349,0.4192393254032763,accepted,SPEAKER_02
real_index_order,long_00022_1320-4992-7729,s3,coarse_to_fine,1,True,6.18847573851527e-05,0.5098215997791073,0.985778908679672,0.30246067380142977,accepted,SPEAKER_01
oracle,long_00023_5639-7127-2094,s1,gated_deflation,0,True,0.0,0.3206123505085742,0.9141522029372496,0.740961847857477,accepted,s1
oracle,long_00023_5639-7127-2094,s2,gated_deflation,0,True,0.0,0.40829063396662735,0.9612074074074074,0.7903997880104757,accepted,s2
oracle,long_00023_5639-7127-2094,s3,gated_deflation,0,True,0.0,0.41444143309003667,1.0,0.7241675846199475,accepted,s3
oracle,long_00023_5639-7127-2094,s1,coarse_to_fine,0,False,0.0,-0.19464257121155082,0.9141522029372496,0.41445771820969524,margin,s1
oracle,long_00023_5639-7127-2094,s2,coarse_to_fine,0,True,0.0,0.4732152819917084,0.9791907086847167,0.533523633611482,accepted,s2
oracle,long_00023_5639-7127-2094,s3,coarse_to_fine,0,True,0.0,0.1583978094482451,1.0,0.4170470323238334,accepted,s3
oracle,long_00023_5639-7127-2094,s1,coarse_to_fine,1,False,0.0,-0.2376183560269849,0.9141522029372496,0.41445771820969524,margin,s1
oracle,long_00023_5639-7127-2094,s2,coarse_to_fine,1,True,0.0,0.46875724597379753,0.9825935789317947,0.5362466228478316,accepted,s2
oracle,long_00023_5639-7127-2094,s3,coarse_to_fine,1,True,0.0,0.2512187928449836,1.0,0.3912091919274962,accepted,s3
real,long_00023_5639-7127-2094,s1,gated_deflation,0,True,6.059702578724267e-05,0.2923267175088048,0.9873847216057602,0.7567109009158072,accepted,SPEAKER_01
real,long_00023_5639-7127-2094,s3,gated_deflation,0,True,5.354582560683897e-05,0.4287223525596119,0.9971667825108397,0.730613586505545,accepted,SPEAKER_00
real,long_00023_5639-7127-2094,s2,gated_deflation,0,True,5.0143949731048285e-05,0.40115097390057197,0.9898782698782699,0.8255379605997553,accepted,SPEAKER_02
real,long_00023_5639-7127-2094,s1,coarse_to_fine,0,False,6.059702578724267e-05,-0.3763603819114039,0.9929189100995268,0.4356743772848479,margin,SPEAKER_01
real,long_00023_5639-7127-2094,s3,coarse_to_fine,0,True,5.354582560683897e-05,0.37518015379984493,1.0,0.3858594033869439,accepted,SPEAKER_00
real,long_00023_5639-7127-2094,s2,coarse_to_fine,0,True,5.0143949731048285e-05,0.3221058954741065,0.9860662424539076,0.46180850316767136,accepted,SPEAKER_02
real,long_00023_5639-7127-2094,s1,coarse_to_fine,1,False,6.059702578724267e-05,-0.49865764610641866,0.9929189100995268,0.4356743772848479,margin,SPEAKER_01
real,long_00023_5639-7127-2094,s3,coarse_to_fine,1,True,5.354582560683897e-05,0.48214904133140973,1.0,0.3814381352143795,accepted,SPEAKER_00
real,long_00023_5639-7127-2094,s2,coarse_to_fine,1,True,5.0143949731048285e-05,0.5132538744885082,0.9862783488334149,0.4776872963549023,accepted,SPEAKER_02
real_forced_m,long_00023_5639-7127-2094,s1,gated_deflation,0,True,6.059702578724267e-05,0.2923267175088048,0.9873847216057602,0.7567109009158072,accepted,SPEAKER_01
real_forced_m,long_00023_5639-7127-2094,s3,gated_deflation,0,True,5.354582560683897e-05,0.4287223525596119,0.9971667825108397,0.730613586505545,accepted,SPEAKER_00
real_forced_m,long_00023_5639-7127-2094,s2,gated_deflation,0,True,5.0143949731048285e-05,0.40115097390057197,0.9898782698782699,0.8255379605997553,accepted,SPEAKER_02
real_forced_m,long_00023_5639-7127-2094,s1,coarse_to_fine,0,False,6.059702578724267e-05,-0.3763603819114039,0.9929189100995268,0.4356743772848479,margin,SPEAKER_01
real_forced_m,long_00023_5639-7127-2094,s3,coarse_to_fine,0,True,5.354582560683897e-05,0.37518015379984493,1.0,0.3858594033869439,accepted,SPEAKER_00
real_forced_m,long_00023_5639-7127-2094,s2,coarse_to_fine,0,True,5.0143949731048285e-05,0.3221058954741065,0.9860662424539076,0.46180850316767136,accepted,SPEAKER_02
real_forced_m,long_00023_5639-7127-2094,s1,coarse_to_fine,1,False,6.059702578724267e-05,-0.49865764610641866,0.9929189100995268,0.4356743772848479,margin,SPEAKER_01
real_forced_m,long_00023_5639-7127-2094,s3,coarse_to_fine,1,True,5.354582560683897e-05,0.48214904133140973,1.0,0.3814381352143795,accepted,SPEAKER_00
real_forced_m,long_00023_5639-7127-2094,s2,coarse_to_fine,1,True,5.0143949731048285e-05,0.5132538744885082,0.9862783488334149,0.4776872963549023,accepted,SPEAKER_02
real_index_order,long_00023_5639-7127-2094,s1,gated_deflation,0,True,6.059702578724267e-05,0.35026901330400184,0.9875228090940474,0.7581571281518591,accepted,SPEAKER_01
real_index_order,long_00023_5639-7127-2094,s3,gated_deflation,0,True,5.354582560683897e-05,0.4318025245571409,0.9955913017575216,0.718855522961223,accepted,SPEAKER_00
real_index_order,long_00023_5639-7127-2094,s2,gated_deflation,0,True,5.0143949731048285e-05,0.3834397462373477,0.9906863506863507,0.8243537170578039,accepted,SPEAKER_02
real_index_order,long_00023_5639-7127-2094,s1,coarse_to_fine,0,False,6.059702578724267e-05,-0.3763603819114039,0.9929189100995268,0.4356743772848479,margin,SPEAKER_01
real_index_order,long_00023_5639-7127-2094,s3,coarse_to_fine,0,True,5.354582560683897e-05,0.37518015379984493,1.0,0.3858594033869439,accepted,SPEAKER_00
real_index_order,long_00023_5639-7127-2094,s2,coarse_to_fine,0,True,5.0143949731048285e-05,0.3221058954741065,0.9860662424539076,0.46180850316767136,accepted,SPEAKER_02
real_index_order,long_00023_5639-7127-2094,s1,coarse_to_fine,1,False,6.059702578724267e-05,-0.49865764610641866,0.9929189100995268,0.4356743772848479,margin,SPEAKER_01
real_index_order,long_00023_5639-7127-2094,s3,coarse_to_fine,1,True,5.354582560683897e-05,0.48214904133140973,1.0,0.3814381352143795,accepted,SPEAKER_00
real_index_order,long_00023_5639-7127-2094,s2,coarse_to_fine,1,True,5.0143949731048285e-05,0.5132538744885082,0.9862783488334149,0.4776872963549023,accepted,SPEAKER_02
oracle,long_00024_8224-1284-2961,s1,gated_deflation,0,True,0.0,0.5947592058176835,0.9206098140557238,0.7104507131533231,accepted,s1
oracle,long_00024_8224-1284-2961,s2,gated_deflation,0,True,0.0,0.4066315278241492,0.9527769312261454,0.7137087031668085,accepted,s2
oracle,long_00024_8224-1284-2961,s3,gated_deflation,0,True,0.0,0.37433222600237,0.9270593910501972,0.7644690785497651,accepted,s3
oracle,long_00024_8224-1284-2961,s1,coarse_to_fine,0,False,0.0,-0.055458732269851374,0.9206098140557238,0.2841745929717764,margin,s1
oracle,long_00024_8224-1284-2961,s2,coarse_to_fine,0,True,0.0,0.35176582154692415,0.9795621577140263,0.3545131783269318,accepted,s2
oracle,long_00024_8224-1284-2961,s3,coarse_to_fine,0,False,0.0,-0.19746123737445626,0.9548820975568231,0.3704179970570418,margin,s3
oracle,long_00024_8224-1284-2961,s1,coarse_to_fine,1,False,0.0,-0.13805168666254064,0.9206098140557238,0.2841745929717764,margin,s1
oracle,long_00024_8224-1284-2961,s2,coarse_to_fine,1,True,0.0,0.5127581567126694,0.9736812235748135,0.35398262515896345,accepted,s2
oracle,long_00024_8224-1284-2961,s3,coarse_to_fine,1,False,0.0,-0.35505013308954864,0.9548820975568231,0.3704179970570418,margin,s3
real,long_00024_8224-1284-2961,s1,gated_deflation,0,True,6.258218473510499e-05,0.5560042510214243,0.9941326392278076,0.7653191697400549,accepted,SPEAKER_00
real,long_00024_8224-1284-2961,s2,gated_deflation,0,True,4.8191692779609266e-05,0.4963742872410086,0.9883633465341602,0.7315303878250679,accepted,SPEAKER_02
real,long_00024_8224-1284-2961,s3,gated_deflation,0,True,6.238274628621794e-05,0.36400437183596657,0.9798968122351207,0.7996185292164768,accepted,SPEAKER_01
real,long_00024_8224-1284-2961,s1,coarse_to_fine,0,False,6.258218473510499e-05,-0.02031826263124753,1.0,0.19160033704813037,margin,SPEAKER_00
real,long_00024_8224-1284-2961,s2,coarse_to_fine,0,True,4.8191692779609266e-05,0.4565955337690201,1.0,0.3235374980886088,accepted,SPEAKER_02
real,long_00024_8224-1284-2961,s3,coarse_to_fine,0,False,6.238274628621794e-05,-0.23373211457608345,0.9882224407298154,0.4010123098383418,margin,SPEAKER_01
real,long_00024_8224-1284-2961,s1,coarse_to_fine,1,False,6.258218473510499e-05,-0.09430320810534243,1.0,0.19160033704813037,margin,SPEAKER_00
real,long_00024_8224-1284-2961,s2,coarse_to_fine,1,True,4.8191692779609266e-05,0.6485504498541508,1.0,0.3281972224017981,accepted,SPEAKER_02
real,long_00024_8224-1284-2961,s3,coarse_to_fine,1,False,6.238274628621794e-05,-0.4000561611769541,0.9882224407298154,0.4010123098383418,margin,SPEAKER_01
real_forced_m,long_00024_8224-1284-2961,s1,gated_deflation,0,True,6.258218473510499e-05,0.5560042510214243,0.9941326392278076,0.7653191697400549,accepted,SPEAKER_00
real_forced_m,long_00024_8224-1284-2961,s2,gated_deflation,0,True,4.8191692779609266e-05,0.4963742872410086,0.9883633465341602,0.7315303878250679,accepted,SPEAKER_02
real_forced_m,long_00024_8224-1284-2961,s3,gated_deflation,0,True,6.238274628621794e-05,0.36400437183596657,0.9798968122351207,0.7996185292164768,accepted,SPEAKER_01
real_forced_m,long_00024_8224-1284-2961,s1,coarse_to_fine,0,False,6.258218473510499e-05,-0.02031826263124753,1.0,0.19160033704813037,margin,SPEAKER_00
real_forced_m,long_00024_8224-1284-2961,s2,coarse_to_fine,0,True,4.8191692779609266e-05,0.4565955337690201,1.0,0.3235374980886088,accepted,SPEAKER_02
real_forced_m,long_00024_8224-1284-2961,s3,coarse_to_fine,0,False,6.238274628621794e-05,-0.23373211457608345,0.9882224407298154,0.4010123098383418,margin,SPEAKER_01
real_forced_m,long_00024_8224-1284-2961,s1,coarse_to_fine,1,False,6.258218473510499e-05,-0.09430320810534243,1.0,0.19160033704813037,margin,SPEAKER_00
real_forced_m,long_00024_8224-1284-2961,s2,coarse_to_fine,1,True,4.8191692779609266e-05,0.6485504498541508,1.0,0.3281972224017981,accepted,SPEAKER_02
real_forced_m,long_00024_8224-1284-2961,s3,coarse_to_fine,1,False,6.238274628621794e-05,-0.4000561611769541,0.9882224407298154,0.4010123098383418,margin,SPEAKER_01
real_index_order,long_00024_8224-1284-2961,s1,gated_deflation,0,True,6.258218473510499e-05,0.557605210568047,0.9764763299170327,0.7593208828533127,accepted,SPEAKER_00
real_index_order,long_00024_8224-1284-2961,s2,gated_deflation,0,True,4.8191692779609266e-05,0.4554511596806662,0.9894891529054273,0.7306835018389656,accepted,SPEAKER_02
real_index_order,long_00024_8224-1284-2961,s3,gated_deflation,0,True,6.238274628621794e-05,0.3608375132641784,0.9844757693016399,0.7967720404869223,accepted,SPEAKER_01
real_index_order,long_00024_8224-1284-2961,s1,coarse_to_fine,0,False,6.258218473510499e-05,-0.02031826263124753,1.0,0.19160033704813037,margin,SPEAKER_00
real_index_order,long_00024_8224-1284-2961,s2,coarse_to_fine,0,True,4.8191692779609266e-05,0.4565955337690201,1.0,0.3235374980886088,accepted,SPEAKER_02
real_index_order,long_00024_8224-1284-2961,s3,coarse_to_fine,0,False,6.238274628621794e-05,-0.23373211457608345,0.9882224407298154,0.4010123098383418,margin,SPEAKER_01
real_index_order,long_00024_8224-1284-2961,s1,coarse_to_fine,1,False,6.258218473510499e-05,-0.09430320810534243,1.0,0.19160033704813037,margin,SPEAKER_00
real_index_order,long_00024_8224-1284-2961,s2,coarse_to_fine,1,True,4.8191692779609266e-05,0.6485504498541508,1.0,0.3281972224017981,accepted,SPEAKER_02
real_index_order,long_00024_8224-1284-2961,s3,coarse_to_fine,1,False,6.238274628621794e-05,-0.4000561611769541,0.9882224407298154,0.4010123098383418,margin,SPEAKER_01
oracle,long_00025_5639-3570-61,s1,gated_deflation,0,True,0.0,0.47214409606866525,1.0,0.7283018661892665,accepted,s1
oracle,long_00025_5639-3570-61,s2,gated_deflation,0,True,0.0,0.3307000302358654,1.0,0.7077901054333586,accepted,s2
oracle,long_00025_5639-3570-61,s3,gated_deflation,0,True,0.0,0.42580571912483056,1.0,0.7622454427900174,accepted,s3
oracle,long_00025_5639-3570-61,s1,coarse_to_fine,0,False,0.0,-0.22509481720226188,1.0,0.3686936336679953,margin,s1
oracle,long_00025_5639-3570-61,s2,coarse_to_fine,0,True,0.0,0.43630496018096304,1.0,0.23170120186865284,accepted,s2
oracle,long_00025_5639-3570-61,s3,coarse_to_fine,0,True,0.0,0.3030398443525144,1.0,0.4880105119044502,accepted,s3
oracle,long_00025_5639-3570-61,s1,coarse_to_fine,1,False,0.0,-0.29665141357324676,1.0,0.3686936336679953,margin,s1
oracle,long_00025_5639-3570-61,s2,coarse_to_fine,1,True,0.0,0.6489517100067725,1.0,0.22810835218899386,accepted,s2
oracle,long_00025_5639-3570-61,s3,coarse_to_fine,1,True,0.0,0.5356778689736772,1.0,0.4929767133485121,accepted,s3
real,long_00025_5639-3570-61,s1,gated_deflation,0,True,3.9431439738935324e-05,0.43007264944609075,1.0,0.7594303657030151,accepted,SPEAKER_01
real,long_00025_5639-3570-61,s2,gated_deflation,0,True,0.00010260233910634908,0.2895186643851622,0.9953242461792647,0.7135351687614545,accepted,SPEAKER_02
real,long_00025_5639-3570-61,s3,gated_deflation,0,True,7.554975490826611e-05,0.4555103221277437,0.9971469329529244,0.7958531559850741,accepted,SPEAKER_00
real,long_00025_5639-3570-61,s1,coarse_to_fine,0,False,3.9431439738935324e-05,-0.008357683791026194,1.0,0.3309051206169363,margin,SPEAKER_01
real,long_00025_5639-3570-61,s2,coarse_to_fine,0,True,0.00010260233910634908,0.2940499873035664,1.0,0.21492683515846042,accepted,SPEAKER_02
real,long_00025_5639-3570-61,s3,coarse_to_fine,0,True,7.554975490826611e-05,0.23403227288723327,1.0,0.45181809417914015,accepted,SPEAKER_00
real,long_00025_5639-3570-61,s1,coarse_to_fine,1,False,3.9431439738935324e-05,-0.1178174637964623,1.0,0.3309051206169363,margin,SPEAKER_01
real,long_00025_5639-3570-61,s2,coarse_to_fine,1,True,0.00010260233910634908,0.5186740387697343,1.0,0.21440003238425792,accepted,SPEAKER_02
real,long_00025_5639-3570-61,s3,coarse_to_fine,1,True,7.554975490826611e-05,0.5104856043592407,1.0,0.4297503440205341,accepted,SPEAKER_00
real_forced_m,long_00025_5639-3570-61,s1,gated_deflation,0,True,3.9431439738935324e-05,0.43007264944609075,1.0,0.7594303657030151,accepted,SPEAKER_01
real_forced_m,long_00025_5639-3570-61,s2,gated_deflation,0,True,0.00010260233910634908,0.2895186643851622,0.9953242461792647,0.7135351687614545,accepted,SPEAKER_02
real_forced_m,long_00025_5639-3570-61,s3,gated_deflation,0,True,7.554975490826611e-05,0.4555103221277437,0.9971469329529244,0.7958531559850741,accepted,SPEAKER_00
real_forced_m,long_00025_5639-3570-61,s1,coarse_to_fine,0,False,3.9431439738935324e-05,-0.008357683791026194,1.0,0.3309051206169363,margin,SPEAKER_01
real_forced_m,long_00025_5639-3570-61,s2,coarse_to_fine,0,True,0.00010260233910634908,0.2940499873035664,1.0,0.21492683515846042,accepted,SPEAKER_02
real_forced_m,long_00025_5639-3570-61,s3,coarse_to_fine,0,True,7.554975490826611e-05,0.23403227288723327,1.0,0.45181809417914015,accepted,SPEAKER_00
real_forced_m,long_00025_5639-3570-61,s1,coarse_to_fine,1,False,3.9431439738935324e-05,-0.1178174637964623,1.0,0.3309051206169363,margin,SPEAKER_01
real_forced_m,long_00025_5639-3570-61,s2,coarse_to_fine,1,True,0.00010260233910634908,0.5186740387697343,1.0,0.21440003238425792,accepted,SPEAKER_02
real_forced_m,long_00025_5639-3570-61,s3,coarse_to_fine,1,True,7.554975490826611e-05,0.5104856043592407,1.0,0.4297503440205341,accepted,SPEAKER_00
real_index_order,long_00025_5639-3570-61,s1,gated_deflation,0,True,3.9431439738935324e-05,0.43007264944609075,1.0,0.7594303657030151,accepted,SPEAKER_01
real_index_order,long_00025_5639-3570-61,s2,gated_deflation,0,True,0.00010260233910634908,0.30237418150939915,0.9989646151727936,0.7173468898682758,accepted,SPEAKER_02
real_index_order,long_00025_5639-3570-61,s3,gated_deflation,0,True,7.554975490826611e-05,0.44369076662292856,1.0,0.7928307718996099,accepted,SPEAKER_00
real_index_order,long_00025_5639-3570-61,s1,coarse_to_fine,0,False,3.9431439738935324e-05,-0.008357683791026194,1.0,0.3309051206169363,margin,SPEAKER_01
real_index_order,long_00025_5639-3570-61,s2,coarse_to_fine,0,True,0.00010260233910634908,0.2940499873035664,1.0,0.21492683515846042,accepted,SPEAKER_02
real_index_order,long_00025_5639-3570-61,s3,coarse_to_fine,0,True,7.554975490826611e-05,0.23403227288723327,1.0,0.45181809417914015,accepted,SPEAKER_00
real_index_order,long_00025_5639-3570-61,s1,coarse_to_fine,1,False,3.9431439738935324e-05,-0.1178174637964623,1.0,0.3309051206169363,margin,SPEAKER_01
real_index_order,long_00025_5639-3570-61,s2,coarse_to_fine,1,True,0.00010260233910634908,0.5186740387697343,1.0,0.21440003238425792,accepted,SPEAKER_02
real_index_order,long_00025_5639-3570-61,s3,coarse_to_fine,1,True,7.554975490826611e-05,0.5104856043592407,1.0,0.4297503440205341,accepted,SPEAKER_00
oracle,long_00026_3729-7176-4992,s1,gated_deflation,0,True,0.0,0.29971109562352277,0.9921495883034345,0.7742660668413658,accepted,s1
oracle,long_00026_3729-7176-4992,s2,gated_deflation,0,True,0.0,0.36146476140597367,0.9826534370827387,0.7285824436213989,accepted,s2
oracle,long_00026_3729-7176-4992,s3,gated_deflation,0,True,0.0,0.33883898227850123,1.0,0.7261155825657641,accepted,s3
oracle,long_00026_3729-7176-4992,s1,coarse_to_fine,0,False,0.0,0.0848449517078374,0.9924157039541655,0.4841656894766297,margin,s1
oracle,long_00026_3729-7176-4992,s2,coarse_to_fine,0,True,0.0,0.5668700702136725,0.9964249157032755,0.38614551256069884,accepted,s2
oracle,long_00026_3729-7176-4992,s3,coarse_to_fine,0,True,0.0,0.17730373119429088,0.9960034320809249,0.41521176988228803,accepted,s3
oracle,long_00026_3729-7176-4992,s1,coarse_to_fine,1,False,0.0,0.04354869269106254,0.9924157039541655,0.4841656894766297,margin,s1
oracle,long_00026_3729-7176-4992,s2,coarse_to_fine,1,True,0.0,0.6172217413058597,0.9938659079961464,0.38388739650517784,accepted,s2
oracle,long_00026_3729-7176-4992,s3,coarse_to_fine,1,True,0.0,0.4083064346709441,0.9959281671483622,0.42812493339277236,accepted,s3
real,long_00026_3729-7176-4992,s1,gated_deflation,0,True,0.00010540574045744365,0.2794969863575645,1.0,0.7986654129030283,accepted,SPEAKER_02
real,long_00026_3729-7176-4992,s2,gated_deflation,0,True,5.393391566491191e-05,0.42384563940708836,0.995949152119078,0.7318423351663207,accepted,SPEAKER_00
real,long_00026_3729-7176-4992,s3,gated_deflation,0,True,4.630015885759178e-05,0.31696968832430505,0.9999306793424441,0.755384285507789,accepted,SPEAKER_01
real,long_00026_3729-7176-4992,s1,coarse_to_fine,0,True,0.00010540574045744365,0.2530474911391398,1.0,0.4180821786790138,accepted,SPEAKER_02
real,long_00026_3729-7176-4992,s2,coarse_to_fine,0,True,5.393391566491191e-05,0.41250130821350023,1.0,0.3894052302586237,accepted,SPEAKER_00
real,long_00026_3729-7176-4992,s3,coarse_to_fine,0,True,4.630015885759178e-05,0.12932264883411337,1.0,0.39145338614026126,accepted,SPEAKER_01
real,long_00026_3729-7176-4992,s1,coarse_to_fine,1,True,0.00010540574045744365,0.421529045978131,1.0,0.4416407114462441,accepted,SPEAKER_02
real,long_00026_3729-7176-4992,s2,coarse_to_fine,1,True,5.393391566491191e-05,0.6066445266853917,1.0,0.4176523374164865,accepted,SPEAKER_00
real,long_00026_3729-7176-4992,s3,coarse_to_fine,1,True,4.630015885759178e-05,0.3299640980691817,1.0,0.4053237810887417,accepted,SPEAKER_01
real_forced_m,long_00026_3729-7176-4992,s1,gated_deflation,0,True,0.00010540574045744365,0.2794969863575645,1.0,0.7986654129030283,accepted,SPEAKER_02
real_forced_m,long_00026_3729-7176-4992,s2,gated_deflation,0,True,5.393391566491191e-05,0.42384563940708836,0.995949152119078,0.7318423351663207,accepted,SPEAKER_00
real_forced_m,long_00026_3729-7176-4992,s3,gated_deflation,0,True,4.630015885759178e-05,0.31696968832430505,0.9999306793424441,0.755384285507789,accepted,SPEAKER_01
real_forced_m,long_00026_3729-7176-4992,s1,coarse_to_fine,0,True,0.00010540574045744365,0.2530474911391398,1.0,0.4180821786790138,accepted,SPEAKER_02
real_forced_m,long_00026_3729-7176-4992,s2,coarse_to_fine,0,True,5.393391566491191e-05,0.41250130821350023,1.0,0.3894052302586237,accepted,SPEAKER_00
real_forced_m,long_00026_3729-7176-4992,s3,coarse_to_fine,0,True,4.630015885759178e-05,0.12932264883411337,1.0,0.39145338614026126,accepted,SPEAKER_01
real_forced_m,long_00026_3729-7176-4992,s1,coarse_to_fine,1,True,0.00010540574045744365,0.421529045978131,1.0,0.4416407114462441,accepted,SPEAKER_02
real_forced_m,long_00026_3729-7176-4992,s2,coarse_to_fine,1,True,5.393391566491191e-05,0.6066445266853917,1.0,0.4176523374164865,accepted,SPEAKER_00
real_forced_m,long_00026_3729-7176-4992,s3,coarse_to_fine,1,True,4.630015885759178e-05,0.3299640980691817,1.0,0.4053237810887417,accepted,SPEAKER_01
real_index_order,long_00026_3729-7176-4992,s1,gated_deflation,0,True,0.00010540574045744365,0.30279119249732395,0.9949710254472159,0.7982871422594641,accepted,SPEAKER_02
real_index_order,long_00026_3729-7176-4992,s2,gated_deflation,0,True,5.393391566491191e-05,0.4100013414722059,0.9899602907020304,0.7321025225729668,accepted,SPEAKER_00
real_index_order,long_00026_3729-7176-4992,s3,gated_deflation,0,True,4.630015885759178e-05,0.32253036555170284,1.0,0.7554669763880675,accepted,SPEAKER_01
real_index_order,long_00026_3729-7176-4992,s1,coarse_to_fine,0,True,0.00010540574045744365,0.2530474911391398,1.0,0.4180821786790138,accepted,SPEAKER_02
real_index_order,long_00026_3729-7176-4992,s2,coarse_to_fine,0,True,5.393391566491191e-05,0.41250130821350023,1.0,0.3894052302586237,accepted,SPEAKER_00
real_index_order,long_00026_3729-7176-4992,s3,coarse_to_fine,0,True,4.630015885759178e-05,0.12932264883411337,1.0,0.39145338614026126,accepted,SPEAKER_01
real_index_order,long_00026_3729-7176-4992,s1,coarse_to_fine,1,True,0.00010540574045744365,0.421529045978131,1.0,0.4416407114462441,accepted,SPEAKER_02
real_index_order,long_00026_3729-7176-4992,s2,coarse_to_fine,1,True,5.393391566491191e-05,0.6066445266853917,1.0,0.4176523374164865,accepted,SPEAKER_00
real_index_order,long_00026_3729-7176-4992,s3,coarse_to_fine,1,True,4.630015885759178e-05,0.3299640980691817,1.0,0.4053237810887417,accepted,SPEAKER_01
oracle,long_00027_2300-5639-6930,s1,gated_deflation,0,True,0.0,0.4203192644524269,0.9884298964487643,0.6982174018685113,accepted,s1
oracle,long_00027_2300-5639-6930,s2,gated_deflation,0,True,0.0,0.2667605512249847,0.9768476513378858,0.744667443698882,accepted,s2
oracle,long_00027_2300-5639-6930,s3,gated_deflation,0,True,0.0,0.4651142464654992,0.9871733512013018,0.7821290884571228,accepted,s3
oracle,long_00027_2300-5639-6930,s1,coarse_to_fine,0,True,0.0,0.37380905124065966,0.9884298964487643,0.22796149284124997,accepted,s1
oracle,long_00027_2300-5639-6930,s2,coarse_to_fine,0,False,0.0,-0.2640704719320368,0.9907407407407407,0.3680753454369463,margin,s2
oracle,long_00027_2300-5639-6930,s3,coarse_to_fine,0,True,0.0,0.2569382266083291,0.9890957531667783,0.5407108923199844,accepted,s3
oracle,long_00027_2300-5639-6930,s1,coarse_to_fine,1,True,0.0,0.45281260321272765,0.984530843021409,0.19266785015375934,accepted,s1
oracle,long_00027_2300-5639-6930,s2,coarse_to_fine,1,False,0.0,-0.3638046521479539,0.9907407407407407,0.3680753454369463,margin,s2
oracle,long_00027_2300-5639-6930,s3,coarse_to_fine,1,True,0.0,0.33015665416698503,0.9895743594652372,0.5373803183383611,accepted,s3
real,long_00027_2300-5639-6930,s1,gated_deflation,0,True,3.366795632621881e-05,0.4131604470494094,0.9860325269919366,0.6996008385997784,accepted,SPEAKER_01
real,long_00027_2300-5639-6930,s2,gated_deflation,0,True,5.379439935278206e-05,0.3011660024319873,0.9976584487222785,0.7858061202295924,accepted,SPEAKER_00
real,long_00027_2300-5639-6930,s3,gated_deflation,0,True,3.0825573251346535e-05,0.4941187583050303,1.0,0.807370178832035,accepted,SPEAKER_02
real,long_00027_2300-5639-6930,s1,coarse_to_fine,0,True,3.366795632621881e-05,0.2306590308130007,1.0,0.21777622144685904,accepted,SPEAKER_01
real,long_00027_2300-5639-6930,s2,coarse_to_fine,0,False,5.379439935278206e-05,-0.039897210304022324,1.0,0.4980397879661794,margin,SPEAKER_00
real,long_00027_2300-5639-6930,s3,coarse_to_fine,0,True,3.0825573251346535e-05,0.23245621335980332,1.0,0.5721223516067794,accepted,SPEAKER_02
real,long_00027_2300-5639-6930,s1,coarse_to_fine,1,True,3.366795632621881e-05,0.419563730773452,1.0,0.1955800235230282,accepted,SPEAKER_01
real,long_00027_2300-5639-6930,s2,coarse_to_fine,1,False,5.379439935278206e-05,-0.2494354759972361,1.0,0.4980397879661794,margin,SPEAKER_00
real,long_00027_2300-5639-6930,s3,coarse_to_fine,1,True,3.0825573251346535e-05,0.35597541370416236,1.0,0.5615911420942655,accepted,SPEAKER_02
real_forced_m,long_00027_2300-5639-6930,s1,gated_deflation,0,True,3.366795632621881e-05,0.4131604470494094,0.9860325269919366,0.6996008385997784,accepted,SPEAKER_01
real_forced_m,long_00027_2300-5639-6930,s2,gated_deflation,0,True,5.379439935278206e-05,0.3011660024319873,0.9976584487222785,0.7858061202295924,accepted,SPEAKER_00
real_forced_m,long_00027_2300-5639-6930,s3,gated_deflation,0,True,3.0825573251346535e-05,0.4941187583050303,1.0,0.807370178832035,accepted,SPEAKER_02
real_forced_m,long_00027_2300-5639-6930,s1,coarse_to_fine,0,True,3.366795632621881e-05,0.2306590308130007,1.0,0.21777622144685904,accepted,SPEAKER_01
real_forced_m,long_00027_2300-5639-6930,s2,coarse_to_fine,0,False,5.379439935278206e-05,-0.039897210304022324,1.0,0.4980397879661794,margin,SPEAKER_00
real_forced_m,long_00027_2300-5639-6930,s3,coarse_to_fine,0,True,3.0825573251346535e-05,0.23245621335980332,1.0,0.5721223516067794,accepted,SPEAKER_02
real_forced_m,long_00027_2300-5639-6930,s1,coarse_to_fine,1,True,3.366795632621881e-05,0.419563730773452,1.0,0.1955800235230282,accepted,SPEAKER_01
real_forced_m,long_00027_2300-5639-6930,s2,coarse_to_fine,1,False,5.379439935278206e-05,-0.2494354759972361,1.0,0.4980397879661794,margin,SPEAKER_00
real_forced_m,long_00027_2300-5639-6930,s3,coarse_to_fine,1,True,3.0825573251346535e-05,0.35597541370416236,1.0,0.5615911420942655,accepted,SPEAKER_02
real_index_order,long_00027_2300-5639-6930,s1,gated_deflation,0,True,3.366795632621881e-05,0.4120243431880482,0.9921279212792128,0.7005030408184797,accepted,SPEAKER_01
real_index_order,long_00027_2300-5639-6930,s2,gated_deflation,0,True,5.379439935278206e-05,0.3182107145003569,0.9925982213216256,0.7832940910805858,accepted,SPEAKER_00
real_index_order,long_00027_2300-5639-6930,s3,gated_deflation,0,True,3.0825573251346535e-05,0.4667200357280225,1.0,0.80179334355134,accepted,SPEAKER_02
real_index_order,long_00027_2300-5639-6930,s1,coarse_to_fine,0,True,3.366795632621881e-05,0.2306590308130007,1.0,0.21777622144685904,accepted,SPEAKER_01
real_index_order,long_00027_2300-5639-6930,s2,coarse_to_fine,0,False,5.379439935278206e-05,-0.039897210304022324,1.0,0.4980397879661794,margin,SPEAKER_00
real_index_order,long_00027_2300-5639-6930,s3,coarse_to_fine,0,True,3.0825573251346535e-05,0.23245621335980332,1.0,0.5721223516067794,accepted,SPEAKER_02
real_index_order,long_00027_2300-5639-6930,s1,coarse_to_fine,1,True,3.366795632621881e-05,0.419563730773452,1.0,0.1955800235230282,accepted,SPEAKER_01
real_index_order,long_00027_2300-5639-6930,s2,coarse_to_fine,1,False,5.379439935278206e-05,-0.2494354759972361,1.0,0.4980397879661794,margin,SPEAKER_00
real_index_order,long_00027_2300-5639-6930,s3,coarse_to_fine,1,True,3.0825573251346535e-05,0.35597541370416236,1.0,0.5615911420942655,accepted,SPEAKER_02
oracle,long_00028_5105-8455-1188,s1,gated_deflation,0,True,0.0,0.4044164276552705,1.0,0.7792065875965691,accepted,s1
oracle,long_00028_5105-8455-1188,s2,gated_deflation,0,True,0.0,0.2431527323180107,0.8963249380870053,0.75409724645433,accepted,s2
oracle,long_00028_5105-8455-1188,s3,gated_deflation,0,True,0.0,0.3080492192493225,0.8412809161774613,0.6925512623444101,accepted,s3
oracle,long_00028_5105-8455-1188,s1,coarse_to_fine,0,True,0.0,0.18710399371563347,1.0,0.4943273672818708,accepted,s1
oracle,long_00028_5105-8455-1188,s2,coarse_to_fine,0,False,0.0,-0.07539144645505491,0.9916742355434454,0.42025166743197945,margin,s2
oracle,long_00028_5105-8455-1188,s3,coarse_to_fine,0,False,0.0,-0.08029220526227832,0.9057517723671126,0.29254782772319676,margin,s3
oracle,long_00028_5105-8455-1188,s1,coarse_to_fine,1,True,0.0,0.31150188408256374,1.0,0.48508234373460507,accepted,s1
oracle,long_00028_5105-8455-1188,s2,coarse_to_fine,1,False,0.0,-0.23807112039800316,0.9916742355434454,0.42025166743197945,margin,s2
oracle,long_00028_5105-8455-1188,s3,coarse_to_fine,1,False,0.0,-0.08029220526227832,0.9057517723671126,0.29254782772319676,margin,s3
real,long_00028_5105-8455-1188,s1,gated_deflation,0,True,5.890844894781066e-05,0.35918568769579784,0.9991310706757861,0.7756007767850956,accepted,SPEAKER_01
real,long_00028_5105-8455-1188,s2,gated_deflation,0,True,6.963084689992823e-05,0.22937661433505135,0.9573466142910587,0.769863118396431,accepted,SPEAKER_02
real,long_00028_5105-8455-1188,s3,gated_deflation,0,True,3.3347565240053335e-05,0.33905054295509834,0.9550740228471902,0.7418422336725972,accepted,SPEAKER_00
real,long_00028_5105-8455-1188,s1,coarse_to_fine,0,True,5.890844894781066e-05,0.1699666558692301,1.0,0.4971265683750208,accepted,SPEAKER_01
real,long_00028_5105-8455-1188,s2,coarse_to_fine,0,False,6.963084689992823e-05,-0.06949835236994761,1.0,0.4038130909886291,margin,SPEAKER_02
real,long_00028_5105-8455-1188,s3,coarse_to_fine,0,False,3.3347565240053335e-05,-0.16715224766460557,0.9358073488508271,0.26726792999294535,margin,SPEAKER_00
real,long_00028_5105-8455-1188,s1,coarse_to_fine,1,True,5.890844894781066e-05,0.32882828545292486,1.0,0.4828812589851442,accepted,SPEAKER_01
real,long_00028_5105-8455-1188,s2,coarse_to_fine,1,False,6.963084689992823e-05,-0.2530018808337261,1.0,0.4038130909886291,margin,SPEAKER_02
real,long_00028_5105-8455-1188,s3,coarse_to_fine,1,False,3.3347565240053335e-05,-0.16715224766460557,0.9358073488508271,0.26726792999294535,margin,SPEAKER_00
real_forced_m,long_00028_5105-8455-1188,s1,gated_deflation,0,True,5.890844894781066e-05,0.35918568769579784,0.9991310706757861,0.7756007767850956,accepted,SPEAKER_01
real_forced_m,long_00028_5105-8455-1188,s2,gated_deflation,0,True,6.963084689992823e-05,0.22937661433505135,0.9573466142910587,0.769863118396431,accepted,SPEAKER_02
real_forced_m,long_00028_5105-8455-1188,s3,gated_deflation,0,True,3.3347565240053335e-05,0.33905054295509834,0.9550740228471902,0.7418422336725972,accepted,SPEAKER_00
real_forced_m,long_00028_5105-8455-1188,s1,coarse_to_fine,0,True,5.890844894781066e-05,0.1699666558692301,1.0,0.4971265683750208,accepted,SPEAKER_01
real_forced_m,long_00028_5105-8455-1188,s2,coarse_to_fine,0,False,6.963084689992823e-05,-0.06949835236994761,1.0,0.4038130909886291,margin,SPEAKER_02
real_forced_m,long_00028_5105-8455-1188,s3,coarse_to_fine,0,False,3.3347565240053335e-05,-0.16715224766460557,0.9358073488508271,0.26726792999294535,margin,SPEAKER_00
real_forced_m,long_00028_5105-8455-1188,s1,coarse_to_fine,1,True,5.890844894781066e-05,0.32882828545292486,1.0,0.4828812589851442,accepted,SPEAKER_01
real_forced_m,long_00028_5105-8455-1188,s2,coarse_to_fine,1,False,6.963084689992823e-05,-0.2530018808337261,1.0,0.4038130909886291,margin,SPEAKER_02
real_forced_m,long_00028_5105-8455-1188,s3,coarse_to_fine,1,False,3.3347565240053335e-05,-0.16715224766460557,0.9358073488508271,0.26726792999294535,margin,SPEAKER_00
real_index_order,long_00028_5105-8455-1188,s1,gated_deflation,0,True,5.890844894781066e-05,0.38360388743870644,0.9997160923990193,0.7833082727023368,accepted,SPEAKER_01
real_index_order,long_00028_5105-8455-1188,s2,gated_deflation,0,True,6.963084689992823e-05,0.24340318568585068,0.9439160119715675,0.7811517208760381,accepted,SPEAKER_02
real_index_order,long_00028_5105-8455-1188,s3,gated_deflation,0,True,3.3347565240053335e-05,0.3083017728971887,0.9091952256544235,0.7406517334292748,accepted,SPEAKER_00
real_index_order,long_00028_5105-8455-1188,s1,coarse_to_fine,0,True,5.890844894781066e-05,0.1699666558692301,1.0,0.4971265683750208,accepted,SPEAKER_01
real_index_order,long_00028_5105-8455-1188,s2,coarse_to_fine,0,False,6.963084689992823e-05,-0.06949835236994761,1.0,0.4038130909886291,margin,SPEAKER_02
real_index_order,long_00028_5105-8455-1188,s3,coarse_to_fine,0,False,3.3347565240053335e-05,-0.16715224766460557,0.9358073488508271,0.26726792999294535,margin,SPEAKER_00
real_index_order,long_00028_5105-8455-1188,s1,coarse_to_fine,1,True,5.890844894781066e-05,0.32882828545292486,1.0,0.4828812589851442,accepted,SPEAKER_01
real_index_order,long_00028_5105-8455-1188,s2,coarse_to_fine,1,False,6.963084689992823e-05,-0.2530018808337261,1.0,0.4038130909886291,margin,SPEAKER_02
real_index_order,long_00028_5105-8455-1188,s3,coarse_to_fine,1,False,3.3347565240053335e-05,-0.16715224766460557,0.9358073488508271,0.26726792999294535,margin,SPEAKER_00
oracle,long_00029_61-2830-7729,s1,gated_deflation,0,True,0.0,0.4108646341101502,1.0,0.7396847079408517,accepted,s1
oracle,long_00029_61-2830-7729,s2,gated_deflation,0,False,0.0,0.008534702205250544,1.0,0.7508560702495735,margin,s2
oracle,long_00029_61-2830-7729,s3,gated_deflation,0,True,0.0,0.41002843628848384,1.0,0.7113266431581581,accepted,s3
oracle,long_00029_61-2830-7729,s1,coarse_to_fine,0,True,0.0,0.3038453707334958,1.0,0.40407044010421883,accepted,s1
oracle,long_00029_61-2830-7729,s2,coarse_to_fine,0,False,0.0,-0.2810887627373462,1.0,0.42240383780504126,margin,s2
oracle,long_00029_61-2830-7729,s3,coarse_to_fine,0,True,0.0,0.10687746724016656,1.0,0.30257089310656843,accepted,s3
oracle,long_00029_61-2830-7729,s1,coarse_to_fine,1,True,0.0,0.4253214249549928,1.0,0.40848301900240874,accepted,s1
oracle,long_00029_61-2830-7729,s2,coarse_to_fine,1,False,0.0,-0.3954474554057905,1.0,0.42240383780504126,margin,s2
oracle,long_00029_61-2830-7729,s3,coarse_to_fine,1,True,0.0,0.2758939924310362,1.0,0.3490947434188697,accepted,s3
real,long_00029_61-2830-7729,s1,gated_deflation,0,True,7.460883057491456e-05,0.3659258043988983,1.0,0.7647307939699627,accepted,SPEAKER_02
real,long_00029_61-2830-7729,s2,gated_deflation,0,False,5.945763518646672e-05,0.0847977323988438,1.0,0.7825209335752477,margin,SPEAKER_00
real,long_00029_61-2830-7729,s3,gated_deflation,0,True,3.239446798998252e-05,0.4515416968295752,1.0,0.7227533420053409,accepted,SPEAKER_01
real,long_00029_61-2830-7729,s1,coarse_to_fine,0,True,7.460883057491456e-05,0.13019083802514198,1.0,0.3596734881065779,accepted,SPEAKER_02
real,long_00029_61-2830-7729,s2,coarse_to_fine,0,True,5.945763518646672e-05,0.11764622696237609,1.0,0.4031924517668088,accepted,SPEAKER_00
real,long_00029_61-2830-7729,s3,coarse_to_fine,0,False,3.239446798998252e-05,-0.0846856637173114,1.0,0.2963351538684204,margin,SPEAKER_01
real,long_00029_61-2830-7729,s1,coarse_to_fine,1,True,7.460883057491456e-05,0.3144851235347037,1.0,0.36038202997454577,accepted,SPEAKER_02
real,long_00029_61-2830-7729,s2,coarse_to_fine,1,True,5.945763518646672e-05,0.2974072514475005,1.0,0.3912297748073964,accepted,SPEAKER_00
real,long_00029_61-2830-7729,s3,coarse_to_fine,1,False,3.239446798998252e-05,-0.2841375103137305,1.0,0.2963351538684204,margin,SPEAKER_01
real_forced_m,long_00029_61-2830-7729,s1,gated_deflation,0,True,7.460883057491456e-05,0.3659258043988983,1.0,0.7647307939699627,accepted,SPEAKER_02
real_forced_m,long_00029_61-2830-7729,s2,gated_deflation,0,False,5.945763518646672e-05,0.0847977323988438,1.0,0.7825209335752477,margin,SPEAKER_00
real_forced_m,long_00029_61-2830-7729,s3,gated_deflation,0,True,3.239446798998252e-05,0.4515416968295752,1.0,0.7227533420053409,accepted,SPEAKER_01
real_forced_m,long_00029_61-2830-7729,s1,coarse_to_fine,0,True,7.460883057491456e-05,0.13019083802514198,1.0,0.3596734881065779,accepted,SPEAKER_02
real_forced_m,long_00029_61-2830-7729,s2,coarse_to_fine,0,True,5.945763518646672e-05,0.11764622696237609,1.0,0.4031924517668088,accepted,SPEAKER_00
real_forced_m,long_00029_61-2830-7729,s3,coarse_to_fine,0,False,3.239446798998252e-05,-0.0846856637173114,1.0,0.2963351538684204,margin,SPEAKER_01
real_forced_m,long_00029_61-2830-7729,s1,coarse_to_fine,1,True,7.460883057491456e-05,0.3144851235347037,1.0,0.36038202997454577,accepted,SPEAKER_02
real_forced_m,long_00029_61-2830-7729,s2,coarse_to_fine,1,True,5.945763518646672e-05,0.2974072514475005,1.0,0.3912297748073964,accepted,SPEAKER_00
real_forced_m,long_00029_61-2830-7729,s3,coarse_to_fine,1,False,3.239446798998252e-05,-0.2841375103137305,1.0,0.2963351538684204,margin,SPEAKER_01
real_index_order,long_00029_61-2830-7729,s1,gated_deflation,0,True,7.460883057491456e-05,0.36596718040114173,1.0,0.7670222894288489,accepted,SPEAKER_02
real_index_order,long_00029_61-2830-7729,s2,gated_deflation,0,False,5.945763518646672e-05,0.09545799922113929,1.0,0.7889017616829338,margin,SPEAKER_00
real_index_order,long_00029_61-2830-7729,s3,gated_deflation,0,True,3.239446798998252e-05,0.44718233353698855,1.0,0.7190095558108976,accepted,SPEAKER_01
real_index_order,long_00029_61-2830-7729,s1,coarse_to_fine,0,True,7.460883057491456e-05,0.13019083802514198,1.0,0.3596734881065779,accepted,SPEAKER_02
real_index_order,long_00029_61-2830-7729,s2,coarse_to_fine,0,True,5.945763518646672e-05,0.11764622696237609,1.0,0.4031924517668088,accepted,SPEAKER_00
real_index_order,long_00029_61-2830-7729,s3,coarse_to_fine,0,False,3.239446798998252e-05,-0.0846856637173114,1.0,0.2963351538684204,margin,SPEAKER_01
real_index_order,long_00029_61-2830-7729,s1,coarse_to_fine,1,True,7.460883057491456e-05,0.3144851235347037,1.0,0.36038202997454577,accepted,SPEAKER_02
real_index_order,long_00029_61-2830-7729,s2,coarse_to_fine,1,True,5.945763518646672e-05,0.2974072514475005,1.0,0.3912297748073964,accepted,SPEAKER_00
real_index_order,long_00029_61-2830-7729,s3,coarse_to_fine,1,False,3.239446798998252e-05,-0.2841375103137305,1.0,0.2963351538684204,margin,SPEAKER_01
oracle,long_00030_1580-260-1995,s1,gated_deflation,0,True,0.0,0.5365231059364378,0.9921941729144917,0.829836661318286,accepted,s1
oracle,long_00030_1580-260-1995,s2,gated_deflation,0,True,0.0,0.4628367729501434,0.9755087607227596,0.7663680192150449,accepted,s2
oracle,long_00030_1580-260-1995,s3,gated_deflation,0,True,0.0,0.5072285888354275,0.9901646307525559,0.7121801532602403,accepted,s3
oracle,long_00030_1580-260-1995,s1,coarse_to_fine,0,True,0.0,0.5087673336457271,0.9921941729144917,0.6303969908429452,accepted,s1
oracle,long_00030_1580-260-1995,s2,coarse_to_fine,0,True,0.0,0.5466668893877674,0.9946319243050062,0.39459108865388665,accepted,s2
oracle,long_00030_1580-260-1995,s3,coarse_to_fine,0,False,0.0,0.055259496843506506,0.9763233441720127,0.264781407487817,margin,s3
oracle,long_00030_1580-260-1995,s1,coarse_to_fine,1,True,0.0,0.5600820549229691,0.9958163297586283,0.6370895850228857,accepted,s1
oracle,long_00030_1580-260-1995,s2,coarse_to_fine,1,True,0.0,0.6328931329316827,0.9943023698626124,0.39919883662489397,accepted,s2
oracle,long_00030_1580-260-1995,s3,coarse_to_fine,1,False,0.0,0.025868878857188915,0.9763233441720127,0.264781407487817,margin,s3
real,long_00030_1580-260-1995,s1,gated_deflation,0,True,6.0271084494003245e-05,0.45941478028705773,0.9988268811798223,0.8509447378750508,accepted,SPEAKER_00
real,long_00030_1580-260-1995,s2,gated_deflation,0,True,3.812133126076027e-05,0.5090916771978428,0.998348667138476,0.7682545119631102,accepted,SPEAKER_01
real,long_00030_1580-260-1995,s3,gated_deflation,0,True,7.545993141323344e-05,0.49248866921760004,0.9914308912622573,0.7439708721135864,accepted,SPEAKER_02
real,long_00030_1580-260-1995,s1,coarse_to_fine,0,True,6.0271084494003245e-05,0.5564801457617083,1.0,0.6200214105208787,accepted,SPEAKER_00
real,long_00030_1580-260-1995,s2,coarse_to_fine,0,False,3.812133126076027e-05,-0.05318208800713925,1.0,0.5277677060171626,margin,SPEAKER_01
real,long_00030_1580-260-1995,s3,coarse_to_fine,0,True,7.545993141323344e-05,0.2506479477511808,1.0,0.2037053566645166,accepted,SPEAKER_02
real,long_00030_1580-260-1995,s1,coarse_to_fine,1,True,6.0271084494003245e-05,0.7158667706952054,1.0,0.6286139379418962,accepted,SPEAKER_00
real,long_00030_1580-260-1995,s2,coarse_to_fine,1,False,3.812133126076027e-05,-0.14077132885135046,1.0,0.5277677060171626,margin,SPEAKER_01
real,long_00030_1580-260-1995,s3,coarse_to_fine,1,True,7.545993141323344e-05,0.626970933595542,1.0,0.2037431358933543,accepted,SPEAKER_02
real_forced_m,long_00030_1580-260-1995,s1,gated_deflation,0,True,6.0271084494003245e-05,0.45941478028705773,0.9988268811798223,0.8509447378750508,accepted,SPEAKER_00
real_forced_m,long_00030_1580-260-1995,s2,gated_deflation,0,True,3.812133126076027e-05,0.5090916771978428,0.998348667138476,0.7682545119631102,accepted,SPEAKER_01
real_forced_m,long_00030_1580-260-1995,s3,gated_deflation,0,True,7.545993141323344e-05,0.49248866921760004,0.9914308912622573,0.7439708721135864,accepted,SPEAKER_02
real_forced_m,long_00030_1580-260-1995,s1,coarse_to_fine,0,True,6.0271084494003245e-05,0.5564801457617083,1.0,0.6200214105208787,accepted,SPEAKER_00
real_forced_m,long_00030_1580-260-1995,s2,coarse_to_fine,0,False,3.812133126076027e-05,-0.05318208800713925,1.0,0.5277677060171626,margin,SPEAKER_01
real_forced_m,long_00030_1580-260-1995,s3,coarse_to_fine,0,True,7.545993141323344e-05,0.2506479477511808,1.0,0.2037053566645166,accepted,SPEAKER_02
real_forced_m,long_00030_1580-260-1995,s1,coarse_to_fine,1,True,6.0271084494003245e-05,0.7158667706952054,1.0,0.6286139379418962,accepted,SPEAKER_00
real_forced_m,long_00030_1580-260-1995,s2,coarse_to_fine,1,False,3.812133126076027e-05,-0.14077132885135046,1.0,0.5277677060171626,margin,SPEAKER_01
real_forced_m,long_00030_1580-260-1995,s3,coarse_to_fine,1,True,7.545993141323344e-05,0.626970933595542,1.0,0.2037431358933543,accepted,SPEAKER_02
real_index_order,long_00030_1580-260-1995,s1,gated_deflation,0,True,6.0271084494003245e-05,0.48415398457193237,0.9922797609072119,0.850066005143544,accepted,SPEAKER_00
real_index_order,long_00030_1580-260-1995,s2,gated_deflation,0,True,3.812133126076027e-05,0.4966625985683909,0.9943854682708186,0.7774520763228776,accepted,SPEAKER_01
real_index_order,long_00030_1580-260-1995,s3,gated_deflation,0,True,7.545993141323344e-05,0.49332787498007946,0.9917181937418025,0.7432936891457422,accepted,SPEAKER_02
real_index_order,long_00030_1580-260-1995,s1,coarse_to_fine,0,True,6.0271084494003245e-05,0.5564801457617083,1.0,0.6200214105208787,accepted,SPEAKER_00
real_index_order,long_00030_1580-260-1995,s2,coarse_to_fine,0,False,3.812133126076027e-05,-0.05318208800713925,1.0,0.5277677060171626,margin,SPEAKER_01
real_index_order,long_00030_1580-260-1995,s3,coarse_to_fine,0,True,7.545993141323344e-05,0.2506479477511808,1.0,0.2037053566645166,accepted,SPEAKER_02
real_index_order,long_00030_1580-260-1995,s1,coarse_to_fine,1,True,6.0271084494003245e-05,0.7158667706952054,1.0,0.6286139379418962,accepted,SPEAKER_00
real_index_order,long_00030_1580-260-1995,s2,coarse_to_fine,1,False,3.812133126076027e-05,-0.14077132885135046,1.0,0.5277677060171626,margin,SPEAKER_01
real_index_order,long_00030_1580-260-1995,s3,coarse_to_fine,1,True,7.545993141323344e-05,0.626970933595542,1.0,0.2037431358933543,accepted,SPEAKER_02
oracle,long_00031_2300-5639-260,s1,gated_deflation,0,True,0.0,0.46020030119557076,0.9289377816125012,0.7246548385517406,accepted,s1
oracle,long_00031_2300-5639-260,s2,gated_deflation,0,True,0.0,0.259004808675177,0.9054302125895659,0.6903633155795181,accepted,s2
oracle,long_00031_2300-5639-260,s3,gated_deflation,0,True,0.0,0.3657743388229058,0.9170390290994346,0.7488709388486914,accepted,s3
oracle,long_00031_2300-5639-260,s1,coarse_to_fine,0,True,0.0,0.5131045111867367,0.9289377816125012,0.2985466874820189,accepted,s1
oracle,long_00031_2300-5639-260,s2,coarse_to_fine,0,False,0.0,-0.13747374055270511,0.9282650668873259,0.321993633706756,margin,s2
oracle,long_00031_2300-5639-260,s3,coarse_to_fine,0,True,0.0,0.16357586111184574,0.9260239966901117,0.33041299934439766,accepted,s3
oracle,long_00031_2300-5639-260,s1,coarse_to_fine,1,True,0.0,0.5413703327773033,0.9241843223724155,0.2853456341846144,accepted,s1
oracle,long_00031_2300-5639-260,s2,coarse_to_fine,1,False,0.0,-0.36751712501751854,0.9282650668873259,0.321993633706756,margin,s2
oracle,long_00031_2300-5639-260,s3,coarse_to_fine,1,True,0.0,0.41002908703916285,0.9208040270307544,0.2984903766499702,accepted,s3
real,long_00031_2300-5639-260,s1,gated_deflation,0,True,3.150089935284598e-05,0.4380325951771452,0.9929616902125493,0.7277906809331314,accepted,SPEAKER_00
real,long_00031_2300-5639-260,s2,gated_deflation,0,True,6.363172665824404e-05,0.2801685605719026,0.9639841590076963,0.725096609217001,accepted,SPEAKER_02
real,long_00031_2300-5639-260,s3,gated_deflation,0,True,4.599243780455805e-05,0.47070528008284085,0.9385902031063321,0.7639256746203009,accepted,SPEAKER_01
real,long_00031_2300-5639-260,s1,coarse_to_fine,0,True,3.150089935284598e-05,0.45854729966202423,0.9889021638125581,0.232730574598829,accepted,SPEAKER_00
real,long_00031_2300-5639-260,s2,coarse_to_fine,0,False,6.363172665824404e-05,-0.1326263040271654,0.9478414232037421,0.30791024915014853,margin,SPEAKER_02
real,long_00031_2300-5639-260,s3,coarse_to_fine,0,True,4.599243780455805e-05,0.325068908409501,0.9803610333022098,0.36422430225349106,accepted,SPEAKER_01
real,long_00031_2300-5639-260,s1,coarse_to_fine,1,True,3.150089935284598e-05,0.5762289170414668,0.9888490641178813,0.2630470938829359,accepted,SPEAKER_00
real,long_00031_2300-5639-260,s2,coarse_to_fine,1,False,6.363172665824404e-05,-0.2522655613498274,0.9478414232037421,0.30791024915014853,margin,SPEAKER_02
real,long_00031_2300-5639-260,s3,coarse_to_fine,1,True,4.599243780455805e-05,0.5507830918507357,0.9675848117024588,0.31943625005946746,accepted,SPEAKER_01
real_forced_m,long_00031_2300-5639-260,s1,gated_deflation,0,True,3.150089935284598e-05,0.4380325951771452,0.9929616902125493,0.7277906809331314,accepted,SPEAKER_00
real_forced_m,long_00031_2300-5639-260,s2,gated_deflation,0,True,6.363172665824404e-05,0.2801685605719026,0.9639841590076963,0.725096609217001,accepted,SPEAKER_02
real_forced_m,long_00031_2300-5639-260,s3,gated_deflation,0,True,4.599243780455805e-05,0.47070528008284085,0.9385902031063321,0.7639256746203009,accepted,SPEAKER_01
real_forced_m,long_00031_2300-5639-260,s1,coarse_to_fine,0,True,3.150089935284598e-05,0.45854729966202423,0.9889021638125581,0.232730574598829,accepted,SPEAKER_00
real_forced_m,long_00031_2300-5639-260,s2,coarse_to_fine,0,False,6.363172665824404e-05,-0.1326263040271654,0.9478414232037421,0.30791024915014853,margin,SPEAKER_02
real_forced_m,long_00031_2300-5639-260,s3,coarse_to_fine,0,True,4.599243780455805e-05,0.325068908409501,0.9803610333022098,0.36422430225349106,accepted,SPEAKER_01
real_forced_m,long_00031_2300-5639-260,s1,coarse_to_fine,1,True,3.150089935284598e-05,0.5762289170414668,0.9888490641178813,0.2630470938829359,accepted,SPEAKER_00
real_forced_m,long_00031_2300-5639-260,s2,coarse_to_fine,1,False,6.363172665824404e-05,-0.2522655613498274,0.9478414232037421,0.30791024915014853,margin,SPEAKER_02
real_forced_m,long_00031_2300-5639-260,s3,coarse_to_fine,1,True,4.599243780455805e-05,0.5507830918507357,0.9675848117024588,0.31943625005946746,accepted,SPEAKER_01
real_index_order,long_00031_2300-5639-260,s1,gated_deflation,0,True,3.150089935284598e-05,0.4380325951771452,0.9929616902125493,0.7277906809331314,accepted,SPEAKER_00
real_index_order,long_00031_2300-5639-260,s2,gated_deflation,0,True,6.363172665824404e-05,0.26608287086021853,0.9345936386958579,0.7284848516122238,accepted,SPEAKER_02
real_index_order,long_00031_2300-5639-260,s3,gated_deflation,0,True,4.599243780455805e-05,0.42666040581742803,0.9468454927351909,0.7601448136651183,accepted,SPEAKER_01
real_index_order,long_00031_2300-5639-260,s1,coarse_to_fine,0,True,3.150089935284598e-05,0.45854729966202423,0.9889021638125581,0.232730574598829,accepted,SPEAKER_00
real_index_order,long_00031_2300-5639-260,s2,coarse_to_fine,0,False,6.363172665824404e-05,-0.1326263040271654,0.9478414232037421,0.30791024915014853,margin,SPEAKER_02
real_index_order,long_00031_2300-5639-260,s3,coarse_to_fine,0,True,4.599243780455805e-05,0.325068908409501,0.9803610333022098,0.36422430225349106,accepted,SPEAKER_01
real_index_order,long_00031_2300-5639-260,s1,coarse_to_fine,1,True,3.150089935284598e-05,0.5762289170414668,0.9888490641178813,0.2630470938829359,accepted,SPEAKER_00
real_index_order,long_00031_2300-5639-260,s2,coarse_to_fine,1,False,6.363172665824404e-05,-0.2522655613498274,0.9478414232037421,0.30791024915014853,margin,SPEAKER_02
real_index_order,long_00031_2300-5639-260,s3,coarse_to_fine,1,True,4.599243780455805e-05,0.5507830918507357,0.9675848117024588,0.31943625005946746,accepted,SPEAKER_01
oracle,long_00032_7021-4446-6930,s1,gated_deflation,0,True,0.0,0.4343577768318705,0.962667684752665,0.6963720560285875,accepted,s1
oracle,long_00032_7021-4446-6930,s2,gated_deflation,0,True,0.0,0.28473850973882114,0.9537883047511948,0.7372149142161581,accepted,s2
oracle,long_00032_7021-4446-6930,s3,gated_deflation,0,True,0.0,0.48741622197438655,0.992784851452824,0.7894998016511572,accepted,s3
oracle,long_00032_7021-4446-6930,s1,coarse_to_fine,0,True,0.0,0.3380294137832448,0.962667684752665,0.2831359121541367,accepted,s1
oracle,long_00032_7021-4446-6930,s2,coarse_to_fine,0,True,0.0,0.3207848373149107,0.9464381961911607,0.2920932060376282,accepted,s2
oracle,long_00032_7021-4446-6930,s3,coarse_to_fine,0,True,0.0,0.584247491725777,0.9899771465883122,0.5364737979611778,accepted,s3
oracle,long_00032_7021-4446-6930,s1,coarse_to_fine,1,True,0.0,0.40455883140394566,0.9576820577314649,0.2244830007525596,accepted,s1
oracle,long_00032_7021-4446-6930,s2,coarse_to_fine,1,True,0.0,0.3443455938484792,0.9462510480297042,0.2648798944117378,accepted,s2
oracle,long_00032_7021-4446-6930,s3,coarse_to_fine,1,True,0.0,0.6233254930085423,0.9912014365001632,0.5410572380693446,accepted,s3
real,long_00032_7021-4446-6930,s1,gated_deflation,0,True,3.092931335847152e-05,0.4619316666634473,0.9771612842035378,0.7142995435882937,accepted,SPEAKER_01
real,long_00032_7021-4446-6930,s2,gated_deflation,0,True,7.823426403478748e-05,0.23908148076187763,0.9742459338962365,0.7520705330642584,accepted,SPEAKER_00
real,long_00032_7021-4446-6930,s3,gated_deflation,0,True,0.00011837239595246443,0.46558623122301324,1.0,0.7961490168906357,accepted,SPEAKER_02
real,long_00032_7021-4446-6930,s1,coarse_to_fine,0,True,3.092931335847152e-05,0.40490166326908983,0.9904735114861697,0.2523395234120066,accepted,SPEAKER_01
real,long_00032_7021-4446-6930,s2,coarse_to_fine,0,True,7.823426403478748e-05,0.1787371962203999,0.9711017346460384,0.2684665007557463,accepted,SPEAKER_00
real,long_00032_7021-4446-6930,s3,coarse_to_fine,0,True,0.00011837239595246443,0.36944401227247897,1.0,0.5508408712456276,accepted,SPEAKER_02
real,long_00032_7021-4446-6930,s1,coarse_to_fine,1,True,3.092931335847152e-05,0.46255359532681045,0.9809657759024848,0.20284523608437416,accepted,SPEAKER_01
real,long_00032_7021-4446-6930,s2,coarse_to_fine,1,True,7.823426403478748e-05,0.30897564924515697,0.9685138302859821,0.2523577767096409,accepted,SPEAKER_00
real,long_00032_7021-4446-6930,s3,coarse_to_fine,1,True,0.00011837239595246443,0.5174336213559291,1.0,0.5542036851124076,accepted,SPEAKER_02
real_forced_m,long_00032_7021-4446-6930,s1,gated_deflation,0,True,3.092931335847152e-05,0.4619316666634473,0.9771612842035378,0.7142995435882937,accepted,SPEAKER_01
real_forced_m,long_00032_7021-4446-6930,s2,gated_deflation,0,True,7.823426403478748e-05,0.23908148076187763,0.9742459338962365,0.7520705330642584,accepted,SPEAKER_00
real_forced_m,long_00032_7021-4446-6930,s3,gated_deflation,0,True,0.00011837239595246443,0.46558623122301324,1.0,0.7961490168906357,accepted,SPEAKER_02
real_forced_m,long_00032_7021-4446-6930,s1,coarse_to_fine,0,True,3.092931335847152e-05,0.40490166326908983,0.9904735114861697,0.2523395234120066,accepted,SPEAKER_01
real_forced_m,long_00032_7021-4446-6930,s2,coarse_to_fine,0,True,7.823426403478748e-05,0.1787371962203999,0.9711017346460384,0.2684665007557463,accepted,SPEAKER_00
real_forced_m,long_00032_7021-4446-6930,s3,coarse_to_fine,0,True,0.00011837239595246443,0.36944401227247897,1.0,0.5508408712456276,accepted,SPEAKER_02
real_forced_m,long_00032_7021-4446-6930,s1,coarse_to_fine,1,True,3.092931335847152e-05,0.46255359532681045,0.9809657759024848,0.20284523608437416,accepted,SPEAKER_01
real_forced_m,long_00032_7021-4446-6930,s2,coarse_to_fine,1,True,7.823426403478748e-05,0.30897564924515697,0.9685138302859821,0.2523577767096409,accepted,SPEAKER_00
real_forced_m,long_00032_7021-4446-6930,s3,coarse_to_fine,1,True,0.00011837239595246443,0.5174336213559291,1.0,0.5542036851124076,accepted,SPEAKER_02
real_index_order,long_00032_7021-4446-6930,s1,gated_deflation,0,True,3.092931335847152e-05,0.4619316666634473,0.9771612842035378,0.7142995435882937,accepted,SPEAKER_01
real_index_order,long_00032_7021-4446-6930,s2,gated_deflation,0,True,7.823426403478748e-05,0.23908148076187763,0.9742459338962365,0.7520705330642584,accepted,SPEAKER_00
real_index_order,long_00032_7021-4446-6930,s3,gated_deflation,0,True,0.00011837239595246443,0.46558623122301324,1.0,0.7961490168906357,accepted,SPEAKER_02
real_index_order,long_00032_7021-4446-6930,s1,coarse_to_fine,0,True,3.092931335847152e-05,0.40490166326908983,0.9904735114861697,0.2523395234120066,accepted,SPEAKER_01
real_index_order,long_00032_7021-4446-6930,s2,coarse_to_fine,0,True,7.823426403478748e-05,0.1787371962203999,0.9711017346460384,0.2684665007557463,accepted,SPEAKER_00
real_index_order,long_00032_7021-4446-6930,s3,coarse_to_fine,0,True,0.00011837239595246443,0.36944401227247897,1.0,0.5508408712456276,accepted,SPEAKER_02
real_index_order,long_00032_7021-4446-6930,s1,coarse_to_fine,1,True,3.092931335847152e-05,0.46255359532681045,0.9809657759024848,0.20284523608437416,accepted,SPEAKER_01
real_index_order,long_00032_7021-4446-6930,s2,coarse_to_fine,1,True,7.823426403478748e-05,0.30897564924515697,0.9685138302859821,0.2523577767096409,accepted,SPEAKER_00
real_index_order,long_00032_7021-4446-6930,s3,coarse_to_fine,1,True,0.00011837239595246443,0.5174336213559291,1.0,0.5542036851124076,accepted,SPEAKER_02
oracle,long_00033_4507-4446-4970,s1,gated_deflation,0,True,0.0,0.3335602020691628,0.9697615098512263,0.6672010174126867,accepted,s1
oracle,long_00033_4507-4446-4970,s2,gated_deflation,0,True,0.0,0.22972874512444252,0.9284626931192206,0.7159870658356138,accepted,s2
oracle,long_00033_4507-4446-4970,s3,gated_deflation,0,True,0.0,0.5051306115575125,0.9327818329278184,0.7665471317926666,accepted,s3
oracle,long_00033_4507-4446-4970,s1,coarse_to_fine,0,False,0.0,0.029159876374001525,0.9697615098512263,0.2258234620169726,margin,s1
oracle,long_00033_4507-4446-4970,s2,coarse_to_fine,0,True,0.0,0.12825565329503386,0.972852583433856,0.18715859602057588,accepted,s2
oracle,long_00033_4507-4446-4970,s3,coarse_to_fine,0,True,0.0,0.39525248636383736,0.9507380373073804,0.4104870348679471,accepted,s3
oracle,long_00033_4507-4446-4970,s1,coarse_to_fine,1,False,0.0,-0.13003972820915266,0.9697615098512263,0.2258234620169726,margin,s1
oracle,long_00033_4507-4446-4970,s2,coarse_to_fine,1,True,0.0,0.2621477849982108,0.9726201246481705,0.1904617931967806,accepted,s2
oracle,long_00033_4507-4446-4970,s3,coarse_to_fine,1,True,0.0,0.5522892468127132,0.9601216545012166,0.47235326780502607,accepted,s3
real,long_00033_4507-4446-4970,s1,gated_deflation,0,True,4.5674321956017026e-05,0.3016351102479351,0.9844278193405376,0.7030887370353414,accepted,SPEAKER_01
real,long_00033_4507-4446-4970,s2,gated_deflation,0,True,9.469022506251527e-05,0.25091883546761046,0.957455268389662,0.7356123844897782,accepted,SPEAKER_02
real,long_00033_4507-4446-4970,s3,gated_deflation,0,True,5.523798148552062e-05,0.4488139883418698,0.9584996594897585,0.8047147153622978,accepted,SPEAKER_00
real,long_00033_4507-4446-4970,s1,coarse_to_fine,0,False,4.5674321956017026e-05,0.004533707156574529,1.0,0.17182930088370638,margin,SPEAKER_01
real,long_00033_4507-4446-4970,s2,coarse_to_fine,0,False,9.469022506251527e-05,-0.3097136063173742,0.9425009167583425,0.33184589929582586,margin,SPEAKER_02
real,long_00033_4507-4446-4970,s3,coarse_to_fine,0,True,5.523798148552062e-05,0.4435619766350581,0.940997433076641,0.4195151446576099,accepted,SPEAKER_00
real,long_00033_4507-4446-4970,s1,coarse_to_fine,1,False,4.5674321956017026e-05,0.004533707156574529,1.0,0.17182930088370638,margin,SPEAKER_01
real,long_00033_4507-4446-4970,s2,coarse_to_fine,1,False,9.469022506251527e-05,-0.432944030908755,0.9425009167583425,0.33184589929582586,margin,SPEAKER_02
real,long_00033_4507-4446-4970,s3,coarse_to_fine,1,True,5.523798148552062e-05,0.6997358273414693,0.9409240924092409,0.4739652100365707,accepted,SPEAKER_00
real_forced_m,long_00033_4507-4446-4970,s1,gated_deflation,0,True,4.5674321956017026e-05,0.3016351102479351,0.9844278193405376,0.7030887370353414,accepted,SPEAKER_01
real_forced_m,long_00033_4507-4446-4970,s2,gated_deflation,0,True,9.469022506251527e-05,0.25091883546761046,0.957455268389662,0.7356123844897782,accepted,SPEAKER_02
real_forced_m,long_00033_4507-4446-4970,s3,gated_deflation,0,True,5.523798148552062e-05,0.4488139883418698,0.9584996594897585,0.8047147153622978,accepted,SPEAKER_00
real_forced_m,long_00033_4507-4446-4970,s1,coarse_to_fine,0,False,4.5674321956017026e-05,0.004533707156574529,1.0,0.17182930088370638,margin,SPEAKER_01
real_forced_m,long_00033_4507-4446-4970,s2,coarse_to_fine,0,False,9.469022506251527e-05,-0.3097136063173742,0.9425009167583425,0.33184589929582586,margin,SPEAKER_02
real_forced_m,long_00033_4507-4446-4970,s3,coarse_to_fine,0,True,5.523798148552062e-05,0.4435619766350581,0.940997433076641,0.4195151446576099,accepted,SPEAKER_00
real_forced_m,long_00033_4507-4446-4970,s1,coarse_to_fine,1,False,4.5674321956017026e-05,0.004533707156574529,1.0,0.17182930088370638,margin,SPEAKER_01
real_forced_m,long_00033_4507-4446-4970,s2,coarse_to_fine,1,False,9.469022506251527e-05,-0.432944030908755,0.9425009167583425,0.33184589929582586,margin,SPEAKER_02
real_forced_m,long_00033_4507-4446-4970,s3,coarse_to_fine,1,True,5.523798148552062e-05,0.6997358273414693,0.9409240924092409,0.4739652100365707,accepted,SPEAKER_00
real_index_order,long_00033_4507-4446-4970,s1,gated_deflation,0,True,4.5674321956017026e-05,0.3016351102479351,0.9844278193405376,0.7030887370353414,accepted,SPEAKER_01
real_index_order,long_00033_4507-4446-4970,s2,gated_deflation,0,True,9.469022506251527e-05,0.2679908180533423,0.9491691824362467,0.7381177271638597,accepted,SPEAKER_02
real_index_order,long_00033_4507-4446-4970,s3,gated_deflation,0,True,5.523798148552062e-05,0.45152517697711864,0.9583529781549583,0.8009754730447378,accepted,SPEAKER_00
real_index_order,long_00033_4507-4446-4970,s1,coarse_to_fine,0,False,4.5674321956017026e-05,0.004533707156574529,1.0,0.17182930088370638,margin,SPEAKER_01
real_index_order,long_00033_4507-4446-4970,s2,coarse_to_fine,0,False,9.469022506251527e-05,-0.3097136063173742,0.9425009167583425,0.33184589929582586,margin,SPEAKER_02
real_index_order,long_00033_4507-4446-4970,s3,coarse_to_fine,0,True,5.523798148552062e-05,0.4435619766350581,0.940997433076641,0.4195151446576099,accepted,SPEAKER_00
real_index_order,long_00033_4507-4446-4970,s1,coarse_to_fine,1,False,4.5674321956017026e-05,0.004533707156574529,1.0,0.17182930088370638,margin,SPEAKER_01
real_index_order,long_00033_4507-4446-4970,s2,coarse_to_fine,1,False,9.469022506251527e-05,-0.432944030908755,0.9425009167583425,0.33184589929582586,margin,SPEAKER_02
real_index_order,long_00033_4507-4446-4970,s3,coarse_to_fine,1,True,5.523798148552062e-05,0.6997358273414693,0.9409240924092409,0.4739652100365707,accepted,SPEAKER_00
oracle,long_00034_61-260-8555,s1,gated_deflation,0,True,0.0,0.4325534595141647,1.0,0.7702332591688767,accepted,s1
oracle,long_00034_61-260-8555,s2,gated_deflation,0,True,0.0,0.21051682024641338,0.9518099512255933,0.7503678708096819,accepted,s2
oracle,long_00034_61-260-8555,s3,gated_deflation,0,True,0.0,0.4739878917953531,0.9596603919469474,0.7255639143237413,accepted,s3
oracle,long_00034_61-260-8555,s1,coarse_to_fine,0,True,0.0,0.27828755520030213,1.0,0.4715733502345844,accepted,s1
oracle,long_00034_61-260-8555,s2,coarse_to_fine,0,True,0.0,0.29214755100457024,0.9569542332054599,0.39188395574107776,accepted,s2
oracle,long_00034_61-260-8555,s3,coarse_to_fine,0,True,0.0,0.4927364607093203,0.9501590983435929,0.37791098845910176,accepted,s3
oracle,long_00034_61-260-8555,s1,coarse_to_fine,1,True,0.0,0.33165059750384074,1.0,0.48388405279774005,accepted,s1
oracle,long_00034_61-260-8555,s2,coarse_to_fine,1,True,0.0,0.3233923229507082,0.9531031611502662,0.38275481442069226,accepted,s2
oracle,long_00034_61-260-8555,s3,coarse_to_fine,1,True,0.0,0.614787254977751,0.9373271478276385,0.37514120131155193,accepted,s3
real,long_00034_61-260-8555,s1,gated_deflation,0,True,7.033188186779541e-05,0.37726900734122115,1.0,0.7898695820037449,accepted,SPEAKER_02
real,long_00034_61-260-8555,s2,gated_deflation,0,True,0.00010405465845826467,0.23655231272685062,0.9900908455625437,0.7718205741075231,accepted,SPEAKER_01
real,long_00034_61-260-8555,s3,gated_deflation,0,True,7.302824991504818e-05,0.5198927274207148,0.9767000045668356,0.737270012445772,accepted,SPEAKER_00
real,long_00034_61-260-8555,s1,coarse_to_fine,0,True,7.033188186779541e-05,0.22453816792154213,1.0,0.4362909217545423,accepted,SPEAKER_02
real,long_00034_61-260-8555,s2,coarse_to_fine,0,False,0.00010405465845826467,-0.17605057278436298,1.0,0.3964438321986847,margin,SPEAKER_01
real,long_00034_61-260-8555,s3,coarse_to_fine,0,True,7.302824991504818e-05,0.2893821368305646,0.9820793539871108,0.36929975612486493,accepted,SPEAKER_00
real,long_00034_61-260-8555,s1,coarse_to_fine,1,True,7.033188186779541e-05,0.4001015163452799,1.0,0.4651200542538087,accepted,SPEAKER_02
real,long_00034_61-260-8555,s2,coarse_to_fine,1,False,0.00010405465845826467,-0.3356560963447862,1.0,0.3964438321986847,margin,SPEAKER_01
real,long_00034_61-260-8555,s3,coarse_to_fine,1,True,7.302824991504818e-05,0.5590391325152086,0.9679944095038434,0.3567645568163017,accepted,SPEAKER_00
real_forced_m,long_00034_61-260-8555,s1,gated_deflation,0,True,7.033188186779541e-05,0.37726900734122115,1.0,0.7898695820037449,accepted,SPEAKER_02
real_forced_m,long_00034_61-260-8555,s2,gated_deflation,0,True,0.00010405465845826467,0.23655231272685062,0.9900908455625437,0.7718205741075231,accepted,SPEAKER_01
real_forced_m,long_00034_61-260-8555,s3,gated_deflation,0,True,7.302824991504818e-05,0.5198927274207148,0.9767000045668356,0.737270012445772,accepted,SPEAKER_00
real_forced_m,long_00034_61-260-8555,s1,coarse_to_fine,0,True,7.033188186779541e-05,0.22453816792154213,1.0,0.4362909217545423,accepted,SPEAKER_02
real_forced_m,long_00034_61-260-8555,s2,coarse_to_fine,0,False,0.00010405465845826467,-0.17605057278436298,1.0,0.3964438321986847,margin,SPEAKER_01
real_forced_m,long_00034_61-260-8555,s3,coarse_to_fine,0,True,7.302824991504818e-05,0.2893821368305646,0.9820793539871108,0.36929975612486493,accepted,SPEAKER_00
real_forced_m,long_00034_61-260-8555,s1,coarse_to_fine,1,True,7.033188186779541e-05,0.4001015163452799,1.0,0.4651200542538087,accepted,SPEAKER_02
real_forced_m,long_00034_61-260-8555,s2,coarse_to_fine,1,False,0.00010405465845826467,-0.3356560963447862,1.0,0.3964438321986847,margin,SPEAKER_01
real_forced_m,long_00034_61-260-8555,s3,coarse_to_fine,1,True,7.302824991504818e-05,0.5590391325152086,0.9679944095038434,0.3567645568163017,accepted,SPEAKER_00
real_index_order,long_00034_61-260-8555,s1,gated_deflation,0,True,7.033188186779541e-05,0.37726900734122115,1.0,0.7898695820037449,accepted,SPEAKER_02
real_index_order,long_00034_61-260-8555,s2,gated_deflation,0,True,0.00010405465845826467,0.24533445712900742,0.9732028884230142,0.767097090485945,accepted,SPEAKER_01
real_index_order,long_00034_61-260-8555,s3,gated_deflation,0,True,7.302824991504818e-05,0.4720031262887415,0.9939169749280723,0.7417142104770041,accepted,SPEAKER_00
real_index_order,long_00034_61-260-8555,s1,coarse_to_fine,0,True,7.033188186779541e-05,0.22453816792154213,1.0,0.4362909217545423,accepted,SPEAKER_02
real_index_order,long_00034_61-260-8555,s2,coarse_to_fine,0,False,0.00010405465845826467,-0.17605057278436298,1.0,0.3964438321986847,margin,SPEAKER_01
real_index_order,long_00034_61-260-8555,s3,coarse_to_fine,0,True,7.302824991504818e-05,0.2893821368305646,0.9820793539871108,0.36929975612486493,accepted,SPEAKER_00
real_index_order,long_00034_61-260-8555,s1,coarse_to_fine,1,True,7.033188186779541e-05,0.4001015163452799,1.0,0.4651200542538087,accepted,SPEAKER_02
real_index_order,long_00034_61-260-8555,s2,coarse_to_fine,1,False,0.00010405465845826467,-0.3356560963447862,1.0,0.3964438321986847,margin,SPEAKER_01
real_index_order,long_00034_61-260-8555,s3,coarse_to_fine,1,True,7.302824991504818e-05,0.5590391325152086,0.9679944095038434,0.3567645568163017,accepted,SPEAKER_00
oracle,long_00035_260-4992-7021,s1,gated_deflation,0,True,0.0,0.28546108827524497,0.9773432358747767,0.743393876443046,accepted,s1
oracle,long_00035_260-4992-7021,s2,gated_deflation,0,True,0.0,0.3123841513543497,0.9547783756085063,0.7274359151019182,accepted,s2
oracle,long_00035_260-4992-7021,s3,gated_deflation,0,True,0.0,0.3383933788163905,0.9758571568916397,0.7184188967777789,accepted,s3
oracle,long_00035_260-4992-7021,s1,coarse_to_fine,0,True,0.0,0.25668484430920263,0.9773432358747767,0.3598855003728576,accepted,s1
oracle,long_00035_260-4992-7021,s2,coarse_to_fine,0,True,0.0,0.3056719239610254,0.9519131334022751,0.35172633510926615,accepted,s2
oracle,long_00035_260-4992-7021,s3,coarse_to_fine,0,True,0.0,0.3155174116129792,0.9752513344467367,0.30946283536331304,accepted,s3
oracle,long_00035_260-4992-7021,s1,coarse_to_fine,1,True,0.0,0.3190751864687229,0.9758155494970386,0.3489607756513376,accepted,s1
oracle,long_00035_260-4992-7021,s2,coarse_to_fine,1,True,0.0,0.21230709725172625,0.9551565290965498,0.33122417597191645,accepted,s2
oracle,long_00035_260-4992-7021,s3,coarse_to_fine,1,True,0.0,0.36550049665269235,0.9691931099977077,0.3022417381870575,accepted,s3
real,long_00035_260-4992-7021,s1,gated_deflation,0,True,5.833167744429102e-05,0.2913282761827756,1.0,0.7680188163080417,accepted,SPEAKER_01
real,long_00035_260-4992-7021,s2,gated_deflation,0,True,5.106000774487841e-05,0.347188681831734,0.9932759565483673,0.7621375697072238,accepted,SPEAKER_00
real,long_00035_260-4992-7021,s3,gated_deflation,0,True,5.020453330729153e-05,0.37628967313652173,0.9996290113151549,0.7339211573627206,accepted,SPEAKER_02
real,long_00035_260-4992-7021,s1,coarse_to_fine,0,True,5.833167744429102e-05,0.3248425491260619,1.0,0.35166652333029896,accepted,SPEAKER_01
real,long_00035_260-4992-7021,s2,coarse_to_fine,0,True,5.106000774487841e-05,0.4455313030951771,0.981614855853083,0.3323232755644378,accepted,SPEAKER_00
real,long_00035_260-4992-7021,s3,coarse_to_fine,0,True,5.020453330729153e-05,0.29242869812233685,1.0,0.292852638888961,accepted,SPEAKER_02
real,long_00035_260-4992-7021,s1,coarse_to_fine,1,True,5.833167744429102e-05,0.3415345875788295,1.0,0.32492872816660895,accepted,SPEAKER_01
real,long_00035_260-4992-7021,s2,coarse_to_fine,1,True,5.106000774487841e-05,0.49459236860309413,0.97141684620909,0.3296681774872057,accepted,SPEAKER_00
real,long_00035_260-4992-7021,s3,coarse_to_fine,1,True,5.020453330729153e-05,0.38986208713427634,0.9874833282035498,0.2654367541266062,accepted,SPEAKER_02
real_forced_m,long_00035_260-4992-7021,s1,gated_deflation,0,True,5.833167744429102e-05,0.2913282761827756,1.0,0.7680188163080417,accepted,SPEAKER_01
real_forced_m,long_00035_260-4992-7021,s2,gated_deflation,0,True,5.106000774487841e-05,0.347188681831734,0.9932759565483673,0.7621375697072238,accepted,SPEAKER_00
real_forced_m,long_00035_260-4992-7021,s3,gated_deflation,0,True,5.020453330729153e-05,0.37628967313652173,0.9996290113151549,0.7339211573627206,accepted,SPEAKER_02
real_forced_m,long_00035_260-4992-7021,s1,coarse_to_fine,0,True,5.833167744429102e-05,0.3248425491260619,1.0,0.35166652333029896,accepted,SPEAKER_01
real_forced_m,long_00035_260-4992-7021,s2,coarse_to_fine,0,True,5.106000774487841e-05,0.4455313030951771,0.981614855853083,0.3323232755644378,accepted,SPEAKER_00
real_forced_m,long_00035_260-4992-7021,s3,coarse_to_fine,0,True,5.020453330729153e-05,0.29242869812233685,1.0,0.292852638888961,accepted,SPEAKER_02
real_forced_m,long_00035_260-4992-7021,s1,coarse_to_fine,1,True,5.833167744429102e-05,0.3415345875788295,1.0,0.32492872816660895,accepted,SPEAKER_01
real_forced_m,long_00035_260-4992-7021,s2,coarse_to_fine,1,True,5.106000774487841e-05,0.49459236860309413,0.97141684620909,0.3296681774872057,accepted,SPEAKER_00
real_forced_m,long_00035_260-4992-7021,s3,coarse_to_fine,1,True,5.020453330729153e-05,0.38986208713427634,0.9874833282035498,0.2654367541266062,accepted,SPEAKER_02
real_index_order,long_00035_260-4992-7021,s1,gated_deflation,0,True,5.833167744429102e-05,0.3080687374845834,1.0,0.7690979461784114,accepted,SPEAKER_01
real_index_order,long_00035_260-4992-7021,s2,gated_deflation,0,True,5.106000774487841e-05,0.3461817670096713,0.9814653644070528,0.7639326225207116,accepted,SPEAKER_00
real_index_order,long_00035_260-4992-7021,s3,gated_deflation,0,True,5.020453330729153e-05,0.36679405665144005,0.990440858220491,0.7329741615290635,accepted,SPEAKER_02
real_index_order,long_00035_260-4992-7021,s1,coarse_to_fine,0,True,5.833167744429102e-05,0.3248425491260619,1.0,0.35166652333029896,accepted,SPEAKER_01
real_index_order,long_00035_260-4992-7021,s2,coarse_to_fine,0,True,5.106000774487841e-05,0.4455313030951771,0.981614855853083,0.3323232755644378,accepted,SPEAKER_00
real_index_order,long_00035_260-4992-7021,s3,coarse_to_fine,0,True,5.020453330729153e-05,0.29242869812233685,1.0,0.292852638888961,accepted,SPEAKER_02
real_index_order,long_00035_260-4992-7021,s1,coarse_to_fine,1,True,5.833167744429102e-05,0.3415345875788295,1.0,0.32492872816660895,accepted,SPEAKER_01
real_index_order,long_00035_260-4992-7021,s2,coarse_to_fine,1,True,5.106000774487841e-05,0.49459236860309413,0.97141684620909,0.3296681774872057,accepted,SPEAKER_00
real_index_order,long_00035_260-4992-7021,s3,coarse_to_fine,1,True,5.020453330729153e-05,0.38986208713427634,0.9874833282035498,0.2654367541266062,accepted,SPEAKER_02
oracle,long_00036_908-7176-3575,s1,gated_deflation,0,True,0.0,0.40714841191214957,0.9902104077220547,0.746230712684264,accepted,s1
oracle,long_00036_908-7176-3575,s2,gated_deflation,0,True,0.0,0.164679998181395,0.9006278463102976,0.713505769206989,accepted,s2
oracle,long_00036_908-7176-3575,s3,gated_deflation,0,True,0.0,0.5370690465021554,1.0,0.7394228302173067,accepted,s3
oracle,long_00036_908-7176-3575,s1,coarse_to_fine,0,False,0.0,-0.05688552193861818,0.9902104077220547,0.3725761563609407,margin,s1
oracle,long_00036_908-7176-3575,s2,coarse_to_fine,0,True,0.0,0.2812253262469834,1.0,0.3349418253764535,accepted,s2
oracle,long_00036_908-7176-3575,s3,coarse_to_fine,0,True,0.0,0.5374796158542698,0.9821408169094544,0.45546719828206034,accepted,s3
oracle,long_00036_908-7176-3575,s1,coarse_to_fine,1,False,0.0,-0.11724300249177932,0.9902104077220547,0.3725761563609407,margin,s1
oracle,long_00036_908-7176-3575,s2,coarse_to_fine,1,True,0.0,0.4627343012165729,1.0,0.3731840044417182,accepted,s2
oracle,long_00036_908-7176-3575,s3,coarse_to_fine,1,True,0.0,0.5899278053800894,0.9967295058554698,0.49211023261056047,accepted,s3
real,long_00036_908-7176-3575,s1,gated_deflation,0,True,7.41153183284196e-05,0.3667930632400408,0.990722761596548,0.7635538999952787,accepted,SPEAKER_01
real,long_00036_908-7176-3575,s2,gated_deflation,0,True,0.0,0.2156535021484347,0.990324845235816,0.7230597651258717,accepted,SPEAKER_02
real,long_00036_908-7176-3575,s3,gated_deflation,0,True,3.590636353665889e-05,0.5571378072423142,1.0,0.7646307683826968,accepted,SPEAKER_00
real,long_00036_908-7176-3575,s1,coarse_to_fine,0,False,7.41153183284196e-05,0.0053798102514629464,0.9768793546021268,0.35613381483662276,margin,SPEAKER_01
real,long_00036_908-7176-3575,s2,coarse_to_fine,0,False,0.0,0.06755184920838109,0.9845709570957095,0.2771436569294708,margin,SPEAKER_02
real,long_00036_908-7176-3575,s3,coarse_to_fine,0,True,3.590636353665889e-05,0.5035949382489968,1.0,0.4422646185982075,accepted,SPEAKER_00
real,long_00036_908-7176-3575,s1,coarse_to_fine,1,False,7.41153183284196e-05,0.0053798102514629464,0.9768793546021268,0.35613381483662276,margin,SPEAKER_01
real,long_00036_908-7176-3575,s2,coarse_to_fine,1,False,0.0,0.06755184920838109,0.9845709570957095,0.2771436569294708,margin,SPEAKER_02
real,long_00036_908-7176-3575,s3,coarse_to_fine,1,True,3.590636353665889e-05,0.702111684107594,1.0,0.48733818944231766,accepted,SPEAKER_00
real_forced_m,long_00036_908-7176-3575,s1,gated_deflation,0,True,7.41153183284196e-05,0.3667930632400408,0.990722761596548,0.7635538999952787,accepted,SPEAKER_01
real_forced_m,long_00036_908-7176-3575,s2,gated_deflation,0,True,0.0,0.2156535021484347,0.990324845235816,0.7230597651258717,accepted,SPEAKER_02
real_forced_m,long_00036_908-7176-3575,s3,gated_deflation,0,True,3.590636353665889e-05,0.5571378072423142,1.0,0.7646307683826968,accepted,SPEAKER_00
real_forced_m,long_00036_908-7176-3575,s1,coarse_to_fine,0,False,7.41153183284196e-05,0.0053798102514629464,0.9768793546021268,0.35613381483662276,margin,SPEAKER_01
real_forced_m,long_00036_908-7176-3575,s2,coarse_to_fine,0,False,0.0,0.06755184920838109,0.9845709570957095,0.2771436569294708,margin,SPEAKER_02
real_forced_m,long_00036_908-7176-3575,s3,coarse_to_fine,0,True,3.590636353665889e-05,0.5035949382489968,1.0,0.4422646185982075,accepted,SPEAKER_00
real_forced_m,long_00036_908-7176-3575,s1,coarse_to_fine,1,False,7.41153183284196e-05,0.0053798102514629464,0.9768793546021268,0.35613381483662276,margin,SPEAKER_01
real_forced_m,long_00036_908-7176-3575,s2,coarse_to_fine,1,False,0.0,0.06755184920838109,0.9845709570957095,0.2771436569294708,margin,SPEAKER_02
real_forced_m,long_00036_908-7176-3575,s3,coarse_to_fine,1,True,3.590636353665889e-05,0.702111684107594,1.0,0.48733818944231766,accepted,SPEAKER_00
real_index_order,long_00036_908-7176-3575,s1,gated_deflation,0,True,7.41153183284196e-05,0.3469646576059589,0.9772833513124776,0.7691690069322779,accepted,SPEAKER_01
real_index_order,long_00036_908-7176-3575,s2,gated_deflation,0,True,0.0,0.21342657090459644,0.9368604675899335,0.7269110199667741,accepted,SPEAKER_02
real_index_order,long_00036_908-7176-3575,s3,gated_deflation,0,True,3.590636353665889e-05,0.5384841955722812,1.0,0.7575852156018549,accepted,SPEAKER_00
real_index_order,long_00036_908-7176-3575,s1,coarse_to_fine,0,False,7.41153183284196e-05,0.0053798102514629464,0.9768793546021268,0.35613381483662276,margin,SPEAKER_01
real_index_order,long_00036_908-7176-3575,s2,coarse_to_fine,0,False,0.0,0.06755184920838109,0.9845709570957095,0.2771436569294708,margin,SPEAKER_02
real_index_order,long_00036_908-7176-3575,s3,coarse_to_fine,0,True,3.590636353665889e-05,0.5035949382489968,1.0,0.4422646185982075,accepted,SPEAKER_00
real_index_order,long_00036_908-7176-3575,s1,coarse_to_fine,1,False,7.41153183284196e-05,0.0053798102514629464,0.9768793546021268,0.35613381483662276,margin,SPEAKER_01
real_index_order,long_00036_908-7176-3575,s2,coarse_to_fine,1,False,0.0,0.06755184920838109,0.9845709570957095,0.2771436569294708,margin,SPEAKER_02
real_index_order,long_00036_908-7176-3575,s3,coarse_to_fine,1,True,3.590636353665889e-05,0.702111684107594,1.0,0.48733818944231766,accepted,SPEAKER_00
oracle,long_00037_4970-7176-1580,s1,gated_deflation,0,True,0.0,0.5621402496536053,0.9528432509015972,0.8102145949262157,accepted,s1
oracle,long_00037_4970-7176-1580,s2,gated_deflation,0,True,0.0,0.46833760745921327,0.9453180183651191,0.7585762603653186,accepted,s2
oracle,long_00037_4970-7176-1580,s3,gated_deflation,0,True,0.0,0.46862760705374507,0.9956060315021129,0.8091055647038609,accepted,s3
oracle,long_00037_4970-7176-1580,s1,coarse_to_fine,0,True,0.0,0.29825284101409255,0.9528432509015972,0.5752975591175062,accepted,s1
oracle,long_00037_4970-7176-1580,s2,coarse_to_fine,0,True,0.0,0.6267926659986464,0.9676254962223076,0.4190977997468206,accepted,s2
oracle,long_00037_4970-7176-1580,s3,coarse_to_fine,0,True,0.0,0.33344830097161465,0.9738602894096555,0.5969471451954074,accepted,s3
oracle,long_00037_4970-7176-1580,s1,coarse_to_fine,1,True,0.0,0.29555126718116254,0.9753992787223081,0.6062551157580022,accepted,s1
oracle,long_00037_4970-7176-1580,s2,coarse_to_fine,1,True,0.0,0.5736834063430886,0.9679616468177744,0.4372136895469678,accepted,s2
oracle,long_00037_4970-7176-1580,s3,coarse_to_fine,1,True,0.0,0.34847440023249165,0.9755730567294147,0.6134520535895737,accepted,s3
real,long_00037_4970-7176-1580,s1,gated_deflation,0,True,5.843792909847068e-05,0.49030893532730524,0.9752741568384027,0.8359685866436922,accepted,SPEAKER_02
real,long_00037_4970-7176-1580,s2,gated_deflation,0,True,8.696989129128135e-05,0.49975047527254446,1.0,0.7546173077255626,accepted,SPEAKER_00
real,long_00037_4970-7176-1580,s3,gated_deflation,0,True,4.009773378167564e-05,0.44228286274684253,0.9914772727272727,0.8470767356578367,accepted,SPEAKER_01
real,long_00037_4970-7176-1580,s1,coarse_to_fine,0,True,5.843792909847068e-05,0.3551520498006004,1.0,0.5952235655925928,accepted,SPEAKER_02
real,long_00037_4970-7176-1580,s2,coarse_to_fine,0,True,8.696989129128135e-05,0.5328270166842186,1.0,0.3463908381405478,accepted,SPEAKER_00
real,long_00037_4970-7176-1580,s3,coarse_to_fine,0,True,4.009773378167564e-05,0.2924208960621619,1.0,0.5930974377882943,accepted,SPEAKER_01
real,long_00037_4970-7176-1580,s1,coarse_to_fine,1,True,5.843792909847068e-05,0.4964290517237784,1.0,0.6236088933650132,accepted,SPEAKER_02
real,long_00037_4970-7176-1580,s2,coarse_to_fine,1,True,8.696989129128135e-05,0.6777714734801361,1.0,0.34203817122239644,accepted,SPEAKER_00
real,long_00037_4970-7176-1580,s3,coarse_to_fine,1,True,4.009773378167564e-05,0.4177955651595724,1.0,0.6108541024223139,accepted,SPEAKER_01
real_forced_m,long_00037_4970-7176-1580,s1,gated_deflation,0,True,5.843792909847068e-05,0.49030893532730524,0.9752741568384027,0.8359685866436922,accepted,SPEAKER_02
real_forced_m,long_00037_4970-7176-1580,s2,gated_deflation,0,True,8.696989129128135e-05,0.49975047527254446,1.0,0.7546173077255626,accepted,SPEAKER_00
real_forced_m,long_00037_4970-7176-1580,s3,gated_deflation,0,True,4.009773378167564e-05,0.44228286274684253,0.9914772727272727,0.8470767356578367,accepted,SPEAKER_01
real_forced_m,long_00037_4970-7176-1580,s1,coarse_to_fine,0,True,5.843792909847068e-05,0.3551520498006004,1.0,0.5952235655925928,accepted,SPEAKER_02
real_forced_m,long_00037_4970-7176-1580,s2,coarse_to_fine,0,True,8.696989129128135e-05,0.5328270166842186,1.0,0.3463908381405478,accepted,SPEAKER_00
real_forced_m,long_00037_4970-7176-1580,s3,coarse_to_fine,0,True,4.009773378167564e-05,0.2924208960621619,1.0,0.5930974377882943,accepted,SPEAKER_01
real_forced_m,long_00037_4970-7176-1580,s1,coarse_to_fine,1,True,5.843792909847068e-05,0.4964290517237784,1.0,0.6236088933650132,accepted,SPEAKER_02
real_forced_m,long_00037_4970-7176-1580,s2,coarse_to_fine,1,True,8.696989129128135e-05,0.6777714734801361,1.0,0.34203817122239644,accepted,SPEAKER_00
real_forced_m,long_00037_4970-7176-1580,s3,coarse_to_fine,1,True,4.009773378167564e-05,0.4177955651595724,1.0,0.6108541024223139,accepted,SPEAKER_01
real_index_order,long_00037_4970-7176-1580,s1,gated_deflation,0,True,5.843792909847068e-05,0.4976802763375602,0.9710842127043244,0.8351959954059099,accepted,SPEAKER_02
real_index_order,long_00037_4970-7176-1580,s2,gated_deflation,0,True,8.696989129128135e-05,0.5115942028833441,0.9970384241919823,0.7486778174583317,accepted,SPEAKER_00
real_index_order,long_00037_4970-7176-1580,s3,gated_deflation,0,True,4.009773378167564e-05,0.44295652459289314,0.9971590909090909,0.84723307861032,accepted,SPEAKER_01
real_index_order,long_00037_4970-7176-1580,s1,coarse_to_fine,0,True,5.843792909847068e-05,0.3551520498006004,1.0,0.5952235655925928,accepted,SPEAKER_02
real_index_order,long_00037_4970-7176-1580,s2,coarse_to_fine,0,True,8.696989129128135e-05,0.5328270166842186,1.0,0.3463908381405478,accepted,SPEAKER_00
real_index_order,long_00037_4970-7176-1580,s3,coarse_to_fine,0,True,4.009773378167564e-05,0.2924208960621619,1.0,0.5930974377882943,accepted,SPEAKER_01
real_index_order,long_00037_4970-7176-1580,s1,coarse_to_fine,1,True,5.843792909847068e-05,0.4964290517237784,1.0,0.6236088933650132,accepted,SPEAKER_02
real_index_order,long_00037_4970-7176-1580,s2,coarse_to_fine,1,True,8.696989129128135e-05,0.6777714734801361,1.0,0.34203817122239644,accepted,SPEAKER_00
real_index_order,long_00037_4970-7176-1580,s3,coarse_to_fine,1,True,4.009773378167564e-05,0.4177955651595724,1.0,0.6108541024223139,accepted,SPEAKER_01
oracle,long_00038_6829-8224-5639,s1,gated_deflation,0,True,0.0,0.30297593042640547,1.0,0.8151013878336612,accepted,s1
oracle,long_00038_6829-8224-5639,s2,gated_deflation,0,True,0.0,0.5370760710629754,0.9897313432835821,0.7002353347096927,accepted,s2
oracle,long_00038_6829-8224-5639,s3,gated_deflation,0,True,0.0,0.46071807276578064,1.0,0.7114975521635312,accepted,s3
oracle,long_00038_6829-8224-5639,s1,coarse_to_fine,0,True,0.0,0.5573260333517012,1.0,0.45842943326636143,accepted,s1
oracle,long_00038_6829-8224-5639,s2,coarse_to_fine,0,True,0.0,0.5705552497002846,1.0,0.33035873151867445,accepted,s2
oracle,long_00038_6829-8224-5639,s3,coarse_to_fine,0,False,0.0,-0.4847231461572666,1.0,0.35674406482578214,margin,s3
oracle,long_00038_6829-8224-5639,s1,coarse_to_fine,1,True,0.0,0.65979144498141,1.0,0.5065213749190397,accepted,s1
oracle,long_00038_6829-8224-5639,s2,coarse_to_fine,1,True,0.0,0.6722351434643161,1.0,0.3388496475994817,accepted,s2
oracle,long_00038_6829-8224-5639,s3,coarse_to_fine,1,False,0.0,-0.5723584484942035,1.0,0.35674406482578214,margin,s3
real,long_00038_6829-8224-5639,s1,gated_deflation,0,True,2.7517572432107562e-05,0.3008393133327281,0.9971890745160434,0.8209933020395225,accepted,SPEAKER_00
real,long_00038_6829-8224-5639,s2,gated_deflation,0,True,5.3938623382504834e-05,0.47161843014925775,0.9998168060533652,0.7169748545583327,accepted,SPEAKER_01
real,long_00038_6829-8224-5639,s3,gated_deflation,0,True,4.295294144390086e-05,0.3761547194849627,1.0,0.7379191965139259,accepted,SPEAKER_02
real,long_00038_6829-8224-5639,s1,coarse_to_fine,0,True,2.7517572432107562e-05,0.33536197312462795,1.0,0.4516183092940972,accepted,SPEAKER_00
real,long_00038_6829-8224-5639,s2,coarse_to_fine,0,True,5.3938623382504834e-05,0.5424963001984204,1.0,0.3400481280116279,accepted,SPEAKER_01
real,long_00038_6829-8224-5639,s3,coarse_to_fine,0,False,4.295294144390086e-05,-0.5121282962792573,1.0,0.3618147999757592,margin,SPEAKER_02
real,long_00038_6829-8224-5639,s1,coarse_to_fine,1,True,2.7517572432107562e-05,0.5308282352140522,1.0,0.473655480721478,accepted,SPEAKER_00
real,long_00038_6829-8224-5639,s2,coarse_to_fine,1,True,5.3938623382504834e-05,0.6391485971279527,1.0,0.33884557153255634,accepted,SPEAKER_01
real,long_00038_6829-8224-5639,s3,coarse_to_fine,1,False,4.295294144390086e-05,-0.6102286849425123,1.0,0.3618147999757592,margin,SPEAKER_02
real_forced_m,long_00038_6829-8224-5639,s1,gated_deflation,0,True,2.7517572432107562e-05,0.3008393133327281,0.9971890745160434,0.8209933020395225,accepted,SPEAKER_00
real_forced_m,long_00038_6829-8224-5639,s2,gated_deflation,0,True,5.3938623382504834e-05,0.47161843014925775,0.9998168060533652,0.7169748545583327,accepted,SPEAKER_01
real_forced_m,long_00038_6829-8224-5639,s3,gated_deflation,0,True,4.295294144390086e-05,0.3761547194849627,1.0,0.7379191965139259,accepted,SPEAKER_02
real_forced_m,long_00038_6829-8224-5639,s1,coarse_to_fine,0,True,2.7517572432107562e-05,0.33536197312462795,1.0,0.4516183092940972,accepted,SPEAKER_00
real_forced_m,long_00038_6829-8224-5639,s2,coarse_to_fine,0,True,5.3938623382504834e-05,0.5424963001984204,1.0,0.3400481280116279,accepted,SPEAKER_01
real_forced_m,long_00038_6829-8224-5639,s3,coarse_to_fine,0,False,4.295294144390086e-05,-0.5121282962792573,1.0,0.3618147999757592,margin,SPEAKER_02
real_forced_m,long_00038_6829-8224-5639,s1,coarse_to_fine,1,True,2.7517572432107562e-05,0.5308282352140522,1.0,0.473655480721478,accepted,SPEAKER_00
real_forced_m,long_00038_6829-8224-5639,s2,coarse_to_fine,1,True,5.3938623382504834e-05,0.6391485971279527,1.0,0.33884557153255634,accepted,SPEAKER_01
real_forced_m,long_00038_6829-8224-5639,s3,coarse_to_fine,1,False,4.295294144390086e-05,-0.6102286849425123,1.0,0.3618147999757592,margin,SPEAKER_02
real_index_order,long_00038_6829-8224-5639,s1,gated_deflation,0,True,2.7517572432107562e-05,0.3008393133327281,0.9971890745160434,0.8209933020395225,accepted,SPEAKER_00
real_index_order,long_00038_6829-8224-5639,s2,gated_deflation,0,True,5.3938623382504834e-05,0.515285200631969,0.9935404221425727,0.7177857455522935,accepted,SPEAKER_01
real_index_order,long_00038_6829-8224-5639,s3,gated_deflation,0,True,4.295294144390086e-05,0.42155342782527855,1.0,0.7381523182041392,accepted,SPEAKER_02
real_index_order,long_00038_6829-8224-5639,s1,coarse_to_fine,0,True,2.7517572432107562e-05,0.33536197312462795,1.0,0.4516183092940972,accepted,SPEAKER_00
real_index_order,long_00038_6829-8224-5639,s2,coarse_to_fine,0,True,5.3938623382504834e-05,0.5424963001984204,1.0,0.3400481280116279,accepted,SPEAKER_01
real_index_order,long_00038_6829-8224-5639,s3,coarse_to_fine,0,False,4.295294144390086e-05,-0.5121282962792573,1.0,0.3618147999757592,margin,SPEAKER_02
real_index_order,long_00038_6829-8224-5639,s1,coarse_to_fine,1,True,2.7517572432107562e-05,0.5308282352140522,1.0,0.473655480721478,accepted,SPEAKER_00
real_index_order,long_00038_6829-8224-5639,s2,coarse_to_fine,1,True,5.3938623382504834e-05,0.6391485971279527,1.0,0.33884557153255634,accepted,SPEAKER_01
real_index_order,long_00038_6829-8224-5639,s3,coarse_to_fine,1,False,4.295294144390086e-05,-0.6102286849425123,1.0,0.3618147999757592,margin,SPEAKER_02
oracle,long_00039_2961-4992-61,s1,gated_deflation,0,True,0.0,0.48459619542170557,0.9219912945241893,0.7845273954500429,accepted,s1
oracle,long_00039_2961-4992-61,s2,gated_deflation,0,True,0.0,0.30454700732501266,0.9212675570604465,0.7025662688593176,accepted,s2
oracle,long_00039_2961-4992-61,s3,gated_deflation,0,True,0.0,0.4472792697106615,1.0,0.7381138014313015,accepted,s3
oracle,long_00039_2961-4992-61,s1,coarse_to_fine,0,False,0.0,-0.026561206720792763,0.9219912945241893,0.34437742542267247,margin,s1
oracle,long_00039_2961-4992-61,s2,coarse_to_fine,0,True,0.0,0.2534294343691078,0.9874688390313391,0.43866038638439847,accepted,s2
oracle,long_00039_2961-4992-61,s3,coarse_to_fine,0,True,0.0,0.5617370310977559,1.0,0.4390448981658672,accepted,s3
oracle,long_00039_2961-4992-61,s1,coarse_to_fine,1,False,0.0,-0.11907500738600951,0.9219912945241893,0.34437742542267247,margin,s1
oracle,long_00039_2961-4992-61,s2,coarse_to_fine,1,True,0.0,0.274964507564163,0.9780315170940171,0.4588378062435572,accepted,s2
oracle,long_00039_2961-4992-61,s3,coarse_to_fine,1,True,0.0,0.5193478211424511,1.0,0.4394082369105032,accepted,s3
real,long_00039_2961-4992-61,s1,gated_deflation,0,True,4.6037547596308054e-05,0.528355230297622,0.9680150196279228,0.8055189081313199,accepted,SPEAKER_01
real,long_00039_2961-4992-61,s2,gated_deflation,0,True,3.964796757981081e-05,0.3923833439742372,0.9831762146482959,0.7346038435807745,accepted,SPEAKER_00
real,long_00039_2961-4992-61,s3,gated_deflation,0,True,6.314866142126426e-05,0.447694920540185,1.0,0.7665396771967427,accepted,SPEAKER_02
real,long_00039_2961-4992-61,s1,coarse_to_fine,0,False,4.6037547596308054e-05,-0.30261005486067366,0.979059829059829,0.3674122019643804,margin,SPEAKER_01
real,long_00039_2961-4992-61,s2,coarse_to_fine,0,True,3.964796757981081e-05,0.2485981167666661,1.0,0.4533096279714303,accepted,SPEAKER_00
real,long_00039_2961-4992-61,s3,coarse_to_fine,0,True,6.314866142126426e-05,0.5926958821612814,1.0,0.39780255329567465,accepted,SPEAKER_02
real,long_00039_2961-4992-61,s1,coarse_to_fine,1,False,4.6037547596308054e-05,-0.3760749698458378,0.979059829059829,0.3674122019643804,margin,SPEAKER_01
real,long_00039_2961-4992-61,s2,coarse_to_fine,1,True,3.964796757981081e-05,0.3351381872386916,1.0,0.4716917006595279,accepted,SPEAKER_00
real,long_00039_2961-4992-61,s3,coarse_to_fine,1,True,6.314866142126426e-05,0.5634461910016747,1.0,0.4010021586719342,accepted,SPEAKER_02
real_forced_m,long_00039_2961-4992-61,s1,gated_deflation,0,True,4.6037547596308054e-05,0.528355230297622,0.9680150196279228,0.8055189081313199,accepted,SPEAKER_01
real_forced_m,long_00039_2961-4992-61,s2,gated_deflation,0,True,3.964796757981081e-05,0.3923833439742372,0.9831762146482959,0.7346038435807745,accepted,SPEAKER_00
real_forced_m,long_00039_2961-4992-61,s3,gated_deflation,0,True,6.314866142126426e-05,0.447694920540185,1.0,0.7665396771967427,accepted,SPEAKER_02
real_forced_m,long_00039_2961-4992-61,s1,coarse_to_fine,0,False,4.6037547596308054e-05,-0.30261005486067366,0.979059829059829,0.3674122019643804,margin,SPEAKER_01
real_forced_m,long_00039_2961-4992-61,s2,coarse_to_fine,0,True,3.964796757981081e-05,0.2485981167666661,1.0,0.4533096279714303,accepted,SPEAKER_00
real_forced_m,long_00039_2961-4992-61,s3,coarse_to_fine,0,True,6.314866142126426e-05,0.5926958821612814,1.0,0.39780255329567465,accepted,SPEAKER_02
real_forced_m,long_00039_2961-4992-61,s1,coarse_to_fine,1,False,4.6037547596308054e-05,-0.3760749698458378,0.979059829059829,0.3674122019643804,margin,SPEAKER_01
real_forced_m,long_00039_2961-4992-61,s2,coarse_to_fine,1,True,3.964796757981081e-05,0.3351381872386916,1.0,0.4716917006595279,accepted,SPEAKER_00
real_forced_m,long_00039_2961-4992-61,s3,coarse_to_fine,1,True,6.314866142126426e-05,0.5634461910016747,1.0,0.4010021586719342,accepted,SPEAKER_02
real_index_order,long_00039_2961-4992-61,s1,gated_deflation,0,True,4.6037547596308054e-05,0.492151889767758,0.9599704158843944,0.8057006090182331,accepted,SPEAKER_01
real_index_order,long_00039_2961-4992-61,s2,gated_deflation,0,True,3.964796757981081e-05,0.3390203662004029,0.95357881449252,0.7269783083921235,accepted,SPEAKER_00
real_index_order,long_00039_2961-4992-61,s3,gated_deflation,0,True,6.314866142126426e-05,0.44635323949632455,1.0,0.764475523085132,accepted,SPEAKER_02
real_index_order,long_00039_2961-4992-61,s1,coarse_to_fine,0,False,4.6037547596308054e-05,-0.30261005486067366,0.979059829059829,0.3674122019643804,margin,SPEAKER_01
real_index_order,long_00039_2961-4992-61,s2,coarse_to_fine,0,True,3.964796757981081e-05,0.2485981167666661,1.0,0.4533096279714303,accepted,SPEAKER_00
real_index_order,long_00039_2961-4992-61,s3,coarse_to_fine,0,True,6.314866142126426e-05,0.5926958821612814,1.0,0.39780255329567465,accepted,SPEAKER_02
real_index_order,long_00039_2961-4992-61,s1,coarse_to_fine,1,False,4.6037547596308054e-05,-0.3760749698458378,0.979059829059829,0.3674122019643804,margin,SPEAKER_01
real_index_order,long_00039_2961-4992-61,s2,coarse_to_fine,1,True,3.964796757981081e-05,0.3351381872386916,1.0,0.4716917006595279,accepted,SPEAKER_00
real_index_order,long_00039_2961-4992-61,s3,coarse_to_fine,1,True,6.314866142126426e-05,0.5634461910016747,1.0,0.4010021586719342,accepted,SPEAKER_02
oracle,long_00040_8463-2300-2094,s1,gated_deflation,0,True,0.0,0.6649732275488106,0.9704686162155042,0.7424757332924857,accepted,s1
oracle,long_00040_8463-2300-2094,s2,gated_deflation,0,True,0.0,0.4488965835645375,0.9941921517310457,0.7001688443458696,accepted,s2
oracle,long_00040_8463-2300-2094,s3,gated_deflation,0,True,0.0,0.45091516772930135,1.0,0.711469824412936,accepted,s3
oracle,long_00040_8463-2300-2094,s1,coarse_to_fine,0,False,0.0,0.05750329739245574,0.9704686162155042,0.42245635286551114,margin,s1
oracle,long_00040_8463-2300-2094,s2,coarse_to_fine,0,True,0.0,0.2539699674264464,1.0,0.21490383737573926,accepted,s2
oracle,long_00040_8463-2300-2094,s3,coarse_to_fine,0,True,0.0,0.29548524095130246,1.0,0.3855232235084239,accepted,s3
oracle,long_00040_8463-2300-2094,s1,coarse_to_fine,1,False,0.0,-0.03551566527163219,0.9704686162155042,0.42245635286551114,margin,s1
oracle,long_00040_8463-2300-2094,s2,coarse_to_fine,1,True,0.0,0.3416931671601541,1.0,0.19281088085266115,accepted,s2
oracle,long_00040_8463-2300-2094,s3,coarse_to_fine,1,True,0.0,0.2578888676711337,1.0,0.35976541428735914,accepted,s3
real,long_00040_8463-2300-2094,s1,gated_deflation,0,True,7.486508915125731e-05,0.6624417276116148,0.9979166666666667,0.7691003985304451,accepted,SPEAKER_01
real,long_00040_8463-2300-2094,s2,gated_deflation,0,True,4.5603304225089805e-05,0.46944662850435664,0.9845239047542863,0.7086677993600233,accepted,SPEAKER_00
real,long_00040_8463-2300-2094,s3,gated_deflation,0,True,4.049405994703795e-05,0.4984462912220033,1.0,0.7680119428678128,accepted,SPEAKER_02
real,long_00040_8463-2300-2094,s1,coarse_to_fine,0,True,7.486508915125731e-05,0.34256465192957514,0.9793381759483455,0.4614867463304992,accepted,SPEAKER_01
real,long_00040_8463-2300-2094,s2,coarse_to_fine,0,True,4.5603304225089805e-05,0.28141676840504726,1.0,0.22290493376755985,accepted,SPEAKER_00
real,long_00040_8463-2300-2094,s3,coarse_to_fine,0,True,4.049405994703795e-05,0.3426074851481932,1.0,0.349562351799538,accepted,SPEAKER_02
real,long_00040_8463-2300-2094,s1,coarse_to_fine,1,True,7.486508915125731e-05,0.47833758507538054,0.9710877948166083,0.4520662808337203,accepted,SPEAKER_01
real,long_00040_8463-2300-2094,s2,coarse_to_fine,1,True,4.5603304225089805e-05,0.39961505531249764,1.0,0.19245081628795796,accepted,SPEAKER_00
real,long_00040_8463-2300-2094,s3,coarse_to_fine,1,True,4.049405994703795e-05,0.3629847291013829,1.0,0.35986530408499945,accepted,SPEAKER_02
real_forced_m,long_00040_8463-2300-2094,s1,gated_deflation,0,True,7.486508915125731e-05,0.6624417276116148,0.9979166666666667,0.7691003985304451,accepted,SPEAKER_01
real_forced_m,long_00040_8463-2300-2094,s2,gated_deflation,0,True,4.5603304225089805e-05,0.46944662850435664,0.9845239047542863,0.7086677993600233,accepted,SPEAKER_00
real_forced_m,long_00040_8463-2300-2094,s3,gated_deflation,0,True,4.049405994703795e-05,0.4984462912220033,1.0,0.7680119428678128,accepted,SPEAKER_02
real_forced_m,long_00040_8463-2300-2094,s1,coarse_to_fine,0,True,7.486508915125731e-05,0.34256465192957514,0.9793381759483455,0.4614867463304992,accepted,SPEAKER_01
real_forced_m,long_00040_8463-2300-2094,s2,coarse_to_fine,0,True,4.5603304225089805e-05,0.28141676840504726,1.0,0.22290493376755985,accepted,SPEAKER_00
real_forced_m,long_00040_8463-2300-2094,s3,coarse_to_fine,0,True,4.049405994703795e-05,0.3426074851481932,1.0,0.349562351799538,accepted,SPEAKER_02
real_forced_m,long_00040_8463-2300-2094,s1,coarse_to_fine,1,True,7.486508915125731e-05,0.47833758507538054,0.9710877948166083,0.4520662808337203,accepted,SPEAKER_01
real_forced_m,long_00040_8463-2300-2094,s2,coarse_to_fine,1,True,4.5603304225089805e-05,0.39961505531249764,1.0,0.19245081628795796,accepted,SPEAKER_00
real_forced_m,long_00040_8463-2300-2094,s3,coarse_to_fine,1,True,4.049405994703795e-05,0.3629847291013829,1.0,0.35986530408499945,accepted,SPEAKER_02
real_index_order,long_00040_8463-2300-2094,s1,gated_deflation,0,True,7.486508915125731e-05,0.6917650701125866,0.985163139329806,0.7750544614533906,accepted,SPEAKER_01
real_index_order,long_00040_8463-2300-2094,s2,gated_deflation,0,True,4.5603304225089805e-05,0.4554876406600259,0.9990614084206597,0.7095959052665332,accepted,SPEAKER_00
real_index_order,long_00040_8463-2300-2094,s3,gated_deflation,0,True,4.049405994703795e-05,0.4692582287818053,0.9993801332713467,0.7615185288559428,accepted,SPEAKER_02
real_index_order,long_00040_8463-2300-2094,s1,coarse_to_fine,0,True,7.486508915125731e-05,0.34256465192957514,0.9793381759483455,0.4614867463304992,accepted,SPEAKER_01
real_index_order,long_00040_8463-2300-2094,s2,coarse_to_fine,0,True,4.5603304225089805e-05,0.28141676840504726,1.0,0.22290493376755985,accepted,SPEAKER_00
real_index_order,long_00040_8463-2300-2094,s3,coarse_to_fine,0,True,4.049405994703795e-05,0.3426074851481932,1.0,0.349562351799538,accepted,SPEAKER_02
real_index_order,long_00040_8463-2300-2094,s1,coarse_to_fine,1,True,7.486508915125731e-05,0.47833758507538054,0.9710877948166083,0.4520662808337203,accepted,SPEAKER_01
real_index_order,long_00040_8463-2300-2094,s2,coarse_to_fine,1,True,4.5603304225089805e-05,0.39961505531249764,1.0,0.19245081628795796,accepted,SPEAKER_00
real_index_order,long_00040_8463-2300-2094,s3,coarse_to_fine,1,True,4.049405994703795e-05,0.3629847291013829,1.0,0.35986530408499945,accepted,SPEAKER_02
oracle,long_00041_1089-5142-6829,s1,gated_deflation,0,True,0.0,0.6073294315027573,1.0,0.743874595734165,accepted,s1
oracle,long_00041_1089-5142-6829,s2,gated_deflation,0,True,0.0,0.3654690846898285,0.9627046614177425,0.7727647356896121,accepted,s2
oracle,long_00041_1089-5142-6829,s3,gated_deflation,0,True,0.0,0.36608761413025953,0.9646644082734308,0.7835597655623249,accepted,s3
oracle,long_00041_1089-5142-6829,s1,coarse_to_fine,0,True,0.0,0.4710774904079864,1.0,0.5015525450967186,accepted,s1
oracle,long_00041_1089-5142-6829,s2,coarse_to_fine,0,True,0.0,0.414299120521888,0.9969487020694638,0.5873563118092745,accepted,s2
oracle,long_00041_1089-5142-6829,s3,coarse_to_fine,0,True,0.0,0.16452131603472941,0.9575725026852846,0.40456648577356796,accepted,s3
oracle,long_00041_1089-5142-6829,s1,coarse_to_fine,1,True,0.0,0.5042833143724573,1.0,0.5081956220434232,accepted,s1
oracle,long_00041_1089-5142-6829,s2,coarse_to_fine,1,True,0.0,0.384638914896517,1.0,0.595957497571469,accepted,s2
oracle,long_00041_1089-5142-6829,s3,coarse_to_fine,1,True,0.0,0.23398559777687444,0.9603954942300807,0.4178217248967882,accepted,s3
real,long_00041_1089-5142-6829,s1,gated_deflation,0,True,0.00011529855406840747,0.5416108581121243,1.0,0.7449217956675132,accepted,SPEAKER_00
real,long_00041_1089-5142-6829,s2,gated_deflation,0,True,0.00021218824272169616,0.35354889491193897,0.9893177809844477,0.7859830306182861,accepted,SPEAKER_01
real,long_00041_1089-5142-6829,s3,gated_deflation,0,True,4.875324547038826e-05,0.4300048944351108,0.9676506609231809,0.7890571401773431,accepted,SPEAKER_02
real,long_00041_1089-5142-6829,s1,coarse_to_fine,0,True,0.00011529855406840747,0.3812350664015191,1.0,0.5020733932603544,accepted,SPEAKER_00
real,long_00041_1089-5142-6829,s2,coarse_to_fine,0,True,0.00021218824272169616,0.3209995712652705,1.0,0.6033900102145818,accepted,SPEAKER_01
real,long_00041_1089-5142-6829,s3,coarse_to_fine,0,True,4.875324547038826e-05,0.33924441214183604,0.9900515402133525,0.4056455400508164,accepted,SPEAKER_02
real,long_00041_1089-5142-6829,s1,coarse_to_fine,1,True,0.00011529855406840747,0.5069229070104766,1.0,0.5094275575301385,accepted,SPEAKER_00
real,long_00041_1089-5142-6829,s2,coarse_to_fine,1,True,0.00021218824272169616,0.3896743157934438,1.0,0.6161362313167063,accepted,SPEAKER_01
real,long_00041_1089-5142-6829,s3,coarse_to_fine,1,True,4.875324547038826e-05,0.3308688441320653,1.0,0.42946811567525234,accepted,SPEAKER_02
real_forced_m,long_00041_1089-5142-6829,s1,gated_deflation,0,True,0.00011529855406840747,0.5416108581121243,1.0,0.7449217956675132,accepted,SPEAKER_00
real_forced_m,long_00041_1089-5142-6829,s2,gated_deflation,0,True,0.00021218824272169616,0.35354889491193897,0.9893177809844477,0.7859830306182861,accepted,SPEAKER_01
real_forced_m,long_00041_1089-5142-6829,s3,gated_deflation,0,True,4.875324547038826e-05,0.4300048944351108,0.9676506609231809,0.7890571401773431,accepted,SPEAKER_02
real_forced_m,long_00041_1089-5142-6829,s1,coarse_to_fine,0,True,0.00011529855406840747,0.3812350664015191,1.0,0.5020733932603544,accepted,SPEAKER_00
real_forced_m,long_00041_1089-5142-6829,s2,coarse_to_fine,0,True,0.00021218824272169616,0.3209995712652705,1.0,0.6033900102145818,accepted,SPEAKER_01
real_forced_m,long_00041_1089-5142-6829,s3,coarse_to_fine,0,True,4.875324547038826e-05,0.33924441214183604,0.9900515402133525,0.4056455400508164,accepted,SPEAKER_02
real_forced_m,long_00041_1089-5142-6829,s1,coarse_to_fine,1,True,0.00011529855406840747,0.5069229070104766,1.0,0.5094275575301385,accepted,SPEAKER_00
real_forced_m,long_00041_1089-5142-6829,s2,coarse_to_fine,1,True,0.00021218824272169616,0.3896743157934438,1.0,0.6161362313167063,accepted,SPEAKER_01
real_forced_m,long_00041_1089-5142-6829,s3,coarse_to_fine,1,True,4.875324547038826e-05,0.3308688441320653,1.0,0.42946811567525234,accepted,SPEAKER_02
real_index_order,long_00041_1089-5142-6829,s1,gated_deflation,0,True,0.00011529855406840747,0.5520448078531766,1.0,0.749545846452576,accepted,SPEAKER_00
real_index_order,long_00041_1089-5142-6829,s2,gated_deflation,0,True,0.00021218824272169616,0.32670735601349976,0.9698532948532949,0.782813177802755,accepted,SPEAKER_01
real_index_order,long_00041_1089-5142-6829,s3,gated_deflation,0,True,4.875324547038826e-05,0.3826397109256465,0.9664681785548376,0.7884031784529616,accepted,SPEAKER_02
real_index_order,long_00041_1089-5142-6829,s1,coarse_to_fine,0,True,0.00011529855406840747,0.3812350664015191,1.0,0.5020733932603544,accepted,SPEAKER_00
real_index_order,long_00041_1089-5142-6829,s2,coarse_to_fine,0,True,0.00021218824272169616,0.3209995712652705,1.0,0.6033900102145818,accepted,SPEAKER_01
real_index_order,long_00041_1089-5142-6829,s3,coarse_to_fine,0,True,4.875324547038826e-05,0.33924441214183604,0.9900515402133525,0.4056455400508164,accepted,SPEAKER_02
real_index_order,long_00041_1089-5142-6829,s1,coarse_to_fine,1,True,0.00011529855406840747,0.5069229070104766,1.0,0.5094275575301385,accepted,SPEAKER_00
real_index_order,long_00041_1089-5142-6829,s2,coarse_to_fine,1,True,0.00021218824272169616,0.3896743157934438,1.0,0.6161362313167063,accepted,SPEAKER_01
real_index_order,long_00041_1089-5142-6829,s3,coarse_to_fine,1,True,4.875324547038826e-05,0.3308688441320653,1.0,0.42946811567525234,accepted,SPEAKER_02
oracle,long_00042_1320-7176-8555,s1,gated_deflation,0,True,0.0,0.44704164628478615,1.0,0.7189745008626515,accepted,s1
oracle,long_00042_1320-7176-8555,s2,gated_deflation,0,True,0.0,0.3137923694307826,0.9525686632695575,0.7190707883353564,accepted,s2
oracle,long_00042_1320-7176-8555,s3,gated_deflation,0,True,0.0,0.5406803127210669,0.9697985505858315,0.7177326594902409,accepted,s3
oracle,long_00042_1320-7176-8555,s1,coarse_to_fine,0,False,0.0,0.0015202194663828106,1.0,0.28944142056707556,margin,s1
oracle,long_00042_1320-7176-8555,s2,coarse_to_fine,0,True,0.0,0.4250476615842531,0.9551447817897392,0.380529614159927,accepted,s2
oracle,long_00042_1320-7176-8555,s3,coarse_to_fine,0,True,0.0,0.11935708047429033,0.9345449031063435,0.265513652340426,accepted,s3
oracle,long_00042_1320-7176-8555,s1,coarse_to_fine,1,False,0.0,-0.07643787844856686,1.0,0.28944142056707556,margin,s1
oracle,long_00042_1320-7176-8555,s2,coarse_to_fine,1,True,0.0,0.45091966727291527,0.9475864380806436,0.38649307259834165,accepted,s2
oracle,long_00042_1320-7176-8555,s3,coarse_to_fine,1,True,0.0,0.2424957272393542,0.9385435622386106,0.2639329590741678,accepted,s3
real,long_00042_1320-7176-8555,s1,gated_deflation,0,True,0.00010247653715136642,0.46606924264681016,0.997262072198781,0.6832011971688454,accepted,SPEAKER_01
real,long_00042_1320-7176-8555,s2,gated_deflation,0,True,8.34400690005565e-05,0.3356965622534936,0.9979435096761154,0.7321011338887833,accepted,SPEAKER_02
real,long_00042_1320-7176-8555,s3,gated_deflation,0,True,5.669631330459295e-05,0.5763894956590958,0.9821182586094866,0.784603453601702,accepted,SPEAKER_00
real,long_00042_1320-7176-8555,s1,coarse_to_fine,0,True,0.00010247653715136642,0.16161319409457475,1.0,0.2993025558603341,accepted,SPEAKER_01
real,long_00042_1320-7176-8555,s2,coarse_to_fine,0,False,8.34400690005565e-05,-0.1681485439024889,1.0,0.3539883774246255,margin,SPEAKER_02
real,long_00042_1320-7176-8555,s3,coarse_to_fine,0,True,5.669631330459295e-05,0.13679875229471372,0.9664717348927875,0.21604164273837742,accepted,SPEAKER_00
real,long_00042_1320-7176-8555,s1,coarse_to_fine,1,True,0.00010247653715136642,0.38426958023582114,1.0,0.30017852517718496,accepted,SPEAKER_01
real,long_00042_1320-7176-8555,s2,coarse_to_fine,1,False,8.34400690005565e-05,-0.33914609891601744,1.0,0.3539883774246255,margin,SPEAKER_02
real,long_00042_1320-7176-8555,s3,coarse_to_fine,1,True,5.669631330459295e-05,0.2215607448944545,0.9666179337231969,0.20302129959258458,accepted,SPEAKER_00
real_forced_m,long_00042_1320-7176-8555,s1,gated_deflation,0,True,0.00010247653715136642,0.46606924264681016,0.997262072198781,0.6832011971688454,accepted,SPEAKER_01
real_forced_m,long_00042_1320-7176-8555,s2,gated_deflation,0,True,8.34400690005565e-05,0.3356965622534936,0.9979435096761154,0.7321011338887833,accepted,SPEAKER_02
real_forced_m,long_00042_1320-7176-8555,s3,gated_deflation,0,True,5.669631330459295e-05,0.5763894956590958,0.9821182586094866,0.784603453601702,accepted,SPEAKER_00
real_forced_m,long_00042_1320-7176-8555,s1,coarse_to_fine,0,True,0.00010247653715136642,0.16161319409457475,1.0,0.2993025558603341,accepted,SPEAKER_01
real_forced_m,long_00042_1320-7176-8555,s2,coarse_to_fine,0,False,8.34400690005565e-05,-0.1681485439024889,1.0,0.3539883774246255,margin,SPEAKER_02
real_forced_m,long_00042_1320-7176-8555,s3,coarse_to_fine,0,True,5.669631330459295e-05,0.13679875229471372,0.9664717348927875,0.21604164273837742,accepted,SPEAKER_00
real_forced_m,long_00042_1320-7176-8555,s1,coarse_to_fine,1,True,0.00010247653715136642,0.38426958023582114,1.0,0.30017852517718496,accepted,SPEAKER_01
real_forced_m,long_00042_1320-7176-8555,s2,coarse_to_fine,1,False,8.34400690005565e-05,-0.33914609891601744,1.0,0.3539883774246255,margin,SPEAKER_02
real_forced_m,long_00042_1320-7176-8555,s3,coarse_to_fine,1,True,5.669631330459295e-05,0.2215607448944545,0.9666179337231969,0.20302129959258458,accepted,SPEAKER_00
real_index_order,long_00042_1320-7176-8555,s1,gated_deflation,0,True,0.00010247653715136642,0.4303361194280549,0.9972870761056415,0.6884806642001097,accepted,SPEAKER_01
real_index_order,long_00042_1320-7176-8555,s2,gated_deflation,0,True,8.34400690005565e-05,0.3137620653237401,0.9945480268809055,0.7328021433442081,accepted,SPEAKER_02
real_index_order,long_00042_1320-7176-8555,s3,gated_deflation,0,True,5.669631330459295e-05,0.5817832711783244,0.9825860948667966,0.7859546968071739,accepted,SPEAKER_00
real_index_order,long_00042_1320-7176-8555,s1,coarse_to_fine,0,True,0.00010247653715136642,0.16161319409457475,1.0,0.2993025558603341,accepted,SPEAKER_01
real_index_order,long_00042_1320-7176-8555,s2,coarse_to_fine,0,False,8.34400690005565e-05,-0.1681485439024889,1.0,0.3539883774246255,margin,SPEAKER_02
real_index_order,long_00042_1320-7176-8555,s3,coarse_to_fine,0,True,5.669631330459295e-05,0.13679875229471372,0.9664717348927875,0.21604164273837742,accepted,SPEAKER_00
real_index_order,long_00042_1320-7176-8555,s1,coarse_to_fine,1,True,0.00010247653715136642,0.38426958023582114,1.0,0.30017852517718496,accepted,SPEAKER_01
real_index_order,long_00042_1320-7176-8555,s2,coarse_to_fine,1,False,8.34400690005565e-05,-0.33914609891601744,1.0,0.3539883774246255,margin,SPEAKER_02
real_index_order,long_00042_1320-7176-8555,s3,coarse_to_fine,1,True,5.669631330459295e-05,0.2215607448944545,0.9666179337231969,0.20302129959258458,accepted,SPEAKER_00
oracle,long_00043_2961-5683-4970,s1,gated_deflation,0,True,0.0,0.567783860447914,0.8592530915595029,0.7605204714896205,accepted,s1
oracle,long_00043_2961-5683-4970,s2,gated_deflation,0,True,0.0,0.3797167728382539,0.9469665076246608,0.7541165125880795,accepted,s2
oracle,long_00043_2961-5683-4970,s3,gated_deflation,0,True,0.0,0.1817189934780281,0.9293216009083167,0.7932237179940702,accepted,s3
oracle,long_00043_2961-5683-4970,s1,coarse_to_fine,0,True,0.0,0.3392656501518418,0.8592530915595029,0.4133859535804638,accepted,s1
oracle,long_00043_2961-5683-4970,s2,coarse_to_fine,0,False,0.0,-0.17424125696846643,0.9904246461282264,0.4311366035934436,margin,s2
oracle,long_00043_2961-5683-4970,s3,coarse_to_fine,0,False,0.0,0.06499093367528352,0.9437663607405304,0.5098463894258988,margin,s3
oracle,long_00043_2961-5683-4970,s1,coarse_to_fine,1,True,0.0,0.5294814604458224,0.8514509513676874,0.4109243081251804,accepted,s1
oracle,long_00043_2961-5683-4970,s2,coarse_to_fine,1,False,0.0,-0.3220970849270485,0.9904246461282264,0.4311366035934436,margin,s2
oracle,long_00043_2961-5683-4970,s3,coarse_to_fine,1,False,0.0,0.06499093367528352,0.9437663607405304,0.5098463894258988,margin,s3
real,long_00043_2961-5683-4970,s1,gated_deflation,0,True,4.5415046926312043e-05,0.5583937449848578,0.9233097779782489,0.7723869393913543,accepted,SPEAKER_00
real,long_00043_2961-5683-4970,s2,gated_deflation,0,True,0.00010525653945173488,0.43771019503741615,0.9723677452491012,0.7715146690470155,accepted,SPEAKER_01
real,long_00043_2961-5683-4970,s3,gated_deflation,0,True,5.2906207185088826e-05,0.23916409936500788,0.9789836347975883,0.8458592430699277,accepted,SPEAKER_02
real,long_00043_2961-5683-4970,s1,coarse_to_fine,0,True,4.5415046926312043e-05,0.29973568972352505,0.9131313131313131,0.41708901243379315,accepted,SPEAKER_00
real,long_00043_2961-5683-4970,s2,coarse_to_fine,0,False,0.00010525653945173488,-0.038380963037584204,1.0,0.4180941518121751,margin,SPEAKER_01
real,long_00043_2961-5683-4970,s3,coarse_to_fine,0,True,5.2906207185088826e-05,0.3719689408717681,1.0,0.5589556173516741,accepted,SPEAKER_02
real,long_00043_2961-5683-4970,s1,coarse_to_fine,1,True,4.5415046926312043e-05,0.5538684489560619,0.9137598204264871,0.4282621837136367,accepted,SPEAKER_00
real,long_00043_2961-5683-4970,s2,coarse_to_fine,1,False,0.00010525653945173488,-0.21155461826987054,1.0,0.4180941518121751,margin,SPEAKER_01
real,long_00043_2961-5683-4970,s3,coarse_to_fine,1,True,5.2906207185088826e-05,0.5831330411292834,1.0,0.5840056525397842,accepted,SPEAKER_02
real_forced_m,long_00043_2961-5683-4970,s1,gated_deflation,0,True,4.5415046926312043e-05,0.5583937449848578,0.9233097779782489,0.7723869393913543,accepted,SPEAKER_00
real_forced_m,long_00043_2961-5683-4970,s2,gated_deflation,0,True,0.00010525653945173488,0.43771019503741615,0.9723677452491012,0.7715146690470155,accepted,SPEAKER_01
real_forced_m,long_00043_2961-5683-4970,s3,gated_deflation,0,True,5.2906207185088826e-05,0.23916409936500788,0.9789836347975883,0.8458592430699277,accepted,SPEAKER_02
real_forced_m,long_00043_2961-5683-4970,s1,coarse_to_fine,0,True,4.5415046926312043e-05,0.29973568972352505,0.9131313131313131,0.41708901243379315,accepted,SPEAKER_00
real_forced_m,long_00043_2961-5683-4970,s2,coarse_to_fine,0,False,0.00010525653945173488,-0.038380963037584204,1.0,0.4180941518121751,margin,SPEAKER_01
real_forced_m,long_00043_2961-5683-4970,s3,coarse_to_fine,0,True,5.2906207185088826e-05,0.3719689408717681,1.0,0.5589556173516741,accepted,SPEAKER_02
real_forced_m,long_00043_2961-5683-4970,s1,coarse_to_fine,1,True,4.5415046926312043e-05,0.5538684489560619,0.9137598204264871,0.4282621837136367,accepted,SPEAKER_00
real_forced_m,long_00043_2961-5683-4970,s2,coarse_to_fine,1,False,0.00010525653945173488,-0.21155461826987054,1.0,0.4180941518121751,margin,SPEAKER_01
real_forced_m,long_00043_2961-5683-4970,s3,coarse_to_fine,1,True,5.2906207185088826e-05,0.5831330411292834,1.0,0.5840056525397842,accepted,SPEAKER_02
real_index_order,long_00043_2961-5683-4970,s1,gated_deflation,0,True,4.5415046926312043e-05,0.5583937449848578,0.9233097779782489,0.7723869393913543,accepted,SPEAKER_00
real_index_order,long_00043_2961-5683-4970,s2,gated_deflation,0,True,0.00010525653945173488,0.41428360026217864,0.9864349711807339,0.7744793631320839,accepted,SPEAKER_01
real_index_order,long_00043_2961-5683-4970,s3,gated_deflation,0,True,5.2906207185088826e-05,0.21234468570629023,0.9794076724309283,0.8464421511541412,accepted,SPEAKER_02
real_index_order,long_00043_2961-5683-4970,s1,coarse_to_fine,0,True,4.5415046926312043e-05,0.29973568972352505,0.9131313131313131,0.41708901243379315,accepted,SPEAKER_00
real_index_order,long_00043_2961-5683-4970,s2,coarse_to_fine,0,False,0.00010525653945173488,-0.038380963037584204,1.0,0.4180941518121751,margin,SPEAKER_01
real_index_order,long_00043_2961-5683-4970,s3,coarse_to_fine,0,True,5.2906207185088826e-05,0.3719689408717681,1.0,0.5589556173516741,accepted,SPEAKER_02
real_index_order,long_00043_2961-5683-4970,s1,coarse_to_fine,1,True,4.5415046926312043e-05,0.5538684489560619,0.9137598204264871,0.4282621837136367,accepted,SPEAKER_00
real_index_order,long_00043_2961-5683-4970,s2,coarse_to_fine,1,False,0.00010525653945173488,-0.21155461826987054,1.0,0.4180941518121751,margin,SPEAKER_01
real_index_order,long_00043_2961-5683-4970,s3,coarse_to_fine,1,True,5.2906207185088826e-05,0.5831330411292834,1.0,0.5840056525397842,accepted,SPEAKER_02
oracle,long_00044_6930-7021-4446,s1,gated_deflation,0,True,0.0,0.43516599041474324,1.0,0.77943466375583,accepted,s1
oracle,long_00044_6930-7021-4446,s2,gated_deflation,0,True,0.0,0.4304296373970306,0.9592880136337815,0.7318804176352535,accepted,s2
oracle,long_00044_6930-7021-4446,s3,gated_deflation,0,True,0.0,0.513633285557856,0.9447613614755657,0.7942517635535752,accepted,s3
oracle,long_00044_6930-7021-4446,s1,coarse_to_fine,0,True,0.0,0.27261302970553053,1.0,0.5102105208276243,accepted,s1
oracle,long_00044_6930-7021-4446,s2,coarse_to_fine,0,True,0.0,0.4221538386261127,0.9961971211264065,0.3891790717939956,accepted,s2
oracle,long_00044_6930-7021-4446,s3,coarse_to_fine,0,True,0.0,0.37249653684834294,0.9393183114660582,0.49710928505057467,accepted,s3
oracle,long_00044_6930-7021-4446,s1,coarse_to_fine,1,True,0.0,0.1356255153211232,1.0,0.5018053397529347,accepted,s1
oracle,long_00044_6930-7021-4446,s2,coarse_to_fine,1,True,0.0,0.44994923493390687,0.9897935131057892,0.3512270540278782,accepted,s2
oracle,long_00044_6930-7021-4446,s3,coarse_to_fine,1,True,0.0,0.36478508241979823,0.9283212904861508,0.4698084814281533,accepted,s3
real,long_00044_6930-7021-4446,s1,gated_deflation,0,True,8.855318029984148e-05,0.3954713016992326,0.9995203836930455,0.8000687453806787,accepted,SPEAKER_01
real,long_00044_6930-7021-4446,s2,gated_deflation,0,True,6.614295330706315e-05,0.4043408411704265,0.9943775758072,0.7491720380489638,accepted,SPEAKER_02
real,long_00044_6930-7021-4446,s3,gated_deflation,0,True,0.00032387430217975386,0.4129983479412279,0.9999907523003653,0.8049294889957309,accepted,SPEAKER_00
real,long_00044_6930-7021-4446,s1,coarse_to_fine,0,True,8.855318029984148e-05,0.27212992508074857,1.0,0.49920580715918617,accepted,SPEAKER_01
real,long_00044_6930-7021-4446,s2,coarse_to_fine,0,True,6.614295330706315e-05,0.3286794115374202,1.0,0.39252658019473297,accepted,SPEAKER_02
real,long_00044_6930-7021-4446,s3,coarse_to_fine,0,True,0.00032387430217975386,0.19674302307413766,1.0,0.5012055196070537,accepted,SPEAKER_00
real,long_00044_6930-7021-4446,s1,coarse_to_fine,1,False,8.855318029984148e-05,0.06822417176706519,1.0,0.485611961346267,margin,SPEAKER_01
real,long_00044_6930-7021-4446,s2,coarse_to_fine,1,True,6.614295330706315e-05,0.49421377340252587,1.0,0.3393719746112892,accepted,SPEAKER_02
real,long_00044_6930-7021-4446,s3,coarse_to_fine,1,True,0.00032387430217975386,0.394068225839837,1.0,0.46042302747372166,accepted,SPEAKER_00
real_forced_m,long_00044_6930-7021-4446,s1,gated_deflation,0,True,8.855318029984148e-05,0.3954713016992326,0.9995203836930455,0.8000687453806787,accepted,SPEAKER_01
real_forced_m,long_00044_6930-7021-4446,s2,gated_deflation,0,True,6.614295330706315e-05,0.4043408411704265,0.9943775758072,0.7491720380489638,accepted,SPEAKER_02
real_forced_m,long_00044_6930-7021-4446,s3,gated_deflation,0,True,0.00032387430217975386,0.4129983479412279,0.9999907523003653,0.8049294889957309,accepted,SPEAKER_00
real_forced_m,long_00044_6930-7021-4446,s1,coarse_to_fine,0,True,8.855318029984148e-05,0.27212992508074857,1.0,0.49920580715918617,accepted,SPEAKER_01
real_forced_m,long_00044_6930-7021-4446,s2,coarse_to_fine,0,True,6.614295330706315e-05,0.3286794115374202,1.0,0.39252658019473297,accepted,SPEAKER_02
real_forced_m,long_00044_6930-7021-4446,s3,coarse_to_fine,0,True,0.00032387430217975386,0.19674302307413766,1.0,0.5012055196070537,accepted,SPEAKER_00
real_forced_m,long_00044_6930-7021-4446,s1,coarse_to_fine,1,False,8.855318029984148e-05,0.06822417176706519,1.0,0.485611961346267,margin,SPEAKER_01
real_forced_m,long_00044_6930-7021-4446,s2,coarse_to_fine,1,True,6.614295330706315e-05,0.49421377340252587,1.0,0.3393719746112892,accepted,SPEAKER_02
real_forced_m,long_00044_6930-7021-4446,s3,coarse_to_fine,1,True,0.00032387430217975386,0.394068225839837,1.0,0.46042302747372166,accepted,SPEAKER_00
real_index_order,long_00044_6930-7021-4446,s1,gated_deflation,0,True,8.855318029984148e-05,0.4250854433882949,0.9975486277644551,0.8002750606322945,accepted,SPEAKER_01
real_index_order,long_00044_6930-7021-4446,s2,gated_deflation,0,True,6.614295330706315e-05,0.3776912376440561,0.9927508938562734,0.7491961588039803,accepted,SPEAKER_02
real_index_order,long_00044_6930-7021-4446,s3,gated_deflation,0,True,0.00032387430217975386,0.41507311976539657,0.9992324409303186,0.8044004841491459,accepted,SPEAKER_00
real_index_order,long_00044_6930-7021-4446,s1,coarse_to_fine,0,True,8.855318029984148e-05,0.27212992508074857,1.0,0.49920580715918617,accepted,SPEAKER_01
real_index_order,long_00044_6930-7021-4446,s2,coarse_to_fine,0,True,6.614295330706315e-05,0.3286794115374202,1.0,0.39252658019473297,accepted,SPEAKER_02
real_index_order,long_00044_6930-7021-4446,s3,coarse_to_fine,0,True,0.00032387430217975386,0.19674302307413766,1.0,0.5012055196070537,accepted,SPEAKER_00
real_index_order,long_00044_6930-7021-4446,s1,coarse_to_fine,1,False,8.855318029984148e-05,0.06822417176706519,1.0,0.485611961346267,margin,SPEAKER_01
real_index_order,long_00044_6930-7021-4446,s2,coarse_to_fine,1,True,6.614295330706315e-05,0.49421377340252587,1.0,0.3393719746112892,accepted,SPEAKER_02
real_index_order,long_00044_6930-7021-4446,s3,coarse_to_fine,1,True,0.00032387430217975386,0.394068225839837,1.0,0.46042302747372166,accepted,SPEAKER_00
oracle,long_00045_672-8224-4077,s1,gated_deflation,0,True,0.0,0.24655521670617658,1.0,0.7573161356217079,accepted,s1
oracle,long_00045_672-8224-4077,s2,gated_deflation,0,True,0.0,0.22338402273451086,0.9817347801383057,0.7607940518143034,accepted,s2
oracle,long_00045_672-8224-4077,s3,gated_deflation,0,True,0.0,0.5060414868920173,1.0,0.7347231999249209,accepted,s3
oracle,long_00045_672-8224-4077,s1,coarse_to_fine,0,False,0.0,-0.2388399474270515,1.0,0.42274895816479113,margin,s1
oracle,long_00045_672-8224-4077,s2,coarse_to_fine,0,True,0.0,0.390611461233702,0.9890116968104292,0.3463057232785131,accepted,s2
oracle,long_00045_672-8224-4077,s3,coarse_to_fine,0,True,0.0,0.367358582265117,1.0,0.5114902531823268,accepted,s3
oracle,long_00045_672-8224-4077,s1,coarse_to_fine,1,False,0.0,-0.3817709323239964,1.0,0.42274895816479113,margin,s1
oracle,long_00045_672-8224-4077,s2,coarse_to_fine,1,True,0.0,0.4177382907434701,1.0,0.3358975506723219,accepted,s2
oracle,long_00045_672-8224-4077,s3,coarse_to_fine,1,True,0.0,0.45885308163137734,1.0,0.4881258980294967,accepted,s3
real,long_00045_672-8224-4077,s3,gated_deflation,0,True,2.431319277018212e-05,0.4653009892500555,0.9999155369736897,0.7107857810034478,accepted,SPEAKER_02
real,long_00045_672-8224-4077,s1,gated_deflation,0,True,0.00011055279353243323,0.20035779366833506,1.0,0.8481659629219712,accepted,SPEAKER_00
real,long_00045_672-8224-4077,s2,gated_deflation,0,True,7.787389157668313e-05,0.2957909849086998,0.9998253227435246,0.7733394757937969,accepted,SPEAKER_01
real,long_00045_672-8224-4077,s3,coarse_to_fine,0,True,2.431319277018212e-05,0.3232318603762694,1.0,0.5133148326722854,accepted,SPEAKER_02
real,long_00045_672-8224-4077,s1,coarse_to_fine,0,False,0.00011055279353243323,-0.2150300441267285,1.0,0.42162505664696354,margin,SPEAKER_00
real,long_00045_672-8224-4077,s2,coarse_to_fine,0,True,7.787389157668313e-05,0.1112362343328942,1.0,0.3044522364535447,accepted,SPEAKER_01
real,long_00045_672-8224-4077,s3,coarse_to_fine,1,True,2.431319277018212e-05,0.27331519219495104,1.0,0.4926794362656961,accepted,SPEAKER_02
real,long_00045_672-8224-4077,s1,coarse_to_fine,1,False,0.00011055279353243323,-0.2818927382962217,1.0,0.42162505664696354,margin,SPEAKER_00
real,long_00045_672-8224-4077,s2,coarse_to_fine,1,False,7.787389157668313e-05,0.06183785625593463,1.0,0.30591259098553714,margin,SPEAKER_01
real_forced_m,long_00045_672-8224-4077,s3,gated_deflation,0,True,2.431319277018212e-05,0.4653009892500555,0.9999155369736897,0.7107857810034478,accepted,SPEAKER_02
real_forced_m,long_00045_672-8224-4077,s1,gated_deflation,0,True,0.00011055279353243323,0.20035779366833506,1.0,0.8481659629219712,accepted,SPEAKER_00
real_forced_m,long_00045_672-8224-4077,s2,gated_deflation,0,True,7.787389157668313e-05,0.2957909849086998,0.9998253227435246,0.7733394757937969,accepted,SPEAKER_01
real_forced_m,long_00045_672-8224-4077,s3,coarse_to_fine,0,True,2.431319277018212e-05,0.3232318603762694,1.0,0.5133148326722854,accepted,SPEAKER_02
real_forced_m,long_00045_672-8224-4077,s1,coarse_to_fine,0,False,0.00011055279353243323,-0.2150300441267285,1.0,0.42162505664696354,margin,SPEAKER_00
real_forced_m,long_00045_672-8224-4077,s2,coarse_to_fine,0,True,7.787389157668313e-05,0.1112362343328942,1.0,0.3044522364535447,accepted,SPEAKER_01
real_forced_m,long_00045_672-8224-4077,s3,coarse_to_fine,1,True,2.431319277018212e-05,0.27331519219495104,1.0,0.4926794362656961,accepted,SPEAKER_02
real_forced_m,long_00045_672-8224-4077,s1,coarse_to_fine,1,False,0.00011055279353243323,-0.2818927382962217,1.0,0.42162505664696354,margin,SPEAKER_00
real_forced_m,long_00045_672-8224-4077,s2,coarse_to_fine,1,False,7.787389157668313e-05,0.06183785625593463,1.0,0.30591259098553714,margin,SPEAKER_01
real_index_order,long_00045_672-8224-4077,s3,gated_deflation,0,True,2.431319277018212e-05,0.4653009892500555,0.9999155369736897,0.7107857810034478,accepted,SPEAKER_02
real_index_order,long_00045_672-8224-4077,s1,gated_deflation,0,True,0.00011055279353243323,0.25080131867316013,1.0,0.8519525251289922,accepted,SPEAKER_00
real_index_order,long_00045_672-8224-4077,s2,gated_deflation,0,True,7.787389157668313e-05,0.2829708739267556,1.0,0.7741234469695129,accepted,SPEAKER_01
real_index_order,long_00045_672-8224-4077,s3,coarse_to_fine,0,True,2.431319277018212e-05,0.3232318603762694,1.0,0.5133148326722854,accepted,SPEAKER_02
real_index_order,long_00045_672-8224-4077,s1,coarse_to_fine,0,False,0.00011055279353243323,-0.2150300441267285,1.0,0.42162505664696354,margin,SPEAKER_00
real_index_order,long_00045_672-8224-4077,s2,coarse_to_fine,0,True,7.787389157668313e-05,0.1112362343328942,1.0,0.3044522364535447,accepted,SPEAKER_01
real_index_order,long_00045_672-8224-4077,s3,coarse_to_fine,1,True,2.431319277018212e-05,0.27331519219495104,1.0,0.4926794362656961,accepted,SPEAKER_02
real_index_order,long_00045_672-8224-4077,s1,coarse_to_fine,1,False,0.00011055279353243323,-0.2818927382962217,1.0,0.42162505664696354,margin,SPEAKER_00
real_index_order,long_00045_672-8224-4077,s2,coarse_to_fine,1,False,7.787389157668313e-05,0.06183785625593463,1.0,0.30591259098553714,margin,SPEAKER_01
oracle,long_00046_5142-3575-908,s1,gated_deflation,0,True,0.0,0.5736631286425061,0.9964390922922534,0.7892335358280678,accepted,s1
oracle,long_00046_5142-3575-908,s2,gated_deflation,0,True,0.0,0.34916658605811374,0.9660791226008617,0.7507211728079852,accepted,s2
oracle,long_00046_5142-3575-908,s3,gated_deflation,0,True,0.0,0.6285989210804089,1.0,0.7124668588891598,accepted,s3
oracle,long_00046_5142-3575-908,s1,coarse_to_fine,0,True,0.0,0.5432781519129802,0.9964390922922534,0.5218919845049568,accepted,s1
oracle,long_00046_5142-3575-908,s2,coarse_to_fine,0,True,0.0,0.5917532992876647,0.9453300540474889,0.4120541163067293,accepted,s2
oracle,long_00046_5142-3575-908,s3,coarse_to_fine,0,True,0.0,0.44294918351297186,0.9357426975162446,0.40323071062345406,accepted,s3
oracle,long_00046_5142-3575-908,s1,coarse_to_fine,1,True,0.0,0.6350858543397265,1.0,0.5417869428614491,accepted,s1
oracle,long_00046_5142-3575-908,s2,coarse_to_fine,1,True,0.0,0.6226804427880768,0.9574831481144106,0.44286375934473093,accepted,s2
oracle,long_00046_5142-3575-908,s3,coarse_to_fine,1,True,0.0,0.5622940958906979,0.93675988340317,0.41433944098652076,accepted,s3
real,long_00046_5142-3575-908,s1,gated_deflation,0,True,0.0001483775724083162,0.43108767938212633,0.9937549251379039,0.8234925217275579,accepted,SPEAKER_01
real,long_00046_5142-3575-908,s3,gated_deflation,0,True,7.187968364334982e-05,0.5355025186693256,0.9778380006022283,0.7087843994380607,accepted,SPEAKER_00
real,long_00046_5142-3575-908,s2,gated_deflation,0,True,8.239332232762182e-05,0.46041142714548045,0.9805034002546804,0.773528890445282,accepted,SPEAKER_02
real,long_00046_5142-3575-908,s1,coarse_to_fine,0,True,0.0001483775724083162,0.47210010450704154,1.0,0.5446351773516845,accepted,SPEAKER_01
real,long_00046_5142-3575-908,s3,coarse_to_fine,0,True,7.187968364334982e-05,0.23572678575320716,1.0,0.4362161677940256,accepted,SPEAKER_00
real,long_00046_5142-3575-908,s2,coarse_to_fine,0,False,8.239332232762182e-05,-0.036522541812392784,1.0,0.3769662692462421,margin,SPEAKER_02
real,long_00046_5142-3575-908,s1,coarse_to_fine,1,True,0.0001483775724083162,0.5642224470386938,1.0,0.56658969208655,accepted,SPEAKER_01
real,long_00046_5142-3575-908,s3,coarse_to_fine,1,True,7.187968364334982e-05,0.5315299801733293,1.0,0.4317641844685949,accepted,SPEAKER_00
real,long_00046_5142-3575-908,s2,coarse_to_fine,1,False,8.239332232762182e-05,-0.15486909193797938,1.0,0.3769662692462421,margin,SPEAKER_02
real_forced_m,long_00046_5142-3575-908,s1,gated_deflation,0,True,0.0001483775724083162,0.43108767938212633,0.9937549251379039,0.8234925217275579,accepted,SPEAKER_01
real_forced_m,long_00046_5142-3575-908,s3,gated_deflation,0,True,7.187968364334982e-05,0.5355025186693256,0.9778380006022283,0.7087843994380607,accepted,SPEAKER_00
real_forced_m,long_00046_5142-3575-908,s2,gated_deflation,0,True,8.239332232762182e-05,0.46041142714548045,0.9805034002546804,0.773528890445282,accepted,SPEAKER_02
real_forced_m,long_00046_5142-3575-908,s1,coarse_to_fine,0,True,0.0001483775724083162,0.47210010450704154,1.0,0.5446351773516845,accepted,SPEAKER_01
real_forced_m,long_00046_5142-3575-908,s3,coarse_to_fine,0,True,7.187968364334982e-05,0.23572678575320716,1.0,0.4362161677940256,accepted,SPEAKER_00
real_forced_m,long_00046_5142-3575-908,s2,coarse_to_fine,0,False,8.239332232762182e-05,-0.036522541812392784,1.0,0.3769662692462421,margin,SPEAKER_02
real_forced_m,long_00046_5142-3575-908,s1,coarse_to_fine,1,True,0.0001483775724083162,0.5642224470386938,1.0,0.56658969208655,accepted,SPEAKER_01
real_forced_m,long_00046_5142-3575-908,s3,coarse_to_fine,1,True,7.187968364334982e-05,0.5315299801733293,1.0,0.4317641844685949,accepted,SPEAKER_00
real_forced_m,long_00046_5142-3575-908,s2,coarse_to_fine,1,False,8.239332232762182e-05,-0.15486909193797938,1.0,0.3769662692462421,margin,SPEAKER_02
real_index_order,long_00046_5142-3575-908,s1,gated_deflation,0,True,0.0001483775724083162,0.4679660362741883,0.9988376674546887,0.8254847326225887,accepted,SPEAKER_01
real_index_order,long_00046_5142-3575-908,s3,gated_deflation,0,True,7.187968364334982e-05,0.5266880260915565,0.982968985245408,0.7060209843599129,accepted,SPEAKER_00
real_index_order,long_00046_5142-3575-908,s2,gated_deflation,0,True,8.239332232762182e-05,0.48264738059087214,0.9966674794765504,0.7781500848843786,accepted,SPEAKER_02
real_index_order,long_00046_5142-3575-908,s1,coarse_to_fine,0,True,0.0001483775724083162,0.47210010450704154,1.0,0.5446351773516845,accepted,SPEAKER_01
real_index_order,long_00046_5142-3575-908,s3,coarse_to_fine,0,True,7.187968364334982e-05,0.23572678575320716,1.0,0.4362161677940256,accepted,SPEAKER_00
real_index_order,long_00046_5142-3575-908,s2,coarse_to_fine,0,False,8.239332232762182e-05,-0.036522541812392784,1.0,0.3769662692462421,margin,SPEAKER_02
real_index_order,long_00046_5142-3575-908,s1,coarse_to_fine,1,True,0.0001483775724083162,0.5642224470386938,1.0,0.56658969208655,accepted,SPEAKER_01
real_index_order,long_00046_5142-3575-908,s3,coarse_to_fine,1,True,7.187968364334982e-05,0.5315299801733293,1.0,0.4317641844685949,accepted,SPEAKER_00
real_index_order,long_00046_5142-3575-908,s2,coarse_to_fine,1,False,8.239332232762182e-05,-0.15486909193797938,1.0,0.3769662692462421,margin,SPEAKER_02
oracle,long_00047_4970-1320-1221,s1,gated_deflation,0,True,0.0,0.5478934233201364,0.9854548313546663,0.7839412748361553,accepted,s1
oracle,long_00047_4970-1320-1221,s2,gated_deflation,0,True,0.0,0.4417514055980147,0.9926721419561977,0.7742524855724637,accepted,s2
oracle,long_00047_4970-1320-1221,s3,gated_deflation,0,True,0.0,0.46661282718888886,1.0,0.8073824768626771,accepted,s3
oracle,long_00047_4970-1320-1221,s1,coarse_to_fine,0,True,0.0,0.44902985088988234,0.9854548313546663,0.5931270792835341,accepted,s1
oracle,long_00047_4970-1320-1221,s2,coarse_to_fine,0,True,0.0,0.5717150276741131,0.9851993081217076,0.38947139746443754,accepted,s2
oracle,long_00047_4970-1320-1221,s3,coarse_to_fine,0,True,0.0,0.2899390739309327,1.0,0.5746001790856045,accepted,s3
oracle,long_00047_4970-1320-1221,s1,coarse_to_fine,1,True,0.0,0.5648609611227056,1.0,0.6101828719855933,accepted,s1
oracle,long_00047_4970-1320-1221,s2,coarse_to_fine,1,True,0.0,0.6219665292802241,0.9823361375370181,0.39750947199232245,accepted,s2
oracle,long_00047_4970-1320-1221,s3,coarse_to_fine,1,True,0.0,0.4825623302008846,1.0,0.5620827609960183,accepted,s3
real,long_00047_4970-1320-1221,s1,gated_deflation,0,True,4.942237901452184e-05,0.46001912139805046,0.9939353250531499,0.8177725459709002,accepted,SPEAKER_00
real,long_00047_4970-1320-1221,s2,gated_deflation,0,True,6.873743650881583e-05,0.4542094412571757,1.0,0.7883359869089276,accepted,SPEAKER_02
real,long_00047_4970-1320-1221,s3,gated_deflation,0,True,3.1865365647729164e-05,0.5177178973833118,1.0,0.8264880516377159,accepted,SPEAKER_01
real,long_00047_4970-1320-1221,s1,coarse_to_fine,0,True,4.942237901452184e-05,0.3679878806379218,1.0,0.5900203372103142,accepted,SPEAKER_00
real,long_00047_4970-1320-1221,s2,coarse_to_fine,0,True,6.873743650881583e-05,0.6177229888017849,1.0,0.37564654175215906,accepted,SPEAKER_02
real,long_00047_4970-1320-1221,s3,coarse_to_fine,0,True,3.1865365647729164e-05,0.2889745523864053,1.0,0.5779137494874077,accepted,SPEAKER_01
real,long_00047_4970-1320-1221,s1,coarse_to_fine,1,True,4.942237901452184e-05,0.5513126265296562,1.0,0.6201378671028968,accepted,SPEAKER_00
real,long_00047_4970-1320-1221,s2,coarse_to_fine,1,True,6.873743650881583e-05,0.7176951225750585,1.0,0.4034176950123896,accepted,SPEAKER_02
real,long_00047_4970-1320-1221,s3,coarse_to_fine,1,True,3.1865365647729164e-05,0.5292529030193451,1.0,0.5644089773741574,accepted,SPEAKER_01
real_forced_m,long_00047_4970-1320-1221,s1,gated_deflation,0,True,4.942237901452184e-05,0.46001912139805046,0.9939353250531499,0.8177725459709002,accepted,SPEAKER_00
real_forced_m,long_00047_4970-1320-1221,s2,gated_deflation,0,True,6.873743650881583e-05,0.4542094412571757,1.0,0.7883359869089276,accepted,SPEAKER_02
real_forced_m,long_00047_4970-1320-1221,s3,gated_deflation,0,True,3.1865365647729164e-05,0.5177178973833118,1.0,0.8264880516377159,accepted,SPEAKER_01
real_forced_m,long_00047_4970-1320-1221,s1,coarse_to_fine,0,True,4.942237901452184e-05,0.3679878806379218,1.0,0.5900203372103142,accepted,SPEAKER_00
real_forced_m,long_00047_4970-1320-1221,s2,coarse_to_fine,0,True,6.873743650881583e-05,0.6177229888017849,1.0,0.37564654175215906,accepted,SPEAKER_02
real_forced_m,long_00047_4970-1320-1221,s3,coarse_to_fine,0,True,3.1865365647729164e-05,0.2889745523864053,1.0,0.5779137494874077,accepted,SPEAKER_01
real_forced_m,long_00047_4970-1320-1221,s1,coarse_to_fine,1,True,4.942237901452184e-05,0.5513126265296562,1.0,0.6201378671028968,accepted,SPEAKER_00
real_forced_m,long_00047_4970-1320-1221,s2,coarse_to_fine,1,True,6.873743650881583e-05,0.7176951225750585,1.0,0.4034176950123896,accepted,SPEAKER_02
real_forced_m,long_00047_4970-1320-1221,s3,coarse_to_fine,1,True,3.1865365647729164e-05,0.5292529030193451,1.0,0.5644089773741574,accepted,SPEAKER_01
real_index_order,long_00047_4970-1320-1221,s1,gated_deflation,0,True,4.942237901452184e-05,0.46400768360313355,0.9984894259818731,0.8189078017019158,accepted,SPEAKER_00
real_index_order,long_00047_4970-1320-1221,s2,gated_deflation,0,True,6.873743650881583e-05,0.46415763498568086,1.0,0.7805928139011942,accepted,SPEAKER_02
real_index_order,long_00047_4970-1320-1221,s3,gated_deflation,0,True,3.1865365647729164e-05,0.49166686258270076,1.0,0.8233841983547133,accepted,SPEAKER_01
real_index_order,long_00047_4970-1320-1221,s1,coarse_to_fine,0,True,4.942237901452184e-05,0.3679878806379218,1.0,0.5900203372103142,accepted,SPEAKER_00
real_index_order,long_00047_4970-1320-1221,s2,coarse_to_fine,0,True,6.873743650881583e-05,0.6177229888017849,1.0,0.37564654175215906,accepted,SPEAKER_02
real_index_order,long_00047_4970-1320-1221,s3,coarse_to_fine,0,True,3.1865365647729164e-05,0.2889745523864053,1.0,0.5779137494874077,accepted,SPEAKER_01
real_index_order,long_00047_4970-1320-1221,s1,coarse_to_fine,1,True,4.942237901452184e-05,0.5513126265296562,1.0,0.6201378671028968,accepted,SPEAKER_00
real_index_order,long_00047_4970-1320-1221,s2,coarse_to_fine,1,True,6.873743650881583e-05,0.7176951225750585,1.0,0.4034176950123896,accepted,SPEAKER_02
real_index_order,long_00047_4970-1320-1221,s3,coarse_to_fine,1,True,3.1865365647729164e-05,0.5292529030193451,1.0,0.5644089773741574,accepted,SPEAKER_01
oracle,long_00048_3570-8455-1284,s1,gated_deflation,0,True,0.0,0.4191824594135014,0.9962940444135615,0.7129369602466212,accepted,s1
oracle,long_00048_3570-8455-1284,s2,gated_deflation,0,True,0.0,0.34832904722651226,0.9451027773905231,0.7657984405494185,accepted,s2
oracle,long_00048_3570-8455-1284,s3,gated_deflation,0,True,0.0,0.4497890277560086,0.9476730628289692,0.6986428947503917,accepted,s3
oracle,long_00048_3570-8455-1284,s1,coarse_to_fine,0,True,0.0,0.4203485532166724,0.9962940444135615,0.28932405975593506,accepted,s1
oracle,long_00048_3570-8455-1284,s2,coarse_to_fine,0,True,0.0,0.4433657139319829,0.9961130895509425,0.4083500748632698,accepted,s2
oracle,long_00048_3570-8455-1284,s3,coarse_to_fine,0,True,0.0,0.3454909296984587,0.9414767805983076,0.3807899895398406,accepted,s3
oracle,long_00048_3570-8455-1284,s1,coarse_to_fine,1,True,0.0,0.4770997380648539,1.0,0.254286155827226,accepted,s1
oracle,long_00048_3570-8455-1284,s2,coarse_to_fine,1,True,0.0,0.5515456256521457,1.0,0.4344307613329706,accepted,s2
oracle,long_00048_3570-8455-1284,s3,coarse_to_fine,1,True,0.0,0.36061990938250726,0.926785595309481,0.34156311840205206,accepted,s3
real,long_00048_3570-8455-1284,s1,gated_deflation,0,True,0.0002358177828190877,0.43416787207347746,0.9997096970548298,0.7122167227143635,accepted,SPEAKER_01
real,long_00048_3570-8455-1284,s2,gated_deflation,0,True,8.633104790528561e-05,0.3589592115030105,0.9893587083542009,0.8035725815501721,accepted,SPEAKER_00
real,long_00048_3570-8455-1284,s3,gated_deflation,0,True,0.00012935324680334967,0.29015726413813664,0.9975989112472052,0.7383143826754068,accepted,SPEAKER_02
real,long_00048_3570-8455-1284,s1,coarse_to_fine,0,True,0.0002358177828190877,0.44875304767864155,0.9902260702260702,0.3043217485862208,accepted,SPEAKER_01
real,long_00048_3570-8455-1284,s2,coarse_to_fine,0,True,8.633104790528561e-05,0.366160102771511,1.0,0.3703616547686239,accepted,SPEAKER_00
real,long_00048_3570-8455-1284,s3,coarse_to_fine,0,False,0.00012935324680334967,0.050012987299453415,0.9695891748622445,0.3852602296628444,margin,SPEAKER_02
real,long_00048_3570-8455-1284,s1,coarse_to_fine,1,True,0.0002358177828190877,0.6401426825274188,1.0,0.2746584156304532,accepted,SPEAKER_01
real,long_00048_3570-8455-1284,s2,coarse_to_fine,1,True,8.633104790528561e-05,0.5603401832367567,1.0,0.3885715276995308,accepted,SPEAKER_00
real,long_00048_3570-8455-1284,s3,coarse_to_fine,1,False,0.00012935324680334967,-0.11756100773319467,0.9695891748622445,0.3852602296628444,margin,SPEAKER_02
real_forced_m,long_00048_3570-8455-1284,s1,gated_deflation,0,True,0.0002358177828190877,0.43416787207347746,0.9997096970548298,0.7122167227143635,accepted,SPEAKER_01
real_forced_m,long_00048_3570-8455-1284,s2,gated_deflation,0,True,8.633104790528561e-05,0.3589592115030105,0.9893587083542009,0.8035725815501721,accepted,SPEAKER_00
real_forced_m,long_00048_3570-8455-1284,s3,gated_deflation,0,True,0.00012935324680334967,0.29015726413813664,0.9975989112472052,0.7383143826754068,accepted,SPEAKER_02
real_forced_m,long_00048_3570-8455-1284,s1,coarse_to_fine,0,True,0.0002358177828190877,0.44875304767864155,0.9902260702260702,0.3043217485862208,accepted,SPEAKER_01
real_forced_m,long_00048_3570-8455-1284,s2,coarse_to_fine,0,True,8.633104790528561e-05,0.366160102771511,1.0,0.3703616547686239,accepted,SPEAKER_00
real_forced_m,long_00048_3570-8455-1284,s3,coarse_to_fine,0,False,0.00012935324680334967,0.050012987299453415,0.9695891748622445,0.3852602296628444,margin,SPEAKER_02
real_forced_m,long_00048_3570-8455-1284,s1,coarse_to_fine,1,True,0.0002358177828190877,0.6401426825274188,1.0,0.2746584156304532,accepted,SPEAKER_01
real_forced_m,long_00048_3570-8455-1284,s2,coarse_to_fine,1,True,8.633104790528561e-05,0.5603401832367567,1.0,0.3885715276995308,accepted,SPEAKER_00
real_forced_m,long_00048_3570-8455-1284,s3,coarse_to_fine,1,False,0.00012935324680334967,-0.11756100773319467,0.9695891748622445,0.3852602296628444,margin,SPEAKER_02
real_index_order,long_00048_3570-8455-1284,s1,gated_deflation,0,True,0.0002358177828190877,0.4251894716871403,0.9945591609308424,0.7113142562083781,accepted,SPEAKER_01
real_index_order,long_00048_3570-8455-1284,s2,gated_deflation,0,True,8.633104790528561e-05,0.3440038987547814,0.9602585199494408,0.7972247937564287,accepted,SPEAKER_00
real_index_order,long_00048_3570-8455-1284,s3,gated_deflation,0,True,0.00012935324680334967,0.28619006476798386,0.9917663069894042,0.7324441677282668,accepted,SPEAKER_02
real_index_order,long_00048_3570-8455-1284,s1,coarse_to_fine,0,True,0.0002358177828190877,0.44875304767864155,0.9902260702260702,0.3043217485862208,accepted,SPEAKER_01
real_index_order,long_00048_3570-8455-1284,s2,coarse_to_fine,0,True,8.633104790528561e-05,0.366160102771511,1.0,0.3703616547686239,accepted,SPEAKER_00
real_index_order,long_00048_3570-8455-1284,s3,coarse_to_fine,0,False,0.00012935324680334967,0.050012987299453415,0.9695891748622445,0.3852602296628444,margin,SPEAKER_02
real_index_order,long_00048_3570-8455-1284,s1,coarse_to_fine,1,True,0.0002358177828190877,0.6401426825274188,1.0,0.2746584156304532,accepted,SPEAKER_01
real_index_order,long_00048_3570-8455-1284,s2,coarse_to_fine,1,True,8.633104790528561e-05,0.5603401832367567,1.0,0.3885715276995308,accepted,SPEAKER_00
real_index_order,long_00048_3570-8455-1284,s3,coarse_to_fine,1,False,0.00012935324680334967,-0.11756100773319467,0.9695891748622445,0.3852602296628444,margin,SPEAKER_02
oracle,long_00049_6829-3575-7021,s1,gated_deflation,0,True,0.0,0.24075291193613146,0.9397473040399164,0.7714137484035404,accepted,s1
oracle,long_00049_6829-3575-7021,s2,gated_deflation,0,True,0.0,0.19914819319257915,0.9143335287794391,0.7510311709914702,accepted,s2
oracle,long_00049_6829-3575-7021,s3,gated_deflation,0,True,0.0,0.5170459708534074,0.9525764019384828,0.7000967231792137,accepted,s3
oracle,long_00049_6829-3575-7021,s1,coarse_to_fine,0,True,0.0,0.22470795258538462,0.9397794946080799,0.44104231038230424,accepted,s1
oracle,long_00049_6829-3575-7021,s2,coarse_to_fine,0,False,0.0,-0.1530063664877953,0.9460727506840496,0.40849654814701924,margin,s2
oracle,long_00049_6829-3575-7021,s3,coarse_to_fine,0,True,0.0,0.4131999555155918,0.9247601621995846,0.32849269417952576,accepted,s3
oracle,long_00049_6829-3575-7021,s1,coarse_to_fine,1,True,0.0,0.447769808424396,0.9252535007242878,0.4416890928915083,accepted,s1
oracle,long_00049_6829-3575-7021,s2,coarse_to_fine,1,False,0.0,-0.3783977674853214,0.9460727506840496,0.40849654814701924,margin,s2
oracle,long_00049_6829-3575-7021,s3,coarse_to_fine,1,True,0.0,0.576937596218166,0.9109633072890911,0.2859117784710357,accepted,s3
real,long_00049_6829-3575-7021,s1,gated_deflation,0,False,4.0362833597124254e-05,0.09435646380842477,0.9819066800939913,0.7847253011337105,margin,SPEAKER_01
real,long_00049_6829-3575-7021,s2,gated_deflation,0,True,0.00023385607728625544,0.26389700004530897,0.946889478053614,0.7704313159249121,accepted,SPEAKER_02
real,long_00049_6829-3575-7021,s3,gated_deflation,0,True,5.080687629133773e-05,0.5283238598200846,0.9050084758822623,0.7208460641651424,accepted,SPEAKER_00
real,long_00049_6829-3575-7021,s1,coarse_to_fine,0,False,4.0362833597124254e-05,-0.02165814483345674,0.9622976269682857,0.4225375940045054,margin,SPEAKER_01
real,long_00049_6829-3575-7021,s2,coarse_to_fine,0,True,0.00023385607728625544,0.29266035617698344,0.9006905210295041,0.4333674320934903,accepted,SPEAKER_02
real,long_00049_6829-3575-7021,s3,coarse_to_fine,0,True,5.080687629133773e-05,0.3520804454907388,0.8990269930947897,0.31095704378179234,accepted,SPEAKER_00
real,long_00049_6829-3575-7021,s1,coarse_to_fine,1,False,4.0362833597124254e-05,-0.035173259564765025,0.9622976269682857,0.4225375940045054,margin,SPEAKER_01
real,long_00049_6829-3575-7021,s2,coarse_to_fine,1,True,0.00023385607728625544,0.5368388099304036,0.9005021971123666,0.4385403829498559,accepted,SPEAKER_02
real,long_00049_6829-3575-7021,s3,coarse_to_fine,1,True,5.080687629133773e-05,0.4603545576507765,0.898556183301946,0.239132033532268,accepted,SPEAKER_00
real_forced_m,long_00049_6829-3575-7021,s1,gated_deflation,0,False,4.0362833597124254e-05,0.09435646380842477,0.9819066800939913,0.7847253011337105,margin,SPEAKER_01
real_forced_m,long_00049_6829-3575-7021,s2,gated_deflation,0,True,0.00023385607728625544,0.26389700004530897,0.946889478053614,0.7704313159249121,accepted,SPEAKER_02
real_forced_m,long_00049_6829-3575-7021,s3,gated_deflation,0,True,5.080687629133773e-05,0.5283238598200846,0.9050084758822623,0.7208460641651424,accepted,SPEAKER_00
real_forced_m,long_00049_6829-3575-7021,s1,coarse_to_fine,0,False,4.0362833597124254e-05,-0.02165814483345674,0.9622976269682857,0.4225375940045054,margin,SPEAKER_01
real_forced_m,long_00049_6829-3575-7021,s2,coarse_to_fine,0,True,0.00023385607728625544,0.29266035617698344,0.9006905210295041,0.4333674320934903,accepted,SPEAKER_02
real_forced_m,long_00049_6829-3575-7021,s3,coarse_to_fine,0,True,5.080687629133773e-05,0.3520804454907388,0.8990269930947897,0.31095704378179234,accepted,SPEAKER_00
real_forced_m,long_00049_6829-3575-7021,s1,coarse_to_fine,1,False,4.0362833597124254e-05,-0.035173259564765025,0.9622976269682857,0.4225375940045054,margin,SPEAKER_01
real_forced_m,long_00049_6829-3575-7021,s2,coarse_to_fine,1,True,0.00023385607728625544,0.5368388099304036,0.9005021971123666,0.4385403829498559,accepted,SPEAKER_02
real_forced_m,long_00049_6829-3575-7021,s3,coarse_to_fine,1,True,5.080687629133773e-05,0.4603545576507765,0.898556183301946,0.239132033532268,accepted,SPEAKER_00
real_index_order,long_00049_6829-3575-7021,s1,gated_deflation,0,False,4.0362833597124254e-05,0.09435646380842477,0.9819066800939913,0.7847253011337105,margin,SPEAKER_01
real_index_order,long_00049_6829-3575-7021,s2,gated_deflation,0,True,0.00023385607728625544,0.2797483024916474,0.9426582041187971,0.7697938174541291,accepted,SPEAKER_02
real_index_order,long_00049_6829-3575-7021,s3,gated_deflation,0,True,5.080687629133773e-05,0.5207056092768114,0.9347819386654338,0.7242101142030095,accepted,SPEAKER_00
real_index_order,long_00049_6829-3575-7021,s1,coarse_to_fine,0,False,4.0362833597124254e-05,-0.02165814483345674,0.9622976269682857,0.4225375940045054,margin,SPEAKER_01
real_index_order,long_00049_6829-3575-7021,s2,coarse_to_fine,0,True,0.00023385607728625544,0.29266035617698344,0.9006905210295041,0.4333674320934903,accepted,SPEAKER_02
real_index_order,long_00049_6829-3575-7021,s3,coarse_to_fine,0,True,5.080687629133773e-05,0.3520804454907388,0.8990269930947897,0.31095704378179234,accepted,SPEAKER_00
real_index_order,long_00049_6829-3575-7021,s1,coarse_to_fine,1,False,4.0362833597124254e-05,-0.035173259564765025,0.9622976269682857,0.4225375940045054,margin,SPEAKER_01
real_index_order,long_00049_6829-3575-7021,s2,coarse_to_fine,1,True,0.00023385607728625544,0.5368388099304036,0.9005021971123666,0.4385403829498559,accepted,SPEAKER_02
real_index_order,long_00049_6829-3575-7021,s3,coarse_to_fine,1,True,5.080687629133773e-05,0.4603545576507765,0.898556183301946,0.239132033532268,accepted,SPEAKER_00
