diarization,scene,speaker,system,m,depth,si_sdr,deflation_index,n_accepted_before,refine_rounds,cluster,n_clusters
oracle,long_00000_5639-61-121,s1,no_recursion,3,1,60.79937408547777,,,0,s1,3
oracle,long_00000_5639-61-121,s1,no_recursion,3,2,-6.393495756449742,,,0,s1,3
oracle,long_00000_5639-61-121,s2,no_recursion,3,1,57.86617938150278,,,0,s2,3
oracle,long_00000_5639-61-121,s2,no_recursion,3,2,1.6907653768561186,,,0,s2,3
oracle,long_00000_5639-61-121,s3,no_recursion,3,1,88.15197268806631,,,0,s3,3
oracle,long_00000_5639-61-121,s3,no_recursion,3,2,-1.5335468985049363,,,0,s3,3
oracle,long_00000_5639-61-121,s1,ungated_deflation,3,1,60.79937408547777,0,0,0,s1,3
oracle,long_00000_5639-61-121,s1,ungated_deflation,3,2,-6.393495756449742,0,0,0,s1,3
oracle,long_00000_5639-61-121,s2,ungated_deflation,3,1,55.46900999904043,1,1,0,s2,3
oracle,long_00000_5639-61-121,s2,ungated_deflation,3,2,0.6954384403734125,1,1,0,s2,3
oracle,long_00000_5639-61-121,s3,ungated_deflation,3,1,78.91846757361118,2,2,0,s3,3
oracle,long_00000_5639-61-121,s3,ungated_deflation,3,2,-5.828020511724853,2,2,0,s3,3
oracle,long_00000_5639-61-121,s1,gated_deflation,3,1,60.79937408547777,0,0,0,s1,3
oracle,long_00000_5639-61-121,s1,gated_deflation,3,2,-6.393495756449742,0,0,0,s1,3
oracle,long_00000_5639-61-121,s2,gated_deflation,3,1,55.46900999904043,1,1,0,s2,3
oracle,long_00000_5639-61-121,s2,gated_deflation,3,2,0.6954384403734125,1,1,0,s2,3
oracle,long_00000_5639-61-121,s3,gated_deflation,3,1,78.91846757361118,2,2,0,s3,3
oracle,long_00000_5639-61-121,s3,gated_deflation,3,2,-5.828020511724853,2,2,0,s3,3
oracle,long_00000_5639-61-121,s1,coarse_to_fine,3,1,60.79937408547777,,,2,s1,3
oracle,long_00000_5639-61-121,s1,coarse_to_fine,3,2,-6.393495756449742,,,2,s1,3
oracle,long_00000_5639-61-121,s2,coarse_to_fine,3,1,57.71908169433836,,,2,s2,3
oracle,long_00000_5639-61-121,s2,coarse_to_fine,3,2,1.349597689868233,,,2,s2,3
oracle,long_00000_5639-61-121,s3,coarse_to_fine,3,1,88.15197268806631,,,2,s3,3
oracle,long_00000_5639-61-121,s3,coarse_to_fine,3,2,-1.5335468985049363,,,2,s3,3
real,long_00000_5639-61-121,s1,no_recursion,3,1,47.700052610728264,,,0,SPEAKER_01,3
real,long_00000_5639-61-121,s1,no_recursion,3,2,-6.057200567923697,,,0,SPEAKER_01,3
real,long_00000_5639-61-121,s2,no_recursion,3,1,28.42555418294658,,,0,SPEAKER_02,3
real,long_00000_5639-61-121,s2,no_recursion,3,2,-2.0728852254748267,,,0,SPEAKER_02,3
real,long_00000_5639-61-121,s3,no_recursion,3,1,35.45616652259341,,,0,SPEAKER_00,3
real,long_00000_5639-61-121,s3,no_recursion,3,2,-0.7496003339622626,,,0,SPEAKER_00,3
real,long_00000_5639-61-121,s1,ungated_deflation,3,1,47.700052610728264,0,0,0,SPEAKER_01,3
real,long_00000_5639-61-121,s1,ungated_deflation,3,2,-6.057200567923697,0,0,0,SPEAKER_01,3
real,long_00000_5639-61-121,s2,ungated_deflation,3,1,28.42555418294658,1,1,0,SPEAKER_02,3
real,long_00000_5639-61-121,s2,ungated_deflation,3,2,-1.673072029276793,1,1,0,SPEAKER_02,3
real,long_00000_5639-61-121,s3,ungated_deflation,3,1,35.45616652259341,2,2,0,SPEAKER_00,3
real,long_00000_5639-61-121,s3,ungated_deflation,3,2,-5.541237885395711,2,2,0,SPEAKER_00,3
real,long_00000_5639-61-121,s1,gated_deflation,3,1,47.700052610728264,0,0,0,SPEAKER_01,3
real,long_00000_5639-61-121,s1,gated_deflation,3,2,-6.057200567923697,0,0,0,SPEAKER_01,3
real,long_00000_5639-61-121,s2,gated_deflation,3,1,28.42555418294658,1,1,0,SPEAKER_02,3
real,long_00000_5639-61-121,s2,gated_deflation,3,2,-1.673072029276793,1,1,0,SPEAKER_02,3
real,long_00000_5639-61-121,s3,gated_deflation,3,1,35.45616652259341,2,2,0,SPEAKER_00,3
real,long_00000_5639-61-121,s3,gated_deflation,3,2,-5.541237885395711,2,2,0,SPEAKER_00,3
real,long_00000_5639-61-121,s1,coarse_to_fine,3,1,47.700052610728264,,,2,SPEAKER_01,3
real,long_00000_5639-61-121,s1,coarse_to_fine,3,2,-6.057200567923697,,,2,SPEAKER_01,3
real,long_00000_5639-61-121,s2,coarse_to_fine,3,1,28.42555418294658,,,2,SPEAKER_02,3
real,long_00000_5639-61-121,s2,coarse_to_fine,3,2,-1.5983795410580437,,,2,SPEAKER_02,3
real,long_00000_5639-61-121,s3,coarse_to_fine,3,1,35.45616652259341,,,2,SPEAKER_00,3
real,long_00000_5639-61-121,s3,coarse_to_fine,3,2,-0.7496003339622626,,,2,SPEAKER_00,3
real_forced_m,long_00000_5639-61-121,s1,no_recursion,3,1,47.700052610728264,,,0,SPEAKER_01,3
real_forced_m,long_00000_5639-61-121,s1,no_recursion,3,2,-6.057200567923697,,,0,SPEAKER_01,3
real_forced_m,long_00000_5639-61-121,s2,no_recursion,3,1,28.42555418294658,,,0,SPEAKER_02,3
real_forced_m,long_00000_5639-61-121,s2,no_recursion,3,2,-2.0728852254748267,,,0,SPEAKER_02,3
real_forced_m,long_00000_5639-61-121,s3,no_recursion,3,1,35.45616652259341,,,0,SPEAKER_00,3
real_forced_m,long_00000_5639-61-121,s3,no_recursion,3,2,-0.7496003339622626,,,0,SPEAKER_00,3
real_forced_m,long_00000_5639-61-121,s1,ungated_deflation,3,1,47.700052610728264,0,0,0,SPEAKER_01,3
real_forced_m,long_00000_5639-61-121,s1,ungated_deflation,3,2,-6.057200567923697,0,0,0,SPEAKER_01,3
real_forced_m,long_00000_5639-61-121,s2,ungated_deflation,3,1,28.42555418294658,1,1,0,SPEAKER_02,3
real_forced_m,long_00000_5639-61-121,s2,ungated_deflation,3,2,-1.673072029276793,1,1,0,SPEAKER_02,3
real_forced_m,long_00000_5639-61-121,s3,ungated_deflation,3,1,35.45616652259341,2,2,0,SPEAKER_00,3
real_forced_m,long_00000_5639-61-121,s3,ungated_deflation,3,2,-5.541237885395711,2,2,0,SPEAKER_00,3
real_forced_m,long_00000_5639-61-121,s1,gated_deflation,3,1,47.700052610728264,0,0,0,SPEAKER_01,3
real_forced_m,long_00000_5639-61-121,s1,gated_deflation,3,2,-6.057200567923697,0,0,0,SPEAKER_01,3
real_forced_m,long_00000_5639-61-121,s2,gated_deflation,3,1,28.42555418294658,1,1,0,SPEAKER_02,3
real_forced_m,long_00000_5639-61-121,s2,gated_deflation,3,2,-1.673072029276793,1,1,0,SPEAKER_02,3
real_forced_m,long_00000_5639-61-121,s3,gated_deflation,3,1,35.45616652259341,2,2,0,SPEAKER_00,3
real_forced_m,long_00000_5639-61-121,s3,gated_deflation,3,2,-5.541237885395711,2,2,0,SPEAKER_00,3
real_forced_m,long_00000_5639-61-121,s1,coarse_to_fine,3,1,47.700052610728264,,,2,SPEAKER_01,3
real_forced_m,long_00000_5639-61-121,s1,coarse_to_fine,3,2,-6.057200567923697,,,2,SPEAKER_01,3
real_forced_m,long_00000_5639-61-121,s2,coarse_to_fine,3,1,28.42555418294658,,,2,SPEAKER_02,3
real_forced_m,long_00000_5639-61-121,s2,coarse_to_fine,3,2,-1.5983795410580437,,,2,SPEAKER_02,3
real_forced_m,long_00000_5639-61-121,s3,coarse_to_fine,3,1,35.45616652259341,,,2,SPEAKER_00,3
real_forced_m,long_00000_5639-61-121,s3,coarse_to_fine,3,2,-0.7496003339622626,,,2,SPEAKER_00,3
real_index_order,long_00000_5639-61-121,s1,no_recursion,3,1,47.700052610728264,,,0,SPEAKER_01,3
real_index_order,long_00000_5639-61-121,s1,no_recursion,3,2,-6.057200567923697,,,0,SPEAKER_01,3
real_index_order,long_00000_5639-61-121,s2,no_recursion,3,1,28.42555418294658,,,0,SPEAKER_02,3
real_index_order,long_00000_5639-61-121,s2,no_recursion,3,2,-2.0728852254748267,,,0,SPEAKER_02,3
real_index_order,long_00000_5639-61-121,s3,no_recursion,3,1,35.45616652259341,,,0,SPEAKER_00,3
real_index_order,long_00000_5639-61-121,s3,no_recursion,3,2,-0.7496003339622626,,,0,SPEAKER_00,3
real_index_order,long_00000_5639-61-121,s1,ungated_deflation,3,1,47.700052610728264,0,0,0,SPEAKER_01,3
real_index_order,long_00000_5639-61-121,s1,ungated_deflation,3,2,-6.057200567923697,0,0,0,SPEAKER_01,3
real_index_order,long_00000_5639-61-121,s2,ungated_deflation,3,1,28.42555418294658,1,1,0,SPEAKER_02,3
real_index_order,long_00000_5639-61-121,s2,ungated_deflation,3,2,-1.673072029276793,1,1,0,SPEAKER_02,3
real_index_order,long_00000_5639-61-121,s3,ungated_deflation,3,1,35.45616652259341,2,2,0,SPEAKER_00,3
real_index_order,long_00000_5639-61-121,s3,ungated_deflation,3,2,-5.541237885395711,2,2,0,SPEAKER_00,3
real_index_order,long_00000_5639-61-121,s1,gated_deflation,3,1,47.700052610728264,0,0,0,SPEAKER_01,3
real_index_order,long_00000_5639-61-121,s1,gated_deflation,3,2,-6.057200567923697,0,0,0,SPEAKER_01,3
real_index_order,long_00000_5639-61-121,s2,gated_deflation,3,1,28.42555418294658,1,1,0,SPEAKER_02,3
real_index_order,long_00000_5639-61-121,s2,gated_deflation,3,2,-1.673072029276793,1,1,0,SPEAKER_02,3
real_index_order,long_00000_5639-61-121,s3,gated_deflation,3,1,35.45616652259341,2,2,0,SPEAKER_00,3
real_index_order,long_00000_5639-61-121,s3,gated_deflation,3,2,-5.541237885395711,2,2,0,SPEAKER_00,3
real_index_order,long_00000_5639-61-121,s1,coarse_to_fine,3,1,47.700052610728264,,,2,SPEAKER_01,3
real_index_order,long_00000_5639-61-121,s1,coarse_to_fine,3,2,-6.057200567923697,,,2,SPEAKER_01,3
real_index_order,long_00000_5639-61-121,s2,coarse_to_fine,3,1,28.42555418294658,,,2,SPEAKER_02,3
real_index_order,long_00000_5639-61-121,s2,coarse_to_fine,3,2,-1.5983795410580437,,,2,SPEAKER_02,3
real_index_order,long_00000_5639-61-121,s3,coarse_to_fine,3,1,35.45616652259341,,,2,SPEAKER_00,3
real_index_order,long_00000_5639-61-121,s3,coarse_to_fine,3,2,-0.7496003339622626,,,2,SPEAKER_00,3
oracle,long_00001_3729-2300-8230,s1,no_recursion,3,1,73.45708658929459,,,0,s1,3
oracle,long_00001_3729-2300-8230,s1,no_recursion,3,2,2.992716065849814,,,0,s1,3
oracle,long_00001_3729-2300-8230,s2,no_recursion,3,1,44.559914846736405,,,0,s2,3
oracle,long_00001_3729-2300-8230,s2,no_recursion,3,2,5.576527015091948,,,0,s2,3
oracle,long_00001_3729-2300-8230,s3,no_recursion,3,1,52.48146327465544,,,0,s3,3
oracle,long_00001_3729-2300-8230,s3,no_recursion,3,2,-4.547991386360529,,,0,s3,3
oracle,long_00001_3729-2300-8230,s1,ungated_deflation,3,1,73.45708658929459,0,0,0,s1,3
oracle,long_00001_3729-2300-8230,s1,ungated_deflation,3,2,2.992716065849814,0,0,0,s1,3
oracle,long_00001_3729-2300-8230,s2,ungated_deflation,3,1,43.77738191432924,1,1,0,s2,3
oracle,long_00001_3729-2300-8230,s2,ungated_deflation,3,2,4.632814063156784,1,1,0,s2,3
oracle,long_00001_3729-2300-8230,s3,ungated_deflation,3,1,48.265780277324794,2,2,0,s3,3
oracle,long_00001_3729-2300-8230,s3,ungated_deflation,3,2,-6.0750262090692875,2,2,0,s3,3
oracle,long_00001_3729-2300-8230,s1,gated_deflation,3,1,73.45708658929459,0,0,0,s1,3
oracle,long_00001_3729-2300-8230,s1,gated_deflation,3,2,2.992716065849814,0,0,0,s1,3
oracle,long_00001_3729-2300-8230,s2,gated_deflation,3,1,43.77738191432924,1,1,0,s2,3
oracle,long_00001_3729-2300-8230,s2,gated_deflation,3,2,4.632814063156784,1,1,0,s2,3
oracle,long_00001_3729-2300-8230,s3,gated_deflation,3,1,48.265780277324794,2,2,0,s3,3
oracle,long_00001_3729-2300-8230,s3,gated_deflation,3,2,-6.0750262090692875,2,2,0,s3,3
oracle,long_00001_3729-2300-8230,s1,coarse_to_fine,3,1,73.45897124137879,,,2,s1,3
oracle,long_00001_3729-2300-8230,s1,coarse_to_fine,3,2,0.8045135751058401,,,2,s1,3
oracle,long_00001_3729-2300-8230,s2,coarse_to_fine,3,1,44.131889244249294,,,2,s2,3
oracle,long_00001_3729-2300-8230,s2,coarse_to_fine,3,2,4.9524223773114056,,,2,s2,3
oracle,long_00001_3729-2300-8230,s3,coarse_to_fine,3,1,52.48146327465544,,,2,s3,3
oracle,long_00001_3729-2300-8230,s3,coarse_to_fine,3,2,-4.547991386360529,,,2,s3,3
real,long_00001_3729-2300-8230,s1,no_recursion,3,1,34.011568406997924,,,0,SPEAKER_02,3
real,long_00001_3729-2300-8230,s1,no_recursion,3,2,-1.6317005490091527,,,0,SPEAKER_02,3
real,long_00001_3729-2300-8230,s2,no_recursion,3,1,94.03269338645286,,,0,SPEAKER_00,3
real,long_00001_3729-2300-8230,s2,no_recursion,3,2,2.4323987954886497,,,0,SPEAKER_00,3
real,long_00001_3729-2300-8230,s3,no_recursion,3,1,59.53255497861917,,,0,SPEAKER_01,3
real,long_00001_3729-2300-8230,s3,no_recursion,3,2,-8.124886001764756,,,0,SPEAKER_01,3
real,long_00001_3729-2300-8230,s1,ungated_deflation,3,1,34.011568406997924,1,1,0,SPEAKER_02,3
real,long_00001_3729-2300-8230,s1,ungated_deflation,3,2,-5.310933781805543,1,1,0,SPEAKER_02,3
real,long_00001_3729-2300-8230,s2,ungated_deflation,3,1,94.03269338645286,0,0,0,SPEAKER_00,3
real,long_00001_3729-2300-8230,s2,ungated_deflation,3,2,2.4323987954886497,0,0,0,SPEAKER_00,3
real,long_00001_3729-2300-8230,s3,ungated_deflation,3,1,59.53255497861917,2,2,0,SPEAKER_01,3
real,long_00001_3729-2300-8230,s3,ungated_deflation,3,2,-8.970761297239886,2,2,0,SPEAKER_01,3
real,long_00001_3729-2300-8230,s1,gated_deflation,3,1,34.011568406997924,1,1,0,SPEAKER_02,3
real,long_00001_3729-2300-8230,s1,gated_deflation,3,2,-5.310933781805543,1,1,0,SPEAKER_02,3
real,long_00001_3729-2300-8230,s2,gated_deflation,3,1,94.03269338645286,0,0,0,SPEAKER_00,3
real,long_00001_3729-2300-8230,s2,gated_deflation,3,2,2.4323987954886497,0,0,0,SPEAKER_00,3
real,long_00001_3729-2300-8230,s3,gated_deflation,3,1,59.53255497861917,2,2,0,SPEAKER_01,3
real,long_00001_3729-2300-8230,s3,gated_deflation,3,2,-8.970761297239886,2,2,0,SPEAKER_01,3
real,long_00001_3729-2300-8230,s1,coarse_to_fine,3,1,34.011568406997924,,,2,SPEAKER_02,3
real,long_00001_3729-2300-8230,s1,coarse_to_fine,3,2,-0.7024650685774813,,,2,SPEAKER_02,3
real,long_00001_3729-2300-8230,s2,coarse_to_fine,3,1,94.03269338645286,,,2,SPEAKER_00,3
real,long_00001_3729-2300-8230,s2,coarse_to_fine,3,2,2.2162409796683877,,,2,SPEAKER_00,3
real,long_00001_3729-2300-8230,s3,coarse_to_fine,3,1,59.53255497861917,,,2,SPEAKER_01,3
real,long_00001_3729-2300-8230,s3,coarse_to_fine,3,2,-8.124886001764756,,,2,SPEAKER_01,3
real_forced_m,long_00001_3729-2300-8230,s1,no_recursion,3,1,34.011568406997924,,,0,SPEAKER_02,3
real_forced_m,long_00001_3729-2300-8230,s1,no_recursion,3,2,-1.6317005490091527,,,0,SPEAKER_02,3
real_forced_m,long_00001_3729-2300-8230,s2,no_recursion,3,1,94.03269338645286,,,0,SPEAKER_00,3
real_forced_m,long_00001_3729-2300-8230,s2,no_recursion,3,2,2.4323987954886497,,,0,SPEAKER_00,3
real_forced_m,long_00001_3729-2300-8230,s3,no_recursion,3,1,59.53255497861917,,,0,SPEAKER_01,3
real_forced_m,long_00001_3729-2300-8230,s3,no_recursion,3,2,-8.124886001764756,,,0,SPEAKER_01,3
real_forced_m,long_00001_3729-2300-8230,s1,ungated_deflation,3,1,34.011568406997924,1,1,0,SPEAKER_02,3
real_forced_m,long_00001_3729-2300-8230,s1,ungated_deflation,3,2,-5.310933781805543,1,1,0,SPEAKER_02,3
real_forced_m,long_00001_3729-2300-8230,s2,ungated_deflation,3,1,94.03269338645286,0,0,0,SPEAKER_00,3
real_forced_m,long_00001_3729-2300-8230,s2,ungated_deflation,3,2,2.4323987954886497,0,0,0,SPEAKER_00,3
real_forced_m,long_00001_3729-2300-8230,s3,ungated_deflation,3,1,59.53255497861917,2,2,0,SPEAKER_01,3
real_forced_m,long_00001_3729-2300-8230,s3,ungated_deflation,3,2,-8.970761297239886,2,2,0,SPEAKER_01,3
real_forced_m,long_00001_3729-2300-8230,s1,gated_deflation,3,1,34.011568406997924,1,1,0,SPEAKER_02,3
real_forced_m,long_00001_3729-2300-8230,s1,gated_deflation,3,2,-5.310933781805543,1,1,0,SPEAKER_02,3
real_forced_m,long_00001_3729-2300-8230,s2,gated_deflation,3,1,94.03269338645286,0,0,0,SPEAKER_00,3
real_forced_m,long_00001_3729-2300-8230,s2,gated_deflation,3,2,2.4323987954886497,0,0,0,SPEAKER_00,3
real_forced_m,long_00001_3729-2300-8230,s3,gated_deflation,3,1,59.53255497861917,2,2,0,SPEAKER_01,3
real_forced_m,long_00001_3729-2300-8230,s3,gated_deflation,3,2,-8.970761297239886,2,2,0,SPEAKER_01,3
real_forced_m,long_00001_3729-2300-8230,s1,coarse_to_fine,3,1,34.011568406997924,,,2,SPEAKER_02,3
real_forced_m,long_00001_3729-2300-8230,s1,coarse_to_fine,3,2,-0.7024650685774813,,,2,SPEAKER_02,3
real_forced_m,long_00001_3729-2300-8230,s2,coarse_to_fine,3,1,94.03269338645286,,,2,SPEAKER_00,3
real_forced_m,long_00001_3729-2300-8230,s2,coarse_to_fine,3,2,2.2162409796683877,,,2,SPEAKER_00,3
real_forced_m,long_00001_3729-2300-8230,s3,coarse_to_fine,3,1,59.53255497861917,,,2,SPEAKER_01,3
real_forced_m,long_00001_3729-2300-8230,s3,coarse_to_fine,3,2,-8.124886001764756,,,2,SPEAKER_01,3
real_index_order,long_00001_3729-2300-8230,s1,no_recursion,3,1,34.011568406997924,,,0,SPEAKER_02,3
real_index_order,long_00001_3729-2300-8230,s1,no_recursion,3,2,-1.6317005490091527,,,0,SPEAKER_02,3
real_index_order,long_00001_3729-2300-8230,s2,no_recursion,3,1,94.03269338645286,,,0,SPEAKER_00,3
real_index_order,long_00001_3729-2300-8230,s2,no_recursion,3,2,2.4323987954886497,,,0,SPEAKER_00,3
real_index_order,long_00001_3729-2300-8230,s3,no_recursion,3,1,59.53255497861917,,,0,SPEAKER_01,3
real_index_order,long_00001_3729-2300-8230,s3,no_recursion,3,2,-8.124886001764756,,,0,SPEAKER_01,3
real_index_order,long_00001_3729-2300-8230,s1,ungated_deflation,3,1,34.011568406997924,0,0,0,SPEAKER_02,3
real_index_order,long_00001_3729-2300-8230,s1,ungated_deflation,3,2,-1.6317005490091527,0,0,0,SPEAKER_02,3
real_index_order,long_00001_3729-2300-8230,s2,ungated_deflation,3,1,94.03269338645286,1,1,0,SPEAKER_00,3
real_index_order,long_00001_3729-2300-8230,s2,ungated_deflation,3,2,1.8279193562384997,1,1,0,SPEAKER_00,3
real_index_order,long_00001_3729-2300-8230,s3,ungated_deflation,3,1,59.53255497861917,2,2,0,SPEAKER_01,3
real_index_order,long_00001_3729-2300-8230,s3,ungated_deflation,3,2,-9.556977423065101,2,2,0,SPEAKER_01,3
real_index_order,long_00001_3729-2300-8230,s1,gated_deflation,3,1,34.011568406997924,0,0,0,SPEAKER_02,3
real_index_order,long_00001_3729-2300-8230,s1,gated_deflation,3,2,-1.6317005490091527,0,0,0,SPEAKER_02,3
real_index_order,long_00001_3729-2300-8230,s2,gated_deflation,3,1,94.03269338645286,1,1,0,SPEAKER_00,3
real_index_order,long_00001_3729-2300-8230,s2,gated_deflation,3,2,1.8279193562384997,1,1,0,SPEAKER_00,3
real_index_order,long_00001_3729-2300-8230,s3,gated_deflation,3,1,59.53255497861917,2,2,0,SPEAKER_01,3
real_index_order,long_00001_3729-2300-8230,s3,gated_deflation,3,2,-9.556977423065101,2,2,0,SPEAKER_01,3
real_index_order,long_00001_3729-2300-8230,s1,coarse_to_fine,3,1,34.011568406997924,,,2,SPEAKER_02,3
real_index_order,long_00001_3729-2300-8230,s1,coarse_to_fine,3,2,-0.7024650685774813,,,2,SPEAKER_02,3
real_index_order,long_00001_3729-2300-8230,s2,coarse_to_fine,3,1,94.03269338645286,,,2,SPEAKER_00,3
real_index_order,long_00001_3729-2300-8230,s2,coarse_to_fine,3,2,2.2162409796683877,,,2,SPEAKER_00,3
real_index_order,long_00001_3729-2300-8230,s3,coarse_to_fine,3,1,59.53255497861917,,,2,SPEAKER_01,3
real_index_order,long_00001_3729-2300-8230,s3,coarse_to_fine,3,2,-8.124886001764756,,,2,SPEAKER_01,3
oracle,long_00002_4077-237-2300,s1,no_recursion,3,1,45.47358481605738,,,0,s1,3
oracle,long_00002_4077-237-2300,s1,no_recursion,3,2,1.8124856681220483,,,0,s1,3
oracle,long_00002_4077-237-2300,s2,no_recursion,3,1,38.244093298738356,,,0,s2,3
oracle,long_00002_4077-237-2300,s2,no_recursion,3,2,2.976950201891599,,,0,s2,3
oracle,long_00002_4077-237-2300,s3,no_recursion,3,1,43.92947104145439,,,0,s3,3
oracle,long_00002_4077-237-2300,s3,no_recursion,3,2,7.168572142969517,,,0,s3,3
oracle,long_00002_4077-237-2300,s1,ungated_deflation,3,1,45.47358481605738,0,0,0,s1,3
oracle,long_00002_4077-237-2300,s1,ungated_deflation,3,2,1.8124856681220483,0,0,0,s1,3
oracle,long_00002_4077-237-2300,s2,ungated_deflation,3,1,36.25010864602328,1,1,0,s2,3
oracle,long_00002_4077-237-2300,s2,ungated_deflation,3,2,-0.6172908615330002,1,1,0,s2,3
oracle,long_00002_4077-237-2300,s3,ungated_deflation,3,1,36.89321772835267,2,2,0,s3,3
oracle,long_00002_4077-237-2300,s3,ungated_deflation,3,2,2.229963561682288,2,2,0,s3,3
oracle,long_00002_4077-237-2300,s1,gated_deflation,3,1,45.47358481605738,0,0,0,s1,3
oracle,long_00002_4077-237-2300,s1,gated_deflation,3,2,1.8124856681220483,0,0,0,s1,3
oracle,long_00002_4077-237-2300,s2,gated_deflation,3,1,36.25010864602328,1,1,0,s2,3
oracle,long_00002_4077-237-2300,s2,gated_deflation,3,2,-0.6172908615330002,1,1,0,s2,3
oracle,long_00002_4077-237-2300,s3,gated_deflation,3,1,36.89321772835267,2,2,0,s3,3
oracle,long_00002_4077-237-2300,s3,gated_deflation,3,2,2.229963561682288,2,2,0,s3,3
oracle,long_00002_4077-237-2300,s1,coarse_to_fine,3,1,45.6944447798556,,,2,s1,3
oracle,long_00002_4077-237-2300,s1,coarse_to_fine,3,2,1.8744145249512445,,,2,s1,3
oracle,long_00002_4077-237-2300,s2,coarse_to_fine,3,1,38.968746914312646,,,2,s2,3
oracle,long_00002_4077-237-2300,s2,coarse_to_fine,3,2,-2.912978497028975,,,2,s2,3
oracle,long_00002_4077-237-2300,s3,coarse_to_fine,3,1,44.23986298331519,,,2,s3,3
oracle,long_00002_4077-237-2300,s3,coarse_to_fine,3,2,6.761791236951944,,,2,s3,3
real,long_00002_4077-237-2300,s1,no_recursion,3,1,52.94067921697446,,,0,SPEAKER_01,3
real,long_00002_4077-237-2300,s1,no_recursion,3,2,-0.6666001906141164,,,0,SPEAKER_01,3
real,long_00002_4077-237-2300,s2,no_recursion,3,1,40.59209777517981,,,0,SPEAKER_00,3
real,long_00002_4077-237-2300,s2,no_recursion,3,2,1.1932376687902484,,,0,SPEAKER_00,3
real,long_00002_4077-237-2300,s3,no_recursion,3,1,46.9425126348612,,,0,SPEAKER_02,3
real,long_00002_4077-237-2300,s3,no_recursion,3,2,-1.2650046610409689,,,0,SPEAKER_02,3
real,long_00002_4077-237-2300,s1,ungated_deflation,3,1,52.94067921697446,2,2,0,SPEAKER_01,3
real,long_00002_4077-237-2300,s1,ungated_deflation,3,2,-0.18868565431700923,2,2,0,SPEAKER_01,3
real,long_00002_4077-237-2300,s2,ungated_deflation,3,1,40.59209777517981,1,1,0,SPEAKER_00,3
real,long_00002_4077-237-2300,s2,ungated_deflation,3,2,-0.31205930826736294,1,1,0,SPEAKER_00,3
real,long_00002_4077-237-2300,s3,ungated_deflation,3,1,46.9425126348612,0,0,0,SPEAKER_02,3
real,long_00002_4077-237-2300,s3,ungated_deflation,3,2,-1.2650046610409689,0,0,0,SPEAKER_02,3
real,long_00002_4077-237-2300,s1,gated_deflation,3,1,52.94067921697446,2,2,0,SPEAKER_01,3
real,long_00002_4077-237-2300,s1,gated_deflation,3,2,-0.18868565431700923,2,2,0,SPEAKER_01,3
real,long_00002_4077-237-2300,s2,gated_deflation,3,1,40.59209777517981,1,1,0,SPEAKER_00,3
real,long_00002_4077-237-2300,s2,gated_deflation,3,2,-0.31205930826736294,1,1,0,SPEAKER_00,3
real,long_00002_4077-237-2300,s3,gated_deflation,3,1,46.9425126348612,0,0,0,SPEAKER_02,3
real,long_00002_4077-237-2300,s3,gated_deflation,3,2,-1.2650046610409689,0,0,0,SPEAKER_02,3
real,long_00002_4077-237-2300,s1,coarse_to_fine,3,1,52.94067921697446,,,2,SPEAKER_01,3
real,long_00002_4077-237-2300,s1,coarse_to_fine,3,2,-0.4814156588798959,,,2,SPEAKER_01,3
real,long_00002_4077-237-2300,s2,coarse_to_fine,3,1,40.59209777517981,,,2,SPEAKER_00,3
real,long_00002_4077-237-2300,s2,coarse_to_fine,3,2,-3.2807902514130665,,,2,SPEAKER_00,3
real,long_00002_4077-237-2300,s3,coarse_to_fine,3,1,46.9425126348612,,,2,SPEAKER_02,3
real,long_00002_4077-237-2300,s3,coarse_to_fine,3,2,-1.2513753316757006,,,2,SPEAKER_02,3
real_forced_m,long_00002_4077-237-2300,s1,no_recursion,3,1,52.94067921697446,,,0,SPEAKER_01,3
real_forced_m,long_00002_4077-237-2300,s1,no_recursion,3,2,-0.6666001906141164,,,0,SPEAKER_01,3
real_forced_m,long_00002_4077-237-2300,s2,no_recursion,3,1,40.59209777517981,,,0,SPEAKER_00,3
real_forced_m,long_00002_4077-237-2300,s2,no_recursion,3,2,1.1932376687902484,,,0,SPEAKER_00,3
real_forced_m,long_00002_4077-237-2300,s3,no_recursion,3,1,46.9425126348612,,,0,SPEAKER_02,3
real_forced_m,long_00002_4077-237-2300,s3,no_recursion,3,2,-1.2650046610409689,,,0,SPEAKER_02,3
real_forced_m,long_00002_4077-237-2300,s1,ungated_deflation,3,1,52.94067921697446,2,2,0,SPEAKER_01,3
real_forced_m,long_00002_4077-237-2300,s1,ungated_deflation,3,2,-0.18868565431700923,2,2,0,SPEAKER_01,3
real_forced_m,long_00002_4077-237-2300,s2,ungated_deflation,3,1,40.59209777517981,1,1,0,SPEAKER_00,3
real_forced_m,long_00002_4077-237-2300,s2,ungated_deflation,3,2,-0.31205930826736294,1,1,0,SPEAKER_00,3
real_forced_m,long_00002_4077-237-2300,s3,ungated_deflation,3,1,46.9425126348612,0,0,0,SPEAKER_02,3
real_forced_m,long_00002_4077-237-2300,s3,ungated_deflation,3,2,-1.2650046610409689,0,0,0,SPEAKER_02,3
real_forced_m,long_00002_4077-237-2300,s1,gated_deflation,3,1,52.94067921697446,2,2,0,SPEAKER_01,3
real_forced_m,long_00002_4077-237-2300,s1,gated_deflation,3,2,-0.18868565431700923,2,2,0,SPEAKER_01,3
real_forced_m,long_00002_4077-237-2300,s2,gated_deflation,3,1,40.59209777517981,1,1,0,SPEAKER_00,3
real_forced_m,long_00002_4077-237-2300,s2,gated_deflation,3,2,-0.31205930826736294,1,1,0,SPEAKER_00,3
real_forced_m,long_00002_4077-237-2300,s3,gated_deflation,3,1,46.9425126348612,0,0,0,SPEAKER_02,3
real_forced_m,long_00002_4077-237-2300,s3,gated_deflation,3,2,-1.2650046610409689,0,0,0,SPEAKER_02,3
real_forced_m,long_00002_4077-237-2300,s1,coarse_to_fine,3,1,52.94067921697446,,,2,SPEAKER_01,3
real_forced_m,long_00002_4077-237-2300,s1,coarse_to_fine,3,2,-0.4814156588798959,,,2,SPEAKER_01,3
real_forced_m,long_00002_4077-237-2300,s2,coarse_to_fine,3,1,40.59209777517981,,,2,SPEAKER_00,3
real_forced_m,long_00002_4077-237-2300,s2,coarse_to_fine,3,2,-3.2807902514130665,,,2,SPEAKER_00,3
real_forced_m,long_00002_4077-237-2300,s3,coarse_to_fine,3,1,46.9425126348612,,,2,SPEAKER_02,3
real_forced_m,long_00002_4077-237-2300,s3,coarse_to_fine,3,2,-1.2513753316757006,,,2,SPEAKER_02,3
real_index_order,long_00002_4077-237-2300,s1,no_recursion,3,1,52.94067921697446,,,0,SPEAKER_01,3
real_index_order,long_00002_4077-237-2300,s1,no_recursion,3,2,-0.6666001906141164,,,0,SPEAKER_01,3
real_index_order,long_00002_4077-237-2300,s2,no_recursion,3,1,40.59209777517981,,,0,SPEAKER_00,3
real_index_order,long_00002_4077-237-2300,s2,no_recursion,3,2,1.1932376687902484,,,0,SPEAKER_00,3
real_index_order,long_00002_4077-237-2300,s3,no_recursion,3,1,46.9425126348612,,,0,SPEAKER_02,3
real_index_order,long_00002_4077-237-2300,s3,no_recursion,3,2,-1.2650046610409689,,,0,SPEAKER_02,3
real_index_order,long_00002_4077-237-2300,s1,ungated_deflation,3,1,52.94067921697446,0,0,0,SPEAKER_01,3
real_index_order,long_00002_4077-237-2300,s1,ungated_deflation,3,2,-0.6666001906141164,0,0,0,SPEAKER_01,3
real_index_order,long_00002_4077-237-2300,s2,ungated_deflation,3,1,40.59209777517981,1,1,0,SPEAKER_00,3
real_index_order,long_00002_4077-237-2300,s2,ungated_deflation,3,2,-1.7177961953285024,1,1,0,SPEAKER_00,3
real_index_order,long_00002_4077-237-2300,s3,ungated_deflation,3,1,46.9425126348612,2,2,0,SPEAKER_02,3
real_index_order,long_00002_4077-237-2300,s3,ungated_deflation,3,2,-1.8971429272030746,2,2,0,SPEAKER_02,3
real_index_order,long_00002_4077-237-2300,s1,gated_deflation,3,1,52.94067921697446,0,0,0,SPEAKER_01,3
real_index_order,long_00002_4077-237-2300,s1,gated_deflation,3,2,-0.6666001906141164,0,0,0,SPEAKER_01,3
real_index_order,long_00002_4077-237-2300,s2,gated_deflation,3,1,40.59209777517981,1,1,0,SPEAKER_00,3
real_index_order,long_00002_4077-237-2300,s2,gated_deflation,3,2,-1.7177961953285024,1,1,0,SPEAKER_00,3
real_index_order,long_00002_4077-237-2300,s3,gated_deflation,3,1,46.9425126348612,2,2,0,SPEAKER_02,3
real_index_order,long_00002_4077-237-2300,s3,gated_deflation,3,2,-1.8971429272030746,2,2,0,SPEAKER_02,3
real_index_order,long_00002_4077-237-2300,s1,coarse_to_fine,3,1,52.94067921697446,,,2,SPEAKER_01,3
real_index_order,long_00002_4077-237-2300,s1,coarse_to_fine,3,2,-0.4814156588798959,,,2,SPEAKER_01,3
real_index_order,long_00002_4077-237-2300,s2,coarse_to_fine,3,1,40.59209777517981,,,2,SPEAKER_00,3
real_index_order,long_00002_4077-237-2300,s2,coarse_to_fine,3,2,-3.2807902514130665,,,2,SPEAKER_00,3
real_index_order,long_00002_4077-237-2300,s3,coarse_to_fine,3,1,46.9425126348612,,,2,SPEAKER_02,3
real_index_order,long_00002_4077-237-2300,s3,coarse_to_fine,3,2,-1.2513753316757006,,,2,SPEAKER_02,3
oracle,long_00003_4507-7176-8455,s1,no_recursion,3,1,57.08113785239122,,,0,s1,3
oracle,long_00003_4507-7176-8455,s1,no_recursion,3,2,3.955943560423697,,,0,s1,3
oracle,long_00003_4507-7176-8455,s2,no_recursion,3,1,37.5122205497564,,,0,s2,3
oracle,long_00003_4507-7176-8455,s2,no_recursion,3,2,2.2899439564553834,,,0,s2,3
oracle,long_00003_4507-7176-8455,s3,no_recursion,3,1,48.71508237584102,,,0,s3,3
oracle,long_00003_4507-7176-8455,s3,no_recursion,3,2,-0.08775401932426935,,,0,s3,3
oracle,long_00003_4507-7176-8455,s1,ungated_deflation,3,1,57.08113785239122,0,0,0,s1,3
oracle,long_00003_4507-7176-8455,s1,ungated_deflation,3,2,3.955943560423697,0,0,0,s1,3
oracle,long_00003_4507-7176-8455,s2,ungated_deflation,3,1,37.82864576687533,1,1,0,s2,3
oracle,long_00003_4507-7176-8455,s2,ungated_deflation,3,2,2.2930212082323305,1,1,0,s2,3
oracle,long_00003_4507-7176-8455,s3,ungated_deflation,3,1,47.02706711831321,2,2,0,s3,3
oracle,long_00003_4507-7176-8455,s3,ungated_deflation,3,2,-2.0173532246026453,2,2,0,s3,3
oracle,long_00003_4507-7176-8455,s1,gated_deflation,3,1,57.08113785239122,0,0,0,s1,3
oracle,long_00003_4507-7176-8455,s1,gated_deflation,3,2,3.955943560423697,0,0,0,s1,3
oracle,long_00003_4507-7176-8455,s2,gated_deflation,3,1,37.82864576687533,1,1,0,s2,3
oracle,long_00003_4507-7176-8455,s2,gated_deflation,3,2,2.2930212082323305,1,1,0,s2,3
oracle,long_00003_4507-7176-8455,s3,gated_deflation,3,1,47.02706711831321,2,2,0,s3,3
oracle,long_00003_4507-7176-8455,s3,gated_deflation,3,2,-2.0173532246026453,2,2,0,s3,3
oracle,long_00003_4507-7176-8455,s1,coarse_to_fine,3,1,57.08113785239122,,,2,s1,3
oracle,long_00003_4507-7176-8455,s1,coarse_to_fine,3,2,3.955943560423697,,,2,s1,3
oracle,long_00003_4507-7176-8455,s2,coarse_to_fine,3,1,37.85417149964114,,,2,s2,3
oracle,long_00003_4507-7176-8455,s2,coarse_to_fine,3,2,2.915652083749134,,,2,s2,3
oracle,long_00003_4507-7176-8455,s3,coarse_to_fine,3,1,49.594748781435555,,,2,s3,3
oracle,long_00003_4507-7176-8455,s3,coarse_to_fine,3,2,-1.4369121462460965,,,2,s3,3
real,long_00003_4507-7176-8455,s1,no_recursion,3,1,39.57839850202721,,,0,SPEAKER_01,3
real,long_00003_4507-7176-8455,s1,no_recursion,3,2,-0.28446375502590776,,,0,SPEAKER_01,3
real,long_00003_4507-7176-8455,s2,no_recursion,3,1,inf,,,0,SPEAKER_02,3
real,long_00003_4507-7176-8455,s2,no_recursion,3,2,0.3115585525447494,,,0,SPEAKER_02,3
real,long_00003_4507-7176-8455,s3,no_recursion,3,1,33.06568516969357,,,0,SPEAKER_00,3
real,long_00003_4507-7176-8455,s3,no_recursion,3,2,-2.0384240405092737,,,0,SPEAKER_00,3
real,long_00003_4507-7176-8455,s1,ungated_deflation,3,1,39.57839850202721,1,1,0,SPEAKER_01,3
real,long_00003_4507-7176-8455,s1,ungated_deflation,3,2,-0.12461410881947693,1,1,0,SPEAKER_01,3
real,long_00003_4507-7176-8455,s2,ungated_deflation,3,1,inf,2,2,0,SPEAKER_02,3
real,long_00003_4507-7176-8455,s2,ungated_deflation,3,2,-2.007708083105458,2,2,0,SPEAKER_02,3
real,long_00003_4507-7176-8455,s3,ungated_deflation,3,1,33.06568516969357,0,0,0,SPEAKER_00,3
real,long_00003_4507-7176-8455,s3,ungated_deflation,3,2,-2.0384240405092737,0,0,0,SPEAKER_00,3
real,long_00003_4507-7176-8455,s1,gated_deflation,3,1,39.57839850202721,1,1,0,SPEAKER_01,3
real,long_00003_4507-7176-8455,s1,gated_deflation,3,2,-0.12461410881947693,1,1,0,SPEAKER_01,3
real,long_00003_4507-7176-8455,s2,gated_deflation,3,1,inf,2,2,0,SPEAKER_02,3
real,long_00003_4507-7176-8455,s2,gated_deflation,3,2,-2.007708083105458,2,2,0,SPEAKER_02,3
real,long_00003_4507-7176-8455,s3,gated_deflation,3,1,33.06568516969357,0,0,0,SPEAKER_00,3
real,long_00003_4507-7176-8455,s3,gated_deflation,3,2,-2.0384240405092737,0,0,0,SPEAKER_00,3
real,long_00003_4507-7176-8455,s1,coarse_to_fine,3,1,39.57839850202721,,,2,SPEAKER_01,3
real,long_00003_4507-7176-8455,s1,coarse_to_fine,3,2,-0.28446375502590776,,,2,SPEAKER_01,3
real,long_00003_4507-7176-8455,s2,coarse_to_fine,3,1,inf,,,2,SPEAKER_02,3
real,long_00003_4507-7176-8455,s2,coarse_to_fine,3,2,0.5794390315345757,,,2,SPEAKER_02,3
real,long_00003_4507-7176-8455,s3,coarse_to_fine,3,1,33.06568516969357,,,2,SPEAKER_00,3
real,long_00003_4507-7176-8455,s3,coarse_to_fine,3,2,-2.4789941426371236,,,2,SPEAKER_00,3
real_forced_m,long_00003_4507-7176-8455,s1,no_recursion,3,1,39.57839850202721,,,0,SPEAKER_01,3
real_forced_m,long_00003_4507-7176-8455,s1,no_recursion,3,2,-0.28446375502590776,,,0,SPEAKER_01,3
real_forced_m,long_00003_4507-7176-8455,s2,no_recursion,3,1,inf,,,0,SPEAKER_02,3
real_forced_m,long_00003_4507-7176-8455,s2,no_recursion,3,2,0.3115585525447494,,,0,SPEAKER_02,3
real_forced_m,long_00003_4507-7176-8455,s3,no_recursion,3,1,33.06568516969357,,,0,SPEAKER_00,3
real_forced_m,long_00003_4507-7176-8455,s3,no_recursion,3,2,-2.0384240405092737,,,0,SPEAKER_00,3
real_forced_m,long_00003_4507-7176-8455,s1,ungated_deflation,3,1,39.57839850202721,1,1,0,SPEAKER_01,3
real_forced_m,long_00003_4507-7176-8455,s1,ungated_deflation,3,2,-0.12461410881947693,1,1,0,SPEAKER_01,3
real_forced_m,long_00003_4507-7176-8455,s2,ungated_deflation,3,1,inf,2,2,0,SPEAKER_02,3
real_forced_m,long_00003_4507-7176-8455,s2,ungated_deflation,3,2,-2.007708083105458,2,2,0,SPEAKER_02,3
real_forced_m,long_00003_4507-7176-8455,s3,ungated_deflation,3,1,33.06568516969357,0,0,0,SPEAKER_00,3
real_forced_m,long_00003_4507-7176-8455,s3,ungated_deflation,3,2,-2.0384240405092737,0,0,0,SPEAKER_00,3
real_forced_m,long_00003_4507-7176-8455,s1,gated_deflation,3,1,39.57839850202721,1,1,0,SPEAKER_01,3
real_forced_m,long_00003_4507-7176-8455,s1,gated_deflation,3,2,-0.12461410881947693,1,1,0,SPEAKER_01,3
real_forced_m,long_00003_4507-7176-8455,s2,gated_deflation,3,1,inf,2,2,0,SPEAKER_02,3
real_forced_m,long_00003_4507-7176-8455,s2,gated_deflation,3,2,-2.007708083105458,2,2,0,SPEAKER_02,3
real_forced_m,long_00003_4507-7176-8455,s3,gated_deflation,3,1,33.06568516969357,0,0,0,SPEAKER_00,3
real_forced_m,long_00003_4507-7176-8455,s3,gated_deflation,3,2,-2.0384240405092737,0,0,0,SPEAKER_00,3
real_forced_m,long_00003_4507-7176-8455,s1,coarse_to_fine,3,1,39.57839850202721,,,2,SPEAKER_01,3
real_forced_m,long_00003_4507-7176-8455,s1,coarse_to_fine,3,2,-0.28446375502590776,,,2,SPEAKER_01,3
real_forced_m,long_00003_4507-7176-8455,s2,coarse_to_fine,3,1,inf,,,2,SPEAKER_02,3
real_forced_m,long_00003_4507-7176-8455,s2,coarse_to_fine,3,2,0.5794390315345757,,,2,SPEAKER_02,3
real_forced_m,long_00003_4507-7176-8455,s3,coarse_to_fine,3,1,33.06568516969357,,,2,SPEAKER_00,3
real_forced_m,long_00003_4507-7176-8455,s3,coarse_to_fine,3,2,-2.4789941426371236,,,2,SPEAKER_00,3
real_index_order,long_00003_4507-7176-8455,s1,no_recursion,3,1,39.57839850202721,,,0,SPEAKER_01,3
real_index_order,long_00003_4507-7176-8455,s1,no_recursion,3,2,-0.28446375502590776,,,0,SPEAKER_01,3
real_index_order,long_00003_4507-7176-8455,s2,no_recursion,3,1,inf,,,0,SPEAKER_02,3
real_index_order,long_00003_4507-7176-8455,s2,no_recursion,3,2,0.3115585525447494,,,0,SPEAKER_02,3
real_index_order,long_00003_4507-7176-8455,s3,no_recursion,3,1,33.06568516969357,,,0,SPEAKER_00,3
real_index_order,long_00003_4507-7176-8455,s3,no_recursion,3,2,-2.0384240405092737,,,0,SPEAKER_00,3
real_index_order,long_00003_4507-7176-8455,s1,ungated_deflation,3,1,39.57839850202721,0,0,0,SPEAKER_01,3
real_index_order,long_00003_4507-7176-8455,s1,ungated_deflation,3,2,-0.28446375502590776,0,0,0,SPEAKER_01,3
real_index_order,long_00003_4507-7176-8455,s2,ungated_deflation,3,1,inf,1,1,0,SPEAKER_02,3
real_index_order,long_00003_4507-7176-8455,s2,ungated_deflation,3,2,0.41893644225831134,1,1,0,SPEAKER_02,3
real_index_order,long_00003_4507-7176-8455,s3,ungated_deflation,3,1,33.06568516969357,2,2,0,SPEAKER_00,3
real_index_order,long_00003_4507-7176-8455,s3,ungated_deflation,3,2,-3.2640836223521257,2,2,0,SPEAKER_00,3
real_index_order,long_00003_4507-7176-8455,s1,gated_deflation,3,1,39.57839850202721,0,0,0,SPEAKER_01,3
real_index_order,long_00003_4507-7176-8455,s1,gated_deflation,3,2,-0.28446375502590776,0,0,0,SPEAKER_01,3
real_index_order,long_00003_4507-7176-8455,s2,gated_deflation,3,1,inf,1,1,0,SPEAKER_02,3
real_index_order,long_00003_4507-7176-8455,s2,gated_deflation,3,2,0.41893644225831134,1,1,0,SPEAKER_02,3
real_index_order,long_00003_4507-7176-8455,s3,gated_deflation,3,1,33.06568516969357,2,2,0,SPEAKER_00,3
real_index_order,long_00003_4507-7176-8455,s3,gated_deflation,3,2,-3.2640836223521257,2,2,0,SPEAKER_00,3
real_index_order,long_00003_4507-7176-8455,s1,coarse_to_fine,3,1,39.57839850202721,,,2,SPEAKER_01,3
real_index_order,long_00003_4507-7176-8455,s1,coarse_to_fine,3,2,-0.28446375502590776,,,2,SPEAKER_01,3
real_index_order,long_00003_4507-7176-8455,s2,coarse_to_fine,3,1,inf,,,2,SPEAKER_02,3
real_index_order,long_00003_4507-7176-8455,s2,coarse_to_fine,3,2,0.5794390315345757,,,2,SPEAKER_02,3
real_index_order,long_00003_4507-7176-8455,s3,coarse_to_fine,3,1,33.06568516969357,,,2,SPEAKER_00,3
real_index_order,long_00003_4507-7176-8455,s3,coarse_to_fine,3,2,-2.4789941426371236,,,2,SPEAKER_00,3
oracle,long_00004_5639-61-1089,s1,no_recursion,3,1,42.278867623610054,,,0,s1,3
oracle,long_00004_5639-61-1089,s1,no_recursion,3,2,-7.963044658450563,,,0,s1,3
oracle,long_00004_5639-61-1089,s2,no_recursion,3,1,44.984940195668266,,,0,s2,3
oracle,long_00004_5639-61-1089,s2,no_recursion,3,2,0.7570370922270055,,,0,s2,3
oracle,long_00004_5639-61-1089,s3,no_recursion,3,1,67.95591408677011,,,0,s3,3
oracle,long_00004_5639-61-1089,s3,no_recursion,3,2,-2.4466589513883403,,,0,s3,3
oracle,long_00004_5639-61-1089,s1,ungated_deflation,3,1,42.278867623610054,0,0,0,s1,3
oracle,long_00004_5639-61-1089,s1,ungated_deflation,3,2,-7.963044658450563,0,0,0,s1,3
oracle,long_00004_5639-61-1089,s2,ungated_deflation,3,1,46.29815574781798,1,1,0,s2,3
oracle,long_00004_5639-61-1089,s2,ungated_deflation,3,2,0.6343515979325655,1,1,0,s2,3
oracle,long_00004_5639-61-1089,s3,ungated_deflation,3,1,57.01248158405348,2,2,0,s3,3
oracle,long_00004_5639-61-1089,s3,ungated_deflation,3,2,-3.615171905438568,2,2,0,s3,3
oracle,long_00004_5639-61-1089,s1,gated_deflation,3,1,42.278867623610054,0,0,0,s1,3
oracle,long_00004_5639-61-1089,s1,gated_deflation,3,2,-7.963044658450563,0,0,0,s1,3
oracle,long_00004_5639-61-1089,s2,gated_deflation,3,1,46.29815574781798,1,1,0,s2,3
oracle,long_00004_5639-61-1089,s2,gated_deflation,3,2,0.6343515979325655,1,1,0,s2,3
oracle,long_00004_5639-61-1089,s3,gated_deflation,3,1,57.01248158405348,2,2,0,s3,3
oracle,long_00004_5639-61-1089,s3,gated_deflation,3,2,-3.615171905438568,2,2,0,s3,3
oracle,long_00004_5639-61-1089,s1,coarse_to_fine,3,1,42.278867623610054,,,2,s1,3
oracle,long_00004_5639-61-1089,s1,coarse_to_fine,3,2,-7.963044658450563,,,2,s1,3
oracle,long_00004_5639-61-1089,s2,coarse_to_fine,3,1,44.891158939733245,,,2,s2,3
oracle,long_00004_5639-61-1089,s2,coarse_to_fine,3,2,0.5346759735834454,,,2,s2,3
oracle,long_00004_5639-61-1089,s3,coarse_to_fine,3,1,67.95591408677011,,,2,s3,3
oracle,long_00004_5639-61-1089,s3,coarse_to_fine,3,2,-2.4466589513883403,,,2,s3,3
real,long_00004_5639-61-1089,s1,no_recursion,3,1,57.852534981511596,,,0,SPEAKER_00,3
real,long_00004_5639-61-1089,s1,no_recursion,3,2,-9.732013757520916,,,0,SPEAKER_00,3
real,long_00004_5639-61-1089,s2,no_recursion,3,1,31.602404752811715,,,0,SPEAKER_02,3
real,long_00004_5639-61-1089,s2,no_recursion,3,2,-3.68075450945744,,,0,SPEAKER_02,3
real,long_00004_5639-61-1089,s3,no_recursion,3,1,46.56822302821121,,,0,SPEAKER_01,3
real,long_00004_5639-61-1089,s3,no_recursion,3,2,-5.530944852866362,,,0,SPEAKER_01,3
real,long_00004_5639-61-1089,s1,ungated_deflation,3,1,57.852534981511596,0,0,0,SPEAKER_00,3
real,long_00004_5639-61-1089,s1,ungated_deflation,3,2,-9.732013757520916,0,0,0,SPEAKER_00,3
real,long_00004_5639-61-1089,s2,ungated_deflation,3,1,31.602404752811715,2,2,0,SPEAKER_02,3
real,long_00004_5639-61-1089,s2,ungated_deflation,3,2,-2.8132989851349945,2,2,0,SPEAKER_02,3
real,long_00004_5639-61-1089,s3,ungated_deflation,3,1,46.56822302821121,1,1,0,SPEAKER_01,3
real,long_00004_5639-61-1089,s3,ungated_deflation,3,2,-5.4345369508671135,1,1,0,SPEAKER_01,3
real,long_00004_5639-61-1089,s1,gated_deflation,3,1,57.852534981511596,0,0,0,SPEAKER_00,3
real,long_00004_5639-61-1089,s1,gated_deflation,3,2,-9.732013757520916,0,0,0,SPEAKER_00,3
real,long_00004_5639-61-1089,s2,gated_deflation,3,1,31.602404752811715,2,2,0,SPEAKER_02,3
real,long_00004_5639-61-1089,s2,gated_deflation,3,2,-2.8132989851349945,2,2,0,SPEAKER_02,3
real,long_00004_5639-61-1089,s3,gated_deflation,3,1,46.56822302821121,1,1,0,SPEAKER_01,3
real,long_00004_5639-61-1089,s3,gated_deflation,3,2,-5.4345369508671135,1,1,0,SPEAKER_01,3
real,long_00004_5639-61-1089,s1,coarse_to_fine,3,1,57.852534981511596,,,2,SPEAKER_00,3
real,long_00004_5639-61-1089,s1,coarse_to_fine,3,2,-9.732013757520916,,,2,SPEAKER_00,3
real,long_00004_5639-61-1089,s2,coarse_to_fine,3,1,31.602404752811715,,,2,SPEAKER_02,3
real,long_00004_5639-61-1089,s2,coarse_to_fine,3,2,-3.472825045175174,,,2,SPEAKER_02,3
real,long_00004_5639-61-1089,s3,coarse_to_fine,3,1,46.56822302821121,,,2,SPEAKER_01,3
real,long_00004_5639-61-1089,s3,coarse_to_fine,3,2,-5.530944852866362,,,2,SPEAKER_01,3
real_forced_m,long_00004_5639-61-1089,s1,no_recursion,3,1,57.852534981511596,,,0,SPEAKER_00,3
real_forced_m,long_00004_5639-61-1089,s1,no_recursion,3,2,-9.732013757520916,,,0,SPEAKER_00,3
real_forced_m,long_00004_5639-61-1089,s2,no_recursion,3,1,31.602404752811715,,,0,SPEAKER_02,3
real_forced_m,long_00004_5639-61-1089,s2,no_recursion,3,2,-3.68075450945744,,,0,SPEAKER_02,3
real_forced_m,long_00004_5639-61-1089,s3,no_recursion,3,1,46.56822302821121,,,0,SPEAKER_01,3
real_forced_m,long_00004_5639-61-1089,s3,no_recursion,3,2,-5.530944852866362,,,0,SPEAKER_01,3
real_forced_m,long_00004_5639-61-1089,s1,ungated_deflation,3,1,57.852534981511596,0,0,0,SPEAKER_00,3
real_forced_m,long_00004_5639-61-1089,s1,ungated_deflation,3,2,-9.732013757520916,0,0,0,SPEAKER_00,3
real_forced_m,long_00004_5639-61-1089,s2,ungated_deflation,3,1,31.602404752811715,2,2,0,SPEAKER_02,3
real_forced_m,long_00004_5639-61-1089,s2,ungated_deflation,3,2,-2.8132989851349945,2,2,0,SPEAKER_02,3
real_forced_m,long_00004_5639-61-1089,s3,ungated_deflation,3,1,46.56822302821121,1,1,0,SPEAKER_01,3
real_forced_m,long_00004_5639-61-1089,s3,ungated_deflation,3,2,-5.4345369508671135,1,1,0,SPEAKER_01,3
real_forced_m,long_00004_5639-61-1089,s1,gated_deflation,3,1,57.852534981511596,0,0,0,SPEAKER_00,3
real_forced_m,long_00004_5639-61-1089,s1,gated_deflation,3,2,-9.732013757520916,0,0,0,SPEAKER_00,3
real_forced_m,long_00004_5639-61-1089,s2,gated_deflation,3,1,31.602404752811715,2,2,0,SPEAKER_02,3
real_forced_m,long_00004_5639-61-1089,s2,gated_deflation,3,2,-2.8132989851349945,2,2,0,SPEAKER_02,3
real_forced_m,long_00004_5639-61-1089,s3,gated_deflation,3,1,46.56822302821121,1,1,0,SPEAKER_01,3
real_forced_m,long_00004_5639-61-1089,s3,gated_deflation,3,2,-5.4345369508671135,1,1,0,SPEAKER_01,3
real_forced_m,long_00004_5639-61-1089,s1,coarse_to_fine,3,1,57.852534981511596,,,2,SPEAKER_00,3
real_forced_m,long_00004_5639-61-1089,s1,coarse_to_fine,3,2,-9.732013757520916,,,2,SPEAKER_00,3
real_forced_m,long_00004_5639-61-1089,s2,coarse_to_fine,3,1,31.602404752811715,,,2,SPEAKER_02,3
real_forced_m,long_00004_5639-61-1089,s2,coarse_to_fine,3,2,-3.472825045175174,,,2,SPEAKER_02,3
real_forced_m,long_00004_5639-61-1089,s3,coarse_to_fine,3,1,46.56822302821121,,,2,SPEAKER_01,3
real_forced_m,long_00004_5639-61-1089,s3,coarse_to_fine,3,2,-5.530944852866362,,,2,SPEAKER_01,3
real_index_order,long_00004_5639-61-1089,s1,no_recursion,3,1,57.852534981511596,,,0,SPEAKER_00,3
real_index_order,long_00004_5639-61-1089,s1,no_recursion,3,2,-9.732013757520916,,,0,SPEAKER_00,3
real_index_order,long_00004_5639-61-1089,s2,no_recursion,3,1,31.602404752811715,,,0,SPEAKER_02,3
real_index_order,long_00004_5639-61-1089,s2,no_recursion,3,2,-3.68075450945744,,,0,SPEAKER_02,3
real_index_order,long_00004_5639-61-1089,s3,no_recursion,3,1,46.56822302821121,,,0,SPEAKER_01,3
real_index_order,long_00004_5639-61-1089,s3,no_recursion,3,2,-5.530944852866362,,,0,SPEAKER_01,3
real_index_order,long_00004_5639-61-1089,s1,ungated_deflation,3,1,57.852534981511596,0,0,0,SPEAKER_00,3
real_index_order,long_00004_5639-61-1089,s1,ungated_deflation,3,2,-9.732013757520916,0,0,0,SPEAKER_00,3
real_index_order,long_00004_5639-61-1089,s2,ungated_deflation,3,1,31.602404752811715,1,1,0,SPEAKER_02,3
real_index_order,long_00004_5639-61-1089,s2,ungated_deflation,3,2,-3.5290309552274306,1,1,0,SPEAKER_02,3
real_index_order,long_00004_5639-61-1089,s3,ungated_deflation,3,1,46.56822302821121,2,2,0,SPEAKER_01,3
real_index_order,long_00004_5639-61-1089,s3,ungated_deflation,3,2,-5.671947135934903,2,2,0,SPEAKER_01,3
real_index_order,long_00004_5639-61-1089,s1,gated_deflation,3,1,57.852534981511596,0,0,0,SPEAKER_00,3
real_index_order,long_00004_5639-61-1089,s1,gated_deflation,3,2,-9.732013757520916,0,0,0,SPEAKER_00,3
real_index_order,long_00004_5639-61-1089,s2,gated_deflation,3,1,31.602404752811715,1,1,0,SPEAKER_02,3
real_index_order,long_00004_5639-61-1089,s2,gated_deflation,3,2,-3.5290309552274306,1,1,0,SPEAKER_02,3
real_index_order,long_00004_5639-61-1089,s3,gated_deflation,3,1,46.56822302821121,2,2,0,SPEAKER_01,3
real_index_order,long_00004_5639-61-1089,s3,gated_deflation,3,2,-5.671947135934903,2,2,0,SPEAKER_01,3
real_index_order,long_00004_5639-61-1089,s1,coarse_to_fine,3,1,57.852534981511596,,,2,SPEAKER_00,3
real_index_order,long_00004_5639-61-1089,s1,coarse_to_fine,3,2,-9.732013757520916,,,2,SPEAKER_00,3
real_index_order,long_00004_5639-61-1089,s2,coarse_to_fine,3,1,31.602404752811715,,,2,SPEAKER_02,3
real_index_order,long_00004_5639-61-1089,s2,coarse_to_fine,3,2,-3.472825045175174,,,2,SPEAKER_02,3
real_index_order,long_00004_5639-61-1089,s3,coarse_to_fine,3,1,46.56822302821121,,,2,SPEAKER_01,3
real_index_order,long_00004_5639-61-1089,s3,coarse_to_fine,3,2,-5.530944852866362,,,2,SPEAKER_01,3
oracle,long_00005_3570-908-4507,s1,no_recursion,3,1,70.99562978508557,,,0,s1,3
oracle,long_00005_3570-908-4507,s1,no_recursion,3,2,4.318693224207073,,,0,s1,3
oracle,long_00005_3570-908-4507,s2,no_recursion,3,1,38.800999094054816,,,0,s2,3
oracle,long_00005_3570-908-4507,s2,no_recursion,3,2,2.3089361085785374,,,0,s2,3
oracle,long_00005_3570-908-4507,s3,no_recursion,3,1,42.83837922021342,,,0,s3,3
oracle,long_00005_3570-908-4507,s3,no_recursion,3,2,6.431330498402844,,,0,s3,3
oracle,long_00005_3570-908-4507,s1,ungated_deflation,3,1,70.99562978508557,0,0,0,s1,3
oracle,long_00005_3570-908-4507,s1,ungated_deflation,3,2,4.318693224207073,0,0,0,s1,3
oracle,long_00005_3570-908-4507,s2,ungated_deflation,3,1,39.3359158481099,1,1,0,s2,3
oracle,long_00005_3570-908-4507,s2,ungated_deflation,3,2,1.6029074521684294,1,1,0,s2,3
oracle,long_00005_3570-908-4507,s3,ungated_deflation,3,1,39.23040016710019,2,2,0,s3,3
oracle,long_00005_3570-908-4507,s3,ungated_deflation,3,2,0.5515042900902816,2,2,0,s3,3
oracle,long_00005_3570-908-4507,s1,gated_deflation,3,1,70.99562978508557,0,0,0,s1,3
oracle,long_00005_3570-908-4507,s1,gated_deflation,3,2,4.318693224207073,0,0,0,s1,3
oracle,long_00005_3570-908-4507,s2,gated_deflation,3,1,39.3359158481099,1,1,0,s2,3
oracle,long_00005_3570-908-4507,s2,gated_deflation,3,2,1.6029074521684294,1,1,0,s2,3
oracle,long_00005_3570-908-4507,s3,gated_deflation,3,1,39.23040016710019,2,2,0,s3,3
oracle,long_00005_3570-908-4507,s3,gated_deflation,3,2,0.5515042900902816,2,2,0,s3,3
oracle,long_00005_3570-908-4507,s1,coarse_to_fine,3,1,70.90340253427831,,,2,s1,3
oracle,long_00005_3570-908-4507,s1,coarse_to_fine,3,2,3.5197396585291987,,,2,s1,3
oracle,long_00005_3570-908-4507,s2,coarse_to_fine,3,1,40.39841983234372,,,2,s2,3
oracle,long_00005_3570-908-4507,s2,coarse_to_fine,3,2,1.9617784656981694,,,2,s2,3
oracle,long_00005_3570-908-4507,s3,coarse_to_fine,3,1,43.101247448506435,,,2,s3,3
oracle,long_00005_3570-908-4507,s3,coarse_to_fine,3,2,5.268169256857278,,,2,s3,3
real,long_00005_3570-908-4507,s1,no_recursion,3,1,41.8784392100227,,,0,SPEAKER_01,3
real,long_00005_3570-908-4507,s1,no_recursion,3,2,0.5061070831481375,,,0,SPEAKER_01,3
real,long_00005_3570-908-4507,s3,no_recursion,3,1,41.764920689767344,,,0,SPEAKER_02,3
real,long_00005_3570-908-4507,s3,no_recursion,3,2,-0.6804074748483979,,,0,SPEAKER_02,3
real,long_00005_3570-908-4507,s2,no_recursion,3,1,32.88597830262065,,,0,SPEAKER_00,3
real,long_00005_3570-908-4507,s2,no_recursion,3,2,-2.450258431692209,,,0,SPEAKER_00,3
real,long_00005_3570-908-4507,s1,ungated_deflation,3,1,41.8784392100227,2,2,0,SPEAKER_01,3
real,long_00005_3570-908-4507,s1,ungated_deflation,3,2,0.26320342603113006,2,2,0,SPEAKER_01,3
real,long_00005_3570-908-4507,s3,ungated_deflation,3,1,41.764920689767344,1,1,0,SPEAKER_02,3
real,long_00005_3570-908-4507,s3,ungated_deflation,3,2,-4.980760355710606,1,1,0,SPEAKER_02,3
real,long_00005_3570-908-4507,s2,ungated_deflation,3,1,32.88597830262065,0,0,0,SPEAKER_00,3
real,long_00005_3570-908-4507,s2,ungated_deflation,3,2,-2.450258431692209,0,0,0,SPEAKER_00,3
real,long_00005_3570-908-4507,s1,gated_deflation,3,1,41.8784392100227,2,2,0,SPEAKER_01,3
real,long_00005_3570-908-4507,s1,gated_deflation,3,2,0.26320342603113006,2,2,0,SPEAKER_01,3
real,long_00005_3570-908-4507,s3,gated_deflation,3,1,41.764920689767344,1,1,0,SPEAKER_02,3
real,long_00005_3570-908-4507,s3,gated_deflation,3,2,-4.980760355710606,1,1,0,SPEAKER_02,3
real,long_00005_3570-908-4507,s2,gated_deflation,3,1,32.88597830262065,0,0,0,SPEAKER_00,3
real,long_00005_3570-908-4507,s2,gated_deflation,3,2,-2.450258431692209,0,0,0,SPEAKER_00,3
real,long_00005_3570-908-4507,s1,coarse_to_fine,3,1,41.8784392100227,,,2,SPEAKER_01,3
real,long_00005_3570-908-4507,s1,coarse_to_fine,3,2,0.7275740315975442,,,2,SPEAKER_01,3
real,long_00005_3570-908-4507,s3,coarse_to_fine,3,1,41.764920689767344,,,2,SPEAKER_02,3
real,long_00005_3570-908-4507,s3,coarse_to_fine,3,2,0.2624582855521237,,,2,SPEAKER_02,3
real,long_00005_3570-908-4507,s2,coarse_to_fine,3,1,32.88597830262065,,,2,SPEAKER_00,3
real,long_00005_3570-908-4507,s2,coarse_to_fine,3,2,-2.501823760875086,,,2,SPEAKER_00,3
real_forced_m,long_00005_3570-908-4507,s1,no_recursion,3,1,41.8784392100227,,,0,SPEAKER_01,3
real_forced_m,long_00005_3570-908-4507,s1,no_recursion,3,2,0.5061070831481375,,,0,SPEAKER_01,3
real_forced_m,long_00005_3570-908-4507,s3,no_recursion,3,1,41.764920689767344,,,0,SPEAKER_02,3
real_forced_m,long_00005_3570-908-4507,s3,no_recursion,3,2,-0.6804074748483979,,,0,SPEAKER_02,3
real_forced_m,long_00005_3570-908-4507,s2,no_recursion,3,1,32.88597830262065,,,0,SPEAKER_00,3
real_forced_m,long_00005_3570-908-4507,s2,no_recursion,3,2,-2.450258431692209,,,0,SPEAKER_00,3
real_forced_m,long_00005_3570-908-4507,s1,ungated_deflation,3,1,41.8784392100227,2,2,0,SPEAKER_01,3
real_forced_m,long_00005_3570-908-4507,s1,ungated_deflation,3,2,0.26320342603113006,2,2,0,SPEAKER_01,3
real_forced_m,long_00005_3570-908-4507,s3,ungated_deflation,3,1,41.764920689767344,1,1,0,SPEAKER_02,3
real_forced_m,long_00005_3570-908-4507,s3,ungated_deflation,3,2,-4.980760355710606,1,1,0,SPEAKER_02,3
real_forced_m,long_00005_3570-908-4507,s2,ungated_deflation,3,1,32.88597830262065,0,0,0,SPEAKER_00,3
real_forced_m,long_00005_3570-908-4507,s2,ungated_deflation,3,2,-2.450258431692209,0,0,0,SPEAKER_00,3
real_forced_m,long_00005_3570-908-4507,s1,gated_deflation,3,1,41.8784392100227,2,2,0,SPEAKER_01,3
real_forced_m,long_00005_3570-908-4507,s1,gated_deflation,3,2,0.26320342603113006,2,2,0,SPEAKER_01,3
real_forced_m,long_00005_3570-908-4507,s3,gated_deflation,3,1,41.764920689767344,1,1,0,SPEAKER_02,3
real_forced_m,long_00005_3570-908-4507,s3,gated_deflation,3,2,-4.980760355710606,1,1,0,SPEAKER_02,3
real_forced_m,long_00005_3570-908-4507,s2,gated_deflation,3,1,32.88597830262065,0,0,0,SPEAKER_00,3
real_forced_m,long_00005_3570-908-4507,s2,gated_deflation,3,2,-2.450258431692209,0,0,0,SPEAKER_00,3
real_forced_m,long_00005_3570-908-4507,s1,coarse_to_fine,3,1,41.8784392100227,,,2,SPEAKER_01,3
real_forced_m,long_00005_3570-908-4507,s1,coarse_to_fine,3,2,0.7275740315975442,,,2,SPEAKER_01,3
real_forced_m,long_00005_3570-908-4507,s3,coarse_to_fine,3,1,41.764920689767344,,,2,SPEAKER_02,3
real_forced_m,long_00005_3570-908-4507,s3,coarse_to_fine,3,2,0.2624582855521237,,,2,SPEAKER_02,3
real_forced_m,long_00005_3570-908-4507,s2,coarse_to_fine,3,1,32.88597830262065,,,2,SPEAKER_00,3
real_forced_m,long_00005_3570-908-4507,s2,coarse_to_fine,3,2,-2.501823760875086,,,2,SPEAKER_00,3
real_index_order,long_00005_3570-908-4507,s1,no_recursion,3,1,41.8784392100227,,,0,SPEAKER_01,3
real_index_order,long_00005_3570-908-4507,s1,no_recursion,3,2,0.5061070831481375,,,0,SPEAKER_01,3
real_index_order,long_00005_3570-908-4507,s3,no_recursion,3,1,41.764920689767344,,,0,SPEAKER_02,3
real_index_order,long_00005_3570-908-4507,s3,no_recursion,3,2,-0.6804074748483979,,,0,SPEAKER_02,3
real_index_order,long_00005_3570-908-4507,s2,no_recursion,3,1,32.88597830262065,,,0,SPEAKER_00,3
real_index_order,long_00005_3570-908-4507,s2,no_recursion,3,2,-2.450258431692209,,,0,SPEAKER_00,3
real_index_order,long_00005_3570-908-4507,s1,ungated_deflation,3,1,41.8784392100227,0,0,0,SPEAKER_01,3
real_index_order,long_00005_3570-908-4507,s1,ungated_deflation,3,2,0.5061070831481375,0,0,0,SPEAKER_01,3
real_index_order,long_00005_3570-908-4507,s3,ungated_deflation,3,1,41.764920689767344,1,1,0,SPEAKER_02,3
real_index_order,long_00005_3570-908-4507,s3,ungated_deflation,3,2,-5.54425808416024,1,1,0,SPEAKER_02,3
real_index_order,long_00005_3570-908-4507,s2,ungated_deflation,3,1,32.88597830262065,2,2,0,SPEAKER_00,3
real_index_order,long_00005_3570-908-4507,s2,ungated_deflation,3,2,-1.2626059056815242,2,2,0,SPEAKER_00,3
real_index_order,long_00005_3570-908-4507,s1,gated_deflation,3,1,41.8784392100227,0,0,0,SPEAKER_01,3
real_index_order,long_00005_3570-908-4507,s1,gated_deflation,3,2,0.5061070831481375,0,0,0,SPEAKER_01,3
real_index_order,long_00005_3570-908-4507,s3,gated_deflation,3,1,41.764920689767344,1,1,0,SPEAKER_02,3
real_index_order,long_00005_3570-908-4507,s3,gated_deflation,3,2,-5.54425808416024,1,1,0,SPEAKER_02,3
real_index_order,long_00005_3570-908-4507,s2,gated_deflation,3,1,32.88597830262065,2,2,0,SPEAKER_00,3
real_index_order,long_00005_3570-908-4507,s2,gated_deflation,3,2,-1.2626059056815242,2,2,0,SPEAKER_00,3
real_index_order,long_00005_3570-908-4507,s1,coarse_to_fine,3,1,41.8784392100227,,,2,SPEAKER_01,3
real_index_order,long_00005_3570-908-4507,s1,coarse_to_fine,3,2,0.7275740315975442,,,2,SPEAKER_01,3
real_index_order,long_00005_3570-908-4507,s3,coarse_to_fine,3,1,41.764920689767344,,,2,SPEAKER_02,3
real_index_order,long_00005_3570-908-4507,s3,coarse_to_fine,3,2,0.2624582855521237,,,2,SPEAKER_02,3
real_index_order,long_00005_3570-908-4507,s2,coarse_to_fine,3,1,32.88597830262065,,,2,SPEAKER_00,3
real_index_order,long_00005_3570-908-4507,s2,coarse_to_fine,3,2,-2.501823760875086,,,2,SPEAKER_00,3
oracle,long_00006_1089-8230-7176,s1,no_recursion,3,1,64.36516784153939,,,0,s1,3
oracle,long_00006_1089-8230-7176,s1,no_recursion,3,2,-1.252133055406596,,,0,s1,3
oracle,long_00006_1089-8230-7176,s2,no_recursion,3,1,43.83551706555353,,,0,s2,3
oracle,long_00006_1089-8230-7176,s2,no_recursion,3,2,0.4434365766519349,,,0,s2,3
oracle,long_00006_1089-8230-7176,s3,no_recursion,3,1,50.0241209356217,,,0,s3,3
oracle,long_00006_1089-8230-7176,s3,no_recursion,3,2,0.2318433162356176,,,0,s3,3
oracle,long_00006_1089-8230-7176,s1,ungated_deflation,3,1,64.36516784153939,0,0,0,s1,3
oracle,long_00006_1089-8230-7176,s1,ungated_deflation,3,2,-1.252133055406596,0,0,0,s1,3
oracle,long_00006_1089-8230-7176,s2,ungated_deflation,3,1,42.15394766633649,1,1,0,s2,3
oracle,long_00006_1089-8230-7176,s2,ungated_deflation,3,2,-2.6196077107378017,1,1,0,s2,3
oracle,long_00006_1089-8230-7176,s3,ungated_deflation,3,1,39.83213760201701,2,2,0,s3,3
oracle,long_00006_1089-8230-7176,s3,ungated_deflation,3,2,-2.3262512786556186,2,2,0,s3,3
oracle,long_00006_1089-8230-7176,s1,gated_deflation,3,1,64.36516784153939,0,0,0,s1,3
oracle,long_00006_1089-8230-7176,s1,gated_deflation,3,2,-1.252133055406596,0,0,0,s1,3
oracle,long_00006_1089-8230-7176,s2,gated_deflation,3,1,42.15394766633649,1,1,0,s2,3
oracle,long_00006_1089-8230-7176,s2,gated_deflation,3,2,-2.6196077107378017,1,1,0,s2,3
oracle,long_00006_1089-8230-7176,s3,gated_deflation,3,1,39.83213760201701,2,2,0,s3,3
oracle,long_00006_1089-8230-7176,s3,gated_deflation,3,2,-2.3262512786556186,2,2,0,s3,3
oracle,long_00006_1089-8230-7176,s1,coarse_to_fine,3,1,64.36516784153939,,,2,s1,3
oracle,long_00006_1089-8230-7176,s1,coarse_to_fine,3,2,-1.252133055406596,,,2,s1,3
oracle,long_00006_1089-8230-7176,s2,coarse_to_fine,3,1,43.83551706555353,,,2,s2,3
oracle,long_00006_1089-8230-7176,s2,coarse_to_fine,3,2,0.4434365766519349,,,2,s2,3
oracle,long_00006_1089-8230-7176,s3,coarse_to_fine,3,1,49.695765181137226,,,2,s3,3
oracle,long_00006_1089-8230-7176,s3,coarse_to_fine,3,2,-1.7174225799895861,,,2,s3,3
real,long_00006_1089-8230-7176,s1,no_recursion,3,1,63.870749824962886,,,0,SPEAKER_02,3
real,long_00006_1089-8230-7176,s1,no_recursion,3,2,-3.7813319635939733,,,0,SPEAKER_02,3
real,long_00006_1089-8230-7176,s2,no_recursion,3,1,inf,,,0,SPEAKER_01,3
real,long_00006_1089-8230-7176,s2,no_recursion,3,2,-0.9686794857568632,,,0,SPEAKER_01,3
real,long_00006_1089-8230-7176,s3,no_recursion,3,1,52.05798779985636,,,0,SPEAKER_00,3
real,long_00006_1089-8230-7176,s3,no_recursion,3,2,-2.196124096570017,,,0,SPEAKER_00,3
real,long_00006_1089-8230-7176,s1,ungated_deflation,3,1,63.870749824962886,2,2,0,SPEAKER_02,3
real,long_00006_1089-8230-7176,s1,ungated_deflation,3,2,-5.792537068447269,2,2,0,SPEAKER_02,3
real,long_00006_1089-8230-7176,s2,ungated_deflation,3,1,inf,1,1,0,SPEAKER_01,3
real,long_00006_1089-8230-7176,s2,ungated_deflation,3,2,-4.991533262884212,1,1,0,SPEAKER_01,3
real,long_00006_1089-8230-7176,s3,ungated_deflation,3,1,52.05798779985636,0,0,0,SPEAKER_00,3
real,long_00006_1089-8230-7176,s3,ungated_deflation,3,2,-2.196124096570017,0,0,0,SPEAKER_00,3
real,long_00006_1089-8230-7176,s1,gated_deflation,3,1,63.870749824962886,2,1,0,SPEAKER_02,3
real,long_00006_1089-8230-7176,s1,gated_deflation,3,2,-4.7165062374134,2,1,0,SPEAKER_02,3
real,long_00006_1089-8230-7176,s2,gated_deflation,3,1,inf,1,1,0,SPEAKER_01,3
real,long_00006_1089-8230-7176,s2,gated_deflation,3,2,-4.991533262884212,1,1,0,SPEAKER_01,3
real,long_00006_1089-8230-7176,s3,gated_deflation,3,1,52.05798779985636,0,0,0,SPEAKER_00,3
real,long_00006_1089-8230-7176,s3,gated_deflation,3,2,-2.196124096570017,0,0,0,SPEAKER_00,3
real,long_00006_1089-8230-7176,s1,coarse_to_fine,3,1,63.870749824962886,,,2,SPEAKER_02,3
real,long_00006_1089-8230-7176,s1,coarse_to_fine,3,2,-3.9535527097815883,,,2,SPEAKER_02,3
real,long_00006_1089-8230-7176,s2,coarse_to_fine,3,1,inf,,,2,SPEAKER_01,3
real,long_00006_1089-8230-7176,s2,coarse_to_fine,3,2,-0.9686794857568632,,,2,SPEAKER_01,3
real,long_00006_1089-8230-7176,s3,coarse_to_fine,3,1,52.05798779985636,,,2,SPEAKER_00,3
real,long_00006_1089-8230-7176,s3,coarse_to_fine,3,2,-4.933215952746394,,,2,SPEAKER_00,3
real_forced_m,long_00006_1089-8230-7176,s1,no_recursion,3,1,63.870749824962886,,,0,SPEAKER_02,3
real_forced_m,long_00006_1089-8230-7176,s1,no_recursion,3,2,-3.7813319635939733,,,0,SPEAKER_02,3
real_forced_m,long_00006_1089-8230-7176,s2,no_recursion,3,1,inf,,,0,SPEAKER_01,3
real_forced_m,long_00006_1089-8230-7176,s2,no_recursion,3,2,-0.9686794857568632,,,0,SPEAKER_01,3
real_forced_m,long_00006_1089-8230-7176,s3,no_recursion,3,1,52.05798779985636,,,0,SPEAKER_00,3
real_forced_m,long_00006_1089-8230-7176,s3,no_recursion,3,2,-2.196124096570017,,,0,SPEAKER_00,3
real_forced_m,long_00006_1089-8230-7176,s1,ungated_deflation,3,1,63.870749824962886,2,2,0,SPEAKER_02,3
real_forced_m,long_00006_1089-8230-7176,s1,ungated_deflation,3,2,-5.792537068447269,2,2,0,SPEAKER_02,3
real_forced_m,long_00006_1089-8230-7176,s2,ungated_deflation,3,1,inf,1,1,0,SPEAKER_01,3
real_forced_m,long_00006_1089-8230-7176,s2,ungated_deflation,3,2,-4.991533262884212,1,1,0,SPEAKER_01,3
real_forced_m,long_00006_1089-8230-7176,s3,ungated_deflation,3,1,52.05798779985636,0,0,0,SPEAKER_00,3
real_forced_m,long_00006_1089-8230-7176,s3,ungated_deflation,3,2,-2.196124096570017,0,0,0,SPEAKER_00,3
real_forced_m,long_00006_1089-8230-7176,s1,gated_deflation,3,1,63.870749824962886,2,1,0,SPEAKER_02,3
real_forced_m,long_00006_1089-8230-7176,s1,gated_deflation,3,2,-4.7165062374134,2,1,0,SPEAKER_02,3
real_forced_m,long_00006_1089-8230-7176,s2,gated_deflation,3,1,inf,1,1,0,SPEAKER_01,3
real_forced_m,long_00006_1089-8230-7176,s2,gated_deflation,3,2,-4.991533262884212,1,1,0,SPEAKER_01,3
real_forced_m,long_00006_1089-8230-7176,s3,gated_deflation,3,1,52.05798779985636,0,0,0,SPEAKER_00,3
real_forced_m,long_00006_1089-8230-7176,s3,gated_deflation,3,2,-2.196124096570017,0,0,0,SPEAKER_00,3
real_forced_m,long_00006_1089-8230-7176,s1,coarse_to_fine,3,1,63.870749824962886,,,2,SPEAKER_02,3
real_forced_m,long_00006_1089-8230-7176,s1,coarse_to_fine,3,2,-3.9535527097815883,,,2,SPEAKER_02,3
real_forced_m,long_00006_1089-8230-7176,s2,coarse_to_fine,3,1,inf,,,2,SPEAKER_01,3
real_forced_m,long_00006_1089-8230-7176,s2,coarse_to_fine,3,2,-0.9686794857568632,,,2,SPEAKER_01,3
real_forced_m,long_00006_1089-8230-7176,s3,coarse_to_fine,3,1,52.05798779985636,,,2,SPEAKER_00,3
real_forced_m,long_00006_1089-8230-7176,s3,coarse_to_fine,3,2,-4.933215952746394,,,2,SPEAKER_00,3
real_index_order,long_00006_1089-8230-7176,s1,no_recursion,3,1,63.870749824962886,,,0,SPEAKER_02,3
real_index_order,long_00006_1089-8230-7176,s1,no_recursion,3,2,-3.7813319635939733,,,0,SPEAKER_02,3
real_index_order,long_00006_1089-8230-7176,s2,no_recursion,3,1,inf,,,0,SPEAKER_01,3
real_index_order,long_00006_1089-8230-7176,s2,no_recursion,3,2,-0.9686794857568632,,,0,SPEAKER_01,3
real_index_order,long_00006_1089-8230-7176,s3,no_recursion,3,1,52.05798779985636,,,0,SPEAKER_00,3
real_index_order,long_00006_1089-8230-7176,s3,no_recursion,3,2,-2.196124096570017,,,0,SPEAKER_00,3
real_index_order,long_00006_1089-8230-7176,s1,ungated_deflation,3,1,63.870749824962886,0,0,0,SPEAKER_02,3
real_index_order,long_00006_1089-8230-7176,s1,ungated_deflation,3,2,-3.7813319635939733,0,0,0,SPEAKER_02,3
real_index_order,long_00006_1089-8230-7176,s2,ungated_deflation,3,1,inf,1,1,0,SPEAKER_01,3
real_index_order,long_00006_1089-8230-7176,s2,ungated_deflation,3,2,-3.5578377045226404,1,1,0,SPEAKER_01,3
real_index_order,long_00006_1089-8230-7176,s3,ungated_deflation,3,1,52.05798779985636,2,2,0,SPEAKER_00,3
real_index_order,long_00006_1089-8230-7176,s3,ungated_deflation,3,2,-3.3168085533255205,2,2,0,SPEAKER_00,3
real_index_order,long_00006_1089-8230-7176,s1,gated_deflation,3,1,63.870749824962886,0,0,0,SPEAKER_02,3
real_index_order,long_00006_1089-8230-7176,s1,gated_deflation,3,2,-3.7813319635939733,0,0,0,SPEAKER_02,3
real_index_order,long_00006_1089-8230-7176,s2,gated_deflation,3,1,inf,1,1,0,SPEAKER_01,3
real_index_order,long_00006_1089-8230-7176,s2,gated_deflation,3,2,-3.5578377045226404,1,1,0,SPEAKER_01,3
real_index_order,long_00006_1089-8230-7176,s3,gated_deflation,3,1,52.05798779985636,2,1,0,SPEAKER_00,3
real_index_order,long_00006_1089-8230-7176,s3,gated_deflation,3,2,-2.3421833048550154,2,1,0,SPEAKER_00,3
real_index_order,long_00006_1089-8230-7176,s1,coarse_to_fine,3,1,63.870749824962886,,,2,SPEAKER_02,3
real_index_order,long_00006_1089-8230-7176,s1,coarse_to_fine,3,2,-3.9535527097815883,,,2,SPEAKER_02,3
real_index_order,long_00006_1089-8230-7176,s2,coarse_to_fine,3,1,inf,,,2,SPEAKER_01,3
real_index_order,long_00006_1089-8230-7176,s2,coarse_to_fine,3,2,-0.9686794857568632,,,2,SPEAKER_01,3
real_index_order,long_00006_1089-8230-7176,s3,coarse_to_fine,3,1,52.05798779985636,,,2,SPEAKER_00,3
real_index_order,long_00006_1089-8230-7176,s3,coarse_to_fine,3,2,-4.933215952746394,,,2,SPEAKER_00,3
oracle,long_00007_1188-4077-121,s1,no_recursion,3,1,49.88188180238837,,,0,s1,3
oracle,long_00007_1188-4077-121,s1,no_recursion,3,2,0.9507188610367492,,,0,s1,3
oracle,long_00007_1188-4077-121,s2,no_recursion,3,1,57.40255969763243,,,0,s2,3
oracle,long_00007_1188-4077-121,s2,no_recursion,3,2,0.4829497759633799,,,0,s2,3
oracle,long_00007_1188-4077-121,s3,no_recursion,3,1,81.5938737616413,,,0,s3,3
oracle,long_00007_1188-4077-121,s3,no_recursion,3,2,-4.463558127248376,,,0,s3,3
oracle,long_00007_1188-4077-121,s1,ungated_deflation,3,1,49.88188180238837,0,0,0,s1,3
oracle,long_00007_1188-4077-121,s1,ungated_deflation,3,2,0.9507188610367492,0,0,0,s1,3
oracle,long_00007_1188-4077-121,s2,ungated_deflation,3,1,56.03092597204252,1,1,0,s2,3
oracle,long_00007_1188-4077-121,s2,ungated_deflation,3,2,-1.5874956859036706,1,1,0,s2,3
oracle,long_00007_1188-4077-121,s3,ungated_deflation,3,1,72.15942298986313,2,2,0,s3,3
oracle,long_00007_1188-4077-121,s3,ungated_deflation,3,2,-6.923898139685343,2,2,0,s3,3
oracle,long_00007_1188-4077-121,s1,gated_deflation,3,1,49.88188180238837,0,0,0,s1,3
oracle,long_00007_1188-4077-121,s1,gated_deflation,3,2,0.9507188610367492,0,0,0,s1,3
oracle,long_00007_1188-4077-121,s2,gated_deflation,3,1,56.03092597204252,1,1,0,s2,3
oracle,long_00007_1188-4077-121,s2,gated_deflation,3,2,-1.5874956859036706,1,1,0,s2,3
oracle,long_00007_1188-4077-121,s3,gated_deflation,3,1,72.15942298986313,2,2,0,s3,3
oracle,long_00007_1188-4077-121,s3,gated_deflation,3,2,-6.923898139685343,2,2,0,s3,3
oracle,long_00007_1188-4077-121,s1,coarse_to_fine,3,1,49.88188180238837,,,2,s1,3
oracle,long_00007_1188-4077-121,s1,coarse_to_fine,3,2,0.9507188610367492,,,2,s1,3
oracle,long_00007_1188-4077-121,s2,coarse_to_fine,3,1,55.71450843250962,,,2,s2,3
oracle,long_00007_1188-4077-121,s2,coarse_to_fine,3,2,-0.2703438874742378,,,2,s2,3
oracle,long_00007_1188-4077-121,s3,coarse_to_fine,3,1,81.5938737616413,,,2,s3,3
oracle,long_00007_1188-4077-121,s3,coarse_to_fine,3,2,-4.463558127248376,,,2,s3,3
real,long_00007_1188-4077-121,s1,no_recursion,3,1,33.04690987612828,,,0,SPEAKER_00,3
real,long_00007_1188-4077-121,s1,no_recursion,3,2,-0.5457868933020809,,,0,SPEAKER_00,3
real,long_00007_1188-4077-121,s2,no_recursion,3,1,inf,,,0,SPEAKER_01,3
real,long_00007_1188-4077-121,s2,no_recursion,3,2,-0.30695049237694016,,,0,SPEAKER_01,3
real,long_00007_1188-4077-121,s3,no_recursion,3,1,41.71667324131538,,,0,SPEAKER_02,3
real,long_00007_1188-4077-121,s3,no_recursion,3,2,-4.48850070574159,,,0,SPEAKER_02,3
real,long_00007_1188-4077-121,s1,ungated_deflation,3,1,33.04690987612828,0,0,0,SPEAKER_00,3
real,long_00007_1188-4077-121,s1,ungated_deflation,3,2,-0.5457868933020809,0,0,0,SPEAKER_00,3
real,long_00007_1188-4077-121,s2,ungated_deflation,3,1,inf,2,2,0,SPEAKER_01,3
real,long_00007_1188-4077-121,s2,ungated_deflation,3,2,0.23758491267881737,2,2,0,SPEAKER_01,3
real,long_00007_1188-4077-121,s3,ungated_deflation,3,1,41.71667324131538,1,1,0,SPEAKER_02,3
real,long_00007_1188-4077-121,s3,ungated_deflation,3,2,-6.871496297887726,1,1,0,SPEAKER_02,3
real,long_00007_1188-4077-121,s1,gated_deflation,3,1,33.04690987612828,0,0,0,SPEAKER_00,3
real,long_00007_1188-4077-121,s1,gated_deflation,3,2,-0.5457868933020809,0,0,0,SPEAKER_00,3
real,long_00007_1188-4077-121,s2,gated_deflation,3,1,inf,2,2,0,SPEAKER_01,3
real,long_00007_1188-4077-121,s2,gated_deflation,3,2,0.23758491267881737,2,2,0,SPEAKER_01,3
real,long_00007_1188-4077-121,s3,gated_deflation,3,1,41.71667324131538,1,1,0,SPEAKER_02,3
real,long_00007_1188-4077-121,s3,gated_deflation,3,2,-6.871496297887726,1,1,0,SPEAKER_02,3
real,long_00007_1188-4077-121,s1,coarse_to_fine,3,1,33.04690987612828,,,2,SPEAKER_00,3
real,long_00007_1188-4077-121,s1,coarse_to_fine,3,2,-0.5457868933020809,,,2,SPEAKER_00,3
real,long_00007_1188-4077-121,s2,coarse_to_fine,3,1,inf,,,2,SPEAKER_01,3
real,long_00007_1188-4077-121,s2,coarse_to_fine,3,2,-1.8791792625488835,,,2,SPEAKER_01,3
real,long_00007_1188-4077-121,s3,coarse_to_fine,3,1,41.71667324131538,,,2,SPEAKER_02,3
real,long_00007_1188-4077-121,s3,coarse_to_fine,3,2,-4.48850070574159,,,2,SPEAKER_02,3
real_forced_m,long_00007_1188-4077-121,s1,no_recursion,3,1,33.04690987612828,,,0,SPEAKER_00,3
real_forced_m,long_00007_1188-4077-121,s1,no_recursion,3,2,-0.5457868933020809,,,0,SPEAKER_00,3
real_forced_m,long_00007_1188-4077-121,s2,no_recursion,3,1,inf,,,0,SPEAKER_01,3
real_forced_m,long_00007_1188-4077-121,s2,no_recursion,3,2,-0.30695049237694016,,,0,SPEAKER_01,3
real_forced_m,long_00007_1188-4077-121,s3,no_recursion,3,1,41.71667324131538,,,0,SPEAKER_02,3
real_forced_m,long_00007_1188-4077-121,s3,no_recursion,3,2,-4.48850070574159,,,0,SPEAKER_02,3
real_forced_m,long_00007_1188-4077-121,s1,ungated_deflation,3,1,33.04690987612828,0,0,0,SPEAKER_00,3
real_forced_m,long_00007_1188-4077-121,s1,ungated_deflation,3,2,-0.5457868933020809,0,0,0,SPEAKER_00,3
real_forced_m,long_00007_1188-4077-121,s2,ungated_deflation,3,1,inf,2,2,0,SPEAKER_01,3
real_forced_m,long_00007_1188-4077-121,s2,ungated_deflation,3,2,0.23758491267881737,2,2,0,SPEAKER_01,3
real_forced_m,long_00007_1188-4077-121,s3,ungated_deflation,3,1,41.71667324131538,1,1,0,SPEAKER_02,3
real_forced_m,long_00007_1188-4077-121,s3,ungated_deflation,3,2,-6.871496297887726,1,1,0,SPEAKER_02,3
real_forced_m,long_00007_1188-4077-121,s1,gated_deflation,3,1,33.04690987612828,0,0,0,SPEAKER_00,3
real_forced_m,long_00007_1188-4077-121,s1,gated_deflation,3,2,-0.5457868933020809,0,0,0,SPEAKER_00,3
real_forced_m,long_00007_1188-4077-121,s2,gated_deflation,3,1,inf,2,2,0,SPEAKER_01,3
real_forced_m,long_00007_1188-4077-121,s2,gated_deflation,3,2,0.23758491267881737,2,2,0,SPEAKER_01,3
real_forced_m,long_00007_1188-4077-121,s3,gated_deflation,3,1,41.71667324131538,1,1,0,SPEAKER_02,3
real_forced_m,long_00007_1188-4077-121,s3,gated_deflation,3,2,-6.871496297887726,1,1,0,SPEAKER_02,3
real_forced_m,long_00007_1188-4077-121,s1,coarse_to_fine,3,1,33.04690987612828,,,2,SPEAKER_00,3
real_forced_m,long_00007_1188-4077-121,s1,coarse_to_fine,3,2,-0.5457868933020809,,,2,SPEAKER_00,3
real_forced_m,long_00007_1188-4077-121,s2,coarse_to_fine,3,1,inf,,,2,SPEAKER_01,3
real_forced_m,long_00007_1188-4077-121,s2,coarse_to_fine,3,2,-1.8791792625488835,,,2,SPEAKER_01,3
real_forced_m,long_00007_1188-4077-121,s3,coarse_to_fine,3,1,41.71667324131538,,,2,SPEAKER_02,3
real_forced_m,long_00007_1188-4077-121,s3,coarse_to_fine,3,2,-4.48850070574159,,,2,SPEAKER_02,3
real_index_order,long_00007_1188-4077-121,s1,no_recursion,3,1,33.04690987612828,,,0,SPEAKER_00,3
real_index_order,long_00007_1188-4077-121,s1,no_recursion,3,2,-0.5457868933020809,,,0,SPEAKER_00,3
real_index_order,long_00007_1188-4077-121,s2,no_recursion,3,1,inf,,,0,SPEAKER_01,3
real_index_order,long_00007_1188-4077-121,s2,no_recursion,3,2,-0.30695049237694016,,,0,SPEAKER_01,3
real_index_order,long_00007_1188-4077-121,s3,no_recursion,3,1,41.71667324131538,,,0,SPEAKER_02,3
real_index_order,long_00007_1188-4077-121,s3,no_recursion,3,2,-4.48850070574159,,,0,SPEAKER_02,3
real_index_order,long_00007_1188-4077-121,s1,ungated_deflation,3,1,33.04690987612828,0,0,0,SPEAKER_00,3
real_index_order,long_00007_1188-4077-121,s1,ungated_deflation,3,2,-0.5457868933020809,0,0,0,SPEAKER_00,3
real_index_order,long_00007_1188-4077-121,s2,ungated_deflation,3,1,inf,1,1,0,SPEAKER_01,3
real_index_order,long_00007_1188-4077-121,s2,ungated_deflation,3,2,-4.259034155422105,1,1,0,SPEAKER_01,3
real_index_order,long_00007_1188-4077-121,s3,ungated_deflation,3,1,41.71667324131538,2,2,0,SPEAKER_02,3
real_index_order,long_00007_1188-4077-121,s3,ungated_deflation,3,2,-8.143809760731804,2,2,0,SPEAKER_02,3
real_index_order,long_00007_1188-4077-121,s1,gated_deflation,3,1,33.04690987612828,0,0,0,SPEAKER_00,3
real_index_order,long_00007_1188-4077-121,s1,gated_deflation,3,2,-0.5457868933020809,0,0,0,SPEAKER_00,3
real_index_order,long_00007_1188-4077-121,s2,gated_deflation,3,1,inf,1,1,0,SPEAKER_01,3
real_index_order,long_00007_1188-4077-121,s2,gated_deflation,3,2,-4.259034155422105,1,1,0,SPEAKER_01,3
real_index_order,long_00007_1188-4077-121,s3,gated_deflation,3,1,41.71667324131538,2,2,0,SPEAKER_02,3
real_index_order,long_00007_1188-4077-121,s3,gated_deflation,3,2,-8.143809760731804,2,2,0,SPEAKER_02,3
real_index_order,long_00007_1188-4077-121,s1,coarse_to_fine,3,1,33.04690987612828,,,2,SPEAKER_00,3
real_index_order,long_00007_1188-4077-121,s1,coarse_to_fine,3,2,-0.5457868933020809,,,2,SPEAKER_00,3
real_index_order,long_00007_1188-4077-121,s2,coarse_to_fine,3,1,inf,,,2,SPEAKER_01,3
real_index_order,long_00007_1188-4077-121,s2,coarse_to_fine,3,2,-1.8791792625488835,,,2,SPEAKER_01,3
real_index_order,long_00007_1188-4077-121,s3,coarse_to_fine,3,1,41.71667324131538,,,2,SPEAKER_02,3
real_index_order,long_00007_1188-4077-121,s3,coarse_to_fine,3,2,-4.48850070574159,,,2,SPEAKER_02,3
oracle,long_00008_672-5639-121,s1,no_recursion,3,1,73.78418535905104,,,0,s1,3
oracle,long_00008_672-5639-121,s1,no_recursion,3,2,2.7534681805213963,,,0,s1,3
oracle,long_00008_672-5639-121,s2,no_recursion,3,1,36.73172283661916,,,0,s2,3
oracle,long_00008_672-5639-121,s2,no_recursion,3,2,-1.1041529483345671,,,0,s2,3
oracle,long_00008_672-5639-121,s3,no_recursion,3,1,92.28428791289794,,,0,s3,3
oracle,long_00008_672-5639-121,s3,no_recursion,3,2,1.858339870625651,,,0,s3,3
oracle,long_00008_672-5639-121,s1,ungated_deflation,3,1,73.78418535905104,0,0,0,s1,3
oracle,long_00008_672-5639-121,s1,ungated_deflation,3,2,2.7534681805213963,0,0,0,s1,3
oracle,long_00008_672-5639-121,s2,ungated_deflation,3,1,34.918392633888075,1,1,0,s2,3
oracle,long_00008_672-5639-121,s2,ungated_deflation,3,2,-1.6413411992444016,1,1,0,s2,3
oracle,long_00008_672-5639-121,s3,ungated_deflation,3,1,92.39119243026275,2,2,0,s3,3
oracle,long_00008_672-5639-121,s3,ungated_deflation,3,2,0.46877379992108203,2,2,0,s3,3
oracle,long_00008_672-5639-121,s1,gated_deflation,3,1,73.78418535905104,0,0,0,s1,3
oracle,long_00008_672-5639-121,s1,gated_deflation,3,2,2.7534681805213963,0,0,0,s1,3
oracle,long_00008_672-5639-121,s2,gated_deflation,3,1,34.918392633888075,1,1,0,s2,3
oracle,long_00008_672-5639-121,s2,gated_deflation,3,2,-1.6413411992444016,1,1,0,s2,3
oracle,long_00008_672-5639-121,s3,gated_deflation,3,1,92.39119243026275,2,2,0,s3,3
oracle,long_00008_672-5639-121,s3,gated_deflation,3,2,0.46877379992108203,2,2,0,s3,3
oracle,long_00008_672-5639-121,s1,coarse_to_fine,3,1,72.94834171965408,,,2,s1,3
oracle,long_00008_672-5639-121,s1,coarse_to_fine,3,2,3.2366760863082558,,,2,s1,3
oracle,long_00008_672-5639-121,s2,coarse_to_fine,3,1,36.73172283661916,,,2,s2,3
oracle,long_00008_672-5639-121,s2,coarse_to_fine,3,2,-1.1041529483345671,,,2,s2,3
oracle,long_00008_672-5639-121,s3,coarse_to_fine,3,1,92.3254181787709,,,2,s3,3
oracle,long_00008_672-5639-121,s3,coarse_to_fine,3,2,-0.7824152578819171,,,2,s3,3
real,long_00008_672-5639-121,s1,no_recursion,3,1,8.396844913871508,,,0,SPEAKER_02,3
real,long_00008_672-5639-121,s1,no_recursion,3,2,-2.103905742110279,,,0,SPEAKER_02,3
real,long_00008_672-5639-121,s2,no_recursion,3,1,1.8989738992081895,,,0,SPEAKER_01,3
real,long_00008_672-5639-121,s2,no_recursion,3,2,-2.7215157960515715,,,0,SPEAKER_01,3
real,long_00008_672-5639-121,s3,no_recursion,3,1,40.19769141318867,,,0,SPEAKER_00,3
real,long_00008_672-5639-121,s3,no_recursion,3,2,-1.4946984588224064,,,0,SPEAKER_00,3
real,long_00008_672-5639-121,s1,ungated_deflation,3,1,8.396844913871508,2,2,0,SPEAKER_02,3
real,long_00008_672-5639-121,s1,ungated_deflation,3,2,-1.278089154120151,2,2,0,SPEAKER_02,3
real,long_00008_672-5639-121,s2,ungated_deflation,3,1,1.8989738992081895,1,1,0,SPEAKER_01,3
real,long_00008_672-5639-121,s2,ungated_deflation,3,2,-3.959751419164261,1,1,0,SPEAKER_01,3
real,long_00008_672-5639-121,s3,ungated_deflation,3,1,40.19769141318867,0,0,0,SPEAKER_00,3
real,long_00008_672-5639-121,s3,ungated_deflation,3,2,-1.4946984588224064,0,0,0,SPEAKER_00,3
real,long_00008_672-5639-121,s1,gated_deflation,3,1,8.396844913871508,2,2,0,SPEAKER_02,3
real,long_00008_672-5639-121,s1,gated_deflation,3,2,-1.278089154120151,2,2,0,SPEAKER_02,3
real,long_00008_672-5639-121,s2,gated_deflation,3,1,1.8989738992081895,1,1,0,SPEAKER_01,3
real,long_00008_672-5639-121,s2,gated_deflation,3,2,-3.959751419164261,1,1,0,SPEAKER_01,3
real,long_00008_672-5639-121,s3,gated_deflation,3,1,40.19769141318867,0,0,0,SPEAKER_00,3
real,long_00008_672-5639-121,s3,gated_deflation,3,2,-1.4946984588224064,0,0,0,SPEAKER_00,3
real,long_00008_672-5639-121,s1,coarse_to_fine,3,1,8.396844913871508,,,2,SPEAKER_02,3
real,long_00008_672-5639-121,s1,coarse_to_fine,3,2,-2.103905742110279,,,2,SPEAKER_02,3
real,long_00008_672-5639-121,s2,coarse_to_fine,3,1,1.8989738992081895,,,2,SPEAKER_01,3
real,long_00008_672-5639-121,s2,coarse_to_fine,3,2,-2.7215157960515715,,,2,SPEAKER_01,3
real,long_00008_672-5639-121,s3,coarse_to_fine,3,1,40.19769141318867,,,2,SPEAKER_00,3
real,long_00008_672-5639-121,s3,coarse_to_fine,3,2,-3.833697284283279,,,2,SPEAKER_00,3
real_forced_m,long_00008_672-5639-121,s1,no_recursion,3,1,8.396844913871508,,,0,SPEAKER_02,3
real_forced_m,long_00008_672-5639-121,s1,no_recursion,3,2,-2.103905742110279,,,0,SPEAKER_02,3
real_forced_m,long_00008_672-5639-121,s2,no_recursion,3,1,1.8989738992081895,,,0,SPEAKER_01,3
real_forced_m,long_00008_672-5639-121,s2,no_recursion,3,2,-2.7215157960515715,,,0,SPEAKER_01,3
real_forced_m,long_00008_672-5639-121,s3,no_recursion,3,1,40.19769141318867,,,0,SPEAKER_00,3
real_forced_m,long_00008_672-5639-121,s3,no_recursion,3,2,-1.4946984588224064,,,0,SPEAKER_00,3
real_forced_m,long_00008_672-5639-121,s1,ungated_deflation,3,1,8.396844913871508,2,2,0,SPEAKER_02,3
real_forced_m,long_00008_672-5639-121,s1,ungated_deflation,3,2,-1.278089154120151,2,2,0,SPEAKER_02,3
real_forced_m,long_00008_672-5639-121,s2,ungated_deflation,3,1,1.8989738992081895,1,1,0,SPEAKER_01,3
real_forced_m,long_00008_672-5639-121,s2,ungated_deflation,3,2,-3.959751419164261,1,1,0,SPEAKER_01,3
real_forced_m,long_00008_672-5639-121,s3,ungated_deflation,3,1,40.19769141318867,0,0,0,SPEAKER_00,3
real_forced_m,long_00008_672-5639-121,s3,ungated_deflation,3,2,-1.4946984588224064,0,0,0,SPEAKER_00,3
real_forced_m,long_00008_672-5639-121,s1,gated_deflation,3,1,8.396844913871508,2,2,0,SPEAKER_02,3
real_forced_m,long_00008_672-5639-121,s1,gated_deflation,3,2,-1.278089154120151,2,2,0,SPEAKER_02,3
real_forced_m,long_00008_672-5639-121,s2,gated_deflation,3,1,1.8989738992081895,1,1,0,SPEAKER_01,3
real_forced_m,long_00008_672-5639-121,s2,gated_deflation,3,2,-3.959751419164261,1,1,0,SPEAKER_01,3
real_forced_m,long_00008_672-5639-121,s3,gated_deflation,3,1,40.19769141318867,0,0,0,SPEAKER_00,3
real_forced_m,long_00008_672-5639-121,s3,gated_deflation,3,2,-1.4946984588224064,0,0,0,SPEAKER_00,3
real_forced_m,long_00008_672-5639-121,s1,coarse_to_fine,3,1,8.396844913871508,,,2,SPEAKER_02,3
real_forced_m,long_00008_672-5639-121,s1,coarse_to_fine,3,2,-2.103905742110279,,,2,SPEAKER_02,3
real_forced_m,long_00008_672-5639-121,s2,coarse_to_fine,3,1,1.8989738992081895,,,2,SPEAKER_01,3
real_forced_m,long_00008_672-5639-121,s2,coarse_to_fine,3,2,-2.7215157960515715,,,2,SPEAKER_01,3
real_forced_m,long_00008_672-5639-121,s3,coarse_to_fine,3,1,40.19769141318867,,,2,SPEAKER_00,3
real_forced_m,long_00008_672-5639-121,s3,coarse_to_fine,3,2,-3.833697284283279,,,2,SPEAKER_00,3
real_index_order,long_00008_672-5639-121,s1,no_recursion,3,1,8.396844913871508,,,0,SPEAKER_02,3
real_index_order,long_00008_672-5639-121,s1,no_recursion,3,2,-2.103905742110279,,,0,SPEAKER_02,3
real_index_order,long_00008_672-5639-121,s2,no_recursion,3,1,1.8989738992081895,,,0,SPEAKER_01,3
real_index_order,long_00008_672-5639-121,s2,no_recursion,3,2,-2.7215157960515715,,,0,SPEAKER_01,3
real_index_order,long_00008_672-5639-121,s3,no_recursion,3,1,40.19769141318867,,,0,SPEAKER_00,3
real_index_order,long_00008_672-5639-121,s3,no_recursion,3,2,-1.4946984588224064,,,0,SPEAKER_00,3
real_index_order,long_00008_672-5639-121,s1,ungated_deflation,3,1,8.396844913871508,0,0,0,SPEAKER_02,3
real_index_order,long_00008_672-5639-121,s1,ungated_deflation,3,2,-2.103905742110279,0,0,0,SPEAKER_02,3
real_index_order,long_00008_672-5639-121,s2,ungated_deflation,3,1,1.8989738992081895,1,1,0,SPEAKER_01,3
real_index_order,long_00008_672-5639-121,s2,ungated_deflation,3,2,-3.042308513810177,1,1,0,SPEAKER_01,3
real_index_order,long_00008_672-5639-121,s3,ungated_deflation,3,1,40.19769141318867,2,2,0,SPEAKER_00,3
real_index_order,long_00008_672-5639-121,s3,ungated_deflation,3,2,-2.836037225261927,2,2,0,SPEAKER_00,3
real_index_order,long_00008_672-5639-121,s1,gated_deflation,3,1,8.396844913871508,0,0,0,SPEAKER_02,3
real_index_order,long_00008_672-5639-121,s1,gated_deflation,3,2,-2.103905742110279,0,0,0,SPEAKER_02,3
real_index_order,long_00008_672-5639-121,s2,gated_deflation,3,1,1.8989738992081895,1,1,0,SPEAKER_01,3
real_index_order,long_00008_672-5639-121,s2,gated_deflation,3,2,-3.042308513810177,1,1,0,SPEAKER_01,3
real_index_order,long_00008_672-5639-121,s3,gated_deflation,3,1,40.19769141318867,2,2,0,SPEAKER_00,3
real_index_order,long_00008_672-5639-121,s3,gated_deflation,3,2,-2.836037225261927,2,2,0,SPEAKER_00,3
real_index_order,long_00008_672-5639-121,s1,coarse_to_fine,3,1,8.396844913871508,,,2,SPEAKER_02,3
real_index_order,long_00008_672-5639-121,s1,coarse_to_fine,3,2,-2.103905742110279,,,2,SPEAKER_02,3
real_index_order,long_00008_672-5639-121,s2,coarse_to_fine,3,1,1.8989738992081895,,,2,SPEAKER_01,3
real_index_order,long_00008_672-5639-121,s2,coarse_to_fine,3,2,-2.7215157960515715,,,2,SPEAKER_01,3
real_index_order,long_00008_672-5639-121,s3,coarse_to_fine,3,1,40.19769141318867,,,2,SPEAKER_00,3
real_index_order,long_00008_672-5639-121,s3,coarse_to_fine,3,2,-3.833697284283279,,,2,SPEAKER_00,3
oracle,long_00009_4992-5105-1580,s1,no_recursion,3,1,83.9717438992953,,,0,s1,3
oracle,long_00009_4992-5105-1580,s1,no_recursion,3,2,4.784400537997416,,,0,s1,3
oracle,long_00009_4992-5105-1580,s2,no_recursion,3,1,49.98812686390569,,,0,s2,3
oracle,long_00009_4992-5105-1580,s2,no_recursion,3,2,2.2461652954540066,,,0,s2,3
oracle,long_00009_4992-5105-1580,s3,no_recursion,3,1,59.28913066463626,,,0,s3,3
oracle,long_00009_4992-5105-1580,s3,no_recursion,3,2,-0.08459911661976904,,,0,s3,3
oracle,long_00009_4992-5105-1580,s1,ungated_deflation,3,1,83.9717438992953,0,0,0,s1,3
oracle,long_00009_4992-5105-1580,s1,ungated_deflation,3,2,4.784400537997416,0,0,0,s1,3
oracle,long_00009_4992-5105-1580,s2,ungated_deflation,3,1,49.84151858999017,1,1,0,s2,3
oracle,long_00009_4992-5105-1580,s2,ungated_deflation,3,2,1.3786725196692637,1,1,0,s2,3
oracle,long_00009_4992-5105-1580,s3,ungated_deflation,3,1,58.90086018439873,2,2,0,s3,3
oracle,long_00009_4992-5105-1580,s3,ungated_deflation,3,2,1.7475662519370516,2,2,0,s3,3
oracle,long_00009_4992-5105-1580,s1,gated_deflation,3,1,83.9717438992953,0,0,0,s1,3
oracle,long_00009_4992-5105-1580,s1,gated_deflation,3,2,4.784400537997416,0,0,0,s1,3
oracle,long_00009_4992-5105-1580,s2,gated_deflation,3,1,49.84151858999017,1,1,0,s2,3
oracle,long_00009_4992-5105-1580,s2,gated_deflation,3,2,1.3786725196692637,1,1,0,s2,3
oracle,long_00009_4992-5105-1580,s3,gated_deflation,3,1,58.90086018439873,2,2,0,s3,3
oracle,long_00009_4992-5105-1580,s3,gated_deflation,3,2,1.7475662519370516,2,2,0,s3,3
oracle,long_00009_4992-5105-1580,s1,coarse_to_fine,3,1,83.91521790611404,,,2,s1,3
oracle,long_00009_4992-5105-1580,s1,coarse_to_fine,3,2,4.195367691306378,,,2,s1,3
oracle,long_00009_4992-5105-1580,s2,coarse_to_fine,3,1,50.195350595295274,,,2,s2,3
oracle,long_00009_4992-5105-1580,s2,coarse_to_fine,3,2,2.6015442788149263,,,2,s2,3
oracle,long_00009_4992-5105-1580,s3,coarse_to_fine,3,1,59.28913066463626,,,2,s3,3
oracle,long_00009_4992-5105-1580,s3,coarse_to_fine,3,2,-0.08459911661976904,,,2,s3,3
real,long_00009_4992-5105-1580,s1,no_recursion,3,1,48.22443273275172,,,0,SPEAKER_02,3
real,long_00009_4992-5105-1580,s1,no_recursion,3,2,0.6206641524391698,,,0,SPEAKER_02,3
real,long_00009_4992-5105-1580,s2,no_recursion,3,1,27.343467594537174,,,0,SPEAKER_00,3
real,long_00009_4992-5105-1580,s2,no_recursion,3,2,0.376060116854383,,,0,SPEAKER_00,3
real,long_00009_4992-5105-1580,s3,no_recursion,3,1,38.58349878568745,,,0,SPEAKER_01,3
real,long_00009_4992-5105-1580,s3,no_recursion,3,2,-2.8646480224729376,,,0,SPEAKER_01,3
real,long_00009_4992-5105-1580,s1,ungated_deflation,3,1,48.22443273275172,1,1,0,SPEAKER_02,3
real,long_00009_4992-5105-1580,s1,ungated_deflation,3,2,0.4951478162765078,1,1,0,SPEAKER_02,3
real,long_00009_4992-5105-1580,s2,ungated_deflation,3,1,27.343467594537174,0,0,0,SPEAKER_00,3
real,long_00009_4992-5105-1580,s2,ungated_deflation,3,2,0.376060116854383,0,0,0,SPEAKER_00,3
real,long_00009_4992-5105-1580,s3,ungated_deflation,3,1,38.58349878568745,2,2,0,SPEAKER_01,3
real,long_00009_4992-5105-1580,s3,ungated_deflation,3,2,-0.803234176859873,2,2,0,SPEAKER_01,3
real,long_00009_4992-5105-1580,s1,gated_deflation,3,1,48.22443273275172,1,1,0,SPEAKER_02,3
real,long_00009_4992-5105-1580,s1,gated_deflation,3,2,0.4951478162765078,1,1,0,SPEAKER_02,3
real,long_00009_4992-5105-1580,s2,gated_deflation,3,1,27.343467594537174,0,0,0,SPEAKER_00,3
real,long_00009_4992-5105-1580,s2,gated_deflation,3,2,0.376060116854383,0,0,0,SPEAKER_00,3
real,long_00009_4992-5105-1580,s3,gated_deflation,3,1,38.58349878568745,2,2,0,SPEAKER_01,3
real,long_00009_4992-5105-1580,s3,gated_deflation,3,2,-0.803234176859873,2,2,0,SPEAKER_01,3
real,long_00009_4992-5105-1580,s1,coarse_to_fine,3,1,48.22443273275172,,,2,SPEAKER_02,3
real,long_00009_4992-5105-1580,s1,coarse_to_fine,3,2,-0.9446523209107843,,,2,SPEAKER_02,3
real,long_00009_4992-5105-1580,s2,coarse_to_fine,3,1,27.343467594537174,,,2,SPEAKER_00,3
real,long_00009_4992-5105-1580,s2,coarse_to_fine,3,2,0.046254219198354124,,,2,SPEAKER_00,3
real,long_00009_4992-5105-1580,s3,coarse_to_fine,3,1,38.58349878568745,,,2,SPEAKER_01,3
real,long_00009_4992-5105-1580,s3,coarse_to_fine,3,2,-2.8646480224729376,,,2,SPEAKER_01,3
real_forced_m,long_00009_4992-5105-1580,s1,no_recursion,3,1,48.22443273275172,,,0,SPEAKER_02,3
real_forced_m,long_00009_4992-5105-1580,s1,no_recursion,3,2,0.6206641524391698,,,0,SPEAKER_02,3
real_forced_m,long_00009_4992-5105-1580,s2,no_recursion,3,1,27.343467594537174,,,0,SPEAKER_00,3
real_forced_m,long_00009_4992-5105-1580,s2,no_recursion,3,2,0.376060116854383,,,0,SPEAKER_00,3
real_forced_m,long_00009_4992-5105-1580,s3,no_recursion,3,1,38.58349878568745,,,0,SPEAKER_01,3
real_forced_m,long_00009_4992-5105-1580,s3,no_recursion,3,2,-2.8646480224729376,,,0,SPEAKER_01,3
real_forced_m,long_00009_4992-5105-1580,s1,ungated_deflation,3,1,48.22443273275172,1,1,0,SPEAKER_02,3
real_forced_m,long_00009_4992-5105-1580,s1,ungated_deflation,3,2,0.4951478162765078,1,1,0,SPEAKER_02,3
real_forced_m,long_00009_4992-5105-1580,s2,ungated_deflation,3,1,27.343467594537174,0,0,0,SPEAKER_00,3
real_forced_m,long_00009_4992-5105-1580,s2,ungated_deflation,3,2,0.376060116854383,0,0,0,SPEAKER_00,3
real_forced_m,long_00009_4992-5105-1580,s3,ungated_deflation,3,1,38.58349878568745,2,2,0,SPEAKER_01,3
real_forced_m,long_00009_4992-5105-1580,s3,ungated_deflation,3,2,-0.803234176859873,2,2,0,SPEAKER_01,3
real_forced_m,long_00009_4992-5105-1580,s1,gated_deflation,3,1,48.22443273275172,1,1,0,SPEAKER_02,3
real_forced_m,long_00009_4992-5105-1580,s1,gated_deflation,3,2,0.4951478162765078,1,1,0,SPEAKER_02,3
real_forced_m,long_00009_4992-5105-1580,s2,gated_deflation,3,1,27.343467594537174,0,0,0,SPEAKER_00,3
real_forced_m,long_00009_4992-5105-1580,s2,gated_deflation,3,2,0.376060116854383,0,0,0,SPEAKER_00,3
real_forced_m,long_00009_4992-5105-1580,s3,gated_deflation,3,1,38.58349878568745,2,2,0,SPEAKER_01,3
real_forced_m,long_00009_4992-5105-1580,s3,gated_deflation,3,2,-0.803234176859873,2,2,0,SPEAKER_01,3
real_forced_m,long_00009_4992-5105-1580,s1,coarse_to_fine,3,1,48.22443273275172,,,2,SPEAKER_02,3
real_forced_m,long_00009_4992-5105-1580,s1,coarse_to_fine,3,2,-0.9446523209107843,,,2,SPEAKER_02,3
real_forced_m,long_00009_4992-5105-1580,s2,coarse_to_fine,3,1,27.343467594537174,,,2,SPEAKER_00,3
real_forced_m,long_00009_4992-5105-1580,s2,coarse_to_fine,3,2,0.046254219198354124,,,2,SPEAKER_00,3
real_forced_m,long_00009_4992-5105-1580,s3,coarse_to_fine,3,1,38.58349878568745,,,2,SPEAKER_01,3
real_forced_m,long_00009_4992-5105-1580,s3,coarse_to_fine,3,2,-2.8646480224729376,,,2,SPEAKER_01,3
real_index_order,long_00009_4992-5105-1580,s1,no_recursion,3,1,48.22443273275172,,,0,SPEAKER_02,3
real_index_order,long_00009_4992-5105-1580,s1,no_recursion,3,2,0.6206641524391698,,,0,SPEAKER_02,3
real_index_order,long_00009_4992-5105-1580,s2,no_recursion,3,1,27.343467594537174,,,0,SPEAKER_00,3
real_index_order,long_00009_4992-5105-1580,s2,no_recursion,3,2,0.376060116854383,,,0,SPEAKER_00,3
real_index_order,long_00009_4992-5105-1580,s3,no_recursion,3,1,38.58349878568745,,,0,SPEAKER_01,3
real_index_order,long_00009_4992-5105-1580,s3,no_recursion,3,2,-2.8646480224729376,,,0,SPEAKER_01,3
real_index_order,long_00009_4992-5105-1580,s1,ungated_deflation,3,1,48.22443273275172,0,0,0,SPEAKER_02,3
real_index_order,long_00009_4992-5105-1580,s1,ungated_deflation,3,2,0.6206641524391698,0,0,0,SPEAKER_02,3
real_index_order,long_00009_4992-5105-1580,s2,ungated_deflation,3,1,27.343467594537174,1,1,0,SPEAKER_00,3
real_index_order,long_00009_4992-5105-1580,s2,ungated_deflation,3,2,0.33084605192315925,1,1,0,SPEAKER_00,3
real_index_order,long_00009_4992-5105-1580,s3,ungated_deflation,3,1,38.58349878568745,2,2,0,SPEAKER_01,3
real_index_order,long_00009_4992-5105-1580,s3,ungated_deflation,3,2,-0.5253157080914744,2,2,0,SPEAKER_01,3
real_index_order,long_00009_4992-5105-1580,s1,gated_deflation,3,1,48.22443273275172,0,0,0,SPEAKER_02,3
real_index_order,long_00009_4992-5105-1580,s1,gated_deflation,3,2,0.6206641524391698,0,0,0,SPEAKER_02,3
real_index_order,long_00009_4992-5105-1580,s2,gated_deflation,3,1,27.343467594537174,1,1,0,SPEAKER_00,3
real_index_order,long_00009_4992-5105-1580,s2,gated_deflation,3,2,0.33084605192315925,1,1,0,SPEAKER_00,3
real_index_order,long_00009_4992-5105-1580,s3,gated_deflation,3,1,38.58349878568745,2,2,0,SPEAKER_01,3
real_index_order,long_00009_4992-5105-1580,s3,gated_deflation,3,2,-0.5253157080914744,2,2,0,SPEAKER_01,3
real_index_order,long_00009_4992-5105-1580,s1,coarse_to_fine,3,1,48.22443273275172,,,2,SPEAKER_02,3
real_index_order,long_00009_4992-5105-1580,s1,coarse_to_fine,3,2,-0.9446523209107843,,,2,SPEAKER_02,3
real_index_order,long_00009_4992-5105-1580,s2,coarse_to_fine,3,1,27.343467594537174,,,2,SPEAKER_00,3
real_index_order,long_00009_4992-5105-1580,s2,coarse_to_fine,3,2,0.046254219198354124,,,2,SPEAKER_00,3
real_index_order,long_00009_4992-5105-1580,s3,coarse_to_fine,3,1,38.58349878568745,,,2,SPEAKER_01,3
real_index_order,long_00009_4992-5105-1580,s3,coarse_to_fine,3,2,-2.8646480224729376,,,2,SPEAKER_01,3
oracle,long_00010_2300-1089-8463,s1,no_recursion,3,1,58.55070284375714,,,0,s1,3
oracle,long_00010_2300-1089-8463,s1,no_recursion,3,2,3.144621159167018,,,0,s1,3
oracle,long_00010_2300-1089-8463,s2,no_recursion,3,1,38.47334821511129,,,0,s2,3
oracle,long_00010_2300-1089-8463,s2,no_recursion,3,2,-0.185468786312859,,,0,s2,3
oracle,long_00010_2300-1089-8463,s3,no_recursion,3,1,46.61260844693278,,,0,s3,3
oracle,long_00010_2300-1089-8463,s3,no_recursion,3,2,1.9685930188209504,,,0,s3,3
oracle,long_00010_2300-1089-8463,s1,ungated_deflation,3,1,58.55070284375714,0,0,0,s1,3
oracle,long_00010_2300-1089-8463,s1,ungated_deflation,3,2,3.144621159167018,0,0,0,s1,3
oracle,long_00010_2300-1089-8463,s2,ungated_deflation,3,1,39.281780145436386,1,1,0,s2,3
oracle,long_00010_2300-1089-8463,s2,ungated_deflation,3,2,-3.6784416455923012,1,1,0,s2,3
oracle,long_00010_2300-1089-8463,s3,ungated_deflation,3,1,48.12138815236119,2,2,0,s3,3
oracle,long_00010_2300-1089-8463,s3,ungated_deflation,3,2,-2.4110020055850865,2,2,0,s3,3
oracle,long_00010_2300-1089-8463,s1,gated_deflation,3,1,58.55070284375714,0,0,0,s1,3
oracle,long_00010_2300-1089-8463,s1,gated_deflation,3,2,3.144621159167018,0,0,0,s1,3
oracle,long_00010_2300-1089-8463,s2,gated_deflation,3,1,39.281780145436386,1,1,0,s2,3
oracle,long_00010_2300-1089-8463,s2,gated_deflation,3,2,-3.6784416455923012,1,1,0,s2,3
oracle,long_00010_2300-1089-8463,s3,gated_deflation,3,1,48.12138815236119,2,2,0,s3,3
oracle,long_00010_2300-1089-8463,s3,gated_deflation,3,2,-2.4110020055850865,2,2,0,s3,3
oracle,long_00010_2300-1089-8463,s1,coarse_to_fine,3,1,58.55070284375714,,,2,s1,3
oracle,long_00010_2300-1089-8463,s1,coarse_to_fine,3,2,3.144621159167018,,,2,s1,3
oracle,long_00010_2300-1089-8463,s2,coarse_to_fine,3,1,37.77653013004192,,,2,s2,3
oracle,long_00010_2300-1089-8463,s2,coarse_to_fine,3,2,-1.34190398944471,,,2,s2,3
oracle,long_00010_2300-1089-8463,s3,coarse_to_fine,3,1,46.61260844693278,,,2,s3,3
oracle,long_00010_2300-1089-8463,s3,coarse_to_fine,3,2,1.9685930188209504,,,2,s3,3
real,long_00010_2300-1089-8463,s1,no_recursion,3,1,32.57788031084165,,,0,SPEAKER_02,3
real,long_00010_2300-1089-8463,s1,no_recursion,3,2,3.5874199653422285,,,0,SPEAKER_02,3
real,long_00010_2300-1089-8463,s2,no_recursion,3,1,44.40159834253869,,,0,SPEAKER_01,3
real,long_00010_2300-1089-8463,s2,no_recursion,3,2,-4.880144981978303,,,0,SPEAKER_01,3
real,long_00010_2300-1089-8463,s3,no_recursion,3,1,28.902146041378707,,,0,SPEAKER_00,3
real,long_00010_2300-1089-8463,s3,no_recursion,3,2,-2.9652448182311164,,,0,SPEAKER_00,3
real,long_00010_2300-1089-8463,s1,ungated_deflation,3,1,32.57788031084165,0,0,0,SPEAKER_02,3
real,long_00010_2300-1089-8463,s1,ungated_deflation,3,2,3.5874199653422285,0,0,0,SPEAKER_02,3
real,long_00010_2300-1089-8463,s2,ungated_deflation,3,1,44.40159834253869,2,2,0,SPEAKER_01,3
real,long_00010_2300-1089-8463,s2,ungated_deflation,3,2,-5.257929008799554,2,2,0,SPEAKER_01,3
real,long_00010_2300-1089-8463,s3,ungated_deflation,3,1,28.902146041378707,1,1,0,SPEAKER_00,3
real,long_00010_2300-1089-8463,s3,ungated_deflation,3,2,-4.577058806598005,1,1,0,SPEAKER_00,3
real,long_00010_2300-1089-8463,s1,gated_deflation,3,1,32.57788031084165,0,0,0,SPEAKER_02,3
real,long_00010_2300-1089-8463,s1,gated_deflation,3,2,3.5874199653422285,0,0,0,SPEAKER_02,3
real,long_00010_2300-1089-8463,s2,gated_deflation,3,1,44.40159834253869,2,2,0,SPEAKER_01,3
real,long_00010_2300-1089-8463,s2,gated_deflation,3,2,-5.257929008799554,2,2,0,SPEAKER_01,3
real,long_00010_2300-1089-8463,s3,gated_deflation,3,1,28.902146041378707,1,1,0,SPEAKER_00,3
real,long_00010_2300-1089-8463,s3,gated_deflation,3,2,-4.577058806598005,1,1,0,SPEAKER_00,3
real,long_00010_2300-1089-8463,s1,coarse_to_fine,3,1,32.57788031084165,,,2,SPEAKER_02,3
real,long_00010_2300-1089-8463,s1,coarse_to_fine,3,2,2.98684318150461,,,2,SPEAKER_02,3
real,long_00010_2300-1089-8463,s2,coarse_to_fine,3,1,44.40159834253869,,,2,SPEAKER_01,3
real,long_00010_2300-1089-8463,s2,coarse_to_fine,3,2,-4.880144981978303,,,2,SPEAKER_01,3
real,long_00010_2300-1089-8463,s3,coarse_to_fine,3,1,28.902146041378707,,,2,SPEAKER_00,3
real,long_00010_2300-1089-8463,s3,coarse_to_fine,3,2,-2.9652448182311164,,,2,SPEAKER_00,3
real_forced_m,long_00010_2300-1089-8463,s1,no_recursion,3,1,32.57788031084165,,,0,SPEAKER_02,3
real_forced_m,long_00010_2300-1089-8463,s1,no_recursion,3,2,3.5874199653422285,,,0,SPEAKER_02,3
real_forced_m,long_00010_2300-1089-8463,s2,no_recursion,3,1,44.40159834253869,,,0,SPEAKER_01,3
real_forced_m,long_00010_2300-1089-8463,s2,no_recursion,3,2,-4.880144981978303,,,0,SPEAKER_01,3
real_forced_m,long_00010_2300-1089-8463,s3,no_recursion,3,1,28.902146041378707,,,0,SPEAKER_00,3
real_forced_m,long_00010_2300-1089-8463,s3,no_recursion,3,2,-2.9652448182311164,,,0,SPEAKER_00,3
real_forced_m,long_00010_2300-1089-8463,s1,ungated_deflation,3,1,32.57788031084165,0,0,0,SPEAKER_02,3
real_forced_m,long_00010_2300-1089-8463,s1,ungated_deflation,3,2,3.5874199653422285,0,0,0,SPEAKER_02,3
real_forced_m,long_00010_2300-1089-8463,s2,ungated_deflation,3,1,44.40159834253869,2,2,0,SPEAKER_01,3
real_forced_m,long_00010_2300-1089-8463,s2,ungated_deflation,3,2,-5.257929008799554,2,2,0,SPEAKER_01,3
real_forced_m,long_00010_2300-1089-8463,s3,ungated_deflation,3,1,28.902146041378707,1,1,0,SPEAKER_00,3
real_forced_m,long_00010_2300-1089-8463,s3,ungated_deflation,3,2,-4.577058806598005,1,1,0,SPEAKER_00,3
real_forced_m,long_00010_2300-1089-8463,s1,gated_deflation,3,1,32.57788031084165,0,0,0,SPEAKER_02,3
real_forced_m,long_00010_2300-1089-8463,s1,gated_deflation,3,2,3.5874199653422285,0,0,0,SPEAKER_02,3
real_forced_m,long_00010_2300-1089-8463,s2,gated_deflation,3,1,44.40159834253869,2,2,0,SPEAKER_01,3
real_forced_m,long_00010_2300-1089-8463,s2,gated_deflation,3,2,-5.257929008799554,2,2,0,SPEAKER_01,3
real_forced_m,long_00010_2300-1089-8463,s3,gated_deflation,3,1,28.902146041378707,1,1,0,SPEAKER_00,3
real_forced_m,long_00010_2300-1089-8463,s3,gated_deflation,3,2,-4.577058806598005,1,1,0,SPEAKER_00,3
real_forced_m,long_00010_2300-1089-8463,s1,coarse_to_fine,3,1,32.57788031084165,,,2,SPEAKER_02,3
real_forced_m,long_00010_2300-1089-8463,s1,coarse_to_fine,3,2,2.98684318150461,,,2,SPEAKER_02,3
real_forced_m,long_00010_2300-1089-8463,s2,coarse_to_fine,3,1,44.40159834253869,,,2,SPEAKER_01,3
real_forced_m,long_00010_2300-1089-8463,s2,coarse_to_fine,3,2,-4.880144981978303,,,2,SPEAKER_01,3
real_forced_m,long_00010_2300-1089-8463,s3,coarse_to_fine,3,1,28.902146041378707,,,2,SPEAKER_00,3
real_forced_m,long_00010_2300-1089-8463,s3,coarse_to_fine,3,2,-2.9652448182311164,,,2,SPEAKER_00,3
real_index_order,long_00010_2300-1089-8463,s1,no_recursion,3,1,32.57788031084165,,,0,SPEAKER_02,3
real_index_order,long_00010_2300-1089-8463,s1,no_recursion,3,2,3.5874199653422285,,,0,SPEAKER_02,3
real_index_order,long_00010_2300-1089-8463,s2,no_recursion,3,1,44.40159834253869,,,0,SPEAKER_01,3
real_index_order,long_00010_2300-1089-8463,s2,no_recursion,3,2,-4.880144981978303,,,0,SPEAKER_01,3
real_index_order,long_00010_2300-1089-8463,s3,no_recursion,3,1,28.902146041378707,,,0,SPEAKER_00,3
real_index_order,long_00010_2300-1089-8463,s3,no_recursion,3,2,-2.9652448182311164,,,0,SPEAKER_00,3
real_index_order,long_00010_2300-1089-8463,s1,ungated_deflation,3,1,32.57788031084165,0,0,0,SPEAKER_02,3
real_index_order,long_00010_2300-1089-8463,s1,ungated_deflation,3,2,3.5874199653422285,0,0,0,SPEAKER_02,3
real_index_order,long_00010_2300-1089-8463,s2,ungated_deflation,3,1,44.40159834253869,1,1,0,SPEAKER_01,3
real_index_order,long_00010_2300-1089-8463,s2,ungated_deflation,3,2,-9.208890232686763,1,1,0,SPEAKER_01,3
real_index_order,long_00010_2300-1089-8463,s3,ungated_deflation,3,1,28.902146041378707,2,2,0,SPEAKER_00,3
real_index_order,long_00010_2300-1089-8463,s3,ungated_deflation,3,2,-5.6845665769423555,2,2,0,SPEAKER_00,3
real_index_order,long_00010_2300-1089-8463,s1,gated_deflation,3,1,32.57788031084165,0,0,0,SPEAKER_02,3
real_index_order,long_00010_2300-1089-8463,s1,gated_deflation,3,2,3.5874199653422285,0,0,0,SPEAKER_02,3
real_index_order,long_00010_2300-1089-8463,s2,gated_deflation,3,1,44.40159834253869,1,1,0,SPEAKER_01,3
real_index_order,long_00010_2300-1089-8463,s2,gated_deflation,3,2,-9.208890232686763,1,1,0,SPEAKER_01,3
real_index_order,long_00010_2300-1089-8463,s3,gated_deflation,3,1,28.902146041378707,2,2,0,SPEAKER_00,3
real_index_order,long_00010_2300-1089-8463,s3,gated_deflation,3,2,-5.6845665769423555,2,2,0,SPEAKER_00,3
real_index_order,long_00010_2300-1089-8463,s1,coarse_to_fine,3,1,32.57788031084165,,,2,SPEAKER_02,3
real_index_order,long_00010_2300-1089-8463,s1,coarse_to_fine,3,2,2.98684318150461,,,2,SPEAKER_02,3
real_index_order,long_00010_2300-1089-8463,s2,coarse_to_fine,3,1,44.40159834253869,,,2,SPEAKER_01,3
real_index_order,long_00010_2300-1089-8463,s2,coarse_to_fine,3,2,-4.880144981978303,,,2,SPEAKER_01,3
real_index_order,long_00010_2300-1089-8463,s3,coarse_to_fine,3,1,28.902146041378707,,,2,SPEAKER_00,3
real_index_order,long_00010_2300-1089-8463,s3,coarse_to_fine,3,2,-2.9652448182311164,,,2,SPEAKER_00,3
oracle,long_00011_5683-7176-4507,s1,no_recursion,3,1,49.08351996036988,,,0,s1,3
oracle,long_00011_5683-7176-4507,s1,no_recursion,3,2,0.6298840899292458,,,0,s1,3
oracle,long_00011_5683-7176-4507,s2,no_recursion,3,1,67.2999856807784,,,0,s2,3
oracle,long_00011_5683-7176-4507,s2,no_recursion,3,2,3.610657367896864,,,0,s2,3
oracle,long_00011_5683-7176-4507,s3,no_recursion,3,1,48.04320808032949,,,0,s3,3
oracle,long_00011_5683-7176-4507,s3,no_recursion,3,2,0.6136784582167099,,,0,s3,3
oracle,long_00011_5683-7176-4507,s1,ungated_deflation,3,1,49.08351996036988,0,0,0,s1,3
oracle,long_00011_5683-7176-4507,s1,ungated_deflation,3,2,0.6298840899292458,0,0,0,s1,3
oracle,long_00011_5683-7176-4507,s2,ungated_deflation,3,1,67.08174133358197,1,1,0,s2,3
oracle,long_00011_5683-7176-4507,s2,ungated_deflation,3,2,0.9403311362564636,1,1,0,s2,3
oracle,long_00011_5683-7176-4507,s3,ungated_deflation,3,1,45.07961663638558,2,2,0,s3,3
oracle,long_00011_5683-7176-4507,s3,ungated_deflation,3,2,-2.2522287588300434,2,2,0,s3,3
oracle,long_00011_5683-7176-4507,s1,gated_deflation,3,1,49.08351996036988,0,0,0,s1,3
oracle,long_00011_5683-7176-4507,s1,gated_deflation,3,2,0.6298840899292458,0,0,0,s1,3
oracle,long_00011_5683-7176-4507,s2,gated_deflation,3,1,67.08174133358197,1,1,0,s2,3
oracle,long_00011_5683-7176-4507,s2,gated_deflation,3,2,0.9403311362564636,1,1,0,s2,3
oracle,long_00011_5683-7176-4507,s3,gated_deflation,3,1,45.07961663638558,2,2,0,s3,3
oracle,long_00011_5683-7176-4507,s3,gated_deflation,3,2,-2.2522287588300434,2,2,0,s3,3
oracle,long_00011_5683-7176-4507,s1,coarse_to_fine,3,1,50.13078661211301,,,2,s1,3
oracle,long_00011_5683-7176-4507,s1,coarse_to_fine,3,2,-2.541838150454365,,,2,s1,3
oracle,long_00011_5683-7176-4507,s2,coarse_to_fine,3,1,67.08579896734824,,,2,s2,3
oracle,long_00011_5683-7176-4507,s2,coarse_to_fine,3,2,3.1012738858022226,,,2,s2,3
oracle,long_00011_5683-7176-4507,s3,coarse_to_fine,3,1,48.04320808032949,,,2,s3,3
oracle,long_00011_5683-7176-4507,s3,coarse_to_fine,3,2,0.6136784582167099,,,2,s3,3
real,long_00011_5683-7176-4507,s1,no_recursion,3,1,45.74997307481837,,,0,SPEAKER_00,3
real,long_00011_5683-7176-4507,s1,no_recursion,3,2,-1.7960465020251228,,,0,SPEAKER_00,3
real,long_00011_5683-7176-4507,s2,no_recursion,3,1,51.79691811504311,,,0,SPEAKER_01,3
real,long_00011_5683-7176-4507,s2,no_recursion,3,2,0.05617449307154061,,,0,SPEAKER_01,3
real,long_00011_5683-7176-4507,s3,no_recursion,3,1,42.730416589075375,,,0,SPEAKER_02,3
real,long_00011_5683-7176-4507,s3,no_recursion,3,2,0.5721305595089404,,,0,SPEAKER_02,3
real,long_00011_5683-7176-4507,s1,ungated_deflation,3,1,45.74997307481837,1,1,0,SPEAKER_00,3
real,long_00011_5683-7176-4507,s1,ungated_deflation,3,2,0.9004216925114111,1,1,0,SPEAKER_00,3
real,long_00011_5683-7176-4507,s2,ungated_deflation,3,1,51.79691811504311,2,2,0,SPEAKER_01,3
real,long_00011_5683-7176-4507,s2,ungated_deflation,3,2,-1.611448437269495,2,2,0,SPEAKER_01,3
real,long_00011_5683-7176-4507,s3,ungated_deflation,3,1,42.730416589075375,0,0,0,SPEAKER_02,3
real,long_00011_5683-7176-4507,s3,ungated_deflation,3,2,0.5721305595089404,0,0,0,SPEAKER_02,3
real,long_00011_5683-7176-4507,s1,gated_deflation,3,1,45.74997307481837,1,1,0,SPEAKER_00,3
real,long_00011_5683-7176-4507,s1,gated_deflation,3,2,0.9004216925114111,1,1,0,SPEAKER_00,3
real,long_00011_5683-7176-4507,s2,gated_deflation,3,1,51.79691811504311,2,2,0,SPEAKER_01,3
real,long_00011_5683-7176-4507,s2,gated_deflation,3,2,-1.611448437269495,2,2,0,SPEAKER_01,3
real,long_00011_5683-7176-4507,s3,gated_deflation,3,1,42.730416589075375,0,0,0,SPEAKER_02,3
real,long_00011_5683-7176-4507,s3,gated_deflation,3,2,0.5721305595089404,0,0,0,SPEAKER_02,3
real,long_00011_5683-7176-4507,s1,coarse_to_fine,3,1,45.74997307481837,,,2,SPEAKER_00,3
real,long_00011_5683-7176-4507,s1,coarse_to_fine,3,2,-3.3896011850146026,,,2,SPEAKER_00,3
real,long_00011_5683-7176-4507,s2,coarse_to_fine,3,1,51.79691811504311,,,2,SPEAKER_01,3
real,long_00011_5683-7176-4507,s2,coarse_to_fine,3,2,0.9038943355008422,,,2,SPEAKER_01,3
real,long_00011_5683-7176-4507,s3,coarse_to_fine,3,1,42.730416589075375,,,2,SPEAKER_02,3
real,long_00011_5683-7176-4507,s3,coarse_to_fine,3,2,0.8801452093556756,,,2,SPEAKER_02,3
real_forced_m,long_00011_5683-7176-4507,s1,no_recursion,3,1,45.74997307481837,,,0,SPEAKER_00,3
real_forced_m,long_00011_5683-7176-4507,s1,no_recursion,3,2,-1.7960465020251228,,,0,SPEAKER_00,3
real_forced_m,long_00011_5683-7176-4507,s2,no_recursion,3,1,51.79691811504311,,,0,SPEAKER_01,3
real_forced_m,long_00011_5683-7176-4507,s2,no_recursion,3,2,0.05617449307154061,,,0,SPEAKER_01,3
real_forced_m,long_00011_5683-7176-4507,s3,no_recursion,3,1,42.730416589075375,,,0,SPEAKER_02,3
real_forced_m,long_00011_5683-7176-4507,s3,no_recursion,3,2,0.5721305595089404,,,0,SPEAKER_02,3
real_forced_m,long_00011_5683-7176-4507,s1,ungated_deflation,3,1,45.74997307481837,1,1,0,SPEAKER_00,3
real_forced_m,long_00011_5683-7176-4507,s1,ungated_deflation,3,2,0.9004216925114111,1,1,0,SPEAKER_00,3
real_forced_m,long_00011_5683-7176-4507,s2,ungated_deflation,3,1,51.79691811504311,2,2,0,SPEAKER_01,3
real_forced_m,long_00011_5683-7176-4507,s2,ungated_deflation,3,2,-1.611448437269495,2,2,0,SPEAKER_01,3
real_forced_m,long_00011_5683-7176-4507,s3,ungated_deflation,3,1,42.730416589075375,0,0,0,SPEAKER_02,3
real_forced_m,long_00011_5683-7176-4507,s3,ungated_deflation,3,2,0.5721305595089404,0,0,0,SPEAKER_02,3
real_forced_m,long_00011_5683-7176-4507,s1,gated_deflation,3,1,45.74997307481837,1,1,0,SPEAKER_00,3
real_forced_m,long_00011_5683-7176-4507,s1,gated_deflation,3,2,0.9004216925114111,1,1,0,SPEAKER_00,3
real_forced_m,long_00011_5683-7176-4507,s2,gated_deflation,3,1,51.79691811504311,2,2,0,SPEAKER_01,3
real_forced_m,long_00011_5683-7176-4507,s2,gated_deflation,3,2,-1.611448437269495,2,2,0,SPEAKER_01,3
real_forced_m,long_00011_5683-7176-4507,s3,gated_deflation,3,1,42.730416589075375,0,0,0,SPEAKER_02,3
real_forced_m,long_00011_5683-7176-4507,s3,gated_deflation,3,2,0.5721305595089404,0,0,0,SPEAKER_02,3
real_forced_m,long_00011_5683-7176-4507,s1,coarse_to_fine,3,1,45.74997307481837,,,2,SPEAKER_00,3
real_forced_m,long_00011_5683-7176-4507,s1,coarse_to_fine,3,2,-3.3896011850146026,,,2,SPEAKER_00,3
real_forced_m,long_00011_5683-7176-4507,s2,coarse_to_fine,3,1,51.79691811504311,,,2,SPEAKER_01,3
real_forced_m,long_00011_5683-7176-4507,s2,coarse_to_fine,3,2,0.9038943355008422,,,2,SPEAKER_01,3
real_forced_m,long_00011_5683-7176-4507,s3,coarse_to_fine,3,1,42.730416589075375,,,2,SPEAKER_02,3
real_forced_m,long_00011_5683-7176-4507,s3,coarse_to_fine,3,2,0.8801452093556756,,,2,SPEAKER_02,3
real_index_order,long_00011_5683-7176-4507,s1,no_recursion,3,1,45.74997307481837,,,0,SPEAKER_00,3
real_index_order,long_00011_5683-7176-4507,s1,no_recursion,3,2,-1.7960465020251228,,,0,SPEAKER_00,3
real_index_order,long_00011_5683-7176-4507,s2,no_recursion,3,1,51.79691811504311,,,0,SPEAKER_01,3
real_index_order,long_00011_5683-7176-4507,s2,no_recursion,3,2,0.05617449307154061,,,0,SPEAKER_01,3
real_index_order,long_00011_5683-7176-4507,s3,no_recursion,3,1,42.730416589075375,,,0,SPEAKER_02,3
real_index_order,long_00011_5683-7176-4507,s3,no_recursion,3,2,0.5721305595089404,,,0,SPEAKER_02,3
real_index_order,long_00011_5683-7176-4507,s1,ungated_deflation,3,1,45.74997307481837,0,0,0,SPEAKER_00,3
real_index_order,long_00011_5683-7176-4507,s1,ungated_deflation,3,2,-1.7960465020251228,0,0,0,SPEAKER_00,3
real_index_order,long_00011_5683-7176-4507,s2,ungated_deflation,3,1,51.79691811504311,1,1,0,SPEAKER_01,3
real_index_order,long_00011_5683-7176-4507,s2,ungated_deflation,3,2,-1.7592159329663326,1,1,0,SPEAKER_01,3
real_index_order,long_00011_5683-7176-4507,s3,ungated_deflation,3,1,42.730416589075375,2,2,0,SPEAKER_02,3
real_index_order,long_00011_5683-7176-4507,s3,ungated_deflation,3,2,-2.3881231396447378,2,2,0,SPEAKER_02,3
real_index_order,long_00011_5683-7176-4507,s1,gated_deflation,3,1,45.74997307481837,0,0,0,SPEAKER_00,3
real_index_order,long_00011_5683-7176-4507,s1,gated_deflation,3,2,-1.7960465020251228,0,0,0,SPEAKER_00,3
real_index_order,long_00011_5683-7176-4507,s2,gated_deflation,3,1,51.79691811504311,1,1,0,SPEAKER_01,3
real_index_order,long_00011_5683-7176-4507,s2,gated_deflation,3,2,-1.7592159329663326,1,1,0,SPEAKER_01,3
real_index_order,long_00011_5683-7176-4507,s3,gated_deflation,3,1,42.730416589075375,2,2,0,SPEAKER_02,3
real_index_order,long_00011_5683-7176-4507,s3,gated_deflation,3,2,-2.3881231396447378,2,2,0,SPEAKER_02,3
real_index_order,long_00011_5683-7176-4507,s1,coarse_to_fine,3,1,45.74997307481837,,,2,SPEAKER_00,3
real_index_order,long_00011_5683-7176-4507,s1,coarse_to_fine,3,2,-3.3896011850146026,,,2,SPEAKER_00,3
real_index_order,long_00011_5683-7176-4507,s2,coarse_to_fine,3,1,51.79691811504311,,,2,SPEAKER_01,3
real_index_order,long_00011_5683-7176-4507,s2,coarse_to_fine,3,2,0.9038943355008422,,,2,SPEAKER_01,3
real_index_order,long_00011_5683-7176-4507,s3,coarse_to_fine,3,1,42.730416589075375,,,2,SPEAKER_02,3
real_index_order,long_00011_5683-7176-4507,s3,coarse_to_fine,3,2,0.8801452093556756,,,2,SPEAKER_02,3
oracle,long_00012_1284-2300-3570,s1,no_recursion,3,1,43.564513956661,,,0,s1,3
oracle,long_00012_1284-2300-3570,s1,no_recursion,3,2,-7.164388462845252,,,0,s1,3
oracle,long_00012_1284-2300-3570,s2,no_recursion,3,1,40.986403983126436,,,0,s2,3
oracle,long_00012_1284-2300-3570,s2,no_recursion,3,2,3.557222056920643,,,0,s2,3
oracle,long_00012_1284-2300-3570,s3,no_recursion,3,1,48.72599105931289,,,0,s3,3
oracle,long_00012_1284-2300-3570,s3,no_recursion,3,2,-1.3877983972088748,,,0,s3,3
oracle,long_00012_1284-2300-3570,s1,ungated_deflation,3,1,43.564513956661,0,0,0,s1,3
oracle,long_00012_1284-2300-3570,s1,ungated_deflation,3,2,-7.164388462845252,0,0,0,s1,3
oracle,long_00012_1284-2300-3570,s2,ungated_deflation,3,1,37.29695996510185,1,1,0,s2,3
oracle,long_00012_1284-2300-3570,s2,ungated_deflation,3,2,0.23946451978529362,1,1,0,s2,3
oracle,long_00012_1284-2300-3570,s3,ungated_deflation,3,1,47.6587680957416,2,2,0,s3,3
oracle,long_00012_1284-2300-3570,s3,ungated_deflation,3,2,-3.8020423360432436,2,2,0,s3,3
oracle,long_00012_1284-2300-3570,s1,gated_deflation,3,1,43.564513956661,0,0,0,s1,3
oracle,long_00012_1284-2300-3570,s1,gated_deflation,3,2,-7.164388462845252,0,0,0,s1,3
oracle,long_00012_1284-2300-3570,s2,gated_deflation,3,1,37.29695996510185,1,1,0,s2,3
oracle,long_00012_1284-2300-3570,s2,gated_deflation,3,2,0.23946451978529362,1,1,0,s2,3
oracle,long_00012_1284-2300-3570,s3,gated_deflation,3,1,47.6587680957416,2,2,0,s3,3
oracle,long_00012_1284-2300-3570,s3,gated_deflation,3,2,-3.8020423360432436,2,2,0,s3,3
oracle,long_00012_1284-2300-3570,s1,coarse_to_fine,3,1,43.564513956661,,,2,s1,3
oracle,long_00012_1284-2300-3570,s1,coarse_to_fine,3,2,-7.164388462845252,,,2,s1,3
oracle,long_00012_1284-2300-3570,s2,coarse_to_fine,3,1,40.27736485281174,,,2,s2,3
oracle,long_00012_1284-2300-3570,s2,coarse_to_fine,3,2,3.2522631903117056,,,2,s2,3
oracle,long_00012_1284-2300-3570,s3,coarse_to_fine,3,1,49.991196136481136,,,2,s3,3
oracle,long_00012_1284-2300-3570,s3,coarse_to_fine,3,2,-2.4632507926470417,,,2,s3,3
real,long_00012_1284-2300-3570,s1,no_recursion,3,1,38.268129981054976,,,0,SPEAKER_00,3
real,long_00012_1284-2300-3570,s1,no_recursion,3,2,-6.7949012873851125,,,0,SPEAKER_00,3
real,long_00012_1284-2300-3570,s2,no_recursion,3,1,98.43370848699449,,,0,SPEAKER_02,3
real,long_00012_1284-2300-3570,s2,no_recursion,3,2,3.1194069518975613,,,0,SPEAKER_02,3
real,long_00012_1284-2300-3570,s3,no_recursion,3,1,53.84114597620037,,,0,SPEAKER_01,3
real,long_00012_1284-2300-3570,s3,no_recursion,3,2,-3.105183955179976,,,0,SPEAKER_01,3
real,long_00012_1284-2300-3570,s1,ungated_deflation,3,1,38.268129981054976,0,0,0,SPEAKER_00,3
real,long_00012_1284-2300-3570,s1,ungated_deflation,3,2,-6.7949012873851125,0,0,0,SPEAKER_00,3
real,long_00012_1284-2300-3570,s2,ungated_deflation,3,1,98.43370848699449,1,1,0,SPEAKER_02,3
real,long_00012_1284-2300-3570,s2,ungated_deflation,3,2,0.23718571000184097,1,1,0,SPEAKER_02,3
real,long_00012_1284-2300-3570,s3,ungated_deflation,3,1,53.84114597620037,2,2,0,SPEAKER_01,3
real,long_00012_1284-2300-3570,s3,ungated_deflation,3,2,-6.623494739787708,2,2,0,SPEAKER_01,3
real,long_00012_1284-2300-3570,s1,gated_deflation,3,1,38.268129981054976,0,0,0,SPEAKER_00,3
real,long_00012_1284-2300-3570,s1,gated_deflation,3,2,-6.7949012873851125,0,0,0,SPEAKER_00,3
real,long_00012_1284-2300-3570,s2,gated_deflation,3,1,98.43370848699449,1,1,0,SPEAKER_02,3
real,long_00012_1284-2300-3570,s2,gated_deflation,3,2,0.23718571000184097,1,1,0,SPEAKER_02,3
real,long_00012_1284-2300-3570,s3,gated_deflation,3,1,53.84114597620037,2,2,0,SPEAKER_01,3
real,long_00012_1284-2300-3570,s3,gated_deflation,3,2,-6.623494739787708,2,2,0,SPEAKER_01,3
real,long_00012_1284-2300-3570,s1,coarse_to_fine,3,1,38.268129981054976,,,2,SPEAKER_00,3
real,long_00012_1284-2300-3570,s1,coarse_to_fine,3,2,-6.7949012873851125,,,2,SPEAKER_00,3
real,long_00012_1284-2300-3570,s2,coarse_to_fine,3,1,98.43370848699449,,,2,SPEAKER_02,3
real,long_00012_1284-2300-3570,s2,coarse_to_fine,3,2,2.6706440286168185,,,2,SPEAKER_02,3
real,long_00012_1284-2300-3570,s3,coarse_to_fine,3,1,53.84114597620037,,,2,SPEAKER_01,3
real,long_00012_1284-2300-3570,s3,coarse_to_fine,3,2,-3.105183955179976,,,2,SPEAKER_01,3
real_forced_m,long_00012_1284-2300-3570,s1,no_recursion,3,1,38.268129981054976,,,0,SPEAKER_00,3
real_forced_m,long_00012_1284-2300-3570,s1,no_recursion,3,2,-6.7949012873851125,,,0,SPEAKER_00,3
real_forced_m,long_00012_1284-2300-3570,s2,no_recursion,3,1,98.43370848699449,,,0,SPEAKER_02,3
real_forced_m,long_00012_1284-2300-3570,s2,no_recursion,3,2,3.1194069518975613,,,0,SPEAKER_02,3
real_forced_m,long_00012_1284-2300-3570,s3,no_recursion,3,1,53.84114597620037,,,0,SPEAKER_01,3
real_forced_m,long_00012_1284-2300-3570,s3,no_recursion,3,2,-3.105183955179976,,,0,SPEAKER_01,3
real_forced_m,long_00012_1284-2300-3570,s1,ungated_deflation,3,1,38.268129981054976,0,0,0,SPEAKER_00,3
real_forced_m,long_00012_1284-2300-3570,s1,ungated_deflation,3,2,-6.7949012873851125,0,0,0,SPEAKER_00,3
real_forced_m,long_00012_1284-2300-3570,s2,ungated_deflation,3,1,98.43370848699449,1,1,0,SPEAKER_02,3
real_forced_m,long_00012_1284-2300-3570,s2,ungated_deflation,3,2,0.23718571000184097,1,1,0,SPEAKER_02,3
real_forced_m,long_00012_1284-2300-3570,s3,ungated_deflation,3,1,53.84114597620037,2,2,0,SPEAKER_01,3
real_forced_m,long_00012_1284-2300-3570,s3,ungated_deflation,3,2,-6.623494739787708,2,2,0,SPEAKER_01,3
real_forced_m,long_00012_1284-2300-3570,s1,gated_deflation,3,1,38.268129981054976,0,0,0,SPEAKER_00,3
real_forced_m,long_00012_1284-2300-3570,s1,gated_deflation,3,2,-6.7949012873851125,0,0,0,SPEAKER_00,3
real_forced_m,long_00012_1284-2300-3570,s2,gated_deflation,3,1,98.43370848699449,1,1,0,SPEAKER_02,3
real_forced_m,long_00012_1284-2300-3570,s2,gated_deflation,3,2,0.23718571000184097,1,1,0,SPEAKER_02,3
real_forced_m,long_00012_1284-2300-3570,s3,gated_deflation,3,1,53.84114597620037,2,2,0,SPEAKER_01,3
real_forced_m,long_00012_1284-2300-3570,s3,gated_deflation,3,2,-6.623494739787708,2,2,0,SPEAKER_01,3
real_forced_m,long_00012_1284-2300-3570,s1,coarse_to_fine,3,1,38.268129981054976,,,2,SPEAKER_00,3
real_forced_m,long_00012_1284-2300-3570,s1,coarse_to_fine,3,2,-6.7949012873851125,,,2,SPEAKER_00,3
real_forced_m,long_00012_1284-2300-3570,s2,coarse_to_fine,3,1,98.43370848699449,,,2,SPEAKER_02,3
real_forced_m,long_00012_1284-2300-3570,s2,coarse_to_fine,3,2,2.6706440286168185,,,2,SPEAKER_02,3
real_forced_m,long_00012_1284-2300-3570,s3,coarse_to_fine,3,1,53.84114597620037,,,2,SPEAKER_01,3
real_forced_m,long_00012_1284-2300-3570,s3,coarse_to_fine,3,2,-3.105183955179976,,,2,SPEAKER_01,3
real_index_order,long_00012_1284-2300-3570,s1,no_recursion,3,1,38.268129981054976,,,0,SPEAKER_00,3
real_index_order,long_00012_1284-2300-3570,s1,no_recursion,3,2,-6.7949012873851125,,,0,SPEAKER_00,3
real_index_order,long_00012_1284-2300-3570,s2,no_recursion,3,1,98.43370848699449,,,0,SPEAKER_02,3
real_index_order,long_00012_1284-2300-3570,s2,no_recursion,3,2,3.1194069518975613,,,0,SPEAKER_02,3
real_index_order,long_00012_1284-2300-3570,s3,no_recursion,3,1,53.84114597620037,,,0,SPEAKER_01,3
real_index_order,long_00012_1284-2300-3570,s3,no_recursion,3,2,-3.105183955179976,,,0,SPEAKER_01,3
real_index_order,long_00012_1284-2300-3570,s1,ungated_deflation,3,1,38.268129981054976,0,0,0,SPEAKER_00,3
real_index_order,long_00012_1284-2300-3570,s1,ungated_deflation,3,2,-6.7949012873851125,0,0,0,SPEAKER_00,3
real_index_order,long_00012_1284-2300-3570,s2,ungated_deflation,3,1,98.43370848699449,1,1,0,SPEAKER_02,3
real_index_order,long_00012_1284-2300-3570,s2,ungated_deflation,3,2,0.23718571000184097,1,1,0,SPEAKER_02,3
real_index_order,long_00012_1284-2300-3570,s3,ungated_deflation,3,1,53.84114597620037,2,2,0,SPEAKER_01,3
real_index_order,long_00012_1284-2300-3570,s3,ungated_deflation,3,2,-6.623494739787708,2,2,0,SPEAKER_01,3
real_index_order,long_00012_1284-2300-3570,s1,gated_deflation,3,1,38.268129981054976,0,0,0,SPEAKER_00,3
real_index_order,long_00012_1284-2300-3570,s1,gated_deflation,3,2,-6.7949012873851125,0,0,0,SPEAKER_00,3
real_index_order,long_00012_1284-2300-3570,s2,gated_deflation,3,1,98.43370848699449,1,1,0,SPEAKER_02,3
real_index_order,long_00012_1284-2300-3570,s2,gated_deflation,3,2,0.23718571000184097,1,1,0,SPEAKER_02,3
real_index_order,long_00012_1284-2300-3570,s3,gated_deflation,3,1,53.84114597620037,2,2,0,SPEAKER_01,3
real_index_order,long_00012_1284-2300-3570,s3,gated_deflation,3,2,-6.623494739787708,2,2,0,SPEAKER_01,3
real_index_order,long_00012_1284-2300-3570,s1,coarse_to_fine,3,1,38.268129981054976,,,2,SPEAKER_00,3
real_index_order,long_00012_1284-2300-3570,s1,coarse_to_fine,3,2,-6.7949012873851125,,,2,SPEAKER_00,3
real_index_order,long_00012_1284-2300-3570,s2,coarse_to_fine,3,1,98.43370848699449,,,2,SPEAKER_02,3
real_index_order,long_00012_1284-2300-3570,s2,coarse_to_fine,3,2,2.6706440286168185,,,2,SPEAKER_02,3
real_index_order,long_00012_1284-2300-3570,s3,coarse_to_fine,3,1,53.84114597620037,,,2,SPEAKER_01,3
real_index_order,long_00012_1284-2300-3570,s3,coarse_to_fine,3,2,-3.105183955179976,,,2,SPEAKER_01,3
oracle,long_00013_4970-121-1320,s1,no_recursion,3,1,41.50751326369057,,,0,s1,3
oracle,long_00013_4970-121-1320,s1,no_recursion,3,2,0.7031063478781883,,,0,s1,3
oracle,long_00013_4970-121-1320,s2,no_recursion,3,1,40.98765354583043,,,0,s2,3
oracle,long_00013_4970-121-1320,s2,no_recursion,3,2,-1.5248633630694814,,,0,s2,3
oracle,long_00013_4970-121-1320,s3,no_recursion,3,1,44.326404580991436,,,0,s3,3
oracle,long_00013_4970-121-1320,s3,no_recursion,3,2,6.864461994991984,,,0,s3,3
oracle,long_00013_4970-121-1320,s1,ungated_deflation,3,1,41.50751326369057,0,0,0,s1,3
oracle,long_00013_4970-121-1320,s1,ungated_deflation,3,2,0.7031063478781883,0,0,0,s1,3
oracle,long_00013_4970-121-1320,s2,ungated_deflation,3,1,38.293547887087904,1,1,0,s2,3
oracle,long_00013_4970-121-1320,s2,ungated_deflation,3,2,-4.161163241007625,1,1,0,s2,3
oracle,long_00013_4970-121-1320,s3,ungated_deflation,3,1,38.17568446856947,2,2,0,s3,3
oracle,long_00013_4970-121-1320,s3,ungated_deflation,3,2,4.855151485828521,2,2,0,s3,3
oracle,long_00013_4970-121-1320,s1,gated_deflation,3,1,41.50751326369057,0,0,0,s1,3
oracle,long_00013_4970-121-1320,s1,gated_deflation,3,2,0.7031063478781883,0,0,0,s1,3
oracle,long_00013_4970-121-1320,s2,gated_deflation,3,1,38.293547887087904,1,1,0,s2,3
oracle,long_00013_4970-121-1320,s2,gated_deflation,3,2,-4.161163241007625,1,1,0,s2,3
oracle,long_00013_4970-121-1320,s3,gated_deflation,3,1,38.17568446856947,2,2,0,s3,3
oracle,long_00013_4970-121-1320,s3,gated_deflation,3,2,4.855151485828521,2,2,0,s3,3
oracle,long_00013_4970-121-1320,s1,coarse_to_fine,3,1,42.73616630511319,,,2,s1,3
oracle,long_00013_4970-121-1320,s1,coarse_to_fine,3,2,-0.33339431944026493,,,2,s1,3
oracle,long_00013_4970-121-1320,s2,coarse_to_fine,3,1,40.98765354583043,,,2,s2,3
oracle,long_00013_4970-121-1320,s2,coarse_to_fine,3,2,-1.5248633630694814,,,2,s2,3
oracle,long_00013_4970-121-1320,s3,coarse_to_fine,3,1,44.053467185900146,,,2,s3,3
oracle,long_00013_4970-121-1320,s3,coarse_to_fine,3,2,7.021665775089689,,,2,s3,3
real,long_00013_4970-121-1320,s1,no_recursion,3,1,26.052647466444633,,,0,SPEAKER_02,3
real,long_00013_4970-121-1320,s1,no_recursion,3,2,-0.01828084693862905,,,0,SPEAKER_02,3
real,long_00013_4970-121-1320,s2,no_recursion,3,1,46.12641071558099,,,0,SPEAKER_00,3
real,long_00013_4970-121-1320,s2,no_recursion,3,2,-2.7608155261087197,,,0,SPEAKER_00,3
real,long_00013_4970-121-1320,s3,no_recursion,3,1,23.916006480604445,,,0,SPEAKER_01,3
real,long_00013_4970-121-1320,s3,no_recursion,3,2,2.3603853872146674,,,0,SPEAKER_01,3
real,long_00013_4970-121-1320,s1,ungated_deflation,3,1,26.052647466444633,1,1,0,SPEAKER_02,3
real,long_00013_4970-121-1320,s1,ungated_deflation,3,2,0.018720753663351897,1,1,0,SPEAKER_02,3
real,long_00013_4970-121-1320,s2,ungated_deflation,3,1,46.12641071558099,2,2,0,SPEAKER_00,3
real,long_00013_4970-121-1320,s2,ungated_deflation,3,2,-3.7092224741577073,2,2,0,SPEAKER_00,3
real,long_00013_4970-121-1320,s3,ungated_deflation,3,1,23.916006480604445,0,0,0,SPEAKER_01,3
real,long_00013_4970-121-1320,s3,ungated_deflation,3,2,2.3603853872146674,0,0,0,SPEAKER_01,3
real,long_00013_4970-121-1320,s1,gated_deflation,3,1,26.052647466444633,1,1,0,SPEAKER_02,3
real,long_00013_4970-121-1320,s1,gated_deflation,3,2,0.018720753663351897,1,1,0,SPEAKER_02,3
real,long_00013_4970-121-1320,s2,gated_deflation,3,1,46.12641071558099,2,2,0,SPEAKER_00,3
real,long_00013_4970-121-1320,s2,gated_deflation,3,2,-3.7092224741577073,2,2,0,SPEAKER_00,3
real,long_00013_4970-121-1320,s3,gated_deflation,3,1,23.916006480604445,0,0,0,SPEAKER_01,3
real,long_00013_4970-121-1320,s3,gated_deflation,3,2,2.3603853872146674,0,0,0,SPEAKER_01,3
real,long_00013_4970-121-1320,s1,coarse_to_fine,3,1,26.052647466444633,,,2,SPEAKER_02,3
real,long_00013_4970-121-1320,s1,coarse_to_fine,3,2,-0.6704224317209431,,,2,SPEAKER_02,3
real,long_00013_4970-121-1320,s2,coarse_to_fine,3,1,46.12641071558099,,,2,SPEAKER_00,3
real,long_00013_4970-121-1320,s2,coarse_to_fine,3,2,-2.7608155261087197,,,2,SPEAKER_00,3
real,long_00013_4970-121-1320,s3,coarse_to_fine,3,1,23.916006480604445,,,2,SPEAKER_01,3
real,long_00013_4970-121-1320,s3,coarse_to_fine,3,2,3.2122246583233895,,,2,SPEAKER_01,3
real_forced_m,long_00013_4970-121-1320,s1,no_recursion,3,1,26.052647466444633,,,0,SPEAKER_02,3
real_forced_m,long_00013_4970-121-1320,s1,no_recursion,3,2,-0.01828084693862905,,,0,SPEAKER_02,3
real_forced_m,long_00013_4970-121-1320,s2,no_recursion,3,1,46.12641071558099,,,0,SPEAKER_00,3
real_forced_m,long_00013_4970-121-1320,s2,no_recursion,3,2,-2.7608155261087197,,,0,SPEAKER_00,3
real_forced_m,long_00013_4970-121-1320,s3,no_recursion,3,1,23.916006480604445,,,0,SPEAKER_01,3
real_forced_m,long_00013_4970-121-1320,s3,no_recursion,3,2,2.3603853872146674,,,0,SPEAKER_01,3
real_forced_m,long_00013_4970-121-1320,s1,ungated_deflation,3,1,26.052647466444633,1,1,0,SPEAKER_02,3
real_forced_m,long_00013_4970-121-1320,s1,ungated_deflation,3,2,0.018720753663351897,1,1,0,SPEAKER_02,3
real_forced_m,long_00013_4970-121-1320,s2,ungated_deflation,3,1,46.12641071558099,2,2,0,SPEAKER_00,3
real_forced_m,long_00013_4970-121-1320,s2,ungated_deflation,3,2,-3.7092224741577073,2,2,0,SPEAKER_00,3
real_forced_m,long_00013_4970-121-1320,s3,ungated_deflation,3,1,23.916006480604445,0,0,0,SPEAKER_01,3
real_forced_m,long_00013_4970-121-1320,s3,ungated_deflation,3,2,2.3603853872146674,0,0,0,SPEAKER_01,3
real_forced_m,long_00013_4970-121-1320,s1,gated_deflation,3,1,26.052647466444633,1,1,0,SPEAKER_02,3
real_forced_m,long_00013_4970-121-1320,s1,gated_deflation,3,2,0.018720753663351897,1,1,0,SPEAKER_02,3
real_forced_m,long_00013_4970-121-1320,s2,gated_deflation,3,1,46.12641071558099,2,2,0,SPEAKER_00,3
real_forced_m,long_00013_4970-121-1320,s2,gated_deflation,3,2,-3.7092224741577073,2,2,0,SPEAKER_00,3
real_forced_m,long_00013_4970-121-1320,s3,gated_deflation,3,1,23.916006480604445,0,0,0,SPEAKER_01,3
real_forced_m,long_00013_4970-121-1320,s3,gated_deflation,3,2,2.3603853872146674,0,0,0,SPEAKER_01,3
real_forced_m,long_00013_4970-121-1320,s1,coarse_to_fine,3,1,26.052647466444633,,,2,SPEAKER_02,3
real_forced_m,long_00013_4970-121-1320,s1,coarse_to_fine,3,2,-0.6704224317209431,,,2,SPEAKER_02,3
real_forced_m,long_00013_4970-121-1320,s2,coarse_to_fine,3,1,46.12641071558099,,,2,SPEAKER_00,3
real_forced_m,long_00013_4970-121-1320,s2,coarse_to_fine,3,2,-2.7608155261087197,,,2,SPEAKER_00,3
real_forced_m,long_00013_4970-121-1320,s3,coarse_to_fine,3,1,23.916006480604445,,,2,SPEAKER_01,3
real_forced_m,long_00013_4970-121-1320,s3,coarse_to_fine,3,2,3.2122246583233895,,,2,SPEAKER_01,3
real_index_order,long_00013_4970-121-1320,s1,no_recursion,3,1,26.052647466444633,,,0,SPEAKER_02,3
real_index_order,long_00013_4970-121-1320,s1,no_recursion,3,2,-0.01828084693862905,,,0,SPEAKER_02,3
real_index_order,long_00013_4970-121-1320,s2,no_recursion,3,1,46.12641071558099,,,0,SPEAKER_00,3
real_index_order,long_00013_4970-121-1320,s2,no_recursion,3,2,-2.7608155261087197,,,0,SPEAKER_00,3
real_index_order,long_00013_4970-121-1320,s3,no_recursion,3,1,23.916006480604445,,,0,SPEAKER_01,3
real_index_order,long_00013_4970-121-1320,s3,no_recursion,3,2,2.3603853872146674,,,0,SPEAKER_01,3
real_index_order,long_00013_4970-121-1320,s1,ungated_deflation,3,1,26.052647466444633,0,0,0,SPEAKER_02,3
real_index_order,long_00013_4970-121-1320,s1,ungated_deflation,3,2,-0.01828084693862905,0,0,0,SPEAKER_02,3
real_index_order,long_00013_4970-121-1320,s2,ungated_deflation,3,1,46.12641071558099,1,1,0,SPEAKER_00,3
real_index_order,long_00013_4970-121-1320,s2,ungated_deflation,3,2,-4.935076865126851,1,1,0,SPEAKER_00,3
real_index_order,long_00013_4970-121-1320,s3,ungated_deflation,3,1,23.916006480604445,2,2,0,SPEAKER_01,3
real_index_order,long_00013_4970-121-1320,s3,ungated_deflation,3,2,2.558571308325205,2,2,0,SPEAKER_01,3
real_index_order,long_00013_4970-121-1320,s1,gated_deflation,3,1,26.052647466444633,0,0,0,SPEAKER_02,3
real_index_order,long_00013_4970-121-1320,s1,gated_deflation,3,2,-0.01828084693862905,0,0,0,SPEAKER_02,3
real_index_order,long_00013_4970-121-1320,s2,gated_deflation,3,1,46.12641071558099,1,1,0,SPEAKER_00,3
real_index_order,long_00013_4970-121-1320,s2,gated_deflation,3,2,-4.935076865126851,1,1,0,SPEAKER_00,3
real_index_order,long_00013_4970-121-1320,s3,gated_deflation,3,1,23.916006480604445,2,2,0,SPEAKER_01,3
real_index_order,long_00013_4970-121-1320,s3,gated_deflation,3,2,2.558571308325205,2,2,0,SPEAKER_01,3
real_index_order,long_00013_4970-121-1320,s1,coarse_to_fine,3,1,26.052647466444633,,,2,SPEAKER_02,3
real_index_order,long_00013_4970-121-1320,s1,coarse_to_fine,3,2,-0.6704224317209431,,,2,SPEAKER_02,3
real_index_order,long_00013_4970-121-1320,s2,coarse_to_fine,3,1,46.12641071558099,,,2,SPEAKER_00,3
real_index_order,long_00013_4970-121-1320,s2,coarse_to_fine,3,2,-2.7608155261087197,,,2,SPEAKER_00,3
real_index_order,long_00013_4970-121-1320,s3,coarse_to_fine,3,1,23.916006480604445,,,2,SPEAKER_01,3
real_index_order,long_00013_4970-121-1320,s3,coarse_to_fine,3,2,3.2122246583233895,,,2,SPEAKER_01,3
oracle,long_00014_6829-2094-7021,s1,no_recursion,3,1,59.45488313284471,,,0,s1,3
oracle,long_00014_6829-2094-7021,s1,no_recursion,3,2,-1.967213552573421,,,0,s1,3
oracle,long_00014_6829-2094-7021,s2,no_recursion,3,1,46.52477379223317,,,0,s2,3
oracle,long_00014_6829-2094-7021,s2,no_recursion,3,2,1.8070035641075188,,,0,s2,3
oracle,long_00014_6829-2094-7021,s3,no_recursion,3,1,46.28522324737673,,,0,s3,3
oracle,long_00014_6829-2094-7021,s3,no_recursion,3,2,3.0390984069550084,,,0,s3,3
oracle,long_00014_6829-2094-7021,s1,ungated_deflation,3,1,59.45488313284471,0,0,0,s1,3
oracle,long_00014_6829-2094-7021,s1,ungated_deflation,3,2,-1.967213552573421,0,0,0,s1,3
oracle,long_00014_6829-2094-7021,s2,ungated_deflation,3,1,46.678505119898375,1,1,0,s2,3
oracle,long_00014_6829-2094-7021,s2,ungated_deflation,3,2,-1.2763170637784853,1,1,0,s2,3
oracle,long_00014_6829-2094-7021,s3,ungated_deflation,3,1,37.88198756616329,2,2,0,s3,3
oracle,long_00014_6829-2094-7021,s3,ungated_deflation,3,2,0.9119497957462315,2,2,0,s3,3
oracle,long_00014_6829-2094-7021,s1,gated_deflation,3,1,59.45488313284471,0,0,0,s1,3
oracle,long_00014_6829-2094-7021,s1,gated_deflation,3,2,-1.967213552573421,0,0,0,s1,3
oracle,long_00014_6829-2094-7021,s2,gated_deflation,3,1,46.678505119898375,1,1,0,s2,3
oracle,long_00014_6829-2094-7021,s2,gated_deflation,3,2,-1.2763170637784853,1,1,0,s2,3
oracle,long_00014_6829-2094-7021,s3,gated_deflation,3,1,37.88198756616329,2,2,0,s3,3
oracle,long_00014_6829-2094-7021,s3,gated_deflation,3,2,0.9119497957462315,2,2,0,s3,3
oracle,long_00014_6829-2094-7021,s1,coarse_to_fine,3,1,59.45488313284471,,,2,s1,3
oracle,long_00014_6829-2094-7021,s1,coarse_to_fine,3,2,-1.967213552573421,,,2,s1,3
oracle,long_00014_6829-2094-7021,s2,coarse_to_fine,3,1,50.39284634948696,,,2,s2,3
oracle,long_00014_6829-2094-7021,s2,coarse_to_fine,3,2,1.9848660500696689,,,2,s2,3
oracle,long_00014_6829-2094-7021,s3,coarse_to_fine,3,1,45.77938837937723,,,2,s3,3
oracle,long_00014_6829-2094-7021,s3,coarse_to_fine,3,2,1.4880881657156295,,,2,s3,3
real,long_00014_6829-2094-7021,s1,no_recursion,3,1,44.903188101242065,,,0,SPEAKER_01,3
real,long_00014_6829-2094-7021,s1,no_recursion,3,2,-7.296327500023123,,,0,SPEAKER_01,3
real,long_00014_6829-2094-7021,s2,no_recursion,3,1,22.993854339060952,,,0,SPEAKER_02,3
real,long_00014_6829-2094-7021,s2,no_recursion,3,2,-2.4859039788674853,,,0,SPEAKER_02,3
real,long_00014_6829-2094-7021,s3,no_recursion,3,1,51.8862545897327,,,0,SPEAKER_00,3
real,long_00014_6829-2094-7021,s3,no_recursion,3,2,1.0147130104075994,,,0,SPEAKER_00,3
real,long_00014_6829-2094-7021,s1,ungated_deflation,3,1,44.903188101242065,0,0,0,SPEAKER_01,3
real,long_00014_6829-2094-7021,s1,ungated_deflation,3,2,-7.296327500023123,0,0,0,SPEAKER_01,3
real,long_00014_6829-2094-7021,s2,ungated_deflation,3,1,22.993854339060952,2,2,0,SPEAKER_02,3
real,long_00014_6829-2094-7021,s2,ungated_deflation,3,2,-2.138482016084084,2,2,0,SPEAKER_02,3
real,long_00014_6829-2094-7021,s3,ungated_deflation,3,1,51.8862545897327,1,1,0,SPEAKER_00,3
real,long_00014_6829-2094-7021,s3,ungated_deflation,3,2,0.2479377243091776,1,1,0,SPEAKER_00,3
real,long_00014_6829-2094-7021,s1,gated_deflation,3,1,44.903188101242065,0,0,0,SPEAKER_01,3
real,long_00014_6829-2094-7021,s1,gated_deflation,3,2,-7.296327500023123,0,0,0,SPEAKER_01,3
real,long_00014_6829-2094-7021,s2,gated_deflation,3,1,22.993854339060952,2,2,0,SPEAKER_02,3
real,long_00014_6829-2094-7021,s2,gated_deflation,3,2,-2.138482016084084,2,2,0,SPEAKER_02,3
real,long_00014_6829-2094-7021,s3,gated_deflation,3,1,51.8862545897327,1,1,0,SPEAKER_00,3
real,long_00014_6829-2094-7021,s3,gated_deflation,3,2,0.2479377243091776,1,1,0,SPEAKER_00,3
real,long_00014_6829-2094-7021,s1,coarse_to_fine,3,1,44.903188101242065,,,2,SPEAKER_01,3
real,long_00014_6829-2094-7021,s1,coarse_to_fine,3,2,-7.296327500023123,,,2,SPEAKER_01,3
real,long_00014_6829-2094-7021,s2,coarse_to_fine,3,1,22.993854339060952,,,2,SPEAKER_02,3
real,long_00014_6829-2094-7021,s2,coarse_to_fine,3,2,-3.4604602485807874,,,2,SPEAKER_02,3
real,long_00014_6829-2094-7021,s3,coarse_to_fine,3,1,51.8862545897327,,,2,SPEAKER_00,3
real,long_00014_6829-2094-7021,s3,coarse_to_fine,3,2,0.48333635386797347,,,2,SPEAKER_00,3
real_forced_m,long_00014_6829-2094-7021,s1,no_recursion,3,1,44.903188101242065,,,0,SPEAKER_01,3
real_forced_m,long_00014_6829-2094-7021,s1,no_recursion,3,2,-7.296327500023123,,,0,SPEAKER_01,3
real_forced_m,long_00014_6829-2094-7021,s2,no_recursion,3,1,22.993854339060952,,,0,SPEAKER_02,3
real_forced_m,long_00014_6829-2094-7021,s2,no_recursion,3,2,-2.4859039788674853,,,0,SPEAKER_02,3
real_forced_m,long_00014_6829-2094-7021,s3,no_recursion,3,1,51.8862545897327,,,0,SPEAKER_00,3
real_forced_m,long_00014_6829-2094-7021,s3,no_recursion,3,2,1.0147130104075994,,,0,SPEAKER_00,3
real_forced_m,long_00014_6829-2094-7021,s1,ungated_deflation,3,1,44.903188101242065,0,0,0,SPEAKER_01,3
real_forced_m,long_00014_6829-2094-7021,s1,ungated_deflation,3,2,-7.296327500023123,0,0,0,SPEAKER_01,3
real_forced_m,long_00014_6829-2094-7021,s2,ungated_deflation,3,1,22.993854339060952,2,2,0,SPEAKER_02,3
real_forced_m,long_00014_6829-2094-7021,s2,ungated_deflation,3,2,-2.138482016084084,2,2,0,SPEAKER_02,3
real_forced_m,long_00014_6829-2094-7021,s3,ungated_deflation,3,1,51.8862545897327,1,1,0,SPEAKER_00,3
real_forced_m,long_00014_6829-2094-7021,s3,ungated_deflation,3,2,0.2479377243091776,1,1,0,SPEAKER_00,3
real_forced_m,long_00014_6829-2094-7021,s1,gated_deflation,3,1,44.903188101242065,0,0,0,SPEAKER_01,3
real_forced_m,long_00014_6829-2094-7021,s1,gated_deflation,3,2,-7.296327500023123,0,0,0,SPEAKER_01,3
real_forced_m,long_00014_6829-2094-7021,s2,gated_deflation,3,1,22.993854339060952,2,2,0,SPEAKER_02,3
real_forced_m,long_00014_6829-2094-7021,s2,gated_deflation,3,2,-2.138482016084084,2,2,0,SPEAKER_02,3
real_forced_m,long_00014_6829-2094-7021,s3,gated_deflation,3,1,51.8862545897327,1,1,0,SPEAKER_00,3
real_forced_m,long_00014_6829-2094-7021,s3,gated_deflation,3,2,0.2479377243091776,1,1,0,SPEAKER_00,3
real_forced_m,long_00014_6829-2094-7021,s1,coarse_to_fine,3,1,44.903188101242065,,,2,SPEAKER_01,3
real_forced_m,long_00014_6829-2094-7021,s1,coarse_to_fine,3,2,-7.296327500023123,,,2,SPEAKER_01,3
real_forced_m,long_00014_6829-2094-7021,s2,coarse_to_fine,3,1,22.993854339060952,,,2,SPEAKER_02,3
real_forced_m,long_00014_6829-2094-7021,s2,coarse_to_fine,3,2,-3.4604602485807874,,,2,SPEAKER_02,3
real_forced_m,long_00014_6829-2094-7021,s3,coarse_to_fine,3,1,51.8862545897327,,,2,SPEAKER_00,3
real_forced_m,long_00014_6829-2094-7021,s3,coarse_to_fine,3,2,0.48333635386797347,,,2,SPEAKER_00,3
real_index_order,long_00014_6829-2094-7021,s1,no_recursion,3,1,44.903188101242065,,,0,SPEAKER_01,3
real_index_order,long_00014_6829-2094-7021,s1,no_recursion,3,2,-7.296327500023123,,,0,SPEAKER_01,3
real_index_order,long_00014_6829-2094-7021,s2,no_recursion,3,1,22.993854339060952,,,0,SPEAKER_02,3
real_index_order,long_00014_6829-2094-7021,s2,no_recursion,3,2,-2.4859039788674853,,,0,SPEAKER_02,3
real_index_order,long_00014_6829-2094-7021,s3,no_recursion,3,1,51.8862545897327,,,0,SPEAKER_00,3
real_index_order,long_00014_6829-2094-7021,s3,no_recursion,3,2,1.0147130104075994,,,0,SPEAKER_00,3
real_index_order,long_00014_6829-2094-7021,s1,ungated_deflation,3,1,44.903188101242065,0,0,0,SPEAKER_01,3
real_index_order,long_00014_6829-2094-7021,s1,ungated_deflation,3,2,-7.296327500023123,0,0,0,SPEAKER_01,3
real_index_order,long_00014_6829-2094-7021,s2,ungated_deflation,3,1,22.993854339060952,1,1,0,SPEAKER_02,3
real_index_order,long_00014_6829-2094-7021,s2,ungated_deflation,3,2,-2.4048848250268655,1,1,0,SPEAKER_02,3
real_index_order,long_00014_6829-2094-7021,s3,ungated_deflation,3,1,51.8862545897327,2,2,0,SPEAKER_00,3
real_index_order,long_00014_6829-2094-7021,s3,ungated_deflation,3,2,-0.5630186526705893,2,2,0,SPEAKER_00,3
real_index_order,long_00014_6829-2094-7021,s1,gated_deflation,3,1,44.903188101242065,0,0,0,SPEAKER_01,3
real_index_order,long_00014_6829-2094-7021,s1,gated_deflation,3,2,-7.296327500023123,0,0,0,SPEAKER_01,3
real_index_order,long_00014_6829-2094-7021,s2,gated_deflation,3,1,22.993854339060952,1,1,0,SPEAKER_02,3
real_index_order,long_00014_6829-2094-7021,s2,gated_deflation,3,2,-2.4048848250268655,1,1,0,SPEAKER_02,3
real_index_order,long_00014_6829-2094-7021,s3,gated_deflation,3,1,51.8862545897327,2,2,0,SPEAKER_00,3
real_index_order,long_00014_6829-2094-7021,s3,gated_deflation,3,2,-0.5630186526705893,2,2,0,SPEAKER_00,3
real_index_order,long_00014_6829-2094-7021,s1,coarse_to_fine,3,1,44.903188101242065,,,2,SPEAKER_01,3
real_index_order,long_00014_6829-2094-7021,s1,coarse_to_fine,3,2,-7.296327500023123,,,2,SPEAKER_01,3
real_index_order,long_00014_6829-2094-7021,s2,coarse_to_fine,3,1,22.993854339060952,,,2,SPEAKER_02,3
real_index_order,long_00014_6829-2094-7021,s2,coarse_to_fine,3,2,-3.4604602485807874,,,2,SPEAKER_02,3
real_index_order,long_00014_6829-2094-7021,s3,coarse_to_fine,3,1,51.8862545897327,,,2,SPEAKER_00,3
real_index_order,long_00014_6829-2094-7021,s3,coarse_to_fine,3,2,0.48333635386797347,,,2,SPEAKER_00,3
oracle,long_00015_4992-1089-4970,s1,no_recursion,3,1,44.41338132005345,,,0,s1,3
oracle,long_00015_4992-1089-4970,s1,no_recursion,3,2,6.284547432867061,,,0,s1,3
oracle,long_00015_4992-1089-4970,s2,no_recursion,3,1,45.513291275007894,,,0,s2,3
oracle,long_00015_4992-1089-4970,s2,no_recursion,3,2,3.250362462108689,,,0,s2,3
oracle,long_00015_4992-1089-4970,s3,no_recursion,3,1,78.0850876755676,,,0,s3,3
oracle,long_00015_4992-1089-4970,s3,no_recursion,3,2,6.7742524433275815,,,0,s3,3
oracle,long_00015_4992-1089-4970,s1,ungated_deflation,3,1,44.41338132005345,0,0,0,s1,3
oracle,long_00015_4992-1089-4970,s1,ungated_deflation,3,2,6.284547432867061,0,0,0,s1,3
oracle,long_00015_4992-1089-4970,s2,ungated_deflation,3,1,43.1958866518498,1,1,0,s2,3
oracle,long_00015_4992-1089-4970,s2,ungated_deflation,3,2,0.619261587224895,1,1,0,s2,3
oracle,long_00015_4992-1089-4970,s3,ungated_deflation,3,1,77.74739355596252,2,2,0,s3,3
oracle,long_00015_4992-1089-4970,s3,ungated_deflation,3,2,4.190746183650307,2,2,0,s3,3
oracle,long_00015_4992-1089-4970,s1,gated_deflation,3,1,44.41338132005345,0,0,0,s1,3
oracle,long_00015_4992-1089-4970,s1,gated_deflation,3,2,6.284547432867061,0,0,0,s1,3
oracle,long_00015_4992-1089-4970,s2,gated_deflation,3,1,43.1958866518498,1,1,0,s2,3
oracle,long_00015_4992-1089-4970,s2,gated_deflation,3,2,0.619261587224895,1,1,0,s2,3
oracle,long_00015_4992-1089-4970,s3,gated_deflation,3,1,77.74739355596252,2,2,0,s3,3
oracle,long_00015_4992-1089-4970,s3,gated_deflation,3,2,4.190746183650307,2,2,0,s3,3
oracle,long_00015_4992-1089-4970,s1,coarse_to_fine,3,1,45.53040579869684,,,2,s1,3
oracle,long_00015_4992-1089-4970,s1,coarse_to_fine,3,2,6.413253918568983,,,2,s1,3
oracle,long_00015_4992-1089-4970,s2,coarse_to_fine,3,1,45.28205292150535,,,2,s2,3
oracle,long_00015_4992-1089-4970,s2,coarse_to_fine,3,2,3.703284622371627,,,2,s2,3
oracle,long_00015_4992-1089-4970,s3,coarse_to_fine,3,1,77.93521732442238,,,2,s3,3
oracle,long_00015_4992-1089-4970,s3,coarse_to_fine,3,2,3.2717870002719702,,,2,s3,3
real,long_00015_4992-1089-4970,s1,no_recursion,3,1,47.09370484783494,,,0,SPEAKER_01,3
real,long_00015_4992-1089-4970,s1,no_recursion,3,2,2.620288556111308,,,0,SPEAKER_01,3
real,long_00015_4992-1089-4970,s2,no_recursion,3,1,43.07904875690723,,,0,SPEAKER_02,3
real,long_00015_4992-1089-4970,s2,no_recursion,3,2,0.5005250418449837,,,0,SPEAKER_02,3
real,long_00015_4992-1089-4970,s3,no_recursion,3,1,39.559776147983676,,,0,SPEAKER_00,3
real,long_00015_4992-1089-4970,s3,no_recursion,3,2,0.6076349598568763,,,0,SPEAKER_00,3
real,long_00015_4992-1089-4970,s1,ungated_deflation,3,1,47.09370484783494,1,1,0,SPEAKER_01,3
real,long_00015_4992-1089-4970,s1,ungated_deflation,3,2,3.867763784882154,1,1,0,SPEAKER_01,3
real,long_00015_4992-1089-4970,s2,ungated_deflation,3,1,43.07904875690723,2,2,0,SPEAKER_02,3
real,long_00015_4992-1089-4970,s2,ungated_deflation,3,2,-2.3584859103216043,2,2,0,SPEAKER_02,3
real,long_00015_4992-1089-4970,s3,ungated_deflation,3,1,39.559776147983676,0,0,0,SPEAKER_00,3
real,long_00015_4992-1089-4970,s3,ungated_deflation,3,2,0.6076349598568763,0,0,0,SPEAKER_00,3
real,long_00015_4992-1089-4970,s1,gated_deflation,3,1,47.09370484783494,1,1,0,SPEAKER_01,3
real,long_00015_4992-1089-4970,s1,gated_deflation,3,2,3.867763784882154,1,1,0,SPEAKER_01,3
real,long_00015_4992-1089-4970,s2,gated_deflation,3,1,43.07904875690723,2,2,0,SPEAKER_02,3
real,long_00015_4992-1089-4970,s2,gated_deflation,3,2,-2.3584859103216043,2,2,0,SPEAKER_02,3
real,long_00015_4992-1089-4970,s3,gated_deflation,3,1,39.559776147983676,0,0,0,SPEAKER_00,3
real,long_00015_4992-1089-4970,s3,gated_deflation,3,2,0.6076349598568763,0,0,0,SPEAKER_00,3
real,long_00015_4992-1089-4970,s1,coarse_to_fine,3,1,47.09370484783494,,,2,SPEAKER_01,3
real,long_00015_4992-1089-4970,s1,coarse_to_fine,3,2,3.935078638780122,,,2,SPEAKER_01,3
real,long_00015_4992-1089-4970,s2,coarse_to_fine,3,1,43.07904875690723,,,2,SPEAKER_02,3
real,long_00015_4992-1089-4970,s2,coarse_to_fine,3,2,0.6087159139212482,,,2,SPEAKER_02,3
real,long_00015_4992-1089-4970,s3,coarse_to_fine,3,1,39.559776147983676,,,2,SPEAKER_00,3
real,long_00015_4992-1089-4970,s3,coarse_to_fine,3,2,-2.025141124664837,,,2,SPEAKER_00,3
real_forced_m,long_00015_4992-1089-4970,s1,no_recursion,3,1,47.09370484783494,,,0,SPEAKER_01,3
real_forced_m,long_00015_4992-1089-4970,s1,no_recursion,3,2,2.620288556111308,,,0,SPEAKER_01,3
real_forced_m,long_00015_4992-1089-4970,s2,no_recursion,3,1,43.07904875690723,,,0,SPEAKER_02,3
real_forced_m,long_00015_4992-1089-4970,s2,no_recursion,3,2,0.5005250418449837,,,0,SPEAKER_02,3
real_forced_m,long_00015_4992-1089-4970,s3,no_recursion,3,1,39.559776147983676,,,0,SPEAKER_00,3
real_forced_m,long_00015_4992-1089-4970,s3,no_recursion,3,2,0.6076349598568763,,,0,SPEAKER_00,3
real_forced_m,long_00015_4992-1089-4970,s1,ungated_deflation,3,1,47.09370484783494,1,1,0,SPEAKER_01,3
real_forced_m,long_00015_4992-1089-4970,s1,ungated_deflation,3,2,3.867763784882154,1,1,0,SPEAKER_01,3
real_forced_m,long_00015_4992-1089-4970,s2,ungated_deflation,3,1,43.07904875690723,2,2,0,SPEAKER_02,3
real_forced_m,long_00015_4992-1089-4970,s2,ungated_deflation,3,2,-2.3584859103216043,2,2,0,SPEAKER_02,3
real_forced_m,long_00015_4992-1089-4970,s3,ungated_deflation,3,1,39.559776147983676,0,0,0,SPEAKER_00,3
real_forced_m,long_00015_4992-1089-4970,s3,ungated_deflation,3,2,0.6076349598568763,0,0,0,SPEAKER_00,3
real_forced_m,long_00015_4992-1089-4970,s1,gated_deflation,3,1,47.09370484783494,1,1,0,SPEAKER_01,3
real_forced_m,long_00015_4992-1089-4970,s1,gated_deflation,3,2,3.867763784882154,1,1,0,SPEAKER_01,3
real_forced_m,long_00015_4992-1089-4970,s2,gated_deflation,3,1,43.07904875690723,2,2,0,SPEAKER_02,3
real_forced_m,long_00015_4992-1089-4970,s2,gated_deflation,3,2,-2.3584859103216043,2,2,0,SPEAKER_02,3
real_forced_m,long_00015_4992-1089-4970,s3,gated_deflation,3,1,39.559776147983676,0,0,0,SPEAKER_00,3
real_forced_m,long_00015_4992-1089-4970,s3,gated_deflation,3,2,0.6076349598568763,0,0,0,SPEAKER_00,3
real_forced_m,long_00015_4992-1089-4970,s1,coarse_to_fine,3,1,47.09370484783494,,,2,SPEAKER_01,3
real_forced_m,long_00015_4992-1089-4970,s1,coarse_to_fine,3,2,3.935078638780122,,,2,SPEAKER_01,3
real_forced_m,long_00015_4992-1089-4970,s2,coarse_to_fine,3,1,43.07904875690723,,,2,SPEAKER_02,3
real_forced_m,long_00015_4992-1089-4970,s2,coarse_to_fine,3,2,0.6087159139212482,,,2,SPEAKER_02,3
real_forced_m,long_00015_4992-1089-4970,s3,coarse_to_fine,3,1,39.559776147983676,,,2,SPEAKER_00,3
real_forced_m,long_00015_4992-1089-4970,s3,coarse_to_fine,3,2,-2.025141124664837,,,2,SPEAKER_00,3
real_index_order,long_00015_4992-1089-4970,s1,no_recursion,3,1,47.09370484783494,,,0,SPEAKER_01,3
real_index_order,long_00015_4992-1089-4970,s1,no_recursion,3,2,2.620288556111308,,,0,SPEAKER_01,3
real_index_order,long_00015_4992-1089-4970,s2,no_recursion,3,1,43.07904875690723,,,0,SPEAKER_02,3
real_index_order,long_00015_4992-1089-4970,s2,no_recursion,3,2,0.5005250418449837,,,0,SPEAKER_02,3
real_index_order,long_00015_4992-1089-4970,s3,no_recursion,3,1,39.559776147983676,,,0,SPEAKER_00,3
real_index_order,long_00015_4992-1089-4970,s3,no_recursion,3,2,0.6076349598568763,,,0,SPEAKER_00,3
real_index_order,long_00015_4992-1089-4970,s1,ungated_deflation,3,1,47.09370484783494,0,0,0,SPEAKER_01,3
real_index_order,long_00015_4992-1089-4970,s1,ungated_deflation,3,2,2.620288556111308,0,0,0,SPEAKER_01,3
real_index_order,long_00015_4992-1089-4970,s2,ungated_deflation,3,1,43.07904875690723,1,1,0,SPEAKER_02,3
real_index_order,long_00015_4992-1089-4970,s2,ungated_deflation,3,2,-1.6020859624547445,1,1,0,SPEAKER_02,3
real_index_order,long_00015_4992-1089-4970,s3,ungated_deflation,3,1,39.559776147983676,2,2,0,SPEAKER_00,3
real_index_order,long_00015_4992-1089-4970,s3,ungated_deflation,3,2,0.5497445654622299,2,2,0,SPEAKER_00,3
real_index_order,long_00015_4992-1089-4970,s1,gated_deflation,3,1,47.09370484783494,0,0,0,SPEAKER_01,3
real_index_order,long_00015_4992-1089-4970,s1,gated_deflation,3,2,2.620288556111308,0,0,0,SPEAKER_01,3
real_index_order,long_00015_4992-1089-4970,s2,gated_deflation,3,1,43.07904875690723,1,1,0,SPEAKER_02,3
real_index_order,long_00015_4992-1089-4970,s2,gated_deflation,3,2,-1.6020859624547445,1,1,0,SPEAKER_02,3
real_index_order,long_00015_4992-1089-4970,s3,gated_deflation,3,1,39.559776147983676,2,2,0,SPEAKER_00,3
real_index_order,long_00015_4992-1089-4970,s3,gated_deflation,3,2,0.5497445654622299,2,2,0,SPEAKER_00,3
real_index_order,long_00015_4992-1089-4970,s1,coarse_to_fine,3,1,47.09370484783494,,,2,SPEAKER_01,3
real_index_order,long_00015_4992-1089-4970,s1,coarse_to_fine,3,2,3.935078638780122,,,2,SPEAKER_01,3
real_index_order,long_00015_4992-1089-4970,s2,coarse_to_fine,3,1,43.07904875690723,,,2,SPEAKER_02,3
real_index_order,long_00015_4992-1089-4970,s2,coarse_to_fine,3,2,0.6087159139212482,,,2,SPEAKER_02,3
real_index_order,long_00015_4992-1089-4970,s3,coarse_to_fine,3,1,39.559776147983676,,,2,SPEAKER_00,3
real_index_order,long_00015_4992-1089-4970,s3,coarse_to_fine,3,2,-2.025141124664837,,,2,SPEAKER_00,3
oracle,long_00016_4970-5639-1221,s1,no_recursion,3,1,91.92257757908905,,,0,s1,3
oracle,long_00016_4970-5639-1221,s1,no_recursion,3,2,2.0726125749826725,,,0,s1,3
oracle,long_00016_4970-5639-1221,s2,no_recursion,3,1,39.64800972427027,,,0,s2,3
oracle,long_00016_4970-5639-1221,s2,no_recursion,3,2,-3.0566688834397366,,,0,s2,3
oracle,long_00016_4970-5639-1221,s3,no_recursion,3,1,54.97425838234559,,,0,s3,3
oracle,long_00016_4970-5639-1221,s3,no_recursion,3,2,3.6815322847985463,,,0,s3,3
oracle,long_00016_4970-5639-1221,s1,ungated_deflation,3,1,91.92257757908905,0,0,0,s1,3
oracle,long_00016_4970-5639-1221,s1,ungated_deflation,3,2,2.0726125749826725,0,0,0,s1,3
oracle,long_00016_4970-5639-1221,s2,ungated_deflation,3,1,38.82541814961611,1,1,0,s2,3
oracle,long_00016_4970-5639-1221,s2,ungated_deflation,3,2,-7.149261227715948,1,1,0,s2,3
oracle,long_00016_4970-5639-1221,s3,ungated_deflation,3,1,48.47883733711636,2,2,0,s3,3
oracle,long_00016_4970-5639-1221,s3,ungated_deflation,3,2,7.026610477577162,2,2,0,s3,3
oracle,long_00016_4970-5639-1221,s1,gated_deflation,3,1,91.92257757908905,0,0,0,s1,3
oracle,long_00016_4970-5639-1221,s1,gated_deflation,3,2,2.0726125749826725,0,0,0,s1,3
oracle,long_00016_4970-5639-1221,s2,gated_deflation,3,1,38.82541814961611,1,1,0,s2,3
oracle,long_00016_4970-5639-1221,s2,gated_deflation,3,2,-7.149261227715948,1,1,0,s2,3
oracle,long_00016_4970-5639-1221,s3,gated_deflation,3,1,48.47883733711636,2,2,0,s3,3
oracle,long_00016_4970-5639-1221,s3,gated_deflation,3,2,7.026610477577162,2,2,0,s3,3
oracle,long_00016_4970-5639-1221,s1,coarse_to_fine,3,1,91.85034050205167,,,2,s1,3
oracle,long_00016_4970-5639-1221,s1,coarse_to_fine,3,2,-1.5178943257189705,,,2,s1,3
oracle,long_00016_4970-5639-1221,s2,coarse_to_fine,3,1,39.64800972427027,,,2,s2,3
oracle,long_00016_4970-5639-1221,s2,coarse_to_fine,3,2,-3.0566688834397366,,,2,s2,3
oracle,long_00016_4970-5639-1221,s3,coarse_to_fine,3,1,55.13890182490223,,,2,s3,3
oracle,long_00016_4970-5639-1221,s3,coarse_to_fine,3,2,3.530895049377296,,,2,s3,3
real,long_00016_4970-5639-1221,s1,no_recursion,3,1,39.561497711733544,,,0,SPEAKER_00,3
real,long_00016_4970-5639-1221,s1,no_recursion,3,2,-0.1913431431356777,,,0,SPEAKER_00,3
real,long_00016_4970-5639-1221,s2,no_recursion,3,1,inf,,,0,SPEAKER_02,3
real,long_00016_4970-5639-1221,s2,no_recursion,3,2,-2.23789029495334,,,0,SPEAKER_02,3
real,long_00016_4970-5639-1221,s3,no_recursion,3,1,28.393680473826734,,,0,SPEAKER_01,3
real,long_00016_4970-5639-1221,s3,no_recursion,3,2,-0.843785808572175,,,0,SPEAKER_01,3
real,long_00016_4970-5639-1221,s1,ungated_deflation,3,1,39.561497711733544,1,1,0,SPEAKER_00,3
real,long_00016_4970-5639-1221,s1,ungated_deflation,3,2,2.4714773122842675,1,1,0,SPEAKER_00,3
real,long_00016_4970-5639-1221,s2,ungated_deflation,3,1,inf,2,2,0,SPEAKER_02,3
real,long_00016_4970-5639-1221,s2,ungated_deflation,3,2,-5.025604540120694,2,2,0,SPEAKER_02,3
real,long_00016_4970-5639-1221,s3,ungated_deflation,3,1,28.393680473826734,0,0,0,SPEAKER_01,3
real,long_00016_4970-5639-1221,s3,ungated_deflation,3,2,-0.843785808572175,0,0,0,SPEAKER_01,3
real,long_00016_4970-5639-1221,s1,gated_deflation,3,1,39.561497711733544,1,1,0,SPEAKER_00,3
real,long_00016_4970-5639-1221,s1,gated_deflation,3,2,2.4714773122842675,1,1,0,SPEAKER_00,3
real,long_00016_4970-5639-1221,s2,gated_deflation,3,1,inf,2,2,0,SPEAKER_02,3
real,long_00016_4970-5639-1221,s2,gated_deflation,3,2,-5.025604540120694,2,2,0,SPEAKER_02,3
real,long_00016_4970-5639-1221,s3,gated_deflation,3,1,28.393680473826734,0,0,0,SPEAKER_01,3
real,long_00016_4970-5639-1221,s3,gated_deflation,3,2,-0.843785808572175,0,0,0,SPEAKER_01,3
real,long_00016_4970-5639-1221,s1,coarse_to_fine,3,1,39.561497711733544,,,2,SPEAKER_00,3
real,long_00016_4970-5639-1221,s1,coarse_to_fine,3,2,-9.832139832812532,,,2,SPEAKER_00,3
real,long_00016_4970-5639-1221,s2,coarse_to_fine,3,1,inf,,,2,SPEAKER_02,3
real,long_00016_4970-5639-1221,s2,coarse_to_fine,3,2,-2.23789029495334,,,2,SPEAKER_02,3
real,long_00016_4970-5639-1221,s3,coarse_to_fine,3,1,28.393680473826734,,,2,SPEAKER_01,3
real,long_00016_4970-5639-1221,s3,coarse_to_fine,3,2,-0.6453187417828012,,,2,SPEAKER_01,3
real_forced_m,long_00016_4970-5639-1221,s1,no_recursion,3,1,39.561497711733544,,,0,SPEAKER_00,3
real_forced_m,long_00016_4970-5639-1221,s1,no_recursion,3,2,-0.1913431431356777,,,0,SPEAKER_00,3
real_forced_m,long_00016_4970-5639-1221,s2,no_recursion,3,1,inf,,,0,SPEAKER_02,3
real_forced_m,long_00016_4970-5639-1221,s2,no_recursion,3,2,-2.23789029495334,,,0,SPEAKER_02,3
real_forced_m,long_00016_4970-5639-1221,s3,no_recursion,3,1,28.393680473826734,,,0,SPEAKER_01,3
real_forced_m,long_00016_4970-5639-1221,s3,no_recursion,3,2,-0.843785808572175,,,0,SPEAKER_01,3
real_forced_m,long_00016_4970-5639-1221,s1,ungated_deflation,3,1,39.561497711733544,1,1,0,SPEAKER_00,3
real_forced_m,long_00016_4970-5639-1221,s1,ungated_deflation,3,2,2.4714773122842675,1,1,0,SPEAKER_00,3
real_forced_m,long_00016_4970-5639-1221,s2,ungated_deflation,3,1,inf,2,2,0,SPEAKER_02,3
real_forced_m,long_00016_4970-5639-1221,s2,ungated_deflation,3,2,-5.025604540120694,2,2,0,SPEAKER_02,3
real_forced_m,long_00016_4970-5639-1221,s3,ungated_deflation,3,1,28.393680473826734,0,0,0,SPEAKER_01,3
real_forced_m,long_00016_4970-5639-1221,s3,ungated_deflation,3,2,-0.843785808572175,0,0,0,SPEAKER_01,3
real_forced_m,long_00016_4970-5639-1221,s1,gated_deflation,3,1,39.561497711733544,1,1,0,SPEAKER_00,3
real_forced_m,long_00016_4970-5639-1221,s1,gated_deflation,3,2,2.4714773122842675,1,1,0,SPEAKER_00,3
real_forced_m,long_00016_4970-5639-1221,s2,gated_deflation,3,1,inf,2,2,0,SPEAKER_02,3
real_forced_m,long_00016_4970-5639-1221,s2,gated_deflation,3,2,-5.025604540120694,2,2,0,SPEAKER_02,3
real_forced_m,long_00016_4970-5639-1221,s3,gated_deflation,3,1,28.393680473826734,0,0,0,SPEAKER_01,3
real_forced_m,long_00016_4970-5639-1221,s3,gated_deflation,3,2,-0.843785808572175,0,0,0,SPEAKER_01,3
real_forced_m,long_00016_4970-5639-1221,s1,coarse_to_fine,3,1,39.561497711733544,,,2,SPEAKER_00,3
real_forced_m,long_00016_4970-5639-1221,s1,coarse_to_fine,3,2,-9.832139832812532,,,2,SPEAKER_00,3
real_forced_m,long_00016_4970-5639-1221,s2,coarse_to_fine,3,1,inf,,,2,SPEAKER_02,3
real_forced_m,long_00016_4970-5639-1221,s2,coarse_to_fine,3,2,-2.23789029495334,,,2,SPEAKER_02,3
real_forced_m,long_00016_4970-5639-1221,s3,coarse_to_fine,3,1,28.393680473826734,,,2,SPEAKER_01,3
real_forced_m,long_00016_4970-5639-1221,s3,coarse_to_fine,3,2,-0.6453187417828012,,,2,SPEAKER_01,3
real_index_order,long_00016_4970-5639-1221,s1,no_recursion,3,1,39.561497711733544,,,0,SPEAKER_00,3
real_index_order,long_00016_4970-5639-1221,s1,no_recursion,3,2,-0.1913431431356777,,,0,SPEAKER_00,3
real_index_order,long_00016_4970-5639-1221,s2,no_recursion,3,1,inf,,,0,SPEAKER_02,3
real_index_order,long_00016_4970-5639-1221,s2,no_recursion,3,2,-2.23789029495334,,,0,SPEAKER_02,3
real_index_order,long_00016_4970-5639-1221,s3,no_recursion,3,1,28.393680473826734,,,0,SPEAKER_01,3
real_index_order,long_00016_4970-5639-1221,s3,no_recursion,3,2,-0.843785808572175,,,0,SPEAKER_01,3
real_index_order,long_00016_4970-5639-1221,s1,ungated_deflation,3,1,39.561497711733544,0,0,0,SPEAKER_00,3
real_index_order,long_00016_4970-5639-1221,s1,ungated_deflation,3,2,-0.1913431431356777,0,0,0,SPEAKER_00,3
real_index_order,long_00016_4970-5639-1221,s2,ungated_deflation,3,1,inf,1,1,0,SPEAKER_02,3
real_index_order,long_00016_4970-5639-1221,s2,ungated_deflation,3,2,-6.838347172544054,1,1,0,SPEAKER_02,3
real_index_order,long_00016_4970-5639-1221,s3,ungated_deflation,3,1,28.393680473826734,2,2,0,SPEAKER_01,3
real_index_order,long_00016_4970-5639-1221,s3,ungated_deflation,3,2,1.7008466091399186,2,2,0,SPEAKER_01,3
real_index_order,long_00016_4970-5639-1221,s1,gated_deflation,3,1,39.561497711733544,0,0,0,SPEAKER_00,3
real_index_order,long_00016_4970-5639-1221,s1,gated_deflation,3,2,-0.1913431431356777,0,0,0,SPEAKER_00,3
real_index_order,long_00016_4970-5639-1221,s2,gated_deflation,3,1,inf,1,1,0,SPEAKER_02,3
real_index_order,long_00016_4970-5639-1221,s2,gated_deflation,3,2,-6.838347172544054,1,1,0,SPEAKER_02,3
real_index_order,long_00016_4970-5639-1221,s3,gated_deflation,3,1,28.393680473826734,2,2,0,SPEAKER_01,3
real_index_order,long_00016_4970-5639-1221,s3,gated_deflation,3,2,1.7008466091399186,2,2,0,SPEAKER_01,3
real_index_order,long_00016_4970-5639-1221,s1,coarse_to_fine,3,1,39.561497711733544,,,2,SPEAKER_00,3
real_index_order,long_00016_4970-5639-1221,s1,coarse_to_fine,3,2,-9.832139832812532,,,2,SPEAKER_00,3
real_index_order,long_00016_4970-5639-1221,s2,coarse_to_fine,3,1,inf,,,2,SPEAKER_02,3
real_index_order,long_00016_4970-5639-1221,s2,coarse_to_fine,3,2,-2.23789029495334,,,2,SPEAKER_02,3
real_index_order,long_00016_4970-5639-1221,s3,coarse_to_fine,3,1,28.393680473826734,,,2,SPEAKER_01,3
real_index_order,long_00016_4970-5639-1221,s3,coarse_to_fine,3,2,-0.6453187417828012,,,2,SPEAKER_01,3
oracle,long_00017_4507-908-6829,s1,no_recursion,3,1,70.09573144356254,,,0,s1,3
oracle,long_00017_4507-908-6829,s1,no_recursion,3,2,-1.0792045856839982,,,0,s1,3
oracle,long_00017_4507-908-6829,s2,no_recursion,3,1,43.25372167899954,,,0,s2,3
oracle,long_00017_4507-908-6829,s2,no_recursion,3,2,3.6635823872943654,,,0,s2,3
oracle,long_00017_4507-908-6829,s3,no_recursion,3,1,50.043204128924174,,,0,s3,3
oracle,long_00017_4507-908-6829,s3,no_recursion,3,2,4.97441882699937,,,0,s3,3
oracle,long_00017_4507-908-6829,s1,ungated_deflation,3,1,70.09573144356254,0,0,0,s1,3
oracle,long_00017_4507-908-6829,s1,ungated_deflation,3,2,-1.0792045856839982,0,0,0,s1,3
oracle,long_00017_4507-908-6829,s2,ungated_deflation,3,1,38.91590502721104,1,1,0,s2,3
oracle,long_00017_4507-908-6829,s2,ungated_deflation,3,2,4.166316445506329,1,1,0,s2,3
oracle,long_00017_4507-908-6829,s3,ungated_deflation,3,1,46.247538521378516,2,2,0,s3,3
oracle,long_00017_4507-908-6829,s3,ungated_deflation,3,2,1.7210230729405818,2,2,0,s3,3
oracle,long_00017_4507-908-6829,s1,gated_deflation,3,1,70.09573144356254,0,0,0,s1,3
oracle,long_00017_4507-908-6829,s1,gated_deflation,3,2,-1.0792045856839982,0,0,0,s1,3
oracle,long_00017_4507-908-6829,s2,gated_deflation,3,1,38.91590502721104,1,1,0,s2,3
oracle,long_00017_4507-908-6829,s2,gated_deflation,3,2,4.166316445506329,1,1,0,s2,3
oracle,long_00017_4507-908-6829,s3,gated_deflation,3,1,46.247538521378516,2,2,0,s3,3
oracle,long_00017_4507-908-6829,s3,gated_deflation,3,2,1.7210230729405818,2,2,0,s3,3
oracle,long_00017_4507-908-6829,s1,coarse_to_fine,3,1,70.09573144356254,,,2,s1,3
oracle,long_00017_4507-908-6829,s1,coarse_to_fine,3,2,-1.0792045856839982,,,2,s1,3
oracle,long_00017_4507-908-6829,s2,coarse_to_fine,3,1,42.53542696825281,,,2,s2,3
oracle,long_00017_4507-908-6829,s2,coarse_to_fine,3,2,3.5951815816823265,,,2,s2,3
oracle,long_00017_4507-908-6829,s3,coarse_to_fine,3,1,52.932319974366976,,,2,s3,3
oracle,long_00017_4507-908-6829,s3,coarse_to_fine,3,2,3.317619146660939,,,2,s3,3
real,long_00017_4507-908-6829,s1,no_recursion,3,1,40.33967345353194,,,0,SPEAKER_02,3
real,long_00017_4507-908-6829,s1,no_recursion,3,2,-1.239296169107245,,,0,SPEAKER_02,3
real,long_00017_4507-908-6829,s2,no_recursion,3,1,38.89777132077017,,,0,SPEAKER_00,3
real,long_00017_4507-908-6829,s2,no_recursion,3,2,-4.776128191618866,,,0,SPEAKER_00,3
real,long_00017_4507-908-6829,s3,no_recursion,3,1,53.418539800871976,,,0,SPEAKER_01,3
real,long_00017_4507-908-6829,s3,no_recursion,3,2,0.39817638578585673,,,0,SPEAKER_01,3
real,long_00017_4507-908-6829,s1,ungated_deflation,3,1,40.33967345353194,1,1,0,SPEAKER_02,3
real,long_00017_4507-908-6829,s1,ungated_deflation,3,2,-3.817991336165471,1,1,0,SPEAKER_02,3
real,long_00017_4507-908-6829,s2,ungated_deflation,3,1,38.89777132077017,2,2,0,SPEAKER_00,3
real,long_00017_4507-908-6829,s2,ungated_deflation,3,2,-3.4676413774784605,2,2,0,SPEAKER_00,3
real,long_00017_4507-908-6829,s3,ungated_deflation,3,1,53.418539800871976,0,0,0,SPEAKER_01,3
real,long_00017_4507-908-6829,s3,ungated_deflation,3,2,0.39817638578585673,0,0,0,SPEAKER_01,3
real,long_00017_4507-908-6829,s1,gated_deflation,3,1,40.33967345353194,1,1,0,SPEAKER_02,3
real,long_00017_4507-908-6829,s1,gated_deflation,3,2,-3.817991336165471,1,1,0,SPEAKER_02,3
real,long_00017_4507-908-6829,s2,gated_deflation,3,1,38.89777132077017,2,2,0,SPEAKER_00,3
real,long_00017_4507-908-6829,s2,gated_deflation,3,2,-3.4676413774784605,2,2,0,SPEAKER_00,3
real,long_00017_4507-908-6829,s3,gated_deflation,3,1,53.418539800871976,0,0,0,SPEAKER_01,3
real,long_00017_4507-908-6829,s3,gated_deflation,3,2,0.39817638578585673,0,0,0,SPEAKER_01,3
real,long_00017_4507-908-6829,s1,coarse_to_fine,3,1,40.33967345353194,,,2,SPEAKER_02,3
real,long_00017_4507-908-6829,s1,coarse_to_fine,3,2,-4.003654998405092,,,2,SPEAKER_02,3
real,long_00017_4507-908-6829,s2,coarse_to_fine,3,1,38.89777132077017,,,2,SPEAKER_00,3
real,long_00017_4507-908-6829,s2,coarse_to_fine,3,2,-5.7889616503093215,,,2,SPEAKER_00,3
real,long_00017_4507-908-6829,s3,coarse_to_fine,3,1,53.418539800871976,,,2,SPEAKER_01,3
real,long_00017_4507-908-6829,s3,coarse_to_fine,3,2,-0.6644643685343106,,,2,SPEAKER_01,3
real_forced_m,long_00017_4507-908-6829,s1,no_recursion,3,1,40.33967345353194,,,0,SPEAKER_02,3
real_forced_m,long_00017_4507-908-6829,s1,no_recursion,3,2,-1.239296169107245,,,0,SPEAKER_02,3
real_forced_m,long_00017_4507-908-6829,s2,no_recursion,3,1,38.89777132077017,,,0,SPEAKER_00,3
real_forced_m,long_00017_4507-908-6829,s2,no_recursion,3,2,-4.776128191618866,,,0,SPEAKER_00,3
real_forced_m,long_00017_4507-908-6829,s3,no_recursion,3,1,53.418539800871976,,,0,SPEAKER_01,3
real_forced_m,long_00017_4507-908-6829,s3,no_recursion,3,2,0.39817638578585673,,,0,SPEAKER_01,3
real_forced_m,long_00017_4507-908-6829,s1,ungated_deflation,3,1,40.33967345353194,1,1,0,SPEAKER_02,3
real_forced_m,long_00017_4507-908-6829,s1,ungated_deflation,3,2,-3.817991336165471,1,1,0,SPEAKER_02,3
real_forced_m,long_00017_4507-908-6829,s2,ungated_deflation,3,1,38.89777132077017,2,2,0,SPEAKER_00,3
real_forced_m,long_00017_4507-908-6829,s2,ungated_deflation,3,2,-3.4676413774784605,2,2,0,SPEAKER_00,3
real_forced_m,long_00017_4507-908-6829,s3,ungated_deflation,3,1,53.418539800871976,0,0,0,SPEAKER_01,3
real_forced_m,long_00017_4507-908-6829,s3,ungated_deflation,3,2,0.39817638578585673,0,0,0,SPEAKER_01,3
real_forced_m,long_00017_4507-908-6829,s1,gated_deflation,3,1,40.33967345353194,1,1,0,SPEAKER_02,3
real_forced_m,long_00017_4507-908-6829,s1,gated_deflation,3,2,-3.817991336165471,1,1,0,SPEAKER_02,3
real_forced_m,long_00017_4507-908-6829,s2,gated_deflation,3,1,38.89777132077017,2,2,0,SPEAKER_00,3
real_forced_m,long_00017_4507-908-6829,s2,gated_deflation,3,2,-3.4676413774784605,2,2,0,SPEAKER_00,3
real_forced_m,long_00017_4507-908-6829,s3,gated_deflation,3,1,53.418539800871976,0,0,0,SPEAKER_01,3
real_forced_m,long_00017_4507-908-6829,s3,gated_deflation,3,2,0.39817638578585673,0,0,0,SPEAKER_01,3
real_forced_m,long_00017_4507-908-6829,s1,coarse_to_fine,3,1,40.33967345353194,,,2,SPEAKER_02,3
real_forced_m,long_00017_4507-908-6829,s1,coarse_to_fine,3,2,-4.003654998405092,,,2,SPEAKER_02,3
real_forced_m,long_00017_4507-908-6829,s2,coarse_to_fine,3,1,38.89777132077017,,,2,SPEAKER_00,3
real_forced_m,long_00017_4507-908-6829,s2,coarse_to_fine,3,2,-5.7889616503093215,,,2,SPEAKER_00,3
real_forced_m,long_00017_4507-908-6829,s3,coarse_to_fine,3,1,53.418539800871976,,,2,SPEAKER_01,3
real_forced_m,long_00017_4507-908-6829,s3,coarse_to_fine,3,2,-0.6644643685343106,,,2,SPEAKER_01,3
real_index_order,long_00017_4507-908-6829,s1,no_recursion,3,1,40.33967345353194,,,0,SPEAKER_02,3
real_index_order,long_00017_4507-908-6829,s1,no_recursion,3,2,-1.239296169107245,,,0,SPEAKER_02,3
real_index_order,long_00017_4507-908-6829,s2,no_recursion,3,1,38.89777132077017,,,0,SPEAKER_00,3
real_index_order,long_00017_4507-908-6829,s2,no_recursion,3,2,-4.776128191618866,,,0,SPEAKER_00,3
real_index_order,long_00017_4507-908-6829,s3,no_recursion,3,1,53.418539800871976,,,0,SPEAKER_01,3
real_index_order,long_00017_4507-908-6829,s3,no_recursion,3,2,0.39817638578585673,,,0,SPEAKER_01,3
real_index_order,long_00017_4507-908-6829,s1,ungated_deflation,3,1,40.33967345353194,0,0,0,SPEAKER_02,3
real_index_order,long_00017_4507-908-6829,s1,ungated_deflation,3,2,-1.239296169107245,0,0,0,SPEAKER_02,3
real_index_order,long_00017_4507-908-6829,s2,ungated_deflation,3,1,38.89777132077017,1,1,0,SPEAKER_00,3
real_index_order,long_00017_4507-908-6829,s2,ungated_deflation,3,2,-3.102106633433081,1,1,0,SPEAKER_00,3
real_index_order,long_00017_4507-908-6829,s3,ungated_deflation,3,1,53.418539800871976,2,2,0,SPEAKER_01,3
real_index_order,long_00017_4507-908-6829,s3,ungated_deflation,3,2,-1.14036561972001,2,2,0,SPEAKER_01,3
real_index_order,long_00017_4507-908-6829,s1,gated_deflation,3,1,40.33967345353194,0,0,0,SPEAKER_02,3
real_index_order,long_00017_4507-908-6829,s1,gated_deflation,3,2,-1.239296169107245,0,0,0,SPEAKER_02,3
real_index_order,long_00017_4507-908-6829,s2,gated_deflation,3,1,38.89777132077017,1,1,0,SPEAKER_00,3
real_index_order,long_00017_4507-908-6829,s2,gated_deflation,3,2,-3.102106633433081,1,1,0,SPEAKER_00,3
real_index_order,long_00017_4507-908-6829,s3,gated_deflation,3,1,53.418539800871976,2,2,0,SPEAKER_01,3
real_index_order,long_00017_4507-908-6829,s3,gated_deflation,3,2,-1.14036561972001,2,2,0,SPEAKER_01,3
real_index_order,long_00017_4507-908-6829,s1,coarse_to_fine,3,1,40.33967345353194,,,2,SPEAKER_02,3
real_index_order,long_00017_4507-908-6829,s1,coarse_to_fine,3,2,-4.003654998405092,,,2,SPEAKER_02,3
real_index_order,long_00017_4507-908-6829,s2,coarse_to_fine,3,1,38.89777132077017,,,2,SPEAKER_00,3
real_index_order,long_00017_4507-908-6829,s2,coarse_to_fine,3,2,-5.7889616503093215,,,2,SPEAKER_00,3
real_index_order,long_00017_4507-908-6829,s3,coarse_to_fine,3,1,53.418539800871976,,,2,SPEAKER_01,3
real_index_order,long_00017_4507-908-6829,s3,coarse_to_fine,3,2,-0.6644643685343106,,,2,SPEAKER_01,3
oracle,long_00018_4970-1089-3729,s1,no_recursion,3,1,99.36172641464223,,,0,s1,3
oracle,long_00018_4970-1089-3729,s1,no_recursion,3,2,1.7132476723993209,,,0,s1,3
oracle,long_00018_4970-1089-3729,s2,no_recursion,3,1,41.158787071209595,,,0,s2,3
oracle,long_00018_4970-1089-3729,s2,no_recursion,3,2,4.233848303816291,,,0,s2,3
oracle,long_00018_4970-1089-3729,s3,no_recursion,3,1,65.28380703729488,,,0,s3,3
oracle,long_00018_4970-1089-3729,s3,no_recursion,3,2,3.3053227407957264,,,0,s3,3
oracle,long_00018_4970-1089-3729,s1,ungated_deflation,3,1,99.36172641464223,0,0,0,s1,3
oracle,long_00018_4970-1089-3729,s1,ungated_deflation,3,2,1.7132476723993209,0,0,0,s1,3
oracle,long_00018_4970-1089-3729,s2,ungated_deflation,3,1,40.500292723772624,1,1,0,s2,3
oracle,long_00018_4970-1089-3729,s2,ungated_deflation,3,2,-0.6499539124765632,1,1,0,s2,3
oracle,long_00018_4970-1089-3729,s3,ungated_deflation,3,1,64.28985172699416,2,2,0,s3,3
oracle,long_00018_4970-1089-3729,s3,ungated_deflation,3,2,-4.462866749255548,2,2,0,s3,3
oracle,long_00018_4970-1089-3729,s1,gated_deflation,3,1,99.36172641464223,0,0,0,s1,3
oracle,long_00018_4970-1089-3729,s1,gated_deflation,3,2,1.7132476723993209,0,0,0,s1,3
oracle,long_00018_4970-1089-3729,s2,gated_deflation,3,1,40.500292723772624,1,1,0,s2,3
oracle,long_00018_4970-1089-3729,s2,gated_deflation,3,2,-0.6499539124765632,1,1,0,s2,3
oracle,long_00018_4970-1089-3729,s3,gated_deflation,3,1,64.28985172699416,2,2,0,s3,3
oracle,long_00018_4970-1089-3729,s3,gated_deflation,3,2,-4.462866749255548,2,2,0,s3,3
oracle,long_00018_4970-1089-3729,s1,coarse_to_fine,3,1,101.9567253679511,,,2,s1,3
oracle,long_00018_4970-1089-3729,s1,coarse_to_fine,3,2,-0.1858002933245874,,,2,s1,3
oracle,long_00018_4970-1089-3729,s2,coarse_to_fine,3,1,41.06107892888695,,,2,s2,3
oracle,long_00018_4970-1089-3729,s2,coarse_to_fine,3,2,2.9019893032700352,,,2,s2,3
oracle,long_00018_4970-1089-3729,s3,coarse_to_fine,3,1,66.76542026353056,,,2,s3,3
oracle,long_00018_4970-1089-3729,s3,coarse_to_fine,3,2,-1.7191960708797993,,,2,s3,3
real,long_00018_4970-1089-3729,s1,no_recursion,3,1,39.89878809970756,,,0,SPEAKER_00,3
real,long_00018_4970-1089-3729,s1,no_recursion,3,2,1.9858347930351528,,,0,SPEAKER_00,3
real,long_00018_4970-1089-3729,s2,no_recursion,3,1,inf,,,0,SPEAKER_01,3
real,long_00018_4970-1089-3729,s2,no_recursion,3,2,-0.42647814982620436,,,0,SPEAKER_01,3
real,long_00018_4970-1089-3729,s3,no_recursion,3,1,36.02010853497782,,,0,SPEAKER_02,3
real,long_00018_4970-1089-3729,s3,no_recursion,3,2,1.353613907942872,,,0,SPEAKER_02,3
real,long_00018_4970-1089-3729,s1,ungated_deflation,3,1,39.89878809970756,0,0,0,SPEAKER_00,3
real,long_00018_4970-1089-3729,s1,ungated_deflation,3,2,1.9858347930351528,0,0,0,SPEAKER_00,3
real,long_00018_4970-1089-3729,s2,ungated_deflation,3,1,inf,2,2,0,SPEAKER_01,3
real,long_00018_4970-1089-3729,s2,ungated_deflation,3,2,-0.7715768752289099,2,2,0,SPEAKER_01,3
real,long_00018_4970-1089-3729,s3,ungated_deflation,3,1,36.02010853497782,1,1,0,SPEAKER_02,3
real,long_00018_4970-1089-3729,s3,ungated_deflation,3,2,-1.3539574642119565,1,1,0,SPEAKER_02,3
real,long_00018_4970-1089-3729,s1,gated_deflation,3,1,39.89878809970756,0,0,0,SPEAKER_00,3
real,long_00018_4970-1089-3729,s1,gated_deflation,3,2,1.9858347930351528,0,0,0,SPEAKER_00,3
real,long_00018_4970-1089-3729,s2,gated_deflation,3,1,inf,2,2,0,SPEAKER_01,3
real,long_00018_4970-1089-3729,s2,gated_deflation,3,2,-0.7715768752289099,2,2,0,SPEAKER_01,3
real,long_00018_4970-1089-3729,s3,gated_deflation,3,1,36.02010853497782,1,1,0,SPEAKER_02,3
real,long_00018_4970-1089-3729,s3,gated_deflation,3,2,-1.3539574642119565,1,1,0,SPEAKER_02,3
real,long_00018_4970-1089-3729,s1,coarse_to_fine,3,1,39.89878809970756,,,2,SPEAKER_00,3
real,long_00018_4970-1089-3729,s1,coarse_to_fine,3,2,0.13735370440834008,,,2,SPEAKER_00,3
real,long_00018_4970-1089-3729,s2,coarse_to_fine,3,1,inf,,,2,SPEAKER_01,3
real,long_00018_4970-1089-3729,s2,coarse_to_fine,3,2,0.310658140514526,,,2,SPEAKER_01,3
real,long_00018_4970-1089-3729,s3,coarse_to_fine,3,1,36.02010853497782,,,2,SPEAKER_02,3
real,long_00018_4970-1089-3729,s3,coarse_to_fine,3,2,-5.106972084346516,,,2,SPEAKER_02,3
real_forced_m,long_00018_4970-1089-3729,s1,no_recursion,3,1,39.89878809970756,,,0,SPEAKER_00,3
real_forced_m,long_00018_4970-1089-3729,s1,no_recursion,3,2,1.9858347930351528,,,0,SPEAKER_00,3
real_forced_m,long_00018_4970-1089-3729,s2,no_recursion,3,1,inf,,,0,SPEAKER_01,3
real_forced_m,long_00018_4970-1089-3729,s2,no_recursion,3,2,-0.42647814982620436,,,0,SPEAKER_01,3
real_forced_m,long_00018_4970-1089-3729,s3,no_recursion,3,1,36.02010853497782,,,0,SPEAKER_02,3
real_forced_m,long_00018_4970-1089-3729,s3,no_recursion,3,2,1.353613907942872,,,0,SPEAKER_02,3
real_forced_m,long_00018_4970-1089-3729,s1,ungated_deflation,3,1,39.89878809970756,0,0,0,SPEAKER_00,3
real_forced_m,long_00018_4970-1089-3729,s1,ungated_deflation,3,2,1.9858347930351528,0,0,0,SPEAKER_00,3
real_forced_m,long_00018_4970-1089-3729,s2,ungated_deflation,3,1,inf,2,2,0,SPEAKER_01,3
real_forced_m,long_00018_4970-1089-3729,s2,ungated_deflation,3,2,-0.7715768752289099,2,2,0,SPEAKER_01,3
real_forced_m,long_00018_4970-1089-3729,s3,ungated_deflation,3,1,36.02010853497782,1,1,0,SPEAKER_02,3
real_forced_m,long_00018_4970-1089-3729,s3,ungated_deflation,3,2,-1.3539574642119565,1,1,0,SPEAKER_02,3
real_forced_m,long_00018_4970-1089-3729,s1,gated_deflation,3,1,39.89878809970756,0,0,0,SPEAKER_00,3
real_forced_m,long_00018_4970-1089-3729,s1,gated_deflation,3,2,1.9858347930351528,0,0,0,SPEAKER_00,3
real_forced_m,long_00018_4970-1089-3729,s2,gated_deflation,3,1,inf,2,2,0,SPEAKER_01,3
real_forced_m,long_00018_4970-1089-3729,s2,gated_deflation,3,2,-0.7715768752289099,2,2,0,SPEAKER_01,3
real_forced_m,long_00018_4970-1089-3729,s3,gated_deflation,3,1,36.02010853497782,1,1,0,SPEAKER_02,3
real_forced_m,long_00018_4970-1089-3729,s3,gated_deflation,3,2,-1.3539574642119565,1,1,0,SPEAKER_02,3
real_forced_m,long_00018_4970-1089-3729,s1,coarse_to_fine,3,1,39.89878809970756,,,2,SPEAKER_00,3
real_forced_m,long_00018_4970-1089-3729,s1,coarse_to_fine,3,2,0.13735370440834008,,,2,SPEAKER_00,3
real_forced_m,long_00018_4970-1089-3729,s2,coarse_to_fine,3,1,inf,,,2,SPEAKER_01,3
real_forced_m,long_00018_4970-1089-3729,s2,coarse_to_fine,3,2,0.310658140514526,,,2,SPEAKER_01,3
real_forced_m,long_00018_4970-1089-3729,s3,coarse_to_fine,3,1,36.02010853497782,,,2,SPEAKER_02,3
real_forced_m,long_00018_4970-1089-3729,s3,coarse_to_fine,3,2,-5.106972084346516,,,2,SPEAKER_02,3
real_index_order,long_00018_4970-1089-3729,s1,no_recursion,3,1,39.89878809970756,,,0,SPEAKER_00,3
real_index_order,long_00018_4970-1089-3729,s1,no_recursion,3,2,1.9858347930351528,,,0,SPEAKER_00,3
real_index_order,long_00018_4970-1089-3729,s2,no_recursion,3,1,inf,,,0,SPEAKER_01,3
real_index_order,long_00018_4970-1089-3729,s2,no_recursion,3,2,-0.42647814982620436,,,0,SPEAKER_01,3
real_index_order,long_00018_4970-1089-3729,s3,no_recursion,3,1,36.02010853497782,,,0,SPEAKER_02,3
real_index_order,long_00018_4970-1089-3729,s3,no_recursion,3,2,1.353613907942872,,,0,SPEAKER_02,3
real_index_order,long_00018_4970-1089-3729,s1,ungated_deflation,3,1,39.89878809970756,0,0,0,SPEAKER_00,3
real_index_order,long_00018_4970-1089-3729,s1,ungated_deflation,3,2,1.9858347930351528,0,0,0,SPEAKER_00,3
real_index_order,long_00018_4970-1089-3729,s2,ungated_deflation,3,1,inf,1,1,0,SPEAKER_01,3
real_index_order,long_00018_4970-1089-3729,s2,ungated_deflation,3,2,-1.1175973278916926,1,1,0,SPEAKER_01,3
real_index_order,long_00018_4970-1089-3729,s3,ungated_deflation,3,1,36.02010853497782,2,2,0,SPEAKER_02,3
real_index_order,long_00018_4970-1089-3729,s3,ungated_deflation,3,2,-2.795397293277739,2,2,0,SPEAKER_02,3
real_index_order,long_00018_4970-1089-3729,s1,gated_deflation,3,1,39.89878809970756,0,0,0,SPEAKER_00,3
real_index_order,long_00018_4970-1089-3729,s1,gated_deflation,3,2,1.9858347930351528,0,0,0,SPEAKER_00,3
real_index_order,long_00018_4970-1089-3729,s2,gated_deflation,3,1,inf,1,1,0,SPEAKER_01,3
real_index_order,long_00018_4970-1089-3729,s2,gated_deflation,3,2,-1.1175973278916926,1,1,0,SPEAKER_01,3
real_index_order,long_00018_4970-1089-3729,s3,gated_deflation,3,1,36.02010853497782,2,2,0,SPEAKER_02,3
real_index_order,long_00018_4970-1089-3729,s3,gated_deflation,3,2,-2.795397293277739,2,2,0,SPEAKER_02,3
real_index_order,long_00018_4970-1089-3729,s1,coarse_to_fine,3,1,39.89878809970756,,,2,SPEAKER_00,3
real_index_order,long_00018_4970-1089-3729,s1,coarse_to_fine,3,2,0.13735370440834008,,,2,SPEAKER_00,3
real_index_order,long_00018_4970-1089-3729,s2,coarse_to_fine,3,1,inf,,,2,SPEAKER_01,3
real_index_order,long_00018_4970-1089-3729,s2,coarse_to_fine,3,2,0.310658140514526,,,2,SPEAKER_01,3
real_index_order,long_00018_4970-1089-3729,s3,coarse_to_fine,3,1,36.02010853497782,,,2,SPEAKER_02,3
real_index_order,long_00018_4970-1089-3729,s3,coarse_to_fine,3,2,-5.106972084346516,,,2,SPEAKER_02,3
oracle,long_00019_3729-5639-3570,s1,no_recursion,3,1,48.88165983892105,,,0,s1,3
oracle,long_00019_3729-5639-3570,s1,no_recursion,3,2,2.860526355900881,,,0,s1,3
oracle,long_00019_3729-5639-3570,s2,no_recursion,3,1,82.48196097593586,,,0,s2,3
oracle,long_00019_3729-5639-3570,s2,no_recursion,3,2,-1.7519462430374957,,,0,s2,3
oracle,long_00019_3729-5639-3570,s3,no_recursion,3,1,43.71618275830156,,,0,s3,3
oracle,long_00019_3729-5639-3570,s3,no_recursion,3,2,6.582825476308962,,,0,s3,3
oracle,long_00019_3729-5639-3570,s1,ungated_deflation,3,1,48.88165983892105,0,0,0,s1,3
oracle,long_00019_3729-5639-3570,s1,ungated_deflation,3,2,2.860526355900881,0,0,0,s1,3
oracle,long_00019_3729-5639-3570,s2,ungated_deflation,3,1,82.72588813427299,1,1,0,s2,3
oracle,long_00019_3729-5639-3570,s2,ungated_deflation,3,2,-3.461229356149038,1,1,0,s2,3
oracle,long_00019_3729-5639-3570,s3,ungated_deflation,3,1,38.5690902041241,2,2,0,s3,3
oracle,long_00019_3729-5639-3570,s3,ungated_deflation,3,2,4.791927905846282,2,2,0,s3,3
oracle,long_00019_3729-5639-3570,s1,gated_deflation,3,1,48.88165983892105,0,0,0,s1,3
oracle,long_00019_3729-5639-3570,s1,gated_deflation,3,2,2.860526355900881,0,0,0,s1,3
oracle,long_00019_3729-5639-3570,s2,gated_deflation,3,1,82.72588813427299,1,1,0,s2,3
oracle,long_00019_3729-5639-3570,s2,gated_deflation,3,2,-3.461229356149038,1,1,0,s2,3
oracle,long_00019_3729-5639-3570,s3,gated_deflation,3,1,38.5690902041241,2,2,0,s3,3
oracle,long_00019_3729-5639-3570,s3,gated_deflation,3,2,4.791927905846282,2,2,0,s3,3
oracle,long_00019_3729-5639-3570,s1,coarse_to_fine,3,1,47.60518021772083,,,2,s1,3
oracle,long_00019_3729-5639-3570,s1,coarse_to_fine,3,2,5.944790304541387,,,2,s1,3
oracle,long_00019_3729-5639-3570,s2,coarse_to_fine,3,1,82.48196097593586,,,2,s2,3
oracle,long_00019_3729-5639-3570,s2,coarse_to_fine,3,2,-1.7519462430374957,,,2,s2,3
oracle,long_00019_3729-5639-3570,s3,coarse_to_fine,3,1,43.90720507187078,,,2,s3,3
oracle,long_00019_3729-5639-3570,s3,coarse_to_fine,3,2,6.441168036344241,,,2,s3,3
real,long_00019_3729-5639-3570,s1,no_recursion,3,1,35.47592619034114,,,0,SPEAKER_02,3
real,long_00019_3729-5639-3570,s1,no_recursion,3,2,1.6974739754481016,,,0,SPEAKER_02,3
real,long_00019_3729-5639-3570,s2,no_recursion,3,1,40.54723079993419,,,0,SPEAKER_01,3
real,long_00019_3729-5639-3570,s2,no_recursion,3,2,-3.1202553205672072,,,0,SPEAKER_01,3
real,long_00019_3729-5639-3570,s3,no_recursion,3,1,46.855154923512,,,0,SPEAKER_00,3
real,long_00019_3729-5639-3570,s3,no_recursion,3,2,-3.7330670917636866,,,0,SPEAKER_00,3
real,long_00019_3729-5639-3570,s1,ungated_deflation,3,1,35.47592619034114,0,0,0,SPEAKER_02,3
real,long_00019_3729-5639-3570,s1,ungated_deflation,3,2,1.6974739754481016,0,0,0,SPEAKER_02,3
real,long_00019_3729-5639-3570,s2,ungated_deflation,3,1,40.54723079993419,2,2,0,SPEAKER_01,3
real,long_00019_3729-5639-3570,s2,ungated_deflation,3,2,-3.5842665103208757,2,2,0,SPEAKER_01,3
real,long_00019_3729-5639-3570,s3,ungated_deflation,3,1,46.855154923512,1,1,0,SPEAKER_00,3
real,long_00019_3729-5639-3570,s3,ungated_deflation,3,2,-5.384445928386684,1,1,0,SPEAKER_00,3
real,long_00019_3729-5639-3570,s1,gated_deflation,3,1,35.47592619034114,0,0,0,SPEAKER_02,3
real,long_00019_3729-5639-3570,s1,gated_deflation,3,2,1.6974739754481016,0,0,0,SPEAKER_02,3
real,long_00019_3729-5639-3570,s2,gated_deflation,3,1,40.54723079993419,2,2,0,SPEAKER_01,3
real,long_00019_3729-5639-3570,s2,gated_deflation,3,2,-3.5842665103208757,2,2,0,SPEAKER_01,3
real,long_00019_3729-5639-3570,s3,gated_deflation,3,1,46.855154923512,1,1,0,SPEAKER_00,3
real,long_00019_3729-5639-3570,s3,gated_deflation,3,2,-5.384445928386684,1,1,0,SPEAKER_00,3
real,long_00019_3729-5639-3570,s1,coarse_to_fine,3,1,35.47592619034114,,,2,SPEAKER_02,3
real,long_00019_3729-5639-3570,s1,coarse_to_fine,3,2,-0.23090403524381004,,,2,SPEAKER_02,3
real,long_00019_3729-5639-3570,s2,coarse_to_fine,3,1,40.54723079993419,,,2,SPEAKER_01,3
real,long_00019_3729-5639-3570,s2,coarse_to_fine,3,2,-3.1202553205672072,,,2,SPEAKER_01,3
real,long_00019_3729-5639-3570,s3,coarse_to_fine,3,1,46.855154923512,,,2,SPEAKER_00,3
real,long_00019_3729-5639-3570,s3,coarse_to_fine,3,2,-3.670184868510487,,,2,SPEAKER_00,3
real_forced_m,long_00019_3729-5639-3570,s1,no_recursion,3,1,35.47592619034114,,,0,SPEAKER_02,3
real_forced_m,long_00019_3729-5639-3570,s1,no_recursion,3,2,1.6974739754481016,,,0,SPEAKER_02,3
real_forced_m,long_00019_3729-5639-3570,s2,no_recursion,3,1,40.54723079993419,,,0,SPEAKER_01,3
real_forced_m,long_00019_3729-5639-3570,s2,no_recursion,3,2,-3.1202553205672072,,,0,SPEAKER_01,3
real_forced_m,long_00019_3729-5639-3570,s3,no_recursion,3,1,46.855154923512,,,0,SPEAKER_00,3
real_forced_m,long_00019_3729-5639-3570,s3,no_recursion,3,2,-3.7330670917636866,,,0,SPEAKER_00,3
real_forced_m,long_00019_3729-5639-3570,s1,ungated_deflation,3,1,35.47592619034114,0,0,0,SPEAKER_02,3
real_forced_m,long_00019_3729-5639-3570,s1,ungated_deflation,3,2,1.6974739754481016,0,0,0,SPEAKER_02,3
real_forced_m,long_00019_3729-5639-3570,s2,ungated_deflation,3,1,40.54723079993419,2,2,0,SPEAKER_01,3
real_forced_m,long_00019_3729-5639-3570,s2,ungated_deflation,3,2,-3.5842665103208757,2,2,0,SPEAKER_01,3
real_forced_m,long_00019_3729-5639-3570,s3,ungated_deflation,3,1,46.855154923512,1,1,0,SPEAKER_00,3
real_forced_m,long_00019_3729-5639-3570,s3,ungated_deflation,3,2,-5.384445928386684,1,1,0,SPEAKER_00,3
real_forced_m,long_00019_3729-5639-3570,s1,gated_deflation,3,1,35.47592619034114,0,0,0,SPEAKER_02,3
real_forced_m,long_00019_3729-5639-3570,s1,gated_deflation,3,2,1.6974739754481016,0,0,0,SPEAKER_02,3
real_forced_m,long_00019_3729-5639-3570,s2,gated_deflation,3,1,40.54723079993419,2,2,0,SPEAKER_01,3
real_forced_m,long_00019_3729-5639-3570,s2,gated_deflation,3,2,-3.5842665103208757,2,2,0,SPEAKER_01,3
real_forced_m,long_00019_3729-5639-3570,s3,gated_deflation,3,1,46.855154923512,1,1,0,SPEAKER_00,3
real_forced_m,long_00019_3729-5639-3570,s3,gated_deflation,3,2,-5.384445928386684,1,1,0,SPEAKER_00,3
real_forced_m,long_00019_3729-5639-3570,s1,coarse_to_fine,3,1,35.47592619034114,,,2,SPEAKER_02,3
real_forced_m,long_00019_3729-5639-3570,s1,coarse_to_fine,3,2,-0.23090403524381004,,,2,SPEAKER_02,3
real_forced_m,long_00019_3729-5639-3570,s2,coarse_to_fine,3,1,40.54723079993419,,,2,SPEAKER_01,3
real_forced_m,long_00019_3729-5639-3570,s2,coarse_to_fine,3,2,-3.1202553205672072,,,2,SPEAKER_01,3
real_forced_m,long_00019_3729-5639-3570,s3,coarse_to_fine,3,1,46.855154923512,,,2,SPEAKER_00,3
real_forced_m,long_00019_3729-5639-3570,s3,coarse_to_fine,3,2,-3.670184868510487,,,2,SPEAKER_00,3
real_index_order,long_00019_3729-5639-3570,s1,no_recursion,3,1,35.47592619034114,,,0,SPEAKER_02,3
real_index_order,long_00019_3729-5639-3570,s1,no_recursion,3,2,1.6974739754481016,,,0,SPEAKER_02,3
real_index_order,long_00019_3729-5639-3570,s2,no_recursion,3,1,40.54723079993419,,,0,SPEAKER_01,3
real_index_order,long_00019_3729-5639-3570,s2,no_recursion,3,2,-3.1202553205672072,,,0,SPEAKER_01,3
real_index_order,long_00019_3729-5639-3570,s3,no_recursion,3,1,46.855154923512,,,0,SPEAKER_00,3
real_index_order,long_00019_3729-5639-3570,s3,no_recursion,3,2,-3.7330670917636866,,,0,SPEAKER_00,3
real_index_order,long_00019_3729-5639-3570,s1,ungated_deflation,3,1,35.47592619034114,0,0,0,SPEAKER_02,3
real_index_order,long_00019_3729-5639-3570,s1,ungated_deflation,3,2,1.6974739754481016,0,0,0,SPEAKER_02,3
real_index_order,long_00019_3729-5639-3570,s2,ungated_deflation,3,1,40.54723079993419,1,1,0,SPEAKER_01,3
real_index_order,long_00019_3729-5639-3570,s2,ungated_deflation,3,2,-4.573732586574419,1,1,0,SPEAKER_01,3
real_index_order,long_00019_3729-5639-3570,s3,ungated_deflation,3,1,46.855154923512,2,2,0,SPEAKER_00,3
real_index_order,long_00019_3729-5639-3570,s3,ungated_deflation,3,2,-2.763435587189485,2,2,0,SPEAKER_00,3
real_index_order,long_00019_3729-5639-3570,s1,gated_deflation,3,1,35.47592619034114,0,0,0,SPEAKER_02,3
real_index_order,long_00019_3729-5639-3570,s1,gated_deflation,3,2,1.6974739754481016,0,0,0,SPEAKER_02,3
real_index_order,long_00019_3729-5639-3570,s2,gated_deflation,3,1,40.54723079993419,1,1,0,SPEAKER_01,3
real_index_order,long_00019_3729-5639-3570,s2,gated_deflation,3,2,-4.573732586574419,1,1,0,SPEAKER_01,3
real_index_order,long_00019_3729-5639-3570,s3,gated_deflation,3,1,46.855154923512,2,2,0,SPEAKER_00,3
real_index_order,long_00019_3729-5639-3570,s3,gated_deflation,3,2,-2.763435587189485,2,2,0,SPEAKER_00,3
real_index_order,long_00019_3729-5639-3570,s1,coarse_to_fine,3,1,35.47592619034114,,,2,SPEAKER_02,3
real_index_order,long_00019_3729-5639-3570,s1,coarse_to_fine,3,2,-0.23090403524381004,,,2,SPEAKER_02,3
real_index_order,long_00019_3729-5639-3570,s2,coarse_to_fine,3,1,40.54723079993419,,,2,SPEAKER_01,3
real_index_order,long_00019_3729-5639-3570,s2,coarse_to_fine,3,2,-3.1202553205672072,,,2,SPEAKER_01,3
real_index_order,long_00019_3729-5639-3570,s3,coarse_to_fine,3,1,46.855154923512,,,2,SPEAKER_00,3
real_index_order,long_00019_3729-5639-3570,s3,coarse_to_fine,3,2,-3.670184868510487,,,2,SPEAKER_00,3
oracle,long_00020_1284-1580-260,s1,no_recursion,3,1,80.34285187917591,,,0,s1,3
oracle,long_00020_1284-1580-260,s1,no_recursion,3,2,1.996127170777896,,,0,s1,3
oracle,long_00020_1284-1580-260,s2,no_recursion,3,1,67.21531573188119,,,0,s2,3
oracle,long_00020_1284-1580-260,s2,no_recursion,3,2,2.733815600270777,,,0,s2,3
oracle,long_00020_1284-1580-260,s3,no_recursion,3,1,69.35994515153764,,,0,s3,3
oracle,long_00020_1284-1580-260,s3,no_recursion,3,2,8.879126285072676,,,0,s3,3
oracle,long_00020_1284-1580-260,s1,ungated_deflation,3,1,80.34285187917591,0,0,0,s1,3
oracle,long_00020_1284-1580-260,s1,ungated_deflation,3,2,1.996127170777896,0,0,0,s1,3
oracle,long_00020_1284-1580-260,s2,ungated_deflation,3,1,66.55631955502598,1,1,0,s2,3
oracle,long_00020_1284-1580-260,s2,ungated_deflation,3,2,1.131712418484292,1,1,0,s2,3
oracle,long_00020_1284-1580-260,s3,ungated_deflation,3,1,69.05942162384864,2,2,0,s3,3
oracle,long_00020_1284-1580-260,s3,ungated_deflation,3,2,0.3045186370496872,2,2,0,s3,3
oracle,long_00020_1284-1580-260,s1,gated_deflation,3,1,80.34285187917591,0,0,0,s1,3
oracle,long_00020_1284-1580-260,s1,gated_deflation,3,2,1.996127170777896,0,0,0,s1,3
oracle,long_00020_1284-1580-260,s2,gated_deflation,3,1,66.55631955502598,1,1,0,s2,3
oracle,long_00020_1284-1580-260,s2,gated_deflation,3,2,1.131712418484292,1,1,0,s2,3
oracle,long_00020_1284-1580-260,s3,gated_deflation,3,1,69.05942162384864,2,2,0,s3,3
oracle,long_00020_1284-1580-260,s3,gated_deflation,3,2,0.3045186370496872,2,2,0,s3,3
oracle,long_00020_1284-1580-260,s1,coarse_to_fine,3,1,80.3807525647882,,,2,s1,3
oracle,long_00020_1284-1580-260,s1,coarse_to_fine,3,2,0.9139320394869049,,,2,s1,3
oracle,long_00020_1284-1580-260,s2,coarse_to_fine,3,1,67.27171288031879,,,2,s2,3
oracle,long_00020_1284-1580-260,s2,coarse_to_fine,3,2,1.8469829575046701,,,2,s2,3
oracle,long_00020_1284-1580-260,s3,coarse_to_fine,3,1,69.30552432480178,,,2,s3,3
oracle,long_00020_1284-1580-260,s3,coarse_to_fine,3,2,8.527379280144753,,,2,s3,3
real,long_00020_1284-1580-260,s1,no_recursion,3,1,41.135555853347824,,,0,SPEAKER_01,3
real,long_00020_1284-1580-260,s1,no_recursion,3,2,-2.952746470306563,,,0,SPEAKER_01,3
real,long_00020_1284-1580-260,s2,no_recursion,3,1,28.790587786530047,,,0,SPEAKER_02,3
real,long_00020_1284-1580-260,s2,no_recursion,3,2,-1.6680535200813082,,,0,SPEAKER_02,3
real,long_00020_1284-1580-260,s3,no_recursion,3,1,47.389265867166124,,,0,SPEAKER_00,3
real,long_00020_1284-1580-260,s3,no_recursion,3,2,2.378656422564852,,,0,SPEAKER_00,3
real,long_00020_1284-1580-260,s1,ungated_deflation,3,1,41.135555853347824,2,2,0,SPEAKER_01,3
real,long_00020_1284-1580-260,s1,ungated_deflation,3,2,-2.9805862271591224,2,2,0,SPEAKER_01,3
real,long_00020_1284-1580-260,s2,ungated_deflation,3,1,28.790587786530047,1,1,0,SPEAKER_02,3
real,long_00020_1284-1580-260,s2,ungated_deflation,3,2,-1.8134504667498474,1,1,0,SPEAKER_02,3
real,long_00020_1284-1580-260,s3,ungated_deflation,3,1,47.389265867166124,0,0,0,SPEAKER_00,3
real,long_00020_1284-1580-260,s3,ungated_deflation,3,2,2.378656422564852,0,0,0,SPEAKER_00,3
real,long_00020_1284-1580-260,s1,gated_deflation,3,1,41.135555853347824,2,2,0,SPEAKER_01,3
real,long_00020_1284-1580-260,s1,gated_deflation,3,2,-2.9805862271591224,2,2,0,SPEAKER_01,3
real,long_00020_1284-1580-260,s2,gated_deflation,3,1,28.790587786530047,1,1,0,SPEAKER_02,3
real,long_00020_1284-1580-260,s2,gated_deflation,3,2,-1.8134504667498474,1,1,0,SPEAKER_02,3
real,long_00020_1284-1580-260,s3,gated_deflation,3,1,47.389265867166124,0,0,0,SPEAKER_00,3
real,long_00020_1284-1580-260,s3,gated_deflation,3,2,2.378656422564852,0,0,0,SPEAKER_00,3
real,long_00020_1284-1580-260,s1,coarse_to_fine,3,1,41.135555853347824,,,2,SPEAKER_01,3
real,long_00020_1284-1580-260,s1,coarse_to_fine,3,2,-2.879569329531726,,,2,SPEAKER_01,3
real,long_00020_1284-1580-260,s2,coarse_to_fine,3,1,28.790587786530047,,,2,SPEAKER_02,3
real,long_00020_1284-1580-260,s2,coarse_to_fine,3,2,-2.651179083193784,,,2,SPEAKER_02,3
real,long_00020_1284-1580-260,s3,coarse_to_fine,3,1,47.389265867166124,,,2,SPEAKER_00,3
real,long_00020_1284-1580-260,s3,coarse_to_fine,3,2,1.3493161825371494,,,2,SPEAKER_00,3
real_forced_m,long_00020_1284-1580-260,s1,no_recursion,3,1,41.135555853347824,,,0,SPEAKER_01,3
real_forced_m,long_00020_1284-1580-260,s1,no_recursion,3,2,-2.952746470306563,,,0,SPEAKER_01,3
real_forced_m,long_00020_1284-1580-260,s2,no_recursion,3,1,28.790587786530047,,,0,SPEAKER_02,3
real_forced_m,long_00020_1284-1580-260,s2,no_recursion,3,2,-1.6680535200813082,,,0,SPEAKER_02,3
real_forced_m,long_00020_1284-1580-260,s3,no_recursion,3,1,47.389265867166124,,,0,SPEAKER_00,3
real_forced_m,long_00020_1284-1580-260,s3,no_recursion,3,2,2.378656422564852,,,0,SPEAKER_00,3
real_forced_m,long_00020_1284-1580-260,s1,ungated_deflation,3,1,41.135555853347824,2,2,0,SPEAKER_01,3
real_forced_m,long_00020_1284-1580-260,s1,ungated_deflation,3,2,-2.9805862271591224,2,2,0,SPEAKER_01,3
real_forced_m,long_00020_1284-1580-260,s2,ungated_deflation,3,1,28.790587786530047,1,1,0,SPEAKER_02,3
real_forced_m,long_00020_1284-1580-260,s2,ungated_deflation,3,2,-1.8134504667498474,1,1,0,SPEAKER_02,3
real_forced_m,long_00020_1284-1580-260,s3,ungated_deflation,3,1,47.389265867166124,0,0,0,SPEAKER_00,3
real_forced_m,long_00020_1284-1580-260,s3,ungated_deflation,3,2,2.378656422564852,0,0,0,SPEAKER_00,3
real_forced_m,long_00020_1284-1580-260,s1,gated_deflation,3,1,41.135555853347824,2,2,0,SPEAKER_01,3
real_forced_m,long_00020_1284-1580-260,s1,gated_deflation,3,2,-2.9805862271591224,2,2,0,SPEAKER_01,3
real_forced_m,long_00020_1284-1580-260,s2,gated_deflation,3,1,28.790587786530047,1,1,0,SPEAKER_02,3
real_forced_m,long_00020_1284-1580-260,s2,gated_deflation,3,2,-1.8134504667498474,1,1,0,SPEAKER_02,3
real_forced_m,long_00020_1284-1580-260,s3,gated_deflation,3,1,47.389265867166124,0,0,0,SPEAKER_00,3
real_forced_m,long_00020_1284-1580-260,s3,gated_deflation,3,2,2.378656422564852,0,0,0,SPEAKER_00,3
real_forced_m,long_00020_1284-1580-260,s1,coarse_to_fine,3,1,41.135555853347824,,,2,SPEAKER_01,3
real_forced_m,long_00020_1284-1580-260,s1,coarse_to_fine,3,2,-2.879569329531726,,,2,SPEAKER_01,3
real_forced_m,long_00020_1284-1580-260,s2,coarse_to_fine,3,1,28.790587786530047,,,2,SPEAKER_02,3
real_forced_m,long_00020_1284-1580-260,s2,coarse_to_fine,3,2,-2.651179083193784,,,2,SPEAKER_02,3
real_forced_m,long_00020_1284-1580-260,s3,coarse_to_fine,3,1,47.389265867166124,,,2,SPEAKER_00,3
real_forced_m,long_00020_1284-1580-260,s3,coarse_to_fine,3,2,1.3493161825371494,,,2,SPEAKER_00,3
real_index_order,long_00020_1284-1580-260,s1,no_recursion,3,1,41.135555853347824,,,0,SPEAKER_01,3
real_index_order,long_00020_1284-1580-260,s1,no_recursion,3,2,-2.952746470306563,,,0,SPEAKER_01,3
real_index_order,long_00020_1284-1580-260,s2,no_recursion,3,1,28.790587786530047,,,0,SPEAKER_02,3
real_index_order,long_00020_1284-1580-260,s2,no_recursion,3,2,-1.6680535200813082,,,0,SPEAKER_02,3
real_index_order,long_00020_1284-1580-260,s3,no_recursion,3,1,47.389265867166124,,,0,SPEAKER_00,3
real_index_order,long_00020_1284-1580-260,s3,no_recursion,3,2,2.378656422564852,,,0,SPEAKER_00,3
real_index_order,long_00020_1284-1580-260,s1,ungated_deflation,3,1,41.135555853347824,0,0,0,SPEAKER_01,3
real_index_order,long_00020_1284-1580-260,s1,ungated_deflation,3,2,-2.952746470306563,0,0,0,SPEAKER_01,3
real_index_order,long_00020_1284-1580-260,s2,ungated_deflation,3,1,28.790587786530047,1,1,0,SPEAKER_02,3
real_index_order,long_00020_1284-1580-260,s2,ungated_deflation,3,2,-2.19716367612496,1,1,0,SPEAKER_02,3
real_index_order,long_00020_1284-1580-260,s3,ungated_deflation,3,1,47.389265867166124,2,2,0,SPEAKER_00,3
real_index_order,long_00020_1284-1580-260,s3,ungated_deflation,3,2,-1.7223792656332473,2,2,0,SPEAKER_00,3
real_index_order,long_00020_1284-1580-260,s1,gated_deflation,3,1,41.135555853347824,0,0,0,SPEAKER_01,3
real_index_order,long_00020_1284-1580-260,s1,gated_deflation,3,2,-2.952746470306563,0,0,0,SPEAKER_01,3
real_index_order,long_00020_1284-1580-260,s2,gated_deflation,3,1,28.790587786530047,1,1,0,SPEAKER_02,3
real_index_order,long_00020_1284-1580-260,s2,gated_deflation,3,2,-2.19716367612496,1,1,0,SPEAKER_02,3
real_index_order,long_00020_1284-1580-260,s3,gated_deflation,3,1,47.389265867166124,2,2,0,SPEAKER_00,3
real_index_order,long_00020_1284-1580-260,s3,gated_deflation,3,2,-1.7223792656332473,2,2,0,SPEAKER_00,3
real_index_order,long_00020_1284-1580-260,s1,coarse_to_fine,3,1,41.135555853347824,,,2,SPEAKER_01,3
real_index_order,long_00020_1284-1580-260,s1,coarse_to_fine,3,2,-2.879569329531726,,,2,SPEAKER_01,3
real_index_order,long_00020_1284-1580-260,s2,coarse_to_fine,3,1,28.790587786530047,,,2,SPEAKER_02,3
real_index_order,long_00020_1284-1580-260,s2,coarse_to_fine,3,2,-2.651179083193784,,,2,SPEAKER_02,3
real_index_order,long_00020_1284-1580-260,s3,coarse_to_fine,3,1,47.389265867166124,,,2,SPEAKER_00,3
real_index_order,long_00020_1284-1580-260,s3,coarse_to_fine,3,2,1.3493161825371494,,,2,SPEAKER_00,3
oracle,long_00021_4507-260-1580,s1,no_recursion,3,1,48.57219792368263,,,0,s1,3
oracle,long_00021_4507-260-1580,s1,no_recursion,3,2,2.961911420133962,,,0,s1,3
oracle,long_00021_4507-260-1580,s2,no_recursion,3,1,50.852357987933495,,,0,s2,3
oracle,long_00021_4507-260-1580,s2,no_recursion,3,2,3.992094982269922,,,0,s2,3
oracle,long_00021_4507-260-1580,s3,no_recursion,3,1,66.584063805376,,,0,s3,3
oracle,long_00021_4507-260-1580,s3,no_recursion,3,2,4.579624390288314,,,0,s3,3
oracle,long_00021_4507-260-1580,s1,ungated_deflation,3,1,48.57219792368263,0,0,0,s1,3
oracle,long_00021_4507-260-1580,s1,ungated_deflation,3,2,2.961911420133962,0,0,0,s1,3
oracle,long_00021_4507-260-1580,s2,ungated_deflation,3,1,50.5246881550488,1,1,0,s2,3
oracle,long_00021_4507-260-1580,s2,ungated_deflation,3,2,2.9672099608722924,1,1,0,s2,3
oracle,long_00021_4507-260-1580,s3,ungated_deflation,3,1,66.32052009084431,2,2,0,s3,3
oracle,long_00021_4507-260-1580,s3,ungated_deflation,3,2,4.113993707793348,2,2,0,s3,3
oracle,long_00021_4507-260-1580,s1,gated_deflation,3,1,48.57219792368263,0,0,0,s1,3
oracle,long_00021_4507-260-1580,s1,gated_deflation,3,2,2.961911420133962,0,0,0,s1,3
oracle,long_00021_4507-260-1580,s2,gated_deflation,3,1,50.5246881550488,1,1,0,s2,3
oracle,long_00021_4507-260-1580,s2,gated_deflation,3,2,2.9672099608722924,1,1,0,s2,3
oracle,long_00021_4507-260-1580,s3,gated_deflation,3,1,66.32052009084431,2,2,0,s3,3
oracle,long_00021_4507-260-1580,s3,gated_deflation,3,2,4.113993707793348,2,2,0,s3,3
oracle,long_00021_4507-260-1580,s1,coarse_to_fine,3,1,47.806117470496105,,,2,s1,3
oracle,long_00021_4507-260-1580,s1,coarse_to_fine,3,2,1.9967615936892131,,,2,s1,3
oracle,long_00021_4507-260-1580,s2,coarse_to_fine,3,1,49.857030956645474,,,2,s2,3
oracle,long_00021_4507-260-1580,s2,coarse_to_fine,3,2,3.8215436362524087,,,2,s2,3
oracle,long_00021_4507-260-1580,s3,coarse_to_fine,3,1,66.54151532271452,,,2,s3,3
oracle,long_00021_4507-260-1580,s3,coarse_to_fine,3,2,2.867844040028133,,,2,s3,3
real,long_00021_4507-260-1580,s1,no_recursion,3,1,42.215481387518665,,,0,SPEAKER_01,3
real,long_00021_4507-260-1580,s1,no_recursion,3,2,0.9736324835919801,,,0,SPEAKER_01,3
real,long_00021_4507-260-1580,s2,no_recursion,3,1,56.3253946533597,,,0,SPEAKER_00,3
real,long_00021_4507-260-1580,s2,no_recursion,3,2,-1.4076228890368256,,,0,SPEAKER_00,3
real,long_00021_4507-260-1580,s3,no_recursion,3,1,36.464914860375984,,,0,SPEAKER_02,3
real,long_00021_4507-260-1580,s3,no_recursion,3,2,-2.045732182909424,,,0,SPEAKER_02,3
real,long_00021_4507-260-1580,s1,ungated_deflation,3,1,42.215481387518665,1,1,0,SPEAKER_01,3
real,long_00021_4507-260-1580,s1,ungated_deflation,3,2,-0.39775339649432684,1,1,0,SPEAKER_01,3
real,long_00021_4507-260-1580,s2,ungated_deflation,3,1,56.3253946533597,2,2,0,SPEAKER_00,3
real,long_00021_4507-260-1580,s2,ungated_deflation,3,2,-3.7266643518794655,2,2,0,SPEAKER_00,3
real,long_00021_4507-260-1580,s3,ungated_deflation,3,1,36.464914860375984,0,0,0,SPEAKER_02,3
real,long_00021_4507-260-1580,s3,ungated_deflation,3,2,-2.045732182909424,0,0,0,SPEAKER_02,3
real,long_00021_4507-260-1580,s1,gated_deflation,3,1,42.215481387518665,1,1,0,SPEAKER_01,3
real,long_00021_4507-260-1580,s1,gated_deflation,3,2,-0.39775339649432684,1,1,0,SPEAKER_01,3
real,long_00021_4507-260-1580,s2,gated_deflation,3,1,56.3253946533597,2,2,0,SPEAKER_00,3
real,long_00021_4507-260-1580,s2,gated_deflation,3,2,-3.7266643518794655,2,2,0,SPEAKER_00,3
real,long_00021_4507-260-1580,s3,gated_deflation,3,1,36.464914860375984,0,0,0,SPEAKER_02,3
real,long_00021_4507-260-1580,s3,gated_deflation,3,2,-2.045732182909424,0,0,0,SPEAKER_02,3
real,long_00021_4507-260-1580,s1,coarse_to_fine,3,1,42.215481387518665,,,2,SPEAKER_01,3
real,long_00021_4507-260-1580,s1,coarse_to_fine,3,2,1.2366414364240572,,,2,SPEAKER_01,3
real,long_00021_4507-260-1580,s2,coarse_to_fine,3,1,56.3253946533597,,,2,SPEAKER_00,3
real,long_00021_4507-260-1580,s2,coarse_to_fine,3,2,-1.056537904997332,,,2,SPEAKER_00,3
real,long_00021_4507-260-1580,s3,coarse_to_fine,3,1,36.464914860375984,,,2,SPEAKER_02,3
real,long_00021_4507-260-1580,s3,coarse_to_fine,3,2,-2.8074299121382817,,,2,SPEAKER_02,3
real_forced_m,long_00021_4507-260-1580,s1,no_recursion,3,1,42.215481387518665,,,0,SPEAKER_01,3
real_forced_m,long_00021_4507-260-1580,s1,no_recursion,3,2,0.9736324835919801,,,0,SPEAKER_01,3
real_forced_m,long_00021_4507-260-1580,s2,no_recursion,3,1,56.3253946533597,,,0,SPEAKER_00,3
real_forced_m,long_00021_4507-260-1580,s2,no_recursion,3,2,-1.4076228890368256,,,0,SPEAKER_00,3
real_forced_m,long_00021_4507-260-1580,s3,no_recursion,3,1,36.464914860375984,,,0,SPEAKER_02,3
real_forced_m,long_00021_4507-260-1580,s3,no_recursion,3,2,-2.045732182909424,,,0,SPEAKER_02,3
real_forced_m,long_00021_4507-260-1580,s1,ungated_deflation,3,1,42.215481387518665,1,1,0,SPEAKER_01,3
real_forced_m,long_00021_4507-260-1580,s1,ungated_deflation,3,2,-0.39775339649432684,1,1,0,SPEAKER_01,3
real_forced_m,long_00021_4507-260-1580,s2,ungated_deflation,3,1,56.3253946533597,2,2,0,SPEAKER_00,3
real_forced_m,long_00021_4507-260-1580,s2,ungated_deflation,3,2,-3.7266643518794655,2,2,0,SPEAKER_00,3
real_forced_m,long_00021_4507-260-1580,s3,ungated_deflation,3,1,36.464914860375984,0,0,0,SPEAKER_02,3
real_forced_m,long_00021_4507-260-1580,s3,ungated_deflation,3,2,-2.045732182909424,0,0,0,SPEAKER_02,3
real_forced_m,long_00021_4507-260-1580,s1,gated_deflation,3,1,42.215481387518665,1,1,0,SPEAKER_01,3
real_forced_m,long_00021_4507-260-1580,s1,gated_deflation,3,2,-0.39775339649432684,1,1,0,SPEAKER_01,3
real_forced_m,long_00021_4507-260-1580,s2,gated_deflation,3,1,56.3253946533597,2,2,0,SPEAKER_00,3
real_forced_m,long_00021_4507-260-1580,s2,gated_deflation,3,2,-3.7266643518794655,2,2,0,SPEAKER_00,3
real_forced_m,long_00021_4507-260-1580,s3,gated_deflation,3,1,36.464914860375984,0,0,0,SPEAKER_02,3
real_forced_m,long_00021_4507-260-1580,s3,gated_deflation,3,2,-2.045732182909424,0,0,0,SPEAKER_02,3
real_forced_m,long_00021_4507-260-1580,s1,coarse_to_fine,3,1,42.215481387518665,,,2,SPEAKER_01,3
real_forced_m,long_00021_4507-260-1580,s1,coarse_to_fine,3,2,1.2366414364240572,,,2,SPEAKER_01,3
real_forced_m,long_00021_4507-260-1580,s2,coarse_to_fine,3,1,56.3253946533597,,,2,SPEAKER_00,3
real_forced_m,long_00021_4507-260-1580,s2,coarse_to_fine,3,2,-1.056537904997332,,,2,SPEAKER_00,3
real_forced_m,long_00021_4507-260-1580,s3,coarse_to_fine,3,1,36.464914860375984,,,2,SPEAKER_02,3
real_forced_m,long_00021_4507-260-1580,s3,coarse_to_fine,3,2,-2.8074299121382817,,,2,SPEAKER_02,3
real_index_order,long_00021_4507-260-1580,s1,no_recursion,3,1,42.215481387518665,,,0,SPEAKER_01,3
real_index_order,long_00021_4507-260-1580,s1,no_recursion,3,2,0.9736324835919801,,,0,SPEAKER_01,3
real_index_order,long_00021_4507-260-1580,s2,no_recursion,3,1,56.3253946533597,,,0,SPEAKER_00,3
real_index_order,long_00021_4507-260-1580,s2,no_recursion,3,2,-1.4076228890368256,,,0,SPEAKER_00,3
real_index_order,long_00021_4507-260-1580,s3,no_recursion,3,1,36.464914860375984,,,0,SPEAKER_02,3
real_index_order,long_00021_4507-260-1580,s3,no_recursion,3,2,-2.045732182909424,,,0,SPEAKER_02,3
real_index_order,long_00021_4507-260-1580,s1,ungated_deflation,3,1,42.215481387518665,0,0,0,SPEAKER_01,3
real_index_order,long_00021_4507-260-1580,s1,ungated_deflation,3,2,0.9736324835919801,0,0,0,SPEAKER_01,3
real_index_order,long_00021_4507-260-1580,s2,ungated_deflation,3,1,56.3253946533597,1,1,0,SPEAKER_00,3
real_index_order,long_00021_4507-260-1580,s2,ungated_deflation,3,2,-2.172055394584925,1,1,0,SPEAKER_00,3
real_index_order,long_00021_4507-260-1580,s3,ungated_deflation,3,1,36.464914860375984,2,2,0,SPEAKER_02,3
real_index_order,long_00021_4507-260-1580,s3,ungated_deflation,3,2,-0.5884648953884613,2,2,0,SPEAKER_02,3
real_index_order,long_00021_4507-260-1580,s1,gated_deflation,3,1,42.215481387518665,0,0,0,SPEAKER_01,3
real_index_order,long_00021_4507-260-1580,s1,gated_deflation,3,2,0.9736324835919801,0,0,0,SPEAKER_01,3
real_index_order,long_00021_4507-260-1580,s2,gated_deflation,3,1,56.3253946533597,1,1,0,SPEAKER_00,3
real_index_order,long_00021_4507-260-1580,s2,gated_deflation,3,2,-2.172055394584925,1,1,0,SPEAKER_00,3
real_index_order,long_00021_4507-260-1580,s3,gated_deflation,3,1,36.464914860375984,2,2,0,SPEAKER_02,3
real_index_order,long_00021_4507-260-1580,s3,gated_deflation,3,2,-0.5884648953884613,2,2,0,SPEAKER_02,3
real_index_order,long_00021_4507-260-1580,s1,coarse_to_fine,3,1,42.215481387518665,,,2,SPEAKER_01,3
real_index_order,long_00021_4507-260-1580,s1,coarse_to_fine,3,2,1.2366414364240572,,,2,SPEAKER_01,3
real_index_order,long_00021_4507-260-1580,s2,coarse_to_fine,3,1,56.3253946533597,,,2,SPEAKER_00,3
real_index_order,long_00021_4507-260-1580,s2,coarse_to_fine,3,2,-1.056537904997332,,,2,SPEAKER_00,3
real_index_order,long_00021_4507-260-1580,s3,coarse_to_fine,3,1,36.464914860375984,,,2,SPEAKER_02,3
real_index_order,long_00021_4507-260-1580,s3,coarse_to_fine,3,2,-2.8074299121382817,,,2,SPEAKER_02,3
oracle,long_00022_1320-4992-7729,s1,no_recursion,3,1,54.071369461475655,,,0,s1,3
oracle,long_00022_1320-4992-7729,s1,no_recursion,3,2,6.385534706085697,,,0,s1,3
oracle,long_00022_1320-4992-7729,s2,no_recursion,3,1,55.26704604331354,,,0,s2,3
oracle,long_00022_1320-4992-7729,s2,no_recursion,3,2,3.898654080588249,,,0,s2,3
oracle,long_00022_1320-4992-7729,s3,no_recursion,3,1,53.01317312550178,,,0,s3,3
oracle,long_00022_1320-4992-7729,s3,no_recursion,3,2,5.421459157392398,,,0,s3,3
oracle,long_00022_1320-4992-7729,s1,ungated_deflation,3,1,54.071369461475655,0,0,0,s1,3
oracle,long_00022_1320-4992-7729,s1,ungated_deflation,3,2,6.385534706085697,0,0,0,s1,3
oracle,long_00022_1320-4992-7729,s2,ungated_deflation,3,1,55.2523826477417,1,1,0,s2,3
oracle,long_00022_1320-4992-7729,s2,ungated_deflation,3,2,1.8321921508776449,1,1,0,s2,3
oracle,long_00022_1320-4992-7729,s3,ungated_deflation,3,1,44.4934174718777,2,2,0,s3,3
oracle,long_00022_1320-4992-7729,s3,ungated_deflation,3,2,2.9865967167539886,2,2,0,s3,3
oracle,long_00022_1320-4992-7729,s1,gated_deflation,3,1,54.071369461475655,0,0,0,s1,3
oracle,long_00022_1320-4992-7729,s1,gated_deflation,3,2,6.385534706085697,0,0,0,s1,3
oracle,long_00022_1320-4992-7729,s2,gated_deflation,3,1,55.2523826477417,1,1,0,s2,3
oracle,long_00022_1320-4992-7729,s2,gated_deflation,3,2,1.8321921508776449,1,1,0,s2,3
oracle,long_00022_1320-4992-7729,s3,gated_deflation,3,1,44.4934174718777,2,2,0,s3,3
oracle,long_00022_1320-4992-7729,s3,gated_deflation,3,2,2.9865967167539886,2,2,0,s3,3
oracle,long_00022_1320-4992-7729,s1,coarse_to_fine,3,1,54.13970708273877,,,2,s1,3
oracle,long_00022_1320-4992-7729,s1,coarse_to_fine,3,2,6.560618698664889,,,2,s1,3
oracle,long_00022_1320-4992-7729,s2,coarse_to_fine,3,1,57.36178741346624,,,2,s2,3
oracle,long_00022_1320-4992-7729,s2,coarse_to_fine,3,2,3.118681371878979,,,2,s2,3
oracle,long_00022_1320-4992-7729,s3,coarse_to_fine,3,1,55.82270937079472,,,2,s3,3
oracle,long_00022_1320-4992-7729,s3,coarse_to_fine,3,2,6.103973199863743,,,2,s3,3
real,long_00022_1320-4992-7729,s1,no_recursion,3,1,34.11337592914093,,,0,SPEAKER_00,3
real,long_00022_1320-4992-7729,s1,no_recursion,3,2,4.369554630459879,,,0,SPEAKER_00,3
real,long_00022_1320-4992-7729,s2,no_recursion,3,1,41.740669930801324,,,0,SPEAKER_02,3
real,long_00022_1320-4992-7729,s2,no_recursion,3,2,3.386660818822068,,,0,SPEAKER_02,3
real,long_00022_1320-4992-7729,s3,no_recursion,3,1,46.08209602903899,,,0,SPEAKER_01,3
real,long_00022_1320-4992-7729,s3,no_recursion,3,2,0.3849883370816218,,,0,SPEAKER_01,3
real,long_00022_1320-4992-7729,s1,ungated_deflation,3,1,34.11337592914093,0,0,0,SPEAKER_00,3
real,long_00022_1320-4992-7729,s1,ungated_deflation,3,2,4.369554630459879,0,0,0,SPEAKER_00,3
real,long_00022_1320-4992-7729,s2,ungated_deflation,3,1,41.740669930801324,2,2,0,SPEAKER_02,3
real,long_00022_1320-4992-7729,s2,ungated_deflation,3,2,1.65060934080241,2,2,0,SPEAKER_02,3
real,long_00022_1320-4992-7729,s3,ungated_deflation,3,1,46.08209602903899,1,1,0,SPEAKER_01,3
real,long_00022_1320-4992-7729,s3,ungated_deflation,3,2,1.0731292468098732,1,1,0,SPEAKER_01,3
real,long_00022_1320-4992-7729,s1,gated_deflation,3,1,34.11337592914093,0,0,0,SPEAKER_00,3
real,long_00022_1320-4992-7729,s1,gated_deflation,3,2,4.369554630459879,0,0,0,SPEAKER_00,3
real,long_00022_1320-4992-7729,s2,gated_deflation,3,1,41.740669930801324,2,2,0,SPEAKER_02,3
real,long_00022_1320-4992-7729,s2,gated_deflation,3,2,1.65060934080241,2,2,0,SPEAKER_02,3
real,long_00022_1320-4992-7729,s3,gated_deflation,3,1,46.08209602903899,1,1,0,SPEAKER_01,3
real,long_00022_1320-4992-7729,s3,gated_deflation,3,2,1.0731292468098732,1,1,0,SPEAKER_01,3
real,long_00022_1320-4992-7729,s1,coarse_to_fine,3,1,34.11337592914093,,,2,SPEAKER_00,3
real,long_00022_1320-4992-7729,s1,coarse_to_fine,3,2,4.57257966434313,,,2,SPEAKER_00,3
real,long_00022_1320-4992-7729,s2,coarse_to_fine,3,1,41.740669930801324,,,2,SPEAKER_02,3
real,long_00022_1320-4992-7729,s2,coarse_to_fine,3,2,1.6394291260767944,,,2,SPEAKER_02,3
real,long_00022_1320-4992-7729,s3,coarse_to_fine,3,1,46.08209602903899,,,2,SPEAKER_01,3
real,long_00022_1320-4992-7729,s3,coarse_to_fine,3,2,0.9427663723111519,,,2,SPEAKER_01,3
real_forced_m,long_00022_1320-4992-7729,s1,no_recursion,3,1,34.11337592914093,,,0,SPEAKER_00,3
real_forced_m,long_00022_1320-4992-7729,s1,no_recursion,3,2,4.369554630459879,,,0,SPEAKER_00,3
real_forced_m,long_00022_1320-4992-7729,s2,no_recursion,3,1,41.740669930801324,,,0,SPEAKER_02,3
real_forced_m,long_00022_1320-4992-7729,s2,no_recursion,3,2,3.386660818822068,,,0,SPEAKER_02,3
real_forced_m,long_00022_1320-4992-7729,s3,no_recursion,3,1,46.08209602903899,,,0,SPEAKER_01,3
real_forced_m,long_00022_1320-4992-7729,s3,no_recursion,3,2,0.3849883370816218,,,0,SPEAKER_01,3
real_forced_m,long_00022_1320-4992-7729,s1,ungated_deflation,3,1,34.11337592914093,0,0,0,SPEAKER_00,3
real_forced_m,long_00022_1320-4992-7729,s1,ungated_deflation,3,2,4.369554630459879,0,0,0,SPEAKER_00,3
real_forced_m,long_00022_1320-4992-7729,s2,ungated_deflation,3,1,41.740669930801324,2,2,0,SPEAKER_02,3
real_forced_m,long_00022_1320-4992-7729,s2,ungated_deflation,3,2,1.65060934080241,2,2,0,SPEAKER_02,3
real_forced_m,long_00022_1320-4992-7729,s3,ungated_deflation,3,1,46.08209602903899,1,1,0,SPEAKER_01,3
real_forced_m,long_00022_1320-4992-7729,s3,ungated_deflation,3,2,1.0731292468098732,1,1,0,SPEAKER_01,3
real_forced_m,long_00022_1320-4992-7729,s1,gated_deflation,3,1,34.11337592914093,0,0,0,SPEAKER_00,3
real_forced_m,long_00022_1320-4992-7729,s1,gated_deflation,3,2,4.369554630459879,0,0,0,SPEAKER_00,3
real_forced_m,long_00022_1320-4992-7729,s2,gated_deflation,3,1,41.740669930801324,2,2,0,SPEAKER_02,3
real_forced_m,long_00022_1320-4992-7729,s2,gated_deflation,3,2,1.65060934080241,2,2,0,SPEAKER_02,3
real_forced_m,long_00022_1320-4992-7729,s3,gated_deflation,3,1,46.08209602903899,1,1,0,SPEAKER_01,3
real_forced_m,long_00022_1320-4992-7729,s3,gated_deflation,3,2,1.0731292468098732,1,1,0,SPEAKER_01,3
real_forced_m,long_00022_1320-4992-7729,s1,coarse_to_fine,3,1,34.11337592914093,,,2,SPEAKER_00,3
real_forced_m,long_00022_1320-4992-7729,s1,coarse_to_fine,3,2,4.57257966434313,,,2,SPEAKER_00,3
real_forced_m,long_00022_1320-4992-7729,s2,coarse_to_fine,3,1,41.740669930801324,,,2,SPEAKER_02,3
real_forced_m,long_00022_1320-4992-7729,s2,coarse_to_fine,3,2,1.6394291260767944,,,2,SPEAKER_02,3
real_forced_m,long_00022_1320-4992-7729,s3,coarse_to_fine,3,1,46.08209602903899,,,2,SPEAKER_01,3
real_forced_m,long_00022_1320-4992-7729,s3,coarse_to_fine,3,2,0.9427663723111519,,,2,SPEAKER_01,3
real_index_order,long_00022_1320-4992-7729,s1,no_recursion,3,1,34.11337592914093,,,0,SPEAKER_00,3
real_index_order,long_00022_1320-4992-7729,s1,no_recursion,3,2,4.369554630459879,,,0,SPEAKER_00,3
real_index_order,long_00022_1320-4992-7729,s2,no_recursion,3,1,41.740669930801324,,,0,SPEAKER_02,3
real_index_order,long_00022_1320-4992-7729,s2,no_recursion,3,2,3.386660818822068,,,0,SPEAKER_02,3
real_index_order,long_00022_1320-4992-7729,s3,no_recursion,3,1,46.08209602903899,,,0,SPEAKER_01,3
real_index_order,long_00022_1320-4992-7729,s3,no_recursion,3,2,0.3849883370816218,,,0,SPEAKER_01,3
real_index_order,long_00022_1320-4992-7729,s1,ungated_deflation,3,1,34.11337592914093,0,0,0,SPEAKER_00,3
real_index_order,long_00022_1320-4992-7729,s1,ungated_deflation,3,2,4.369554630459879,0,0,0,SPEAKER_00,3
real_index_order,long_00022_1320-4992-7729,s2,ungated_deflation,3,1,41.740669930801324,1,1,0,SPEAKER_02,3
real_index_order,long_00022_1320-4992-7729,s2,ungated_deflation,3,2,2.0732550671963814,1,1,0,SPEAKER_02,3
real_index_order,long_00022_1320-4992-7729,s3,ungated_deflation,3,1,46.08209602903899,2,2,0,SPEAKER_01,3
real_index_order,long_00022_1320-4992-7729,s3,ungated_deflation,3,2,-0.02375334992011656,2,2,0,SPEAKER_01,3
real_index_order,long_00022_1320-4992-7729,s1,gated_deflation,3,1,34.11337592914093,0,0,0,SPEAKER_00,3
real_index_order,long_00022_1320-4992-7729,s1,gated_deflation,3,2,4.369554630459879,0,0,0,SPEAKER_00,3
real_index_order,long_00022_1320-4992-7729,s2,gated_deflation,3,1,41.740669930801324,1,1,0,SPEAKER_02,3
real_index_order,long_00022_1320-4992-7729,s2,gated_deflation,3,2,2.0732550671963814,1,1,0,SPEAKER_02,3
real_index_order,long_00022_1320-4992-7729,s3,gated_deflation,3,1,46.08209602903899,2,2,0,SPEAKER_01,3
real_index_order,long_00022_1320-4992-7729,s3,gated_deflation,3,2,-0.02375334992011656,2,2,0,SPEAKER_01,3
real_index_order,long_00022_1320-4992-7729,s1,coarse_to_fine,3,1,34.11337592914093,,,2,SPEAKER_00,3
real_index_order,long_00022_1320-4992-7729,s1,coarse_to_fine,3,2,4.57257966434313,,,2,SPEAKER_00,3
real_index_order,long_00022_1320-4992-7729,s2,coarse_to_fine,3,1,41.740669930801324,,,2,SPEAKER_02,3
real_index_order,long_00022_1320-4992-7729,s2,coarse_to_fine,3,2,1.6394291260767944,,,2,SPEAKER_02,3
real_index_order,long_00022_1320-4992-7729,s3,coarse_to_fine,3,1,46.08209602903899,,,2,SPEAKER_01,3
real_index_order,long_00022_1320-4992-7729,s3,coarse_to_fine,3,2,0.9427663723111519,,,2,SPEAKER_01,3
oracle,long_00023_5639-7127-2094,s1,no_recursion,3,1,41.327798034943186,,,0,s1,3
oracle,long_00023_5639-7127-2094,s1,no_recursion,3,2,-4.338379495962358,,,0,s1,3
oracle,long_00023_5639-7127-2094,s2,no_recursion,3,1,44.82299197734348,,,0,s2,3
oracle,long_00023_5639-7127-2094,s2,no_recursion,3,2,-0.08318426509259128,,,0,s2,3
oracle,long_00023_5639-7127-2094,s3,no_recursion,3,1,57.99797751792834,,,0,s3,3
oracle,long_00023_5639-7127-2094,s3,no_recursion,3,2,-0.362421773579643,,,0,s3,3
oracle,long_00023_5639-7127-2094,s1,ungated_deflation,3,1,41.327798034943186,0,0,0,s1,3
oracle,long_00023_5639-7127-2094,s1,ungated_deflation,3,2,-4.338379495962358,0,0,0,s1,3
oracle,long_00023_5639-7127-2094,s2,ungated_deflation,3,1,47.070926307350256,1,1,0,s2,3
oracle,long_00023_5639-7127-2094,s2,ungated_deflation,3,2,-2.060803919288784,1,1,0,s2,3
oracle,long_00023_5639-7127-2094,s3,ungated_deflation,3,1,57.304404289600626,2,2,0,s3,3
oracle,long_00023_5639-7127-2094,s3,ungated_deflation,3,2,0.29954467740262813,2,2,0,s3,3
oracle,long_00023_5639-7127-2094,s1,gated_deflation,3,1,41.327798034943186,0,0,0,s1,3
oracle,long_00023_5639-7127-2094,s1,gated_deflation,3,2,-4.338379495962358,0,0,0,s1,3
oracle,long_00023_5639-7127-2094,s2,gated_deflation,3,1,47.070926307350256,1,1,0,s2,3
oracle,long_00023_5639-7127-2094,s2,gated_deflation,3,2,-2.060803919288784,1,1,0,s2,3
oracle,long_00023_5639-7127-2094,s3,gated_deflation,3,1,57.304404289600626,2,2,0,s3,3
oracle,long_00023_5639-7127-2094,s3,gated_deflation,3,2,0.29954467740262813,2,2,0,s3,3
oracle,long_00023_5639-7127-2094,s1,coarse_to_fine,3,1,41.327798034943186,,,2,s1,3
oracle,long_00023_5639-7127-2094,s1,coarse_to_fine,3,2,-4.338379495962358,,,2,s1,3
oracle,long_00023_5639-7127-2094,s2,coarse_to_fine,3,1,45.132941952055845,,,2,s2,3
oracle,long_00023_5639-7127-2094,s2,coarse_to_fine,3,2,-0.42465420044504426,,,2,s2,3
oracle,long_00023_5639-7127-2094,s3,coarse_to_fine,3,1,57.954580711933154,,,2,s3,3
oracle,long_00023_5639-7127-2094,s3,coarse_to_fine,3,2,0.8709539617236655,,,2,s3,3
real,long_00023_5639-7127-2094,s1,no_recursion,3,1,58.6290426526653,,,0,SPEAKER_01,3
real,long_00023_5639-7127-2094,s1,no_recursion,3,2,-5.707078911348548,,,0,SPEAKER_01,3
real,long_00023_5639-7127-2094,s3,no_recursion,3,1,32.708567922656115,,,0,SPEAKER_00,3
real,long_00023_5639-7127-2094,s3,no_recursion,3,2,-2.8499729259877276,,,0,SPEAKER_00,3
real,long_00023_5639-7127-2094,s2,no_recursion,3,1,47.40738886695346,,,0,SPEAKER_02,3
real,long_00023_5639-7127-2094,s2,no_recursion,3,2,-2.248684499173448,,,0,SPEAKER_02,3
real,long_00023_5639-7127-2094,s1,ungated_deflation,3,1,58.6290426526653,2,2,0,SPEAKER_01,3
real,long_00023_5639-7127-2094,s1,ungated_deflation,3,2,-4.508027228334591,2,2,0,SPEAKER_01,3
real,long_00023_5639-7127-2094,s3,ungated_deflation,3,1,32.708567922656115,1,1,0,SPEAKER_00,3
real,long_00023_5639-7127-2094,s3,ungated_deflation,3,2,-5.072089076114735,1,1,0,SPEAKER_00,3
real,long_00023_5639-7127-2094,s2,ungated_deflation,3,1,47.40738886695346,0,0,0,SPEAKER_02,3
real,long_00023_5639-7127-2094,s2,ungated_deflation,3,2,-2.248684499173448,0,0,0,SPEAKER_02,3
real,long_00023_5639-7127-2094,s1,gated_deflation,3,1,58.6290426526653,2,2,0,SPEAKER_01,3
real,long_00023_5639-7127-2094,s1,gated_deflation,3,2,-4.508027228334591,2,2,0,SPEAKER_01,3
real,long_00023_5639-7127-2094,s3,gated_deflation,3,1,32.708567922656115,1,1,0,SPEAKER_00,3
real,long_00023_5639-7127-2094,s3,gated_deflation,3,2,-5.072089076114735,1,1,0,SPEAKER_00,3
real,long_00023_5639-7127-2094,s2,gated_deflation,3,1,47.40738886695346,0,0,0,SPEAKER_02,3
real,long_00023_5639-7127-2094,s2,gated_deflation,3,2,-2.248684499173448,0,0,0,SPEAKER_02,3
real,long_00023_5639-7127-2094,s1,coarse_to_fine,3,1,58.6290426526653,,,2,SPEAKER_01,3
real,long_00023_5639-7127-2094,s1,coarse_to_fine,3,2,-5.707078911348548,,,2,SPEAKER_01,3
real,long_00023_5639-7127-2094,s3,coarse_to_fine,3,1,32.708567922656115,,,2,SPEAKER_00,3
real,long_00023_5639-7127-2094,s3,coarse_to_fine,3,2,-3.7495202772603857,,,2,SPEAKER_00,3
real,long_00023_5639-7127-2094,s2,coarse_to_fine,3,1,47.40738886695346,,,2,SPEAKER_02,3
real,long_00023_5639-7127-2094,s2,coarse_to_fine,3,2,-2.622430111253476,,,2,SPEAKER_02,3
real_forced_m,long_00023_5639-7127-2094,s1,no_recursion,3,1,58.6290426526653,,,0,SPEAKER_01,3
real_forced_m,long_00023_5639-7127-2094,s1,no_recursion,3,2,-5.707078911348548,,,0,SPEAKER_01,3
real_forced_m,long_00023_5639-7127-2094,s3,no_recursion,3,1,32.708567922656115,,,0,SPEAKER_00,3
real_forced_m,long_00023_5639-7127-2094,s3,no_recursion,3,2,-2.8499729259877276,,,0,SPEAKER_00,3
real_forced_m,long_00023_5639-7127-2094,s2,no_recursion,3,1,47.40738886695346,,,0,SPEAKER_02,3
real_forced_m,long_00023_5639-7127-2094,s2,no_recursion,3,2,-2.248684499173448,,,0,SPEAKER_02,3
real_forced_m,long_00023_5639-7127-2094,s1,ungated_deflation,3,1,58.6290426526653,2,2,0,SPEAKER_01,3
real_forced_m,long_00023_5639-7127-2094,s1,ungated_deflation,3,2,-4.508027228334591,2,2,0,SPEAKER_01,3
real_forced_m,long_00023_5639-7127-2094,s3,ungated_deflation,3,1,32.708567922656115,1,1,0,SPEAKER_00,3
real_forced_m,long_00023_5639-7127-2094,s3,ungated_deflation,3,2,-5.072089076114735,1,1,0,SPEAKER_00,3
real_forced_m,long_00023_5639-7127-2094,s2,ungated_deflation,3,1,47.40738886695346,0,0,0,SPEAKER_02,3
real_forced_m,long_00023_5639-7127-2094,s2,ungated_deflation,3,2,-2.248684499173448,0,0,0,SPEAKER_02,3
real_forced_m,long_00023_5639-7127-2094,s1,gated_deflation,3,1,58.6290426526653,2,2,0,SPEAKER_01,3
real_forced_m,long_00023_5639-7127-2094,s1,gated_deflation,3,2,-4.508027228334591,2,2,0,SPEAKER_01,3
real_forced_m,long_00023_5639-7127-2094,s3,gated_deflation,3,1,32.708567922656115,1,1,0,SPEAKER_00,3
real_forced_m,long_00023_5639-7127-2094,s3,gated_deflation,3,2,-5.072089076114735,1,1,0,SPEAKER_00,3
real_forced_m,long_00023_5639-7127-2094,s2,gated_deflation,3,1,47.40738886695346,0,0,0,SPEAKER_02,3
real_forced_m,long_00023_5639-7127-2094,s2,gated_deflation,3,2,-2.248684499173448,0,0,0,SPEAKER_02,3
real_forced_m,long_00023_5639-7127-2094,s1,coarse_to_fine,3,1,58.6290426526653,,,2,SPEAKER_01,3
real_forced_m,long_00023_5639-7127-2094,s1,coarse_to_fine,3,2,-5.707078911348548,,,2,SPEAKER_01,3
real_forced_m,long_00023_5639-7127-2094,s3,coarse_to_fine,3,1,32.708567922656115,,,2,SPEAKER_00,3
real_forced_m,long_00023_5639-7127-2094,s3,coarse_to_fine,3,2,-3.7495202772603857,,,2,SPEAKER_00,3
real_forced_m,long_00023_5639-7127-2094,s2,coarse_to_fine,3,1,47.40738886695346,,,2,SPEAKER_02,3
real_forced_m,long_00023_5639-7127-2094,s2,coarse_to_fine,3,2,-2.622430111253476,,,2,SPEAKER_02,3
real_index_order,long_00023_5639-7127-2094,s1,no_recursion,3,1,58.6290426526653,,,0,SPEAKER_01,3
real_index_order,long_00023_5639-7127-2094,s1,no_recursion,3,2,-5.707078911348548,,,0,SPEAKER_01,3
real_index_order,long_00023_5639-7127-2094,s3,no_recursion,3,1,32.708567922656115,,,0,SPEAKER_00,3
real_index_order,long_00023_5639-7127-2094,s3,no_recursion,3,2,-2.8499729259877276,,,0,SPEAKER_00,3
real_index_order,long_00023_5639-7127-2094,s2,no_recursion,3,1,47.40738886695346,,,0,SPEAKER_02,3
real_index_order,long_00023_5639-7127-2094,s2,no_recursion,3,2,-2.248684499173448,,,0,SPEAKER_02,3
real_index_order,long_00023_5639-7127-2094,s1,ungated_deflation,3,1,58.6290426526653,0,0,0,SPEAKER_01,3
real_index_order,long_00023_5639-7127-2094,s1,ungated_deflation,3,2,-5.707078911348548,0,0,0,SPEAKER_01,3
real_index_order,long_00023_5639-7127-2094,s3,ungated_deflation,3,1,32.708567922656115,1,1,0,SPEAKER_00,3
real_index_order,long_00023_5639-7127-2094,s3,ungated_deflation,3,2,-2.3203653238302344,1,1,0,SPEAKER_00,3
real_index_order,long_00023_5639-7127-2094,s2,ungated_deflation,3,1,47.40738886695346,2,2,0,SPEAKER_02,3
real_index_order,long_00023_5639-7127-2094,s2,ungated_deflation,3,2,-2.7899078035021505,2,2,0,SPEAKER_02,3
real_index_order,long_00023_5639-7127-2094,s1,gated_deflation,3,1,58.6290426526653,0,0,0,SPEAKER_01,3
real_index_order,long_00023_5639-7127-2094,s1,gated_deflation,3,2,-5.707078911348548,0,0,0,SPEAKER_01,3
real_index_order,long_00023_5639-7127-2094,s3,gated_deflation,3,1,32.708567922656115,1,1,0,SPEAKER_00,3
real_index_order,long_00023_5639-7127-2094,s3,gated_deflation,3,2,-2.3203653238302344,1,1,0,SPEAKER_00,3
real_index_order,long_00023_5639-7127-2094,s2,gated_deflation,3,1,47.40738886695346,2,2,0,SPEAKER_02,3
real_index_order,long_00023_5639-7127-2094,s2,gated_deflation,3,2,-2.7899078035021505,2,2,0,SPEAKER_02,3
real_index_order,long_00023_5639-7127-2094,s1,coarse_to_fine,3,1,58.6290426526653,,,2,SPEAKER_01,3
real_index_order,long_00023_5639-7127-2094,s1,coarse_to_fine,3,2,-5.707078911348548,,,2,SPEAKER_01,3
real_index_order,long_00023_5639-7127-2094,s3,coarse_to_fine,3,1,32.708567922656115,,,2,SPEAKER_00,3
real_index_order,long_00023_5639-7127-2094,s3,coarse_to_fine,3,2,-3.7495202772603857,,,2,SPEAKER_00,3
real_index_order,long_00023_5639-7127-2094,s2,coarse_to_fine,3,1,47.40738886695346,,,2,SPEAKER_02,3
real_index_order,long_00023_5639-7127-2094,s2,coarse_to_fine,3,2,-2.622430111253476,,,2,SPEAKER_02,3
oracle,long_00024_8224-1284-2961,s1,no_recursion,3,1,46.57691027267337,,,0,s1,3
oracle,long_00024_8224-1284-2961,s1,no_recursion,3,2,4.6756551385369525,,,0,s1,3
oracle,long_00024_8224-1284-2961,s2,no_recursion,3,1,46.43304345757447,,,0,s2,3
oracle,long_00024_8224-1284-2961,s2,no_recursion,3,2,1.1514446002917653,,,0,s2,3
oracle,long_00024_8224-1284-2961,s3,no_recursion,3,1,49.715040246499484,,,0,s3,3
oracle,long_00024_8224-1284-2961,s3,no_recursion,3,2,1.434153531128689,,,0,s3,3
oracle,long_00024_8224-1284-2961,s1,ungated_deflation,3,1,46.57691027267337,0,0,0,s1,3
oracle,long_00024_8224-1284-2961,s1,ungated_deflation,3,2,4.6756551385369525,0,0,0,s1,3
oracle,long_00024_8224-1284-2961,s2,ungated_deflation,3,1,46.427639034277,1,1,0,s2,3
oracle,long_00024_8224-1284-2961,s2,ungated_deflation,3,2,1.422671753175293,1,1,0,s2,3
oracle,long_00024_8224-1284-2961,s3,ungated_deflation,3,1,44.358148642243975,2,2,0,s3,3
oracle,long_00024_8224-1284-2961,s3,ungated_deflation,3,2,0.9252788661120284,2,2,0,s3,3
oracle,long_00024_8224-1284-2961,s1,gated_deflation,3,1,46.57691027267337,0,0,0,s1,3
oracle,long_00024_8224-1284-2961,s1,gated_deflation,3,2,4.6756551385369525,0,0,0,s1,3
oracle,long_00024_8224-1284-2961,s2,gated_deflation,3,1,46.427639034277,1,1,0,s2,3
oracle,long_00024_8224-1284-2961,s2,gated_deflation,3,2,1.422671753175293,1,1,0,s2,3
oracle,long_00024_8224-1284-2961,s3,gated_deflation,3,1,44.358148642243975,2,2,0,s3,3
oracle,long_00024_8224-1284-2961,s3,gated_deflation,3,2,0.9252788661120284,2,2,0,s3,3
oracle,long_00024_8224-1284-2961,s1,coarse_to_fine,3,1,46.57691027267337,,,2,s1,3
oracle,long_00024_8224-1284-2961,s1,coarse_to_fine,3,2,4.6756551385369525,,,2,s1,3
oracle,long_00024_8224-1284-2961,s2,coarse_to_fine,3,1,46.538907384966144,,,2,s2,3
oracle,long_00024_8224-1284-2961,s2,coarse_to_fine,3,2,0.8858657691900924,,,2,s2,3
oracle,long_00024_8224-1284-2961,s3,coarse_to_fine,3,1,49.715040246499484,,,2,s3,3
oracle,long_00024_8224-1284-2961,s3,coarse_to_fine,3,2,1.434153531128689,,,2,s3,3
real,long_00024_8224-1284-2961,s1,no_recursion,3,1,36.64782856613176,,,0,SPEAKER_00,3
real,long_00024_8224-1284-2961,s1,no_recursion,3,2,2.605501059496644,,,0,SPEAKER_00,3
real,long_00024_8224-1284-2961,s2,no_recursion,3,1,39.041399015665924,,,0,SPEAKER_02,3
real,long_00024_8224-1284-2961,s2,no_recursion,3,2,-4.371531832544012,,,0,SPEAKER_02,3
real,long_00024_8224-1284-2961,s3,no_recursion,3,1,36.3362001042437,,,0,SPEAKER_01,3
real,long_00024_8224-1284-2961,s3,no_recursion,3,2,1.887480863915342,,,0,SPEAKER_01,3
real,long_00024_8224-1284-2961,s1,ungated_deflation,3,1,36.64782856613176,2,2,0,SPEAKER_00,3
real,long_00024_8224-1284-2961,s1,ungated_deflation,3,2,-0.8168476384555332,2,2,0,SPEAKER_00,3
real,long_00024_8224-1284-2961,s2,ungated_deflation,3,1,39.041399015665924,0,0,0,SPEAKER_02,3
real,long_00024_8224-1284-2961,s2,ungated_deflation,3,2,-4.371531832544012,0,0,0,SPEAKER_02,3
real,long_00024_8224-1284-2961,s3,ungated_deflation,3,1,36.3362001042437,1,1,0,SPEAKER_01,3
real,long_00024_8224-1284-2961,s3,ungated_deflation,3,2,1.9085148019327174,1,1,0,SPEAKER_01,3
real,long_00024_8224-1284-2961,s1,gated_deflation,3,1,36.64782856613176,2,2,0,SPEAKER_00,3
real,long_00024_8224-1284-2961,s1,gated_deflation,3,2,-0.8168476384555332,2,2,0,SPEAKER_00,3
real,long_00024_8224-1284-2961,s2,gated_deflation,3,1,39.041399015665924,0,0,0,SPEAKER_02,3
real,long_00024_8224-1284-2961,s2,gated_deflation,3,2,-4.371531832544012,0,0,0,SPEAKER_02,3
real,long_00024_8224-1284-2961,s3,gated_deflation,3,1,36.3362001042437,1,1,0,SPEAKER_01,3
real,long_00024_8224-1284-2961,s3,gated_deflation,3,2,1.9085148019327174,1,1,0,SPEAKER_01,3
real,long_00024_8224-1284-2961,s1,coarse_to_fine,3,1,36.64782856613176,,,2,SPEAKER_00,3
real,long_00024_8224-1284-2961,s1,coarse_to_fine,3,2,2.605501059496644,,,2,SPEAKER_00,3
real,long_00024_8224-1284-2961,s2,coarse_to_fine,3,1,39.041399015665924,,,2,SPEAKER_02,3
real,long_00024_8224-1284-2961,s2,coarse_to_fine,3,2,-4.165067825051586,,,2,SPEAKER_02,3
real,long_00024_8224-1284-2961,s3,coarse_to_fine,3,1,36.3362001042437,,,2,SPEAKER_01,3
real,long_00024_8224-1284-2961,s3,coarse_to_fine,3,2,1.887480863915342,,,2,SPEAKER_01,3
real_forced_m,long_00024_8224-1284-2961,s1,no_recursion,3,1,36.64782856613176,,,0,SPEAKER_00,3
real_forced_m,long_00024_8224-1284-2961,s1,no_recursion,3,2,2.605501059496644,,,0,SPEAKER_00,3
real_forced_m,long_00024_8224-1284-2961,s2,no_recursion,3,1,39.041399015665924,,,0,SPEAKER_02,3
real_forced_m,long_00024_8224-1284-2961,s2,no_recursion,3,2,-4.371531832544012,,,0,SPEAKER_02,3
real_forced_m,long_00024_8224-1284-2961,s3,no_recursion,3,1,36.3362001042437,,,0,SPEAKER_01,3
real_forced_m,long_00024_8224-1284-2961,s3,no_recursion,3,2,1.887480863915342,,,0,SPEAKER_01,3
real_forced_m,long_00024_8224-1284-2961,s1,ungated_deflation,3,1,36.64782856613176,2,2,0,SPEAKER_00,3
real_forced_m,long_00024_8224-1284-2961,s1,ungated_deflation,3,2,-0.8168476384555332,2,2,0,SPEAKER_00,3
real_forced_m,long_00024_8224-1284-2961,s2,ungated_deflation,3,1,39.041399015665924,0,0,0,SPEAKER_02,3
real_forced_m,long_00024_8224-1284-2961,s2,ungated_deflation,3,2,-4.371531832544012,0,0,0,SPEAKER_02,3
real_forced_m,long_00024_8224-1284-2961,s3,ungated_deflation,3,1,36.3362001042437,1,1,0,SPEAKER_01,3
real_forced_m,long_00024_8224-1284-2961,s3,ungated_deflation,3,2,1.9085148019327174,1,1,0,SPEAKER_01,3
real_forced_m,long_00024_8224-1284-2961,s1,gated_deflation,3,1,36.64782856613176,2,2,0,SPEAKER_00,3
real_forced_m,long_00024_8224-1284-2961,s1,gated_deflation,3,2,-0.8168476384555332,2,2,0,SPEAKER_00,3
real_forced_m,long_00024_8224-1284-2961,s2,gated_deflation,3,1,39.041399015665924,0,0,0,SPEAKER_02,3
real_forced_m,long_00024_8224-1284-2961,s2,gated_deflation,3,2,-4.371531832544012,0,0,0,SPEAKER_02,3
real_forced_m,long_00024_8224-1284-2961,s3,gated_deflation,3,1,36.3362001042437,1,1,0,SPEAKER_01,3
real_forced_m,long_00024_8224-1284-2961,s3,gated_deflation,3,2,1.9085148019327174,1,1,0,SPEAKER_01,3
real_forced_m,long_00024_8224-1284-2961,s1,coarse_to_fine,3,1,36.64782856613176,,,2,SPEAKER_00,3
real_forced_m,long_00024_8224-1284-2961,s1,coarse_to_fine,3,2,2.605501059496644,,,2,SPEAKER_00,3
real_forced_m,long_00024_8224-1284-2961,s2,coarse_to_fine,3,1,39.041399015665924,,,2,SPEAKER_02,3
real_forced_m,long_00024_8224-1284-2961,s2,coarse_to_fine,3,2,-4.165067825051586,,,2,SPEAKER_02,3
real_forced_m,long_00024_8224-1284-2961,s3,coarse_to_fine,3,1,36.3362001042437,,,2,SPEAKER_01,3
real_forced_m,long_00024_8224-1284-2961,s3,coarse_to_fine,3,2,1.887480863915342,,,2,SPEAKER_01,3
real_index_order,long_00024_8224-1284-2961,s1,no_recursion,3,1,36.64782856613176,,,0,SPEAKER_00,3
real_index_order,long_00024_8224-1284-2961,s1,no_recursion,3,2,2.605501059496644,,,0,SPEAKER_00,3
real_index_order,long_00024_8224-1284-2961,s2,no_recursion,3,1,39.041399015665924,,,0,SPEAKER_02,3
real_index_order,long_00024_8224-1284-2961,s2,no_recursion,3,2,-4.371531832544012,,,0,SPEAKER_02,3
real_index_order,long_00024_8224-1284-2961,s3,no_recursion,3,1,36.3362001042437,,,0,SPEAKER_01,3
real_index_order,long_00024_8224-1284-2961,s3,no_recursion,3,2,1.887480863915342,,,0,SPEAKER_01,3
real_index_order,long_00024_8224-1284-2961,s1,ungated_deflation,3,1,36.64782856613176,0,0,0,SPEAKER_00,3
real_index_order,long_00024_8224-1284-2961,s1,ungated_deflation,3,2,2.605501059496644,0,0,0,SPEAKER_00,3
real_index_order,long_00024_8224-1284-2961,s2,ungated_deflation,3,1,39.041399015665924,1,1,0,SPEAKER_02,3
real_index_order,long_00024_8224-1284-2961,s2,ungated_deflation,3,2,-3.470823972091159,1,1,0,SPEAKER_02,3
real_index_order,long_00024_8224-1284-2961,s3,ungated_deflation,3,1,36.3362001042437,2,2,0,SPEAKER_01,3
real_index_order,long_00024_8224-1284-2961,s3,ungated_deflation,3,2,1.5473501242429708,2,2,0,SPEAKER_01,3
real_index_order,long_00024_8224-1284-2961,s1,gated_deflation,3,1,36.64782856613176,0,0,0,SPEAKER_00,3
real_index_order,long_00024_8224-1284-2961,s1,gated_deflation,3,2,2.605501059496644,0,0,0,SPEAKER_00,3
real_index_order,long_00024_8224-1284-2961,s2,gated_deflation,3,1,39.041399015665924,1,1,0,SPEAKER_02,3
real_index_order,long_00024_8224-1284-2961,s2,gated_deflation,3,2,-3.470823972091159,1,1,0,SPEAKER_02,3
real_index_order,long_00024_8224-1284-2961,s3,gated_deflation,3,1,36.3362001042437,2,2,0,SPEAKER_01,3
real_index_order,long_00024_8224-1284-2961,s3,gated_deflation,3,2,1.5473501242429708,2,2,0,SPEAKER_01,3
real_index_order,long_00024_8224-1284-2961,s1,coarse_to_fine,3,1,36.64782856613176,,,2,SPEAKER_00,3
real_index_order,long_00024_8224-1284-2961,s1,coarse_to_fine,3,2,2.605501059496644,,,2,SPEAKER_00,3
real_index_order,long_00024_8224-1284-2961,s2,coarse_to_fine,3,1,39.041399015665924,,,2,SPEAKER_02,3
real_index_order,long_00024_8224-1284-2961,s2,coarse_to_fine,3,2,-4.165067825051586,,,2,SPEAKER_02,3
real_index_order,long_00024_8224-1284-2961,s3,coarse_to_fine,3,1,36.3362001042437,,,2,SPEAKER_01,3
real_index_order,long_00024_8224-1284-2961,s3,coarse_to_fine,3,2,1.887480863915342,,,2,SPEAKER_01,3
oracle,long_00025_5639-3570-61,s1,no_recursion,3,1,51.142655284966125,,,0,s1,3
oracle,long_00025_5639-3570-61,s1,no_recursion,3,2,-4.0751069085864735,,,0,s1,3
oracle,long_00025_5639-3570-61,s2,no_recursion,3,1,40.898951132150366,,,0,s2,3
oracle,long_00025_5639-3570-61,s2,no_recursion,3,2,5.815694487692741,,,0,s2,3
oracle,long_00025_5639-3570-61,s3,no_recursion,3,1,51.358942517217315,,,0,s3,3
oracle,long_00025_5639-3570-61,s3,no_recursion,3,2,1.0284451875451819,,,0,s3,3
oracle,long_00025_5639-3570-61,s1,ungated_deflation,3,1,51.142655284966125,0,0,0,s1,3
oracle,long_00025_5639-3570-61,s1,ungated_deflation,3,2,-4.0751069085864735,0,0,0,s1,3
oracle,long_00025_5639-3570-61,s2,ungated_deflation,3,1,38.4252107991992,1,1,0,s2,3
oracle,long_00025_5639-3570-61,s2,ungated_deflation,3,2,3.596267612469788,1,1,0,s2,3
oracle,long_00025_5639-3570-61,s3,ungated_deflation,3,1,47.90941187456606,2,2,0,s3,3
oracle,long_00025_5639-3570-61,s3,ungated_deflation,3,2,0.9060353299054598,2,2,0,s3,3
oracle,long_00025_5639-3570-61,s1,gated_deflation,3,1,51.142655284966125,0,0,0,s1,3
oracle,long_00025_5639-3570-61,s1,gated_deflation,3,2,-4.0751069085864735,0,0,0,s1,3
oracle,long_00025_5639-3570-61,s2,gated_deflation,3,1,38.4252107991992,1,1,0,s2,3
oracle,long_00025_5639-3570-61,s2,gated_deflation,3,2,3.596267612469788,1,1,0,s2,3
oracle,long_00025_5639-3570-61,s3,gated_deflation,3,1,47.90941187456606,2,2,0,s3,3
oracle,long_00025_5639-3570-61,s3,gated_deflation,3,2,0.9060353299054598,2,2,0,s3,3
oracle,long_00025_5639-3570-61,s1,coarse_to_fine,3,1,51.142655284966125,,,2,s1,3
oracle,long_00025_5639-3570-61,s1,coarse_to_fine,3,2,-4.0751069085864735,,,2,s1,3
oracle,long_00025_5639-3570-61,s2,coarse_to_fine,3,1,39.69191605722686,,,2,s2,3
oracle,long_00025_5639-3570-61,s2,coarse_to_fine,3,2,5.4567416374856395,,,2,s2,3
oracle,long_00025_5639-3570-61,s3,coarse_to_fine,3,1,51.568779884765505,,,2,s3,3
oracle,long_00025_5639-3570-61,s3,coarse_to_fine,3,2,0.5557339068614543,,,2,s3,3
real,long_00025_5639-3570-61,s1,no_recursion,3,1,54.509232956163856,,,0,SPEAKER_01,3
real,long_00025_5639-3570-61,s1,no_recursion,3,2,-4.357767837384542,,,0,SPEAKER_01,3
real,long_00025_5639-3570-61,s2,no_recursion,3,1,45.776753159230864,,,0,SPEAKER_02,3
real,long_00025_5639-3570-61,s2,no_recursion,3,2,-2.292757339981448,,,0,SPEAKER_02,3
real,long_00025_5639-3570-61,s3,no_recursion,3,1,27.58361352298124,,,0,SPEAKER_00,3
real,long_00025_5639-3570-61,s3,no_recursion,3,2,1.372666090827301,,,0,SPEAKER_00,3
real,long_00025_5639-3570-61,s1,ungated_deflation,3,1,54.509232956163856,0,0,0,SPEAKER_01,3
real,long_00025_5639-3570-61,s1,ungated_deflation,3,2,-4.357767837384542,0,0,0,SPEAKER_01,3
real,long_00025_5639-3570-61,s2,ungated_deflation,3,1,45.776753159230864,2,2,0,SPEAKER_02,3
real,long_00025_5639-3570-61,s2,ungated_deflation,3,2,-4.624177743425847,2,2,0,SPEAKER_02,3
real,long_00025_5639-3570-61,s3,ungated_deflation,3,1,27.58361352298124,1,1,0,SPEAKER_00,3
real,long_00025_5639-3570-61,s3,ungated_deflation,3,2,1.7425606641987241,1,1,0,SPEAKER_00,3
real,long_00025_5639-3570-61,s1,gated_deflation,3,1,54.509232956163856,0,0,0,SPEAKER_01,3
real,long_00025_5639-3570-61,s1,gated_deflation,3,2,-4.357767837384542,0,0,0,SPEAKER_01,3
real,long_00025_5639-3570-61,s2,gated_deflation,3,1,45.776753159230864,2,2,0,SPEAKER_02,3
real,long_00025_5639-3570-61,s2,gated_deflation,3,2,-4.624177743425847,2,2,0,SPEAKER_02,3
real,long_00025_5639-3570-61,s3,gated_deflation,3,1,27.58361352298124,1,1,0,SPEAKER_00,3
real,long_00025_5639-3570-61,s3,gated_deflation,3,2,1.7425606641987241,1,1,0,SPEAKER_00,3
real,long_00025_5639-3570-61,s1,coarse_to_fine,3,1,54.509232956163856,,,2,SPEAKER_01,3
real,long_00025_5639-3570-61,s1,coarse_to_fine,3,2,-4.357767837384542,,,2,SPEAKER_01,3
real,long_00025_5639-3570-61,s2,coarse_to_fine,3,1,45.776753159230864,,,2,SPEAKER_02,3
real,long_00025_5639-3570-61,s2,coarse_to_fine,3,2,-3.402577894177016,,,2,SPEAKER_02,3
real,long_00025_5639-3570-61,s3,coarse_to_fine,3,1,27.58361352298124,,,2,SPEAKER_00,3
real,long_00025_5639-3570-61,s3,coarse_to_fine,3,2,1.1431740885320836,,,2,SPEAKER_00,3
real_forced_m,long_00025_5639-3570-61,s1,no_recursion,3,1,54.509232956163856,,,0,SPEAKER_01,3
real_forced_m,long_00025_5639-3570-61,s1,no_recursion,3,2,-4.357767837384542,,,0,SPEAKER_01,3
real_forced_m,long_00025_5639-3570-61,s2,no_recursion,3,1,45.776753159230864,,,0,SPEAKER_02,3
real_forced_m,long_00025_5639-3570-61,s2,no_recursion,3,2,-2.292757339981448,,,0,SPEAKER_02,3
real_forced_m,long_00025_5639-3570-61,s3,no_recursion,3,1,27.58361352298124,,,0,SPEAKER_00,3
real_forced_m,long_00025_5639-3570-61,s3,no_recursion,3,2,1.372666090827301,,,0,SPEAKER_00,3
real_forced_m,long_00025_5639-3570-61,s1,ungated_deflation,3,1,54.509232956163856,0,0,0,SPEAKER_01,3
real_forced_m,long_00025_5639-3570-61,s1,ungated_deflation,3,2,-4.357767837384542,0,0,0,SPEAKER_01,3
real_forced_m,long_00025_5639-3570-61,s2,ungated_deflation,3,1,45.776753159230864,2,2,0,SPEAKER_02,3
real_forced_m,long_00025_5639-3570-61,s2,ungated_deflation,3,2,-4.624177743425847,2,2,0,SPEAKER_02,3
real_forced_m,long_00025_5639-3570-61,s3,ungated_deflation,3,1,27.58361352298124,1,1,0,SPEAKER_00,3
real_forced_m,long_00025_5639-3570-61,s3,ungated_deflation,3,2,1.7425606641987241,1,1,0,SPEAKER_00,3
real_forced_m,long_00025_5639-3570-61,s1,gated_deflation,3,1,54.509232956163856,0,0,0,SPEAKER_01,3
real_forced_m,long_00025_5639-3570-61,s1,gated_deflation,3,2,-4.357767837384542,0,0,0,SPEAKER_01,3
real_forced_m,long_00025_5639-3570-61,s2,gated_deflation,3,1,45.776753159230864,2,2,0,SPEAKER_02,3
real_forced_m,long_00025_5639-3570-61,s2,gated_deflation,3,2,-4.624177743425847,2,2,0,SPEAKER_02,3
real_forced_m,long_00025_5639-3570-61,s3,gated_deflation,3,1,27.58361352298124,1,1,0,SPEAKER_00,3
real_forced_m,long_00025_5639-3570-61,s3,gated_deflation,3,2,1.7425606641987241,1,1,0,SPEAKER_00,3
real_forced_m,long_00025_5639-3570-61,s1,coarse_to_fine,3,1,54.509232956163856,,,2,SPEAKER_01,3
real_forced_m,long_00025_5639-3570-61,s1,coarse_to_fine,3,2,-4.357767837384542,,,2,SPEAKER_01,3
real_forced_m,long_00025_5639-3570-61,s2,coarse_to_fine,3,1,45.776753159230864,,,2,SPEAKER_02,3
real_forced_m,long_00025_5639-3570-61,s2,coarse_to_fine,3,2,-3.402577894177016,,,2,SPEAKER_02,3
real_forced_m,long_00025_5639-3570-61,s3,coarse_to_fine,3,1,27.58361352298124,,,2,SPEAKER_00,3
real_forced_m,long_00025_5639-3570-61,s3,coarse_to_fine,3,2,1.1431740885320836,,,2,SPEAKER_00,3
real_index_order,long_00025_5639-3570-61,s1,no_recursion,3,1,54.509232956163856,,,0,SPEAKER_01,3
real_index_order,long_00025_5639-3570-61,s1,no_recursion,3,2,-4.357767837384542,,,0,SPEAKER_01,3
real_index_order,long_00025_5639-3570-61,s2,no_recursion,3,1,45.776753159230864,,,0,SPEAKER_02,3
real_index_order,long_00025_5639-3570-61,s2,no_recursion,3,2,-2.292757339981448,,,0,SPEAKER_02,3
real_index_order,long_00025_5639-3570-61,s3,no_recursion,3,1,27.58361352298124,,,0,SPEAKER_00,3
real_index_order,long_00025_5639-3570-61,s3,no_recursion,3,2,1.372666090827301,,,0,SPEAKER_00,3
real_index_order,long_00025_5639-3570-61,s1,ungated_deflation,3,1,54.509232956163856,0,0,0,SPEAKER_01,3
real_index_order,long_00025_5639-3570-61,s1,ungated_deflation,3,2,-4.357767837384542,0,0,0,SPEAKER_01,3
real_index_order,long_00025_5639-3570-61,s2,ungated_deflation,3,1,45.776753159230864,1,1,0,SPEAKER_02,3
real_index_order,long_00025_5639-3570-61,s2,ungated_deflation,3,2,-2.5748012269078453,1,1,0,SPEAKER_02,3
real_index_order,long_00025_5639-3570-61,s3,ungated_deflation,3,1,27.58361352298124,2,2,0,SPEAKER_00,3
real_index_order,long_00025_5639-3570-61,s3,ungated_deflation,3,2,0.8036504340531072,2,2,0,SPEAKER_00,3
real_index_order,long_00025_5639-3570-61,s1,gated_deflation,3,1,54.509232956163856,0,0,0,SPEAKER_01,3
real_index_order,long_00025_5639-3570-61,s1,gated_deflation,3,2,-4.357767837384542,0,0,0,SPEAKER_01,3
real_index_order,long_00025_5639-3570-61,s2,gated_deflation,3,1,45.776753159230864,1,1,0,SPEAKER_02,3
real_index_order,long_00025_5639-3570-61,s2,gated_deflation,3,2,-2.5748012269078453,1,1,0,SPEAKER_02,3
real_index_order,long_00025_5639-3570-61,s3,gated_deflation,3,1,27.58361352298124,2,2,0,SPEAKER_00,3
real_index_order,long_00025_5639-3570-61,s3,gated_deflation,3,2,0.8036504340531072,2,2,0,SPEAKER_00,3
real_index_order,long_00025_5639-3570-61,s1,coarse_to_fine,3,1,54.509232956163856,,,2,SPEAKER_01,3
real_index_order,long_00025_5639-3570-61,s1,coarse_to_fine,3,2,-4.357767837384542,,,2,SPEAKER_01,3
real_index_order,long_00025_5639-3570-61,s2,coarse_to_fine,3,1,45.776753159230864,,,2,SPEAKER_02,3
real_index_order,long_00025_5639-3570-61,s2,coarse_to_fine,3,2,-3.402577894177016,,,2,SPEAKER_02,3
real_index_order,long_00025_5639-3570-61,s3,coarse_to_fine,3,1,27.58361352298124,,,2,SPEAKER_00,3
real_index_order,long_00025_5639-3570-61,s3,coarse_to_fine,3,2,1.1431740885320836,,,2,SPEAKER_00,3
oracle,long_00026_3729-7176-4992,s1,no_recursion,3,1,47.903177098803184,,,0,s1,3
oracle,long_00026_3729-7176-4992,s1,no_recursion,3,2,-0.4472640297051995,,,0,s1,3
oracle,long_00026_3729-7176-4992,s2,no_recursion,3,1,53.53222935378888,,,0,s2,3
oracle,long_00026_3729-7176-4992,s2,no_recursion,3,2,3.854203675122594,,,0,s2,3
oracle,long_00026_3729-7176-4992,s3,no_recursion,3,1,79.64377407064228,,,0,s3,3
oracle,long_00026_3729-7176-4992,s3,no_recursion,3,2,2.0591166682715873,,,0,s3,3
oracle,long_00026_3729-7176-4992,s1,ungated_deflation,3,1,47.903177098803184,0,0,0,s1,3
oracle,long_00026_3729-7176-4992,s1,ungated_deflation,3,2,-0.4472640297051995,0,0,0,s1,3
oracle,long_00026_3729-7176-4992,s2,ungated_deflation,3,1,51.4799210812359,1,1,0,s2,3
oracle,long_00026_3729-7176-4992,s2,ungated_deflation,3,2,2.6776458085424775,1,1,0,s2,3
oracle,long_00026_3729-7176-4992,s3,ungated_deflation,3,1,65.24592503931754,2,2,0,s3,3
oracle,long_00026_3729-7176-4992,s3,ungated_deflation,3,2,-1.3552141516358696,2,2,0,s3,3
oracle,long_00026_3729-7176-4992,s1,gated_deflation,3,1,47.903177098803184,0,0,0,s1,3
oracle,long_00026_3729-7176-4992,s1,gated_deflation,3,2,-0.4472640297051995,0,0,0,s1,3
oracle,long_00026_3729-7176-4992,s2,gated_deflation,3,1,51.4799210812359,1,1,0,s2,3
oracle,long_00026_3729-7176-4992,s2,gated_deflation,3,2,2.6776458085424775,1,1,0,s2,3
oracle,long_00026_3729-7176-4992,s3,gated_deflation,3,1,65.24592503931754,2,2,0,s3,3
oracle,long_00026_3729-7176-4992,s3,gated_deflation,3,2,-1.3552141516358696,2,2,0,s3,3
oracle,long_00026_3729-7176-4992,s1,coarse_to_fine,3,1,47.903177098803184,,,2,s1,3
oracle,long_00026_3729-7176-4992,s1,coarse_to_fine,3,2,-0.4472640297051995,,,2,s1,3
oracle,long_00026_3729-7176-4992,s2,coarse_to_fine,3,1,52.55131200203037,,,2,s2,3
oracle,long_00026_3729-7176-4992,s2,coarse_to_fine,3,2,3.734992076574483,,,2,s2,3
oracle,long_00026_3729-7176-4992,s3,coarse_to_fine,3,1,81.28960141062348,,,2,s3,3
oracle,long_00026_3729-7176-4992,s3,coarse_to_fine,3,2,1.3956367182772789,,,2,s3,3
real,long_00026_3729-7176-4992,s1,no_recursion,3,1,37.87384490279627,,,0,SPEAKER_02,3
real,long_00026_3729-7176-4992,s1,no_recursion,3,2,1.8982101364538613,,,0,SPEAKER_02,3
real,long_00026_3729-7176-4992,s2,no_recursion,3,1,52.26511533240486,,,0,SPEAKER_00,3
real,long_00026_3729-7176-4992,s2,no_recursion,3,2,0.4379928521579014,,,0,SPEAKER_00,3
real,long_00026_3729-7176-4992,s3,no_recursion,3,1,47.07106933244171,,,0,SPEAKER_01,3
real,long_00026_3729-7176-4992,s3,no_recursion,3,2,1.3959685753598596,,,0,SPEAKER_01,3
real,long_00026_3729-7176-4992,s1,ungated_deflation,3,1,37.87384490279627,2,2,0,SPEAKER_02,3
real,long_00026_3729-7176-4992,s1,ungated_deflation,3,2,-2.0712067157333074,2,2,0,SPEAKER_02,3
real,long_00026_3729-7176-4992,s2,ungated_deflation,3,1,52.26511533240486,1,1,0,SPEAKER_00,3
real,long_00026_3729-7176-4992,s2,ungated_deflation,3,2,0.6560336061395095,1,1,0,SPEAKER_00,3
real,long_00026_3729-7176-4992,s3,ungated_deflation,3,1,47.07106933244171,0,0,0,SPEAKER_01,3
real,long_00026_3729-7176-4992,s3,ungated_deflation,3,2,1.3959685753598596,0,0,0,SPEAKER_01,3
real,long_00026_3729-7176-4992,s1,gated_deflation,3,1,37.87384490279627,2,2,0,SPEAKER_02,3
real,long_00026_3729-7176-4992,s1,gated_deflation,3,2,-2.0712067157333074,2,2,0,SPEAKER_02,3
real,long_00026_3729-7176-4992,s2,gated_deflation,3,1,52.26511533240486,1,1,0,SPEAKER_00,3
real,long_00026_3729-7176-4992,s2,gated_deflation,3,2,0.6560336061395095,1,1,0,SPEAKER_00,3
real,long_00026_3729-7176-4992,s3,gated_deflation,3,1,47.07106933244171,0,0,0,SPEAKER_01,3
real,long_00026_3729-7176-4992,s3,gated_deflation,3,2,1.3959685753598596,0,0,0,SPEAKER_01,3
real,long_00026_3729-7176-4992,s1,coarse_to_fine,3,1,37.87384490279627,,,2,SPEAKER_02,3
real,long_00026_3729-7176-4992,s1,coarse_to_fine,3,2,1.1265804751493729,,,2,SPEAKER_02,3
real,long_00026_3729-7176-4992,s2,coarse_to_fine,3,1,52.26511533240486,,,2,SPEAKER_00,3
real,long_00026_3729-7176-4992,s2,coarse_to_fine,3,2,-1.2830288727074928,,,2,SPEAKER_00,3
real,long_00026_3729-7176-4992,s3,coarse_to_fine,3,1,47.07106933244171,,,2,SPEAKER_01,3
real,long_00026_3729-7176-4992,s3,coarse_to_fine,3,2,1.488715635356831,,,2,SPEAKER_01,3
real_forced_m,long_00026_3729-7176-4992,s1,no_recursion,3,1,37.87384490279627,,,0,SPEAKER_02,3
real_forced_m,long_00026_3729-7176-4992,s1,no_recursion,3,2,1.8982101364538613,,,0,SPEAKER_02,3
real_forced_m,long_00026_3729-7176-4992,s2,no_recursion,3,1,52.26511533240486,,,0,SPEAKER_00,3
real_forced_m,long_00026_3729-7176-4992,s2,no_recursion,3,2,0.4379928521579014,,,0,SPEAKER_00,3
real_forced_m,long_00026_3729-7176-4992,s3,no_recursion,3,1,47.07106933244171,,,0,SPEAKER_01,3
real_forced_m,long_00026_3729-7176-4992,s3,no_recursion,3,2,1.3959685753598596,,,0,SPEAKER_01,3
real_forced_m,long_00026_3729-7176-4992,s1,ungated_deflation,3,1,37.87384490279627,2,2,0,SPEAKER_02,3
real_forced_m,long_00026_3729-7176-4992,s1,ungated_deflation,3,2,-2.0712067157333074,2,2,0,SPEAKER_02,3
real_forced_m,long_00026_3729-7176-4992,s2,ungated_deflation,3,1,52.26511533240486,1,1,0,SPEAKER_00,3
real_forced_m,long_00026_3729-7176-4992,s2,ungated_deflation,3,2,0.6560336061395095,1,1,0,SPEAKER_00,3
real_forced_m,long_00026_3729-7176-4992,s3,ungated_deflation,3,1,47.07106933244171,0,0,0,SPEAKER_01,3
real_forced_m,long_00026_3729-7176-4992,s3,ungated_deflation,3,2,1.3959685753598596,0,0,0,SPEAKER_01,3
real_forced_m,long_00026_3729-7176-4992,s1,gated_deflation,3,1,37.87384490279627,2,2,0,SPEAKER_02,3
real_forced_m,long_00026_3729-7176-4992,s1,gated_deflation,3,2,-2.0712067157333074,2,2,0,SPEAKER_02,3
real_forced_m,long_00026_3729-7176-4992,s2,gated_deflation,3,1,52.26511533240486,1,1,0,SPEAKER_00,3
real_forced_m,long_00026_3729-7176-4992,s2,gated_deflation,3,2,0.6560336061395095,1,1,0,SPEAKER_00,3
real_forced_m,long_00026_3729-7176-4992,s3,gated_deflation,3,1,47.07106933244171,0,0,0,SPEAKER_01,3
real_forced_m,long_00026_3729-7176-4992,s3,gated_deflation,3,2,1.3959685753598596,0,0,0,SPEAKER_01,3
real_forced_m,long_00026_3729-7176-4992,s1,coarse_to_fine,3,1,37.87384490279627,,,2,SPEAKER_02,3
real_forced_m,long_00026_3729-7176-4992,s1,coarse_to_fine,3,2,1.1265804751493729,,,2,SPEAKER_02,3
real_forced_m,long_00026_3729-7176-4992,s2,coarse_to_fine,3,1,52.26511533240486,,,2,SPEAKER_00,3
real_forced_m,long_00026_3729-7176-4992,s2,coarse_to_fine,3,2,-1.2830288727074928,,,2,SPEAKER_00,3
real_forced_m,long_00026_3729-7176-4992,s3,coarse_to_fine,3,1,47.07106933244171,,,2,SPEAKER_01,3
real_forced_m,long_00026_3729-7176-4992,s3,coarse_to_fine,3,2,1.488715635356831,,,2,SPEAKER_01,3
real_index_order,long_00026_3729-7176-4992,s1,no_recursion,3,1,37.87384490279627,,,0,SPEAKER_02,3
real_index_order,long_00026_3729-7176-4992,s1,no_recursion,3,2,1.8982101364538613,,,0,SPEAKER_02,3
real_index_order,long_00026_3729-7176-4992,s2,no_recursion,3,1,52.26511533240486,,,0,SPEAKER_00,3
real_index_order,long_00026_3729-7176-4992,s2,no_recursion,3,2,0.4379928521579014,,,0,SPEAKER_00,3
real_index_order,long_00026_3729-7176-4992,s3,no_recursion,3,1,47.07106933244171,,,0,SPEAKER_01,3
real_index_order,long_00026_3729-7176-4992,s3,no_recursion,3,2,1.3959685753598596,,,0,SPEAKER_01,3
real_index_order,long_00026_3729-7176-4992,s1,ungated_deflation,3,1,37.87384490279627,0,0,0,SPEAKER_02,3
real_index_order,long_00026_3729-7176-4992,s1,ungated_deflation,3,2,1.8982101364538613,0,0,0,SPEAKER_02,3
real_index_order,long_00026_3729-7176-4992,s2,ungated_deflation,3,1,52.26511533240486,1,1,0,SPEAKER_00,3
real_index_order,long_00026_3729-7176-4992,s2,ungated_deflation,3,2,0.17763291882359156,1,1,0,SPEAKER_00,3
real_index_order,long_00026_3729-7176-4992,s3,ungated_deflation,3,1,47.07106933244171,2,2,0,SPEAKER_01,3
real_index_order,long_00026_3729-7176-4992,s3,ungated_deflation,3,2,-1.5155730219205499,2,2,0,SPEAKER_01,3
real_index_order,long_00026_3729-7176-4992,s1,gated_deflation,3,1,37.87384490279627,0,0,0,SPEAKER_02,3
real_index_order,long_00026_3729-7176-4992,s1,gated_deflation,3,2,1.8982101364538613,0,0,0,SPEAKER_02,3
real_index_order,long_00026_3729-7176-4992,s2,gated_deflation,3,1,52.26511533240486,1,1,0,SPEAKER_00,3
real_index_order,long_00026_3729-7176-4992,s2,gated_deflation,3,2,0.17763291882359156,1,1,0,SPEAKER_00,3
real_index_order,long_00026_3729-7176-4992,s3,gated_deflation,3,1,47.07106933244171,2,2,0,SPEAKER_01,3
real_index_order,long_00026_3729-7176-4992,s3,gated_deflation,3,2,-1.5155730219205499,2,2,0,SPEAKER_01,3
real_index_order,long_00026_3729-7176-4992,s1,coarse_to_fine,3,1,37.87384490279627,,,2,SPEAKER_02,3
real_index_order,long_00026_3729-7176-4992,s1,coarse_to_fine,3,2,1.1265804751493729,,,2,SPEAKER_02,3
real_index_order,long_00026_3729-7176-4992,s2,coarse_to_fine,3,1,52.26511533240486,,,2,SPEAKER_00,3
real_index_order,long_00026_3729-7176-4992,s2,coarse_to_fine,3,2,-1.2830288727074928,,,2,SPEAKER_00,3
real_index_order,long_00026_3729-7176-4992,s3,coarse_to_fine,3,1,47.07106933244171,,,2,SPEAKER_01,3
real_index_order,long_00026_3729-7176-4992,s3,coarse_to_fine,3,2,1.488715635356831,,,2,SPEAKER_01,3
oracle,long_00027_2300-5639-6930,s1,no_recursion,3,1,42.692726519935775,,,0,s1,3
oracle,long_00027_2300-5639-6930,s1,no_recursion,3,2,6.245279401712935,,,0,s1,3
oracle,long_00027_2300-5639-6930,s2,no_recursion,3,1,44.13815186433129,,,0,s2,3
oracle,long_00027_2300-5639-6930,s2,no_recursion,3,2,-2.295299698091702,,,0,s2,3
oracle,long_00027_2300-5639-6930,s3,no_recursion,3,1,54.057205180933366,,,0,s3,3
oracle,long_00027_2300-5639-6930,s3,no_recursion,3,2,2.253910643688004,,,0,s3,3
oracle,long_00027_2300-5639-6930,s1,ungated_deflation,3,1,42.692726519935775,0,0,0,s1,3
oracle,long_00027_2300-5639-6930,s1,ungated_deflation,3,2,6.245279401712935,0,0,0,s1,3
oracle,long_00027_2300-5639-6930,s2,ungated_deflation,3,1,44.46707853055629,1,1,0,s2,3
oracle,long_00027_2300-5639-6930,s2,ungated_deflation,3,2,-5.939580014774924,1,1,0,s2,3
oracle,long_00027_2300-5639-6930,s3,ungated_deflation,3,1,53.428891122599154,2,2,0,s3,3
oracle,long_00027_2300-5639-6930,s3,ungated_deflation,3,2,1.368398346841335,2,2,0,s3,3
oracle,long_00027_2300-5639-6930,s1,gated_deflation,3,1,42.692726519935775,0,0,0,s1,3
oracle,long_00027_2300-5639-6930,s1,gated_deflation,3,2,6.245279401712935,0,0,0,s1,3
oracle,long_00027_2300-5639-6930,s2,gated_deflation,3,1,44.46707853055629,1,1,0,s2,3
oracle,long_00027_2300-5639-6930,s2,gated_deflation,3,2,-5.939580014774924,1,1,0,s2,3
oracle,long_00027_2300-5639-6930,s3,gated_deflation,3,1,53.428891122599154,2,2,0,s3,3
oracle,long_00027_2300-5639-6930,s3,gated_deflation,3,2,1.368398346841335,2,2,0,s3,3
oracle,long_00027_2300-5639-6930,s1,coarse_to_fine,3,1,42.51573650476785,,,2,s1,3
oracle,long_00027_2300-5639-6930,s1,coarse_to_fine,3,2,5.8036804638012915,,,2,s1,3
oracle,long_00027_2300-5639-6930,s2,coarse_to_fine,3,1,44.13815186433129,,,2,s2,3
oracle,long_00027_2300-5639-6930,s2,coarse_to_fine,3,2,-2.295299698091702,,,2,s2,3
oracle,long_00027_2300-5639-6930,s3,coarse_to_fine,3,1,53.873414755261486,,,2,s3,3
oracle,long_00027_2300-5639-6930,s3,coarse_to_fine,3,2,2.1018643830849384,,,2,s3,3
real,long_00027_2300-5639-6930,s1,no_recursion,3,1,19.536682139539398,,,0,SPEAKER_01,3
real,long_00027_2300-5639-6930,s1,no_recursion,3,2,-4.288958686807362,,,0,SPEAKER_01,3
real,long_00027_2300-5639-6930,s2,no_recursion,3,1,53.434003902147566,,,0,SPEAKER_00,3
real,long_00027_2300-5639-6930,s2,no_recursion,3,2,-3.4908270411188287,,,0,SPEAKER_00,3
real,long_00027_2300-5639-6930,s3,no_recursion,3,1,10.229780773666548,,,0,SPEAKER_02,3
real,long_00027_2300-5639-6930,s3,no_recursion,3,2,0.5965978772262394,,,0,SPEAKER_02,3
real,long_00027_2300-5639-6930,s1,ungated_deflation,3,1,19.536682139539398,1,1,0,SPEAKER_01,3
real,long_00027_2300-5639-6930,s1,ungated_deflation,3,2,-4.0998581643839485,1,1,0,SPEAKER_01,3
real,long_00027_2300-5639-6930,s2,ungated_deflation,3,1,53.434003902147566,2,2,0,SPEAKER_00,3
real,long_00027_2300-5639-6930,s2,ungated_deflation,3,2,-5.515768297881211,2,2,0,SPEAKER_00,3
real,long_00027_2300-5639-6930,s3,ungated_deflation,3,1,10.229780773666548,0,0,0,SPEAKER_02,3
real,long_00027_2300-5639-6930,s3,ungated_deflation,3,2,0.5965978772262394,0,0,0,SPEAKER_02,3
real,long_00027_2300-5639-6930,s1,gated_deflation,3,1,19.536682139539398,1,1,0,SPEAKER_01,3
real,long_00027_2300-5639-6930,s1,gated_deflation,3,2,-4.0998581643839485,1,1,0,SPEAKER_01,3
real,long_00027_2300-5639-6930,s2,gated_deflation,3,1,53.434003902147566,2,2,0,SPEAKER_00,3
real,long_00027_2300-5639-6930,s2,gated_deflation,3,2,-5.515768297881211,2,2,0,SPEAKER_00,3
real,long_00027_2300-5639-6930,s3,gated_deflation,3,1,10.229780773666548,0,0,0,SPEAKER_02,3
real,long_00027_2300-5639-6930,s3,gated_deflation,3,2,0.5965978772262394,0,0,0,SPEAKER_02,3
real,long_00027_2300-5639-6930,s1,coarse_to_fine,3,1,19.536682139539398,,,2,SPEAKER_01,3
real,long_00027_2300-5639-6930,s1,coarse_to_fine,3,2,-4.249911033543555,,,2,SPEAKER_01,3
real,long_00027_2300-5639-6930,s2,coarse_to_fine,3,1,53.434003902147566,,,2,SPEAKER_00,3
real,long_00027_2300-5639-6930,s2,coarse_to_fine,3,2,-3.4908270411188287,,,2,SPEAKER_00,3
real,long_00027_2300-5639-6930,s3,coarse_to_fine,3,1,10.229780773666548,,,2,SPEAKER_02,3
real,long_00027_2300-5639-6930,s3,coarse_to_fine,3,2,-0.043562278400749894,,,2,SPEAKER_02,3
real_forced_m,long_00027_2300-5639-6930,s1,no_recursion,3,1,19.536682139539398,,,0,SPEAKER_01,3
real_forced_m,long_00027_2300-5639-6930,s1,no_recursion,3,2,-4.288958686807362,,,0,SPEAKER_01,3
real_forced_m,long_00027_2300-5639-6930,s2,no_recursion,3,1,53.434003902147566,,,0,SPEAKER_00,3
real_forced_m,long_00027_2300-5639-6930,s2,no_recursion,3,2,-3.4908270411188287,,,0,SPEAKER_00,3
real_forced_m,long_00027_2300-5639-6930,s3,no_recursion,3,1,10.229780773666548,,,0,SPEAKER_02,3
real_forced_m,long_00027_2300-5639-6930,s3,no_recursion,3,2,0.5965978772262394,,,0,SPEAKER_02,3
real_forced_m,long_00027_2300-5639-6930,s1,ungated_deflation,3,1,19.536682139539398,1,1,0,SPEAKER_01,3
real_forced_m,long_00027_2300-5639-6930,s1,ungated_deflation,3,2,-4.0998581643839485,1,1,0,SPEAKER_01,3
real_forced_m,long_00027_2300-5639-6930,s2,ungated_deflation,3,1,53.434003902147566,2,2,0,SPEAKER_00,3
real_forced_m,long_00027_2300-5639-6930,s2,ungated_deflation,3,2,-5.515768297881211,2,2,0,SPEAKER_00,3
real_forced_m,long_00027_2300-5639-6930,s3,ungated_deflation,3,1,10.229780773666548,0,0,0,SPEAKER_02,3
real_forced_m,long_00027_2300-5639-6930,s3,ungated_deflation,3,2,0.5965978772262394,0,0,0,SPEAKER_02,3
real_forced_m,long_00027_2300-5639-6930,s1,gated_deflation,3,1,19.536682139539398,1,1,0,SPEAKER_01,3
real_forced_m,long_00027_2300-5639-6930,s1,gated_deflation,3,2,-4.0998581643839485,1,1,0,SPEAKER_01,3
real_forced_m,long_00027_2300-5639-6930,s2,gated_deflation,3,1,53.434003902147566,2,2,0,SPEAKER_00,3
real_forced_m,long_00027_2300-5639-6930,s2,gated_deflation,3,2,-5.515768297881211,2,2,0,SPEAKER_00,3
real_forced_m,long_00027_2300-5639-6930,s3,gated_deflation,3,1,10.229780773666548,0,0,0,SPEAKER_02,3
real_forced_m,long_00027_2300-5639-6930,s3,gated_deflation,3,2,0.5965978772262394,0,0,0,SPEAKER_02,3
real_forced_m,long_00027_2300-5639-6930,s1,coarse_to_fine,3,1,19.536682139539398,,,2,SPEAKER_01,3
real_forced_m,long_00027_2300-5639-6930,s1,coarse_to_fine,3,2,-4.249911033543555,,,2,SPEAKER_01,3
real_forced_m,long_00027_2300-5639-6930,s2,coarse_to_fine,3,1,53.434003902147566,,,2,SPEAKER_00,3
real_forced_m,long_00027_2300-5639-6930,s2,coarse_to_fine,3,2,-3.4908270411188287,,,2,SPEAKER_00,3
real_forced_m,long_00027_2300-5639-6930,s3,coarse_to_fine,3,1,10.229780773666548,,,2,SPEAKER_02,3
real_forced_m,long_00027_2300-5639-6930,s3,coarse_to_fine,3,2,-0.043562278400749894,,,2,SPEAKER_02,3
real_index_order,long_00027_2300-5639-6930,s1,no_recursion,3,1,19.536682139539398,,,0,SPEAKER_01,3
real_index_order,long_00027_2300-5639-6930,s1,no_recursion,3,2,-4.288958686807362,,,0,SPEAKER_01,3
real_index_order,long_00027_2300-5639-6930,s2,no_recursion,3,1,53.434003902147566,,,0,SPEAKER_00,3
real_index_order,long_00027_2300-5639-6930,s2,no_recursion,3,2,-3.4908270411188287,,,0,SPEAKER_00,3
real_index_order,long_00027_2300-5639-6930,s3,no_recursion,3,1,10.229780773666548,,,0,SPEAKER_02,3
real_index_order,long_00027_2300-5639-6930,s3,no_recursion,3,2,0.5965978772262394,,,0,SPEAKER_02,3
real_index_order,long_00027_2300-5639-6930,s1,ungated_deflation,3,1,19.536682139539398,0,0,0,SPEAKER_01,3
real_index_order,long_00027_2300-5639-6930,s1,ungated_deflation,3,2,-4.288958686807362,0,0,0,SPEAKER_01,3
real_index_order,long_00027_2300-5639-6930,s2,ungated_deflation,3,1,53.434003902147566,1,1,0,SPEAKER_00,3
real_index_order,long_00027_2300-5639-6930,s2,ungated_deflation,3,2,-5.911329917592326,1,1,0,SPEAKER_00,3
real_index_order,long_00027_2300-5639-6930,s3,ungated_deflation,3,1,10.229780773666548,2,2,0,SPEAKER_02,3
real_index_order,long_00027_2300-5639-6930,s3,ungated_deflation,3,2,0.5660522779443518,2,2,0,SPEAKER_02,3
real_index_order,long_00027_2300-5639-6930,s1,gated_deflation,3,1,19.536682139539398,0,0,0,SPEAKER_01,3
real_index_order,long_00027_2300-5639-6930,s1,gated_deflation,3,2,-4.288958686807362,0,0,0,SPEAKER_01,3
real_index_order,long_00027_2300-5639-6930,s2,gated_deflation,3,1,53.434003902147566,1,1,0,SPEAKER_00,3
real_index_order,long_00027_2300-5639-6930,s2,gated_deflation,3,2,-5.911329917592326,1,1,0,SPEAKER_00,3
real_index_order,long_00027_2300-5639-6930,s3,gated_deflation,3,1,10.229780773666548,2,2,0,SPEAKER_02,3
real_index_order,long_00027_2300-5639-6930,s3,gated_deflation,3,2,0.5660522779443518,2,2,0,SPEAKER_02,3
real_index_order,long_00027_2300-5639-6930,s1,coarse_to_fine,3,1,19.536682139539398,,,2,SPEAKER_01,3
real_index_order,long_00027_2300-5639-6930,s1,coarse_to_fine,3,2,-4.249911033543555,,,2,SPEAKER_01,3
real_index_order,long_00027_2300-5639-6930,s2,coarse_to_fine,3,1,53.434003902147566,,,2,SPEAKER_00,3
real_index_order,long_00027_2300-5639-6930,s2,coarse_to_fine,3,2,-3.4908270411188287,,,2,SPEAKER_00,3
real_index_order,long_00027_2300-5639-6930,s3,coarse_to_fine,3,1,10.229780773666548,,,2,SPEAKER_02,3
real_index_order,long_00027_2300-5639-6930,s3,coarse_to_fine,3,2,-0.043562278400749894,,,2,SPEAKER_02,3
oracle,long_00028_5105-8455-1188,s1,no_recursion,3,1,66.01781086576592,,,0,s1,3
oracle,long_00028_5105-8455-1188,s1,no_recursion,3,2,-1.243163376426871,,,0,s1,3
oracle,long_00028_5105-8455-1188,s2,no_recursion,3,1,62.46067342598244,,,0,s2,3
oracle,long_00028_5105-8455-1188,s2,no_recursion,3,2,2.2459996470448993,,,0,s2,3
oracle,long_00028_5105-8455-1188,s3,no_recursion,3,1,62.83371683881793,,,0,s3,3
oracle,long_00028_5105-8455-1188,s3,no_recursion,3,2,-0.6309966510778529,,,0,s3,3
oracle,long_00028_5105-8455-1188,s1,ungated_deflation,3,1,66.01781086576592,0,0,0,s1,3
oracle,long_00028_5105-8455-1188,s1,ungated_deflation,3,2,-1.243163376426871,0,0,0,s1,3
oracle,long_00028_5105-8455-1188,s2,ungated_deflation,3,1,60.43765129446982,1,1,0,s2,3
oracle,long_00028_5105-8455-1188,s2,ungated_deflation,3,2,-2.1868267535047954,1,1,0,s2,3
oracle,long_00028_5105-8455-1188,s3,ungated_deflation,3,1,58.611016717721796,2,2,0,s3,3
oracle,long_00028_5105-8455-1188,s3,ungated_deflation,3,2,-0.018068974326562695,2,2,0,s3,3
oracle,long_00028_5105-8455-1188,s1,gated_deflation,3,1,66.01781086576592,0,0,0,s1,3
oracle,long_00028_5105-8455-1188,s1,gated_deflation,3,2,-1.243163376426871,0,0,0,s1,3
oracle,long_00028_5105-8455-1188,s2,gated_deflation,3,1,60.43765129446982,1,1,0,s2,3
oracle,long_00028_5105-8455-1188,s2,gated_deflation,3,2,-2.1868267535047954,1,1,0,s2,3
oracle,long_00028_5105-8455-1188,s3,gated_deflation,3,1,58.611016717721796,2,2,0,s3,3
oracle,long_00028_5105-8455-1188,s3,gated_deflation,3,2,-0.018068974326562695,2,2,0,s3,3
oracle,long_00028_5105-8455-1188,s1,coarse_to_fine,3,1,61.99845633750188,,,2,s1,3
oracle,long_00028_5105-8455-1188,s1,coarse_to_fine,3,2,-4.089177136517669,,,2,s1,3
oracle,long_00028_5105-8455-1188,s2,coarse_to_fine,3,1,62.46067342598244,,,2,s2,3
oracle,long_00028_5105-8455-1188,s2,coarse_to_fine,3,2,2.2459996470448993,,,2,s2,3
oracle,long_00028_5105-8455-1188,s3,coarse_to_fine,3,1,62.83371683881793,,,2,s3,3
oracle,long_00028_5105-8455-1188,s3,coarse_to_fine,3,2,-0.6309966510778529,,,2,s3,3
real,long_00028_5105-8455-1188,s1,no_recursion,3,1,39.417045660400554,,,0,SPEAKER_01,3
real,long_00028_5105-8455-1188,s1,no_recursion,3,2,-3.6948946646003966,,,0,SPEAKER_01,3
real,long_00028_5105-8455-1188,s2,no_recursion,3,1,39.80629537981997,,,0,SPEAKER_02,3
real,long_00028_5105-8455-1188,s2,no_recursion,3,2,2.780525123336111,,,0,SPEAKER_02,3
real,long_00028_5105-8455-1188,s3,no_recursion,3,1,32.37969515303517,,,0,SPEAKER_00,3
real,long_00028_5105-8455-1188,s3,no_recursion,3,2,-3.8416124587264755,,,0,SPEAKER_00,3
real,long_00028_5105-8455-1188,s1,ungated_deflation,3,1,39.417045660400554,1,1,0,SPEAKER_01,3
real,long_00028_5105-8455-1188,s1,ungated_deflation,3,2,-4.578775755084904,1,1,0,SPEAKER_01,3
real,long_00028_5105-8455-1188,s2,ungated_deflation,3,1,39.80629537981997,2,2,0,SPEAKER_02,3
real,long_00028_5105-8455-1188,s2,ungated_deflation,3,2,1.1047069191939665,2,2,0,SPEAKER_02,3
real,long_00028_5105-8455-1188,s3,ungated_deflation,3,1,32.37969515303517,0,0,0,SPEAKER_00,3
real,long_00028_5105-8455-1188,s3,ungated_deflation,3,2,-3.8416124587264755,0,0,0,SPEAKER_00,3
real,long_00028_5105-8455-1188,s1,gated_deflation,3,1,39.417045660400554,1,1,0,SPEAKER_01,3
real,long_00028_5105-8455-1188,s1,gated_deflation,3,2,-4.578775755084904,1,1,0,SPEAKER_01,3
real,long_00028_5105-8455-1188,s2,gated_deflation,3,1,39.80629537981997,2,2,0,SPEAKER_02,3
real,long_00028_5105-8455-1188,s2,gated_deflation,3,2,1.1047069191939665,2,2,0,SPEAKER_02,3
real,long_00028_5105-8455-1188,s3,gated_deflation,3,1,32.37969515303517,0,0,0,SPEAKER_00,3
real,long_00028_5105-8455-1188,s3,gated_deflation,3,2,-3.8416124587264755,0,0,0,SPEAKER_00,3
real,long_00028_5105-8455-1188,s1,coarse_to_fine,3,1,39.417045660400554,,,2,SPEAKER_01,3
real,long_00028_5105-8455-1188,s1,coarse_to_fine,3,2,-5.79647722446839,,,2,SPEAKER_01,3
real,long_00028_5105-8455-1188,s2,coarse_to_fine,3,1,39.80629537981997,,,2,SPEAKER_02,3
real,long_00028_5105-8455-1188,s2,coarse_to_fine,3,2,2.780525123336111,,,2,SPEAKER_02,3
real,long_00028_5105-8455-1188,s3,coarse_to_fine,3,1,32.37969515303517,,,2,SPEAKER_00,3
real,long_00028_5105-8455-1188,s3,coarse_to_fine,3,2,-3.8416124587264755,,,2,SPEAKER_00,3
real_forced_m,long_00028_5105-8455-1188,s1,no_recursion,3,1,39.417045660400554,,,0,SPEAKER_01,3
real_forced_m,long_00028_5105-8455-1188,s1,no_recursion,3,2,-3.6948946646003966,,,0,SPEAKER_01,3
real_forced_m,long_00028_5105-8455-1188,s2,no_recursion,3,1,39.80629537981997,,,0,SPEAKER_02,3
real_forced_m,long_00028_5105-8455-1188,s2,no_recursion,3,2,2.780525123336111,,,0,SPEAKER_02,3
real_forced_m,long_00028_5105-8455-1188,s3,no_recursion,3,1,32.37969515303517,,,0,SPEAKER_00,3
real_forced_m,long_00028_5105-8455-1188,s3,no_recursion,3,2,-3.8416124587264755,,,0,SPEAKER_00,3
real_forced_m,long_00028_5105-8455-1188,s1,ungated_deflation,3,1,39.417045660400554,1,1,0,SPEAKER_01,3
real_forced_m,long_00028_5105-8455-1188,s1,ungated_deflation,3,2,-4.578775755084904,1,1,0,SPEAKER_01,3
real_forced_m,long_00028_5105-8455-1188,s2,ungated_deflation,3,1,39.80629537981997,2,2,0,SPEAKER_02,3
real_forced_m,long_00028_5105-8455-1188,s2,ungated_deflation,3,2,1.1047069191939665,2,2,0,SPEAKER_02,3
real_forced_m,long_00028_5105-8455-1188,s3,ungated_deflation,3,1,32.37969515303517,0,0,0,SPEAKER_00,3
real_forced_m,long_00028_5105-8455-1188,s3,ungated_deflation,3,2,-3.8416124587264755,0,0,0,SPEAKER_00,3
real_forced_m,long_00028_5105-8455-1188,s1,gated_deflation,3,1,39.417045660400554,1,1,0,SPEAKER_01,3
real_forced_m,long_00028_5105-8455-1188,s1,gated_deflation,3,2,-4.578775755084904,1,1,0,SPEAKER_01,3
real_forced_m,long_00028_5105-8455-1188,s2,gated_deflation,3,1,39.80629537981997,2,2,0,SPEAKER_02,3
real_forced_m,long_00028_5105-8455-1188,s2,gated_deflation,3,2,1.1047069191939665,2,2,0,SPEAKER_02,3
real_forced_m,long_00028_5105-8455-1188,s3,gated_deflation,3,1,32.37969515303517,0,0,0,SPEAKER_00,3
real_forced_m,long_00028_5105-8455-1188,s3,gated_deflation,3,2,-3.8416124587264755,0,0,0,SPEAKER_00,3
real_forced_m,long_00028_5105-8455-1188,s1,coarse_to_fine,3,1,39.417045660400554,,,2,SPEAKER_01,3
real_forced_m,long_00028_5105-8455-1188,s1,coarse_to_fine,3,2,-5.79647722446839,,,2,SPEAKER_01,3
real_forced_m,long_00028_5105-8455-1188,s2,coarse_to_fine,3,1,39.80629537981997,,,2,SPEAKER_02,3
real_forced_m,long_00028_5105-8455-1188,s2,coarse_to_fine,3,2,2.780525123336111,,,2,SPEAKER_02,3
real_forced_m,long_00028_5105-8455-1188,s3,coarse_to_fine,3,1,32.37969515303517,,,2,SPEAKER_00,3
real_forced_m,long_00028_5105-8455-1188,s3,coarse_to_fine,3,2,-3.8416124587264755,,,2,SPEAKER_00,3
real_index_order,long_00028_5105-8455-1188,s1,no_recursion,3,1,39.417045660400554,,,0,SPEAKER_01,3
real_index_order,long_00028_5105-8455-1188,s1,no_recursion,3,2,-3.6948946646003966,,,0,SPEAKER_01,3
real_index_order,long_00028_5105-8455-1188,s2,no_recursion,3,1,39.80629537981997,,,0,SPEAKER_02,3
real_index_order,long_00028_5105-8455-1188,s2,no_recursion,3,2,2.780525123336111,,,0,SPEAKER_02,3
real_index_order,long_00028_5105-8455-1188,s3,no_recursion,3,1,32.37969515303517,,,0,SPEAKER_00,3
real_index_order,long_00028_5105-8455-1188,s3,no_recursion,3,2,-3.8416124587264755,,,0,SPEAKER_00,3
real_index_order,long_00028_5105-8455-1188,s1,ungated_deflation,3,1,39.417045660400554,0,0,0,SPEAKER_01,3
real_index_order,long_00028_5105-8455-1188,s1,ungated_deflation,3,2,-3.6948946646003966,0,0,0,SPEAKER_01,3
real_index_order,long_00028_5105-8455-1188,s2,ungated_deflation,3,1,39.80629537981997,1,1,0,SPEAKER_02,3
real_index_order,long_00028_5105-8455-1188,s2,ungated_deflation,3,2,-1.7649840123384133,1,1,0,SPEAKER_02,3
real_index_order,long_00028_5105-8455-1188,s3,ungated_deflation,3,1,32.37969515303517,2,2,0,SPEAKER_00,3
real_index_order,long_00028_5105-8455-1188,s3,ungated_deflation,3,2,-2.5585667025923797,2,2,0,SPEAKER_00,3
real_index_order,long_00028_5105-8455-1188,s1,gated_deflation,3,1,39.417045660400554,0,0,0,SPEAKER_01,3
real_index_order,long_00028_5105-8455-1188,s1,gated_deflation,3,2,-3.6948946646003966,0,0,0,SPEAKER_01,3
real_index_order,long_00028_5105-8455-1188,s2,gated_deflation,3,1,39.80629537981997,1,1,0,SPEAKER_02,3
real_index_order,long_00028_5105-8455-1188,s2,gated_deflation,3,2,-1.7649840123384133,1,1,0,SPEAKER_02,3
real_index_order,long_00028_5105-8455-1188,s3,gated_deflation,3,1,32.37969515303517,2,2,0,SPEAKER_00,3
real_index_order,long_00028_5105-8455-1188,s3,gated_deflation,3,2,-2.5585667025923797,2,2,0,SPEAKER_00,3
real_index_order,long_00028_5105-8455-1188,s1,coarse_to_fine,3,1,39.417045660400554,,,2,SPEAKER_01,3
real_index_order,long_00028_5105-8455-1188,s1,coarse_to_fine,3,2,-5.79647722446839,,,2,SPEAKER_01,3
real_index_order,long_00028_5105-8455-1188,s2,coarse_to_fine,3,1,39.80629537981997,,,2,SPEAKER_02,3
real_index_order,long_00028_5105-8455-1188,s2,coarse_to_fine,3,2,2.780525123336111,,,2,SPEAKER_02,3
real_index_order,long_00028_5105-8455-1188,s3,coarse_to_fine,3,1,32.37969515303517,,,2,SPEAKER_00,3
real_index_order,long_00028_5105-8455-1188,s3,coarse_to_fine,3,2,-3.8416124587264755,,,2,SPEAKER_00,3
oracle,long_00029_61-2830-7729,s1,no_recursion,3,1,52.2325436047828,,,0,s1,3
oracle,long_00029_61-2830-7729,s1,no_recursion,3,2,0.5344967433917601,,,0,s1,3
oracle,long_00029_61-2830-7729,s2,no_recursion,3,1,56.71170223403938,,,0,s2,3
oracle,long_00029_61-2830-7729,s2,no_recursion,3,2,-2.528279350343495,,,0,s2,3
oracle,long_00029_61-2830-7729,s3,no_recursion,3,1,77.7299456933696,,,0,s3,3
oracle,long_00029_61-2830-7729,s3,no_recursion,3,2,0.1793685049180679,,,0,s3,3
oracle,long_00029_61-2830-7729,s1,ungated_deflation,3,1,52.2325436047828,0,0,0,s1,3
oracle,long_00029_61-2830-7729,s1,ungated_deflation,3,2,0.5344967433917601,0,0,0,s1,3
oracle,long_00029_61-2830-7729,s2,ungated_deflation,3,1,54.04008738232534,1,1,0,s2,3
oracle,long_00029_61-2830-7729,s2,ungated_deflation,3,2,-4.762109026629773,1,1,0,s2,3
oracle,long_00029_61-2830-7729,s3,ungated_deflation,3,1,68.36200986202594,2,2,0,s3,3
oracle,long_00029_61-2830-7729,s3,ungated_deflation,3,2,1.189948518967345,2,2,0,s3,3
oracle,long_00029_61-2830-7729,s1,gated_deflation,3,1,52.2325436047828,0,0,0,s1,3
oracle,long_00029_61-2830-7729,s1,gated_deflation,3,2,0.5344967433917601,0,0,0,s1,3
oracle,long_00029_61-2830-7729,s2,gated_deflation,3,1,54.04008738232534,1,1,0,s2,3
oracle,long_00029_61-2830-7729,s2,gated_deflation,3,2,-4.762109026629773,1,1,0,s2,3
oracle,long_00029_61-2830-7729,s3,gated_deflation,3,1,85.70059488277934,2,1,0,s3,3
oracle,long_00029_61-2830-7729,s3,gated_deflation,3,2,1.4922895725054386,2,1,0,s3,3
oracle,long_00029_61-2830-7729,s1,coarse_to_fine,3,1,51.97234344637622,,,2,s1,3
oracle,long_00029_61-2830-7729,s1,coarse_to_fine,3,2,0.4209196003197617,,,2,s1,3
oracle,long_00029_61-2830-7729,s2,coarse_to_fine,3,1,56.71170223403938,,,2,s2,3
oracle,long_00029_61-2830-7729,s2,coarse_to_fine,3,2,-2.528279350343495,,,2,s2,3
oracle,long_00029_61-2830-7729,s3,coarse_to_fine,3,1,76.2130536375835,,,2,s3,3
oracle,long_00029_61-2830-7729,s3,coarse_to_fine,3,2,-0.3914751574486946,,,2,s3,3
real,long_00029_61-2830-7729,s1,no_recursion,3,1,23.422072963921533,,,0,SPEAKER_02,3
real,long_00029_61-2830-7729,s1,no_recursion,3,2,-4.002537130399151,,,0,SPEAKER_02,3
real,long_00029_61-2830-7729,s2,no_recursion,3,1,20.6808080488091,,,0,SPEAKER_00,3
real,long_00029_61-2830-7729,s2,no_recursion,3,2,-3.862081622402398,,,0,SPEAKER_00,3
real,long_00029_61-2830-7729,s3,no_recursion,3,1,55.73008461742945,,,0,SPEAKER_01,3
real,long_00029_61-2830-7729,s3,no_recursion,3,2,-3.252577628463725,,,0,SPEAKER_01,3
real,long_00029_61-2830-7729,s1,ungated_deflation,3,1,23.422072963921533,2,2,0,SPEAKER_02,3
real,long_00029_61-2830-7729,s1,ungated_deflation,3,2,-2.10693637617105,2,2,0,SPEAKER_02,3
real,long_00029_61-2830-7729,s2,ungated_deflation,3,1,20.6808080488091,1,1,0,SPEAKER_00,3
real,long_00029_61-2830-7729,s2,ungated_deflation,3,2,-3.020998160845505,1,1,0,SPEAKER_00,3
real,long_00029_61-2830-7729,s3,ungated_deflation,3,1,55.73008461742945,0,0,0,SPEAKER_01,3
real,long_00029_61-2830-7729,s3,ungated_deflation,3,2,-3.252577628463725,0,0,0,SPEAKER_01,3
real,long_00029_61-2830-7729,s1,gated_deflation,3,1,23.422072963921533,2,1,0,SPEAKER_02,3
real,long_00029_61-2830-7729,s1,gated_deflation,3,2,-3.5967070124613034,2,1,0,SPEAKER_02,3
real,long_00029_61-2830-7729,s2,gated_deflation,3,1,20.6808080488091,1,1,0,SPEAKER_00,3
real,long_00029_61-2830-7729,s2,gated_deflation,3,2,-3.020998160845505,1,1,0,SPEAKER_00,3
real,long_00029_61-2830-7729,s3,gated_deflation,3,1,55.73008461742945,0,0,0,SPEAKER_01,3
real,long_00029_61-2830-7729,s3,gated_deflation,3,2,-3.252577628463725,0,0,0,SPEAKER_01,3
real,long_00029_61-2830-7729,s1,coarse_to_fine,3,1,23.422072963921533,,,2,SPEAKER_02,3
real,long_00029_61-2830-7729,s1,coarse_to_fine,3,2,-3.769544100559245,,,2,SPEAKER_02,3
real,long_00029_61-2830-7729,s2,coarse_to_fine,3,1,20.6808080488091,,,2,SPEAKER_00,3
real,long_00029_61-2830-7729,s2,coarse_to_fine,3,2,-4.141575022885335,,,2,SPEAKER_00,3
real,long_00029_61-2830-7729,s3,coarse_to_fine,3,1,55.73008461742945,,,2,SPEAKER_01,3
real,long_00029_61-2830-7729,s3,coarse_to_fine,3,2,-3.252577628463725,,,2,SPEAKER_01,3
real_forced_m,long_00029_61-2830-7729,s1,no_recursion,3,1,23.422072963921533,,,0,SPEAKER_02,3
real_forced_m,long_00029_61-2830-7729,s1,no_recursion,3,2,-4.002537130399151,,,0,SPEAKER_02,3
real_forced_m,long_00029_61-2830-7729,s2,no_recursion,3,1,20.6808080488091,,,0,SPEAKER_00,3
real_forced_m,long_00029_61-2830-7729,s2,no_recursion,3,2,-3.862081622402398,,,0,SPEAKER_00,3
real_forced_m,long_00029_61-2830-7729,s3,no_recursion,3,1,55.73008461742945,,,0,SPEAKER_01,3
real_forced_m,long_00029_61-2830-7729,s3,no_recursion,3,2,-3.252577628463725,,,0,SPEAKER_01,3
real_forced_m,long_00029_61-2830-7729,s1,ungated_deflation,3,1,23.422072963921533,2,2,0,SPEAKER_02,3
real_forced_m,long_00029_61-2830-7729,s1,ungated_deflation,3,2,-2.10693637617105,2,2,0,SPEAKER_02,3
real_forced_m,long_00029_61-2830-7729,s2,ungated_deflation,3,1,20.6808080488091,1,1,0,SPEAKER_00,3
real_forced_m,long_00029_61-2830-7729,s2,ungated_deflation,3,2,-3.020998160845505,1,1,0,SPEAKER_00,3
real_forced_m,long_00029_61-2830-7729,s3,ungated_deflation,3,1,55.73008461742945,0,0,0,SPEAKER_01,3
real_forced_m,long_00029_61-2830-7729,s3,ungated_deflation,3,2,-3.252577628463725,0,0,0,SPEAKER_01,3
real_forced_m,long_00029_61-2830-7729,s1,gated_deflation,3,1,23.422072963921533,2,1,0,SPEAKER_02,3
real_forced_m,long_00029_61-2830-7729,s1,gated_deflation,3,2,-3.5967070124613034,2,1,0,SPEAKER_02,3
real_forced_m,long_00029_61-2830-7729,s2,gated_deflation,3,1,20.6808080488091,1,1,0,SPEAKER_00,3
real_forced_m,long_00029_61-2830-7729,s2,gated_deflation,3,2,-3.020998160845505,1,1,0,SPEAKER_00,3
real_forced_m,long_00029_61-2830-7729,s3,gated_deflation,3,1,55.73008461742945,0,0,0,SPEAKER_01,3
real_forced_m,long_00029_61-2830-7729,s3,gated_deflation,3,2,-3.252577628463725,0,0,0,SPEAKER_01,3
real_forced_m,long_00029_61-2830-7729,s1,coarse_to_fine,3,1,23.422072963921533,,,2,SPEAKER_02,3
real_forced_m,long_00029_61-2830-7729,s1,coarse_to_fine,3,2,-3.769544100559245,,,2,SPEAKER_02,3
real_forced_m,long_00029_61-2830-7729,s2,coarse_to_fine,3,1,20.6808080488091,,,2,SPEAKER_00,3
real_forced_m,long_00029_61-2830-7729,s2,coarse_to_fine,3,2,-4.141575022885335,,,2,SPEAKER_00,3
real_forced_m,long_00029_61-2830-7729,s3,coarse_to_fine,3,1,55.73008461742945,,,2,SPEAKER_01,3
real_forced_m,long_00029_61-2830-7729,s3,coarse_to_fine,3,2,-3.252577628463725,,,2,SPEAKER_01,3
real_index_order,long_00029_61-2830-7729,s1,no_recursion,3,1,23.422072963921533,,,0,SPEAKER_02,3
real_index_order,long_00029_61-2830-7729,s1,no_recursion,3,2,-4.002537130399151,,,0,SPEAKER_02,3
real_index_order,long_00029_61-2830-7729,s2,no_recursion,3,1,20.6808080488091,,,0,SPEAKER_00,3
real_index_order,long_00029_61-2830-7729,s2,no_recursion,3,2,-3.862081622402398,,,0,SPEAKER_00,3
real_index_order,long_00029_61-2830-7729,s3,no_recursion,3,1,55.73008461742945,,,0,SPEAKER_01,3
real_index_order,long_00029_61-2830-7729,s3,no_recursion,3,2,-3.252577628463725,,,0,SPEAKER_01,3
real_index_order,long_00029_61-2830-7729,s1,ungated_deflation,3,1,23.422072963921533,0,0,0,SPEAKER_02,3
real_index_order,long_00029_61-2830-7729,s1,ungated_deflation,3,2,-4.002537130399151,0,0,0,SPEAKER_02,3
real_index_order,long_00029_61-2830-7729,s2,ungated_deflation,3,1,20.6808080488091,1,1,0,SPEAKER_00,3
real_index_order,long_00029_61-2830-7729,s2,ungated_deflation,3,2,-4.656604917139463,1,1,0,SPEAKER_00,3
real_index_order,long_00029_61-2830-7729,s3,ungated_deflation,3,1,55.73008461742945,2,2,0,SPEAKER_01,3
real_index_order,long_00029_61-2830-7729,s3,ungated_deflation,3,2,-1.6619847245183614,2,2,0,SPEAKER_01,3
real_index_order,long_00029_61-2830-7729,s1,gated_deflation,3,1,23.422072963921533,0,0,0,SPEAKER_02,3
real_index_order,long_00029_61-2830-7729,s1,gated_deflation,3,2,-4.002537130399151,0,0,0,SPEAKER_02,3
real_index_order,long_00029_61-2830-7729,s2,gated_deflation,3,1,20.6808080488091,1,1,0,SPEAKER_00,3
real_index_order,long_00029_61-2830-7729,s2,gated_deflation,3,2,-4.656604917139463,1,1,0,SPEAKER_00,3
real_index_order,long_00029_61-2830-7729,s3,gated_deflation,3,1,55.73008461742945,2,1,0,SPEAKER_01,3
real_index_order,long_00029_61-2830-7729,s3,gated_deflation,3,2,-2.151380373981893,2,1,0,SPEAKER_01,3
real_index_order,long_00029_61-2830-7729,s1,coarse_to_fine,3,1,23.422072963921533,,,2,SPEAKER_02,3
real_index_order,long_00029_61-2830-7729,s1,coarse_to_fine,3,2,-3.769544100559245,,,2,SPEAKER_02,3
real_index_order,long_00029_61-2830-7729,s2,coarse_to_fine,3,1,20.6808080488091,,,2,SPEAKER_00,3
real_index_order,long_00029_61-2830-7729,s2,coarse_to_fine,3,2,-4.141575022885335,,,2,SPEAKER_00,3
real_index_order,long_00029_61-2830-7729,s3,coarse_to_fine,3,1,55.73008461742945,,,2,SPEAKER_01,3
real_index_order,long_00029_61-2830-7729,s3,coarse_to_fine,3,2,-3.252577628463725,,,2,SPEAKER_01,3
oracle,long_00030_1580-260-1995,s1,no_recursion,3,1,85.51732674109651,,,0,s1,3
oracle,long_00030_1580-260-1995,s1,no_recursion,3,2,3.341224606494346,,,0,s1,3
oracle,long_00030_1580-260-1995,s2,no_recursion,3,1,46.62819607125641,,,0,s2,3
oracle,long_00030_1580-260-1995,s2,no_recursion,3,2,4.3262191657416595,,,0,s2,3
oracle,long_00030_1580-260-1995,s3,no_recursion,3,1,45.19892526841632,,,0,s3,3
oracle,long_00030_1580-260-1995,s3,no_recursion,3,2,1.544532317861746,,,0,s3,3
oracle,long_00030_1580-260-1995,s1,ungated_deflation,3,1,85.51732674109651,0,0,0,s1,3
oracle,long_00030_1580-260-1995,s1,ungated_deflation,3,2,3.341224606494346,0,0,0,s1,3
oracle,long_00030_1580-260-1995,s2,ungated_deflation,3,1,44.09737201543333,1,1,0,s2,3
oracle,long_00030_1580-260-1995,s2,ungated_deflation,3,2,-1.2502833846352845,1,1,0,s2,3
oracle,long_00030_1580-260-1995,s3,ungated_deflation,3,1,41.7773507357396,2,2,0,s3,3
oracle,long_00030_1580-260-1995,s3,ungated_deflation,3,2,-1.5192593848956424,2,2,0,s3,3
oracle,long_00030_1580-260-1995,s1,gated_deflation,3,1,85.51732674109651,0,0,0,s1,3
oracle,long_00030_1580-260-1995,s1,gated_deflation,3,2,3.341224606494346,0,0,0,s1,3
oracle,long_00030_1580-260-1995,s2,gated_deflation,3,1,44.09737201543333,1,1,0,s2,3
oracle,long_00030_1580-260-1995,s2,gated_deflation,3,2,-1.2502833846352845,1,1,0,s2,3
oracle,long_00030_1580-260-1995,s3,gated_deflation,3,1,41.7773507357396,2,2,0,s3,3
oracle,long_00030_1580-260-1995,s3,gated_deflation,3,2,-1.5192593848956424,2,2,0,s3,3
oracle,long_00030_1580-260-1995,s1,coarse_to_fine,3,1,85.43986382791007,,,2,s1,3
oracle,long_00030_1580-260-1995,s1,coarse_to_fine,3,2,2.800313568387506,,,2,s1,3
oracle,long_00030_1580-260-1995,s2,coarse_to_fine,3,1,45.15006417189227,,,2,s2,3
oracle,long_00030_1580-260-1995,s2,coarse_to_fine,3,2,3.478584215758959,,,2,s2,3
oracle,long_00030_1580-260-1995,s3,coarse_to_fine,3,1,45.19892526841632,,,2,s3,3
oracle,long_00030_1580-260-1995,s3,coarse_to_fine,3,2,1.544532317861746,,,2,s3,3
real,long_00030_1580-260-1995,s1,no_recursion,3,1,36.591955343971605,,,0,SPEAKER_00,3
real,long_00030_1580-260-1995,s1,no_recursion,3,2,-1.2766908874601726,,,0,SPEAKER_00,3
real,long_00030_1580-260-1995,s2,no_recursion,3,1,45.35437642793204,,,0,SPEAKER_01,3
real,long_00030_1580-260-1995,s2,no_recursion,3,2,-2.7352016077530843,,,0,SPEAKER_01,3
real,long_00030_1580-260-1995,s3,no_recursion,3,1,39.79379516052033,,,0,SPEAKER_02,3
real,long_00030_1580-260-1995,s3,no_recursion,3,2,-5.464605854680007,,,0,SPEAKER_02,3
real,long_00030_1580-260-1995,s1,ungated_deflation,3,1,36.591955343971605,1,1,0,SPEAKER_00,3
real,long_00030_1580-260-1995,s1,ungated_deflation,3,2,0.3638671178303785,1,1,0,SPEAKER_00,3
real,long_00030_1580-260-1995,s2,ungated_deflation,3,1,45.35437642793204,0,0,0,SPEAKER_01,3
real,long_00030_1580-260-1995,s2,ungated_deflation,3,2,-2.7352016077530843,0,0,0,SPEAKER_01,3
real,long_00030_1580-260-1995,s3,ungated_deflation,3,1,39.79379516052033,2,2,0,SPEAKER_02,3
real,long_00030_1580-260-1995,s3,ungated_deflation,3,2,-3.9854574580059032,2,2,0,SPEAKER_02,3
real,long_00030_1580-260-1995,s1,gated_deflation,3,1,36.591955343971605,1,1,0,SPEAKER_00,3
real,long_00030_1580-260-1995,s1,gated_deflation,3,2,0.3638671178303785,1,1,0,SPEAKER_00,3
real,long_00030_1580-260-1995,s2,gated_deflation,3,1,45.35437642793204,0,0,0,SPEAKER_01,3
real,long_00030_1580-260-1995,s2,gated_deflation,3,2,-2.7352016077530843,0,0,0,SPEAKER_01,3
real,long_00030_1580-260-1995,s3,gated_deflation,3,1,39.79379516052033,2,2,0,SPEAKER_02,3
real,long_00030_1580-260-1995,s3,gated_deflation,3,2,-3.9854574580059032,2,2,0,SPEAKER_02,3
real,long_00030_1580-260-1995,s1,coarse_to_fine,3,1,36.591955343971605,,,2,SPEAKER_00,3
real,long_00030_1580-260-1995,s1,coarse_to_fine,3,2,-1.1903060245784072,,,2,SPEAKER_00,3
real,long_00030_1580-260-1995,s2,coarse_to_fine,3,1,45.35437642793204,,,2,SPEAKER_01,3
real,long_00030_1580-260-1995,s2,coarse_to_fine,3,2,-2.7352016077530843,,,2,SPEAKER_01,3
real,long_00030_1580-260-1995,s3,coarse_to_fine,3,1,39.79379516052033,,,2,SPEAKER_02,3
real,long_00030_1580-260-1995,s3,coarse_to_fine,3,2,-1.5844071012435434,,,2,SPEAKER_02,3
real_forced_m,long_00030_1580-260-1995,s1,no_recursion,3,1,36.591955343971605,,,0,SPEAKER_00,3
real_forced_m,long_00030_1580-260-1995,s1,no_recursion,3,2,-1.2766908874601726,,,0,SPEAKER_00,3
real_forced_m,long_00030_1580-260-1995,s2,no_recursion,3,1,45.35437642793204,,,0,SPEAKER_01,3
real_forced_m,long_00030_1580-260-1995,s2,no_recursion,3,2,-2.7352016077530843,,,0,SPEAKER_01,3
real_forced_m,long_00030_1580-260-1995,s3,no_recursion,3,1,39.79379516052033,,,0,SPEAKER_02,3
real_forced_m,long_00030_1580-260-1995,s3,no_recursion,3,2,-5.464605854680007,,,0,SPEAKER_02,3
real_forced_m,long_00030_1580-260-1995,s1,ungated_deflation,3,1,36.591955343971605,1,1,0,SPEAKER_00,3
real_forced_m,long_00030_1580-260-1995,s1,ungated_deflation,3,2,0.3638671178303785,1,1,0,SPEAKER_00,3
real_forced_m,long_00030_1580-260-1995,s2,ungated_deflation,3,1,45.35437642793204,0,0,0,SPEAKER_01,3
real_forced_m,long_00030_1580-260-1995,s2,ungated_deflation,3,2,-2.7352016077530843,0,0,0,SPEAKER_01,3
real_forced_m,long_00030_1580-260-1995,s3,ungated_deflation,3,1,39.79379516052033,2,2,0,SPEAKER_02,3
real_forced_m,long_00030_1580-260-1995,s3,ungated_deflation,3,2,-3.9854574580059032,2,2,0,SPEAKER_02,3
real_forced_m,long_00030_1580-260-1995,s1,gated_deflation,3,1,36.591955343971605,1,1,0,SPEAKER_00,3
real_forced_m,long_00030_1580-260-1995,s1,gated_deflation,3,2,0.3638671178303785,1,1,0,SPEAKER_00,3
real_forced_m,long_00030_1580-260-1995,s2,gated_deflation,3,1,45.35437642793204,0,0,0,SPEAKER_01,3
real_forced_m,long_00030_1580-260-1995,s2,gated_deflation,3,2,-2.7352016077530843,0,0,0,SPEAKER_01,3
real_forced_m,long_00030_1580-260-1995,s3,gated_deflation,3,1,39.79379516052033,2,2,0,SPEAKER_02,3
real_forced_m,long_00030_1580-260-1995,s3,gated_deflation,3,2,-3.9854574580059032,2,2,0,SPEAKER_02,3
real_forced_m,long_00030_1580-260-1995,s1,coarse_to_fine,3,1,36.591955343971605,,,2,SPEAKER_00,3
real_forced_m,long_00030_1580-260-1995,s1,coarse_to_fine,3,2,-1.1903060245784072,,,2,SPEAKER_00,3
real_forced_m,long_00030_1580-260-1995,s2,coarse_to_fine,3,1,45.35437642793204,,,2,SPEAKER_01,3
real_forced_m,long_00030_1580-260-1995,s2,coarse_to_fine,3,2,-2.7352016077530843,,,2,SPEAKER_01,3
real_forced_m,long_00030_1580-260-1995,s3,coarse_to_fine,3,1,39.79379516052033,,,2,SPEAKER_02,3
real_forced_m,long_00030_1580-260-1995,s3,coarse_to_fine,3,2,-1.5844071012435434,,,2,SPEAKER_02,3
real_index_order,long_00030_1580-260-1995,s1,no_recursion,3,1,36.591955343971605,,,0,SPEAKER_00,3
real_index_order,long_00030_1580-260-1995,s1,no_recursion,3,2,-1.2766908874601726,,,0,SPEAKER_00,3
real_index_order,long_00030_1580-260-1995,s2,no_recursion,3,1,45.35437642793204,,,0,SPEAKER_01,3
real_index_order,long_00030_1580-260-1995,s2,no_recursion,3,2,-2.7352016077530843,,,0,SPEAKER_01,3
real_index_order,long_00030_1580-260-1995,s3,no_recursion,3,1,39.79379516052033,,,0,SPEAKER_02,3
real_index_order,long_00030_1580-260-1995,s3,no_recursion,3,2,-5.464605854680007,,,0,SPEAKER_02,3
real_index_order,long_00030_1580-260-1995,s1,ungated_deflation,3,1,36.591955343971605,0,0,0,SPEAKER_00,3
real_index_order,long_00030_1580-260-1995,s1,ungated_deflation,3,2,-1.2766908874601726,0,0,0,SPEAKER_00,3
real_index_order,long_00030_1580-260-1995,s2,ungated_deflation,3,1,45.35437642793204,1,1,0,SPEAKER_01,3
real_index_order,long_00030_1580-260-1995,s2,ungated_deflation,3,2,-4.590731920223373,1,1,0,SPEAKER_01,3
real_index_order,long_00030_1580-260-1995,s3,ungated_deflation,3,1,39.79379516052033,2,2,0,SPEAKER_02,3
real_index_order,long_00030_1580-260-1995,s3,ungated_deflation,3,2,-3.7749857864985996,2,2,0,SPEAKER_02,3
real_index_order,long_00030_1580-260-1995,s1,gated_deflation,3,1,36.591955343971605,0,0,0,SPEAKER_00,3
real_index_order,long_00030_1580-260-1995,s1,gated_deflation,3,2,-1.2766908874601726,0,0,0,SPEAKER_00,3
real_index_order,long_00030_1580-260-1995,s2,gated_deflation,3,1,45.35437642793204,1,1,0,SPEAKER_01,3
real_index_order,long_00030_1580-260-1995,s2,gated_deflation,3,2,-4.590731920223373,1,1,0,SPEAKER_01,3
real_index_order,long_00030_1580-260-1995,s3,gated_deflation,3,1,39.79379516052033,2,2,0,SPEAKER_02,3
real_index_order,long_00030_1580-260-1995,s3,gated_deflation,3,2,-3.7749857864985996,2,2,0,SPEAKER_02,3
real_index_order,long_00030_1580-260-1995,s1,coarse_to_fine,3,1,36.591955343971605,,,2,SPEAKER_00,3
real_index_order,long_00030_1580-260-1995,s1,coarse_to_fine,3,2,-1.1903060245784072,,,2,SPEAKER_00,3
real_index_order,long_00030_1580-260-1995,s2,coarse_to_fine,3,1,45.35437642793204,,,2,SPEAKER_01,3
real_index_order,long_00030_1580-260-1995,s2,coarse_to_fine,3,2,-2.7352016077530843,,,2,SPEAKER_01,3
real_index_order,long_00030_1580-260-1995,s3,coarse_to_fine,3,1,39.79379516052033,,,2,SPEAKER_02,3
real_index_order,long_00030_1580-260-1995,s3,coarse_to_fine,3,2,-1.5844071012435434,,,2,SPEAKER_02,3
oracle,long_00031_2300-5639-260,s1,no_recursion,3,1,78.98746616104182,,,0,s1,3
oracle,long_00031_2300-5639-260,s1,no_recursion,3,2,5.553435326641906,,,0,s1,3
oracle,long_00031_2300-5639-260,s2,no_recursion,3,1,60.14333308164276,,,0,s2,3
oracle,long_00031_2300-5639-260,s2,no_recursion,3,2,-7.0094960641932165,,,0,s2,3
oracle,long_00031_2300-5639-260,s3,no_recursion,3,1,74.15684778301596,,,0,s3,3
oracle,long_00031_2300-5639-260,s3,no_recursion,3,2,4.756192271626679,,,0,s3,3
oracle,long_00031_2300-5639-260,s1,ungated_deflation,3,1,78.98746616104182,0,0,0,s1,3
oracle,long_00031_2300-5639-260,s1,ungated_deflation,3,2,5.553435326641906,0,0,0,s1,3
oracle,long_00031_2300-5639-260,s2,ungated_deflation,3,1,56.82659079518936,1,1,0,s2,3
oracle,long_00031_2300-5639-260,s2,ungated_deflation,3,2,-11.97621991936616,1,1,0,s2,3
oracle,long_00031_2300-5639-260,s3,ungated_deflation,3,1,72.98799279336305,2,2,0,s3,3
oracle,long_00031_2300-5639-260,s3,ungated_deflation,3,2,4.935661151829727,2,2,0,s3,3
oracle,long_00031_2300-5639-260,s1,gated_deflation,3,1,78.98746616104182,0,0,0,s1,3
oracle,long_00031_2300-5639-260,s1,gated_deflation,3,2,5.553435326641906,0,0,0,s1,3
oracle,long_00031_2300-5639-260,s2,gated_deflation,3,1,56.82659079518936,1,1,0,s2,3
oracle,long_00031_2300-5639-260,s2,gated_deflation,3,2,-11.97621991936616,1,1,0,s2,3
oracle,long_00031_2300-5639-260,s3,gated_deflation,3,1,72.98799279336305,2,2,0,s3,3
oracle,long_00031_2300-5639-260,s3,gated_deflation,3,2,4.935661151829727,2,2,0,s3,3
oracle,long_00031_2300-5639-260,s1,coarse_to_fine,3,1,78.73210387521156,,,2,s1,3
oracle,long_00031_2300-5639-260,s1,coarse_to_fine,3,2,6.345558920287475,,,2,s1,3
oracle,long_00031_2300-5639-260,s2,coarse_to_fine,3,1,60.14333308164276,,,2,s2,3
oracle,long_00031_2300-5639-260,s2,coarse_to_fine,3,2,-7.0094960641932165,,,2,s2,3
oracle,long_00031_2300-5639-260,s3,coarse_to_fine,3,1,74.15174188667642,,,2,s3,3
oracle,long_00031_2300-5639-260,s3,coarse_to_fine,3,2,6.394276516936641,,,2,s3,3
real,long_00031_2300-5639-260,s1,no_recursion,3,1,46.94740739087486,,,0,SPEAKER_00,3
real,long_00031_2300-5639-260,s1,no_recursion,3,2,-2.154155279786914,,,0,SPEAKER_00,3
real,long_00031_2300-5639-260,s2,no_recursion,3,1,57.62533516512437,,,0,SPEAKER_02,3
real,long_00031_2300-5639-260,s2,no_recursion,3,2,-7.660760532740162,,,0,SPEAKER_02,3
real,long_00031_2300-5639-260,s3,no_recursion,3,1,47.04985861428515,,,0,SPEAKER_01,3
real,long_00031_2300-5639-260,s3,no_recursion,3,2,2.9521494933489265,,,0,SPEAKER_01,3
real,long_00031_2300-5639-260,s1,ungated_deflation,3,1,46.94740739087486,0,0,0,SPEAKER_00,3
real,long_00031_2300-5639-260,s1,ungated_deflation,3,2,-2.154155279786914,0,0,0,SPEAKER_00,3
real,long_00031_2300-5639-260,s2,ungated_deflation,3,1,57.62533516512437,2,2,0,SPEAKER_02,3
real,long_00031_2300-5639-260,s2,ungated_deflation,3,2,-9.589011011632493,2,2,0,SPEAKER_02,3
real,long_00031_2300-5639-260,s3,ungated_deflation,3,1,47.04985861428515,1,1,0,SPEAKER_01,3
real,long_00031_2300-5639-260,s3,ungated_deflation,3,2,1.0508541197683803,1,1,0,SPEAKER_01,3
real,long_00031_2300-5639-260,s1,gated_deflation,3,1,46.94740739087486,0,0,0,SPEAKER_00,3
real,long_00031_2300-5639-260,s1,gated_deflation,3,2,-2.154155279786914,0,0,0,SPEAKER_00,3
real,long_00031_2300-5639-260,s2,gated_deflation,3,1,57.62533516512437,2,2,0,SPEAKER_02,3
real,long_00031_2300-5639-260,s2,gated_deflation,3,2,-9.589011011632493,2,2,0,SPEAKER_02,3
real,long_00031_2300-5639-260,s3,gated_deflation,3,1,47.04985861428515,1,1,0,SPEAKER_01,3
real,long_00031_2300-5639-260,s3,gated_deflation,3,2,1.0508541197683803,1,1,0,SPEAKER_01,3
real,long_00031_2300-5639-260,s1,coarse_to_fine,3,1,46.94740739087486,,,2,SPEAKER_00,3
real,long_00031_2300-5639-260,s1,coarse_to_fine,3,2,-2.625464287820965,,,2,SPEAKER_00,3
real,long_00031_2300-5639-260,s2,coarse_to_fine,3,1,57.62533516512437,,,2,SPEAKER_02,3
real,long_00031_2300-5639-260,s2,coarse_to_fine,3,2,-7.660760532740162,,,2,SPEAKER_02,3
real,long_00031_2300-5639-260,s3,coarse_to_fine,3,1,47.04985861428515,,,2,SPEAKER_01,3
real,long_00031_2300-5639-260,s3,coarse_to_fine,3,2,3.2046405053258384,,,2,SPEAKER_01,3
real_forced_m,long_00031_2300-5639-260,s1,no_recursion,3,1,46.94740739087486,,,0,SPEAKER_00,3
real_forced_m,long_00031_2300-5639-260,s1,no_recursion,3,2,-2.154155279786914,,,0,SPEAKER_00,3
real_forced_m,long_00031_2300-5639-260,s2,no_recursion,3,1,57.62533516512437,,,0,SPEAKER_02,3
real_forced_m,long_00031_2300-5639-260,s2,no_recursion,3,2,-7.660760532740162,,,0,SPEAKER_02,3
real_forced_m,long_00031_2300-5639-260,s3,no_recursion,3,1,47.04985861428515,,,0,SPEAKER_01,3
real_forced_m,long_00031_2300-5639-260,s3,no_recursion,3,2,2.9521494933489265,,,0,SPEAKER_01,3
real_forced_m,long_00031_2300-5639-260,s1,ungated_deflation,3,1,46.94740739087486,0,0,0,SPEAKER_00,3
real_forced_m,long_00031_2300-5639-260,s1,ungated_deflation,3,2,-2.154155279786914,0,0,0,SPEAKER_00,3
real_forced_m,long_00031_2300-5639-260,s2,ungated_deflation,3,1,57.62533516512437,2,2,0,SPEAKER_02,3
real_forced_m,long_00031_2300-5639-260,s2,ungated_deflation,3,2,-9.589011011632493,2,2,0,SPEAKER_02,3
real_forced_m,long_00031_2300-5639-260,s3,ungated_deflation,3,1,47.04985861428515,1,1,0,SPEAKER_01,3
real_forced_m,long_00031_2300-5639-260,s3,ungated_deflation,3,2,1.0508541197683803,1,1,0,SPEAKER_01,3
real_forced_m,long_00031_2300-5639-260,s1,gated_deflation,3,1,46.94740739087486,0,0,0,SPEAKER_00,3
real_forced_m,long_00031_2300-5639-260,s1,gated_deflation,3,2,-2.154155279786914,0,0,0,SPEAKER_00,3
real_forced_m,long_00031_2300-5639-260,s2,gated_deflation,3,1,57.62533516512437,2,2,0,SPEAKER_02,3
real_forced_m,long_00031_2300-5639-260,s2,gated_deflation,3,2,-9.589011011632493,2,2,0,SPEAKER_02,3
real_forced_m,long_00031_2300-5639-260,s3,gated_deflation,3,1,47.04985861428515,1,1,0,SPEAKER_01,3
real_forced_m,long_00031_2300-5639-260,s3,gated_deflation,3,2,1.0508541197683803,1,1,0,SPEAKER_01,3
real_forced_m,long_00031_2300-5639-260,s1,coarse_to_fine,3,1,46.94740739087486,,,2,SPEAKER_00,3
real_forced_m,long_00031_2300-5639-260,s1,coarse_to_fine,3,2,-2.625464287820965,,,2,SPEAKER_00,3
real_forced_m,long_00031_2300-5639-260,s2,coarse_to_fine,3,1,57.62533516512437,,,2,SPEAKER_02,3
real_forced_m,long_00031_2300-5639-260,s2,coarse_to_fine,3,2,-7.660760532740162,,,2,SPEAKER_02,3
real_forced_m,long_00031_2300-5639-260,s3,coarse_to_fine,3,1,47.04985861428515,,,2,SPEAKER_01,3
real_forced_m,long_00031_2300-5639-260,s3,coarse_to_fine,3,2,3.2046405053258384,,,2,SPEAKER_01,3
real_index_order,long_00031_2300-5639-260,s1,no_recursion,3,1,46.94740739087486,,,0,SPEAKER_00,3
real_index_order,long_00031_2300-5639-260,s1,no_recursion,3,2,-2.154155279786914,,,0,SPEAKER_00,3
real_index_order,long_00031_2300-5639-260,s2,no_recursion,3,1,57.62533516512437,,,0,SPEAKER_02,3
real_index_order,long_00031_2300-5639-260,s2,no_recursion,3,2,-7.660760532740162,,,0,SPEAKER_02,3
real_index_order,long_00031_2300-5639-260,s3,no_recursion,3,1,47.04985861428515,,,0,SPEAKER_01,3
real_index_order,long_00031_2300-5639-260,s3,no_recursion,3,2,2.9521494933489265,,,0,SPEAKER_01,3
real_index_order,long_00031_2300-5639-260,s1,ungated_deflation,3,1,46.94740739087486,0,0,0,SPEAKER_00,3
real_index_order,long_00031_2300-5639-260,s1,ungated_deflation,3,2,-2.154155279786914,0,0,0,SPEAKER_00,3
real_index_order,long_00031_2300-5639-260,s2,ungated_deflation,3,1,57.62533516512437,1,1,0,SPEAKER_02,3
real_index_order,long_00031_2300-5639-260,s2,ungated_deflation,3,2,-11.611096494586022,1,1,0,SPEAKER_02,3
real_index_order,long_00031_2300-5639-260,s3,ungated_deflation,3,1,47.04985861428515,2,2,0,SPEAKER_01,3
real_index_order,long_00031_2300-5639-260,s3,ungated_deflation,3,2,3.9180347291001945,2,2,0,SPEAKER_01,3
real_index_order,long_00031_2300-5639-260,s1,gated_deflation,3,1,46.94740739087486,0,0,0,SPEAKER_00,3
real_index_order,long_00031_2300-5639-260,s1,gated_deflation,3,2,-2.154155279786914,0,0,0,SPEAKER_00,3
real_index_order,long_00031_2300-5639-260,s2,gated_deflation,3,1,57.62533516512437,1,1,0,SPEAKER_02,3
real_index_order,long_00031_2300-5639-260,s2,gated_deflation,3,2,-11.611096494586022,1,1,0,SPEAKER_02,3
real_index_order,long_00031_2300-5639-260,s3,gated_deflation,3,1,47.04985861428515,2,2,0,SPEAKER_01,3
real_index_order,long_00031_2300-5639-260,s3,gated_deflation,3,2,3.9180347291001945,2,2,0,SPEAKER_01,3
real_index_order,long_00031_2300-5639-260,s1,coarse_to_fine,3,1,46.94740739087486,,,2,SPEAKER_00,3
real_index_order,long_00031_2300-5639-260,s1,coarse_to_fine,3,2,-2.625464287820965,,,2,SPEAKER_00,3
real_index_order,long_00031_2300-5639-260,s2,coarse_to_fine,3,1,57.62533516512437,,,2,SPEAKER_02,3
real_index_order,long_00031_2300-5639-260,s2,coarse_to_fine,3,2,-7.660760532740162,,,2,SPEAKER_02,3
real_index_order,long_00031_2300-5639-260,s3,coarse_to_fine,3,1,47.04985861428515,,,2,SPEAKER_01,3
real_index_order,long_00031_2300-5639-260,s3,coarse_to_fine,3,2,3.2046405053258384,,,2,SPEAKER_01,3
oracle,long_00032_7021-4446-6930,s1,no_recursion,3,1,48.506943562313054,,,0,s1,3
oracle,long_00032_7021-4446-6930,s1,no_recursion,3,2,4.210869527293825,,,0,s1,3
oracle,long_00032_7021-4446-6930,s2,no_recursion,3,1,42.60539665078477,,,0,s2,3
oracle,long_00032_7021-4446-6930,s2,no_recursion,3,2,4.684044650471419,,,0,s2,3
oracle,long_00032_7021-4446-6930,s3,no_recursion,3,1,62.680873063584805,,,0,s3,3
oracle,long_00032_7021-4446-6930,s3,no_recursion,3,2,3.8541964927485046,,,0,s3,3
oracle,long_00032_7021-4446-6930,s1,ungated_deflation,3,1,48.506943562313054,0,0,0,s1,3
oracle,long_00032_7021-4446-6930,s1,ungated_deflation,3,2,4.210869527293825,0,0,0,s1,3
oracle,long_00032_7021-4446-6930,s2,ungated_deflation,3,1,39.30680972277267,1,1,0,s2,3
oracle,long_00032_7021-4446-6930,s2,ungated_deflation,3,2,3.047143056159367,1,1,0,s2,3
oracle,long_00032_7021-4446-6930,s3,ungated_deflation,3,1,60.92382709094511,2,2,0,s3,3
oracle,long_00032_7021-4446-6930,s3,ungated_deflation,3,2,1.78905216632716,2,2,0,s3,3
oracle,long_00032_7021-4446-6930,s1,gated_deflation,3,1,48.506943562313054,0,0,0,s1,3
oracle,long_00032_7021-4446-6930,s1,gated_deflation,3,2,4.210869527293825,0,0,0,s1,3
oracle,long_00032_7021-4446-6930,s2,gated_deflation,3,1,39.30680972277267,1,1,0,s2,3
oracle,long_00032_7021-4446-6930,s2,gated_deflation,3,2,3.047143056159367,1,1,0,s2,3
oracle,long_00032_7021-4446-6930,s3,gated_deflation,3,1,60.92382709094511,2,2,0,s3,3
oracle,long_00032_7021-4446-6930,s3,gated_deflation,3,2,1.78905216632716,2,2,0,s3,3
oracle,long_00032_7021-4446-6930,s1,coarse_to_fine,3,1,47.823031318032385,,,2,s1,3
oracle,long_00032_7021-4446-6930,s1,coarse_to_fine,3,2,4.262133902487288,,,2,s1,3
oracle,long_00032_7021-4446-6930,s2,coarse_to_fine,3,1,42.39374017818687,,,2,s2,3
oracle,long_00032_7021-4446-6930,s2,coarse_to_fine,3,2,3.085093485319139,,,2,s2,3
oracle,long_00032_7021-4446-6930,s3,coarse_to_fine,3,1,63.137188813935666,,,2,s3,3
oracle,long_00032_7021-4446-6930,s3,coarse_to_fine,3,2,3.3943728595485845,,,2,s3,3
real,long_00032_7021-4446-6930,s1,no_recursion,3,1,21.545622922476674,,,0,SPEAKER_01,3
real,long_00032_7021-4446-6930,s1,no_recursion,3,2,1.2405552138417362,,,0,SPEAKER_01,3
real,long_00032_7021-4446-6930,s2,no_recursion,3,1,46.30463467574934,,,0,SPEAKER_00,3
real,long_00032_7021-4446-6930,s2,no_recursion,3,2,2.4078240817584056,,,0,SPEAKER_00,3
real,long_00032_7021-4446-6930,s3,no_recursion,3,1,15.251431180131483,,,0,SPEAKER_02,3
real,long_00032_7021-4446-6930,s3,no_recursion,3,2,1.6760500311990985,,,0,SPEAKER_02,3
real,long_00032_7021-4446-6930,s1,ungated_deflation,3,1,21.545622922476674,0,0,0,SPEAKER_01,3
real,long_00032_7021-4446-6930,s1,ungated_deflation,3,2,1.2405552138417362,0,0,0,SPEAKER_01,3
real,long_00032_7021-4446-6930,s2,ungated_deflation,3,1,46.30463467574934,1,1,0,SPEAKER_00,3
real,long_00032_7021-4446-6930,s2,ungated_deflation,3,2,-0.019875471011492972,1,1,0,SPEAKER_00,3
real,long_00032_7021-4446-6930,s3,ungated_deflation,3,1,15.251431180131483,2,2,0,SPEAKER_02,3
real,long_00032_7021-4446-6930,s3,ungated_deflation,3,2,0.4194354453529861,2,2,0,SPEAKER_02,3
real,long_00032_7021-4446-6930,s1,gated_deflation,3,1,21.545622922476674,0,0,0,SPEAKER_01,3
real,long_00032_7021-4446-6930,s1,gated_deflation,3,2,1.2405552138417362,0,0,0,SPEAKER_01,3
real,long_00032_7021-4446-6930,s2,gated_deflation,3,1,46.30463467574934,1,1,0,SPEAKER_00,3
real,long_00032_7021-4446-6930,s2,gated_deflation,3,2,-0.019875471011492972,1,1,0,SPEAKER_00,3
real,long_00032_7021-4446-6930,s3,gated_deflation,3,1,15.251431180131483,2,2,0,SPEAKER_02,3
real,long_00032_7021-4446-6930,s3,gated_deflation,3,2,0.4194354453529861,2,2,0,SPEAKER_02,3
real,long_00032_7021-4446-6930,s1,coarse_to_fine,3,1,21.545622922476674,,,2,SPEAKER_01,3
real,long_00032_7021-4446-6930,s1,coarse_to_fine,3,2,0.7219679481787897,,,2,SPEAKER_01,3
real,long_00032_7021-4446-6930,s2,coarse_to_fine,3,1,46.30463467574934,,,2,SPEAKER_00,3
real,long_00032_7021-4446-6930,s2,coarse_to_fine,3,2,2.079551611362257,,,2,SPEAKER_00,3
real,long_00032_7021-4446-6930,s3,coarse_to_fine,3,1,15.251431180131483,,,2,SPEAKER_02,3
real,long_00032_7021-4446-6930,s3,coarse_to_fine,3,2,0.862084080626103,,,2,SPEAKER_02,3
real_forced_m,long_00032_7021-4446-6930,s1,no_recursion,3,1,21.545622922476674,,,0,SPEAKER_01,3
real_forced_m,long_00032_7021-4446-6930,s1,no_recursion,3,2,1.2405552138417362,,,0,SPEAKER_01,3
real_forced_m,long_00032_7021-4446-6930,s2,no_recursion,3,1,46.30463467574934,,,0,SPEAKER_00,3
real_forced_m,long_00032_7021-4446-6930,s2,no_recursion,3,2,2.4078240817584056,,,0,SPEAKER_00,3
real_forced_m,long_00032_7021-4446-6930,s3,no_recursion,3,1,15.251431180131483,,,0,SPEAKER_02,3
real_forced_m,long_00032_7021-4446-6930,s3,no_recursion,3,2,1.6760500311990985,,,0,SPEAKER_02,3
real_forced_m,long_00032_7021-4446-6930,s1,ungated_deflation,3,1,21.545622922476674,0,0,0,SPEAKER_01,3
real_forced_m,long_00032_7021-4446-6930,s1,ungated_deflation,3,2,1.2405552138417362,0,0,0,SPEAKER_01,3
real_forced_m,long_00032_7021-4446-6930,s2,ungated_deflation,3,1,46.30463467574934,1,1,0,SPEAKER_00,3
real_forced_m,long_00032_7021-4446-6930,s2,ungated_deflation,3,2,-0.019875471011492972,1,1,0,SPEAKER_00,3
real_forced_m,long_00032_7021-4446-6930,s3,ungated_deflation,3,1,15.251431180131483,2,2,0,SPEAKER_02,3
real_forced_m,long_00032_7021-4446-6930,s3,ungated_deflation,3,2,0.4194354453529861,2,2,0,SPEAKER_02,3
real_forced_m,long_00032_7021-4446-6930,s1,gated_deflation,3,1,21.545622922476674,0,0,0,SPEAKER_01,3
real_forced_m,long_00032_7021-4446-6930,s1,gated_deflation,3,2,1.2405552138417362,0,0,0,SPEAKER_01,3
real_forced_m,long_00032_7021-4446-6930,s2,gated_deflation,3,1,46.30463467574934,1,1,0,SPEAKER_00,3
real_forced_m,long_00032_7021-4446-6930,s2,gated_deflation,3,2,-0.019875471011492972,1,1,0,SPEAKER_00,3
real_forced_m,long_00032_7021-4446-6930,s3,gated_deflation,3,1,15.251431180131483,2,2,0,SPEAKER_02,3
real_forced_m,long_00032_7021-4446-6930,s3,gated_deflation,3,2,0.4194354453529861,2,2,0,SPEAKER_02,3
real_forced_m,long_00032_7021-4446-6930,s1,coarse_to_fine,3,1,21.545622922476674,,,2,SPEAKER_01,3
real_forced_m,long_00032_7021-4446-6930,s1,coarse_to_fine,3,2,0.7219679481787897,,,2,SPEAKER_01,3
real_forced_m,long_00032_7021-4446-6930,s2,coarse_to_fine,3,1,46.30463467574934,,,2,SPEAKER_00,3
real_forced_m,long_00032_7021-4446-6930,s2,coarse_to_fine,3,2,2.079551611362257,,,2,SPEAKER_00,3
real_forced_m,long_00032_7021-4446-6930,s3,coarse_to_fine,3,1,15.251431180131483,,,2,SPEAKER_02,3
real_forced_m,long_00032_7021-4446-6930,s3,coarse_to_fine,3,2,0.862084080626103,,,2,SPEAKER_02,3
real_index_order,long_00032_7021-4446-6930,s1,no_recursion,3,1,21.545622922476674,,,0,SPEAKER_01,3
real_index_order,long_00032_7021-4446-6930,s1,no_recursion,3,2,1.2405552138417362,,,0,SPEAKER_01,3
real_index_order,long_00032_7021-4446-6930,s2,no_recursion,3,1,46.30463467574934,,,0,SPEAKER_00,3
real_index_order,long_00032_7021-4446-6930,s2,no_recursion,3,2,2.4078240817584056,,,0,SPEAKER_00,3
real_index_order,long_00032_7021-4446-6930,s3,no_recursion,3,1,15.251431180131483,,,0,SPEAKER_02,3
real_index_order,long_00032_7021-4446-6930,s3,no_recursion,3,2,1.6760500311990985,,,0,SPEAKER_02,3
real_index_order,long_00032_7021-4446-6930,s1,ungated_deflation,3,1,21.545622922476674,0,0,0,SPEAKER_01,3
real_index_order,long_00032_7021-4446-6930,s1,ungated_deflation,3,2,1.2405552138417362,0,0,0,SPEAKER_01,3
real_index_order,long_00032_7021-4446-6930,s2,ungated_deflation,3,1,46.30463467574934,1,1,0,SPEAKER_00,3
real_index_order,long_00032_7021-4446-6930,s2,ungated_deflation,3,2,-0.019875471011492972,1,1,0,SPEAKER_00,3
real_index_order,long_00032_7021-4446-6930,s3,ungated_deflation,3,1,15.251431180131483,2,2,0,SPEAKER_02,3
real_index_order,long_00032_7021-4446-6930,s3,ungated_deflation,3,2,0.4194354453529861,2,2,0,SPEAKER_02,3
real_index_order,long_00032_7021-4446-6930,s1,gated_deflation,3,1,21.545622922476674,0,0,0,SPEAKER_01,3
real_index_order,long_00032_7021-4446-6930,s1,gated_deflation,3,2,1.2405552138417362,0,0,0,SPEAKER_01,3
real_index_order,long_00032_7021-4446-6930,s2,gated_deflation,3,1,46.30463467574934,1,1,0,SPEAKER_00,3
real_index_order,long_00032_7021-4446-6930,s2,gated_deflation,3,2,-0.019875471011492972,1,1,0,SPEAKER_00,3
real_index_order,long_00032_7021-4446-6930,s3,gated_deflation,3,1,15.251431180131483,2,2,0,SPEAKER_02,3
real_index_order,long_00032_7021-4446-6930,s3,gated_deflation,3,2,0.4194354453529861,2,2,0,SPEAKER_02,3
real_index_order,long_00032_7021-4446-6930,s1,coarse_to_fine,3,1,21.545622922476674,,,2,SPEAKER_01,3
real_index_order,long_00032_7021-4446-6930,s1,coarse_to_fine,3,2,0.7219679481787897,,,2,SPEAKER_01,3
real_index_order,long_00032_7021-4446-6930,s2,coarse_to_fine,3,1,46.30463467574934,,,2,SPEAKER_00,3
real_index_order,long_00032_7021-4446-6930,s2,coarse_to_fine,3,2,2.079551611362257,,,2,SPEAKER_00,3
real_index_order,long_00032_7021-4446-6930,s3,coarse_to_fine,3,1,15.251431180131483,,,2,SPEAKER_02,3
real_index_order,long_00032_7021-4446-6930,s3,coarse_to_fine,3,2,0.862084080626103,,,2,SPEAKER_02,3
oracle,long_00033_4507-4446-4970,s1,no_recursion,3,1,45.432482336428315,,,0,s1,3
oracle,long_00033_4507-4446-4970,s1,no_recursion,3,2,-0.7631830096965047,,,0,s1,3
oracle,long_00033_4507-4446-4970,s2,no_recursion,3,1,39.47752100961872,,,0,s2,3
oracle,long_00033_4507-4446-4970,s2,no_recursion,3,2,-0.19515937043061427,,,0,s2,3
oracle,long_00033_4507-4446-4970,s3,no_recursion,3,1,59.484047702797,,,0,s3,3
oracle,long_00033_4507-4446-4970,s3,no_recursion,3,2,4.898362401459043,,,0,s3,3
oracle,long_00033_4507-4446-4970,s1,ungated_deflation,3,1,45.432482336428315,0,0,0,s1,3
oracle,long_00033_4507-4446-4970,s1,ungated_deflation,3,2,-0.7631830096965047,0,0,0,s1,3
oracle,long_00033_4507-4446-4970,s2,ungated_deflation,3,1,39.58200298051566,1,1,0,s2,3
oracle,long_00033_4507-4446-4970,s2,ungated_deflation,3,2,-2.2694402193059284,1,1,0,s2,3
oracle,long_00033_4507-4446-4970,s3,ungated_deflation,3,1,54.30246047713497,2,2,0,s3,3
oracle,long_00033_4507-4446-4970,s3,ungated_deflation,3,2,1.8836901098552497,2,2,0,s3,3
oracle,long_00033_4507-4446-4970,s1,gated_deflation,3,1,45.432482336428315,0,0,0,s1,3
oracle,long_00033_4507-4446-4970,s1,gated_deflation,3,2,-0.7631830096965047,0,0,0,s1,3
oracle,long_00033_4507-4446-4970,s2,gated_deflation,3,1,39.58200298051566,1,1,0,s2,3
oracle,long_00033_4507-4446-4970,s2,gated_deflation,3,2,-2.2694402193059284,1,1,0,s2,3
oracle,long_00033_4507-4446-4970,s3,gated_deflation,3,1,54.30246047713497,2,2,0,s3,3
oracle,long_00033_4507-4446-4970,s3,gated_deflation,3,2,1.8836901098552497,2,2,0,s3,3
oracle,long_00033_4507-4446-4970,s1,coarse_to_fine,3,1,45.432482336428315,,,2,s1,3
oracle,long_00033_4507-4446-4970,s1,coarse_to_fine,3,2,-0.7631830096965047,,,2,s1,3
oracle,long_00033_4507-4446-4970,s2,coarse_to_fine,3,1,39.96964175396886,,,2,s2,3
oracle,long_00033_4507-4446-4970,s2,coarse_to_fine,3,2,-0.8288738494518104,,,2,s2,3
oracle,long_00033_4507-4446-4970,s3,coarse_to_fine,3,1,61.48592255915666,,,2,s3,3
oracle,long_00033_4507-4446-4970,s3,coarse_to_fine,3,2,3.3266488756506267,,,2,s3,3
real,long_00033_4507-4446-4970,s1,no_recursion,3,1,43.02955287414291,,,0,SPEAKER_01,3
real,long_00033_4507-4446-4970,s1,no_recursion,3,2,-1.5140640947620765,,,0,SPEAKER_01,3
real,long_00033_4507-4446-4970,s2,no_recursion,3,1,43.013464735582865,,,0,SPEAKER_02,3
real,long_00033_4507-4446-4970,s2,no_recursion,3,2,-5.655486682357064,,,0,SPEAKER_02,3
real,long_00033_4507-4446-4970,s3,no_recursion,3,1,39.84955331410604,,,0,SPEAKER_00,3
real,long_00033_4507-4446-4970,s3,no_recursion,3,2,0.9541912439332312,,,0,SPEAKER_00,3
real,long_00033_4507-4446-4970,s1,ungated_deflation,3,1,43.02955287414291,0,0,0,SPEAKER_01,3
real,long_00033_4507-4446-4970,s1,ungated_deflation,3,2,-1.5140640947620765,0,0,0,SPEAKER_01,3
real,long_00033_4507-4446-4970,s2,ungated_deflation,3,1,43.013464735582865,2,2,0,SPEAKER_02,3
real,long_00033_4507-4446-4970,s2,ungated_deflation,3,2,-4.723426060262693,2,2,0,SPEAKER_02,3
real,long_00033_4507-4446-4970,s3,ungated_deflation,3,1,39.84955331410604,1,1,0,SPEAKER_00,3
real,long_00033_4507-4446-4970,s3,ungated_deflation,3,2,-0.1721504178180428,1,1,0,SPEAKER_00,3
real,long_00033_4507-4446-4970,s1,gated_deflation,3,1,43.02955287414291,0,0,0,SPEAKER_01,3
real,long_00033_4507-4446-4970,s1,gated_deflation,3,2,-1.5140640947620765,0,0,0,SPEAKER_01,3
real,long_00033_4507-4446-4970,s2,gated_deflation,3,1,43.013464735582865,2,2,0,SPEAKER_02,3
real,long_00033_4507-4446-4970,s2,gated_deflation,3,2,-4.723426060262693,2,2,0,SPEAKER_02,3
real,long_00033_4507-4446-4970,s3,gated_deflation,3,1,39.84955331410604,1,1,0,SPEAKER_00,3
real,long_00033_4507-4446-4970,s3,gated_deflation,3,2,-0.1721504178180428,1,1,0,SPEAKER_00,3
real,long_00033_4507-4446-4970,s1,coarse_to_fine,3,1,43.02955287414291,,,2,SPEAKER_01,3
real,long_00033_4507-4446-4970,s1,coarse_to_fine,3,2,-1.5140640947620765,,,2,SPEAKER_01,3
real,long_00033_4507-4446-4970,s2,coarse_to_fine,3,1,43.013464735582865,,,2,SPEAKER_02,3
real,long_00033_4507-4446-4970,s2,coarse_to_fine,3,2,-5.655486682357064,,,2,SPEAKER_02,3
real,long_00033_4507-4446-4970,s3,coarse_to_fine,3,1,39.84955331410604,,,2,SPEAKER_00,3
real,long_00033_4507-4446-4970,s3,coarse_to_fine,3,2,0.30860655129220393,,,2,SPEAKER_00,3
real_forced_m,long_00033_4507-4446-4970,s1,no_recursion,3,1,43.02955287414291,,,0,SPEAKER_01,3
real_forced_m,long_00033_4507-4446-4970,s1,no_recursion,3,2,-1.5140640947620765,,,0,SPEAKER_01,3
real_forced_m,long_00033_4507-4446-4970,s2,no_recursion,3,1,43.013464735582865,,,0,SPEAKER_02,3
real_forced_m,long_00033_4507-4446-4970,s2,no_recursion,3,2,-5.655486682357064,,,0,SPEAKER_02,3
real_forced_m,long_00033_4507-4446-4970,s3,no_recursion,3,1,39.84955331410604,,,0,SPEAKER_00,3
real_forced_m,long_00033_4507-4446-4970,s3,no_recursion,3,2,0.9541912439332312,,,0,SPEAKER_00,3
real_forced_m,long_00033_4507-4446-4970,s1,ungated_deflation,3,1,43.02955287414291,0,0,0,SPEAKER_01,3
real_forced_m,long_00033_4507-4446-4970,s1,ungated_deflation,3,2,-1.5140640947620765,0,0,0,SPEAKER_01,3
real_forced_m,long_00033_4507-4446-4970,s2,ungated_deflation,3,1,43.013464735582865,2,2,0,SPEAKER_02,3
real_forced_m,long_00033_4507-4446-4970,s2,ungated_deflation,3,2,-4.723426060262693,2,2,0,SPEAKER_02,3
real_forced_m,long_00033_4507-4446-4970,s3,ungated_deflation,3,1,39.84955331410604,1,1,0,SPEAKER_00,3
real_forced_m,long_00033_4507-4446-4970,s3,ungated_deflation,3,2,-0.1721504178180428,1,1,0,SPEAKER_00,3
real_forced_m,long_00033_4507-4446-4970,s1,gated_deflation,3,1,43.02955287414291,0,0,0,SPEAKER_01,3
real_forced_m,long_00033_4507-4446-4970,s1,gated_deflation,3,2,-1.5140640947620765,0,0,0,SPEAKER_01,3
real_forced_m,long_00033_4507-4446-4970,s2,gated_deflation,3,1,43.013464735582865,2,2,0,SPEAKER_02,3
real_forced_m,long_00033_4507-4446-4970,s2,gated_deflation,3,2,-4.723426060262693,2,2,0,SPEAKER_02,3
real_forced_m,long_00033_4507-4446-4970,s3,gated_deflation,3,1,39.84955331410604,1,1,0,SPEAKER_00,3
real_forced_m,long_00033_4507-4446-4970,s3,gated_deflation,3,2,-0.1721504178180428,1,1,0,SPEAKER_00,3
real_forced_m,long_00033_4507-4446-4970,s1,coarse_to_fine,3,1,43.02955287414291,,,2,SPEAKER_01,3
real_forced_m,long_00033_4507-4446-4970,s1,coarse_to_fine,3,2,-1.5140640947620765,,,2,SPEAKER_01,3
real_forced_m,long_00033_4507-4446-4970,s2,coarse_to_fine,3,1,43.013464735582865,,,2,SPEAKER_02,3
real_forced_m,long_00033_4507-4446-4970,s2,coarse_to_fine,3,2,-5.655486682357064,,,2,SPEAKER_02,3
real_forced_m,long_00033_4507-4446-4970,s3,coarse_to_fine,3,1,39.84955331410604,,,2,SPEAKER_00,3
real_forced_m,long_00033_4507-4446-4970,s3,coarse_to_fine,3,2,0.30860655129220393,,,2,SPEAKER_00,3
real_index_order,long_00033_4507-4446-4970,s1,no_recursion,3,1,43.02955287414291,,,0,SPEAKER_01,3
real_index_order,long_00033_4507-4446-4970,s1,no_recursion,3,2,-1.5140640947620765,,,0,SPEAKER_01,3
real_index_order,long_00033_4507-4446-4970,s2,no_recursion,3,1,43.013464735582865,,,0,SPEAKER_02,3
real_index_order,long_00033_4507-4446-4970,s2,no_recursion,3,2,-5.655486682357064,,,0,SPEAKER_02,3
real_index_order,long_00033_4507-4446-4970,s3,no_recursion,3,1,39.84955331410604,,,0,SPEAKER_00,3
real_index_order,long_00033_4507-4446-4970,s3,no_recursion,3,2,0.9541912439332312,,,0,SPEAKER_00,3
real_index_order,long_00033_4507-4446-4970,s1,ungated_deflation,3,1,43.02955287414291,0,0,0,SPEAKER_01,3
real_index_order,long_00033_4507-4446-4970,s1,ungated_deflation,3,2,-1.5140640947620765,0,0,0,SPEAKER_01,3
real_index_order,long_00033_4507-4446-4970,s2,ungated_deflation,3,1,43.013464735582865,1,1,0,SPEAKER_02,3
real_index_order,long_00033_4507-4446-4970,s2,ungated_deflation,3,2,-5.401770265163851,1,1,0,SPEAKER_02,3
real_index_order,long_00033_4507-4446-4970,s3,ungated_deflation,3,1,39.84955331410604,2,2,0,SPEAKER_00,3
real_index_order,long_00033_4507-4446-4970,s3,ungated_deflation,3,2,-0.06643604970061798,2,2,0,SPEAKER_00,3
real_index_order,long_00033_4507-4446-4970,s1,gated_deflation,3,1,43.02955287414291,0,0,0,SPEAKER_01,3
real_index_order,long_00033_4507-4446-4970,s1,gated_deflation,3,2,-1.5140640947620765,0,0,0,SPEAKER_01,3
real_index_order,long_00033_4507-4446-4970,s2,gated_deflation,3,1,43.013464735582865,1,1,0,SPEAKER_02,3
real_index_order,long_00033_4507-4446-4970,s2,gated_deflation,3,2,-5.401770265163851,1,1,0,SPEAKER_02,3
real_index_order,long_00033_4507-4446-4970,s3,gated_deflation,3,1,39.84955331410604,2,2,0,SPEAKER_00,3
real_index_order,long_00033_4507-4446-4970,s3,gated_deflation,3,2,-0.06643604970061798,2,2,0,SPEAKER_00,3
real_index_order,long_00033_4507-4446-4970,s1,coarse_to_fine,3,1,43.02955287414291,,,2,SPEAKER_01,3
real_index_order,long_00033_4507-4446-4970,s1,coarse_to_fine,3,2,-1.5140640947620765,,,2,SPEAKER_01,3
real_index_order,long_00033_4507-4446-4970,s2,coarse_to_fine,3,1,43.013464735582865,,,2,SPEAKER_02,3
real_index_order,long_00033_4507-4446-4970,s2,coarse_to_fine,3,2,-5.655486682357064,,,2,SPEAKER_02,3
real_index_order,long_00033_4507-4446-4970,s3,coarse_to_fine,3,1,39.84955331410604,,,2,SPEAKER_00,3
real_index_order,long_00033_4507-4446-4970,s3,coarse_to_fine,3,2,0.30860655129220393,,,2,SPEAKER_00,3
oracle,long_00034_61-260-8555,s1,no_recursion,3,1,55.82940836535033,,,0,s1,3
oracle,long_00034_61-260-8555,s1,no_recursion,3,2,1.295426510538156,,,0,s1,3
oracle,long_00034_61-260-8555,s2,no_recursion,3,1,50.38311769135609,,,0,s2,3
oracle,long_00034_61-260-8555,s2,no_recursion,3,2,0.36240555364664834,,,0,s2,3
oracle,long_00034_61-260-8555,s3,no_recursion,3,1,100.14973043683156,,,0,s3,3
oracle,long_00034_61-260-8555,s3,no_recursion,3,2,2.4138289212273287,,,0,s3,3
oracle,long_00034_61-260-8555,s1,ungated_deflation,3,1,55.82940836535033,0,0,0,s1,3
oracle,long_00034_61-260-8555,s1,ungated_deflation,3,2,1.295426510538156,0,0,0,s1,3
oracle,long_00034_61-260-8555,s2,ungated_deflation,3,1,49.22344694586057,1,1,0,s2,3
oracle,long_00034_61-260-8555,s2,ungated_deflation,3,2,-4.462388240316428,1,1,0,s2,3
oracle,long_00034_61-260-8555,s3,ungated_deflation,3,1,100.40426885809202,2,2,0,s3,3
oracle,long_00034_61-260-8555,s3,ungated_deflation,3,2,-1.2269026613991758,2,2,0,s3,3
oracle,long_00034_61-260-8555,s1,gated_deflation,3,1,55.82940836535033,0,0,0,s1,3
oracle,long_00034_61-260-8555,s1,gated_deflation,3,2,1.295426510538156,0,0,0,s1,3
oracle,long_00034_61-260-8555,s2,gated_deflation,3,1,49.22344694586057,1,1,0,s2,3
oracle,long_00034_61-260-8555,s2,gated_deflation,3,2,-4.462388240316428,1,1,0,s2,3
oracle,long_00034_61-260-8555,s3,gated_deflation,3,1,100.40426885809202,2,2,0,s3,3
oracle,long_00034_61-260-8555,s3,gated_deflation,3,2,-1.2269026613991758,2,2,0,s3,3
oracle,long_00034_61-260-8555,s1,coarse_to_fine,3,1,55.102970519438735,,,2,s1,3
oracle,long_00034_61-260-8555,s1,coarse_to_fine,3,2,0.9598641731657648,,,2,s1,3
oracle,long_00034_61-260-8555,s2,coarse_to_fine,3,1,50.517237472014315,,,2,s2,3
oracle,long_00034_61-260-8555,s2,coarse_to_fine,3,2,0.26388741852476394,,,2,s2,3
oracle,long_00034_61-260-8555,s3,coarse_to_fine,3,1,100.12678098566782,,,2,s3,3
oracle,long_00034_61-260-8555,s3,coarse_to_fine,3,2,3.7966549028506256,,,2,s3,3
real,long_00034_61-260-8555,s1,no_recursion,3,1,26.504347139820386,,,0,SPEAKER_02,3
real,long_00034_61-260-8555,s1,no_recursion,3,2,2.028197077443293,,,0,SPEAKER_02,3
real,long_00034_61-260-8555,s2,no_recursion,3,1,48.94121897523885,,,0,SPEAKER_01,3
real,long_00034_61-260-8555,s2,no_recursion,3,2,-1.1196191700971923,,,0,SPEAKER_01,3
real,long_00034_61-260-8555,s3,no_recursion,3,1,46.639297802416934,,,0,SPEAKER_00,3
real,long_00034_61-260-8555,s3,no_recursion,3,2,-0.09791781648448829,,,0,SPEAKER_00,3
real,long_00034_61-260-8555,s1,ungated_deflation,3,1,26.504347139820386,0,0,0,SPEAKER_02,3
real,long_00034_61-260-8555,s1,ungated_deflation,3,2,2.028197077443293,0,0,0,SPEAKER_02,3
real,long_00034_61-260-8555,s2,ungated_deflation,3,1,48.94121897523885,2,2,0,SPEAKER_01,3
real,long_00034_61-260-8555,s2,ungated_deflation,3,2,-4.506561154063321,2,2,0,SPEAKER_01,3
real,long_00034_61-260-8555,s3,ungated_deflation,3,1,46.639297802416934,1,1,0,SPEAKER_00,3
real,long_00034_61-260-8555,s3,ungated_deflation,3,2,0.40919525382543054,1,1,0,SPEAKER_00,3
real,long_00034_61-260-8555,s1,gated_deflation,3,1,26.504347139820386,0,0,0,SPEAKER_02,3
real,long_00034_61-260-8555,s1,gated_deflation,3,2,2.028197077443293,0,0,0,SPEAKER_02,3
real,long_00034_61-260-8555,s2,gated_deflation,3,1,48.94121897523885,2,2,0,SPEAKER_01,3
real,long_00034_61-260-8555,s2,gated_deflation,3,2,-4.506561154063321,2,2,0,SPEAKER_01,3
real,long_00034_61-260-8555,s3,gated_deflation,3,1,46.639297802416934,1,1,0,SPEAKER_00,3
real,long_00034_61-260-8555,s3,gated_deflation,3,2,0.40919525382543054,1,1,0,SPEAKER_00,3
real,long_00034_61-260-8555,s1,coarse_to_fine,3,1,26.504347139820386,,,2,SPEAKER_02,3
real,long_00034_61-260-8555,s1,coarse_to_fine,3,2,1.0567314232673373,,,2,SPEAKER_02,3
real,long_00034_61-260-8555,s2,coarse_to_fine,3,1,48.94121897523885,,,2,SPEAKER_01,3
real,long_00034_61-260-8555,s2,coarse_to_fine,3,2,-1.1196191700971923,,,2,SPEAKER_01,3
real,long_00034_61-260-8555,s3,coarse_to_fine,3,1,46.639297802416934,,,2,SPEAKER_00,3
real,long_00034_61-260-8555,s3,coarse_to_fine,3,2,0.9060312649222808,,,2,SPEAKER_00,3
real_forced_m,long_00034_61-260-8555,s1,no_recursion,3,1,26.504347139820386,,,0,SPEAKER_02,3
real_forced_m,long_00034_61-260-8555,s1,no_recursion,3,2,2.028197077443293,,,0,SPEAKER_02,3
real_forced_m,long_00034_61-260-8555,s2,no_recursion,3,1,48.94121897523885,,,0,SPEAKER_01,3
real_forced_m,long_00034_61-260-8555,s2,no_recursion,3,2,-1.1196191700971923,,,0,SPEAKER_01,3
real_forced_m,long_00034_61-260-8555,s3,no_recursion,3,1,46.639297802416934,,,0,SPEAKER_00,3
real_forced_m,long_00034_61-260-8555,s3,no_recursion,3,2,-0.09791781648448829,,,0,SPEAKER_00,3
real_forced_m,long_00034_61-260-8555,s1,ungated_deflation,3,1,26.504347139820386,0,0,0,SPEAKER_02,3
real_forced_m,long_00034_61-260-8555,s1,ungated_deflation,3,2,2.028197077443293,0,0,0,SPEAKER_02,3
real_forced_m,long_00034_61-260-8555,s2,ungated_deflation,3,1,48.94121897523885,2,2,0,SPEAKER_01,3
real_forced_m,long_00034_61-260-8555,s2,ungated_deflation,3,2,-4.506561154063321,2,2,0,SPEAKER_01,3
real_forced_m,long_00034_61-260-8555,s3,ungated_deflation,3,1,46.639297802416934,1,1,0,SPEAKER_00,3
real_forced_m,long_00034_61-260-8555,s3,ungated_deflation,3,2,0.40919525382543054,1,1,0,SPEAKER_00,3
real_forced_m,long_00034_61-260-8555,s1,gated_deflation,3,1,26.504347139820386,0,0,0,SPEAKER_02,3
real_forced_m,long_00034_61-260-8555,s1,gated_deflation,3,2,2.028197077443293,0,0,0,SPEAKER_02,3
real_forced_m,long_00034_61-260-8555,s2,gated_deflation,3,1,48.94121897523885,2,2,0,SPEAKER_01,3
real_forced_m,long_00034_61-260-8555,s2,gated_deflation,3,2,-4.506561154063321,2,2,0,SPEAKER_01,3
real_forced_m,long_00034_61-260-8555,s3,gated_deflation,3,1,46.639297802416934,1,1,0,SPEAKER_00,3
real_forced_m,long_00034_61-260-8555,s3,gated_deflation,3,2,0.40919525382543054,1,1,0,SPEAKER_00,3
real_forced_m,long_00034_61-260-8555,s1,coarse_to_fine,3,1,26.504347139820386,,,2,SPEAKER_02,3
real_forced_m,long_00034_61-260-8555,s1,coarse_to_fine,3,2,1.0567314232673373,,,2,SPEAKER_02,3
real_forced_m,long_00034_61-260-8555,s2,coarse_to_fine,3,1,48.94121897523885,,,2,SPEAKER_01,3
real_forced_m,long_00034_61-260-8555,s2,coarse_to_fine,3,2,-1.1196191700971923,,,2,SPEAKER_01,3
real_forced_m,long_00034_61-260-8555,s3,coarse_to_fine,3,1,46.639297802416934,,,2,SPEAKER_00,3
real_forced_m,long_00034_61-260-8555,s3,coarse_to_fine,3,2,0.9060312649222808,,,2,SPEAKER_00,3
real_index_order,long_00034_61-260-8555,s1,no_recursion,3,1,26.504347139820386,,,0,SPEAKER_02,3
real_index_order,long_00034_61-260-8555,s1,no_recursion,3,2,2.028197077443293,,,0,SPEAKER_02,3
real_index_order,long_00034_61-260-8555,s2,no_recursion,3,1,48.94121897523885,,,0,SPEAKER_01,3
real_index_order,long_00034_61-260-8555,s2,no_recursion,3,2,-1.1196191700971923,,,0,SPEAKER_01,3
real_index_order,long_00034_61-260-8555,s3,no_recursion,3,1,46.639297802416934,,,0,SPEAKER_00,3
real_index_order,long_00034_61-260-8555,s3,no_recursion,3,2,-0.09791781648448829,,,0,SPEAKER_00,3
real_index_order,long_00034_61-260-8555,s1,ungated_deflation,3,1,26.504347139820386,0,0,0,SPEAKER_02,3
real_index_order,long_00034_61-260-8555,s1,ungated_deflation,3,2,2.028197077443293,0,0,0,SPEAKER_02,3
real_index_order,long_00034_61-260-8555,s2,ungated_deflation,3,1,48.94121897523885,1,1,0,SPEAKER_01,3
real_index_order,long_00034_61-260-8555,s2,ungated_deflation,3,2,-5.951956910084983,1,1,0,SPEAKER_01,3
real_index_order,long_00034_61-260-8555,s3,ungated_deflation,3,1,46.639297802416934,2,2,0,SPEAKER_00,3
real_index_order,long_00034_61-260-8555,s3,ungated_deflation,3,2,-3.1564899007216067,2,2,0,SPEAKER_00,3
real_index_order,long_00034_61-260-8555,s1,gated_deflation,3,1,26.504347139820386,0,0,0,SPEAKER_02,3
real_index_order,long_00034_61-260-8555,s1,gated_deflation,3,2,2.028197077443293,0,0,0,SPEAKER_02,3
real_index_order,long_00034_61-260-8555,s2,gated_deflation,3,1,48.94121897523885,1,1,0,SPEAKER_01,3
real_index_order,long_00034_61-260-8555,s2,gated_deflation,3,2,-5.951956910084983,1,1,0,SPEAKER_01,3
real_index_order,long_00034_61-260-8555,s3,gated_deflation,3,1,46.639297802416934,2,2,0,SPEAKER_00,3
real_index_order,long_00034_61-260-8555,s3,gated_deflation,3,2,-3.1564899007216067,2,2,0,SPEAKER_00,3
real_index_order,long_00034_61-260-8555,s1,coarse_to_fine,3,1,26.504347139820386,,,2,SPEAKER_02,3
real_index_order,long_00034_61-260-8555,s1,coarse_to_fine,3,2,1.0567314232673373,,,2,SPEAKER_02,3
real_index_order,long_00034_61-260-8555,s2,coarse_to_fine,3,1,48.94121897523885,,,2,SPEAKER_01,3
real_index_order,long_00034_61-260-8555,s2,coarse_to_fine,3,2,-1.1196191700971923,,,2,SPEAKER_01,3
real_index_order,long_00034_61-260-8555,s3,coarse_to_fine,3,1,46.639297802416934,,,2,SPEAKER_00,3
real_index_order,long_00034_61-260-8555,s3,coarse_to_fine,3,2,0.9060312649222808,,,2,SPEAKER_00,3
oracle,long_00035_260-4992-7021,s1,no_recursion,3,1,60.86532638652628,,,0,s1,3
oracle,long_00035_260-4992-7021,s1,no_recursion,3,2,4.102273236508907,,,0,s1,3
oracle,long_00035_260-4992-7021,s2,no_recursion,3,1,42.509959502956924,,,0,s2,3
oracle,long_00035_260-4992-7021,s2,no_recursion,3,2,4.273426614059463,,,0,s2,3
oracle,long_00035_260-4992-7021,s3,no_recursion,3,1,56.12545495852329,,,0,s3,3
oracle,long_00035_260-4992-7021,s3,no_recursion,3,2,3.922905476841059,,,0,s3,3
oracle,long_00035_260-4992-7021,s1,ungated_deflation,3,1,60.86532638652628,0,0,0,s1,3
oracle,long_00035_260-4992-7021,s1,ungated_deflation,3,2,4.102273236508907,0,0,0,s1,3
oracle,long_00035_260-4992-7021,s2,ungated_deflation,3,1,42.73609234799623,1,1,0,s2,3
oracle,long_00035_260-4992-7021,s2,ungated_deflation,3,2,2.2024417443378836,1,1,0,s2,3
oracle,long_00035_260-4992-7021,s3,ungated_deflation,3,1,55.843292168879124,2,2,0,s3,3
oracle,long_00035_260-4992-7021,s3,ungated_deflation,3,2,5.588154878996059,2,2,0,s3,3
oracle,long_00035_260-4992-7021,s1,gated_deflation,3,1,60.86532638652628,0,0,0,s1,3
oracle,long_00035_260-4992-7021,s1,gated_deflation,3,2,4.102273236508907,0,0,0,s1,3
oracle,long_00035_260-4992-7021,s2,gated_deflation,3,1,42.73609234799623,1,1,0,s2,3
oracle,long_00035_260-4992-7021,s2,gated_deflation,3,2,2.2024417443378836,1,1,0,s2,3
oracle,long_00035_260-4992-7021,s3,gated_deflation,3,1,55.843292168879124,2,2,0,s3,3
oracle,long_00035_260-4992-7021,s3,gated_deflation,3,2,5.588154878996059,2,2,0,s3,3
oracle,long_00035_260-4992-7021,s1,coarse_to_fine,3,1,61.08627156854161,,,2,s1,3
oracle,long_00035_260-4992-7021,s1,coarse_to_fine,3,2,4.910898418769534,,,2,s1,3
oracle,long_00035_260-4992-7021,s2,coarse_to_fine,3,1,43.73997598942574,,,2,s2,3
oracle,long_00035_260-4992-7021,s2,coarse_to_fine,3,2,0.351688637683211,,,2,s2,3
oracle,long_00035_260-4992-7021,s3,coarse_to_fine,3,1,56.003373274583915,,,2,s3,3
oracle,long_00035_260-4992-7021,s3,coarse_to_fine,3,2,3.915201861513833,,,2,s3,3
real,long_00035_260-4992-7021,s1,no_recursion,3,1,47.35930370656243,,,0,SPEAKER_01,3
real,long_00035_260-4992-7021,s1,no_recursion,3,2,-1.7977272933050947,,,0,SPEAKER_01,3
real,long_00035_260-4992-7021,s2,no_recursion,3,1,40.58047711625829,,,0,SPEAKER_00,3
real,long_00035_260-4992-7021,s2,no_recursion,3,2,-0.5758354427401033,,,0,SPEAKER_00,3
real,long_00035_260-4992-7021,s3,no_recursion,3,1,52.343688271328766,,,0,SPEAKER_02,3
real,long_00035_260-4992-7021,s3,no_recursion,3,2,-2.2513249986688173,,,0,SPEAKER_02,3
real,long_00035_260-4992-7021,s1,ungated_deflation,3,1,47.35930370656243,2,2,0,SPEAKER_01,3
real,long_00035_260-4992-7021,s1,ungated_deflation,3,2,-1.0593170894889157,2,2,0,SPEAKER_01,3
real,long_00035_260-4992-7021,s2,ungated_deflation,3,1,40.58047711625829,1,1,0,SPEAKER_00,3
real,long_00035_260-4992-7021,s2,ungated_deflation,3,2,-1.299713547894858,1,1,0,SPEAKER_00,3
real,long_00035_260-4992-7021,s3,ungated_deflation,3,1,52.343688271328766,0,0,0,SPEAKER_02,3
real,long_00035_260-4992-7021,s3,ungated_deflation,3,2,-2.2513249986688173,0,0,0,SPEAKER_02,3
real,long_00035_260-4992-7021,s1,gated_deflation,3,1,47.35930370656243,2,2,0,SPEAKER_01,3
real,long_00035_260-4992-7021,s1,gated_deflation,3,2,-1.0593170894889157,2,2,0,SPEAKER_01,3
real,long_00035_260-4992-7021,s2,gated_deflation,3,1,40.58047711625829,1,1,0,SPEAKER_00,3
real,long_00035_260-4992-7021,s2,gated_deflation,3,2,-1.299713547894858,1,1,0,SPEAKER_00,3
real,long_00035_260-4992-7021,s3,gated_deflation,3,1,52.343688271328766,0,0,0,SPEAKER_02,3
real,long_00035_260-4992-7021,s3,gated_deflation,3,2,-2.2513249986688173,0,0,0,SPEAKER_02,3
real,long_00035_260-4992-7021,s1,coarse_to_fine,3,1,47.35930370656243,,,2,SPEAKER_01,3
real,long_00035_260-4992-7021,s1,coarse_to_fine,3,2,-1.3453760029503834,,,2,SPEAKER_01,3
real,long_00035_260-4992-7021,s2,coarse_to_fine,3,1,40.58047711625829,,,2,SPEAKER_00,3
real,long_00035_260-4992-7021,s2,coarse_to_fine,3,2,-0.4293803800088637,,,2,SPEAKER_00,3
real,long_00035_260-4992-7021,s3,coarse_to_fine,3,1,52.343688271328766,,,2,SPEAKER_02,3
real,long_00035_260-4992-7021,s3,coarse_to_fine,3,2,-2.4228912519889607,,,2,SPEAKER_02,3
real_forced_m,long_00035_260-4992-7021,s1,no_recursion,3,1,47.35930370656243,,,0,SPEAKER_01,3
real_forced_m,long_00035_260-4992-7021,s1,no_recursion,3,2,-1.7977272933050947,,,0,SPEAKER_01,3
real_forced_m,long_00035_260-4992-7021,s2,no_recursion,3,1,40.58047711625829,,,0,SPEAKER_00,3
real_forced_m,long_00035_260-4992-7021,s2,no_recursion,3,2,-0.5758354427401033,,,0,SPEAKER_00,3
real_forced_m,long_00035_260-4992-7021,s3,no_recursion,3,1,52.343688271328766,,,0,SPEAKER_02,3
real_forced_m,long_00035_260-4992-7021,s3,no_recursion,3,2,-2.2513249986688173,,,0,SPEAKER_02,3
real_forced_m,long_00035_260-4992-7021,s1,ungated_deflation,3,1,47.35930370656243,2,2,0,SPEAKER_01,3
real_forced_m,long_00035_260-4992-7021,s1,ungated_deflation,3,2,-1.0593170894889157,2,2,0,SPEAKER_01,3
real_forced_m,long_00035_260-4992-7021,s2,ungated_deflation,3,1,40.58047711625829,1,1,0,SPEAKER_00,3
real_forced_m,long_00035_260-4992-7021,s2,ungated_deflation,3,2,-1.299713547894858,1,1,0,SPEAKER_00,3
real_forced_m,long_00035_260-4992-7021,s3,ungated_deflation,3,1,52.343688271328766,0,0,0,SPEAKER_02,3
real_forced_m,long_00035_260-4992-7021,s3,ungated_deflation,3,2,-2.2513249986688173,0,0,0,SPEAKER_02,3
real_forced_m,long_00035_260-4992-7021,s1,gated_deflation,3,1,47.35930370656243,2,2,0,SPEAKER_01,3
real_forced_m,long_00035_260-4992-7021,s1,gated_deflation,3,2,-1.0593170894889157,2,2,0,SPEAKER_01,3
real_forced_m,long_00035_260-4992-7021,s2,gated_deflation,3,1,40.58047711625829,1,1,0,SPEAKER_00,3
real_forced_m,long_00035_260-4992-7021,s2,gated_deflation,3,2,-1.299713547894858,1,1,0,SPEAKER_00,3
real_forced_m,long_00035_260-4992-7021,s3,gated_deflation,3,1,52.343688271328766,0,0,0,SPEAKER_02,3
real_forced_m,long_00035_260-4992-7021,s3,gated_deflation,3,2,-2.2513249986688173,0,0,0,SPEAKER_02,3
real_forced_m,long_00035_260-4992-7021,s1,coarse_to_fine,3,1,47.35930370656243,,,2,SPEAKER_01,3
real_forced_m,long_00035_260-4992-7021,s1,coarse_to_fine,3,2,-1.3453760029503834,,,2,SPEAKER_01,3
real_forced_m,long_00035_260-4992-7021,s2,coarse_to_fine,3,1,40.58047711625829,,,2,SPEAKER_00,3
real_forced_m,long_00035_260-4992-7021,s2,coarse_to_fine,3,2,-0.4293803800088637,,,2,SPEAKER_00,3
real_forced_m,long_00035_260-4992-7021,s3,coarse_to_fine,3,1,52.343688271328766,,,2,SPEAKER_02,3
real_forced_m,long_00035_260-4992-7021,s3,coarse_to_fine,3,2,-2.4228912519889607,,,2,SPEAKER_02,3
real_index_order,long_00035_260-4992-7021,s1,no_recursion,3,1,47.35930370656243,,,0,SPEAKER_01,3
real_index_order,long_00035_260-4992-7021,s1,no_recursion,3,2,-1.7977272933050947,,,0,SPEAKER_01,3
real_index_order,long_00035_260-4992-7021,s2,no_recursion,3,1,40.58047711625829,,,0,SPEAKER_00,3
real_index_order,long_00035_260-4992-7021,s2,no_recursion,3,2,-0.5758354427401033,,,0,SPEAKER_00,3
real_index_order,long_00035_260-4992-7021,s3,no_recursion,3,1,52.343688271328766,,,0,SPEAKER_02,3
real_index_order,long_00035_260-4992-7021,s3,no_recursion,3,2,-2.2513249986688173,,,0,SPEAKER_02,3
real_index_order,long_00035_260-4992-7021,s1,ungated_deflation,3,1,47.35930370656243,0,0,0,SPEAKER_01,3
real_index_order,long_00035_260-4992-7021,s1,ungated_deflation,3,2,-1.7977272933050947,0,0,0,SPEAKER_01,3
real_index_order,long_00035_260-4992-7021,s2,ungated_deflation,3,1,40.58047711625829,1,1,0,SPEAKER_00,3
real_index_order,long_00035_260-4992-7021,s2,ungated_deflation,3,2,-1.411935984699364,1,1,0,SPEAKER_00,3
real_index_order,long_00035_260-4992-7021,s3,ungated_deflation,3,1,52.343688271328766,2,2,0,SPEAKER_02,3
real_index_order,long_00035_260-4992-7021,s3,ungated_deflation,3,2,-0.92717238438664,2,2,0,SPEAKER_02,3
real_index_order,long_00035_260-4992-7021,s1,gated_deflation,3,1,47.35930370656243,0,0,0,SPEAKER_01,3
real_index_order,long_00035_260-4992-7021,s1,gated_deflation,3,2,-1.7977272933050947,0,0,0,SPEAKER_01,3
real_index_order,long_00035_260-4992-7021,s2,gated_deflation,3,1,40.58047711625829,1,1,0,SPEAKER_00,3
real_index_order,long_00035_260-4992-7021,s2,gated_deflation,3,2,-1.411935984699364,1,1,0,SPEAKER_00,3
real_index_order,long_00035_260-4992-7021,s3,gated_deflation,3,1,52.343688271328766,2,2,0,SPEAKER_02,3
real_index_order,long_00035_260-4992-7021,s3,gated_deflation,3,2,-0.92717238438664,2,2,0,SPEAKER_02,3
real_index_order,long_00035_260-4992-7021,s1,coarse_to_fine,3,1,47.35930370656243,,,2,SPEAKER_01,3
real_index_order,long_00035_260-4992-7021,s1,coarse_to_fine,3,2,-1.3453760029503834,,,2,SPEAKER_01,3
real_index_order,long_00035_260-4992-7021,s2,coarse_to_fine,3,1,40.58047711625829,,,2,SPEAKER_00,3
real_index_order,long_00035_260-4992-7021,s2,coarse_to_fine,3,2,-0.4293803800088637,,,2,SPEAKER_00,3
real_index_order,long_00035_260-4992-7021,s3,coarse_to_fine,3,1,52.343688271328766,,,2,SPEAKER_02,3
real_index_order,long_00035_260-4992-7021,s3,coarse_to_fine,3,2,-2.4228912519889607,,,2,SPEAKER_02,3
oracle,long_00036_908-7176-3575,s1,no_recursion,3,1,59.87995325152913,,,0,s1,3
oracle,long_00036_908-7176-3575,s1,no_recursion,3,2,-0.13928847022015464,,,0,s1,3
oracle,long_00036_908-7176-3575,s2,no_recursion,3,1,55.238603847565734,,,0,s2,3
oracle,long_00036_908-7176-3575,s2,no_recursion,3,2,3.1117473614990123,,,0,s2,3
oracle,long_00036_908-7176-3575,s3,no_recursion,3,1,47.1885514399517,,,0,s3,3
oracle,long_00036_908-7176-3575,s3,no_recursion,3,2,1.9740307417029217,,,0,s3,3
oracle,long_00036_908-7176-3575,s1,ungated_deflation,3,1,59.87995325152913,0,0,0,s1,3
oracle,long_00036_908-7176-3575,s1,ungated_deflation,3,2,-0.13928847022015464,0,0,0,s1,3
oracle,long_00036_908-7176-3575,s2,ungated_deflation,3,1,53.98238836171956,1,1,0,s2,3
oracle,long_00036_908-7176-3575,s2,ungated_deflation,3,2,-1.4227860766253666,1,1,0,s2,3
oracle,long_00036_908-7176-3575,s3,ungated_deflation,3,1,42.14834574709855,2,2,0,s3,3
oracle,long_00036_908-7176-3575,s3,ungated_deflation,3,2,2.3349884728243504,2,2,0,s3,3
oracle,long_00036_908-7176-3575,s1,gated_deflation,3,1,59.87995325152913,0,0,0,s1,3
oracle,long_00036_908-7176-3575,s1,gated_deflation,3,2,-0.13928847022015464,0,0,0,s1,3
oracle,long_00036_908-7176-3575,s2,gated_deflation,3,1,53.98238836171956,1,1,0,s2,3
oracle,long_00036_908-7176-3575,s2,gated_deflation,3,2,-1.4227860766253666,1,1,0,s2,3
oracle,long_00036_908-7176-3575,s3,gated_deflation,3,1,42.14834574709855,2,2,0,s3,3
oracle,long_00036_908-7176-3575,s3,gated_deflation,3,2,2.3349884728243504,2,2,0,s3,3
oracle,long_00036_908-7176-3575,s1,coarse_to_fine,3,1,59.87995325152913,,,2,s1,3
oracle,long_00036_908-7176-3575,s1,coarse_to_fine,3,2,-0.13928847022015464,,,2,s1,3
oracle,long_00036_908-7176-3575,s2,coarse_to_fine,3,1,54.22846111080936,,,2,s2,3
oracle,long_00036_908-7176-3575,s2,coarse_to_fine,3,2,3.7724266007751703,,,2,s2,3
oracle,long_00036_908-7176-3575,s3,coarse_to_fine,3,1,49.00834541971295,,,2,s3,3
oracle,long_00036_908-7176-3575,s3,coarse_to_fine,3,2,-0.37341840062107917,,,2,s3,3
real,long_00036_908-7176-3575,s1,no_recursion,3,1,34.88424155133692,,,0,SPEAKER_01,3
real,long_00036_908-7176-3575,s1,no_recursion,3,2,0.9682596129976888,,,0,SPEAKER_01,3
real,long_00036_908-7176-3575,s2,no_recursion,3,1,inf,,,0,SPEAKER_02,3
real,long_00036_908-7176-3575,s2,no_recursion,3,2,1.626321953943546,,,0,SPEAKER_02,3
real,long_00036_908-7176-3575,s3,no_recursion,3,1,38.41326923671137,,,0,SPEAKER_00,3
real,long_00036_908-7176-3575,s3,no_recursion,3,2,1.7271766404916051,,,0,SPEAKER_00,3
real,long_00036_908-7176-3575,s1,ungated_deflation,3,1,34.88424155133692,2,2,0,SPEAKER_01,3
real,long_00036_908-7176-3575,s1,ungated_deflation,3,2,0.8569650886306297,2,2,0,SPEAKER_01,3
real,long_00036_908-7176-3575,s2,ungated_deflation,3,1,inf,0,0,0,SPEAKER_02,3
real,long_00036_908-7176-3575,s2,ungated_deflation,3,2,1.626321953943546,0,0,0,SPEAKER_02,3
real,long_00036_908-7176-3575,s3,ungated_deflation,3,1,38.41326923671137,1,1,0,SPEAKER_00,3
real,long_00036_908-7176-3575,s3,ungated_deflation,3,2,2.6505331448543528,1,1,0,SPEAKER_00,3
real,long_00036_908-7176-3575,s1,gated_deflation,3,1,34.88424155133692,2,2,0,SPEAKER_01,3
real,long_00036_908-7176-3575,s1,gated_deflation,3,2,0.8569650886306297,2,2,0,SPEAKER_01,3
real,long_00036_908-7176-3575,s2,gated_deflation,3,1,inf,0,0,0,SPEAKER_02,3
real,long_00036_908-7176-3575,s2,gated_deflation,3,2,1.626321953943546,0,0,0,SPEAKER_02,3
real,long_00036_908-7176-3575,s3,gated_deflation,3,1,38.41326923671137,1,1,0,SPEAKER_00,3
real,long_00036_908-7176-3575,s3,gated_deflation,3,2,2.6505331448543528,1,1,0,SPEAKER_00,3
real,long_00036_908-7176-3575,s1,coarse_to_fine,3,1,34.88424155133692,,,2,SPEAKER_01,3
real,long_00036_908-7176-3575,s1,coarse_to_fine,3,2,0.9682596129976888,,,2,SPEAKER_01,3
real,long_00036_908-7176-3575,s2,coarse_to_fine,3,1,inf,,,2,SPEAKER_02,3
real,long_00036_908-7176-3575,s2,coarse_to_fine,3,2,1.626321953943546,,,2,SPEAKER_02,3
real,long_00036_908-7176-3575,s3,coarse_to_fine,3,1,38.41326923671137,,,2,SPEAKER_00,3
real,long_00036_908-7176-3575,s3,coarse_to_fine,3,2,0.21824560787070296,,,2,SPEAKER_00,3
real_forced_m,long_00036_908-7176-3575,s1,no_recursion,3,1,34.88424155133692,,,0,SPEAKER_01,3
real_forced_m,long_00036_908-7176-3575,s1,no_recursion,3,2,0.9682596129976888,,,0,SPEAKER_01,3
real_forced_m,long_00036_908-7176-3575,s2,no_recursion,3,1,inf,,,0,SPEAKER_02,3
real_forced_m,long_00036_908-7176-3575,s2,no_recursion,3,2,1.626321953943546,,,0,SPEAKER_02,3
real_forced_m,long_00036_908-7176-3575,s3,no_recursion,3,1,38.41326923671137,,,0,SPEAKER_00,3
real_forced_m,long_00036_908-7176-3575,s3,no_recursion,3,2,1.7271766404916051,,,0,SPEAKER_00,3
real_forced_m,long_00036_908-7176-3575,s1,ungated_deflation,3,1,34.88424155133692,2,2,0,SPEAKER_01,3
real_forced_m,long_00036_908-7176-3575,s1,ungated_deflation,3,2,0.8569650886306297,2,2,0,SPEAKER_01,3
real_forced_m,long_00036_908-7176-3575,s2,ungated_deflation,3,1,inf,0,0,0,SPEAKER_02,3
real_forced_m,long_00036_908-7176-3575,s2,ungated_deflation,3,2,1.626321953943546,0,0,0,SPEAKER_02,3
real_forced_m,long_00036_908-7176-3575,s3,ungated_deflation,3,1,38.41326923671137,1,1,0,SPEAKER_00,3
real_forced_m,long_00036_908-7176-3575,s3,ungated_deflation,3,2,2.6505331448543528,1,1,0,SPEAKER_00,3
real_forced_m,long_00036_908-7176-3575,s1,gated_deflation,3,1,34.88424155133692,2,2,0,SPEAKER_01,3
real_forced_m,long_00036_908-7176-3575,s1,gated_deflation,3,2,0.8569650886306297,2,2,0,SPEAKER_01,3
real_forced_m,long_00036_908-7176-3575,s2,gated_deflation,3,1,inf,0,0,0,SPEAKER_02,3
real_forced_m,long_00036_908-7176-3575,s2,gated_deflation,3,2,1.626321953943546,0,0,0,SPEAKER_02,3
real_forced_m,long_00036_908-7176-3575,s3,gated_deflation,3,1,38.41326923671137,1,1,0,SPEAKER_00,3
real_forced_m,long_00036_908-7176-3575,s3,gated_deflation,3,2,2.6505331448543528,1,1,0,SPEAKER_00,3
real_forced_m,long_00036_908-7176-3575,s1,coarse_to_fine,3,1,34.88424155133692,,,2,SPEAKER_01,3
real_forced_m,long_00036_908-7176-3575,s1,coarse_to_fine,3,2,0.9682596129976888,,,2,SPEAKER_01,3
real_forced_m,long_00036_908-7176-3575,s2,coarse_to_fine,3,1,inf,,,2,SPEAKER_02,3
real_forced_m,long_00036_908-7176-3575,s2,coarse_to_fine,3,2,1.626321953943546,,,2,SPEAKER_02,3
real_forced_m,long_00036_908-7176-3575,s3,coarse_to_fine,3,1,38.41326923671137,,,2,SPEAKER_00,3
real_forced_m,long_00036_908-7176-3575,s3,coarse_to_fine,3,2,0.21824560787070296,,,2,SPEAKER_00,3
real_index_order,long_00036_908-7176-3575,s1,no_recursion,3,1,34.88424155133692,,,0,SPEAKER_01,3
real_index_order,long_00036_908-7176-3575,s1,no_recursion,3,2,0.9682596129976888,,,0,SPEAKER_01,3
real_index_order,long_00036_908-7176-3575,s2,no_recursion,3,1,inf,,,0,SPEAKER_02,3
real_index_order,long_00036_908-7176-3575,s2,no_recursion,3,2,1.626321953943546,,,0,SPEAKER_02,3
real_index_order,long_00036_908-7176-3575,s3,no_recursion,3,1,38.41326923671137,,,0,SPEAKER_00,3
real_index_order,long_00036_908-7176-3575,s3,no_recursion,3,2,1.7271766404916051,,,0,SPEAKER_00,3
real_index_order,long_00036_908-7176-3575,s1,ungated_deflation,3,1,34.88424155133692,0,0,0,SPEAKER_01,3
real_index_order,long_00036_908-7176-3575,s1,ungated_deflation,3,2,0.9682596129976888,0,0,0,SPEAKER_01,3
real_index_order,long_00036_908-7176-3575,s2,ungated_deflation,3,1,inf,1,1,0,SPEAKER_02,3
real_index_order,long_00036_908-7176-3575,s2,ungated_deflation,3,2,-2.869043360424705,1,1,0,SPEAKER_02,3
real_index_order,long_00036_908-7176-3575,s3,ungated_deflation,3,1,38.41326923671137,2,2,0,SPEAKER_00,3
real_index_order,long_00036_908-7176-3575,s3,ungated_deflation,3,2,1.7070316525720932,2,2,0,SPEAKER_00,3
real_index_order,long_00036_908-7176-3575,s1,gated_deflation,3,1,34.88424155133692,0,0,0,SPEAKER_01,3
real_index_order,long_00036_908-7176-3575,s1,gated_deflation,3,2,0.9682596129976888,0,0,0,SPEAKER_01,3
real_index_order,long_00036_908-7176-3575,s2,gated_deflation,3,1,inf,1,1,0,SPEAKER_02,3
real_index_order,long_00036_908-7176-3575,s2,gated_deflation,3,2,-2.869043360424705,1,1,0,SPEAKER_02,3
real_index_order,long_00036_908-7176-3575,s3,gated_deflation,3,1,38.41326923671137,2,2,0,SPEAKER_00,3
real_index_order,long_00036_908-7176-3575,s3,gated_deflation,3,2,1.7070316525720932,2,2,0,SPEAKER_00,3
real_index_order,long_00036_908-7176-3575,s1,coarse_to_fine,3,1,34.88424155133692,,,2,SPEAKER_01,3
real_index_order,long_00036_908-7176-3575,s1,coarse_to_fine,3,2,0.9682596129976888,,,2,SPEAKER_01,3
real_index_order,long_00036_908-7176-3575,s2,coarse_to_fine,3,1,inf,,,2,SPEAKER_02,3
real_index_order,long_00036_908-7176-3575,s2,coarse_to_fine,3,2,1.626321953943546,,,2,SPEAKER_02,3
real_index_order,long_00036_908-7176-3575,s3,coarse_to_fine,3,1,38.41326923671137,,,2,SPEAKER_00,3
real_index_order,long_00036_908-7176-3575,s3,coarse_to_fine,3,2,0.21824560787070296,,,2,SPEAKER_00,3
oracle,long_00037_4970-7176-1580,s1,no_recursion,3,1,91.76001436818194,,,0,s1,3
oracle,long_00037_4970-7176-1580,s1,no_recursion,3,2,3.7881637004888438,,,0,s1,3
oracle,long_00037_4970-7176-1580,s2,no_recursion,3,1,58.76120432824713,,,0,s2,3
oracle,long_00037_4970-7176-1580,s2,no_recursion,3,2,5.378529759404583,,,0,s2,3
oracle,long_00037_4970-7176-1580,s3,no_recursion,3,1,52.02026544007588,,,0,s3,3
oracle,long_00037_4970-7176-1580,s3,no_recursion,3,2,3.234159354356337,,,0,s3,3
oracle,long_00037_4970-7176-1580,s1,ungated_deflation,3,1,91.76001436818194,0,0,0,s1,3
oracle,long_00037_4970-7176-1580,s1,ungated_deflation,3,2,3.7881637004888438,0,0,0,s1,3
oracle,long_00037_4970-7176-1580,s2,ungated_deflation,3,1,55.905185034332334,1,1,0,s2,3
oracle,long_00037_4970-7176-1580,s2,ungated_deflation,3,2,0.26312372460347433,1,1,0,s2,3
oracle,long_00037_4970-7176-1580,s3,ungated_deflation,3,1,47.86488876841284,2,2,0,s3,3
oracle,long_00037_4970-7176-1580,s3,ungated_deflation,3,2,0.36074850990877144,2,2,0,s3,3
oracle,long_00037_4970-7176-1580,s1,gated_deflation,3,1,91.76001436818194,0,0,0,s1,3
oracle,long_00037_4970-7176-1580,s1,gated_deflation,3,2,3.7881637004888438,0,0,0,s1,3
oracle,long_00037_4970-7176-1580,s2,gated_deflation,3,1,55.905185034332334,1,1,0,s2,3
oracle,long_00037_4970-7176-1580,s2,gated_deflation,3,2,0.26312372460347433,1,1,0,s2,3
oracle,long_00037_4970-7176-1580,s3,gated_deflation,3,1,47.86488876841284,2,2,0,s3,3
oracle,long_00037_4970-7176-1580,s3,gated_deflation,3,2,0.36074850990877144,2,2,0,s3,3
oracle,long_00037_4970-7176-1580,s1,coarse_to_fine,3,1,91.4335219294424,,,2,s1,3
oracle,long_00037_4970-7176-1580,s1,coarse_to_fine,3,2,0.8270196829714112,,,2,s1,3
oracle,long_00037_4970-7176-1580,s2,coarse_to_fine,3,1,59.917138568440265,,,2,s2,3
oracle,long_00037_4970-7176-1580,s2,coarse_to_fine,3,2,3.7713724175936174,,,2,s2,3
oracle,long_00037_4970-7176-1580,s3,coarse_to_fine,3,1,53.73165175722427,,,2,s3,3
oracle,long_00037_4970-7176-1580,s3,coarse_to_fine,3,2,2.228324542342352,,,2,s3,3
real,long_00037_4970-7176-1580,s1,no_recursion,3,1,43.711999667702514,,,0,SPEAKER_02,3
real,long_00037_4970-7176-1580,s1,no_recursion,3,2,1.2161502447054484,,,0,SPEAKER_02,3
real,long_00037_4970-7176-1580,s2,no_recursion,3,1,inf,,,0,SPEAKER_00,3
real,long_00037_4970-7176-1580,s2,no_recursion,3,2,-3.208059195479148,,,0,SPEAKER_00,3
real,long_00037_4970-7176-1580,s3,no_recursion,3,1,34.925975439633405,,,0,SPEAKER_01,3
real,long_00037_4970-7176-1580,s3,no_recursion,3,2,-3.3622969207878572,,,0,SPEAKER_01,3
real,long_00037_4970-7176-1580,s1,ungated_deflation,3,1,43.711999667702514,1,1,0,SPEAKER_02,3
real,long_00037_4970-7176-1580,s1,ungated_deflation,3,2,0.8719051538310867,1,1,0,SPEAKER_02,3
real,long_00037_4970-7176-1580,s2,ungated_deflation,3,1,inf,2,2,0,SPEAKER_00,3
real,long_00037_4970-7176-1580,s2,ungated_deflation,3,2,-3.938146391311012,2,2,0,SPEAKER_00,3
real,long_00037_4970-7176-1580,s3,ungated_deflation,3,1,34.925975439633405,0,0,0,SPEAKER_01,3
real,long_00037_4970-7176-1580,s3,ungated_deflation,3,2,-3.3622969207878572,0,0,0,SPEAKER_01,3
real,long_00037_4970-7176-1580,s1,gated_deflation,3,1,43.711999667702514,1,1,0,SPEAKER_02,3
real,long_00037_4970-7176-1580,s1,gated_deflation,3,2,0.8719051538310867,1,1,0,SPEAKER_02,3
real,long_00037_4970-7176-1580,s2,gated_deflation,3,1,inf,2,2,0,SPEAKER_00,3
real,long_00037_4970-7176-1580,s2,gated_deflation,3,2,-3.938146391311012,2,2,0,SPEAKER_00,3
real,long_00037_4970-7176-1580,s3,gated_deflation,3,1,34.925975439633405,0,0,0,SPEAKER_01,3
real,long_00037_4970-7176-1580,s3,gated_deflation,3,2,-3.3622969207878572,0,0,0,SPEAKER_01,3
real,long_00037_4970-7176-1580,s1,coarse_to_fine,3,1,43.711999667702514,,,2,SPEAKER_02,3
real,long_00037_4970-7176-1580,s1,coarse_to_fine,3,2,0.0789382038657852,,,2,SPEAKER_02,3
real,long_00037_4970-7176-1580,s2,coarse_to_fine,3,1,inf,,,2,SPEAKER_00,3
real,long_00037_4970-7176-1580,s2,coarse_to_fine,3,2,-3.1702467140506574,,,2,SPEAKER_00,3
real,long_00037_4970-7176-1580,s3,coarse_to_fine,3,1,34.925975439633405,,,2,SPEAKER_01,3
real,long_00037_4970-7176-1580,s3,coarse_to_fine,3,2,-4.068355778300247,,,2,SPEAKER_01,3
real_forced_m,long_00037_4970-7176-1580,s1,no_recursion,3,1,43.711999667702514,,,0,SPEAKER_02,3
real_forced_m,long_00037_4970-7176-1580,s1,no_recursion,3,2,1.2161502447054484,,,0,SPEAKER_02,3
real_forced_m,long_00037_4970-7176-1580,s2,no_recursion,3,1,inf,,,0,SPEAKER_00,3
real_forced_m,long_00037_4970-7176-1580,s2,no_recursion,3,2,-3.208059195479148,,,0,SPEAKER_00,3
real_forced_m,long_00037_4970-7176-1580,s3,no_recursion,3,1,34.925975439633405,,,0,SPEAKER_01,3
real_forced_m,long_00037_4970-7176-1580,s3,no_recursion,3,2,-3.3622969207878572,,,0,SPEAKER_01,3
real_forced_m,long_00037_4970-7176-1580,s1,ungated_deflation,3,1,43.711999667702514,1,1,0,SPEAKER_02,3
real_forced_m,long_00037_4970-7176-1580,s1,ungated_deflation,3,2,0.8719051538310867,1,1,0,SPEAKER_02,3
real_forced_m,long_00037_4970-7176-1580,s2,ungated_deflation,3,1,inf,2,2,0,SPEAKER_00,3
real_forced_m,long_00037_4970-7176-1580,s2,ungated_deflation,3,2,-3.938146391311012,2,2,0,SPEAKER_00,3
real_forced_m,long_00037_4970-7176-1580,s3,ungated_deflation,3,1,34.925975439633405,0,0,0,SPEAKER_01,3
real_forced_m,long_00037_4970-7176-1580,s3,ungated_deflation,3,2,-3.3622969207878572,0,0,0,SPEAKER_01,3
real_forced_m,long_00037_4970-7176-1580,s1,gated_deflation,3,1,43.711999667702514,1,1,0,SPEAKER_02,3
real_forced_m,long_00037_4970-7176-1580,s1,gated_deflation,3,2,0.8719051538310867,1,1,0,SPEAKER_02,3
real_forced_m,long_00037_4970-7176-1580,s2,gated_deflation,3,1,inf,2,2,0,SPEAKER_00,3
real_forced_m,long_00037_4970-7176-1580,s2,gated_deflation,3,2,-3.938146391311012,2,2,0,SPEAKER_00,3
real_forced_m,long_00037_4970-7176-1580,s3,gated_deflation,3,1,34.925975439633405,0,0,0,SPEAKER_01,3
real_forced_m,long_00037_4970-7176-1580,s3,gated_deflation,3,2,-3.3622969207878572,0,0,0,SPEAKER_01,3
real_forced_m,long_00037_4970-7176-1580,s1,coarse_to_fine,3,1,43.711999667702514,,,2,SPEAKER_02,3
real_forced_m,long_00037_4970-7176-1580,s1,coarse_to_fine,3,2,0.0789382038657852,,,2,SPEAKER_02,3
real_forced_m,long_00037_4970-7176-1580,s2,coarse_to_fine,3,1,inf,,,2,SPEAKER_00,3
real_forced_m,long_00037_4970-7176-1580,s2,coarse_to_fine,3,2,-3.1702467140506574,,,2,SPEAKER_00,3
real_forced_m,long_00037_4970-7176-1580,s3,coarse_to_fine,3,1,34.925975439633405,,,2,SPEAKER_01,3
real_forced_m,long_00037_4970-7176-1580,s3,coarse_to_fine,3,2,-4.068355778300247,,,2,SPEAKER_01,3
real_index_order,long_00037_4970-7176-1580,s1,no_recursion,3,1,43.711999667702514,,,0,SPEAKER_02,3
real_index_order,long_00037_4970-7176-1580,s1,no_recursion,3,2,1.2161502447054484,,,0,SPEAKER_02,3
real_index_order,long_00037_4970-7176-1580,s2,no_recursion,3,1,inf,,,0,SPEAKER_00,3
real_index_order,long_00037_4970-7176-1580,s2,no_recursion,3,2,-3.208059195479148,,,0,SPEAKER_00,3
real_index_order,long_00037_4970-7176-1580,s3,no_recursion,3,1,34.925975439633405,,,0,SPEAKER_01,3
real_index_order,long_00037_4970-7176-1580,s3,no_recursion,3,2,-3.3622969207878572,,,0,SPEAKER_01,3
real_index_order,long_00037_4970-7176-1580,s1,ungated_deflation,3,1,43.711999667702514,0,0,0,SPEAKER_02,3
real_index_order,long_00037_4970-7176-1580,s1,ungated_deflation,3,2,1.2161502447054484,0,0,0,SPEAKER_02,3
real_index_order,long_00037_4970-7176-1580,s2,ungated_deflation,3,1,inf,1,1,0,SPEAKER_00,3
real_index_order,long_00037_4970-7176-1580,s2,ungated_deflation,3,2,-3.9630664228912478,1,1,0,SPEAKER_00,3
real_index_order,long_00037_4970-7176-1580,s3,ungated_deflation,3,1,34.925975439633405,2,2,0,SPEAKER_01,3
real_index_order,long_00037_4970-7176-1580,s3,ungated_deflation,3,2,-5.2109297884254255,2,2,0,SPEAKER_01,3
real_index_order,long_00037_4970-7176-1580,s1,gated_deflation,3,1,43.711999667702514,0,0,0,SPEAKER_02,3
real_index_order,long_00037_4970-7176-1580,s1,gated_deflation,3,2,1.2161502447054484,0,0,0,SPEAKER_02,3
real_index_order,long_00037_4970-7176-1580,s2,gated_deflation,3,1,inf,1,1,0,SPEAKER_00,3
real_index_order,long_00037_4970-7176-1580,s2,gated_deflation,3,2,-3.9630664228912478,1,1,0,SPEAKER_00,3
real_index_order,long_00037_4970-7176-1580,s3,gated_deflation,3,1,34.925975439633405,2,2,0,SPEAKER_01,3
real_index_order,long_00037_4970-7176-1580,s3,gated_deflation,3,2,-5.2109297884254255,2,2,0,SPEAKER_01,3
real_index_order,long_00037_4970-7176-1580,s1,coarse_to_fine,3,1,43.711999667702514,,,2,SPEAKER_02,3
real_index_order,long_00037_4970-7176-1580,s1,coarse_to_fine,3,2,0.0789382038657852,,,2,SPEAKER_02,3
real_index_order,long_00037_4970-7176-1580,s2,coarse_to_fine,3,1,inf,,,2,SPEAKER_00,3
real_index_order,long_00037_4970-7176-1580,s2,coarse_to_fine,3,2,-3.1702467140506574,,,2,SPEAKER_00,3
real_index_order,long_00037_4970-7176-1580,s3,coarse_to_fine,3,1,34.925975439633405,,,2,SPEAKER_01,3
real_index_order,long_00037_4970-7176-1580,s3,coarse_to_fine,3,2,-4.068355778300247,,,2,SPEAKER_01,3
oracle,long_00038_6829-8224-5639,s1,no_recursion,3,1,60.2536034421761,,,0,s1,3
oracle,long_00038_6829-8224-5639,s1,no_recursion,3,2,2.65271441265446,,,0,s1,3
oracle,long_00038_6829-8224-5639,s2,no_recursion,3,1,55.46788398666696,,,0,s2,3
oracle,long_00038_6829-8224-5639,s2,no_recursion,3,2,2.6061322583861593,,,0,s2,3
oracle,long_00038_6829-8224-5639,s3,no_recursion,3,1,62.340948575960226,,,0,s3,3
oracle,long_00038_6829-8224-5639,s3,no_recursion,3,2,-9.217291234934645,,,0,s3,3
oracle,long_00038_6829-8224-5639,s1,ungated_deflation,3,1,60.2536034421761,0,0,0,s1,3
oracle,long_00038_6829-8224-5639,s1,ungated_deflation,3,2,2.65271441265446,0,0,0,s1,3
oracle,long_00038_6829-8224-5639,s2,ungated_deflation,3,1,55.007090839619664,1,1,0,s2,3
oracle,long_00038_6829-8224-5639,s2,ungated_deflation,3,2,-0.5281129855330929,1,1,0,s2,3
oracle,long_00038_6829-8224-5639,s3,ungated_deflation,3,1,58.11557581450622,2,2,0,s3,3
oracle,long_00038_6829-8224-5639,s3,ungated_deflation,3,2,-11.979957918878855,2,2,0,s3,3
oracle,long_00038_6829-8224-5639,s1,gated_deflation,3,1,60.2536034421761,0,0,0,s1,3
oracle,long_00038_6829-8224-5639,s1,gated_deflation,3,2,2.65271441265446,0,0,0,s1,3
oracle,long_00038_6829-8224-5639,s2,gated_deflation,3,1,55.007090839619664,1,1,0,s2,3
oracle,long_00038_6829-8224-5639,s2,gated_deflation,3,2,-0.5281129855330929,1,1,0,s2,3
oracle,long_00038_6829-8224-5639,s3,gated_deflation,3,1,58.11557581450622,2,2,0,s3,3
oracle,long_00038_6829-8224-5639,s3,gated_deflation,3,2,-11.979957918878855,2,2,0,s3,3
oracle,long_00038_6829-8224-5639,s1,coarse_to_fine,3,1,61.55785210179393,,,2,s1,3
oracle,long_00038_6829-8224-5639,s1,coarse_to_fine,3,2,1.0116242629485095,,,2,s1,3
oracle,long_00038_6829-8224-5639,s2,coarse_to_fine,3,1,55.647739931432824,,,2,s2,3
oracle,long_00038_6829-8224-5639,s2,coarse_to_fine,3,2,1.407798136365094,,,2,s2,3
oracle,long_00038_6829-8224-5639,s3,coarse_to_fine,3,1,62.340948575960226,,,2,s3,3
oracle,long_00038_6829-8224-5639,s3,coarse_to_fine,3,2,-9.217291234934645,,,2,s3,3
real,long_00038_6829-8224-5639,s1,no_recursion,3,1,44.91630997306836,,,0,SPEAKER_00,3
real,long_00038_6829-8224-5639,s1,no_recursion,3,2,0.2052149280312585,,,0,SPEAKER_00,3
real,long_00038_6829-8224-5639,s2,no_recursion,3,1,35.180294022306285,,,0,SPEAKER_01,3
real,long_00038_6829-8224-5639,s2,no_recursion,3,2,-1.8776118704887226,,,0,SPEAKER_01,3
real,long_00038_6829-8224-5639,s3,no_recursion,3,1,44.051013719791186,,,0,SPEAKER_02,3
real,long_00038_6829-8224-5639,s3,no_recursion,3,2,-8.937392349029418,,,0,SPEAKER_02,3
real,long_00038_6829-8224-5639,s1,ungated_deflation,3,1,44.91630997306836,0,0,0,SPEAKER_00,3
real,long_00038_6829-8224-5639,s1,ungated_deflation,3,2,0.2052149280312585,0,0,0,SPEAKER_00,3
real,long_00038_6829-8224-5639,s2,ungated_deflation,3,1,35.180294022306285,2,2,0,SPEAKER_01,3
real,long_00038_6829-8224-5639,s2,ungated_deflation,3,2,-1.690639429022649,2,2,0,SPEAKER_01,3
real,long_00038_6829-8224-5639,s3,ungated_deflation,3,1,44.051013719791186,1,1,0,SPEAKER_02,3
real,long_00038_6829-8224-5639,s3,ungated_deflation,3,2,-12.807306099113564,1,1,0,SPEAKER_02,3
real,long_00038_6829-8224-5639,s1,gated_deflation,3,1,44.91630997306836,0,0,0,SPEAKER_00,3
real,long_00038_6829-8224-5639,s1,gated_deflation,3,2,0.2052149280312585,0,0,0,SPEAKER_00,3
real,long_00038_6829-8224-5639,s2,gated_deflation,3,1,35.180294022306285,2,2,0,SPEAKER_01,3
real,long_00038_6829-8224-5639,s2,gated_deflation,3,2,-1.690639429022649,2,2,0,SPEAKER_01,3
real,long_00038_6829-8224-5639,s3,gated_deflation,3,1,44.051013719791186,1,1,0,SPEAKER_02,3
real,long_00038_6829-8224-5639,s3,gated_deflation,3,2,-12.807306099113564,1,1,0,SPEAKER_02,3
real,long_00038_6829-8224-5639,s1,coarse_to_fine,3,1,44.91630997306836,,,2,SPEAKER_00,3
real,long_00038_6829-8224-5639,s1,coarse_to_fine,3,2,0.41800336982448494,,,2,SPEAKER_00,3
real,long_00038_6829-8224-5639,s2,coarse_to_fine,3,1,35.180294022306285,,,2,SPEAKER_01,3
real,long_00038_6829-8224-5639,s2,coarse_to_fine,3,2,-1.5703392095847126,,,2,SPEAKER_01,3
real,long_00038_6829-8224-5639,s3,coarse_to_fine,3,1,44.051013719791186,,,2,SPEAKER_02,3
real,long_00038_6829-8224-5639,s3,coarse_to_fine,3,2,-8.937392349029418,,,2,SPEAKER_02,3
real_forced_m,long_00038_6829-8224-5639,s1,no_recursion,3,1,44.91630997306836,,,0,SPEAKER_00,3
real_forced_m,long_00038_6829-8224-5639,s1,no_recursion,3,2,0.2052149280312585,,,0,SPEAKER_00,3
real_forced_m,long_00038_6829-8224-5639,s2,no_recursion,3,1,35.180294022306285,,,0,SPEAKER_01,3
real_forced_m,long_00038_6829-8224-5639,s2,no_recursion,3,2,-1.8776118704887226,,,0,SPEAKER_01,3
real_forced_m,long_00038_6829-8224-5639,s3,no_recursion,3,1,44.051013719791186,,,0,SPEAKER_02,3
real_forced_m,long_00038_6829-8224-5639,s3,no_recursion,3,2,-8.937392349029418,,,0,SPEAKER_02,3
real_forced_m,long_00038_6829-8224-5639,s1,ungated_deflation,3,1,44.91630997306836,0,0,0,SPEAKER_00,3
real_forced_m,long_00038_6829-8224-5639,s1,ungated_deflation,3,2,0.2052149280312585,0,0,0,SPEAKER_00,3
real_forced_m,long_00038_6829-8224-5639,s2,ungated_deflation,3,1,35.180294022306285,2,2,0,SPEAKER_01,3
real_forced_m,long_00038_6829-8224-5639,s2,ungated_deflation,3,2,-1.690639429022649,2,2,0,SPEAKER_01,3
real_forced_m,long_00038_6829-8224-5639,s3,ungated_deflation,3,1,44.051013719791186,1,1,0,SPEAKER_02,3
real_forced_m,long_00038_6829-8224-5639,s3,ungated_deflation,3,2,-12.807306099113564,1,1,0,SPEAKER_02,3
real_forced_m,long_00038_6829-8224-5639,s1,gated_deflation,3,1,44.91630997306836,0,0,0,SPEAKER_00,3
real_forced_m,long_00038_6829-8224-5639,s1,gated_deflation,3,2,0.2052149280312585,0,0,0,SPEAKER_00,3
real_forced_m,long_00038_6829-8224-5639,s2,gated_deflation,3,1,35.180294022306285,2,2,0,SPEAKER_01,3
real_forced_m,long_00038_6829-8224-5639,s2,gated_deflation,3,2,-1.690639429022649,2,2,0,SPEAKER_01,3
real_forced_m,long_00038_6829-8224-5639,s3,gated_deflation,3,1,44.051013719791186,1,1,0,SPEAKER_02,3
real_forced_m,long_00038_6829-8224-5639,s3,gated_deflation,3,2,-12.807306099113564,1,1,0,SPEAKER_02,3
real_forced_m,long_00038_6829-8224-5639,s1,coarse_to_fine,3,1,44.91630997306836,,,2,SPEAKER_00,3
real_forced_m,long_00038_6829-8224-5639,s1,coarse_to_fine,3,2,0.41800336982448494,,,2,SPEAKER_00,3
real_forced_m,long_00038_6829-8224-5639,s2,coarse_to_fine,3,1,35.180294022306285,,,2,SPEAKER_01,3
real_forced_m,long_00038_6829-8224-5639,s2,coarse_to_fine,3,2,-1.5703392095847126,,,2,SPEAKER_01,3
real_forced_m,long_00038_6829-8224-5639,s3,coarse_to_fine,3,1,44.051013719791186,,,2,SPEAKER_02,3
real_forced_m,long_00038_6829-8224-5639,s3,coarse_to_fine,3,2,-8.937392349029418,,,2,SPEAKER_02,3
real_index_order,long_00038_6829-8224-5639,s1,no_recursion,3,1,44.91630997306836,,,0,SPEAKER_00,3
real_index_order,long_00038_6829-8224-5639,s1,no_recursion,3,2,0.2052149280312585,,,0,SPEAKER_00,3
real_index_order,long_00038_6829-8224-5639,s2,no_recursion,3,1,35.180294022306285,,,0,SPEAKER_01,3
real_index_order,long_00038_6829-8224-5639,s2,no_recursion,3,2,-1.8776118704887226,,,0,SPEAKER_01,3
real_index_order,long_00038_6829-8224-5639,s3,no_recursion,3,1,44.051013719791186,,,0,SPEAKER_02,3
real_index_order,long_00038_6829-8224-5639,s3,no_recursion,3,2,-8.937392349029418,,,0,SPEAKER_02,3
real_index_order,long_00038_6829-8224-5639,s1,ungated_deflation,3,1,44.91630997306836,0,0,0,SPEAKER_00,3
real_index_order,long_00038_6829-8224-5639,s1,ungated_deflation,3,2,0.2052149280312585,0,0,0,SPEAKER_00,3
real_index_order,long_00038_6829-8224-5639,s2,ungated_deflation,3,1,35.180294022306285,1,1,0,SPEAKER_01,3
real_index_order,long_00038_6829-8224-5639,s2,ungated_deflation,3,2,-3.2017231895611653,1,1,0,SPEAKER_01,3
real_index_order,long_00038_6829-8224-5639,s3,ungated_deflation,3,1,44.051013719791186,2,2,0,SPEAKER_02,3
real_index_order,long_00038_6829-8224-5639,s3,ungated_deflation,3,2,-11.793612600120252,2,2,0,SPEAKER_02,3
real_index_order,long_00038_6829-8224-5639,s1,gated_deflation,3,1,44.91630997306836,0,0,0,SPEAKER_00,3
real_index_order,long_00038_6829-8224-5639,s1,gated_deflation,3,2,0.2052149280312585,0,0,0,SPEAKER_00,3
real_index_order,long_00038_6829-8224-5639,s2,gated_deflation,3,1,35.180294022306285,1,1,0,SPEAKER_01,3
real_index_order,long_00038_6829-8224-5639,s2,gated_deflation,3,2,-3.2017231895611653,1,1,0,SPEAKER_01,3
real_index_order,long_00038_6829-8224-5639,s3,gated_deflation,3,1,44.051013719791186,2,2,0,SPEAKER_02,3
real_index_order,long_00038_6829-8224-5639,s3,gated_deflation,3,2,-11.793612600120252,2,2,0,SPEAKER_02,3
real_index_order,long_00038_6829-8224-5639,s1,coarse_to_fine,3,1,44.91630997306836,,,2,SPEAKER_00,3
real_index_order,long_00038_6829-8224-5639,s1,coarse_to_fine,3,2,0.41800336982448494,,,2,SPEAKER_00,3
real_index_order,long_00038_6829-8224-5639,s2,coarse_to_fine,3,1,35.180294022306285,,,2,SPEAKER_01,3
real_index_order,long_00038_6829-8224-5639,s2,coarse_to_fine,3,2,-1.5703392095847126,,,2,SPEAKER_01,3
real_index_order,long_00038_6829-8224-5639,s3,coarse_to_fine,3,1,44.051013719791186,,,2,SPEAKER_02,3
real_index_order,long_00038_6829-8224-5639,s3,coarse_to_fine,3,2,-8.937392349029418,,,2,SPEAKER_02,3
oracle,long_00039_2961-4992-61,s1,no_recursion,3,1,53.272022145852496,,,0,s1,3
oracle,long_00039_2961-4992-61,s1,no_recursion,3,2,-0.0768269704613225,,,0,s1,3
oracle,long_00039_2961-4992-61,s2,no_recursion,3,1,54.46438895441845,,,0,s2,3
oracle,long_00039_2961-4992-61,s2,no_recursion,3,2,1.7096578505214728,,,0,s2,3
oracle,long_00039_2961-4992-61,s3,no_recursion,3,1,53.78877424143649,,,0,s3,3
oracle,long_00039_2961-4992-61,s3,no_recursion,3,2,2.2060655924525565,,,0,s3,3
oracle,long_00039_2961-4992-61,s1,ungated_deflation,3,1,53.272022145852496,0,0,0,s1,3
oracle,long_00039_2961-4992-61,s1,ungated_deflation,3,2,-0.0768269704613225,0,0,0,s1,3
oracle,long_00039_2961-4992-61,s2,ungated_deflation,3,1,54.49386174763515,1,1,0,s2,3
oracle,long_00039_2961-4992-61,s2,ungated_deflation,3,2,-0.7140035241146231,1,1,0,s2,3
oracle,long_00039_2961-4992-61,s3,ungated_deflation,3,1,52.697290146554316,2,2,0,s3,3
oracle,long_00039_2961-4992-61,s3,ungated_deflation,3,2,0.2403784938549406,2,2,0,s3,3
oracle,long_00039_2961-4992-61,s1,gated_deflation,3,1,53.272022145852496,0,0,0,s1,3
oracle,long_00039_2961-4992-61,s1,gated_deflation,3,2,-0.0768269704613225,0,0,0,s1,3
oracle,long_00039_2961-4992-61,s2,gated_deflation,3,1,54.49386174763515,1,1,0,s2,3
oracle,long_00039_2961-4992-61,s2,gated_deflation,3,2,-0.7140035241146231,1,1,0,s2,3
oracle,long_00039_2961-4992-61,s3,gated_deflation,3,1,52.697290146554316,2,2,0,s3,3
oracle,long_00039_2961-4992-61,s3,gated_deflation,3,2,0.2403784938549406,2,2,0,s3,3
oracle,long_00039_2961-4992-61,s1,coarse_to_fine,3,1,53.272022145852496,,,2,s1,3
oracle,long_00039_2961-4992-61,s1,coarse_to_fine,3,2,-0.0768269704613225,,,2,s1,3
oracle,long_00039_2961-4992-61,s2,coarse_to_fine,3,1,55.73904225295632,,,2,s2,3
oracle,long_00039_2961-4992-61,s2,coarse_to_fine,3,2,-1.660631911335495,,,2,s2,3
oracle,long_00039_2961-4992-61,s3,coarse_to_fine,3,1,53.62882921247568,,,2,s3,3
oracle,long_00039_2961-4992-61,s3,coarse_to_fine,3,2,2.650294328408366,,,2,s3,3
real,long_00039_2961-4992-61,s1,no_recursion,3,1,45.60206813579316,,,0,SPEAKER_01,3
real,long_00039_2961-4992-61,s1,no_recursion,3,2,-3.4352966849730193,,,0,SPEAKER_01,3
real,long_00039_2961-4992-61,s2,no_recursion,3,1,47.52410860515895,,,0,SPEAKER_00,3
real,long_00039_2961-4992-61,s2,no_recursion,3,2,-0.6914028186706953,,,0,SPEAKER_00,3
real,long_00039_2961-4992-61,s3,no_recursion,3,1,26.878735598218377,,,0,SPEAKER_02,3
real,long_00039_2961-4992-61,s3,no_recursion,3,2,-1.505425898378698,,,0,SPEAKER_02,3
real,long_00039_2961-4992-61,s1,ungated_deflation,3,1,45.60206813579316,1,1,0,SPEAKER_01,3
real,long_00039_2961-4992-61,s1,ungated_deflation,3,2,-4.3452226376857785,1,1,0,SPEAKER_01,3
real,long_00039_2961-4992-61,s2,ungated_deflation,3,1,47.52410860515895,0,0,0,SPEAKER_00,3
real,long_00039_2961-4992-61,s2,ungated_deflation,3,2,-0.6914028186706953,0,0,0,SPEAKER_00,3
real,long_00039_2961-4992-61,s3,ungated_deflation,3,1,26.878735598218377,2,2,0,SPEAKER_02,3
real,long_00039_2961-4992-61,s3,ungated_deflation,3,2,-2.5552089899686994,2,2,0,SPEAKER_02,3
real,long_00039_2961-4992-61,s1,gated_deflation,3,1,45.60206813579316,1,1,0,SPEAKER_01,3
real,long_00039_2961-4992-61,s1,gated_deflation,3,2,-4.3452226376857785,1,1,0,SPEAKER_01,3
real,long_00039_2961-4992-61,s2,gated_deflation,3,1,47.52410860515895,0,0,0,SPEAKER_00,3
real,long_00039_2961-4992-61,s2,gated_deflation,3,2,-0.6914028186706953,0,0,0,SPEAKER_00,3
real,long_00039_2961-4992-61,s3,gated_deflation,3,1,26.878735598218377,2,2,0,SPEAKER_02,3
real,long_00039_2961-4992-61,s3,gated_deflation,3,2,-2.5552089899686994,2,2,0,SPEAKER_02,3
real,long_00039_2961-4992-61,s1,coarse_to_fine,3,1,45.60206813579316,,,2,SPEAKER_01,3
real,long_00039_2961-4992-61,s1,coarse_to_fine,3,2,-3.4352966849730193,,,2,SPEAKER_01,3
real,long_00039_2961-4992-61,s2,coarse_to_fine,3,1,47.52410860515895,,,2,SPEAKER_00,3
real,long_00039_2961-4992-61,s2,coarse_to_fine,3,2,-2.7720973715320705,,,2,SPEAKER_00,3
real,long_00039_2961-4992-61,s3,coarse_to_fine,3,1,26.878735598218377,,,2,SPEAKER_02,3
real,long_00039_2961-4992-61,s3,coarse_to_fine,3,2,-1.3563667973255,,,2,SPEAKER_02,3
real_forced_m,long_00039_2961-4992-61,s1,no_recursion,3,1,45.60206813579316,,,0,SPEAKER_01,3
real_forced_m,long_00039_2961-4992-61,s1,no_recursion,3,2,-3.4352966849730193,,,0,SPEAKER_01,3
real_forced_m,long_00039_2961-4992-61,s2,no_recursion,3,1,47.52410860515895,,,0,SPEAKER_00,3
real_forced_m,long_00039_2961-4992-61,s2,no_recursion,3,2,-0.6914028186706953,,,0,SPEAKER_00,3
real_forced_m,long_00039_2961-4992-61,s3,no_recursion,3,1,26.878735598218377,,,0,SPEAKER_02,3
real_forced_m,long_00039_2961-4992-61,s3,no_recursion,3,2,-1.505425898378698,,,0,SPEAKER_02,3
real_forced_m,long_00039_2961-4992-61,s1,ungated_deflation,3,1,45.60206813579316,1,1,0,SPEAKER_01,3
real_forced_m,long_00039_2961-4992-61,s1,ungated_deflation,3,2,-4.3452226376857785,1,1,0,SPEAKER_01,3
real_forced_m,long_00039_2961-4992-61,s2,ungated_deflation,3,1,47.52410860515895,0,0,0,SPEAKER_00,3
real_forced_m,long_00039_2961-4992-61,s2,ungated_deflation,3,2,-0.6914028186706953,0,0,0,SPEAKER_00,3
real_forced_m,long_00039_2961-4992-61,s3,ungated_deflation,3,1,26.878735598218377,2,2,0,SPEAKER_02,3
real_forced_m,long_00039_2961-4992-61,s3,ungated_deflation,3,2,-2.5552089899686994,2,2,0,SPEAKER_02,3
real_forced_m,long_00039_2961-4992-61,s1,gated_deflation,3,1,45.60206813579316,1,1,0,SPEAKER_01,3
real_forced_m,long_00039_2961-4992-61,s1,gated_deflation,3,2,-4.3452226376857785,1,1,0,SPEAKER_01,3
real_forced_m,long_00039_2961-4992-61,s2,gated_deflation,3,1,47.52410860515895,0,0,0,SPEAKER_00,3
real_forced_m,long_00039_2961-4992-61,s2,gated_deflation,3,2,-0.6914028186706953,0,0,0,SPEAKER_00,3
real_forced_m,long_00039_2961-4992-61,s3,gated_deflation,3,1,26.878735598218377,2,2,0,SPEAKER_02,3
real_forced_m,long_00039_2961-4992-61,s3,gated_deflation,3,2,-2.5552089899686994,2,2,0,SPEAKER_02,3
real_forced_m,long_00039_2961-4992-61,s1,coarse_to_fine,3,1,45.60206813579316,,,2,SPEAKER_01,3
real_forced_m,long_00039_2961-4992-61,s1,coarse_to_fine,3,2,-3.4352966849730193,,,2,SPEAKER_01,3
real_forced_m,long_00039_2961-4992-61,s2,coarse_to_fine,3,1,47.52410860515895,,,2,SPEAKER_00,3
real_forced_m,long_00039_2961-4992-61,s2,coarse_to_fine,3,2,-2.7720973715320705,,,2,SPEAKER_00,3
real_forced_m,long_00039_2961-4992-61,s3,coarse_to_fine,3,1,26.878735598218377,,,2,SPEAKER_02,3
real_forced_m,long_00039_2961-4992-61,s3,coarse_to_fine,3,2,-1.3563667973255,,,2,SPEAKER_02,3
real_index_order,long_00039_2961-4992-61,s1,no_recursion,3,1,45.60206813579316,,,0,SPEAKER_01,3
real_index_order,long_00039_2961-4992-61,s1,no_recursion,3,2,-3.4352966849730193,,,0,SPEAKER_01,3
real_index_order,long_00039_2961-4992-61,s2,no_recursion,3,1,47.52410860515895,,,0,SPEAKER_00,3
real_index_order,long_00039_2961-4992-61,s2,no_recursion,3,2,-0.6914028186706953,,,0,SPEAKER_00,3
real_index_order,long_00039_2961-4992-61,s3,no_recursion,3,1,26.878735598218377,,,0,SPEAKER_02,3
real_index_order,long_00039_2961-4992-61,s3,no_recursion,3,2,-1.505425898378698,,,0,SPEAKER_02,3
real_index_order,long_00039_2961-4992-61,s1,ungated_deflation,3,1,45.60206813579316,0,0,0,SPEAKER_01,3
real_index_order,long_00039_2961-4992-61,s1,ungated_deflation,3,2,-3.4352966849730193,0,0,0,SPEAKER_01,3
real_index_order,long_00039_2961-4992-61,s2,ungated_deflation,3,1,47.52410860515895,1,1,0,SPEAKER_00,3
real_index_order,long_00039_2961-4992-61,s2,ungated_deflation,3,2,-1.1131731295494,1,1,0,SPEAKER_00,3
real_index_order,long_00039_2961-4992-61,s3,ungated_deflation,3,1,26.878735598218377,2,2,0,SPEAKER_02,3
real_index_order,long_00039_2961-4992-61,s3,ungated_deflation,3,2,-1.9887920784370192,2,2,0,SPEAKER_02,3
real_index_order,long_00039_2961-4992-61,s1,gated_deflation,3,1,45.60206813579316,0,0,0,SPEAKER_01,3
real_index_order,long_00039_2961-4992-61,s1,gated_deflation,3,2,-3.4352966849730193,0,0,0,SPEAKER_01,3
real_index_order,long_00039_2961-4992-61,s2,gated_deflation,3,1,47.52410860515895,1,1,0,SPEAKER_00,3
real_index_order,long_00039_2961-4992-61,s2,gated_deflation,3,2,-1.1131731295494,1,1,0,SPEAKER_00,3
real_index_order,long_00039_2961-4992-61,s3,gated_deflation,3,1,26.878735598218377,2,2,0,SPEAKER_02,3
real_index_order,long_00039_2961-4992-61,s3,gated_deflation,3,2,-1.9887920784370192,2,2,0,SPEAKER_02,3
real_index_order,long_00039_2961-4992-61,s1,coarse_to_fine,3,1,45.60206813579316,,,2,SPEAKER_01,3
real_index_order,long_00039_2961-4992-61,s1,coarse_to_fine,3,2,-3.4352966849730193,,,2,SPEAKER_01,3
real_index_order,long_00039_2961-4992-61,s2,coarse_to_fine,3,1,47.52410860515895,,,2,SPEAKER_00,3
real_index_order,long_00039_2961-4992-61,s2,coarse_to_fine,3,2,-2.7720973715320705,,,2,SPEAKER_00,3
real_index_order,long_00039_2961-4992-61,s3,coarse_to_fine,3,1,26.878735598218377,,,2,SPEAKER_02,3
real_index_order,long_00039_2961-4992-61,s3,coarse_to_fine,3,2,-1.3563667973255,,,2,SPEAKER_02,3
oracle,long_00040_8463-2300-2094,s1,no_recursion,3,1,50.0102336066843,,,0,s1,3
oracle,long_00040_8463-2300-2094,s1,no_recursion,3,2,1.5480334049299838,,,0,s1,3
oracle,long_00040_8463-2300-2094,s2,no_recursion,3,1,37.75009435342739,,,0,s2,3
oracle,long_00040_8463-2300-2094,s2,no_recursion,3,2,4.203702601690449,,,0,s2,3
oracle,long_00040_8463-2300-2094,s3,no_recursion,3,1,50.05242199991419,,,0,s3,3
oracle,long_00040_8463-2300-2094,s3,no_recursion,3,2,-1.2569312653152365,,,0,s3,3
oracle,long_00040_8463-2300-2094,s1,ungated_deflation,3,1,50.0102336066843,0,0,0,s1,3
oracle,long_00040_8463-2300-2094,s1,ungated_deflation,3,2,1.5480334049299838,0,0,0,s1,3
oracle,long_00040_8463-2300-2094,s2,ungated_deflation,3,1,36.33986184642583,1,1,0,s2,3
oracle,long_00040_8463-2300-2094,s2,ungated_deflation,3,2,2.4829643566763853,1,1,0,s2,3
oracle,long_00040_8463-2300-2094,s3,ungated_deflation,3,1,41.53922133813122,2,2,0,s3,3
oracle,long_00040_8463-2300-2094,s3,ungated_deflation,3,2,-3.4518016995997938,2,2,0,s3,3
oracle,long_00040_8463-2300-2094,s1,gated_deflation,3,1,50.0102336066843,0,0,0,s1,3
oracle,long_00040_8463-2300-2094,s1,gated_deflation,3,2,1.5480334049299838,0,0,0,s1,3
oracle,long_00040_8463-2300-2094,s2,gated_deflation,3,1,36.33986184642583,1,1,0,s2,3
oracle,long_00040_8463-2300-2094,s2,gated_deflation,3,2,2.4829643566763853,1,1,0,s2,3
oracle,long_00040_8463-2300-2094,s3,gated_deflation,3,1,41.53922133813122,2,2,0,s3,3
oracle,long_00040_8463-2300-2094,s3,gated_deflation,3,2,-3.4518016995997938,2,2,0,s3,3
oracle,long_00040_8463-2300-2094,s1,coarse_to_fine,3,1,50.0102336066843,,,2,s1,3
oracle,long_00040_8463-2300-2094,s1,coarse_to_fine,3,2,1.5480334049299838,,,2,s1,3
oracle,long_00040_8463-2300-2094,s2,coarse_to_fine,3,1,37.468606741709614,,,2,s2,3
oracle,long_00040_8463-2300-2094,s2,coarse_to_fine,3,2,3.752334222680354,,,2,s2,3
oracle,long_00040_8463-2300-2094,s3,coarse_to_fine,3,1,50.38126451829604,,,2,s3,3
oracle,long_00040_8463-2300-2094,s3,coarse_to_fine,3,2,-1.734034360782367,,,2,s3,3
real,long_00040_8463-2300-2094,s1,no_recursion,3,1,33.530416726726386,,,0,SPEAKER_01,3
real,long_00040_8463-2300-2094,s1,no_recursion,3,2,-0.37711879774254886,,,0,SPEAKER_01,3
real,long_00040_8463-2300-2094,s2,no_recursion,3,1,42.16987155006721,,,0,SPEAKER_00,3
real,long_00040_8463-2300-2094,s2,no_recursion,3,2,-0.5198354976463491,,,0,SPEAKER_00,3
real,long_00040_8463-2300-2094,s3,no_recursion,3,1,24.806142580683748,,,0,SPEAKER_02,3
real,long_00040_8463-2300-2094,s3,no_recursion,3,2,-1.8231696208313797,,,0,SPEAKER_02,3
real,long_00040_8463-2300-2094,s1,ungated_deflation,3,1,33.530416726726386,2,2,0,SPEAKER_01,3
real,long_00040_8463-2300-2094,s1,ungated_deflation,3,2,-1.4813918994166644,2,2,0,SPEAKER_01,3
real,long_00040_8463-2300-2094,s2,ungated_deflation,3,1,42.16987155006721,1,1,0,SPEAKER_00,3
real,long_00040_8463-2300-2094,s2,ungated_deflation,3,2,-3.1984012919115434,1,1,0,SPEAKER_00,3
real,long_00040_8463-2300-2094,s3,ungated_deflation,3,1,24.806142580683748,0,0,0,SPEAKER_02,3
real,long_00040_8463-2300-2094,s3,ungated_deflation,3,2,-1.8231696208313797,0,0,0,SPEAKER_02,3
real,long_00040_8463-2300-2094,s1,gated_deflation,3,1,33.530416726726386,2,2,0,SPEAKER_01,3
real,long_00040_8463-2300-2094,s1,gated_deflation,3,2,-1.4813918994166644,2,2,0,SPEAKER_01,3
real,long_00040_8463-2300-2094,s2,gated_deflation,3,1,42.16987155006721,1,1,0,SPEAKER_00,3
real,long_00040_8463-2300-2094,s2,gated_deflation,3,2,-3.1984012919115434,1,1,0,SPEAKER_00,3
real,long_00040_8463-2300-2094,s3,gated_deflation,3,1,24.806142580683748,0,0,0,SPEAKER_02,3
real,long_00040_8463-2300-2094,s3,gated_deflation,3,2,-1.8231696208313797,0,0,0,SPEAKER_02,3
real,long_00040_8463-2300-2094,s1,coarse_to_fine,3,1,33.530416726726386,,,2,SPEAKER_01,3
real,long_00040_8463-2300-2094,s1,coarse_to_fine,3,2,0.18343625334434385,,,2,SPEAKER_01,3
real,long_00040_8463-2300-2094,s2,coarse_to_fine,3,1,42.16987155006721,,,2,SPEAKER_00,3
real,long_00040_8463-2300-2094,s2,coarse_to_fine,3,2,-0.9060395056542259,,,2,SPEAKER_00,3
real,long_00040_8463-2300-2094,s3,coarse_to_fine,3,1,24.806142580683748,,,2,SPEAKER_02,3
real,long_00040_8463-2300-2094,s3,coarse_to_fine,3,2,-1.6069567870740542,,,2,SPEAKER_02,3
real_forced_m,long_00040_8463-2300-2094,s1,no_recursion,3,1,33.530416726726386,,,0,SPEAKER_01,3
real_forced_m,long_00040_8463-2300-2094,s1,no_recursion,3,2,-0.37711879774254886,,,0,SPEAKER_01,3
real_forced_m,long_00040_8463-2300-2094,s2,no_recursion,3,1,42.16987155006721,,,0,SPEAKER_00,3
real_forced_m,long_00040_8463-2300-2094,s2,no_recursion,3,2,-0.5198354976463491,,,0,SPEAKER_00,3
real_forced_m,long_00040_8463-2300-2094,s3,no_recursion,3,1,24.806142580683748,,,0,SPEAKER_02,3
real_forced_m,long_00040_8463-2300-2094,s3,no_recursion,3,2,-1.8231696208313797,,,0,SPEAKER_02,3
real_forced_m,long_00040_8463-2300-2094,s1,ungated_deflation,3,1,33.530416726726386,2,2,0,SPEAKER_01,3
real_forced_m,long_00040_8463-2300-2094,s1,ungated_deflation,3,2,-1.4813918994166644,2,2,0,SPEAKER_01,3
real_forced_m,long_00040_8463-2300-2094,s2,ungated_deflation,3,1,42.16987155006721,1,1,0,SPEAKER_00,3
real_forced_m,long_00040_8463-2300-2094,s2,ungated_deflation,3,2,-3.1984012919115434,1,1,0,SPEAKER_00,3
real_forced_m,long_00040_8463-2300-2094,s3,ungated_deflation,3,1,24.806142580683748,0,0,0,SPEAKER_02,3
real_forced_m,long_00040_8463-2300-2094,s3,ungated_deflation,3,2,-1.8231696208313797,0,0,0,SPEAKER_02,3
real_forced_m,long_00040_8463-2300-2094,s1,gated_deflation,3,1,33.530416726726386,2,2,0,SPEAKER_01,3
real_forced_m,long_00040_8463-2300-2094,s1,gated_deflation,3,2,-1.4813918994166644,2,2,0,SPEAKER_01,3
real_forced_m,long_00040_8463-2300-2094,s2,gated_deflation,3,1,42.16987155006721,1,1,0,SPEAKER_00,3
real_forced_m,long_00040_8463-2300-2094,s2,gated_deflation,3,2,-3.1984012919115434,1,1,0,SPEAKER_00,3
real_forced_m,long_00040_8463-2300-2094,s3,gated_deflation,3,1,24.806142580683748,0,0,0,SPEAKER_02,3
real_forced_m,long_00040_8463-2300-2094,s3,gated_deflation,3,2,-1.8231696208313797,0,0,0,SPEAKER_02,3
real_forced_m,long_00040_8463-2300-2094,s1,coarse_to_fine,3,1,33.530416726726386,,,2,SPEAKER_01,3
real_forced_m,long_00040_8463-2300-2094,s1,coarse_to_fine,3,2,0.18343625334434385,,,2,SPEAKER_01,3
real_forced_m,long_00040_8463-2300-2094,s2,coarse_to_fine,3,1,42.16987155006721,,,2,SPEAKER_00,3
real_forced_m,long_00040_8463-2300-2094,s2,coarse_to_fine,3,2,-0.9060395056542259,,,2,SPEAKER_00,3
real_forced_m,long_00040_8463-2300-2094,s3,coarse_to_fine,3,1,24.806142580683748,,,2,SPEAKER_02,3
real_forced_m,long_00040_8463-2300-2094,s3,coarse_to_fine,3,2,-1.6069567870740542,,,2,SPEAKER_02,3
real_index_order,long_00040_8463-2300-2094,s1,no_recursion,3,1,33.530416726726386,,,0,SPEAKER_01,3
real_index_order,long_00040_8463-2300-2094,s1,no_recursion,3,2,-0.37711879774254886,,,0,SPEAKER_01,3
real_index_order,long_00040_8463-2300-2094,s2,no_recursion,3,1,42.16987155006721,,,0,SPEAKER_00,3
real_index_order,long_00040_8463-2300-2094,s2,no_recursion,3,2,-0.5198354976463491,,,0,SPEAKER_00,3
real_index_order,long_00040_8463-2300-2094,s3,no_recursion,3,1,24.806142580683748,,,0,SPEAKER_02,3
real_index_order,long_00040_8463-2300-2094,s3,no_recursion,3,2,-1.8231696208313797,,,0,SPEAKER_02,3
real_index_order,long_00040_8463-2300-2094,s1,ungated_deflation,3,1,33.530416726726386,0,0,0,SPEAKER_01,3
real_index_order,long_00040_8463-2300-2094,s1,ungated_deflation,3,2,-0.37711879774254886,0,0,0,SPEAKER_01,3
real_index_order,long_00040_8463-2300-2094,s2,ungated_deflation,3,1,42.16987155006721,1,1,0,SPEAKER_00,3
real_index_order,long_00040_8463-2300-2094,s2,ungated_deflation,3,2,-1.3926757703252357,1,1,0,SPEAKER_00,3
real_index_order,long_00040_8463-2300-2094,s3,ungated_deflation,3,1,24.806142580683748,2,2,0,SPEAKER_02,3
real_index_order,long_00040_8463-2300-2094,s3,ungated_deflation,3,2,-4.316461922000964,2,2,0,SPEAKER_02,3
real_index_order,long_00040_8463-2300-2094,s1,gated_deflation,3,1,33.530416726726386,0,0,0,SPEAKER_01,3
real_index_order,long_00040_8463-2300-2094,s1,gated_deflation,3,2,-0.37711879774254886,0,0,0,SPEAKER_01,3
real_index_order,long_00040_8463-2300-2094,s2,gated_deflation,3,1,42.16987155006721,1,1,0,SPEAKER_00,3
real_index_order,long_00040_8463-2300-2094,s2,gated_deflation,3,2,-1.3926757703252357,1,1,0,SPEAKER_00,3
real_index_order,long_00040_8463-2300-2094,s3,gated_deflation,3,1,24.806142580683748,2,2,0,SPEAKER_02,3
real_index_order,long_00040_8463-2300-2094,s3,gated_deflation,3,2,-4.316461922000964,2,2,0,SPEAKER_02,3
real_index_order,long_00040_8463-2300-2094,s1,coarse_to_fine,3,1,33.530416726726386,,,2,SPEAKER_01,3
real_index_order,long_00040_8463-2300-2094,s1,coarse_to_fine,3,2,0.18343625334434385,,,2,SPEAKER_01,3
real_index_order,long_00040_8463-2300-2094,s2,coarse_to_fine,3,1,42.16987155006721,,,2,SPEAKER_00,3
real_index_order,long_00040_8463-2300-2094,s2,coarse_to_fine,3,2,-0.9060395056542259,,,2,SPEAKER_00,3
real_index_order,long_00040_8463-2300-2094,s3,coarse_to_fine,3,1,24.806142580683748,,,2,SPEAKER_02,3
real_index_order,long_00040_8463-2300-2094,s3,coarse_to_fine,3,2,-1.6069567870740542,,,2,SPEAKER_02,3
oracle,long_00041_1089-5142-6829,s1,no_recursion,3,1,70.56838456938613,,,0,s1,3
oracle,long_00041_1089-5142-6829,s1,no_recursion,3,2,3.1452452359041203,,,0,s1,3
oracle,long_00041_1089-5142-6829,s2,no_recursion,3,1,52.142582638673815,,,0,s2,3
oracle,long_00041_1089-5142-6829,s2,no_recursion,3,2,1.4009804757030064,,,0,s2,3
oracle,long_00041_1089-5142-6829,s3,no_recursion,3,1,38.01003031165558,,,0,s3,3
oracle,long_00041_1089-5142-6829,s3,no_recursion,3,2,4.905256576559681,,,0,s3,3
oracle,long_00041_1089-5142-6829,s1,ungated_deflation,3,1,70.56838456938613,0,0,0,s1,3
oracle,long_00041_1089-5142-6829,s1,ungated_deflation,3,2,3.1452452359041203,0,0,0,s1,3
oracle,long_00041_1089-5142-6829,s2,ungated_deflation,3,1,49.995970099115894,1,1,0,s2,3
oracle,long_00041_1089-5142-6829,s2,ungated_deflation,3,2,-0.7315228556401563,1,1,0,s2,3
oracle,long_00041_1089-5142-6829,s3,ungated_deflation,3,1,32.63812212396783,2,2,0,s3,3
oracle,long_00041_1089-5142-6829,s3,ungated_deflation,3,2,2.8276317100946766,2,2,0,s3,3
oracle,long_00041_1089-5142-6829,s1,gated_deflation,3,1,70.56838456938613,0,0,0,s1,3
oracle,long_00041_1089-5142-6829,s1,gated_deflation,3,2,3.1452452359041203,0,0,0,s1,3
oracle,long_00041_1089-5142-6829,s2,gated_deflation,3,1,49.995970099115894,1,1,0,s2,3
oracle,long_00041_1089-5142-6829,s2,gated_deflation,3,2,-0.7315228556401563,1,1,0,s2,3
oracle,long_00041_1089-5142-6829,s3,gated_deflation,3,1,32.63812212396783,2,2,0,s3,3
oracle,long_00041_1089-5142-6829,s3,gated_deflation,3,2,2.8276317100946766,2,2,0,s3,3
oracle,long_00041_1089-5142-6829,s1,coarse_to_fine,3,1,70.55119243859585,,,2,s1,3
oracle,long_00041_1089-5142-6829,s1,coarse_to_fine,3,2,3.1016762695973936,,,2,s1,3
oracle,long_00041_1089-5142-6829,s2,coarse_to_fine,3,1,53.598133996714296,,,2,s2,3
oracle,long_00041_1089-5142-6829,s2,coarse_to_fine,3,2,0.8526446672522412,,,2,s2,3
oracle,long_00041_1089-5142-6829,s3,coarse_to_fine,3,1,38.61240261115634,,,2,s3,3
oracle,long_00041_1089-5142-6829,s3,coarse_to_fine,3,2,4.15154871959721,,,2,s3,3
real,long_00041_1089-5142-6829,s1,no_recursion,3,1,58.41597663192283,,,0,SPEAKER_00,3
real,long_00041_1089-5142-6829,s1,no_recursion,3,2,1.0537517296036993,,,0,SPEAKER_00,3
real,long_00041_1089-5142-6829,s2,no_recursion,3,1,inf,,,0,SPEAKER_01,3
real,long_00041_1089-5142-6829,s2,no_recursion,3,2,-0.32042036206970237,,,0,SPEAKER_01,3
real,long_00041_1089-5142-6829,s3,no_recursion,3,1,53.91075561873187,,,0,SPEAKER_02,3
real,long_00041_1089-5142-6829,s3,no_recursion,3,2,0.9948128383547273,,,0,SPEAKER_02,3
real,long_00041_1089-5142-6829,s1,ungated_deflation,3,1,58.41597663192283,1,1,0,SPEAKER_00,3
real,long_00041_1089-5142-6829,s1,ungated_deflation,3,2,0.8393380396593744,1,1,0,SPEAKER_00,3
real,long_00041_1089-5142-6829,s2,ungated_deflation,3,1,inf,2,2,0,SPEAKER_01,3
real,long_00041_1089-5142-6829,s2,ungated_deflation,3,2,-0.2128321437016512,2,2,0,SPEAKER_01,3
real,long_00041_1089-5142-6829,s3,ungated_deflation,3,1,53.91075561873187,0,0,0,SPEAKER_02,3
real,long_00041_1089-5142-6829,s3,ungated_deflation,3,2,0.9948128383547273,0,0,0,SPEAKER_02,3
real,long_00041_1089-5142-6829,s1,gated_deflation,3,1,58.41597663192283,1,1,0,SPEAKER_00,3
real,long_00041_1089-5142-6829,s1,gated_deflation,3,2,0.8393380396593744,1,1,0,SPEAKER_00,3
real,long_00041_1089-5142-6829,s2,gated_deflation,3,1,inf,2,2,0,SPEAKER_01,3
real,long_00041_1089-5142-6829,s2,gated_deflation,3,2,-0.2128321437016512,2,2,0,SPEAKER_01,3
real,long_00041_1089-5142-6829,s3,gated_deflation,3,1,53.91075561873187,0,0,0,SPEAKER_02,3
real,long_00041_1089-5142-6829,s3,gated_deflation,3,2,0.9948128383547273,0,0,0,SPEAKER_02,3
real,long_00041_1089-5142-6829,s1,coarse_to_fine,3,1,58.41597663192283,,,2,SPEAKER_00,3
real,long_00041_1089-5142-6829,s1,coarse_to_fine,3,2,0.6916519645638499,,,2,SPEAKER_00,3
real,long_00041_1089-5142-6829,s2,coarse_to_fine,3,1,inf,,,2,SPEAKER_01,3
real,long_00041_1089-5142-6829,s2,coarse_to_fine,3,2,-0.7095148426042914,,,2,SPEAKER_01,3
real,long_00041_1089-5142-6829,s3,coarse_to_fine,3,1,53.91075561873187,,,2,SPEAKER_02,3
real,long_00041_1089-5142-6829,s3,coarse_to_fine,3,2,-0.09163134867499033,,,2,SPEAKER_02,3
real_forced_m,long_00041_1089-5142-6829,s1,no_recursion,3,1,58.41597663192283,,,0,SPEAKER_00,3
real_forced_m,long_00041_1089-5142-6829,s1,no_recursion,3,2,1.0537517296036993,,,0,SPEAKER_00,3
real_forced_m,long_00041_1089-5142-6829,s2,no_recursion,3,1,inf,,,0,SPEAKER_01,3
real_forced_m,long_00041_1089-5142-6829,s2,no_recursion,3,2,-0.32042036206970237,,,0,SPEAKER_01,3
real_forced_m,long_00041_1089-5142-6829,s3,no_recursion,3,1,53.91075561873187,,,0,SPEAKER_02,3
real_forced_m,long_00041_1089-5142-6829,s3,no_recursion,3,2,0.9948128383547273,,,0,SPEAKER_02,3
real_forced_m,long_00041_1089-5142-6829,s1,ungated_deflation,3,1,58.41597663192283,1,1,0,SPEAKER_00,3
real_forced_m,long_00041_1089-5142-6829,s1,ungated_deflation,3,2,0.8393380396593744,1,1,0,SPEAKER_00,3
real_forced_m,long_00041_1089-5142-6829,s2,ungated_deflation,3,1,inf,2,2,0,SPEAKER_01,3
real_forced_m,long_00041_1089-5142-6829,s2,ungated_deflation,3,2,-0.2128321437016512,2,2,0,SPEAKER_01,3
real_forced_m,long_00041_1089-5142-6829,s3,ungated_deflation,3,1,53.91075561873187,0,0,0,SPEAKER_02,3
real_forced_m,long_00041_1089-5142-6829,s3,ungated_deflation,3,2,0.9948128383547273,0,0,0,SPEAKER_02,3
real_forced_m,long_00041_1089-5142-6829,s1,gated_deflation,3,1,58.41597663192283,1,1,0,SPEAKER_00,3
real_forced_m,long_00041_1089-5142-6829,s1,gated_deflation,3,2,0.8393380396593744,1,1,0,SPEAKER_00,3
real_forced_m,long_00041_1089-5142-6829,s2,gated_deflation,3,1,inf,2,2,0,SPEAKER_01,3
real_forced_m,long_00041_1089-5142-6829,s2,gated_deflation,3,2,-0.2128321437016512,2,2,0,SPEAKER_01,3
real_forced_m,long_00041_1089-5142-6829,s3,gated_deflation,3,1,53.91075561873187,0,0,0,SPEAKER_02,3
real_forced_m,long_00041_1089-5142-6829,s3,gated_deflation,3,2,0.9948128383547273,0,0,0,SPEAKER_02,3
real_forced_m,long_00041_1089-5142-6829,s1,coarse_to_fine,3,1,58.41597663192283,,,2,SPEAKER_00,3
real_forced_m,long_00041_1089-5142-6829,s1,coarse_to_fine,3,2,0.6916519645638499,,,2,SPEAKER_00,3
real_forced_m,long_00041_1089-5142-6829,s2,coarse_to_fine,3,1,inf,,,2,SPEAKER_01,3
real_forced_m,long_00041_1089-5142-6829,s2,coarse_to_fine,3,2,-0.7095148426042914,,,2,SPEAKER_01,3
real_forced_m,long_00041_1089-5142-6829,s3,coarse_to_fine,3,1,53.91075561873187,,,2,SPEAKER_02,3
real_forced_m,long_00041_1089-5142-6829,s3,coarse_to_fine,3,2,-0.09163134867499033,,,2,SPEAKER_02,3
real_index_order,long_00041_1089-5142-6829,s1,no_recursion,3,1,58.41597663192283,,,0,SPEAKER_00,3
real_index_order,long_00041_1089-5142-6829,s1,no_recursion,3,2,1.0537517296036993,,,0,SPEAKER_00,3
real_index_order,long_00041_1089-5142-6829,s2,no_recursion,3,1,inf,,,0,SPEAKER_01,3
real_index_order,long_00041_1089-5142-6829,s2,no_recursion,3,2,-0.32042036206970237,,,0,SPEAKER_01,3
real_index_order,long_00041_1089-5142-6829,s3,no_recursion,3,1,53.91075561873187,,,0,SPEAKER_02,3
real_index_order,long_00041_1089-5142-6829,s3,no_recursion,3,2,0.9948128383547273,,,0,SPEAKER_02,3
real_index_order,long_00041_1089-5142-6829,s1,ungated_deflation,3,1,58.41597663192283,0,0,0,SPEAKER_00,3
real_index_order,long_00041_1089-5142-6829,s1,ungated_deflation,3,2,1.0537517296036993,0,0,0,SPEAKER_00,3
real_index_order,long_00041_1089-5142-6829,s2,ungated_deflation,3,1,inf,1,1,0,SPEAKER_01,3
real_index_order,long_00041_1089-5142-6829,s2,ungated_deflation,3,2,-1.8371989137689995,1,1,0,SPEAKER_01,3
real_index_order,long_00041_1089-5142-6829,s3,ungated_deflation,3,1,53.91075561873187,2,2,0,SPEAKER_02,3
real_index_order,long_00041_1089-5142-6829,s3,ungated_deflation,3,2,0.9485734575913474,2,2,0,SPEAKER_02,3
real_index_order,long_00041_1089-5142-6829,s1,gated_deflation,3,1,58.41597663192283,0,0,0,SPEAKER_00,3
real_index_order,long_00041_1089-5142-6829,s1,gated_deflation,3,2,1.0537517296036993,0,0,0,SPEAKER_00,3
real_index_order,long_00041_1089-5142-6829,s2,gated_deflation,3,1,inf,1,1,0,SPEAKER_01,3
real_index_order,long_00041_1089-5142-6829,s2,gated_deflation,3,2,-1.8371989137689995,1,1,0,SPEAKER_01,3
real_index_order,long_00041_1089-5142-6829,s3,gated_deflation,3,1,53.91075561873187,2,2,0,SPEAKER_02,3
real_index_order,long_00041_1089-5142-6829,s3,gated_deflation,3,2,0.9485734575913474,2,2,0,SPEAKER_02,3
real_index_order,long_00041_1089-5142-6829,s1,coarse_to_fine,3,1,58.41597663192283,,,2,SPEAKER_00,3
real_index_order,long_00041_1089-5142-6829,s1,coarse_to_fine,3,2,0.6916519645638499,,,2,SPEAKER_00,3
real_index_order,long_00041_1089-5142-6829,s2,coarse_to_fine,3,1,inf,,,2,SPEAKER_01,3
real_index_order,long_00041_1089-5142-6829,s2,coarse_to_fine,3,2,-0.7095148426042914,,,2,SPEAKER_01,3
real_index_order,long_00041_1089-5142-6829,s3,coarse_to_fine,3,1,53.91075561873187,,,2,SPEAKER_02,3
real_index_order,long_00041_1089-5142-6829,s3,coarse_to_fine,3,2,-0.09163134867499033,,,2,SPEAKER_02,3
oracle,long_00042_1320-7176-8555,s1,no_recursion,3,1,47.7271984568877,,,0,s1,3
oracle,long_00042_1320-7176-8555,s1,no_recursion,3,2,0.44411102818419257,,,0,s1,3
oracle,long_00042_1320-7176-8555,s2,no_recursion,3,1,43.076353193363126,,,0,s2,3
oracle,long_00042_1320-7176-8555,s2,no_recursion,3,2,-0.11652297790245943,,,0,s2,3
oracle,long_00042_1320-7176-8555,s3,no_recursion,3,1,79.50582349921281,,,0,s3,3
oracle,long_00042_1320-7176-8555,s3,no_recursion,3,2,0.7976386129303291,,,0,s3,3
oracle,long_00042_1320-7176-8555,s1,ungated_deflation,3,1,47.7271984568877,0,0,0,s1,3
oracle,long_00042_1320-7176-8555,s1,ungated_deflation,3,2,0.44411102818419257,0,0,0,s1,3
oracle,long_00042_1320-7176-8555,s2,ungated_deflation,3,1,41.07353861954539,1,1,0,s2,3
oracle,long_00042_1320-7176-8555,s2,ungated_deflation,3,2,-3.9435918546473965,1,1,0,s2,3
oracle,long_00042_1320-7176-8555,s3,ungated_deflation,3,1,75.60349628980975,2,2,0,s3,3
oracle,long_00042_1320-7176-8555,s3,ungated_deflation,3,2,-3.9716813471683885,2,2,0,s3,3
oracle,long_00042_1320-7176-8555,s1,gated_deflation,3,1,47.7271984568877,0,0,0,s1,3
oracle,long_00042_1320-7176-8555,s1,gated_deflation,3,2,0.44411102818419257,0,0,0,s1,3
oracle,long_00042_1320-7176-8555,s2,gated_deflation,3,1,41.07353861954539,1,1,0,s2,3
oracle,long_00042_1320-7176-8555,s2,gated_deflation,3,2,-3.9435918546473965,1,1,0,s2,3
oracle,long_00042_1320-7176-8555,s3,gated_deflation,3,1,75.60349628980975,2,2,0,s3,3
oracle,long_00042_1320-7176-8555,s3,gated_deflation,3,2,-3.9716813471683885,2,2,0,s3,3
oracle,long_00042_1320-7176-8555,s1,coarse_to_fine,3,1,47.7271984568877,,,2,s1,3
oracle,long_00042_1320-7176-8555,s1,coarse_to_fine,3,2,0.44411102818419257,,,2,s1,3
oracle,long_00042_1320-7176-8555,s2,coarse_to_fine,3,1,42.457662394279694,,,2,s2,3
oracle,long_00042_1320-7176-8555,s2,coarse_to_fine,3,2,-0.6837470806187889,,,2,s2,3
oracle,long_00042_1320-7176-8555,s3,coarse_to_fine,3,1,78.33403424241405,,,2,s3,3
oracle,long_00042_1320-7176-8555,s3,coarse_to_fine,3,2,-0.4798004501783847,,,2,s3,3
real,long_00042_1320-7176-8555,s1,no_recursion,3,1,41.65890048187392,,,0,SPEAKER_01,3
real,long_00042_1320-7176-8555,s1,no_recursion,3,2,-3.348164467220683,,,0,SPEAKER_01,3
real,long_00042_1320-7176-8555,s2,no_recursion,3,1,44.83511333458142,,,0,SPEAKER_02,3
real,long_00042_1320-7176-8555,s2,no_recursion,3,2,-2.0760256574482057,,,0,SPEAKER_02,3
real,long_00042_1320-7176-8555,s3,no_recursion,3,1,45.745200232210045,,,0,SPEAKER_00,3
real,long_00042_1320-7176-8555,s3,no_recursion,3,2,-3.127897881811097,,,0,SPEAKER_00,3
real,long_00042_1320-7176-8555,s1,ungated_deflation,3,1,41.65890048187392,2,2,0,SPEAKER_01,3
real,long_00042_1320-7176-8555,s1,ungated_deflation,3,2,-3.8045728665332925,2,2,0,SPEAKER_01,3
real,long_00042_1320-7176-8555,s2,ungated_deflation,3,1,44.83511333458142,1,1,0,SPEAKER_02,3
real,long_00042_1320-7176-8555,s2,ungated_deflation,3,2,-1.4892466826443727,1,1,0,SPEAKER_02,3
real,long_00042_1320-7176-8555,s3,ungated_deflation,3,1,45.745200232210045,0,0,0,SPEAKER_00,3
real,long_00042_1320-7176-8555,s3,ungated_deflation,3,2,-3.127897881811097,0,0,0,SPEAKER_00,3
real,long_00042_1320-7176-8555,s1,gated_deflation,3,1,41.65890048187392,2,2,0,SPEAKER_01,3
real,long_00042_1320-7176-8555,s1,gated_deflation,3,2,-3.8045728665332925,2,2,0,SPEAKER_01,3
real,long_00042_1320-7176-8555,s2,gated_deflation,3,1,44.83511333458142,1,1,0,SPEAKER_02,3
real,long_00042_1320-7176-8555,s2,gated_deflation,3,2,-1.4892466826443727,1,1,0,SPEAKER_02,3
real,long_00042_1320-7176-8555,s3,gated_deflation,3,1,45.745200232210045,0,0,0,SPEAKER_00,3
real,long_00042_1320-7176-8555,s3,gated_deflation,3,2,-3.127897881811097,0,0,0,SPEAKER_00,3
real,long_00042_1320-7176-8555,s1,coarse_to_fine,3,1,41.65890048187392,,,2,SPEAKER_01,3
real,long_00042_1320-7176-8555,s1,coarse_to_fine,3,2,-3.943874554572406,,,2,SPEAKER_01,3
real,long_00042_1320-7176-8555,s2,coarse_to_fine,3,1,44.83511333458142,,,2,SPEAKER_02,3
real,long_00042_1320-7176-8555,s2,coarse_to_fine,3,2,-2.0760256574482057,,,2,SPEAKER_02,3
real,long_00042_1320-7176-8555,s3,coarse_to_fine,3,1,45.745200232210045,,,2,SPEAKER_00,3
real,long_00042_1320-7176-8555,s3,coarse_to_fine,3,2,-6.126705660139461,,,2,SPEAKER_00,3
real_forced_m,long_00042_1320-7176-8555,s1,no_recursion,3,1,41.65890048187392,,,0,SPEAKER_01,3
real_forced_m,long_00042_1320-7176-8555,s1,no_recursion,3,2,-3.348164467220683,,,0,SPEAKER_01,3
real_forced_m,long_00042_1320-7176-8555,s2,no_recursion,3,1,44.83511333458142,,,0,SPEAKER_02,3
real_forced_m,long_00042_1320-7176-8555,s2,no_recursion,3,2,-2.0760256574482057,,,0,SPEAKER_02,3
real_forced_m,long_00042_1320-7176-8555,s3,no_recursion,3,1,45.745200232210045,,,0,SPEAKER_00,3
real_forced_m,long_00042_1320-7176-8555,s3,no_recursion,3,2,-3.127897881811097,,,0,SPEAKER_00,3
real_forced_m,long_00042_1320-7176-8555,s1,ungated_deflation,3,1,41.65890048187392,2,2,0,SPEAKER_01,3
real_forced_m,long_00042_1320-7176-8555,s1,ungated_deflation,3,2,-3.8045728665332925,2,2,0,SPEAKER_01,3
real_forced_m,long_00042_1320-7176-8555,s2,ungated_deflation,3,1,44.83511333458142,1,1,0,SPEAKER_02,3
real_forced_m,long_00042_1320-7176-8555,s2,ungated_deflation,3,2,-1.4892466826443727,1,1,0,SPEAKER_02,3
real_forced_m,long_00042_1320-7176-8555,s3,ungated_deflation,3,1,45.745200232210045,0,0,0,SPEAKER_00,3
real_forced_m,long_00042_1320-7176-8555,s3,ungated_deflation,3,2,-3.127897881811097,0,0,0,SPEAKER_00,3
real_forced_m,long_00042_1320-7176-8555,s1,gated_deflation,3,1,41.65890048187392,2,2,0,SPEAKER_01,3
real_forced_m,long_00042_1320-7176-8555,s1,gated_deflation,3,2,-3.8045728665332925,2,2,0,SPEAKER_01,3
real_forced_m,long_00042_1320-7176-8555,s2,gated_deflation,3,1,44.83511333458142,1,1,0,SPEAKER_02,3
real_forced_m,long_00042_1320-7176-8555,s2,gated_deflation,3,2,-1.4892466826443727,1,1,0,SPEAKER_02,3
real_forced_m,long_00042_1320-7176-8555,s3,gated_deflation,3,1,45.745200232210045,0,0,0,SPEAKER_00,3
real_forced_m,long_00042_1320-7176-8555,s3,gated_deflation,3,2,-3.127897881811097,0,0,0,SPEAKER_00,3
real_forced_m,long_00042_1320-7176-8555,s1,coarse_to_fine,3,1,41.65890048187392,,,2,SPEAKER_01,3
real_forced_m,long_00042_1320-7176-8555,s1,coarse_to_fine,3,2,-3.943874554572406,,,2,SPEAKER_01,3
real_forced_m,long_00042_1320-7176-8555,s2,coarse_to_fine,3,1,44.83511333458142,,,2,SPEAKER_02,3
real_forced_m,long_00042_1320-7176-8555,s2,coarse_to_fine,3,2,-2.0760256574482057,,,2,SPEAKER_02,3
real_forced_m,long_00042_1320-7176-8555,s3,coarse_to_fine,3,1,45.745200232210045,,,2,SPEAKER_00,3
real_forced_m,long_00042_1320-7176-8555,s3,coarse_to_fine,3,2,-6.126705660139461,,,2,SPEAKER_00,3
real_index_order,long_00042_1320-7176-8555,s1,no_recursion,3,1,41.65890048187392,,,0,SPEAKER_01,3
real_index_order,long_00042_1320-7176-8555,s1,no_recursion,3,2,-3.348164467220683,,,0,SPEAKER_01,3
real_index_order,long_00042_1320-7176-8555,s2,no_recursion,3,1,44.83511333458142,,,0,SPEAKER_02,3
real_index_order,long_00042_1320-7176-8555,s2,no_recursion,3,2,-2.0760256574482057,,,0,SPEAKER_02,3
real_index_order,long_00042_1320-7176-8555,s3,no_recursion,3,1,45.745200232210045,,,0,SPEAKER_00,3
real_index_order,long_00042_1320-7176-8555,s3,no_recursion,3,2,-3.127897881811097,,,0,SPEAKER_00,3
real_index_order,long_00042_1320-7176-8555,s1,ungated_deflation,3,1,41.65890048187392,0,0,0,SPEAKER_01,3
real_index_order,long_00042_1320-7176-8555,s1,ungated_deflation,3,2,-3.348164467220683,0,0,0,SPEAKER_01,3
real_index_order,long_00042_1320-7176-8555,s2,ungated_deflation,3,1,44.83511333458142,1,1,0,SPEAKER_02,3
real_index_order,long_00042_1320-7176-8555,s2,ungated_deflation,3,2,-2.964399545751571,1,1,0,SPEAKER_02,3
real_index_order,long_00042_1320-7176-8555,s3,ungated_deflation,3,1,45.745200232210045,2,2,0,SPEAKER_00,3
real_index_order,long_00042_1320-7176-8555,s3,ungated_deflation,3,2,-6.924212409370307,2,2,0,SPEAKER_00,3
real_index_order,long_00042_1320-7176-8555,s1,gated_deflation,3,1,41.65890048187392,0,0,0,SPEAKER_01,3
real_index_order,long_00042_1320-7176-8555,s1,gated_deflation,3,2,-3.348164467220683,0,0,0,SPEAKER_01,3
real_index_order,long_00042_1320-7176-8555,s2,gated_deflation,3,1,44.83511333458142,1,1,0,SPEAKER_02,3
real_index_order,long_00042_1320-7176-8555,s2,gated_deflation,3,2,-2.964399545751571,1,1,0,SPEAKER_02,3
real_index_order,long_00042_1320-7176-8555,s3,gated_deflation,3,1,45.745200232210045,2,2,0,SPEAKER_00,3
real_index_order,long_00042_1320-7176-8555,s3,gated_deflation,3,2,-6.924212409370307,2,2,0,SPEAKER_00,3
real_index_order,long_00042_1320-7176-8555,s1,coarse_to_fine,3,1,41.65890048187392,,,2,SPEAKER_01,3
real_index_order,long_00042_1320-7176-8555,s1,coarse_to_fine,3,2,-3.943874554572406,,,2,SPEAKER_01,3
real_index_order,long_00042_1320-7176-8555,s2,coarse_to_fine,3,1,44.83511333458142,,,2,SPEAKER_02,3
real_index_order,long_00042_1320-7176-8555,s2,coarse_to_fine,3,2,-2.0760256574482057,,,2,SPEAKER_02,3
real_index_order,long_00042_1320-7176-8555,s3,coarse_to_fine,3,1,45.745200232210045,,,2,SPEAKER_00,3
real_index_order,long_00042_1320-7176-8555,s3,coarse_to_fine,3,2,-6.126705660139461,,,2,SPEAKER_00,3
oracle,long_00043_2961-5683-4970,s1,no_recursion,3,1,78.89692633578241,,,0,s1,3
oracle,long_00043_2961-5683-4970,s1,no_recursion,3,2,-0.47334745856817884,,,0,s1,3
oracle,long_00043_2961-5683-4970,s2,no_recursion,3,1,73.42950750979693,,,0,s2,3
oracle,long_00043_2961-5683-4970,s2,no_recursion,3,2,-1.7225048226430195,,,0,s2,3
oracle,long_00043_2961-5683-4970,s3,no_recursion,3,1,54.81937993134621,,,0,s3,3
oracle,long_00043_2961-5683-4970,s3,no_recursion,3,2,-0.4583146602165416,,,0,s3,3
oracle,long_00043_2961-5683-4970,s1,ungated_deflation,3,1,78.89692633578241,0,0,0,s1,3
oracle,long_00043_2961-5683-4970,s1,ungated_deflation,3,2,-0.47334745856817884,0,0,0,s1,3
oracle,long_00043_2961-5683-4970,s2,ungated_deflation,3,1,73.69988393104536,1,1,0,s2,3
oracle,long_00043_2961-5683-4970,s2,ungated_deflation,3,2,-1.0465134527937385,1,1,0,s2,3
oracle,long_00043_2961-5683-4970,s3,ungated_deflation,3,1,54.19245035194336,2,2,0,s3,3
oracle,long_00043_2961-5683-4970,s3,ungated_deflation,3,2,0.4110919608087652,2,2,0,s3,3
oracle,long_00043_2961-5683-4970,s1,gated_deflation,3,1,78.89692633578241,0,0,0,s1,3
oracle,long_00043_2961-5683-4970,s1,gated_deflation,3,2,-0.47334745856817884,0,0,0,s1,3
oracle,long_00043_2961-5683-4970,s2,gated_deflation,3,1,73.69988393104536,1,1,0,s2,3
oracle,long_00043_2961-5683-4970,s2,gated_deflation,3,2,-1.0465134527937385,1,1,0,s2,3
oracle,long_00043_2961-5683-4970,s3,gated_deflation,3,1,54.19245035194336,2,2,0,s3,3
oracle,long_00043_2961-5683-4970,s3,gated_deflation,3,2,0.4110919608087652,2,2,0,s3,3
oracle,long_00043_2961-5683-4970,s1,coarse_to_fine,3,1,78.93316090048768,,,2,s1,3
oracle,long_00043_2961-5683-4970,s1,coarse_to_fine,3,2,-0.7601982081813698,,,2,s1,3
oracle,long_00043_2961-5683-4970,s2,coarse_to_fine,3,1,73.42950750979693,,,2,s2,3
oracle,long_00043_2961-5683-4970,s2,coarse_to_fine,3,2,-1.7225048226430195,,,2,s2,3
oracle,long_00043_2961-5683-4970,s3,coarse_to_fine,3,1,54.81937993134621,,,2,s3,3
oracle,long_00043_2961-5683-4970,s3,coarse_to_fine,3,2,-0.4583146602165416,,,2,s3,3
real,long_00043_2961-5683-4970,s1,no_recursion,3,1,37.91785258331457,,,0,SPEAKER_00,3
real,long_00043_2961-5683-4970,s1,no_recursion,3,2,0.35344858861156503,,,0,SPEAKER_00,3
real,long_00043_2961-5683-4970,s2,no_recursion,3,1,10.855554326003409,,,0,SPEAKER_01,3
real,long_00043_2961-5683-4970,s2,no_recursion,3,2,-5.84185619410907,,,0,SPEAKER_01,3
real,long_00043_2961-5683-4970,s3,no_recursion,3,1,11.775392419282335,,,0,SPEAKER_02,3
real,long_00043_2961-5683-4970,s3,no_recursion,3,2,-3.93734979367916,,,0,SPEAKER_02,3
real,long_00043_2961-5683-4970,s1,ungated_deflation,3,1,37.91785258331457,0,0,0,SPEAKER_00,3
real,long_00043_2961-5683-4970,s1,ungated_deflation,3,2,0.35344858861156503,0,0,0,SPEAKER_00,3
real,long_00043_2961-5683-4970,s2,ungated_deflation,3,1,10.855554326003409,2,2,0,SPEAKER_01,3
real,long_00043_2961-5683-4970,s2,ungated_deflation,3,2,-4.210726412350437,2,2,0,SPEAKER_01,3
real,long_00043_2961-5683-4970,s3,ungated_deflation,3,1,11.775392419282335,1,1,0,SPEAKER_02,3
real,long_00043_2961-5683-4970,s3,ungated_deflation,3,2,-1.0830175859042377,1,1,0,SPEAKER_02,3
real,long_00043_2961-5683-4970,s1,gated_deflation,3,1,37.91785258331457,0,0,0,SPEAKER_00,3
real,long_00043_2961-5683-4970,s1,gated_deflation,3,2,0.35344858861156503,0,0,0,SPEAKER_00,3
real,long_00043_2961-5683-4970,s2,gated_deflation,3,1,10.855554326003409,2,2,0,SPEAKER_01,3
real,long_00043_2961-5683-4970,s2,gated_deflation,3,2,-4.210726412350437,2,2,0,SPEAKER_01,3
real,long_00043_2961-5683-4970,s3,gated_deflation,3,1,11.775392419282335,1,1,0,SPEAKER_02,3
real,long_00043_2961-5683-4970,s3,gated_deflation,3,2,-1.0830175859042377,1,1,0,SPEAKER_02,3
real,long_00043_2961-5683-4970,s1,coarse_to_fine,3,1,37.91785258331457,,,2,SPEAKER_00,3
real,long_00043_2961-5683-4970,s1,coarse_to_fine,3,2,0.5638020336586789,,,2,SPEAKER_00,3
real,long_00043_2961-5683-4970,s2,coarse_to_fine,3,1,10.855554326003409,,,2,SPEAKER_01,3
real,long_00043_2961-5683-4970,s2,coarse_to_fine,3,2,-5.84185619410907,,,2,SPEAKER_01,3
real,long_00043_2961-5683-4970,s3,coarse_to_fine,3,1,11.775392419282335,,,2,SPEAKER_02,3
real,long_00043_2961-5683-4970,s3,coarse_to_fine,3,2,-5.407161317259369,,,2,SPEAKER_02,3
real_forced_m,long_00043_2961-5683-4970,s1,no_recursion,3,1,37.91785258331457,,,0,SPEAKER_00,3
real_forced_m,long_00043_2961-5683-4970,s1,no_recursion,3,2,0.35344858861156503,,,0,SPEAKER_00,3
real_forced_m,long_00043_2961-5683-4970,s2,no_recursion,3,1,10.855554326003409,,,0,SPEAKER_01,3
real_forced_m,long_00043_2961-5683-4970,s2,no_recursion,3,2,-5.84185619410907,,,0,SPEAKER_01,3
real_forced_m,long_00043_2961-5683-4970,s3,no_recursion,3,1,11.775392419282335,,,0,SPEAKER_02,3
real_forced_m,long_00043_2961-5683-4970,s3,no_recursion,3,2,-3.93734979367916,,,0,SPEAKER_02,3
real_forced_m,long_00043_2961-5683-4970,s1,ungated_deflation,3,1,37.91785258331457,0,0,0,SPEAKER_00,3
real_forced_m,long_00043_2961-5683-4970,s1,ungated_deflation,3,2,0.35344858861156503,0,0,0,SPEAKER_00,3
real_forced_m,long_00043_2961-5683-4970,s2,ungated_deflation,3,1,10.855554326003409,2,2,0,SPEAKER_01,3
real_forced_m,long_00043_2961-5683-4970,s2,ungated_deflation,3,2,-4.210726412350437,2,2,0,SPEAKER_01,3
real_forced_m,long_00043_2961-5683-4970,s3,ungated_deflation,3,1,11.775392419282335,1,1,0,SPEAKER_02,3
real_forced_m,long_00043_2961-5683-4970,s3,ungated_deflation,3,2,-1.0830175859042377,1,1,0,SPEAKER_02,3
real_forced_m,long_00043_2961-5683-4970,s1,gated_deflation,3,1,37.91785258331457,0,0,0,SPEAKER_00,3
real_forced_m,long_00043_2961-5683-4970,s1,gated_deflation,3,2,0.35344858861156503,0,0,0,SPEAKER_00,3
real_forced_m,long_00043_2961-5683-4970,s2,gated_deflation,3,1,10.855554326003409,2,2,0,SPEAKER_01,3
real_forced_m,long_00043_2961-5683-4970,s2,gated_deflation,3,2,-4.210726412350437,2,2,0,SPEAKER_01,3
real_forced_m,long_00043_2961-5683-4970,s3,gated_deflation,3,1,11.775392419282335,1,1,0,SPEAKER_02,3
real_forced_m,long_00043_2961-5683-4970,s3,gated_deflation,3,2,-1.0830175859042377,1,1,0,SPEAKER_02,3
real_forced_m,long_00043_2961-5683-4970,s1,coarse_to_fine,3,1,37.91785258331457,,,2,SPEAKER_00,3
real_forced_m,long_00043_2961-5683-4970,s1,coarse_to_fine,3,2,0.5638020336586789,,,2,SPEAKER_00,3
real_forced_m,long_00043_2961-5683-4970,s2,coarse_to_fine,3,1,10.855554326003409,,,2,SPEAKER_01,3
real_forced_m,long_00043_2961-5683-4970,s2,coarse_to_fine,3,2,-5.84185619410907,,,2,SPEAKER_01,3
real_forced_m,long_00043_2961-5683-4970,s3,coarse_to_fine,3,1,11.775392419282335,,,2,SPEAKER_02,3
real_forced_m,long_00043_2961-5683-4970,s3,coarse_to_fine,3,2,-5.407161317259369,,,2,SPEAKER_02,3
real_index_order,long_00043_2961-5683-4970,s1,no_recursion,3,1,37.91785258331457,,,0,SPEAKER_00,3
real_index_order,long_00043_2961-5683-4970,s1,no_recursion,3,2,0.35344858861156503,,,0,SPEAKER_00,3
real_index_order,long_00043_2961-5683-4970,s2,no_recursion,3,1,10.855554326003409,,,0,SPEAKER_01,3
real_index_order,long_00043_2961-5683-4970,s2,no_recursion,3,2,-5.84185619410907,,,0,SPEAKER_01,3
real_index_order,long_00043_2961-5683-4970,s3,no_recursion,3,1,11.775392419282335,,,0,SPEAKER_02,3
real_index_order,long_00043_2961-5683-4970,s3,no_recursion,3,2,-3.93734979367916,,,0,SPEAKER_02,3
real_index_order,long_00043_2961-5683-4970,s1,ungated_deflation,3,1,37.91785258331457,0,0,0,SPEAKER_00,3
real_index_order,long_00043_2961-5683-4970,s1,ungated_deflation,3,2,0.35344858861156503,0,0,0,SPEAKER_00,3
real_index_order,long_00043_2961-5683-4970,s2,ungated_deflation,3,1,10.855554326003409,1,1,0,SPEAKER_01,3
real_index_order,long_00043_2961-5683-4970,s2,ungated_deflation,3,2,-4.127329723714563,1,1,0,SPEAKER_01,3
real_index_order,long_00043_2961-5683-4970,s3,ungated_deflation,3,1,11.775392419282335,2,2,0,SPEAKER_02,3
real_index_order,long_00043_2961-5683-4970,s3,ungated_deflation,3,2,-1.835782185495868,2,2,0,SPEAKER_02,3
real_index_order,long_00043_2961-5683-4970,s1,gated_deflation,3,1,37.91785258331457,0,0,0,SPEAKER_00,3
real_index_order,long_00043_2961-5683-4970,s1,gated_deflation,3,2,0.35344858861156503,0,0,0,SPEAKER_00,3
real_index_order,long_00043_2961-5683-4970,s2,gated_deflation,3,1,10.855554326003409,1,1,0,SPEAKER_01,3
real_index_order,long_00043_2961-5683-4970,s2,gated_deflation,3,2,-4.127329723714563,1,1,0,SPEAKER_01,3
real_index_order,long_00043_2961-5683-4970,s3,gated_deflation,3,1,11.775392419282335,2,2,0,SPEAKER_02,3
real_index_order,long_00043_2961-5683-4970,s3,gated_deflation,3,2,-1.835782185495868,2,2,0,SPEAKER_02,3
real_index_order,long_00043_2961-5683-4970,s1,coarse_to_fine,3,1,37.91785258331457,,,2,SPEAKER_00,3
real_index_order,long_00043_2961-5683-4970,s1,coarse_to_fine,3,2,0.5638020336586789,,,2,SPEAKER_00,3
real_index_order,long_00043_2961-5683-4970,s2,coarse_to_fine,3,1,10.855554326003409,,,2,SPEAKER_01,3
real_index_order,long_00043_2961-5683-4970,s2,coarse_to_fine,3,2,-5.84185619410907,,,2,SPEAKER_01,3
real_index_order,long_00043_2961-5683-4970,s3,coarse_to_fine,3,1,11.775392419282335,,,2,SPEAKER_02,3
real_index_order,long_00043_2961-5683-4970,s3,coarse_to_fine,3,2,-5.407161317259369,,,2,SPEAKER_02,3
oracle,long_00044_6930-7021-4446,s1,no_recursion,3,1,54.22754446453255,,,0,s1,3
oracle,long_00044_6930-7021-4446,s1,no_recursion,3,2,2.640409831615595,,,0,s1,3
oracle,long_00044_6930-7021-4446,s2,no_recursion,3,1,42.29450018737513,,,0,s2,3
oracle,long_00044_6930-7021-4446,s2,no_recursion,3,2,5.338963523778558,,,0,s2,3
oracle,long_00044_6930-7021-4446,s3,no_recursion,3,1,83.28746650351887,,,0,s3,3
oracle,long_00044_6930-7021-4446,s3,no_recursion,3,2,1.4276471182364898,,,0,s3,3
oracle,long_00044_6930-7021-4446,s1,ungated_deflation,3,1,54.22754446453255,0,0,0,s1,3
oracle,long_00044_6930-7021-4446,s1,ungated_deflation,3,2,2.640409831615595,0,0,0,s1,3
oracle,long_00044_6930-7021-4446,s2,ungated_deflation,3,1,40.63385118914174,1,1,0,s2,3
oracle,long_00044_6930-7021-4446,s2,ungated_deflation,3,2,4.999345339237467,1,1,0,s2,3
oracle,long_00044_6930-7021-4446,s3,ungated_deflation,3,1,81.41720374026549,2,2,0,s3,3
oracle,long_00044_6930-7021-4446,s3,ungated_deflation,3,2,-5.1992393410289175,2,2,0,s3,3
oracle,long_00044_6930-7021-4446,s1,gated_deflation,3,1,54.22754446453255,0,0,0,s1,3
oracle,long_00044_6930-7021-4446,s1,gated_deflation,3,2,2.640409831615595,0,0,0,s1,3
oracle,long_00044_6930-7021-4446,s2,gated_deflation,3,1,40.63385118914174,1,1,0,s2,3
oracle,long_00044_6930-7021-4446,s2,gated_deflation,3,2,4.999345339237467,1,1,0,s2,3
oracle,long_00044_6930-7021-4446,s3,gated_deflation,3,1,81.41720374026549,2,2,0,s3,3
oracle,long_00044_6930-7021-4446,s3,gated_deflation,3,2,-5.1992393410289175,2,2,0,s3,3
oracle,long_00044_6930-7021-4446,s1,coarse_to_fine,3,1,55.265347381480645,,,2,s1,3
oracle,long_00044_6930-7021-4446,s1,coarse_to_fine,3,2,-1.9769560689202774,,,2,s1,3
oracle,long_00044_6930-7021-4446,s2,coarse_to_fine,3,1,41.88189710844458,,,2,s2,3
oracle,long_00044_6930-7021-4446,s2,coarse_to_fine,3,2,6.929156247619107,,,2,s2,3
oracle,long_00044_6930-7021-4446,s3,coarse_to_fine,3,1,83.77504924227487,,,2,s3,3
oracle,long_00044_6930-7021-4446,s3,coarse_to_fine,3,2,-3.295434327282493,,,2,s3,3
real,long_00044_6930-7021-4446,s1,no_recursion,3,1,40.64566783976559,,,0,SPEAKER_01,3
real,long_00044_6930-7021-4446,s1,no_recursion,3,2,-0.8155098510956664,,,0,SPEAKER_01,3
real,long_00044_6930-7021-4446,s2,no_recursion,3,1,58.05721942099409,,,0,SPEAKER_02,3
real,long_00044_6930-7021-4446,s2,no_recursion,3,2,-2.472836623380274,,,0,SPEAKER_02,3
real,long_00044_6930-7021-4446,s3,no_recursion,3,1,48.64409872398595,,,0,SPEAKER_00,3
real,long_00044_6930-7021-4446,s3,no_recursion,3,2,-1.882107938379733,,,0,SPEAKER_00,3
real,long_00044_6930-7021-4446,s1,ungated_deflation,3,1,40.64566783976559,1,1,0,SPEAKER_01,3
real,long_00044_6930-7021-4446,s1,ungated_deflation,3,2,-2.947121070483108,1,1,0,SPEAKER_01,3
real,long_00044_6930-7021-4446,s2,ungated_deflation,3,1,58.05721942099409,0,0,0,SPEAKER_02,3
real,long_00044_6930-7021-4446,s2,ungated_deflation,3,2,-2.472836623380274,0,0,0,SPEAKER_02,3
real,long_00044_6930-7021-4446,s3,ungated_deflation,3,1,48.64409872398595,2,2,0,SPEAKER_00,3
real,long_00044_6930-7021-4446,s3,ungated_deflation,3,2,-9.281682415466042,2,2,0,SPEAKER_00,3
real,long_00044_6930-7021-4446,s1,gated_deflation,3,1,40.64566783976559,1,1,0,SPEAKER_01,3
real,long_00044_6930-7021-4446,s1,gated_deflation,3,2,-2.947121070483108,1,1,0,SPEAKER_01,3
real,long_00044_6930-7021-4446,s2,gated_deflation,3,1,58.05721942099409,0,0,0,SPEAKER_02,3
real,long_00044_6930-7021-4446,s2,gated_deflation,3,2,-2.472836623380274,0,0,0,SPEAKER_02,3
real,long_00044_6930-7021-4446,s3,gated_deflation,3,1,48.64409872398595,2,2,0,SPEAKER_00,3
real,long_00044_6930-7021-4446,s3,gated_deflation,3,2,-9.281682415466042,2,2,0,SPEAKER_00,3
real,long_00044_6930-7021-4446,s1,coarse_to_fine,3,1,40.64566783976559,,,2,SPEAKER_01,3
real,long_00044_6930-7021-4446,s1,coarse_to_fine,3,2,-3.2432988310665105,,,2,SPEAKER_01,3
real,long_00044_6930-7021-4446,s2,coarse_to_fine,3,1,58.05721942099409,,,2,SPEAKER_02,3
real,long_00044_6930-7021-4446,s2,coarse_to_fine,3,2,-0.5483683514465783,,,2,SPEAKER_02,3
real,long_00044_6930-7021-4446,s3,coarse_to_fine,3,1,48.64409872398595,,,2,SPEAKER_00,3
real,long_00044_6930-7021-4446,s3,coarse_to_fine,3,2,-4.617643609728259,,,2,SPEAKER_00,3
real_forced_m,long_00044_6930-7021-4446,s1,no_recursion,3,1,40.64566783976559,,,0,SPEAKER_01,3
real_forced_m,long_00044_6930-7021-4446,s1,no_recursion,3,2,-0.8155098510956664,,,0,SPEAKER_01,3
real_forced_m,long_00044_6930-7021-4446,s2,no_recursion,3,1,58.05721942099409,,,0,SPEAKER_02,3
real_forced_m,long_00044_6930-7021-4446,s2,no_recursion,3,2,-2.472836623380274,,,0,SPEAKER_02,3
real_forced_m,long_00044_6930-7021-4446,s3,no_recursion,3,1,48.64409872398595,,,0,SPEAKER_00,3
real_forced_m,long_00044_6930-7021-4446,s3,no_recursion,3,2,-1.882107938379733,,,0,SPEAKER_00,3
real_forced_m,long_00044_6930-7021-4446,s1,ungated_deflation,3,1,40.64566783976559,1,1,0,SPEAKER_01,3
real_forced_m,long_00044_6930-7021-4446,s1,ungated_deflation,3,2,-2.947121070483108,1,1,0,SPEAKER_01,3
real_forced_m,long_00044_6930-7021-4446,s2,ungated_deflation,3,1,58.05721942099409,0,0,0,SPEAKER_02,3
real_forced_m,long_00044_6930-7021-4446,s2,ungated_deflation,3,2,-2.472836623380274,0,0,0,SPEAKER_02,3
real_forced_m,long_00044_6930-7021-4446,s3,ungated_deflation,3,1,48.64409872398595,2,2,0,SPEAKER_00,3
real_forced_m,long_00044_6930-7021-4446,s3,ungated_deflation,3,2,-9.281682415466042,2,2,0,SPEAKER_00,3
real_forced_m,long_00044_6930-7021-4446,s1,gated_deflation,3,1,40.64566783976559,1,1,0,SPEAKER_01,3
real_forced_m,long_00044_6930-7021-4446,s1,gated_deflation,3,2,-2.947121070483108,1,1,0,SPEAKER_01,3
real_forced_m,long_00044_6930-7021-4446,s2,gated_deflation,3,1,58.05721942099409,0,0,0,SPEAKER_02,3
real_forced_m,long_00044_6930-7021-4446,s2,gated_deflation,3,2,-2.472836623380274,0,0,0,SPEAKER_02,3
real_forced_m,long_00044_6930-7021-4446,s3,gated_deflation,3,1,48.64409872398595,2,2,0,SPEAKER_00,3
real_forced_m,long_00044_6930-7021-4446,s3,gated_deflation,3,2,-9.281682415466042,2,2,0,SPEAKER_00,3
real_forced_m,long_00044_6930-7021-4446,s1,coarse_to_fine,3,1,40.64566783976559,,,2,SPEAKER_01,3
real_forced_m,long_00044_6930-7021-4446,s1,coarse_to_fine,3,2,-3.2432988310665105,,,2,SPEAKER_01,3
real_forced_m,long_00044_6930-7021-4446,s2,coarse_to_fine,3,1,58.05721942099409,,,2,SPEAKER_02,3
real_forced_m,long_00044_6930-7021-4446,s2,coarse_to_fine,3,2,-0.5483683514465783,,,2,SPEAKER_02,3
real_forced_m,long_00044_6930-7021-4446,s3,coarse_to_fine,3,1,48.64409872398595,,,2,SPEAKER_00,3
real_forced_m,long_00044_6930-7021-4446,s3,coarse_to_fine,3,2,-4.617643609728259,,,2,SPEAKER_00,3
real_index_order,long_00044_6930-7021-4446,s1,no_recursion,3,1,40.64566783976559,,,0,SPEAKER_01,3
real_index_order,long_00044_6930-7021-4446,s1,no_recursion,3,2,-0.8155098510956664,,,0,SPEAKER_01,3
real_index_order,long_00044_6930-7021-4446,s2,no_recursion,3,1,58.05721942099409,,,0,SPEAKER_02,3
real_index_order,long_00044_6930-7021-4446,s2,no_recursion,3,2,-2.472836623380274,,,0,SPEAKER_02,3
real_index_order,long_00044_6930-7021-4446,s3,no_recursion,3,1,48.64409872398595,,,0,SPEAKER_00,3
real_index_order,long_00044_6930-7021-4446,s3,no_recursion,3,2,-1.882107938379733,,,0,SPEAKER_00,3
real_index_order,long_00044_6930-7021-4446,s1,ungated_deflation,3,1,40.64566783976559,0,0,0,SPEAKER_01,3
real_index_order,long_00044_6930-7021-4446,s1,ungated_deflation,3,2,-0.8155098510956664,0,0,0,SPEAKER_01,3
real_index_order,long_00044_6930-7021-4446,s2,ungated_deflation,3,1,58.05721942099409,1,1,0,SPEAKER_02,3
real_index_order,long_00044_6930-7021-4446,s2,ungated_deflation,3,2,-1.7503575053861276,1,1,0,SPEAKER_02,3
real_index_order,long_00044_6930-7021-4446,s3,ungated_deflation,3,1,48.64409872398595,2,2,0,SPEAKER_00,3
real_index_order,long_00044_6930-7021-4446,s3,ungated_deflation,3,2,-9.112983100101124,2,2,0,SPEAKER_00,3
real_index_order,long_00044_6930-7021-4446,s1,gated_deflation,3,1,40.64566783976559,0,0,0,SPEAKER_01,3
real_index_order,long_00044_6930-7021-4446,s1,gated_deflation,3,2,-0.8155098510956664,0,0,0,SPEAKER_01,3
real_index_order,long_00044_6930-7021-4446,s2,gated_deflation,3,1,58.05721942099409,1,1,0,SPEAKER_02,3
real_index_order,long_00044_6930-7021-4446,s2,gated_deflation,3,2,-1.7503575053861276,1,1,0,SPEAKER_02,3
real_index_order,long_00044_6930-7021-4446,s3,gated_deflation,3,1,48.64409872398595,2,2,0,SPEAKER_00,3
real_index_order,long_00044_6930-7021-4446,s3,gated_deflation,3,2,-9.112983100101124,2,2,0,SPEAKER_00,3
real_index_order,long_00044_6930-7021-4446,s1,coarse_to_fine,3,1,40.64566783976559,,,2,SPEAKER_01,3
real_index_order,long_00044_6930-7021-4446,s1,coarse_to_fine,3,2,-3.2432988310665105,,,2,SPEAKER_01,3
real_index_order,long_00044_6930-7021-4446,s2,coarse_to_fine,3,1,58.05721942099409,,,2,SPEAKER_02,3
real_index_order,long_00044_6930-7021-4446,s2,coarse_to_fine,3,2,-0.5483683514465783,,,2,SPEAKER_02,3
real_index_order,long_00044_6930-7021-4446,s3,coarse_to_fine,3,1,48.64409872398595,,,2,SPEAKER_00,3
real_index_order,long_00044_6930-7021-4446,s3,coarse_to_fine,3,2,-4.617643609728259,,,2,SPEAKER_00,3
oracle,long_00045_672-8224-4077,s1,no_recursion,3,1,51.07269172335737,,,0,s1,3
oracle,long_00045_672-8224-4077,s1,no_recursion,3,2,-4.95520284167703,,,0,s1,3
oracle,long_00045_672-8224-4077,s2,no_recursion,3,1,40.00578043903636,,,0,s2,3
oracle,long_00045_672-8224-4077,s2,no_recursion,3,2,4.054860413019597,,,0,s2,3
oracle,long_00045_672-8224-4077,s3,no_recursion,3,1,70.51237465040883,,,0,s3,3
oracle,long_00045_672-8224-4077,s3,no_recursion,3,2,0.5392220913362288,,,0,s3,3
oracle,long_00045_672-8224-4077,s1,ungated_deflation,3,1,51.07269172335737,0,0,0,s1,3
oracle,long_00045_672-8224-4077,s1,ungated_deflation,3,2,-4.95520284167703,0,0,0,s1,3
oracle,long_00045_672-8224-4077,s2,ungated_deflation,3,1,34.993776999006826,1,1,0,s2,3
oracle,long_00045_672-8224-4077,s2,ungated_deflation,3,2,3.5490518978347962,1,1,0,s2,3
oracle,long_00045_672-8224-4077,s3,ungated_deflation,3,1,67.14062230655415,2,2,0,s3,3
oracle,long_00045_672-8224-4077,s3,ungated_deflation,3,2,0.5152108684257202,2,2,0,s3,3
oracle,long_00045_672-8224-4077,s1,gated_deflation,3,1,51.07269172335737,0,0,0,s1,3
oracle,long_00045_672-8224-4077,s1,gated_deflation,3,2,-4.95520284167703,0,0,0,s1,3
oracle,long_00045_672-8224-4077,s2,gated_deflation,3,1,34.993776999006826,1,1,0,s2,3
oracle,long_00045_672-8224-4077,s2,gated_deflation,3,2,3.5490518978347962,1,1,0,s2,3
oracle,long_00045_672-8224-4077,s3,gated_deflation,3,1,67.14062230655415,2,2,0,s3,3
oracle,long_00045_672-8224-4077,s3,gated_deflation,3,2,0.5152108684257202,2,2,0,s3,3
oracle,long_00045_672-8224-4077,s1,coarse_to_fine,3,1,51.07269172335737,,,2,s1,3
oracle,long_00045_672-8224-4077,s1,coarse_to_fine,3,2,-4.95520284167703,,,2,s1,3
oracle,long_00045_672-8224-4077,s2,coarse_to_fine,3,1,44.76981776304199,,,2,s2,3
oracle,long_00045_672-8224-4077,s2,coarse_to_fine,3,2,-1.424799120459681,,,2,s2,3
oracle,long_00045_672-8224-4077,s3,coarse_to_fine,3,1,69.48023475302504,,,2,s3,3
oracle,long_00045_672-8224-4077,s3,coarse_to_fine,3,2,0.7232124062923918,,,2,s3,3
real,long_00045_672-8224-4077,s3,no_recursion,3,1,8.772542494201316,,,0,SPEAKER_02,3
real,long_00045_672-8224-4077,s3,no_recursion,3,2,-0.7607951760888231,,,0,SPEAKER_02,3
real,long_00045_672-8224-4077,s1,no_recursion,3,1,3.637471057849271,,,0,SPEAKER_00,3
real,long_00045_672-8224-4077,s1,no_recursion,3,2,-5.699224900809872,,,0,SPEAKER_00,3
real,long_00045_672-8224-4077,s2,no_recursion,3,1,42.096983882260915,,,0,SPEAKER_01,3
real,long_00045_672-8224-4077,s2,no_recursion,3,2,-4.401759863557257,,,0,SPEAKER_01,3
real,long_00045_672-8224-4077,s3,ungated_deflation,3,1,8.772542494201316,0,0,0,SPEAKER_02,3
real,long_00045_672-8224-4077,s3,ungated_deflation,3,2,-0.7607951760888231,0,0,0,SPEAKER_02,3
real,long_00045_672-8224-4077,s1,ungated_deflation,3,1,3.637471057849271,2,2,0,SPEAKER_00,3
real,long_00045_672-8224-4077,s1,ungated_deflation,3,2,-8.428013294063017,2,2,0,SPEAKER_00,3
real,long_00045_672-8224-4077,s2,ungated_deflation,3,1,42.096983882260915,1,1,0,SPEAKER_01,3
real,long_00045_672-8224-4077,s2,ungated_deflation,3,2,-5.275807218585794,1,1,0,SPEAKER_01,3
real,long_00045_672-8224-4077,s3,gated_deflation,3,1,8.772542494201316,0,0,0,SPEAKER_02,3
real,long_00045_672-8224-4077,s3,gated_deflation,3,2,-0.7607951760888231,0,0,0,SPEAKER_02,3
real,long_00045_672-8224-4077,s1,gated_deflation,3,1,3.637471057849271,2,2,0,SPEAKER_00,3
real,long_00045_672-8224-4077,s1,gated_deflation,3,2,-8.428013294063017,2,2,0,SPEAKER_00,3
real,long_00045_672-8224-4077,s2,gated_deflation,3,1,42.096983882260915,1,1,0,SPEAKER_01,3
real,long_00045_672-8224-4077,s2,gated_deflation,3,2,-5.275807218585794,1,1,0,SPEAKER_01,3
real,long_00045_672-8224-4077,s3,coarse_to_fine,3,1,8.772542494201316,,,2,SPEAKER_02,3
real,long_00045_672-8224-4077,s3,coarse_to_fine,3,2,-0.8833812924367921,,,2,SPEAKER_02,3
real,long_00045_672-8224-4077,s1,coarse_to_fine,3,1,3.637471057849271,,,2,SPEAKER_00,3
real,long_00045_672-8224-4077,s1,coarse_to_fine,3,2,-5.699224900809872,,,2,SPEAKER_00,3
real,long_00045_672-8224-4077,s2,coarse_to_fine,3,1,42.096983882260915,,,2,SPEAKER_01,3
real,long_00045_672-8224-4077,s2,coarse_to_fine,3,2,-4.572122353354589,,,2,SPEAKER_01,3
real_forced_m,long_00045_672-8224-4077,s3,no_recursion,3,1,8.772542494201316,,,0,SPEAKER_02,3
real_forced_m,long_00045_672-8224-4077,s3,no_recursion,3,2,-0.7607951760888231,,,0,SPEAKER_02,3
real_forced_m,long_00045_672-8224-4077,s1,no_recursion,3,1,3.637471057849271,,,0,SPEAKER_00,3
real_forced_m,long_00045_672-8224-4077,s1,no_recursion,3,2,-5.699224900809872,,,0,SPEAKER_00,3
real_forced_m,long_00045_672-8224-4077,s2,no_recursion,3,1,42.096983882260915,,,0,SPEAKER_01,3
real_forced_m,long_00045_672-8224-4077,s2,no_recursion,3,2,-4.401759863557257,,,0,SPEAKER_01,3
real_forced_m,long_00045_672-8224-4077,s3,ungated_deflation,3,1,8.772542494201316,0,0,0,SPEAKER_02,3
real_forced_m,long_00045_672-8224-4077,s3,ungated_deflation,3,2,-0.7607951760888231,0,0,0,SPEAKER_02,3
real_forced_m,long_00045_672-8224-4077,s1,ungated_deflation,3,1,3.637471057849271,2,2,0,SPEAKER_00,3
real_forced_m,long_00045_672-8224-4077,s1,ungated_deflation,3,2,-8.428013294063017,2,2,0,SPEAKER_00,3
real_forced_m,long_00045_672-8224-4077,s2,ungated_deflation,3,1,42.096983882260915,1,1,0,SPEAKER_01,3
real_forced_m,long_00045_672-8224-4077,s2,ungated_deflation,3,2,-5.275807218585794,1,1,0,SPEAKER_01,3
real_forced_m,long_00045_672-8224-4077,s3,gated_deflation,3,1,8.772542494201316,0,0,0,SPEAKER_02,3
real_forced_m,long_00045_672-8224-4077,s3,gated_deflation,3,2,-0.7607951760888231,0,0,0,SPEAKER_02,3
real_forced_m,long_00045_672-8224-4077,s1,gated_deflation,3,1,3.637471057849271,2,2,0,SPEAKER_00,3
real_forced_m,long_00045_672-8224-4077,s1,gated_deflation,3,2,-8.428013294063017,2,2,0,SPEAKER_00,3
real_forced_m,long_00045_672-8224-4077,s2,gated_deflation,3,1,42.096983882260915,1,1,0,SPEAKER_01,3
real_forced_m,long_00045_672-8224-4077,s2,gated_deflation,3,2,-5.275807218585794,1,1,0,SPEAKER_01,3
real_forced_m,long_00045_672-8224-4077,s3,coarse_to_fine,3,1,8.772542494201316,,,2,SPEAKER_02,3
real_forced_m,long_00045_672-8224-4077,s3,coarse_to_fine,3,2,-0.8833812924367921,,,2,SPEAKER_02,3
real_forced_m,long_00045_672-8224-4077,s1,coarse_to_fine,3,1,3.637471057849271,,,2,SPEAKER_00,3
real_forced_m,long_00045_672-8224-4077,s1,coarse_to_fine,3,2,-5.699224900809872,,,2,SPEAKER_00,3
real_forced_m,long_00045_672-8224-4077,s2,coarse_to_fine,3,1,42.096983882260915,,,2,SPEAKER_01,3
real_forced_m,long_00045_672-8224-4077,s2,coarse_to_fine,3,2,-4.572122353354589,,,2,SPEAKER_01,3
real_index_order,long_00045_672-8224-4077,s3,no_recursion,3,1,8.772542494201316,,,0,SPEAKER_02,3
real_index_order,long_00045_672-8224-4077,s3,no_recursion,3,2,-0.7607951760888231,,,0,SPEAKER_02,3
real_index_order,long_00045_672-8224-4077,s1,no_recursion,3,1,3.637471057849271,,,0,SPEAKER_00,3
real_index_order,long_00045_672-8224-4077,s1,no_recursion,3,2,-5.699224900809872,,,0,SPEAKER_00,3
real_index_order,long_00045_672-8224-4077,s2,no_recursion,3,1,42.096983882260915,,,0,SPEAKER_01,3
real_index_order,long_00045_672-8224-4077,s2,no_recursion,3,2,-4.401759863557257,,,0,SPEAKER_01,3
real_index_order,long_00045_672-8224-4077,s3,ungated_deflation,3,1,8.772542494201316,0,0,0,SPEAKER_02,3
real_index_order,long_00045_672-8224-4077,s3,ungated_deflation,3,2,-0.7607951760888231,0,0,0,SPEAKER_02,3
real_index_order,long_00045_672-8224-4077,s1,ungated_deflation,3,1,3.637471057849271,1,1,0,SPEAKER_00,3
real_index_order,long_00045_672-8224-4077,s1,ungated_deflation,3,2,-6.023768852667013,1,1,0,SPEAKER_00,3
real_index_order,long_00045_672-8224-4077,s2,ungated_deflation,3,1,42.096983882260915,2,2,0,SPEAKER_01,3
real_index_order,long_00045_672-8224-4077,s2,ungated_deflation,3,2,-5.443449854230659,2,2,0,SPEAKER_01,3
real_index_order,long_00045_672-8224-4077,s3,gated_deflation,3,1,8.772542494201316,0,0,0,SPEAKER_02,3
real_index_order,long_00045_672-8224-4077,s3,gated_deflation,3,2,-0.7607951760888231,0,0,0,SPEAKER_02,3
real_index_order,long_00045_672-8224-4077,s1,gated_deflation,3,1,3.637471057849271,1,1,0,SPEAKER_00,3
real_index_order,long_00045_672-8224-4077,s1,gated_deflation,3,2,-6.023768852667013,1,1,0,SPEAKER_00,3
real_index_order,long_00045_672-8224-4077,s2,gated_deflation,3,1,42.096983882260915,2,2,0,SPEAKER_01,3
real_index_order,long_00045_672-8224-4077,s2,gated_deflation,3,2,-5.443449854230659,2,2,0,SPEAKER_01,3
real_index_order,long_00045_672-8224-4077,s3,coarse_to_fine,3,1,8.772542494201316,,,2,SPEAKER_02,3
real_index_order,long_00045_672-8224-4077,s3,coarse_to_fine,3,2,-0.8833812924367921,,,2,SPEAKER_02,3
real_index_order,long_00045_672-8224-4077,s1,coarse_to_fine,3,1,3.637471057849271,,,2,SPEAKER_00,3
real_index_order,long_00045_672-8224-4077,s1,coarse_to_fine,3,2,-5.699224900809872,,,2,SPEAKER_00,3
real_index_order,long_00045_672-8224-4077,s2,coarse_to_fine,3,1,42.096983882260915,,,2,SPEAKER_01,3
real_index_order,long_00045_672-8224-4077,s2,coarse_to_fine,3,2,-4.572122353354589,,,2,SPEAKER_01,3
oracle,long_00046_5142-3575-908,s1,no_recursion,3,1,55.10414578053934,,,0,s1,3
oracle,long_00046_5142-3575-908,s1,no_recursion,3,2,2.096746006263688,,,0,s1,3
oracle,long_00046_5142-3575-908,s2,no_recursion,3,1,40.44543628200594,,,0,s2,3
oracle,long_00046_5142-3575-908,s2,no_recursion,3,2,1.9159930612961893,,,0,s2,3
oracle,long_00046_5142-3575-908,s3,no_recursion,3,1,49.37674959788077,,,0,s3,3
oracle,long_00046_5142-3575-908,s3,no_recursion,3,2,3.4126115599291005,,,0,s3,3
oracle,long_00046_5142-3575-908,s1,ungated_deflation,3,1,55.10414578053934,0,0,0,s1,3
oracle,long_00046_5142-3575-908,s1,ungated_deflation,3,2,2.096746006263688,0,0,0,s1,3
oracle,long_00046_5142-3575-908,s2,ungated_deflation,3,1,39.06601025133292,1,1,0,s2,3
oracle,long_00046_5142-3575-908,s2,ungated_deflation,3,2,1.1317215865582189,1,1,0,s2,3
oracle,long_00046_5142-3575-908,s3,ungated_deflation,3,1,43.59324926465205,2,2,0,s3,3
oracle,long_00046_5142-3575-908,s3,ungated_deflation,3,2,2.690688909065625,2,2,0,s3,3
oracle,long_00046_5142-3575-908,s1,gated_deflation,3,1,55.10414578053934,0,0,0,s1,3
oracle,long_00046_5142-3575-908,s1,gated_deflation,3,2,2.096746006263688,0,0,0,s1,3
oracle,long_00046_5142-3575-908,s2,gated_deflation,3,1,39.06601025133292,1,1,0,s2,3
oracle,long_00046_5142-3575-908,s2,gated_deflation,3,2,1.1317215865582189,1,1,0,s2,3
oracle,long_00046_5142-3575-908,s3,gated_deflation,3,1,43.59324926465205,2,2,0,s3,3
oracle,long_00046_5142-3575-908,s3,gated_deflation,3,2,2.690688909065625,2,2,0,s3,3
oracle,long_00046_5142-3575-908,s1,coarse_to_fine,3,1,52.77313244075507,,,2,s1,3
oracle,long_00046_5142-3575-908,s1,coarse_to_fine,3,2,1.6264656649447153,,,2,s1,3
oracle,long_00046_5142-3575-908,s2,coarse_to_fine,3,1,41.33903025943323,,,2,s2,3
oracle,long_00046_5142-3575-908,s2,coarse_to_fine,3,2,-2.279314516269594,,,2,s2,3
oracle,long_00046_5142-3575-908,s3,coarse_to_fine,3,1,49.25018385206806,,,2,s3,3
oracle,long_00046_5142-3575-908,s3,coarse_to_fine,3,2,3.0562245064594413,,,2,s3,3
real,long_00046_5142-3575-908,s1,no_recursion,3,1,7.522238133471636,,,0,SPEAKER_01,3
real,long_00046_5142-3575-908,s1,no_recursion,3,2,-1.216506490680043,,,0,SPEAKER_01,3
real,long_00046_5142-3575-908,s3,no_recursion,3,1,11.877584853043894,,,0,SPEAKER_00,3
real,long_00046_5142-3575-908,s3,no_recursion,3,2,-4.602542566587725,,,0,SPEAKER_00,3
real,long_00046_5142-3575-908,s2,no_recursion,3,1,19.621483621846536,,,0,SPEAKER_02,3
real,long_00046_5142-3575-908,s2,no_recursion,3,2,0.6089164657188796,,,0,SPEAKER_02,3
real,long_00046_5142-3575-908,s1,ungated_deflation,3,1,7.522238133471636,2,2,0,SPEAKER_01,3
real,long_00046_5142-3575-908,s1,ungated_deflation,3,2,-0.6985294526357315,2,2,0,SPEAKER_01,3
real,long_00046_5142-3575-908,s3,ungated_deflation,3,1,11.877584853043894,0,0,0,SPEAKER_00,3
real,long_00046_5142-3575-908,s3,ungated_deflation,3,2,-4.602542566587725,0,0,0,SPEAKER_00,3
real,long_00046_5142-3575-908,s2,ungated_deflation,3,1,19.621483621846536,1,1,0,SPEAKER_02,3
real,long_00046_5142-3575-908,s2,ungated_deflation,3,2,0.5674703810595244,1,1,0,SPEAKER_02,3
real,long_00046_5142-3575-908,s1,gated_deflation,3,1,7.522238133471636,2,2,0,SPEAKER_01,3
real,long_00046_5142-3575-908,s1,gated_deflation,3,2,-0.6985294526357315,2,2,0,SPEAKER_01,3
real,long_00046_5142-3575-908,s3,gated_deflation,3,1,11.877584853043894,0,0,0,SPEAKER_00,3
real,long_00046_5142-3575-908,s3,gated_deflation,3,2,-4.602542566587725,0,0,0,SPEAKER_00,3
real,long_00046_5142-3575-908,s2,gated_deflation,3,1,19.621483621846536,1,1,0,SPEAKER_02,3
real,long_00046_5142-3575-908,s2,gated_deflation,3,2,0.5674703810595244,1,1,0,SPEAKER_02,3
real,long_00046_5142-3575-908,s1,coarse_to_fine,3,1,7.522238133471636,,,2,SPEAKER_01,3
real,long_00046_5142-3575-908,s1,coarse_to_fine,3,2,-2.4342977702838065,,,2,SPEAKER_01,3
real,long_00046_5142-3575-908,s3,coarse_to_fine,3,1,11.877584853043894,,,2,SPEAKER_00,3
real,long_00046_5142-3575-908,s3,coarse_to_fine,3,2,-3.5817908100556597,,,2,SPEAKER_00,3
real,long_00046_5142-3575-908,s2,coarse_to_fine,3,1,19.621483621846536,,,2,SPEAKER_02,3
real,long_00046_5142-3575-908,s2,coarse_to_fine,3,2,0.6089164657188796,,,2,SPEAKER_02,3
real_forced_m,long_00046_5142-3575-908,s1,no_recursion,3,1,7.522238133471636,,,0,SPEAKER_01,3
real_forced_m,long_00046_5142-3575-908,s1,no_recursion,3,2,-1.216506490680043,,,0,SPEAKER_01,3
real_forced_m,long_00046_5142-3575-908,s3,no_recursion,3,1,11.877584853043894,,,0,SPEAKER_00,3
real_forced_m,long_00046_5142-3575-908,s3,no_recursion,3,2,-4.602542566587725,,,0,SPEAKER_00,3
real_forced_m,long_00046_5142-3575-908,s2,no_recursion,3,1,19.621483621846536,,,0,SPEAKER_02,3
real_forced_m,long_00046_5142-3575-908,s2,no_recursion,3,2,0.6089164657188796,,,0,SPEAKER_02,3
real_forced_m,long_00046_5142-3575-908,s1,ungated_deflation,3,1,7.522238133471636,2,2,0,SPEAKER_01,3
real_forced_m,long_00046_5142-3575-908,s1,ungated_deflation,3,2,-0.6985294526357315,2,2,0,SPEAKER_01,3
real_forced_m,long_00046_5142-3575-908,s3,ungated_deflation,3,1,11.877584853043894,0,0,0,SPEAKER_00,3
real_forced_m,long_00046_5142-3575-908,s3,ungated_deflation,3,2,-4.602542566587725,0,0,0,SPEAKER_00,3
real_forced_m,long_00046_5142-3575-908,s2,ungated_deflation,3,1,19.621483621846536,1,1,0,SPEAKER_02,3
real_forced_m,long_00046_5142-3575-908,s2,ungated_deflation,3,2,0.5674703810595244,1,1,0,SPEAKER_02,3
real_forced_m,long_00046_5142-3575-908,s1,gated_deflation,3,1,7.522238133471636,2,2,0,SPEAKER_01,3
real_forced_m,long_00046_5142-3575-908,s1,gated_deflation,3,2,-0.6985294526357315,2,2,0,SPEAKER_01,3
real_forced_m,long_00046_5142-3575-908,s3,gated_deflation,3,1,11.877584853043894,0,0,0,SPEAKER_00,3
real_forced_m,long_00046_5142-3575-908,s3,gated_deflation,3,2,-4.602542566587725,0,0,0,SPEAKER_00,3
real_forced_m,long_00046_5142-3575-908,s2,gated_deflation,3,1,19.621483621846536,1,1,0,SPEAKER_02,3
real_forced_m,long_00046_5142-3575-908,s2,gated_deflation,3,2,0.5674703810595244,1,1,0,SPEAKER_02,3
real_forced_m,long_00046_5142-3575-908,s1,coarse_to_fine,3,1,7.522238133471636,,,2,SPEAKER_01,3
real_forced_m,long_00046_5142-3575-908,s1,coarse_to_fine,3,2,-2.4342977702838065,,,2,SPEAKER_01,3
real_forced_m,long_00046_5142-3575-908,s3,coarse_to_fine,3,1,11.877584853043894,,,2,SPEAKER_00,3
real_forced_m,long_00046_5142-3575-908,s3,coarse_to_fine,3,2,-3.5817908100556597,,,2,SPEAKER_00,3
real_forced_m,long_00046_5142-3575-908,s2,coarse_to_fine,3,1,19.621483621846536,,,2,SPEAKER_02,3
real_forced_m,long_00046_5142-3575-908,s2,coarse_to_fine,3,2,0.6089164657188796,,,2,SPEAKER_02,3
real_index_order,long_00046_5142-3575-908,s1,no_recursion,3,1,7.522238133471636,,,0,SPEAKER_01,3
real_index_order,long_00046_5142-3575-908,s1,no_recursion,3,2,-1.216506490680043,,,0,SPEAKER_01,3
real_index_order,long_00046_5142-3575-908,s3,no_recursion,3,1,11.877584853043894,,,0,SPEAKER_00,3
real_index_order,long_00046_5142-3575-908,s3,no_recursion,3,2,-4.602542566587725,,,0,SPEAKER_00,3
real_index_order,long_00046_5142-3575-908,s2,no_recursion,3,1,19.621483621846536,,,0,SPEAKER_02,3
real_index_order,long_00046_5142-3575-908,s2,no_recursion,3,2,0.6089164657188796,,,0,SPEAKER_02,3
real_index_order,long_00046_5142-3575-908,s1,ungated_deflation,3,1,7.522238133471636,0,0,0,SPEAKER_01,3
real_index_order,long_00046_5142-3575-908,s1,ungated_deflation,3,2,-1.216506490680043,0,0,0,SPEAKER_01,3
real_index_order,long_00046_5142-3575-908,s3,ungated_deflation,3,1,11.877584853043894,1,1,0,SPEAKER_00,3
real_index_order,long_00046_5142-3575-908,s3,ungated_deflation,3,2,-4.387559923887718,1,1,0,SPEAKER_00,3
real_index_order,long_00046_5142-3575-908,s2,ungated_deflation,3,1,19.621483621846536,2,2,0,SPEAKER_02,3
real_index_order,long_00046_5142-3575-908,s2,ungated_deflation,3,2,-1.4659900760753986,2,2,0,SPEAKER_02,3
real_index_order,long_00046_5142-3575-908,s1,gated_deflation,3,1,7.522238133471636,0,0,0,SPEAKER_01,3
real_index_order,long_00046_5142-3575-908,s1,gated_deflation,3,2,-1.216506490680043,0,0,0,SPEAKER_01,3
real_index_order,long_00046_5142-3575-908,s3,gated_deflation,3,1,11.877584853043894,1,1,0,SPEAKER_00,3
real_index_order,long_00046_5142-3575-908,s3,gated_deflation,3,2,-4.387559923887718,1,1,0,SPEAKER_00,3
real_index_order,long_00046_5142-3575-908,s2,gated_deflation,3,1,19.621483621846536,2,2,0,SPEAKER_02,3
real_index_order,long_00046_5142-3575-908,s2,gated_deflation,3,2,-1.4659900760753986,2,2,0,SPEAKER_02,3
real_index_order,long_00046_5142-3575-908,s1,coarse_to_fine,3,1,7.522238133471636,,,2,SPEAKER_01,3
real_index_order,long_00046_5142-3575-908,s1,coarse_to_fine,3,2,-2.4342977702838065,,,2,SPEAKER_01,3
real_index_order,long_00046_5142-3575-908,s3,coarse_to_fine,3,1,11.877584853043894,,,2,SPEAKER_00,3
real_index_order,long_00046_5142-3575-908,s3,coarse_to_fine,3,2,-3.5817908100556597,,,2,SPEAKER_00,3
real_index_order,long_00046_5142-3575-908,s2,coarse_to_fine,3,1,19.621483621846536,,,2,SPEAKER_02,3
real_index_order,long_00046_5142-3575-908,s2,coarse_to_fine,3,2,0.6089164657188796,,,2,SPEAKER_02,3
oracle,long_00047_4970-1320-1221,s1,no_recursion,3,1,67.07435827419873,,,0,s1,3
oracle,long_00047_4970-1320-1221,s1,no_recursion,3,2,3.8495794225436235,,,0,s1,3
oracle,long_00047_4970-1320-1221,s2,no_recursion,3,1,52.17102556477202,,,0,s2,3
oracle,long_00047_4970-1320-1221,s2,no_recursion,3,2,10.072080184923077,,,0,s2,3
oracle,long_00047_4970-1320-1221,s3,no_recursion,3,1,63.79994394779899,,,0,s3,3
oracle,long_00047_4970-1320-1221,s3,no_recursion,3,2,1.9116527776531806,,,0,s3,3
oracle,long_00047_4970-1320-1221,s1,ungated_deflation,3,1,67.07435827419873,0,0,0,s1,3
oracle,long_00047_4970-1320-1221,s1,ungated_deflation,3,2,3.8495794225436235,0,0,0,s1,3
oracle,long_00047_4970-1320-1221,s2,ungated_deflation,3,1,52.53095108486895,1,1,0,s2,3
oracle,long_00047_4970-1320-1221,s2,ungated_deflation,3,2,0.8867913057145662,1,1,0,s2,3
oracle,long_00047_4970-1320-1221,s3,ungated_deflation,3,1,62.64837056836904,2,2,0,s3,3
oracle,long_00047_4970-1320-1221,s3,ungated_deflation,3,2,-1.3118162286181465,2,2,0,s3,3
oracle,long_00047_4970-1320-1221,s1,gated_deflation,3,1,67.07435827419873,0,0,0,s1,3
oracle,long_00047_4970-1320-1221,s1,gated_deflation,3,2,3.8495794225436235,0,0,0,s1,3
oracle,long_00047_4970-1320-1221,s2,gated_deflation,3,1,52.53095108486895,1,1,0,s2,3
oracle,long_00047_4970-1320-1221,s2,gated_deflation,3,2,0.8867913057145662,1,1,0,s2,3
oracle,long_00047_4970-1320-1221,s3,gated_deflation,3,1,62.64837056836904,2,2,0,s3,3
oracle,long_00047_4970-1320-1221,s3,gated_deflation,3,2,-1.3118162286181465,2,2,0,s3,3
oracle,long_00047_4970-1320-1221,s1,coarse_to_fine,3,1,67.64233838808175,,,2,s1,3
oracle,long_00047_4970-1320-1221,s1,coarse_to_fine,3,2,0.30803702818386364,,,2,s1,3
oracle,long_00047_4970-1320-1221,s2,coarse_to_fine,3,1,52.91563109794139,,,2,s2,3
oracle,long_00047_4970-1320-1221,s2,coarse_to_fine,3,2,9.01956387347543,,,2,s2,3
oracle,long_00047_4970-1320-1221,s3,coarse_to_fine,3,1,63.881121853227555,,,2,s3,3
oracle,long_00047_4970-1320-1221,s3,coarse_to_fine,3,2,1.3953628474893731,,,2,s3,3
real,long_00047_4970-1320-1221,s1,no_recursion,3,1,46.90455849189149,,,0,SPEAKER_00,3
real,long_00047_4970-1320-1221,s1,no_recursion,3,2,-2.5772545389394033,,,0,SPEAKER_00,3
real,long_00047_4970-1320-1221,s2,no_recursion,3,1,36.73432089113863,,,0,SPEAKER_02,3
real,long_00047_4970-1320-1221,s2,no_recursion,3,2,-2.0600842954419725,,,0,SPEAKER_02,3
real,long_00047_4970-1320-1221,s3,no_recursion,3,1,28.645429775898034,,,0,SPEAKER_01,3
real,long_00047_4970-1320-1221,s3,no_recursion,3,2,-0.35065882558769157,,,0,SPEAKER_01,3
real,long_00047_4970-1320-1221,s1,ungated_deflation,3,1,46.90455849189149,1,1,0,SPEAKER_00,3
real,long_00047_4970-1320-1221,s1,ungated_deflation,3,2,-0.14389871660401424,1,1,0,SPEAKER_00,3
real,long_00047_4970-1320-1221,s2,ungated_deflation,3,1,36.73432089113863,2,2,0,SPEAKER_02,3
real,long_00047_4970-1320-1221,s2,ungated_deflation,3,2,-4.527775277042451,2,2,0,SPEAKER_02,3
real,long_00047_4970-1320-1221,s3,ungated_deflation,3,1,28.645429775898034,0,0,0,SPEAKER_01,3
real,long_00047_4970-1320-1221,s3,ungated_deflation,3,2,-0.35065882558769157,0,0,0,SPEAKER_01,3
real,long_00047_4970-1320-1221,s1,gated_deflation,3,1,46.90455849189149,1,1,0,SPEAKER_00,3
real,long_00047_4970-1320-1221,s1,gated_deflation,3,2,-0.14389871660401424,1,1,0,SPEAKER_00,3
real,long_00047_4970-1320-1221,s2,gated_deflation,3,1,36.73432089113863,2,2,0,SPEAKER_02,3
real,long_00047_4970-1320-1221,s2,gated_deflation,3,2,-4.527775277042451,2,2,0,SPEAKER_02,3
real,long_00047_4970-1320-1221,s3,gated_deflation,3,1,28.645429775898034,0,0,0,SPEAKER_01,3
real,long_00047_4970-1320-1221,s3,gated_deflation,3,2,-0.35065882558769157,0,0,0,SPEAKER_01,3
real,long_00047_4970-1320-1221,s1,coarse_to_fine,3,1,46.90455849189149,,,2,SPEAKER_00,3
real,long_00047_4970-1320-1221,s1,coarse_to_fine,3,2,-13.173986093863196,,,2,SPEAKER_00,3
real,long_00047_4970-1320-1221,s2,coarse_to_fine,3,1,36.73432089113863,,,2,SPEAKER_02,3
real,long_00047_4970-1320-1221,s2,coarse_to_fine,3,2,-2.9680376421886603,,,2,SPEAKER_02,3
real,long_00047_4970-1320-1221,s3,coarse_to_fine,3,1,28.645429775898034,,,2,SPEAKER_01,3
real,long_00047_4970-1320-1221,s3,coarse_to_fine,3,2,-0.7244720738763222,,,2,SPEAKER_01,3
real_forced_m,long_00047_4970-1320-1221,s1,no_recursion,3,1,46.90455849189149,,,0,SPEAKER_00,3
real_forced_m,long_00047_4970-1320-1221,s1,no_recursion,3,2,-2.5772545389394033,,,0,SPEAKER_00,3
real_forced_m,long_00047_4970-1320-1221,s2,no_recursion,3,1,36.73432089113863,,,0,SPEAKER_02,3
real_forced_m,long_00047_4970-1320-1221,s2,no_recursion,3,2,-2.0600842954419725,,,0,SPEAKER_02,3
real_forced_m,long_00047_4970-1320-1221,s3,no_recursion,3,1,28.645429775898034,,,0,SPEAKER_01,3
real_forced_m,long_00047_4970-1320-1221,s3,no_recursion,3,2,-0.35065882558769157,,,0,SPEAKER_01,3
real_forced_m,long_00047_4970-1320-1221,s1,ungated_deflation,3,1,46.90455849189149,1,1,0,SPEAKER_00,3
real_forced_m,long_00047_4970-1320-1221,s1,ungated_deflation,3,2,-0.14389871660401424,1,1,0,SPEAKER_00,3
real_forced_m,long_00047_4970-1320-1221,s2,ungated_deflation,3,1,36.73432089113863,2,2,0,SPEAKER_02,3
real_forced_m,long_00047_4970-1320-1221,s2,ungated_deflation,3,2,-4.527775277042451,2,2,0,SPEAKER_02,3
real_forced_m,long_00047_4970-1320-1221,s3,ungated_deflation,3,1,28.645429775898034,0,0,0,SPEAKER_01,3
real_forced_m,long_00047_4970-1320-1221,s3,ungated_deflation,3,2,-0.35065882558769157,0,0,0,SPEAKER_01,3
real_forced_m,long_00047_4970-1320-1221,s1,gated_deflation,3,1,46.90455849189149,1,1,0,SPEAKER_00,3
real_forced_m,long_00047_4970-1320-1221,s1,gated_deflation,3,2,-0.14389871660401424,1,1,0,SPEAKER_00,3
real_forced_m,long_00047_4970-1320-1221,s2,gated_deflation,3,1,36.73432089113863,2,2,0,SPEAKER_02,3
real_forced_m,long_00047_4970-1320-1221,s2,gated_deflation,3,2,-4.527775277042451,2,2,0,SPEAKER_02,3
real_forced_m,long_00047_4970-1320-1221,s3,gated_deflation,3,1,28.645429775898034,0,0,0,SPEAKER_01,3
real_forced_m,long_00047_4970-1320-1221,s3,gated_deflation,3,2,-0.35065882558769157,0,0,0,SPEAKER_01,3
real_forced_m,long_00047_4970-1320-1221,s1,coarse_to_fine,3,1,46.90455849189149,,,2,SPEAKER_00,3
real_forced_m,long_00047_4970-1320-1221,s1,coarse_to_fine,3,2,-13.173986093863196,,,2,SPEAKER_00,3
real_forced_m,long_00047_4970-1320-1221,s2,coarse_to_fine,3,1,36.73432089113863,,,2,SPEAKER_02,3
real_forced_m,long_00047_4970-1320-1221,s2,coarse_to_fine,3,2,-2.9680376421886603,,,2,SPEAKER_02,3
real_forced_m,long_00047_4970-1320-1221,s3,coarse_to_fine,3,1,28.645429775898034,,,2,SPEAKER_01,3
real_forced_m,long_00047_4970-1320-1221,s3,coarse_to_fine,3,2,-0.7244720738763222,,,2,SPEAKER_01,3
real_index_order,long_00047_4970-1320-1221,s1,no_recursion,3,1,46.90455849189149,,,0,SPEAKER_00,3
real_index_order,long_00047_4970-1320-1221,s1,no_recursion,3,2,-2.5772545389394033,,,0,SPEAKER_00,3
real_index_order,long_00047_4970-1320-1221,s2,no_recursion,3,1,36.73432089113863,,,0,SPEAKER_02,3
real_index_order,long_00047_4970-1320-1221,s2,no_recursion,3,2,-2.0600842954419725,,,0,SPEAKER_02,3
real_index_order,long_00047_4970-1320-1221,s3,no_recursion,3,1,28.645429775898034,,,0,SPEAKER_01,3
real_index_order,long_00047_4970-1320-1221,s3,no_recursion,3,2,-0.35065882558769157,,,0,SPEAKER_01,3
real_index_order,long_00047_4970-1320-1221,s1,ungated_deflation,3,1,46.90455849189149,0,0,0,SPEAKER_00,3
real_index_order,long_00047_4970-1320-1221,s1,ungated_deflation,3,2,-2.5772545389394033,0,0,0,SPEAKER_00,3
real_index_order,long_00047_4970-1320-1221,s2,ungated_deflation,3,1,36.73432089113863,1,1,0,SPEAKER_02,3
real_index_order,long_00047_4970-1320-1221,s2,ungated_deflation,3,2,-3.7782425203605534,1,1,0,SPEAKER_02,3
real_index_order,long_00047_4970-1320-1221,s3,ungated_deflation,3,1,28.645429775898034,2,2,0,SPEAKER_01,3
real_index_order,long_00047_4970-1320-1221,s3,ungated_deflation,3,2,-2.552020045503717,2,2,0,SPEAKER_01,3
real_index_order,long_00047_4970-1320-1221,s1,gated_deflation,3,1,46.90455849189149,0,0,0,SPEAKER_00,3
real_index_order,long_00047_4970-1320-1221,s1,gated_deflation,3,2,-2.5772545389394033,0,0,0,SPEAKER_00,3
real_index_order,long_00047_4970-1320-1221,s2,gated_deflation,3,1,36.73432089113863,1,1,0,SPEAKER_02,3
real_index_order,long_00047_4970-1320-1221,s2,gated_deflation,3,2,-3.7782425203605534,1,1,0,SPEAKER_02,3
real_index_order,long_00047_4970-1320-1221,s3,gated_deflation,3,1,28.645429775898034,2,2,0,SPEAKER_01,3
real_index_order,long_00047_4970-1320-1221,s3,gated_deflation,3,2,-2.552020045503717,2,2,0,SPEAKER_01,3
real_index_order,long_00047_4970-1320-1221,s1,coarse_to_fine,3,1,46.90455849189149,,,2,SPEAKER_00,3
real_index_order,long_00047_4970-1320-1221,s1,coarse_to_fine,3,2,-13.173986093863196,,,2,SPEAKER_00,3
real_index_order,long_00047_4970-1320-1221,s2,coarse_to_fine,3,1,36.73432089113863,,,2,SPEAKER_02,3
real_index_order,long_00047_4970-1320-1221,s2,coarse_to_fine,3,2,-2.9680376421886603,,,2,SPEAKER_02,3
real_index_order,long_00047_4970-1320-1221,s3,coarse_to_fine,3,1,28.645429775898034,,,2,SPEAKER_01,3
real_index_order,long_00047_4970-1320-1221,s3,coarse_to_fine,3,2,-0.7244720738763222,,,2,SPEAKER_01,3
oracle,long_00048_3570-8455-1284,s1,no_recursion,3,1,73.07729961283624,,,0,s1,3
oracle,long_00048_3570-8455-1284,s1,no_recursion,3,2,3.2975687177324264,,,0,s1,3
oracle,long_00048_3570-8455-1284,s2,no_recursion,3,1,54.150907750948996,,,0,s2,3
oracle,long_00048_3570-8455-1284,s2,no_recursion,3,2,4.371053462868806,,,0,s2,3
oracle,long_00048_3570-8455-1284,s3,no_recursion,3,1,44.679365791051175,,,0,s3,3
oracle,long_00048_3570-8455-1284,s3,no_recursion,3,2,1.5858656431098137,,,0,s3,3
oracle,long_00048_3570-8455-1284,s1,ungated_deflation,3,1,73.07729961283624,0,0,0,s1,3
oracle,long_00048_3570-8455-1284,s1,ungated_deflation,3,2,3.2975687177324264,0,0,0,s1,3
oracle,long_00048_3570-8455-1284,s2,ungated_deflation,3,1,48.81024948670231,1,1,0,s2,3
oracle,long_00048_3570-8455-1284,s2,ungated_deflation,3,2,0.6488569988007596,1,1,0,s2,3
oracle,long_00048_3570-8455-1284,s3,ungated_deflation,3,1,42.02932015417482,2,2,0,s3,3
oracle,long_00048_3570-8455-1284,s3,ungated_deflation,3,2,-1.738536481680459,2,2,0,s3,3
oracle,long_00048_3570-8455-1284,s1,gated_deflation,3,1,73.07729961283624,0,0,0,s1,3
oracle,long_00048_3570-8455-1284,s1,gated_deflation,3,2,3.2975687177324264,0,0,0,s1,3
oracle,long_00048_3570-8455-1284,s2,gated_deflation,3,1,48.81024948670231,1,1,0,s2,3
oracle,long_00048_3570-8455-1284,s2,gated_deflation,3,2,0.6488569988007596,1,1,0,s2,3
oracle,long_00048_3570-8455-1284,s3,gated_deflation,3,1,42.02932015417482,2,2,0,s3,3
oracle,long_00048_3570-8455-1284,s3,gated_deflation,3,2,-1.738536481680459,2,2,0,s3,3
oracle,long_00048_3570-8455-1284,s1,coarse_to_fine,3,1,73.48889391899107,,,2,s1,3
oracle,long_00048_3570-8455-1284,s1,coarse_to_fine,3,2,2.013410995965067,,,2,s1,3
oracle,long_00048_3570-8455-1284,s2,coarse_to_fine,3,1,54.505678045658065,,,2,s2,3
oracle,long_00048_3570-8455-1284,s2,coarse_to_fine,3,2,3.3958387654649442,,,2,s2,3
oracle,long_00048_3570-8455-1284,s3,coarse_to_fine,3,1,45.51900052508461,,,2,s3,3
oracle,long_00048_3570-8455-1284,s3,coarse_to_fine,3,2,-4.151551032584124,,,2,s3,3
real,long_00048_3570-8455-1284,s1,no_recursion,3,1,8.382676196336442,,,0,SPEAKER_01,3
real,long_00048_3570-8455-1284,s1,no_recursion,3,2,-0.3875082499958109,,,0,SPEAKER_01,3
real,long_00048_3570-8455-1284,s2,no_recursion,3,1,37.457431120338484,,,0,SPEAKER_00,3
real,long_00048_3570-8455-1284,s2,no_recursion,3,2,3.597044028848149,,,0,SPEAKER_00,3
real,long_00048_3570-8455-1284,s3,no_recursion,3,1,7.78441375585706,,,0,SPEAKER_02,3
real,long_00048_3570-8455-1284,s3,no_recursion,3,2,-1.1212286231468864,,,0,SPEAKER_02,3
real,long_00048_3570-8455-1284,s1,ungated_deflation,3,1,8.382676196336442,2,2,0,SPEAKER_01,3
real,long_00048_3570-8455-1284,s1,ungated_deflation,3,2,-2.833335932427847,2,2,0,SPEAKER_01,3
real,long_00048_3570-8455-1284,s2,ungated_deflation,3,1,37.457431120338484,0,0,0,SPEAKER_00,3
real,long_00048_3570-8455-1284,s2,ungated_deflation,3,2,3.597044028848149,0,0,0,SPEAKER_00,3
real,long_00048_3570-8455-1284,s3,ungated_deflation,3,1,7.78441375585706,1,1,0,SPEAKER_02,3
real,long_00048_3570-8455-1284,s3,ungated_deflation,3,2,-2.8092153815243415,1,1,0,SPEAKER_02,3
real,long_00048_3570-8455-1284,s1,gated_deflation,3,1,8.382676196336442,2,2,0,SPEAKER_01,3
real,long_00048_3570-8455-1284,s1,gated_deflation,3,2,-2.833335932427847,2,2,0,SPEAKER_01,3
real,long_00048_3570-8455-1284,s2,gated_deflation,3,1,37.457431120338484,0,0,0,SPEAKER_00,3
real,long_00048_3570-8455-1284,s2,gated_deflation,3,2,3.597044028848149,0,0,0,SPEAKER_00,3
real,long_00048_3570-8455-1284,s3,gated_deflation,3,1,7.78441375585706,1,1,0,SPEAKER_02,3
real,long_00048_3570-8455-1284,s3,gated_deflation,3,2,-2.8092153815243415,1,1,0,SPEAKER_02,3
real,long_00048_3570-8455-1284,s1,coarse_to_fine,3,1,8.382676196336442,,,2,SPEAKER_01,3
real,long_00048_3570-8455-1284,s1,coarse_to_fine,3,2,-0.9524256123909676,,,2,SPEAKER_01,3
real,long_00048_3570-8455-1284,s2,coarse_to_fine,3,1,37.457431120338484,,,2,SPEAKER_00,3
real,long_00048_3570-8455-1284,s2,coarse_to_fine,3,2,3.7466355644886153,,,2,SPEAKER_00,3
real,long_00048_3570-8455-1284,s3,coarse_to_fine,3,1,7.78441375585706,,,2,SPEAKER_02,3
real,long_00048_3570-8455-1284,s3,coarse_to_fine,3,2,-1.1212286231468864,,,2,SPEAKER_02,3
real_forced_m,long_00048_3570-8455-1284,s1,no_recursion,3,1,8.382676196336442,,,0,SPEAKER_01,3
real_forced_m,long_00048_3570-8455-1284,s1,no_recursion,3,2,-0.3875082499958109,,,0,SPEAKER_01,3
real_forced_m,long_00048_3570-8455-1284,s2,no_recursion,3,1,37.457431120338484,,,0,SPEAKER_00,3
real_forced_m,long_00048_3570-8455-1284,s2,no_recursion,3,2,3.597044028848149,,,0,SPEAKER_00,3
real_forced_m,long_00048_3570-8455-1284,s3,no_recursion,3,1,7.78441375585706,,,0,SPEAKER_02,3
real_forced_m,long_00048_3570-8455-1284,s3,no_recursion,3,2,-1.1212286231468864,,,0,SPEAKER_02,3
real_forced_m,long_00048_3570-8455-1284,s1,ungated_deflation,3,1,8.382676196336442,2,2,0,SPEAKER_01,3
real_forced_m,long_00048_3570-8455-1284,s1,ungated_deflation,3,2,-2.833335932427847,2,2,0,SPEAKER_01,3
real_forced_m,long_00048_3570-8455-1284,s2,ungated_deflation,3,1,37.457431120338484,0,0,0,SPEAKER_00,3
real_forced_m,long_00048_3570-8455-1284,s2,ungated_deflation,3,2,3.597044028848149,0,0,0,SPEAKER_00,3
real_forced_m,long_00048_3570-8455-1284,s3,ungated_deflation,3,1,7.78441375585706,1,1,0,SPEAKER_02,3
real_forced_m,long_00048_3570-8455-1284,s3,ungated_deflation,3,2,-2.8092153815243415,1,1,0,SPEAKER_02,3
real_forced_m,long_00048_3570-8455-1284,s1,gated_deflation,3,1,8.382676196336442,2,2,0,SPEAKER_01,3
real_forced_m,long_00048_3570-8455-1284,s1,gated_deflation,3,2,-2.833335932427847,2,2,0,SPEAKER_01,3
real_forced_m,long_00048_3570-8455-1284,s2,gated_deflation,3,1,37.457431120338484,0,0,0,SPEAKER_00,3
real_forced_m,long_00048_3570-8455-1284,s2,gated_deflation,3,2,3.597044028848149,0,0,0,SPEAKER_00,3
real_forced_m,long_00048_3570-8455-1284,s3,gated_deflation,3,1,7.78441375585706,1,1,0,SPEAKER_02,3
real_forced_m,long_00048_3570-8455-1284,s3,gated_deflation,3,2,-2.8092153815243415,1,1,0,SPEAKER_02,3
real_forced_m,long_00048_3570-8455-1284,s1,coarse_to_fine,3,1,8.382676196336442,,,2,SPEAKER_01,3
real_forced_m,long_00048_3570-8455-1284,s1,coarse_to_fine,3,2,-0.9524256123909676,,,2,SPEAKER_01,3
real_forced_m,long_00048_3570-8455-1284,s2,coarse_to_fine,3,1,37.457431120338484,,,2,SPEAKER_00,3
real_forced_m,long_00048_3570-8455-1284,s2,coarse_to_fine,3,2,3.7466355644886153,,,2,SPEAKER_00,3
real_forced_m,long_00048_3570-8455-1284,s3,coarse_to_fine,3,1,7.78441375585706,,,2,SPEAKER_02,3
real_forced_m,long_00048_3570-8455-1284,s3,coarse_to_fine,3,2,-1.1212286231468864,,,2,SPEAKER_02,3
real_index_order,long_00048_3570-8455-1284,s1,no_recursion,3,1,8.382676196336442,,,0,SPEAKER_01,3
real_index_order,long_00048_3570-8455-1284,s1,no_recursion,3,2,-0.3875082499958109,,,0,SPEAKER_01,3
real_index_order,long_00048_3570-8455-1284,s2,no_recursion,3,1,37.457431120338484,,,0,SPEAKER_00,3
real_index_order,long_00048_3570-8455-1284,s2,no_recursion,3,2,3.597044028848149,,,0,SPEAKER_00,3
real_index_order,long_00048_3570-8455-1284,s3,no_recursion,3,1,7.78441375585706,,,0,SPEAKER_02,3
real_index_order,long_00048_3570-8455-1284,s3,no_recursion,3,2,-1.1212286231468864,,,0,SPEAKER_02,3
real_index_order,long_00048_3570-8455-1284,s1,ungated_deflation,3,1,8.382676196336442,0,0,0,SPEAKER_01,3
real_index_order,long_00048_3570-8455-1284,s1,ungated_deflation,3,2,-0.3875082499958109,0,0,0,SPEAKER_01,3
real_index_order,long_00048_3570-8455-1284,s2,ungated_deflation,3,1,37.457431120338484,1,1,0,SPEAKER_00,3
real_index_order,long_00048_3570-8455-1284,s2,ungated_deflation,3,2,-0.5546306716389643,1,1,0,SPEAKER_00,3
real_index_order,long_00048_3570-8455-1284,s3,ungated_deflation,3,1,7.78441375585706,2,2,0,SPEAKER_02,3
real_index_order,long_00048_3570-8455-1284,s3,ungated_deflation,3,2,-4.629208627910905,2,2,0,SPEAKER_02,3
real_index_order,long_00048_3570-8455-1284,s1,gated_deflation,3,1,8.382676196336442,0,0,0,SPEAKER_01,3
real_index_order,long_00048_3570-8455-1284,s1,gated_deflation,3,2,-0.3875082499958109,0,0,0,SPEAKER_01,3
real_index_order,long_00048_3570-8455-1284,s2,gated_deflation,3,1,37.457431120338484,1,1,0,SPEAKER_00,3
real_index_order,long_00048_3570-8455-1284,s2,gated_deflation,3,2,-0.5546306716389643,1,1,0,SPEAKER_00,3
real_index_order,long_00048_3570-8455-1284,s3,gated_deflation,3,1,7.78441375585706,2,2,0,SPEAKER_02,3
real_index_order,long_00048_3570-8455-1284,s3,gated_deflation,3,2,-4.629208627910905,2,2,0,SPEAKER_02,3
real_index_order,long_00048_3570-8455-1284,s1,coarse_to_fine,3,1,8.382676196336442,,,2,SPEAKER_01,3
real_index_order,long_00048_3570-8455-1284,s1,coarse_to_fine,3,2,-0.9524256123909676,,,2,SPEAKER_01,3
real_index_order,long_00048_3570-8455-1284,s2,coarse_to_fine,3,1,37.457431120338484,,,2,SPEAKER_00,3
real_index_order,long_00048_3570-8455-1284,s2,coarse_to_fine,3,2,3.7466355644886153,,,2,SPEAKER_00,3
real_index_order,long_00048_3570-8455-1284,s3,coarse_to_fine,3,1,7.78441375585706,,,2,SPEAKER_02,3
real_index_order,long_00048_3570-8455-1284,s3,coarse_to_fine,3,2,-1.1212286231468864,,,2,SPEAKER_02,3
oracle,long_00049_6829-3575-7021,s1,no_recursion,3,1,55.73023419247633,,,0,s1,3
oracle,long_00049_6829-3575-7021,s1,no_recursion,3,2,-0.8138182367918712,,,0,s1,3
oracle,long_00049_6829-3575-7021,s2,no_recursion,3,1,55.85914983336156,,,0,s2,3
oracle,long_00049_6829-3575-7021,s2,no_recursion,3,2,-0.11737239922904075,,,0,s2,3
oracle,long_00049_6829-3575-7021,s3,no_recursion,3,1,51.547587049016485,,,0,s3,3
oracle,long_00049_6829-3575-7021,s3,no_recursion,3,2,4.111548222551593,,,0,s3,3
oracle,long_00049_6829-3575-7021,s1,ungated_deflation,3,1,55.73023419247633,0,0,0,s1,3
oracle,long_00049_6829-3575-7021,s1,ungated_deflation,3,2,-0.8138182367918712,0,0,0,s1,3
oracle,long_00049_6829-3575-7021,s2,ungated_deflation,3,1,55.69987681273218,1,1,0,s2,3
oracle,long_00049_6829-3575-7021,s2,ungated_deflation,3,2,-0.5405172433008688,1,1,0,s2,3
oracle,long_00049_6829-3575-7021,s3,ungated_deflation,3,1,47.880569413437506,2,2,0,s3,3
oracle,long_00049_6829-3575-7021,s3,ungated_deflation,3,2,3.468011547525154,2,2,0,s3,3
oracle,long_00049_6829-3575-7021,s1,gated_deflation,3,1,55.73023419247633,0,0,0,s1,3
oracle,long_00049_6829-3575-7021,s1,gated_deflation,3,2,-0.8138182367918712,0,0,0,s1,3
oracle,long_00049_6829-3575-7021,s2,gated_deflation,3,1,55.69987681273218,1,1,0,s2,3
oracle,long_00049_6829-3575-7021,s2,gated_deflation,3,2,-0.5405172433008688,1,1,0,s2,3
oracle,long_00049_6829-3575-7021,s3,gated_deflation,3,1,47.880569413437506,2,2,0,s3,3
oracle,long_00049_6829-3575-7021,s3,gated_deflation,3,2,3.468011547525154,2,2,0,s3,3
oracle,long_00049_6829-3575-7021,s1,coarse_to_fine,3,1,55.75793754973428,,,2,s1,3
oracle,long_00049_6829-3575-7021,s1,coarse_to_fine,3,2,-0.7249313022336333,,,2,s1,3
oracle,long_00049_6829-3575-7021,s2,coarse_to_fine,3,1,55.85914983336156,,,2,s2,3
oracle,long_00049_6829-3575-7021,s2,coarse_to_fine,3,2,-0.11737239922904075,,,2,s2,3
oracle,long_00049_6829-3575-7021,s3,coarse_to_fine,3,1,49.420576516306866,,,2,s3,3
oracle,long_00049_6829-3575-7021,s3,coarse_to_fine,3,2,4.787793790440064,,,2,s3,3
real,long_00049_6829-3575-7021,s1,no_recursion,3,1,40.01921062522968,,,0,SPEAKER_01,3
real,long_00049_6829-3575-7021,s1,no_recursion,3,2,-3.5344554401897437,,,0,SPEAKER_01,3
real,long_00049_6829-3575-7021,s2,no_recursion,3,1,40.9268686041134,,,0,SPEAKER_02,3
real,long_00049_6829-3575-7021,s2,no_recursion,3,2,-0.6484450794119643,,,0,SPEAKER_02,3
real,long_00049_6829-3575-7021,s3,no_recursion,3,1,50.16854879751108,,,0,SPEAKER_00,3
real,long_00049_6829-3575-7021,s3,no_recursion,3,2,0.1129961543098741,,,0,SPEAKER_00,3
real,long_00049_6829-3575-7021,s1,ungated_deflation,3,1,40.01921062522968,0,0,0,SPEAKER_01,3
real,long_00049_6829-3575-7021,s1,ungated_deflation,3,2,-3.5344554401897437,0,0,0,SPEAKER_01,3
real,long_00049_6829-3575-7021,s2,ungated_deflation,3,1,40.9268686041134,2,2,0,SPEAKER_02,3
real,long_00049_6829-3575-7021,s2,ungated_deflation,3,2,-2.7790330822003155,2,2,0,SPEAKER_02,3
real,long_00049_6829-3575-7021,s3,ungated_deflation,3,1,50.16854879751108,1,1,0,SPEAKER_00,3
real,long_00049_6829-3575-7021,s3,ungated_deflation,3,2,-0.021913691440686806,1,1,0,SPEAKER_00,3
real,long_00049_6829-3575-7021,s1,gated_deflation,3,1,40.01921062522968,0,0,0,SPEAKER_01,3
real,long_00049_6829-3575-7021,s1,gated_deflation,3,2,-3.5344554401897437,0,0,0,SPEAKER_01,3
real,long_00049_6829-3575-7021,s2,gated_deflation,3,1,40.9268686041134,2,1,0,SPEAKER_02,3
real,long_00049_6829-3575-7021,s2,gated_deflation,3,2,-1.0049505921231916,2,1,0,SPEAKER_02,3
real,long_00049_6829-3575-7021,s3,gated_deflation,3,1,50.16854879751108,1,0,0,SPEAKER_00,3
real,long_00049_6829-3575-7021,s3,gated_deflation,3,2,0.1129961543098741,1,0,0,SPEAKER_00,3
real,long_00049_6829-3575-7021,s1,coarse_to_fine,3,1,40.01921062522968,,,2,SPEAKER_01,3
real,long_00049_6829-3575-7021,s1,coarse_to_fine,3,2,-3.5344554401897437,,,2,SPEAKER_01,3
real,long_00049_6829-3575-7021,s2,coarse_to_fine,3,1,40.9268686041134,,,2,SPEAKER_02,3
real,long_00049_6829-3575-7021,s2,coarse_to_fine,3,2,-0.3362857171297196,,,2,SPEAKER_02,3
real,long_00049_6829-3575-7021,s3,coarse_to_fine,3,1,50.16854879751108,,,2,SPEAKER_00,3
real,long_00049_6829-3575-7021,s3,coarse_to_fine,3,2,0.040806515196455034,,,2,SPEAKER_00,3
real_forced_m,long_00049_6829-3575-7021,s1,no_recursion,3,1,40.01921062522968,,,0,SPEAKER_01,3
real_forced_m,long_00049_6829-3575-7021,s1,no_recursion,3,2,-3.5344554401897437,,,0,SPEAKER_01,3
real_forced_m,long_00049_6829-3575-7021,s2,no_recursion,3,1,40.9268686041134,,,0,SPEAKER_02,3
real_forced_m,long_00049_6829-3575-7021,s2,no_recursion,3,2,-0.6484450794119643,,,0,SPEAKER_02,3
real_forced_m,long_00049_6829-3575-7021,s3,no_recursion,3,1,50.16854879751108,,,0,SPEAKER_00,3
real_forced_m,long_00049_6829-3575-7021,s3,no_recursion,3,2,0.1129961543098741,,,0,SPEAKER_00,3
real_forced_m,long_00049_6829-3575-7021,s1,ungated_deflation,3,1,40.01921062522968,0,0,0,SPEAKER_01,3
real_forced_m,long_00049_6829-3575-7021,s1,ungated_deflation,3,2,-3.5344554401897437,0,0,0,SPEAKER_01,3
real_forced_m,long_00049_6829-3575-7021,s2,ungated_deflation,3,1,40.9268686041134,2,2,0,SPEAKER_02,3
real_forced_m,long_00049_6829-3575-7021,s2,ungated_deflation,3,2,-2.7790330822003155,2,2,0,SPEAKER_02,3
real_forced_m,long_00049_6829-3575-7021,s3,ungated_deflation,3,1,50.16854879751108,1,1,0,SPEAKER_00,3
real_forced_m,long_00049_6829-3575-7021,s3,ungated_deflation,3,2,-0.021913691440686806,1,1,0,SPEAKER_00,3
real_forced_m,long_00049_6829-3575-7021,s1,gated_deflation,3,1,40.01921062522968,0,0,0,SPEAKER_01,3
real_forced_m,long_00049_6829-3575-7021,s1,gated_deflation,3,2,-3.5344554401897437,0,0,0,SPEAKER_01,3
real_forced_m,long_00049_6829-3575-7021,s2,gated_deflation,3,1,40.9268686041134,2,1,0,SPEAKER_02,3
real_forced_m,long_00049_6829-3575-7021,s2,gated_deflation,3,2,-1.0049505921231916,2,1,0,SPEAKER_02,3
real_forced_m,long_00049_6829-3575-7021,s3,gated_deflation,3,1,50.16854879751108,1,0,0,SPEAKER_00,3
real_forced_m,long_00049_6829-3575-7021,s3,gated_deflation,3,2,0.1129961543098741,1,0,0,SPEAKER_00,3
real_forced_m,long_00049_6829-3575-7021,s1,coarse_to_fine,3,1,40.01921062522968,,,2,SPEAKER_01,3
real_forced_m,long_00049_6829-3575-7021,s1,coarse_to_fine,3,2,-3.5344554401897437,,,2,SPEAKER_01,3
real_forced_m,long_00049_6829-3575-7021,s2,coarse_to_fine,3,1,40.9268686041134,,,2,SPEAKER_02,3
real_forced_m,long_00049_6829-3575-7021,s2,coarse_to_fine,3,2,-0.3362857171297196,,,2,SPEAKER_02,3
real_forced_m,long_00049_6829-3575-7021,s3,coarse_to_fine,3,1,50.16854879751108,,,2,SPEAKER_00,3
real_forced_m,long_00049_6829-3575-7021,s3,coarse_to_fine,3,2,0.040806515196455034,,,2,SPEAKER_00,3
real_index_order,long_00049_6829-3575-7021,s1,no_recursion,3,1,40.01921062522968,,,0,SPEAKER_01,3
real_index_order,long_00049_6829-3575-7021,s1,no_recursion,3,2,-3.5344554401897437,,,0,SPEAKER_01,3
real_index_order,long_00049_6829-3575-7021,s2,no_recursion,3,1,40.9268686041134,,,0,SPEAKER_02,3
real_index_order,long_00049_6829-3575-7021,s2,no_recursion,3,2,-0.6484450794119643,,,0,SPEAKER_02,3
real_index_order,long_00049_6829-3575-7021,s3,no_recursion,3,1,50.16854879751108,,,0,SPEAKER_00,3
real_index_order,long_00049_6829-3575-7021,s3,no_recursion,3,2,0.1129961543098741,,,0,SPEAKER_00,3
real_index_order,long_00049_6829-3575-7021,s1,ungated_deflation,3,1,40.01921062522968,0,0,0,SPEAKER_01,3
real_index_order,long_00049_6829-3575-7021,s1,ungated_deflation,3,2,-3.5344554401897437,0,0,0,SPEAKER_01,3
real_index_order,long_00049_6829-3575-7021,s2,ungated_deflation,3,1,40.9268686041134,1,1,0,SPEAKER_02,3
real_index_order,long_00049_6829-3575-7021,s2,ungated_deflation,3,2,-1.583032254331508,1,1,0,SPEAKER_02,3
real_index_order,long_00049_6829-3575-7021,s3,ungated_deflation,3,1,50.16854879751108,2,2,0,SPEAKER_00,3
real_index_order,long_00049_6829-3575-7021,s3,ungated_deflation,3,2,0.6429539708619101,2,2,0,SPEAKER_00,3
real_index_order,long_00049_6829-3575-7021,s1,gated_deflation,3,1,40.01921062522968,0,0,0,SPEAKER_01,3
real_index_order,long_00049_6829-3575-7021,s1,gated_deflation,3,2,-3.5344554401897437,0,0,0,SPEAKER_01,3
real_index_order,long_00049_6829-3575-7021,s2,gated_deflation,3,1,40.9268686041134,1,0,0,SPEAKER_02,3
real_index_order,long_00049_6829-3575-7021,s2,gated_deflation,3,2,-0.6484450794119643,1,0,0,SPEAKER_02,3
real_index_order,long_00049_6829-3575-7021,s3,gated_deflation,3,1,50.16854879751108,2,1,0,SPEAKER_00,3
real_index_order,long_00049_6829-3575-7021,s3,gated_deflation,3,2,0.5198902176722591,2,1,0,SPEAKER_00,3
real_index_order,long_00049_6829-3575-7021,s1,coarse_to_fine,3,1,40.01921062522968,,,2,SPEAKER_01,3
real_index_order,long_00049_6829-3575-7021,s1,coarse_to_fine,3,2,-3.5344554401897437,,,2,SPEAKER_01,3
real_index_order,long_00049_6829-3575-7021,s2,coarse_to_fine,3,1,40.9268686041134,,,2,SPEAKER_02,3
real_index_order,long_00049_6829-3575-7021,s2,coarse_to_fine,3,2,-0.3362857171297196,,,2,SPEAKER_02,3
real_index_order,long_00049_6829-3575-7021,s3,coarse_to_fine,3,1,50.16854879751108,,,2,SPEAKER_00,3
real_index_order,long_00049_6829-3575-7021,s3,coarse_to_fine,3,2,0.040806515196455034,,,2,SPEAKER_00,3
