diarization,dilate_ms,scene,speaker,system,m,depth,si_sdr,deflation_index,n_accepted_before,refine_rounds,cluster,n_clusters
oracle,0.0,long_00000_5639-61-121,s1,no_recursion,3,1,60.79937408547777,,,0,s1,3
oracle,0.0,long_00000_5639-61-121,s1,no_recursion,3,2,-6.393495756449742,,,0,s1,3
oracle,0.0,long_00000_5639-61-121,s2,no_recursion,3,1,57.86617938150278,,,0,s2,3
oracle,0.0,long_00000_5639-61-121,s2,no_recursion,3,2,1.6907653768561186,,,0,s2,3
oracle,0.0,long_00000_5639-61-121,s3,no_recursion,3,1,88.15197268806631,,,0,s3,3
oracle,0.0,long_00000_5639-61-121,s3,no_recursion,3,2,-1.5335468985049363,,,0,s3,3
oracle,0.0,long_00000_5639-61-121,s1,ungated_deflation,3,1,60.79937408547777,0,0,0,s1,3
oracle,0.0,long_00000_5639-61-121,s1,ungated_deflation,3,2,-6.393495756449742,0,0,0,s1,3
oracle,0.0,long_00000_5639-61-121,s2,ungated_deflation,3,1,55.46900999904043,1,1,0,s2,3
oracle,0.0,long_00000_5639-61-121,s2,ungated_deflation,3,2,0.6954384403734125,1,1,0,s2,3
oracle,0.0,long_00000_5639-61-121,s3,ungated_deflation,3,1,78.91846757361118,2,2,0,s3,3
oracle,0.0,long_00000_5639-61-121,s3,ungated_deflation,3,2,-5.828020511724853,2,2,0,s3,3
oracle,0.0,long_00000_5639-61-121,s1,gated_deflation,3,1,60.79937408547777,0,0,0,s1,3
oracle,0.0,long_00000_5639-61-121,s1,gated_deflation,3,2,-6.393495756449742,0,0,0,s1,3
oracle,0.0,long_00000_5639-61-121,s2,gated_deflation,3,1,55.46900999904043,1,1,0,s2,3
oracle,0.0,long_00000_5639-61-121,s2,gated_deflation,3,2,0.6954384403734125,1,1,0,s2,3
oracle,0.0,long_00000_5639-61-121,s3,gated_deflation,3,1,78.91846757361118,2,2,0,s3,3
oracle,0.0,long_00000_5639-61-121,s3,gated_deflation,3,2,-5.828020511724853,2,2,0,s3,3
oracle,0.0,long_00000_5639-61-121,s1,coarse_to_fine,3,1,60.79937408547777,,,0,s1,3
oracle,0.0,long_00000_5639-61-121,s1,coarse_to_fine,3,2,-6.393495756449742,,,0,s1,3
oracle,0.0,long_00000_5639-61-121,s2,coarse_to_fine,3,1,57.86617938150278,,,0,s2,3
oracle,0.0,long_00000_5639-61-121,s2,coarse_to_fine,3,2,1.6907653768561186,,,0,s2,3
oracle,0.0,long_00000_5639-61-121,s3,coarse_to_fine,3,1,88.15197268806631,,,0,s3,3
oracle,0.0,long_00000_5639-61-121,s3,coarse_to_fine,3,2,-1.5335468985049363,,,0,s3,3
oracle,400.0,long_00000_5639-61-121,s1,no_recursion,3,1,9.00167684254205,,,0,s1,3
oracle,400.0,long_00000_5639-61-121,s1,no_recursion,3,2,-6.359498587564937,,,0,s1,3
oracle,400.0,long_00000_5639-61-121,s2,no_recursion,3,1,8.08191893668201,,,0,s2,3
oracle,400.0,long_00000_5639-61-121,s2,no_recursion,3,2,1.8385240258299071,,,0,s2,3
oracle,400.0,long_00000_5639-61-121,s3,no_recursion,3,1,13.4316219475127,,,0,s3,3
oracle,400.0,long_00000_5639-61-121,s3,no_recursion,3,2,-0.849409781000061,,,0,s3,3
oracle,400.0,long_00000_5639-61-121,s1,ungated_deflation,3,1,9.00167684254205,0,0,0,s1,3
oracle,400.0,long_00000_5639-61-121,s1,ungated_deflation,3,2,-6.359498587564937,0,0,0,s1,3
oracle,400.0,long_00000_5639-61-121,s2,ungated_deflation,3,1,7.590744424722483,1,1,0,s2,3
oracle,400.0,long_00000_5639-61-121,s2,ungated_deflation,3,2,0.7088822442297499,1,1,0,s2,3
oracle,400.0,long_00000_5639-61-121,s3,ungated_deflation,3,1,14.38448278321519,2,2,0,s3,3
oracle,400.0,long_00000_5639-61-121,s3,ungated_deflation,3,2,-5.562221246874094,2,2,0,s3,3
oracle,400.0,long_00000_5639-61-121,s1,gated_deflation,3,1,9.00167684254205,0,0,0,s1,3
oracle,400.0,long_00000_5639-61-121,s1,gated_deflation,3,2,-6.359498587564937,0,0,0,s1,3
oracle,400.0,long_00000_5639-61-121,s2,gated_deflation,3,1,7.590744424722483,1,1,0,s2,3
oracle,400.0,long_00000_5639-61-121,s2,gated_deflation,3,2,0.7088822442297499,1,1,0,s2,3
oracle,400.0,long_00000_5639-61-121,s3,gated_deflation,3,1,14.38448278321519,2,2,0,s3,3
oracle,400.0,long_00000_5639-61-121,s3,gated_deflation,3,2,-5.562221246874094,2,2,0,s3,3
oracle,400.0,long_00000_5639-61-121,s1,coarse_to_fine,3,1,9.00167684254205,,,0,s1,3
oracle,400.0,long_00000_5639-61-121,s1,coarse_to_fine,3,2,-6.359498587564937,,,0,s1,3
oracle,400.0,long_00000_5639-61-121,s2,coarse_to_fine,3,1,8.08191893668201,,,0,s2,3
oracle,400.0,long_00000_5639-61-121,s2,coarse_to_fine,3,2,1.8385240258299071,,,0,s2,3
oracle,400.0,long_00000_5639-61-121,s3,coarse_to_fine,3,1,13.4316219475127,,,0,s3,3
oracle,400.0,long_00000_5639-61-121,s3,coarse_to_fine,3,2,-0.849409781000061,,,0,s3,3
real,0.0,long_00000_5639-61-121,s1,no_recursion,3,1,47.700052610728264,,,0,SPEAKER_01,3
real,0.0,long_00000_5639-61-121,s1,no_recursion,3,2,-6.057200567923697,,,0,SPEAKER_01,3
real,0.0,long_00000_5639-61-121,s2,no_recursion,3,1,28.42555418294658,,,0,SPEAKER_02,3
real,0.0,long_00000_5639-61-121,s2,no_recursion,3,2,-2.0728852254748267,,,0,SPEAKER_02,3
real,0.0,long_00000_5639-61-121,s3,no_recursion,3,1,35.45616652259341,,,0,SPEAKER_00,3
real,0.0,long_00000_5639-61-121,s3,no_recursion,3,2,-0.7496003339622626,,,0,SPEAKER_00,3
real,0.0,long_00000_5639-61-121,s1,ungated_deflation,3,1,47.700052610728264,0,0,0,SPEAKER_01,3
real,0.0,long_00000_5639-61-121,s1,ungated_deflation,3,2,-6.057200567923697,0,0,0,SPEAKER_01,3
real,0.0,long_00000_5639-61-121,s2,ungated_deflation,3,1,28.42555418294658,1,1,0,SPEAKER_02,3
real,0.0,long_00000_5639-61-121,s2,ungated_deflation,3,2,-1.673072029276793,1,1,0,SPEAKER_02,3
real,0.0,long_00000_5639-61-121,s3,ungated_deflation,3,1,35.45616652259341,2,2,0,SPEAKER_00,3
real,0.0,long_00000_5639-61-121,s3,ungated_deflation,3,2,-5.541237885395711,2,2,0,SPEAKER_00,3
real,0.0,long_00000_5639-61-121,s1,gated_deflation,3,1,47.700052610728264,0,0,0,SPEAKER_01,3
real,0.0,long_00000_5639-61-121,s1,gated_deflation,3,2,-6.057200567923697,0,0,0,SPEAKER_01,3
real,0.0,long_00000_5639-61-121,s2,gated_deflation,3,1,28.42555418294658,1,1,0,SPEAKER_02,3
real,0.0,long_00000_5639-61-121,s2,gated_deflation,3,2,-1.673072029276793,1,1,0,SPEAKER_02,3
real,0.0,long_00000_5639-61-121,s3,gated_deflation,3,1,35.45616652259341,2,2,0,SPEAKER_00,3
real,0.0,long_00000_5639-61-121,s3,gated_deflation,3,2,-5.541237885395711,2,2,0,SPEAKER_00,3
real,0.0,long_00000_5639-61-121,s1,coarse_to_fine,3,1,47.700052610728264,,,0,SPEAKER_01,3
real,0.0,long_00000_5639-61-121,s1,coarse_to_fine,3,2,-6.057200567923697,,,0,SPEAKER_01,3
real,0.0,long_00000_5639-61-121,s2,coarse_to_fine,3,1,28.42555418294658,,,0,SPEAKER_02,3
real,0.0,long_00000_5639-61-121,s2,coarse_to_fine,3,2,-2.0728852254748267,,,0,SPEAKER_02,3
real,0.0,long_00000_5639-61-121,s3,coarse_to_fine,3,1,35.45616652259341,,,0,SPEAKER_00,3
real,0.0,long_00000_5639-61-121,s3,coarse_to_fine,3,2,-0.7496003339622626,,,0,SPEAKER_00,3
real,400.0,long_00000_5639-61-121,s1,no_recursion,3,1,12.820668360011922,,,0,SPEAKER_01,3
real,400.0,long_00000_5639-61-121,s1,no_recursion,3,2,-5.813135935576298,,,0,SPEAKER_01,3
real,400.0,long_00000_5639-61-121,s2,no_recursion,3,1,28.42555418294658,,,0,SPEAKER_02,3
real,400.0,long_00000_5639-61-121,s2,no_recursion,3,2,0.41835812061503325,,,0,SPEAKER_02,3
real,400.0,long_00000_5639-61-121,s3,no_recursion,3,1,35.45616652259341,,,0,SPEAKER_00,3
real,400.0,long_00000_5639-61-121,s3,no_recursion,3,2,-0.33053845269782656,,,0,SPEAKER_00,3
real,400.0,long_00000_5639-61-121,s1,ungated_deflation,3,1,12.820668360011922,0,0,0,SPEAKER_01,3
real,400.0,long_00000_5639-61-121,s1,ungated_deflation,3,2,-5.813135935576298,0,0,0,SPEAKER_01,3
real,400.0,long_00000_5639-61-121,s2,ungated_deflation,3,1,28.42555418294658,1,1,0,SPEAKER_02,3
real,400.0,long_00000_5639-61-121,s2,ungated_deflation,3,2,0.25156978905913385,1,1,0,SPEAKER_02,3
real,400.0,long_00000_5639-61-121,s3,ungated_deflation,3,1,35.45616652259341,2,2,0,SPEAKER_00,3
real,400.0,long_00000_5639-61-121,s3,ungated_deflation,3,2,-5.605614468027903,2,2,0,SPEAKER_00,3
real,400.0,long_00000_5639-61-121,s1,gated_deflation,3,1,12.820668360011922,0,0,0,SPEAKER_01,3
real,400.0,long_00000_5639-61-121,s1,gated_deflation,3,2,-5.813135935576298,0,0,0,SPEAKER_01,3
real,400.0,long_00000_5639-61-121,s2,gated_deflation,3,1,28.42555418294658,1,1,0,SPEAKER_02,3
real,400.0,long_00000_5639-61-121,s2,gated_deflation,3,2,0.25156978905913385,1,1,0,SPEAKER_02,3
real,400.0,long_00000_5639-61-121,s3,gated_deflation,3,1,35.45616652259341,2,2,0,SPEAKER_00,3
real,400.0,long_00000_5639-61-121,s3,gated_deflation,3,2,-5.605614468027903,2,2,0,SPEAKER_00,3
real,400.0,long_00000_5639-61-121,s1,coarse_to_fine,3,1,12.820668360011922,,,0,SPEAKER_01,3
real,400.0,long_00000_5639-61-121,s1,coarse_to_fine,3,2,-5.813135935576298,,,0,SPEAKER_01,3
real,400.0,long_00000_5639-61-121,s2,coarse_to_fine,3,1,28.42555418294658,,,0,SPEAKER_02,3
real,400.0,long_00000_5639-61-121,s2,coarse_to_fine,3,2,0.41835812061503325,,,0,SPEAKER_02,3
real,400.0,long_00000_5639-61-121,s3,coarse_to_fine,3,1,35.45616652259341,,,0,SPEAKER_00,3
real,400.0,long_00000_5639-61-121,s3,coarse_to_fine,3,2,-0.33053845269782656,,,0,SPEAKER_00,3
oracle,0.0,long_00001_3729-2300-8230,s1,no_recursion,3,1,73.45708658929459,,,0,s1,3
oracle,0.0,long_00001_3729-2300-8230,s1,no_recursion,3,2,2.992716065849814,,,0,s1,3
oracle,0.0,long_00001_3729-2300-8230,s2,no_recursion,3,1,44.559914846736405,,,0,s2,3
oracle,0.0,long_00001_3729-2300-8230,s2,no_recursion,3,2,5.576527015091948,,,0,s2,3
oracle,0.0,long_00001_3729-2300-8230,s3,no_recursion,3,1,52.48146327465544,,,0,s3,3
oracle,0.0,long_00001_3729-2300-8230,s3,no_recursion,3,2,-4.547991386360529,,,0,s3,3
oracle,0.0,long_00001_3729-2300-8230,s1,ungated_deflation,3,1,73.45708658929459,0,0,0,s1,3
oracle,0.0,long_00001_3729-2300-8230,s1,ungated_deflation,3,2,2.992716065849814,0,0,0,s1,3
oracle,0.0,long_00001_3729-2300-8230,s2,ungated_deflation,3,1,43.77738191432924,1,1,0,s2,3
oracle,0.0,long_00001_3729-2300-8230,s2,ungated_deflation,3,2,4.632814063156784,1,1,0,s2,3
oracle,0.0,long_00001_3729-2300-8230,s3,ungated_deflation,3,1,48.265780277324794,2,2,0,s3,3
oracle,0.0,long_00001_3729-2300-8230,s3,ungated_deflation,3,2,-6.0750262090692875,2,2,0,s3,3
oracle,0.0,long_00001_3729-2300-8230,s1,gated_deflation,3,1,73.45708658929459,0,0,0,s1,3
oracle,0.0,long_00001_3729-2300-8230,s1,gated_deflation,3,2,2.992716065849814,0,0,0,s1,3
oracle,0.0,long_00001_3729-2300-8230,s2,gated_deflation,3,1,43.77738191432924,1,1,0,s2,3
oracle,0.0,long_00001_3729-2300-8230,s2,gated_deflation,3,2,4.632814063156784,1,1,0,s2,3
oracle,0.0,long_00001_3729-2300-8230,s3,gated_deflation,3,1,48.265780277324794,2,2,0,s3,3
oracle,0.0,long_00001_3729-2300-8230,s3,gated_deflation,3,2,-6.0750262090692875,2,2,0,s3,3
oracle,0.0,long_00001_3729-2300-8230,s1,coarse_to_fine,3,1,73.45708658929459,,,0,s1,3
oracle,0.0,long_00001_3729-2300-8230,s1,coarse_to_fine,3,2,2.992716065849814,,,0,s1,3
oracle,0.0,long_00001_3729-2300-8230,s2,coarse_to_fine,3,1,44.559914846736405,,,0,s2,3
oracle,0.0,long_00001_3729-2300-8230,s2,coarse_to_fine,3,2,5.576527015091948,,,0,s2,3
oracle,0.0,long_00001_3729-2300-8230,s3,coarse_to_fine,3,1,52.48146327465544,,,0,s3,3
oracle,0.0,long_00001_3729-2300-8230,s3,coarse_to_fine,3,2,-4.547991386360529,,,0,s3,3
oracle,400.0,long_00001_3729-2300-8230,s1,no_recursion,3,1,34.39048029058295,,,0,s1,3
oracle,400.0,long_00001_3729-2300-8230,s1,no_recursion,3,2,2.9893100849133614,,,0,s1,3
oracle,400.0,long_00001_3729-2300-8230,s2,no_recursion,3,1,5.969039493044058,,,0,s2,3
oracle,400.0,long_00001_3729-2300-8230,s2,no_recursion,3,2,5.584186906301469,,,0,s2,3
oracle,400.0,long_00001_3729-2300-8230,s3,no_recursion,3,1,13.95797560371447,,,0,s3,3
oracle,400.0,long_00001_3729-2300-8230,s3,no_recursion,3,2,-4.528498415912941,,,0,s3,3
oracle,400.0,long_00001_3729-2300-8230,s1,ungated_deflation,3,1,34.39048029058295,0,0,0,s1,3
oracle,400.0,long_00001_3729-2300-8230,s1,ungated_deflation,3,2,2.9893100849133614,0,0,0,s1,3
oracle,400.0,long_00001_3729-2300-8230,s2,ungated_deflation,3,1,6.511826442701465,1,1,0,s2,3
oracle,400.0,long_00001_3729-2300-8230,s2,ungated_deflation,3,2,4.54803508589188,1,1,0,s2,3
oracle,400.0,long_00001_3729-2300-8230,s3,ungated_deflation,3,1,16.159146063051566,2,2,0,s3,3
oracle,400.0,long_00001_3729-2300-8230,s3,ungated_deflation,3,2,-6.04557215278967,2,2,0,s3,3
oracle,400.0,long_00001_3729-2300-8230,s1,gated_deflation,3,1,34.39048029058295,0,0,0,s1,3
oracle,400.0,long_00001_3729-2300-8230,s1,gated_deflation,3,2,2.9893100849133614,0,0,0,s1,3
oracle,400.0,long_00001_3729-2300-8230,s2,gated_deflation,3,1,6.511826442701465,1,1,0,s2,3
oracle,400.0,long_00001_3729-2300-8230,s2,gated_deflation,3,2,4.54803508589188,1,1,0,s2,3
oracle,400.0,long_00001_3729-2300-8230,s3,gated_deflation,3,1,16.159146063051566,2,2,0,s3,3
oracle,400.0,long_00001_3729-2300-8230,s3,gated_deflation,3,2,-6.04557215278967,2,2,0,s3,3
oracle,400.0,long_00001_3729-2300-8230,s1,coarse_to_fine,3,1,34.39048029058295,,,0,s1,3
oracle,400.0,long_00001_3729-2300-8230,s1,coarse_to_fine,3,2,2.9893100849133614,,,0,s1,3
oracle,400.0,long_00001_3729-2300-8230,s2,coarse_to_fine,3,1,5.969039493044058,,,0,s2,3
oracle,400.0,long_00001_3729-2300-8230,s2,coarse_to_fine,3,2,5.584186906301469,,,0,s2,3
oracle,400.0,long_00001_3729-2300-8230,s3,coarse_to_fine,3,1,13.95797560371447,,,0,s3,3
oracle,400.0,long_00001_3729-2300-8230,s3,coarse_to_fine,3,2,-4.528498415912941,,,0,s3,3
real,0.0,long_00001_3729-2300-8230,s1,no_recursion,3,1,34.011568406997924,,,0,SPEAKER_02,3
real,0.0,long_00001_3729-2300-8230,s1,no_recursion,3,2,-1.6317005490091527,,,0,SPEAKER_02,3
real,0.0,long_00001_3729-2300-8230,s2,no_recursion,3,1,94.03269338645286,,,0,SPEAKER_00,3
real,0.0,long_00001_3729-2300-8230,s2,no_recursion,3,2,2.4323987954886497,,,0,SPEAKER_00,3
real,0.0,long_00001_3729-2300-8230,s3,no_recursion,3,1,59.53255497861917,,,0,SPEAKER_01,3
real,0.0,long_00001_3729-2300-8230,s3,no_recursion,3,2,-8.124886001764756,,,0,SPEAKER_01,3
real,0.0,long_00001_3729-2300-8230,s1,ungated_deflation,3,1,34.011568406997924,1,1,0,SPEAKER_02,3
real,0.0,long_00001_3729-2300-8230,s1,ungated_deflation,3,2,-5.310933781805543,1,1,0,SPEAKER_02,3
real,0.0,long_00001_3729-2300-8230,s2,ungated_deflation,3,1,94.03269338645286,0,0,0,SPEAKER_00,3
real,0.0,long_00001_3729-2300-8230,s2,ungated_deflation,3,2,2.4323987954886497,0,0,0,SPEAKER_00,3
real,0.0,long_00001_3729-2300-8230,s3,ungated_deflation,3,1,59.53255497861917,2,2,0,SPEAKER_01,3
real,0.0,long_00001_3729-2300-8230,s3,ungated_deflation,3,2,-8.970761297239886,2,2,0,SPEAKER_01,3
real,0.0,long_00001_3729-2300-8230,s1,gated_deflation,3,1,34.011568406997924,1,1,0,SPEAKER_02,3
real,0.0,long_00001_3729-2300-8230,s1,gated_deflation,3,2,-5.310933781805543,1,1,0,SPEAKER_02,3
real,0.0,long_00001_3729-2300-8230,s2,gated_deflation,3,1,94.03269338645286,0,0,0,SPEAKER_00,3
real,0.0,long_00001_3729-2300-8230,s2,gated_deflation,3,2,2.4323987954886497,0,0,0,SPEAKER_00,3
real,0.0,long_00001_3729-2300-8230,s3,gated_deflation,3,1,59.53255497861917,2,2,0,SPEAKER_01,3
real,0.0,long_00001_3729-2300-8230,s3,gated_deflation,3,2,-8.970761297239886,2,2,0,SPEAKER_01,3
real,0.0,long_00001_3729-2300-8230,s1,coarse_to_fine,3,1,34.011568406997924,,,0,SPEAKER_02,3
real,0.0,long_00001_3729-2300-8230,s1,coarse_to_fine,3,2,-1.6317005490091527,,,0,SPEAKER_02,3
real,0.0,long_00001_3729-2300-8230,s2,coarse_to_fine,3,1,94.03269338645286,,,0,SPEAKER_00,3
real,0.0,long_00001_3729-2300-8230,s2,coarse_to_fine,3,2,2.4323987954886497,,,0,SPEAKER_00,3
real,0.0,long_00001_3729-2300-8230,s3,coarse_to_fine,3,1,59.53255497861917,,,0,SPEAKER_01,3
real,0.0,long_00001_3729-2300-8230,s3,coarse_to_fine,3,2,-8.124886001764756,,,0,SPEAKER_01,3
real,400.0,long_00001_3729-2300-8230,s1,no_recursion,3,1,34.011568406997924,,,0,SPEAKER_02,3
real,400.0,long_00001_3729-2300-8230,s1,no_recursion,3,2,0.2743375975081972,,,0,SPEAKER_02,3
real,400.0,long_00001_3729-2300-8230,s2,no_recursion,3,1,18.885580755037303,,,0,SPEAKER_00,3
real,400.0,long_00001_3729-2300-8230,s2,no_recursion,3,2,4.732315946593875,,,0,SPEAKER_00,3
real,400.0,long_00001_3729-2300-8230,s3,no_recursion,3,1,59.53255497861917,,,0,SPEAKER_01,3
real,400.0,long_00001_3729-2300-8230,s3,no_recursion,3,2,-4.377928269473637,,,0,SPEAKER_01,3
real,400.0,long_00001_3729-2300-8230,s1,ungated_deflation,3,1,34.011568406997924,1,1,0,SPEAKER_02,3
real,400.0,long_00001_3729-2300-8230,s1,ungated_deflation,3,2,-2.051497956215049,1,1,0,SPEAKER_02,3
real,400.0,long_00001_3729-2300-8230,s2,ungated_deflation,3,1,19.41447302057786,2,2,0,SPEAKER_00,3
real,400.0,long_00001_3729-2300-8230,s2,ungated_deflation,3,2,1.1015790474883604,2,2,0,SPEAKER_00,3
real,400.0,long_00001_3729-2300-8230,s3,ungated_deflation,3,1,59.53255497861917,0,0,0,SPEAKER_01,3
real,400.0,long_00001_3729-2300-8230,s3,ungated_deflation,3,2,-4.377928269473637,0,0,0,SPEAKER_01,3
real,400.0,long_00001_3729-2300-8230,s1,gated_deflation,3,1,34.011568406997924,1,1,0,SPEAKER_02,3
real,400.0,long_00001_3729-2300-8230,s1,gated_deflation,3,2,-2.051497956215049,1,1,0,SPEAKER_02,3
real,400.0,long_00001_3729-2300-8230,s2,gated_deflation,3,1,19.41447302057786,2,2,0,SPEAKER_00,3
real,400.0,long_00001_3729-2300-8230,s2,gated_deflation,3,2,1.1015790474883604,2,2,0,SPEAKER_00,3
real,400.0,long_00001_3729-2300-8230,s3,gated_deflation,3,1,59.53255497861917,0,0,0,SPEAKER_01,3
real,400.0,long_00001_3729-2300-8230,s3,gated_deflation,3,2,-4.377928269473637,0,0,0,SPEAKER_01,3
real,400.0,long_00001_3729-2300-8230,s1,coarse_to_fine,3,1,34.011568406997924,,,0,SPEAKER_02,3
real,400.0,long_00001_3729-2300-8230,s1,coarse_to_fine,3,2,0.2743375975081972,,,0,SPEAKER_02,3
real,400.0,long_00001_3729-2300-8230,s2,coarse_to_fine,3,1,18.885580755037303,,,0,SPEAKER_00,3
real,400.0,long_00001_3729-2300-8230,s2,coarse_to_fine,3,2,4.732315946593875,,,0,SPEAKER_00,3
real,400.0,long_00001_3729-2300-8230,s3,coarse_to_fine,3,1,59.53255497861917,,,0,SPEAKER_01,3
real,400.0,long_00001_3729-2300-8230,s3,coarse_to_fine,3,2,-4.377928269473637,,,0,SPEAKER_01,3
oracle,0.0,long_00002_4077-237-2300,s1,no_recursion,3,1,45.47358481605738,,,0,s1,3
oracle,0.0,long_00002_4077-237-2300,s1,no_recursion,3,2,1.8124856681220483,,,0,s1,3
oracle,0.0,long_00002_4077-237-2300,s2,no_recursion,3,1,38.244093298738356,,,0,s2,3
oracle,0.0,long_00002_4077-237-2300,s2,no_recursion,3,2,2.976950201891599,,,0,s2,3
oracle,0.0,long_00002_4077-237-2300,s3,no_recursion,3,1,43.92947104145439,,,0,s3,3
oracle,0.0,long_00002_4077-237-2300,s3,no_recursion,3,2,7.168572142969517,,,0,s3,3
oracle,0.0,long_00002_4077-237-2300,s1,ungated_deflation,3,1,45.47358481605738,0,0,0,s1,3
oracle,0.0,long_00002_4077-237-2300,s1,ungated_deflation,3,2,1.8124856681220483,0,0,0,s1,3
oracle,0.0,long_00002_4077-237-2300,s2,ungated_deflation,3,1,36.25010864602328,1,1,0,s2,3
oracle,0.0,long_00002_4077-237-2300,s2,ungated_deflation,3,2,-0.6172908615330002,1,1,0,s2,3
oracle,0.0,long_00002_4077-237-2300,s3,ungated_deflation,3,1,36.89321772835267,2,2,0,s3,3
oracle,0.0,long_00002_4077-237-2300,s3,ungated_deflation,3,2,2.229963561682288,2,2,0,s3,3
oracle,0.0,long_00002_4077-237-2300,s1,gated_deflation,3,1,45.47358481605738,0,0,0,s1,3
oracle,0.0,long_00002_4077-237-2300,s1,gated_deflation,3,2,1.8124856681220483,0,0,0,s1,3
oracle,0.0,long_00002_4077-237-2300,s2,gated_deflation,3,1,36.25010864602328,1,1,0,s2,3
oracle,0.0,long_00002_4077-237-2300,s2,gated_deflation,3,2,-0.6172908615330002,1,1,0,s2,3
oracle,0.0,long_00002_4077-237-2300,s3,gated_deflation,3,1,36.89321772835267,2,2,0,s3,3
oracle,0.0,long_00002_4077-237-2300,s3,gated_deflation,3,2,2.229963561682288,2,2,0,s3,3
oracle,0.0,long_00002_4077-237-2300,s1,coarse_to_fine,3,1,45.47358481605738,,,0,s1,3
oracle,0.0,long_00002_4077-237-2300,s1,coarse_to_fine,3,2,1.8124856681220483,,,0,s1,3
oracle,0.0,long_00002_4077-237-2300,s2,coarse_to_fine,3,1,38.244093298738356,,,0,s2,3
oracle,0.0,long_00002_4077-237-2300,s2,coarse_to_fine,3,2,2.976950201891599,,,0,s2,3
oracle,0.0,long_00002_4077-237-2300,s3,coarse_to_fine,3,1,43.92947104145439,,,0,s3,3
oracle,0.0,long_00002_4077-237-2300,s3,coarse_to_fine,3,2,7.168572142969517,,,0,s3,3
oracle,400.0,long_00002_4077-237-2300,s1,no_recursion,3,1,10.902398910221212,,,0,s1,3
oracle,400.0,long_00002_4077-237-2300,s1,no_recursion,3,2,1.8347684271160771,,,0,s1,3
oracle,400.0,long_00002_4077-237-2300,s2,no_recursion,3,1,-6.351613018815204,,,0,s2,3
oracle,400.0,long_00002_4077-237-2300,s2,no_recursion,3,2,3.068800914954491,,,0,s2,3
oracle,400.0,long_00002_4077-237-2300,s3,no_recursion,3,1,4.590772173039598,,,0,s3,3
oracle,400.0,long_00002_4077-237-2300,s3,no_recursion,3,2,7.191267189479804,,,0,s3,3
oracle,400.0,long_00002_4077-237-2300,s1,ungated_deflation,3,1,10.902398910221212,0,0,0,s1,3
oracle,400.0,long_00002_4077-237-2300,s1,ungated_deflation,3,2,1.8347684271160771,0,0,0,s1,3
oracle,400.0,long_00002_4077-237-2300,s2,ungated_deflation,3,1,-6.837642410826201,1,1,0,s2,3
oracle,400.0,long_00002_4077-237-2300,s2,ungated_deflation,3,2,-0.41656743114383943,1,1,0,s2,3
oracle,400.0,long_00002_4077-237-2300,s3,ungated_deflation,3,1,6.958633709298713,2,2,0,s3,3
oracle,400.0,long_00002_4077-237-2300,s3,ungated_deflation,3,2,2.1792635629191066,2,2,0,s3,3
oracle,400.0,long_00002_4077-237-2300,s1,gated_deflation,3,1,10.902398910221212,0,0,0,s1,3
oracle,400.0,long_00002_4077-237-2300,s1,gated_deflation,3,2,1.8347684271160771,0,0,0,s1,3
oracle,400.0,long_00002_4077-237-2300,s2,gated_deflation,3,1,-6.837642410826201,1,1,0,s2,3
oracle,400.0,long_00002_4077-237-2300,s2,gated_deflation,3,2,-0.41656743114383943,1,1,0,s2,3
oracle,400.0,long_00002_4077-237-2300,s3,gated_deflation,3,1,6.958633709298713,2,2,0,s3,3
oracle,400.0,long_00002_4077-237-2300,s3,gated_deflation,3,2,2.1792635629191066,2,2,0,s3,3
oracle,400.0,long_00002_4077-237-2300,s1,coarse_to_fine,3,1,10.902398910221212,,,0,s1,3
oracle,400.0,long_00002_4077-237-2300,s1,coarse_to_fine,3,2,1.8347684271160771,,,0,s1,3
oracle,400.0,long_00002_4077-237-2300,s2,coarse_to_fine,3,1,-6.351613018815204,,,0,s2,3
oracle,400.0,long_00002_4077-237-2300,s2,coarse_to_fine,3,2,3.068800914954491,,,0,s2,3
oracle,400.0,long_00002_4077-237-2300,s3,coarse_to_fine,3,1,4.590772173039598,,,0,s3,3
oracle,400.0,long_00002_4077-237-2300,s3,coarse_to_fine,3,2,7.191267189479804,,,0,s3,3
real,0.0,long_00002_4077-237-2300,s1,no_recursion,3,1,52.94067921697446,,,0,SPEAKER_01,3
real,0.0,long_00002_4077-237-2300,s1,no_recursion,3,2,-0.6666001906141164,,,0,SPEAKER_01,3
real,0.0,long_00002_4077-237-2300,s2,no_recursion,3,1,40.59209777517981,,,0,SPEAKER_00,3
real,0.0,long_00002_4077-237-2300,s2,no_recursion,3,2,1.1932376687902484,,,0,SPEAKER_00,3
real,0.0,long_00002_4077-237-2300,s3,no_recursion,3,1,46.9425126348612,,,0,SPEAKER_02,3
real,0.0,long_00002_4077-237-2300,s3,no_recursion,3,2,-1.2650046610409689,,,0,SPEAKER_02,3
real,0.0,long_00002_4077-237-2300,s1,ungated_deflation,3,1,52.94067921697446,2,2,0,SPEAKER_01,3
real,0.0,long_00002_4077-237-2300,s1,ungated_deflation,3,2,-0.18868565431700923,2,2,0,SPEAKER_01,3
real,0.0,long_00002_4077-237-2300,s2,ungated_deflation,3,1,40.59209777517981,1,1,0,SPEAKER_00,3
real,0.0,long_00002_4077-237-2300,s2,ungated_deflation,3,2,-0.31205930826736294,1,1,0,SPEAKER_00,3
real,0.0,long_00002_4077-237-2300,s3,ungated_deflation,3,1,46.9425126348612,0,0,0,SPEAKER_02,3
real,0.0,long_00002_4077-237-2300,s3,ungated_deflation,3,2,-1.2650046610409689,0,0,0,SPEAKER_02,3
real,0.0,long_00002_4077-237-2300,s1,gated_deflation,3,1,52.94067921697446,2,2,0,SPEAKER_01,3
real,0.0,long_00002_4077-237-2300,s1,gated_deflation,3,2,-0.18868565431700923,2,2,0,SPEAKER_01,3
real,0.0,long_00002_4077-237-2300,s2,gated_deflation,3,1,40.59209777517981,1,1,0,SPEAKER_00,3
real,0.0,long_00002_4077-237-2300,s2,gated_deflation,3,2,-0.31205930826736294,1,1,0,SPEAKER_00,3
real,0.0,long_00002_4077-237-2300,s3,gated_deflation,3,1,46.9425126348612,0,0,0,SPEAKER_02,3
real,0.0,long_00002_4077-237-2300,s3,gated_deflation,3,2,-1.2650046610409689,0,0,0,SPEAKER_02,3
real,0.0,long_00002_4077-237-2300,s1,coarse_to_fine,3,1,52.94067921697446,,,0,SPEAKER_01,3
real,0.0,long_00002_4077-237-2300,s1,coarse_to_fine,3,2,-0.6666001906141164,,,0,SPEAKER_01,3
real,0.0,long_00002_4077-237-2300,s2,coarse_to_fine,3,1,40.59209777517981,,,0,SPEAKER_00,3
real,0.0,long_00002_4077-237-2300,s2,coarse_to_fine,3,2,1.1932376687902484,,,0,SPEAKER_00,3
real,0.0,long_00002_4077-237-2300,s3,coarse_to_fine,3,1,46.9425126348612,,,0,SPEAKER_02,3
real,0.0,long_00002_4077-237-2300,s3,coarse_to_fine,3,2,-1.2650046610409689,,,0,SPEAKER_02,3
real,400.0,long_00002_4077-237-2300,s1,no_recursion,3,1,52.94067921697446,,,0,SPEAKER_01,3
real,400.0,long_00002_4077-237-2300,s1,no_recursion,3,2,1.5831606212436884,,,0,SPEAKER_01,3
real,400.0,long_00002_4077-237-2300,s2,no_recursion,3,1,40.59209777517981,,,0,SPEAKER_00,3
real,400.0,long_00002_4077-237-2300,s2,no_recursion,3,2,2.150818858978572,,,0,SPEAKER_00,3
real,400.0,long_00002_4077-237-2300,s3,no_recursion,3,1,11.843424422003398,,,0,SPEAKER_02,3
real,400.0,long_00002_4077-237-2300,s3,no_recursion,3,2,5.5591062195468215,,,0,SPEAKER_02,3
real,400.0,long_00002_4077-237-2300,s1,ungated_deflation,3,1,52.94067921697446,0,0,0,SPEAKER_01,3
real,400.0,long_00002_4077-237-2300,s1,ungated_deflation,3,2,1.5831606212436884,0,0,0,SPEAKER_01,3
real,400.0,long_00002_4077-237-2300,s2,ungated_deflation,3,1,40.59209777517981,2,2,0,SPEAKER_00,3
real,400.0,long_00002_4077-237-2300,s2,ungated_deflation,3,2,-1.862296129677297,2,2,0,SPEAKER_00,3
real,400.0,long_00002_4077-237-2300,s3,ungated_deflation,3,1,15.777953788640318,1,1,0,SPEAKER_02,3
real,400.0,long_00002_4077-237-2300,s3,ungated_deflation,3,2,3.7837819302610107,1,1,0,SPEAKER_02,3
real,400.0,long_00002_4077-237-2300,s1,gated_deflation,3,1,52.94067921697446,0,0,0,SPEAKER_01,3
real,400.0,long_00002_4077-237-2300,s1,gated_deflation,3,2,1.5831606212436884,0,0,0,SPEAKER_01,3
real,400.0,long_00002_4077-237-2300,s2,gated_deflation,3,1,40.59209777517981,2,2,0,SPEAKER_00,3
real,400.0,long_00002_4077-237-2300,s2,gated_deflation,3,2,-1.862296129677297,2,2,0,SPEAKER_00,3
real,400.0,long_00002_4077-237-2300,s3,gated_deflation,3,1,15.777953788640318,1,1,0,SPEAKER_02,3
real,400.0,long_00002_4077-237-2300,s3,gated_deflation,3,2,3.7837819302610107,1,1,0,SPEAKER_02,3
real,400.0,long_00002_4077-237-2300,s1,coarse_to_fine,3,1,52.94067921697446,,,0,SPEAKER_01,3
real,400.0,long_00002_4077-237-2300,s1,coarse_to_fine,3,2,1.5831606212436884,,,0,SPEAKER_01,3
real,400.0,long_00002_4077-237-2300,s2,coarse_to_fine,3,1,40.59209777517981,,,0,SPEAKER_00,3
real,400.0,long_00002_4077-237-2300,s2,coarse_to_fine,3,2,2.150818858978572,,,0,SPEAKER_00,3
real,400.0,long_00002_4077-237-2300,s3,coarse_to_fine,3,1,11.843424422003398,,,0,SPEAKER_02,3
real,400.0,long_00002_4077-237-2300,s3,coarse_to_fine,3,2,5.5591062195468215,,,0,SPEAKER_02,3
oracle,0.0,long_00003_4507-7176-8455,s1,no_recursion,3,1,57.08113785239122,,,0,s1,3
oracle,0.0,long_00003_4507-7176-8455,s1,no_recursion,3,2,3.955943560423697,,,0,s1,3
oracle,0.0,long_00003_4507-7176-8455,s2,no_recursion,3,1,37.5122205497564,,,0,s2,3
oracle,0.0,long_00003_4507-7176-8455,s2,no_recursion,3,2,2.2899439564553834,,,0,s2,3
oracle,0.0,long_00003_4507-7176-8455,s3,no_recursion,3,1,48.71508237584102,,,0,s3,3
oracle,0.0,long_00003_4507-7176-8455,s3,no_recursion,3,2,-0.08775401932426935,,,0,s3,3
oracle,0.0,long_00003_4507-7176-8455,s1,ungated_deflation,3,1,57.08113785239122,0,0,0,s1,3
oracle,0.0,long_00003_4507-7176-8455,s1,ungated_deflation,3,2,3.955943560423697,0,0,0,s1,3
oracle,0.0,long_00003_4507-7176-8455,s2,ungated_deflation,3,1,37.82864576687533,1,1,0,s2,3
oracle,0.0,long_00003_4507-7176-8455,s2,ungated_deflation,3,2,2.2930212082323305,1,1,0,s2,3
oracle,0.0,long_00003_4507-7176-8455,s3,ungated_deflation,3,1,47.02706711831321,2,2,0,s3,3
oracle,0.0,long_00003_4507-7176-8455,s3,ungated_deflation,3,2,-2.0173532246026453,2,2,0,s3,3
oracle,0.0,long_00003_4507-7176-8455,s1,gated_deflation,3,1,57.08113785239122,0,0,0,s1,3
oracle,0.0,long_00003_4507-7176-8455,s1,gated_deflation,3,2,3.955943560423697,0,0,0,s1,3
oracle,0.0,long_00003_4507-7176-8455,s2,gated_deflation,3,1,37.82864576687533,1,1,0,s2,3
oracle,0.0,long_00003_4507-7176-8455,s2,gated_deflation,3,2,2.2930212082323305,1,1,0,s2,3
oracle,0.0,long_00003_4507-7176-8455,s3,gated_deflation,3,1,47.02706711831321,2,2,0,s3,3
oracle,0.0,long_00003_4507-7176-8455,s3,gated_deflation,3,2,-2.0173532246026453,2,2,0,s3,3
oracle,0.0,long_00003_4507-7176-8455,s1,coarse_to_fine,3,1,57.08113785239122,,,0,s1,3
oracle,0.0,long_00003_4507-7176-8455,s1,coarse_to_fine,3,2,3.955943560423697,,,0,s1,3
oracle,0.0,long_00003_4507-7176-8455,s2,coarse_to_fine,3,1,37.5122205497564,,,0,s2,3
oracle,0.0,long_00003_4507-7176-8455,s2,coarse_to_fine,3,2,2.2899439564553834,,,0,s2,3
oracle,0.0,long_00003_4507-7176-8455,s3,coarse_to_fine,3,1,48.71508237584102,,,0,s3,3
oracle,0.0,long_00003_4507-7176-8455,s3,coarse_to_fine,3,2,-0.08775401932426935,,,0,s3,3
oracle,400.0,long_00003_4507-7176-8455,s1,no_recursion,3,1,8.909015767841161,,,0,s1,3
oracle,400.0,long_00003_4507-7176-8455,s1,no_recursion,3,2,3.991730784793482,,,0,s1,3
oracle,400.0,long_00003_4507-7176-8455,s2,no_recursion,3,1,-3.6217289539503543,,,0,s2,3
oracle,400.0,long_00003_4507-7176-8455,s2,no_recursion,3,2,2.3709041517307154,,,0,s2,3
oracle,400.0,long_00003_4507-7176-8455,s3,no_recursion,3,1,5.94411230061039,,,0,s3,3
oracle,400.0,long_00003_4507-7176-8455,s3,no_recursion,3,2,-0.07858877461779948,,,0,s3,3
oracle,400.0,long_00003_4507-7176-8455,s1,ungated_deflation,3,1,8.909015767841161,0,0,0,s1,3
oracle,400.0,long_00003_4507-7176-8455,s1,ungated_deflation,3,2,3.991730784793482,0,0,0,s1,3
oracle,400.0,long_00003_4507-7176-8455,s2,ungated_deflation,3,1,-3.48450660703872,1,1,0,s2,3
oracle,400.0,long_00003_4507-7176-8455,s2,ungated_deflation,3,2,2.450623445001663,1,1,0,s2,3
oracle,400.0,long_00003_4507-7176-8455,s3,ungated_deflation,3,1,9.643908596447817,2,2,0,s3,3
oracle,400.0,long_00003_4507-7176-8455,s3,ungated_deflation,3,2,-1.98019981847886,2,2,0,s3,3
oracle,400.0,long_00003_4507-7176-8455,s1,gated_deflation,3,1,8.909015767841161,0,0,0,s1,3
oracle,400.0,long_00003_4507-7176-8455,s1,gated_deflation,3,2,3.991730784793482,0,0,0,s1,3
oracle,400.0,long_00003_4507-7176-8455,s2,gated_deflation,3,1,-3.48450660703872,1,1,0,s2,3
oracle,400.0,long_00003_4507-7176-8455,s2,gated_deflation,3,2,2.450623445001663,1,1,0,s2,3
oracle,400.0,long_00003_4507-7176-8455,s3,gated_deflation,3,1,9.643908596447817,2,2,0,s3,3
oracle,400.0,long_00003_4507-7176-8455,s3,gated_deflation,3,2,-1.98019981847886,2,2,0,s3,3
oracle,400.0,long_00003_4507-7176-8455,s1,coarse_to_fine,3,1,8.909015767841161,,,0,s1,3
oracle,400.0,long_00003_4507-7176-8455,s1,coarse_to_fine,3,2,3.991730784793482,,,0,s1,3
oracle,400.0,long_00003_4507-7176-8455,s2,coarse_to_fine,3,1,-3.6217289539503543,,,0,s2,3
oracle,400.0,long_00003_4507-7176-8455,s2,coarse_to_fine,3,2,2.3709041517307154,,,0,s2,3
oracle,400.0,long_00003_4507-7176-8455,s3,coarse_to_fine,3,1,5.94411230061039,,,0,s3,3
oracle,400.0,long_00003_4507-7176-8455,s3,coarse_to_fine,3,2,-0.07858877461779948,,,0,s3,3
real,0.0,long_00003_4507-7176-8455,s1,no_recursion,3,1,39.57839850202721,,,0,SPEAKER_01,3
real,0.0,long_00003_4507-7176-8455,s1,no_recursion,3,2,-0.28446375502590776,,,0,SPEAKER_01,3
real,0.0,long_00003_4507-7176-8455,s2,no_recursion,3,1,inf,,,0,SPEAKER_02,3
real,0.0,long_00003_4507-7176-8455,s2,no_recursion,3,2,0.3115585525447494,,,0,SPEAKER_02,3
real,0.0,long_00003_4507-7176-8455,s3,no_recursion,3,1,33.06568516969357,,,0,SPEAKER_00,3
real,0.0,long_00003_4507-7176-8455,s3,no_recursion,3,2,-2.0384240405092737,,,0,SPEAKER_00,3
real,0.0,long_00003_4507-7176-8455,s1,ungated_deflation,3,1,39.57839850202721,1,1,0,SPEAKER_01,3
real,0.0,long_00003_4507-7176-8455,s1,ungated_deflation,3,2,-0.12461410881947693,1,1,0,SPEAKER_01,3
real,0.0,long_00003_4507-7176-8455,s2,ungated_deflation,3,1,inf,2,2,0,SPEAKER_02,3
real,0.0,long_00003_4507-7176-8455,s2,ungated_deflation,3,2,-2.007708083105458,2,2,0,SPEAKER_02,3
real,0.0,long_00003_4507-7176-8455,s3,ungated_deflation,3,1,33.06568516969357,0,0,0,SPEAKER_00,3
real,0.0,long_00003_4507-7176-8455,s3,ungated_deflation,3,2,-2.0384240405092737,0,0,0,SPEAKER_00,3
real,0.0,long_00003_4507-7176-8455,s1,gated_deflation,3,1,39.57839850202721,1,1,0,SPEAKER_01,3
real,0.0,long_00003_4507-7176-8455,s1,gated_deflation,3,2,-0.12461410881947693,1,1,0,SPEAKER_01,3
real,0.0,long_00003_4507-7176-8455,s2,gated_deflation,3,1,inf,2,2,0,SPEAKER_02,3
real,0.0,long_00003_4507-7176-8455,s2,gated_deflation,3,2,-2.007708083105458,2,2,0,SPEAKER_02,3
real,0.0,long_00003_4507-7176-8455,s3,gated_deflation,3,1,33.06568516969357,0,0,0,SPEAKER_00,3
real,0.0,long_00003_4507-7176-8455,s3,gated_deflation,3,2,-2.0384240405092737,0,0,0,SPEAKER_00,3
real,0.0,long_00003_4507-7176-8455,s1,coarse_to_fine,3,1,39.57839850202721,,,0,SPEAKER_01,3
real,0.0,long_00003_4507-7176-8455,s1,coarse_to_fine,3,2,-0.28446375502590776,,,0,SPEAKER_01,3
real,0.0,long_00003_4507-7176-8455,s2,coarse_to_fine,3,1,inf,,,0,SPEAKER_02,3
real,0.0,long_00003_4507-7176-8455,s2,coarse_to_fine,3,2,0.3115585525447494,,,0,SPEAKER_02,3
real,0.0,long_00003_4507-7176-8455,s3,coarse_to_fine,3,1,33.06568516969357,,,0,SPEAKER_00,3
real,0.0,long_00003_4507-7176-8455,s3,coarse_to_fine,3,2,-2.0384240405092737,,,0,SPEAKER_00,3
real,400.0,long_00003_4507-7176-8455,s1,no_recursion,3,1,20.93356882194734,,,0,SPEAKER_01,3
real,400.0,long_00003_4507-7176-8455,s1,no_recursion,3,2,0.027948668258344116,,,0,SPEAKER_01,3
real,400.0,long_00003_4507-7176-8455,s2,no_recursion,3,1,13.521842887120306,,,0,SPEAKER_02,3
real,400.0,long_00003_4507-7176-8455,s2,no_recursion,3,2,1.9884127739874378,,,0,SPEAKER_02,3
real,400.0,long_00003_4507-7176-8455,s3,no_recursion,3,1,10.727112593506337,,,0,SPEAKER_00,3
real,400.0,long_00003_4507-7176-8455,s3,no_recursion,3,2,-1.1448171687946325,,,0,SPEAKER_00,3
real,400.0,long_00003_4507-7176-8455,s1,ungated_deflation,3,1,23.105716197361343,2,2,0,SPEAKER_01,3
real,400.0,long_00003_4507-7176-8455,s1,ungated_deflation,3,2,-6.091302333205802,2,2,0,SPEAKER_01,3
real,400.0,long_00003_4507-7176-8455,s2,ungated_deflation,3,1,13.521842887120306,0,0,0,SPEAKER_02,3
real,400.0,long_00003_4507-7176-8455,s2,ungated_deflation,3,2,1.9884127739874378,0,0,0,SPEAKER_02,3
real,400.0,long_00003_4507-7176-8455,s3,ungated_deflation,3,1,14.202056407180528,1,1,0,SPEAKER_00,3
real,400.0,long_00003_4507-7176-8455,s3,ungated_deflation,3,2,-2.70287802660616,1,1,0,SPEAKER_00,3
real,400.0,long_00003_4507-7176-8455,s1,gated_deflation,3,1,23.105716197361343,2,2,0,SPEAKER_01,3
real,400.0,long_00003_4507-7176-8455,s1,gated_deflation,3,2,-6.091302333205802,2,2,0,SPEAKER_01,3
real,400.0,long_00003_4507-7176-8455,s2,gated_deflation,3,1,13.521842887120306,0,0,0,SPEAKER_02,3
real,400.0,long_00003_4507-7176-8455,s2,gated_deflation,3,2,1.9884127739874378,0,0,0,SPEAKER_02,3
real,400.0,long_00003_4507-7176-8455,s3,gated_deflation,3,1,14.202056407180528,1,1,0,SPEAKER_00,3
real,400.0,long_00003_4507-7176-8455,s3,gated_deflation,3,2,-2.70287802660616,1,1,0,SPEAKER_00,3
real,400.0,long_00003_4507-7176-8455,s1,coarse_to_fine,3,1,20.93356882194734,,,0,SPEAKER_01,3
real,400.0,long_00003_4507-7176-8455,s1,coarse_to_fine,3,2,0.027948668258344116,,,0,SPEAKER_01,3
real,400.0,long_00003_4507-7176-8455,s2,coarse_to_fine,3,1,13.521842887120306,,,0,SPEAKER_02,3
real,400.0,long_00003_4507-7176-8455,s2,coarse_to_fine,3,2,1.9884127739874378,,,0,SPEAKER_02,3
real,400.0,long_00003_4507-7176-8455,s3,coarse_to_fine,3,1,10.727112593506337,,,0,SPEAKER_00,3
real,400.0,long_00003_4507-7176-8455,s3,coarse_to_fine,3,2,-1.1448171687946325,,,0,SPEAKER_00,3
oracle,0.0,long_00004_5639-61-1089,s1,no_recursion,3,1,42.278867623610054,,,0,s1,3
oracle,0.0,long_00004_5639-61-1089,s1,no_recursion,3,2,-7.963044658450563,,,0,s1,3
oracle,0.0,long_00004_5639-61-1089,s2,no_recursion,3,1,44.984940195668266,,,0,s2,3
oracle,0.0,long_00004_5639-61-1089,s2,no_recursion,3,2,0.7570370922270055,,,0,s2,3
oracle,0.0,long_00004_5639-61-1089,s3,no_recursion,3,1,67.95591408677011,,,0,s3,3
oracle,0.0,long_00004_5639-61-1089,s3,no_recursion,3,2,-2.4466589513883403,,,0,s3,3
oracle,0.0,long_00004_5639-61-1089,s1,ungated_deflation,3,1,42.278867623610054,0,0,0,s1,3
oracle,0.0,long_00004_5639-61-1089,s1,ungated_deflation,3,2,-7.963044658450563,0,0,0,s1,3
oracle,0.0,long_00004_5639-61-1089,s2,ungated_deflation,3,1,46.29815574781798,1,1,0,s2,3
oracle,0.0,long_00004_5639-61-1089,s2,ungated_deflation,3,2,0.6343515979325655,1,1,0,s2,3
oracle,0.0,long_00004_5639-61-1089,s3,ungated_deflation,3,1,57.01248158405348,2,2,0,s3,3
oracle,0.0,long_00004_5639-61-1089,s3,ungated_deflation,3,2,-3.615171905438568,2,2,0,s3,3
oracle,0.0,long_00004_5639-61-1089,s1,gated_deflation,3,1,42.278867623610054,0,0,0,s1,3
oracle,0.0,long_00004_5639-61-1089,s1,gated_deflation,3,2,-7.963044658450563,0,0,0,s1,3
oracle,0.0,long_00004_5639-61-1089,s2,gated_deflation,3,1,46.29815574781798,1,1,0,s2,3
oracle,0.0,long_00004_5639-61-1089,s2,gated_deflation,3,2,0.6343515979325655,1,1,0,s2,3
oracle,0.0,long_00004_5639-61-1089,s3,gated_deflation,3,1,57.01248158405348,2,2,0,s3,3
oracle,0.0,long_00004_5639-61-1089,s3,gated_deflation,3,2,-3.615171905438568,2,2,0,s3,3
oracle,0.0,long_00004_5639-61-1089,s1,coarse_to_fine,3,1,42.278867623610054,,,0,s1,3
oracle,0.0,long_00004_5639-61-1089,s1,coarse_to_fine,3,2,-7.963044658450563,,,0,s1,3
oracle,0.0,long_00004_5639-61-1089,s2,coarse_to_fine,3,1,44.984940195668266,,,0,s2,3
oracle,0.0,long_00004_5639-61-1089,s2,coarse_to_fine,3,2,0.7570370922270055,,,0,s2,3
oracle,0.0,long_00004_5639-61-1089,s3,coarse_to_fine,3,1,67.95591408677011,,,0,s3,3
oracle,0.0,long_00004_5639-61-1089,s3,coarse_to_fine,3,2,-2.4466589513883403,,,0,s3,3
oracle,400.0,long_00004_5639-61-1089,s1,no_recursion,3,1,5.0239571242493835,,,0,s1,3
oracle,400.0,long_00004_5639-61-1089,s1,no_recursion,3,2,-7.897758365467791,,,0,s1,3
oracle,400.0,long_00004_5639-61-1089,s2,no_recursion,3,1,7.011198191719635,,,0,s2,3
oracle,400.0,long_00004_5639-61-1089,s2,no_recursion,3,2,0.7866256823573272,,,0,s2,3
oracle,400.0,long_00004_5639-61-1089,s3,no_recursion,3,1,16.356344877342707,,,0,s3,3
oracle,400.0,long_00004_5639-61-1089,s3,no_recursion,3,2,-2.4864340964724354,,,0,s3,3
oracle,400.0,long_00004_5639-61-1089,s1,ungated_deflation,3,1,5.0239571242493835,0,0,0,s1,3
oracle,400.0,long_00004_5639-61-1089,s1,ungated_deflation,3,2,-7.897758365467791,0,0,0,s1,3
oracle,400.0,long_00004_5639-61-1089,s2,ungated_deflation,3,1,6.7702971676604005,1,1,0,s2,3
oracle,400.0,long_00004_5639-61-1089,s2,ungated_deflation,3,2,0.7054084135171133,1,1,0,s2,3
oracle,400.0,long_00004_5639-61-1089,s3,ungated_deflation,3,1,16.761822530238312,2,2,0,s3,3
oracle,400.0,long_00004_5639-61-1089,s3,ungated_deflation,3,2,-3.650779371785738,2,2,0,s3,3
oracle,400.0,long_00004_5639-61-1089,s1,gated_deflation,3,1,5.0239571242493835,0,0,0,s1,3
oracle,400.0,long_00004_5639-61-1089,s1,gated_deflation,3,2,-7.897758365467791,0,0,0,s1,3
oracle,400.0,long_00004_5639-61-1089,s2,gated_deflation,3,1,6.7702971676604005,1,1,0,s2,3
oracle,400.0,long_00004_5639-61-1089,s2,gated_deflation,3,2,0.7054084135171133,1,1,0,s2,3
oracle,400.0,long_00004_5639-61-1089,s3,gated_deflation,3,1,16.761822530238312,2,2,0,s3,3
oracle,400.0,long_00004_5639-61-1089,s3,gated_deflation,3,2,-3.650779371785738,2,2,0,s3,3
oracle,400.0,long_00004_5639-61-1089,s1,coarse_to_fine,3,1,5.0239571242493835,,,0,s1,3
oracle,400.0,long_00004_5639-61-1089,s1,coarse_to_fine,3,2,-7.897758365467791,,,0,s1,3
oracle,400.0,long_00004_5639-61-1089,s2,coarse_to_fine,3,1,7.011198191719635,,,0,s2,3
oracle,400.0,long_00004_5639-61-1089,s2,coarse_to_fine,3,2,0.7866256823573272,,,0,s2,3
oracle,400.0,long_00004_5639-61-1089,s3,coarse_to_fine,3,1,16.356344877342707,,,0,s3,3
oracle,400.0,long_00004_5639-61-1089,s3,coarse_to_fine,3,2,-2.4864340964724354,,,0,s3,3
real,0.0,long_00004_5639-61-1089,s1,no_recursion,3,1,57.852534981511596,,,0,SPEAKER_00,3
real,0.0,long_00004_5639-61-1089,s1,no_recursion,3,2,-9.732013757520916,,,0,SPEAKER_00,3
real,0.0,long_00004_5639-61-1089,s2,no_recursion,3,1,31.602404752811715,,,0,SPEAKER_02,3
real,0.0,long_00004_5639-61-1089,s2,no_recursion,3,2,-3.68075450945744,,,0,SPEAKER_02,3
real,0.0,long_00004_5639-61-1089,s3,no_recursion,3,1,46.56822302821121,,,0,SPEAKER_01,3
real,0.0,long_00004_5639-61-1089,s3,no_recursion,3,2,-5.530944852866362,,,0,SPEAKER_01,3
real,0.0,long_00004_5639-61-1089,s1,ungated_deflation,3,1,57.852534981511596,0,0,0,SPEAKER_00,3
real,0.0,long_00004_5639-61-1089,s1,ungated_deflation,3,2,-9.732013757520916,0,0,0,SPEAKER_00,3
real,0.0,long_00004_5639-61-1089,s2,ungated_deflation,3,1,31.602404752811715,2,2,0,SPEAKER_02,3
real,0.0,long_00004_5639-61-1089,s2,ungated_deflation,3,2,-2.8132989851349945,2,2,0,SPEAKER_02,3
real,0.0,long_00004_5639-61-1089,s3,ungated_deflation,3,1,46.56822302821121,1,1,0,SPEAKER_01,3
real,0.0,long_00004_5639-61-1089,s3,ungated_deflation,3,2,-5.4345369508671135,1,1,0,SPEAKER_01,3
real,0.0,long_00004_5639-61-1089,s1,gated_deflation,3,1,57.852534981511596,0,0,0,SPEAKER_00,3
real,0.0,long_00004_5639-61-1089,s1,gated_deflation,3,2,-9.732013757520916,0,0,0,SPEAKER_00,3
real,0.0,long_00004_5639-61-1089,s2,gated_deflation,3,1,31.602404752811715,2,2,0,SPEAKER_02,3
real,0.0,long_00004_5639-61-1089,s2,gated_deflation,3,2,-2.8132989851349945,2,2,0,SPEAKER_02,3
real,0.0,long_00004_5639-61-1089,s3,gated_deflation,3,1,46.56822302821121,1,1,0,SPEAKER_01,3
real,0.0,long_00004_5639-61-1089,s3,gated_deflation,3,2,-5.4345369508671135,1,1,0,SPEAKER_01,3
real,0.0,long_00004_5639-61-1089,s1,coarse_to_fine,3,1,57.852534981511596,,,0,SPEAKER_00,3
real,0.0,long_00004_5639-61-1089,s1,coarse_to_fine,3,2,-9.732013757520916,,,0,SPEAKER_00,3
real,0.0,long_00004_5639-61-1089,s2,coarse_to_fine,3,1,31.602404752811715,,,0,SPEAKER_02,3
real,0.0,long_00004_5639-61-1089,s2,coarse_to_fine,3,2,-3.68075450945744,,,0,SPEAKER_02,3
real,0.0,long_00004_5639-61-1089,s3,coarse_to_fine,3,1,46.56822302821121,,,0,SPEAKER_01,3
real,0.0,long_00004_5639-61-1089,s3,coarse_to_fine,3,2,-5.530944852866362,,,0,SPEAKER_01,3
real,400.0,long_00004_5639-61-1089,s1,no_recursion,3,1,13.496018562995303,,,0,SPEAKER_00,3
real,400.0,long_00004_5639-61-1089,s1,no_recursion,3,2,-7.631658398795099,,,0,SPEAKER_00,3
real,400.0,long_00004_5639-61-1089,s2,no_recursion,3,1,11.174899286601228,,,0,SPEAKER_02,3
real,400.0,long_00004_5639-61-1089,s2,no_recursion,3,2,-0.591119544938691,,,0,SPEAKER_02,3
real,400.0,long_00004_5639-61-1089,s3,no_recursion,3,1,16.24152425802284,,,0,SPEAKER_01,3
real,400.0,long_00004_5639-61-1089,s3,no_recursion,3,2,-3.0797227109851817,,,0,SPEAKER_01,3
real,400.0,long_00004_5639-61-1089,s1,ungated_deflation,3,1,13.496018562995303,0,0,0,SPEAKER_00,3
real,400.0,long_00004_5639-61-1089,s1,ungated_deflation,3,2,-7.631658398795099,0,0,0,SPEAKER_00,3
real,400.0,long_00004_5639-61-1089,s2,ungated_deflation,3,1,9.5908568937027,2,2,0,SPEAKER_02,3
real,400.0,long_00004_5639-61-1089,s2,ungated_deflation,3,2,-1.61356635938637,2,2,0,SPEAKER_02,3
real,400.0,long_00004_5639-61-1089,s3,ungated_deflation,3,1,14.971528480277087,1,1,0,SPEAKER_01,3
real,400.0,long_00004_5639-61-1089,s3,ungated_deflation,3,2,-3.0505509017188084,1,1,0,SPEAKER_01,3
real,400.0,long_00004_5639-61-1089,s1,gated_deflation,3,1,13.496018562995303,0,0,0,SPEAKER_00,3
real,400.0,long_00004_5639-61-1089,s1,gated_deflation,3,2,-7.631658398795099,0,0,0,SPEAKER_00,3
real,400.0,long_00004_5639-61-1089,s2,gated_deflation,3,1,9.5908568937027,2,2,0,SPEAKER_02,3
real,400.0,long_00004_5639-61-1089,s2,gated_deflation,3,2,-1.61356635938637,2,2,0,SPEAKER_02,3
real,400.0,long_00004_5639-61-1089,s3,gated_deflation,3,1,14.971528480277087,1,1,0,SPEAKER_01,3
real,400.0,long_00004_5639-61-1089,s3,gated_deflation,3,2,-3.0505509017188084,1,1,0,SPEAKER_01,3
real,400.0,long_00004_5639-61-1089,s1,coarse_to_fine,3,1,13.496018562995303,,,0,SPEAKER_00,3
real,400.0,long_00004_5639-61-1089,s1,coarse_to_fine,3,2,-7.631658398795099,,,0,SPEAKER_00,3
real,400.0,long_00004_5639-61-1089,s2,coarse_to_fine,3,1,11.174899286601228,,,0,SPEAKER_02,3
real,400.0,long_00004_5639-61-1089,s2,coarse_to_fine,3,2,-0.591119544938691,,,0,SPEAKER_02,3
real,400.0,long_00004_5639-61-1089,s3,coarse_to_fine,3,1,16.24152425802284,,,0,SPEAKER_01,3
real,400.0,long_00004_5639-61-1089,s3,coarse_to_fine,3,2,-3.0797227109851817,,,0,SPEAKER_01,3
oracle,0.0,long_00005_3570-908-4507,s1,no_recursion,3,1,70.99562978508557,,,0,s1,3
oracle,0.0,long_00005_3570-908-4507,s1,no_recursion,3,2,4.318693224207073,,,0,s1,3
oracle,0.0,long_00005_3570-908-4507,s2,no_recursion,3,1,38.800999094054816,,,0,s2,3
oracle,0.0,long_00005_3570-908-4507,s2,no_recursion,3,2,2.3089361085785374,,,0,s2,3
oracle,0.0,long_00005_3570-908-4507,s3,no_recursion,3,1,42.83837922021342,,,0,s3,3
oracle,0.0,long_00005_3570-908-4507,s3,no_recursion,3,2,6.431330498402844,,,0,s3,3
oracle,0.0,long_00005_3570-908-4507,s1,ungated_deflation,3,1,70.99562978508557,0,0,0,s1,3
oracle,0.0,long_00005_3570-908-4507,s1,ungated_deflation,3,2,4.318693224207073,0,0,0,s1,3
oracle,0.0,long_00005_3570-908-4507,s2,ungated_deflation,3,1,39.3359158481099,1,1,0,s2,3
oracle,0.0,long_00005_3570-908-4507,s2,ungated_deflation,3,2,1.6029074521684294,1,1,0,s2,3
oracle,0.0,long_00005_3570-908-4507,s3,ungated_deflation,3,1,39.23040016710019,2,2,0,s3,3
oracle,0.0,long_00005_3570-908-4507,s3,ungated_deflation,3,2,0.5515042900902816,2,2,0,s3,3
oracle,0.0,long_00005_3570-908-4507,s1,gated_deflation,3,1,70.99562978508557,0,0,0,s1,3
oracle,0.0,long_00005_3570-908-4507,s1,gated_deflation,3,2,4.318693224207073,0,0,0,s1,3
oracle,0.0,long_00005_3570-908-4507,s2,gated_deflation,3,1,39.3359158481099,1,1,0,s2,3
oracle,0.0,long_00005_3570-908-4507,s2,gated_deflation,3,2,1.6029074521684294,1,1,0,s2,3
oracle,0.0,long_00005_3570-908-4507,s3,gated_deflation,3,1,39.23040016710019,2,2,0,s3,3
oracle,0.0,long_00005_3570-908-4507,s3,gated_deflation,3,2,0.5515042900902816,2,2,0,s3,3
oracle,0.0,long_00005_3570-908-4507,s1,coarse_to_fine,3,1,70.99562978508557,,,0,s1,3
oracle,0.0,long_00005_3570-908-4507,s1,coarse_to_fine,3,2,4.318693224207073,,,0,s1,3
oracle,0.0,long_00005_3570-908-4507,s2,coarse_to_fine,3,1,38.800999094054816,,,0,s2,3
oracle,0.0,long_00005_3570-908-4507,s2,coarse_to_fine,3,2,2.3089361085785374,,,0,s2,3
oracle,0.0,long_00005_3570-908-4507,s3,coarse_to_fine,3,1,42.83837922021342,,,0,s3,3
oracle,0.0,long_00005_3570-908-4507,s3,coarse_to_fine,3,2,6.431330498402844,,,0,s3,3
oracle,400.0,long_00005_3570-908-4507,s1,no_recursion,3,1,7.171769353429502,,,0,s1,3
oracle,400.0,long_00005_3570-908-4507,s1,no_recursion,3,2,4.376634956234382,,,0,s1,3
oracle,400.0,long_00005_3570-908-4507,s2,no_recursion,3,1,1.0912801352100505,,,0,s2,3
oracle,400.0,long_00005_3570-908-4507,s2,no_recursion,3,2,2.316683418756985,,,0,s2,3
oracle,400.0,long_00005_3570-908-4507,s3,no_recursion,3,1,4.731354954191687,,,0,s3,3
oracle,400.0,long_00005_3570-908-4507,s3,no_recursion,3,2,6.563266295541496,,,0,s3,3
oracle,400.0,long_00005_3570-908-4507,s1,ungated_deflation,3,1,7.171769353429502,0,0,0,s1,3
oracle,400.0,long_00005_3570-908-4507,s1,ungated_deflation,3,2,4.376634956234382,0,0,0,s1,3
oracle,400.0,long_00005_3570-908-4507,s2,ungated_deflation,3,1,-2.460514769514342,1,1,0,s2,3
oracle,400.0,long_00005_3570-908-4507,s2,ungated_deflation,3,2,1.6471199440299937,1,1,0,s2,3
oracle,400.0,long_00005_3570-908-4507,s3,ungated_deflation,3,1,5.555281345593346,2,2,0,s3,3
oracle,400.0,long_00005_3570-908-4507,s3,ungated_deflation,3,2,0.8290252922430035,2,2,0,s3,3
oracle,400.0,long_00005_3570-908-4507,s1,gated_deflation,3,1,7.171769353429502,0,0,0,s1,3
oracle,400.0,long_00005_3570-908-4507,s1,gated_deflation,3,2,4.376634956234382,0,0,0,s1,3
oracle,400.0,long_00005_3570-908-4507,s2,gated_deflation,3,1,-2.460514769514342,1,1,0,s2,3
oracle,400.0,long_00005_3570-908-4507,s2,gated_deflation,3,2,1.6471199440299937,1,1,0,s2,3
oracle,400.0,long_00005_3570-908-4507,s3,gated_deflation,3,1,5.555281345593346,2,2,0,s3,3
oracle,400.0,long_00005_3570-908-4507,s3,gated_deflation,3,2,0.8290252922430035,2,2,0,s3,3
oracle,400.0,long_00005_3570-908-4507,s1,coarse_to_fine,3,1,7.171769353429502,,,0,s1,3
oracle,400.0,long_00005_3570-908-4507,s1,coarse_to_fine,3,2,4.376634956234382,,,0,s1,3
oracle,400.0,long_00005_3570-908-4507,s2,coarse_to_fine,3,1,1.0912801352100505,,,0,s2,3
oracle,400.0,long_00005_3570-908-4507,s2,coarse_to_fine,3,2,2.316683418756985,,,0,s2,3
oracle,400.0,long_00005_3570-908-4507,s3,coarse_to_fine,3,1,4.731354954191687,,,0,s3,3
oracle,400.0,long_00005_3570-908-4507,s3,coarse_to_fine,3,2,6.563266295541496,,,0,s3,3
real,0.0,long_00005_3570-908-4507,s1,no_recursion,3,1,41.8784392100227,,,0,SPEAKER_01,3
real,0.0,long_00005_3570-908-4507,s1,no_recursion,3,2,0.5061070831481375,,,0,SPEAKER_01,3
real,0.0,long_00005_3570-908-4507,s3,no_recursion,3,1,41.764920689767344,,,0,SPEAKER_02,3
real,0.0,long_00005_3570-908-4507,s3,no_recursion,3,2,-0.6804074748483979,,,0,SPEAKER_02,3
real,0.0,long_00005_3570-908-4507,s2,no_recursion,3,1,32.88597830262065,,,0,SPEAKER_00,3
real,0.0,long_00005_3570-908-4507,s2,no_recursion,3,2,-2.450258431692209,,,0,SPEAKER_00,3
real,0.0,long_00005_3570-908-4507,s1,ungated_deflation,3,1,41.8784392100227,2,2,0,SPEAKER_01,3
real,0.0,long_00005_3570-908-4507,s1,ungated_deflation,3,2,0.26320342603113006,2,2,0,SPEAKER_01,3
real,0.0,long_00005_3570-908-4507,s3,ungated_deflation,3,1,41.764920689767344,1,1,0,SPEAKER_02,3
real,0.0,long_00005_3570-908-4507,s3,ungated_deflation,3,2,-4.980760355710606,1,1,0,SPEAKER_02,3
real,0.0,long_00005_3570-908-4507,s2,ungated_deflation,3,1,32.88597830262065,0,0,0,SPEAKER_00,3
real,0.0,long_00005_3570-908-4507,s2,ungated_deflation,3,2,-2.450258431692209,0,0,0,SPEAKER_00,3
real,0.0,long_00005_3570-908-4507,s1,gated_deflation,3,1,41.8784392100227,2,2,0,SPEAKER_01,3
real,0.0,long_00005_3570-908-4507,s1,gated_deflation,3,2,0.26320342603113006,2,2,0,SPEAKER_01,3
real,0.0,long_00005_3570-908-4507,s3,gated_deflation,3,1,41.764920689767344,1,1,0,SPEAKER_02,3
real,0.0,long_00005_3570-908-4507,s3,gated_deflation,3,2,-4.980760355710606,1,1,0,SPEAKER_02,3
real,0.0,long_00005_3570-908-4507,s2,gated_deflation,3,1,32.88597830262065,0,0,0,SPEAKER_00,3
real,0.0,long_00005_3570-908-4507,s2,gated_deflation,3,2,-2.450258431692209,0,0,0,SPEAKER_00,3
real,0.0,long_00005_3570-908-4507,s1,coarse_to_fine,3,1,41.8784392100227,,,0,SPEAKER_01,3
real,0.0,long_00005_3570-908-4507,s1,coarse_to_fine,3,2,0.5061070831481375,,,0,SPEAKER_01,3
real,0.0,long_00005_3570-908-4507,s3,coarse_to_fine,3,1,41.764920689767344,,,0,SPEAKER_02,3
real,0.0,long_00005_3570-908-4507,s3,coarse_to_fine,3,2,-0.6804074748483979,,,0,SPEAKER_02,3
real,0.0,long_00005_3570-908-4507,s2,coarse_to_fine,3,1,32.88597830262065,,,0,SPEAKER_00,3
real,0.0,long_00005_3570-908-4507,s2,coarse_to_fine,3,2,-2.450258431692209,,,0,SPEAKER_00,3
real,400.0,long_00005_3570-908-4507,s1,no_recursion,3,1,16.944053249052168,,,0,SPEAKER_01,3
real,400.0,long_00005_3570-908-4507,s1,no_recursion,3,2,4.346069866542851,,,0,SPEAKER_01,3
real,400.0,long_00005_3570-908-4507,s3,no_recursion,3,1,9.199150254168517,,,0,SPEAKER_02,3
real,400.0,long_00005_3570-908-4507,s3,no_recursion,3,2,3.7908741022812613,,,0,SPEAKER_02,3
real,400.0,long_00005_3570-908-4507,s2,no_recursion,3,1,2.1130959814211354,,,0,SPEAKER_00,3
real,400.0,long_00005_3570-908-4507,s2,no_recursion,3,2,0.1040252294111249,,,0,SPEAKER_00,3
real,400.0,long_00005_3570-908-4507,s1,ungated_deflation,3,1,16.944053249052168,0,0,0,SPEAKER_01,3
real,400.0,long_00005_3570-908-4507,s1,ungated_deflation,3,2,4.346069866542851,0,0,0,SPEAKER_01,3
real,400.0,long_00005_3570-908-4507,s3,ungated_deflation,3,1,9.882224339854883,2,2,0,SPEAKER_02,3
real,400.0,long_00005_3570-908-4507,s3,ungated_deflation,3,2,-2.936163172092775,2,2,0,SPEAKER_02,3
real,400.0,long_00005_3570-908-4507,s2,ungated_deflation,3,1,-1.2124301629998833,1,1,0,SPEAKER_00,3
real,400.0,long_00005_3570-908-4507,s2,ungated_deflation,3,2,1.2315129905519437,1,1,0,SPEAKER_00,3
real,400.0,long_00005_3570-908-4507,s1,gated_deflation,3,1,16.944053249052168,0,0,0,SPEAKER_01,3
real,400.0,long_00005_3570-908-4507,s1,gated_deflation,3,2,4.346069866542851,0,0,0,SPEAKER_01,3
real,400.0,long_00005_3570-908-4507,s3,gated_deflation,3,1,9.882224339854883,2,2,0,SPEAKER_02,3
real,400.0,long_00005_3570-908-4507,s3,gated_deflation,3,2,-2.936163172092775,2,2,0,SPEAKER_02,3
real,400.0,long_00005_3570-908-4507,s2,gated_deflation,3,1,-1.2124301629998833,1,1,0,SPEAKER_00,3
real,400.0,long_00005_3570-908-4507,s2,gated_deflation,3,2,1.2315129905519437,1,1,0,SPEAKER_00,3
real,400.0,long_00005_3570-908-4507,s1,coarse_to_fine,3,1,16.944053249052168,,,0,SPEAKER_01,3
real,400.0,long_00005_3570-908-4507,s1,coarse_to_fine,3,2,4.346069866542851,,,0,SPEAKER_01,3
real,400.0,long_00005_3570-908-4507,s3,coarse_to_fine,3,1,9.199150254168517,,,0,SPEAKER_02,3
real,400.0,long_00005_3570-908-4507,s3,coarse_to_fine,3,2,3.7908741022812613,,,0,SPEAKER_02,3
real,400.0,long_00005_3570-908-4507,s2,coarse_to_fine,3,1,2.1130959814211354,,,0,SPEAKER_00,3
real,400.0,long_00005_3570-908-4507,s2,coarse_to_fine,3,2,0.1040252294111249,,,0,SPEAKER_00,3
oracle,0.0,long_00006_1089-8230-7176,s1,no_recursion,3,1,64.36516784153939,,,0,s1,3
oracle,0.0,long_00006_1089-8230-7176,s1,no_recursion,3,2,-1.252133055406596,,,0,s1,3
oracle,0.0,long_00006_1089-8230-7176,s2,no_recursion,3,1,43.83551706555353,,,0,s2,3
oracle,0.0,long_00006_1089-8230-7176,s2,no_recursion,3,2,0.4434365766519349,,,0,s2,3
oracle,0.0,long_00006_1089-8230-7176,s3,no_recursion,3,1,50.0241209356217,,,0,s3,3
oracle,0.0,long_00006_1089-8230-7176,s3,no_recursion,3,2,0.2318433162356176,,,0,s3,3
oracle,0.0,long_00006_1089-8230-7176,s1,ungated_deflation,3,1,64.36516784153939,0,0,0,s1,3
oracle,0.0,long_00006_1089-8230-7176,s1,ungated_deflation,3,2,-1.252133055406596,0,0,0,s1,3
oracle,0.0,long_00006_1089-8230-7176,s2,ungated_deflation,3,1,42.15394766633649,1,1,0,s2,3
oracle,0.0,long_00006_1089-8230-7176,s2,ungated_deflation,3,2,-2.6196077107378017,1,1,0,s2,3
oracle,0.0,long_00006_1089-8230-7176,s3,ungated_deflation,3,1,39.83213760201701,2,2,0,s3,3
oracle,0.0,long_00006_1089-8230-7176,s3,ungated_deflation,3,2,-2.3262512786556186,2,2,0,s3,3
oracle,0.0,long_00006_1089-8230-7176,s1,gated_deflation,3,1,64.36516784153939,0,0,0,s1,3
oracle,0.0,long_00006_1089-8230-7176,s1,gated_deflation,3,2,-1.252133055406596,0,0,0,s1,3
oracle,0.0,long_00006_1089-8230-7176,s2,gated_deflation,3,1,42.15394766633649,1,1,0,s2,3
oracle,0.0,long_00006_1089-8230-7176,s2,gated_deflation,3,2,-2.6196077107378017,1,1,0,s2,3
oracle,0.0,long_00006_1089-8230-7176,s3,gated_deflation,3,1,39.83213760201701,2,2,0,s3,3
oracle,0.0,long_00006_1089-8230-7176,s3,gated_deflation,3,2,-2.3262512786556186,2,2,0,s3,3
oracle,0.0,long_00006_1089-8230-7176,s1,coarse_to_fine,3,1,64.36516784153939,,,0,s1,3
oracle,0.0,long_00006_1089-8230-7176,s1,coarse_to_fine,3,2,-1.252133055406596,,,0,s1,3
oracle,0.0,long_00006_1089-8230-7176,s2,coarse_to_fine,3,1,43.83551706555353,,,0,s2,3
oracle,0.0,long_00006_1089-8230-7176,s2,coarse_to_fine,3,2,0.4434365766519349,,,0,s2,3
oracle,0.0,long_00006_1089-8230-7176,s3,coarse_to_fine,3,1,50.0241209356217,,,0,s3,3
oracle,0.0,long_00006_1089-8230-7176,s3,coarse_to_fine,3,2,0.2318433162356176,,,0,s3,3
oracle,400.0,long_00006_1089-8230-7176,s1,no_recursion,3,1,4.4159629916149505,,,0,s1,3
oracle,400.0,long_00006_1089-8230-7176,s1,no_recursion,3,2,-1.1712971043662883,,,0,s1,3
oracle,400.0,long_00006_1089-8230-7176,s2,no_recursion,3,1,-6.265669536878717,,,0,s2,3
oracle,400.0,long_00006_1089-8230-7176,s2,no_recursion,3,2,0.295072886078947,,,0,s2,3
oracle,400.0,long_00006_1089-8230-7176,s3,no_recursion,3,1,7.363528796812138,,,0,s3,3
oracle,400.0,long_00006_1089-8230-7176,s3,no_recursion,3,2,0.1268164037466778,,,0,s3,3
oracle,400.0,long_00006_1089-8230-7176,s1,ungated_deflation,3,1,4.4159629916149505,0,0,0,s1,3
oracle,400.0,long_00006_1089-8230-7176,s1,ungated_deflation,3,2,-1.1712971043662883,0,0,0,s1,3
oracle,400.0,long_00006_1089-8230-7176,s2,ungated_deflation,3,1,0.264268575368637,1,1,0,s2,3
oracle,400.0,long_00006_1089-8230-7176,s2,ungated_deflation,3,2,-2.5651632653699483,1,1,0,s2,3
oracle,400.0,long_00006_1089-8230-7176,s3,ungated_deflation,3,1,8.288783312908892,2,2,0,s3,3
oracle,400.0,long_00006_1089-8230-7176,s3,ungated_deflation,3,2,-2.21457418640618,2,2,0,s3,3
oracle,400.0,long_00006_1089-8230-7176,s1,gated_deflation,3,1,4.4159629916149505,0,0,0,s1,3
oracle,400.0,long_00006_1089-8230-7176,s1,gated_deflation,3,2,-1.1712971043662883,0,0,0,s1,3
oracle,400.0,long_00006_1089-8230-7176,s2,gated_deflation,3,1,0.264268575368637,1,1,0,s2,3
oracle,400.0,long_00006_1089-8230-7176,s2,gated_deflation,3,2,-2.5651632653699483,1,1,0,s2,3
oracle,400.0,long_00006_1089-8230-7176,s3,gated_deflation,3,1,8.288783312908892,2,2,0,s3,3
oracle,400.0,long_00006_1089-8230-7176,s3,gated_deflation,3,2,-2.21457418640618,2,2,0,s3,3
oracle,400.0,long_00006_1089-8230-7176,s1,coarse_to_fine,3,1,4.4159629916149505,,,0,s1,3
oracle,400.0,long_00006_1089-8230-7176,s1,coarse_to_fine,3,2,-1.1712971043662883,,,0,s1,3
oracle,400.0,long_00006_1089-8230-7176,s2,coarse_to_fine,3,1,-6.265669536878717,,,0,s2,3
oracle,400.0,long_00006_1089-8230-7176,s2,coarse_to_fine,3,2,0.295072886078947,,,0,s2,3
oracle,400.0,long_00006_1089-8230-7176,s3,coarse_to_fine,3,1,7.363528796812138,,,0,s3,3
oracle,400.0,long_00006_1089-8230-7176,s3,coarse_to_fine,3,2,0.1268164037466778,,,0,s3,3
real,0.0,long_00006_1089-8230-7176,s1,no_recursion,3,1,63.870749824962886,,,0,SPEAKER_02,3
real,0.0,long_00006_1089-8230-7176,s1,no_recursion,3,2,-3.7813319635939733,,,0,SPEAKER_02,3
real,0.0,long_00006_1089-8230-7176,s2,no_recursion,3,1,inf,,,0,SPEAKER_01,3
real,0.0,long_00006_1089-8230-7176,s2,no_recursion,3,2,-0.9686794857568632,,,0,SPEAKER_01,3
real,0.0,long_00006_1089-8230-7176,s3,no_recursion,3,1,52.05798779985636,,,0,SPEAKER_00,3
real,0.0,long_00006_1089-8230-7176,s3,no_recursion,3,2,-2.196124096570017,,,0,SPEAKER_00,3
real,0.0,long_00006_1089-8230-7176,s1,ungated_deflation,3,1,63.870749824962886,2,2,0,SPEAKER_02,3
real,0.0,long_00006_1089-8230-7176,s1,ungated_deflation,3,2,-5.792537068447269,2,2,0,SPEAKER_02,3
real,0.0,long_00006_1089-8230-7176,s2,ungated_deflation,3,1,inf,1,1,0,SPEAKER_01,3
real,0.0,long_00006_1089-8230-7176,s2,ungated_deflation,3,2,-4.991533262884212,1,1,0,SPEAKER_01,3
real,0.0,long_00006_1089-8230-7176,s3,ungated_deflation,3,1,52.05798779985636,0,0,0,SPEAKER_00,3
real,0.0,long_00006_1089-8230-7176,s3,ungated_deflation,3,2,-2.196124096570017,0,0,0,SPEAKER_00,3
real,0.0,long_00006_1089-8230-7176,s1,gated_deflation,3,1,63.870749824962886,2,1,0,SPEAKER_02,3
real,0.0,long_00006_1089-8230-7176,s1,gated_deflation,3,2,-4.7165062374134,2,1,0,SPEAKER_02,3
real,0.0,long_00006_1089-8230-7176,s2,gated_deflation,3,1,inf,1,1,0,SPEAKER_01,3
real,0.0,long_00006_1089-8230-7176,s2,gated_deflation,3,2,-4.991533262884212,1,1,0,SPEAKER_01,3
real,0.0,long_00006_1089-8230-7176,s3,gated_deflation,3,1,52.05798779985636,0,0,0,SPEAKER_00,3
real,0.0,long_00006_1089-8230-7176,s3,gated_deflation,3,2,-2.196124096570017,0,0,0,SPEAKER_00,3
real,0.0,long_00006_1089-8230-7176,s1,coarse_to_fine,3,1,63.870749824962886,,,0,SPEAKER_02,3
real,0.0,long_00006_1089-8230-7176,s1,coarse_to_fine,3,2,-3.7813319635939733,,,0,SPEAKER_02,3
real,0.0,long_00006_1089-8230-7176,s2,coarse_to_fine,3,1,inf,,,0,SPEAKER_01,3
real,0.0,long_00006_1089-8230-7176,s2,coarse_to_fine,3,2,-0.9686794857568632,,,0,SPEAKER_01,3
real,0.0,long_00006_1089-8230-7176,s3,coarse_to_fine,3,1,52.05798779985636,,,0,SPEAKER_00,3
real,0.0,long_00006_1089-8230-7176,s3,coarse_to_fine,3,2,-2.196124096570017,,,0,SPEAKER_00,3
real,400.0,long_00006_1089-8230-7176,s1,no_recursion,3,1,63.870749824962886,,,0,SPEAKER_02,3
real,400.0,long_00006_1089-8230-7176,s1,no_recursion,3,2,-1.8461519409917673,,,0,SPEAKER_02,3
real,400.0,long_00006_1089-8230-7176,s2,no_recursion,3,1,-1.7303171592171107,,,0,SPEAKER_01,3
real,400.0,long_00006_1089-8230-7176,s2,no_recursion,3,2,-0.2734223236128775,,,0,SPEAKER_01,3
real,400.0,long_00006_1089-8230-7176,s3,no_recursion,3,1,52.05798779985636,,,0,SPEAKER_00,3
real,400.0,long_00006_1089-8230-7176,s3,no_recursion,3,2,0.08710498314188202,,,0,SPEAKER_00,3
real,400.0,long_00006_1089-8230-7176,s1,ungated_deflation,3,1,63.870749824962886,2,2,0,SPEAKER_02,3
real,400.0,long_00006_1089-8230-7176,s1,ungated_deflation,3,2,-3.951438103639953,2,2,0,SPEAKER_02,3
real,400.0,long_00006_1089-8230-7176,s2,ungated_deflation,3,1,-1.7303171592171107,0,0,0,SPEAKER_01,3
real,400.0,long_00006_1089-8230-7176,s2,ungated_deflation,3,2,-0.2734223236128775,0,0,0,SPEAKER_01,3
real,400.0,long_00006_1089-8230-7176,s3,ungated_deflation,3,1,52.05798779985636,1,1,0,SPEAKER_00,3
real,400.0,long_00006_1089-8230-7176,s3,ungated_deflation,3,2,-1.7386229095542078,1,1,0,SPEAKER_00,3
real,400.0,long_00006_1089-8230-7176,s1,gated_deflation,3,1,63.870749824962886,2,1,0,SPEAKER_02,3
real,400.0,long_00006_1089-8230-7176,s1,gated_deflation,3,2,-2.6146465228455935,2,1,0,SPEAKER_02,3
real,400.0,long_00006_1089-8230-7176,s2,gated_deflation,3,1,-1.7303171592171107,0,0,0,SPEAKER_01,3
real,400.0,long_00006_1089-8230-7176,s2,gated_deflation,3,2,-0.2734223236128775,0,0,0,SPEAKER_01,3
real,400.0,long_00006_1089-8230-7176,s3,gated_deflation,3,1,52.05798779985636,1,0,0,SPEAKER_00,3
real,400.0,long_00006_1089-8230-7176,s3,gated_deflation,3,2,0.08710498314188202,1,0,0,SPEAKER_00,3
real,400.0,long_00006_1089-8230-7176,s1,coarse_to_fine,3,1,63.870749824962886,,,0,SPEAKER_02,3
real,400.0,long_00006_1089-8230-7176,s1,coarse_to_fine,3,2,-1.8461519409917673,,,0,SPEAKER_02,3
real,400.0,long_00006_1089-8230-7176,s2,coarse_to_fine,3,1,-1.7303171592171107,,,0,SPEAKER_01,3
real,400.0,long_00006_1089-8230-7176,s2,coarse_to_fine,3,2,-0.2734223236128775,,,0,SPEAKER_01,3
real,400.0,long_00006_1089-8230-7176,s3,coarse_to_fine,3,1,52.05798779985636,,,0,SPEAKER_00,3
real,400.0,long_00006_1089-8230-7176,s3,coarse_to_fine,3,2,0.08710498314188202,,,0,SPEAKER_00,3
oracle,0.0,long_00007_1188-4077-121,s1,no_recursion,3,1,49.88188180238837,,,0,s1,3
oracle,0.0,long_00007_1188-4077-121,s1,no_recursion,3,2,0.9507188610367492,,,0,s1,3
oracle,0.0,long_00007_1188-4077-121,s2,no_recursion,3,1,57.40255969763243,,,0,s2,3
oracle,0.0,long_00007_1188-4077-121,s2,no_recursion,3,2,0.4829497759633799,,,0,s2,3
oracle,0.0,long_00007_1188-4077-121,s3,no_recursion,3,1,81.5938737616413,,,0,s3,3
oracle,0.0,long_00007_1188-4077-121,s3,no_recursion,3,2,-4.463558127248376,,,0,s3,3
oracle,0.0,long_00007_1188-4077-121,s1,ungated_deflation,3,1,49.88188180238837,0,0,0,s1,3
oracle,0.0,long_00007_1188-4077-121,s1,ungated_deflation,3,2,0.9507188610367492,0,0,0,s1,3
oracle,0.0,long_00007_1188-4077-121,s2,ungated_deflation,3,1,56.03092597204252,1,1,0,s2,3
oracle,0.0,long_00007_1188-4077-121,s2,ungated_deflation,3,2,-1.5874956859036706,1,1,0,s2,3
oracle,0.0,long_00007_1188-4077-121,s3,ungated_deflation,3,1,72.15942298986313,2,2,0,s3,3
oracle,0.0,long_00007_1188-4077-121,s3,ungated_deflation,3,2,-6.923898139685343,2,2,0,s3,3
oracle,0.0,long_00007_1188-4077-121,s1,gated_deflation,3,1,49.88188180238837,0,0,0,s1,3
oracle,0.0,long_00007_1188-4077-121,s1,gated_deflation,3,2,0.9507188610367492,0,0,0,s1,3
oracle,0.0,long_00007_1188-4077-121,s2,gated_deflation,3,1,56.03092597204252,1,1,0,s2,3
oracle,0.0,long_00007_1188-4077-121,s2,gated_deflation,3,2,-1.5874956859036706,1,1,0,s2,3
oracle,0.0,long_00007_1188-4077-121,s3,gated_deflation,3,1,72.15942298986313,2,2,0,s3,3
oracle,0.0,long_00007_1188-4077-121,s3,gated_deflation,3,2,-6.923898139685343,2,2,0,s3,3
oracle,0.0,long_00007_1188-4077-121,s1,coarse_to_fine,3,1,49.88188180238837,,,0,s1,3
oracle,0.0,long_00007_1188-4077-121,s1,coarse_to_fine,3,2,0.9507188610367492,,,0,s1,3
oracle,0.0,long_00007_1188-4077-121,s2,coarse_to_fine,3,1,57.40255969763243,,,0,s2,3
oracle,0.0,long_00007_1188-4077-121,s2,coarse_to_fine,3,2,0.4829497759633799,,,0,s2,3
oracle,0.0,long_00007_1188-4077-121,s3,coarse_to_fine,3,1,81.5938737616413,,,0,s3,3
oracle,0.0,long_00007_1188-4077-121,s3,coarse_to_fine,3,2,-4.463558127248376,,,0,s3,3
oracle,400.0,long_00007_1188-4077-121,s1,no_recursion,3,1,4.121425784962777,,,0,s1,3
oracle,400.0,long_00007_1188-4077-121,s1,no_recursion,3,2,0.9300314780284068,,,0,s1,3
oracle,400.0,long_00007_1188-4077-121,s2,no_recursion,3,1,7.94600914550171,,,0,s2,3
oracle,400.0,long_00007_1188-4077-121,s2,no_recursion,3,2,0.37872798972916005,,,0,s2,3
oracle,400.0,long_00007_1188-4077-121,s3,no_recursion,3,1,10.551429204690649,,,0,s3,3
oracle,400.0,long_00007_1188-4077-121,s3,no_recursion,3,2,-4.363590173705017,,,0,s3,3
oracle,400.0,long_00007_1188-4077-121,s1,ungated_deflation,3,1,4.121425784962777,0,0,0,s1,3
oracle,400.0,long_00007_1188-4077-121,s1,ungated_deflation,3,2,0.9300314780284068,0,0,0,s1,3
oracle,400.0,long_00007_1188-4077-121,s2,ungated_deflation,3,1,5.893678175508658,1,1,0,s2,3
oracle,400.0,long_00007_1188-4077-121,s2,ungated_deflation,3,2,-1.5195145104567043,1,1,0,s2,3
oracle,400.0,long_00007_1188-4077-121,s3,ungated_deflation,3,1,12.702593334653471,2,2,0,s3,3
oracle,400.0,long_00007_1188-4077-121,s3,ungated_deflation,3,2,-6.816859678319455,2,2,0,s3,3
oracle,400.0,long_00007_1188-4077-121,s1,gated_deflation,3,1,4.121425784962777,0,0,0,s1,3
oracle,400.0,long_00007_1188-4077-121,s1,gated_deflation,3,2,0.9300314780284068,0,0,0,s1,3
oracle,400.0,long_00007_1188-4077-121,s2,gated_deflation,3,1,5.893678175508658,1,1,0,s2,3
oracle,400.0,long_00007_1188-4077-121,s2,gated_deflation,3,2,-1.5195145104567043,1,1,0,s2,3
oracle,400.0,long_00007_1188-4077-121,s3,gated_deflation,3,1,12.702593334653471,2,2,0,s3,3
oracle,400.0,long_00007_1188-4077-121,s3,gated_deflation,3,2,-6.816859678319455,2,2,0,s3,3
oracle,400.0,long_00007_1188-4077-121,s1,coarse_to_fine,3,1,4.121425784962777,,,0,s1,3
oracle,400.0,long_00007_1188-4077-121,s1,coarse_to_fine,3,2,0.9300314780284068,,,0,s1,3
oracle,400.0,long_00007_1188-4077-121,s2,coarse_to_fine,3,1,7.94600914550171,,,0,s2,3
oracle,400.0,long_00007_1188-4077-121,s2,coarse_to_fine,3,2,0.37872798972916005,,,0,s2,3
oracle,400.0,long_00007_1188-4077-121,s3,coarse_to_fine,3,1,10.551429204690649,,,0,s3,3
oracle,400.0,long_00007_1188-4077-121,s3,coarse_to_fine,3,2,-4.363590173705017,,,0,s3,3
real,0.0,long_00007_1188-4077-121,s1,no_recursion,3,1,33.04690987612828,,,0,SPEAKER_00,3
real,0.0,long_00007_1188-4077-121,s1,no_recursion,3,2,-0.5457868933020809,,,0,SPEAKER_00,3
real,0.0,long_00007_1188-4077-121,s2,no_recursion,3,1,inf,,,0,SPEAKER_01,3
real,0.0,long_00007_1188-4077-121,s2,no_recursion,3,2,-0.30695049237694016,,,0,SPEAKER_01,3
real,0.0,long_00007_1188-4077-121,s3,no_recursion,3,1,41.71667324131538,,,0,SPEAKER_02,3
real,0.0,long_00007_1188-4077-121,s3,no_recursion,3,2,-4.48850070574159,,,0,SPEAKER_02,3
real,0.0,long_00007_1188-4077-121,s1,ungated_deflation,3,1,33.04690987612828,0,0,0,SPEAKER_00,3
real,0.0,long_00007_1188-4077-121,s1,ungated_deflation,3,2,-0.5457868933020809,0,0,0,SPEAKER_00,3
real,0.0,long_00007_1188-4077-121,s2,ungated_deflation,3,1,inf,2,2,0,SPEAKER_01,3
real,0.0,long_00007_1188-4077-121,s2,ungated_deflation,3,2,0.23758491267881737,2,2,0,SPEAKER_01,3
real,0.0,long_00007_1188-4077-121,s3,ungated_deflation,3,1,41.71667324131538,1,1,0,SPEAKER_02,3
real,0.0,long_00007_1188-4077-121,s3,ungated_deflation,3,2,-6.871496297887726,1,1,0,SPEAKER_02,3
real,0.0,long_00007_1188-4077-121,s1,gated_deflation,3,1,33.04690987612828,0,0,0,SPEAKER_00,3
real,0.0,long_00007_1188-4077-121,s1,gated_deflation,3,2,-0.5457868933020809,0,0,0,SPEAKER_00,3
real,0.0,long_00007_1188-4077-121,s2,gated_deflation,3,1,inf,2,2,0,SPEAKER_01,3
real,0.0,long_00007_1188-4077-121,s2,gated_deflation,3,2,0.23758491267881737,2,2,0,SPEAKER_01,3
real,0.0,long_00007_1188-4077-121,s3,gated_deflation,3,1,41.71667324131538,1,1,0,SPEAKER_02,3
real,0.0,long_00007_1188-4077-121,s3,gated_deflation,3,2,-6.871496297887726,1,1,0,SPEAKER_02,3
real,0.0,long_00007_1188-4077-121,s1,coarse_to_fine,3,1,33.04690987612828,,,0,SPEAKER_00,3
real,0.0,long_00007_1188-4077-121,s1,coarse_to_fine,3,2,-0.5457868933020809,,,0,SPEAKER_00,3
real,0.0,long_00007_1188-4077-121,s2,coarse_to_fine,3,1,inf,,,0,SPEAKER_01,3
real,0.0,long_00007_1188-4077-121,s2,coarse_to_fine,3,2,-0.30695049237694016,,,0,SPEAKER_01,3
real,0.0,long_00007_1188-4077-121,s3,coarse_to_fine,3,1,41.71667324131538,,,0,SPEAKER_02,3
real,0.0,long_00007_1188-4077-121,s3,coarse_to_fine,3,2,-4.48850070574159,,,0,SPEAKER_02,3
real,400.0,long_00007_1188-4077-121,s1,no_recursion,3,1,11.81305275749693,,,0,SPEAKER_00,3
real,400.0,long_00007_1188-4077-121,s1,no_recursion,3,2,0.8335733502835853,,,0,SPEAKER_00,3
real,400.0,long_00007_1188-4077-121,s2,no_recursion,3,1,37.515701287936515,,,0,SPEAKER_01,3
real,400.0,long_00007_1188-4077-121,s2,no_recursion,3,2,0.7280202141075988,,,0,SPEAKER_01,3
real,400.0,long_00007_1188-4077-121,s3,no_recursion,3,1,41.71667324131538,,,0,SPEAKER_02,3
real,400.0,long_00007_1188-4077-121,s3,no_recursion,3,2,-4.166237287325717,,,0,SPEAKER_02,3
real,400.0,long_00007_1188-4077-121,s1,ungated_deflation,3,1,11.81305275749693,0,0,0,SPEAKER_00,3
real,400.0,long_00007_1188-4077-121,s1,ungated_deflation,3,2,0.8335733502835853,0,0,0,SPEAKER_00,3
real,400.0,long_00007_1188-4077-121,s2,ungated_deflation,3,1,37.37514881869505,1,1,0,SPEAKER_01,3
real,400.0,long_00007_1188-4077-121,s2,ungated_deflation,3,2,-3.171635764959318,1,1,0,SPEAKER_01,3
real,400.0,long_00007_1188-4077-121,s3,ungated_deflation,3,1,41.71667324131538,2,2,0,SPEAKER_02,3
real,400.0,long_00007_1188-4077-121,s3,ungated_deflation,3,2,-7.475398230879974,2,2,0,SPEAKER_02,3
real,400.0,long_00007_1188-4077-121,s1,gated_deflation,3,1,11.81305275749693,0,0,0,SPEAKER_00,3
real,400.0,long_00007_1188-4077-121,s1,gated_deflation,3,2,0.8335733502835853,0,0,0,SPEAKER_00,3
real,400.0,long_00007_1188-4077-121,s2,gated_deflation,3,1,37.37514881869505,1,1,0,SPEAKER_01,3
real,400.0,long_00007_1188-4077-121,s2,gated_deflation,3,2,-3.171635764959318,1,1,0,SPEAKER_01,3
real,400.0,long_00007_1188-4077-121,s3,gated_deflation,3,1,41.71667324131538,2,2,0,SPEAKER_02,3
real,400.0,long_00007_1188-4077-121,s3,gated_deflation,3,2,-7.475398230879974,2,2,0,SPEAKER_02,3
real,400.0,long_00007_1188-4077-121,s1,coarse_to_fine,3,1,11.81305275749693,,,0,SPEAKER_00,3
real,400.0,long_00007_1188-4077-121,s1,coarse_to_fine,3,2,0.8335733502835853,,,0,SPEAKER_00,3
real,400.0,long_00007_1188-4077-121,s2,coarse_to_fine,3,1,37.515701287936515,,,0,SPEAKER_01,3
real,400.0,long_00007_1188-4077-121,s2,coarse_to_fine,3,2,0.7280202141075988,,,0,SPEAKER_01,3
real,400.0,long_00007_1188-4077-121,s3,coarse_to_fine,3,1,41.71667324131538,,,0,SPEAKER_02,3
real,400.0,long_00007_1188-4077-121,s3,coarse_to_fine,3,2,-4.166237287325717,,,0,SPEAKER_02,3
oracle,0.0,long_00008_672-5639-121,s1,no_recursion,3,1,73.78418535905104,,,0,s1,3
oracle,0.0,long_00008_672-5639-121,s1,no_recursion,3,2,2.7534681805213963,,,0,s1,3
oracle,0.0,long_00008_672-5639-121,s2,no_recursion,3,1,36.73172283661916,,,0,s2,3
oracle,0.0,long_00008_672-5639-121,s2,no_recursion,3,2,-1.1041529483345671,,,0,s2,3
oracle,0.0,long_00008_672-5639-121,s3,no_recursion,3,1,92.28428791289794,,,0,s3,3
oracle,0.0,long_00008_672-5639-121,s3,no_recursion,3,2,1.858339870625651,,,0,s3,3
oracle,0.0,long_00008_672-5639-121,s1,ungated_deflation,3,1,73.78418535905104,0,0,0,s1,3
oracle,0.0,long_00008_672-5639-121,s1,ungated_deflation,3,2,2.7534681805213963,0,0,0,s1,3
oracle,0.0,long_00008_672-5639-121,s2,ungated_deflation,3,1,34.918392633888075,1,1,0,s2,3
oracle,0.0,long_00008_672-5639-121,s2,ungated_deflation,3,2,-1.6413411992444016,1,1,0,s2,3
oracle,0.0,long_00008_672-5639-121,s3,ungated_deflation,3,1,92.39119243026275,2,2,0,s3,3
oracle,0.0,long_00008_672-5639-121,s3,ungated_deflation,3,2,0.46877379992108203,2,2,0,s3,3
oracle,0.0,long_00008_672-5639-121,s1,gated_deflation,3,1,73.78418535905104,0,0,0,s1,3
oracle,0.0,long_00008_672-5639-121,s1,gated_deflation,3,2,2.7534681805213963,0,0,0,s1,3
oracle,0.0,long_00008_672-5639-121,s2,gated_deflation,3,1,34.918392633888075,1,1,0,s2,3
oracle,0.0,long_00008_672-5639-121,s2,gated_deflation,3,2,-1.6413411992444016,1,1,0,s2,3
oracle,0.0,long_00008_672-5639-121,s3,gated_deflation,3,1,92.39119243026275,2,2,0,s3,3
oracle,0.0,long_00008_672-5639-121,s3,gated_deflation,3,2,0.46877379992108203,2,2,0,s3,3
oracle,0.0,long_00008_672-5639-121,s1,coarse_to_fine,3,1,73.78418535905104,,,0,s1,3
oracle,0.0,long_00008_672-5639-121,s1,coarse_to_fine,3,2,2.7534681805213963,,,0,s1,3
oracle,0.0,long_00008_672-5639-121,s2,coarse_to_fine,3,1,36.73172283661916,,,0,s2,3
oracle,0.0,long_00008_672-5639-121,s2,coarse_to_fine,3,2,-1.1041529483345671,,,0,s2,3
oracle,0.0,long_00008_672-5639-121,s3,coarse_to_fine,3,1,92.28428791289794,,,0,s3,3
oracle,0.0,long_00008_672-5639-121,s3,coarse_to_fine,3,2,1.858339870625651,,,0,s3,3
oracle,400.0,long_00008_672-5639-121,s1,no_recursion,3,1,34.245161872507396,,,0,s1,3
oracle,400.0,long_00008_672-5639-121,s1,no_recursion,3,2,2.7556105947007863,,,0,s1,3
oracle,400.0,long_00008_672-5639-121,s2,no_recursion,3,1,-4.145300552937726,,,0,s2,3
oracle,400.0,long_00008_672-5639-121,s2,no_recursion,3,2,-1.0228748919238355,,,0,s2,3
oracle,400.0,long_00008_672-5639-121,s3,no_recursion,3,1,61.03182770511811,,,0,s3,3
oracle,400.0,long_00008_672-5639-121,s3,no_recursion,3,2,1.8984469211171207,,,0,s3,3
oracle,400.0,long_00008_672-5639-121,s1,ungated_deflation,3,1,34.245161872507396,0,0,0,s1,3
oracle,400.0,long_00008_672-5639-121,s1,ungated_deflation,3,2,2.7556105947007863,0,0,0,s1,3
oracle,400.0,long_00008_672-5639-121,s2,ungated_deflation,3,1,-4.477277792227613,1,1,0,s2,3
oracle,400.0,long_00008_672-5639-121,s2,ungated_deflation,3,2,-1.7303094177967537,1,1,0,s2,3
oracle,400.0,long_00008_672-5639-121,s3,ungated_deflation,3,1,61.03741315670735,2,2,0,s3,3
oracle,400.0,long_00008_672-5639-121,s3,ungated_deflation,3,2,0.3092376497619484,2,2,0,s3,3
oracle,400.0,long_00008_672-5639-121,s1,gated_deflation,3,1,34.245161872507396,0,0,0,s1,3
oracle,400.0,long_00008_672-5639-121,s1,gated_deflation,3,2,2.7556105947007863,0,0,0,s1,3
oracle,400.0,long_00008_672-5639-121,s2,gated_deflation,3,1,-4.477277792227613,1,1,0,s2,3
oracle,400.0,long_00008_672-5639-121,s2,gated_deflation,3,2,-1.7303094177967537,1,1,0,s2,3
oracle,400.0,long_00008_672-5639-121,s3,gated_deflation,3,1,61.03741315670735,2,2,0,s3,3
oracle,400.0,long_00008_672-5639-121,s3,gated_deflation,3,2,0.3092376497619484,2,2,0,s3,3
oracle,400.0,long_00008_672-5639-121,s1,coarse_to_fine,3,1,34.245161872507396,,,0,s1,3
oracle,400.0,long_00008_672-5639-121,s1,coarse_to_fine,3,2,2.7556105947007863,,,0,s1,3
oracle,400.0,long_00008_672-5639-121,s2,coarse_to_fine,3,1,-4.145300552937726,,,0,s2,3
oracle,400.0,long_00008_672-5639-121,s2,coarse_to_fine,3,2,-1.0228748919238355,,,0,s2,3
oracle,400.0,long_00008_672-5639-121,s3,coarse_to_fine,3,1,61.03182770511811,,,0,s3,3
oracle,400.0,long_00008_672-5639-121,s3,coarse_to_fine,3,2,1.8984469211171207,,,0,s3,3
real,0.0,long_00008_672-5639-121,s1,no_recursion,3,1,8.396844913871508,,,0,SPEAKER_02,3
real,0.0,long_00008_672-5639-121,s1,no_recursion,3,2,-2.103905742110279,,,0,SPEAKER_02,3
real,0.0,long_00008_672-5639-121,s2,no_recursion,3,1,1.8989738992081895,,,0,SPEAKER_01,3
real,0.0,long_00008_672-5639-121,s2,no_recursion,3,2,-2.7215157960515715,,,0,SPEAKER_01,3
real,0.0,long_00008_672-5639-121,s3,no_recursion,3,1,40.19769141318867,,,0,SPEAKER_00,3
real,0.0,long_00008_672-5639-121,s3,no_recursion,3,2,-1.4946984588224064,,,0,SPEAKER_00,3
real,0.0,long_00008_672-5639-121,s1,ungated_deflation,3,1,8.396844913871508,2,2,0,SPEAKER_02,3
real,0.0,long_00008_672-5639-121,s1,ungated_deflation,3,2,-1.278089154120151,2,2,0,SPEAKER_02,3
real,0.0,long_00008_672-5639-121,s2,ungated_deflation,3,1,1.8989738992081895,1,1,0,SPEAKER_01,3
real,0.0,long_00008_672-5639-121,s2,ungated_deflation,3,2,-3.959751419164261,1,1,0,SPEAKER_01,3
real,0.0,long_00008_672-5639-121,s3,ungated_deflation,3,1,40.19769141318867,0,0,0,SPEAKER_00,3
real,0.0,long_00008_672-5639-121,s3,ungated_deflation,3,2,-1.4946984588224064,0,0,0,SPEAKER_00,3
real,0.0,long_00008_672-5639-121,s1,gated_deflation,3,1,8.396844913871508,2,2,0,SPEAKER_02,3
real,0.0,long_00008_672-5639-121,s1,gated_deflation,3,2,-1.278089154120151,2,2,0,SPEAKER_02,3
real,0.0,long_00008_672-5639-121,s2,gated_deflation,3,1,1.8989738992081895,1,1,0,SPEAKER_01,3
real,0.0,long_00008_672-5639-121,s2,gated_deflation,3,2,-3.959751419164261,1,1,0,SPEAKER_01,3
real,0.0,long_00008_672-5639-121,s3,gated_deflation,3,1,40.19769141318867,0,0,0,SPEAKER_00,3
real,0.0,long_00008_672-5639-121,s3,gated_deflation,3,2,-1.4946984588224064,0,0,0,SPEAKER_00,3
real,0.0,long_00008_672-5639-121,s1,coarse_to_fine,3,1,8.396844913871508,,,0,SPEAKER_02,3
real,0.0,long_00008_672-5639-121,s1,coarse_to_fine,3,2,-2.103905742110279,,,0,SPEAKER_02,3
real,0.0,long_00008_672-5639-121,s2,coarse_to_fine,3,1,1.8989738992081895,,,0,SPEAKER_01,3
real,0.0,long_00008_672-5639-121,s2,coarse_to_fine,3,2,-2.7215157960515715,,,0,SPEAKER_01,3
real,0.0,long_00008_672-5639-121,s3,coarse_to_fine,3,1,40.19769141318867,,,0,SPEAKER_00,3
real,0.0,long_00008_672-5639-121,s3,coarse_to_fine,3,2,-1.4946984588224064,,,0,SPEAKER_00,3
real,400.0,long_00008_672-5639-121,s1,no_recursion,3,1,8.396844913871508,,,0,SPEAKER_02,3
real,400.0,long_00008_672-5639-121,s1,no_recursion,3,2,-1.5902186093069959,,,0,SPEAKER_02,3
real,400.0,long_00008_672-5639-121,s2,no_recursion,3,1,0.30747058616322,,,0,SPEAKER_01,3
real,400.0,long_00008_672-5639-121,s2,no_recursion,3,2,-1.2906327566432665,,,0,SPEAKER_01,3
real,400.0,long_00008_672-5639-121,s3,no_recursion,3,1,40.19769141318867,,,0,SPEAKER_00,3
real,400.0,long_00008_672-5639-121,s3,no_recursion,3,2,-1.260391430630063,,,0,SPEAKER_00,3
real,400.0,long_00008_672-5639-121,s1,ungated_deflation,3,1,8.396844913871508,2,2,0,SPEAKER_02,3
real,400.0,long_00008_672-5639-121,s1,ungated_deflation,3,2,-1.3435392249827396,2,2,0,SPEAKER_02,3
real,400.0,long_00008_672-5639-121,s2,ungated_deflation,3,1,0.3672629849073209,1,1,0,SPEAKER_01,3
real,400.0,long_00008_672-5639-121,s2,ungated_deflation,3,2,-3.2951290130665596,1,1,0,SPEAKER_01,3
real,400.0,long_00008_672-5639-121,s3,ungated_deflation,3,1,40.19769141318867,0,0,0,SPEAKER_00,3
real,400.0,long_00008_672-5639-121,s3,ungated_deflation,3,2,-1.260391430630063,0,0,0,SPEAKER_00,3
real,400.0,long_00008_672-5639-121,s1,gated_deflation,3,1,8.396844913871508,2,2,0,SPEAKER_02,3
real,400.0,long_00008_672-5639-121,s1,gated_deflation,3,2,-1.3435392249827396,2,2,0,SPEAKER_02,3
real,400.0,long_00008_672-5639-121,s2,gated_deflation,3,1,0.3672629849073209,1,1,0,SPEAKER_01,3
real,400.0,long_00008_672-5639-121,s2,gated_deflation,3,2,-3.2951290130665596,1,1,0,SPEAKER_01,3
real,400.0,long_00008_672-5639-121,s3,gated_deflation,3,1,40.19769141318867,0,0,0,SPEAKER_00,3
real,400.0,long_00008_672-5639-121,s3,gated_deflation,3,2,-1.260391430630063,0,0,0,SPEAKER_00,3
real,400.0,long_00008_672-5639-121,s1,coarse_to_fine,3,1,8.396844913871508,,,0,SPEAKER_02,3
real,400.0,long_00008_672-5639-121,s1,coarse_to_fine,3,2,-1.5902186093069959,,,0,SPEAKER_02,3
real,400.0,long_00008_672-5639-121,s2,coarse_to_fine,3,1,0.30747058616322,,,0,SPEAKER_01,3
real,400.0,long_00008_672-5639-121,s2,coarse_to_fine,3,2,-1.2906327566432665,,,0,SPEAKER_01,3
real,400.0,long_00008_672-5639-121,s3,coarse_to_fine,3,1,40.19769141318867,,,0,SPEAKER_00,3
real,400.0,long_00008_672-5639-121,s3,coarse_to_fine,3,2,-1.260391430630063,,,0,SPEAKER_00,3
oracle,0.0,long_00009_4992-5105-1580,s1,no_recursion,3,1,83.9717438992953,,,0,s1,3
oracle,0.0,long_00009_4992-5105-1580,s1,no_recursion,3,2,4.784400537997416,,,0,s1,3
oracle,0.0,long_00009_4992-5105-1580,s2,no_recursion,3,1,49.98812686390569,,,0,s2,3
oracle,0.0,long_00009_4992-5105-1580,s2,no_recursion,3,2,2.2461652954540066,,,0,s2,3
oracle,0.0,long_00009_4992-5105-1580,s3,no_recursion,3,1,59.28913066463626,,,0,s3,3
oracle,0.0,long_00009_4992-5105-1580,s3,no_recursion,3,2,-0.08459911661976904,,,0,s3,3
oracle,0.0,long_00009_4992-5105-1580,s1,ungated_deflation,3,1,83.9717438992953,0,0,0,s1,3
oracle,0.0,long_00009_4992-5105-1580,s1,ungated_deflation,3,2,4.784400537997416,0,0,0,s1,3
oracle,0.0,long_00009_4992-5105-1580,s2,ungated_deflation,3,1,49.84151858999017,1,1,0,s2,3
oracle,0.0,long_00009_4992-5105-1580,s2,ungated_deflation,3,2,1.3786725196692637,1,1,0,s2,3
oracle,0.0,long_00009_4992-5105-1580,s3,ungated_deflation,3,1,58.90086018439873,2,2,0,s3,3
oracle,0.0,long_00009_4992-5105-1580,s3,ungated_deflation,3,2,1.7475662519370516,2,2,0,s3,3
oracle,0.0,long_00009_4992-5105-1580,s1,gated_deflation,3,1,83.9717438992953,0,0,0,s1,3
oracle,0.0,long_00009_4992-5105-1580,s1,gated_deflation,3,2,4.784400537997416,0,0,0,s1,3
oracle,0.0,long_00009_4992-5105-1580,s2,gated_deflation,3,1,49.84151858999017,1,1,0,s2,3
oracle,0.0,long_00009_4992-5105-1580,s2,gated_deflation,3,2,1.3786725196692637,1,1,0,s2,3
oracle,0.0,long_00009_4992-5105-1580,s3,gated_deflation,3,1,58.90086018439873,2,2,0,s3,3
oracle,0.0,long_00009_4992-5105-1580,s3,gated_deflation,3,2,1.7475662519370516,2,2,0,s3,3
oracle,0.0,long_00009_4992-5105-1580,s1,coarse_to_fine,3,1,83.9717438992953,,,0,s1,3
oracle,0.0,long_00009_4992-5105-1580,s1,coarse_to_fine,3,2,4.784400537997416,,,0,s1,3
oracle,0.0,long_00009_4992-5105-1580,s2,coarse_to_fine,3,1,49.98812686390569,,,0,s2,3
oracle,0.0,long_00009_4992-5105-1580,s2,coarse_to_fine,3,2,2.2461652954540066,,,0,s2,3
oracle,0.0,long_00009_4992-5105-1580,s3,coarse_to_fine,3,1,59.28913066463626,,,0,s3,3
oracle,0.0,long_00009_4992-5105-1580,s3,coarse_to_fine,3,2,-0.08459911661976904,,,0,s3,3
oracle,400.0,long_00009_4992-5105-1580,s1,no_recursion,3,1,21.518003774692886,,,0,s1,3
oracle,400.0,long_00009_4992-5105-1580,s1,no_recursion,3,2,4.791922125663879,,,0,s1,3
oracle,400.0,long_00009_4992-5105-1580,s2,no_recursion,3,1,3.6760231346242094,,,0,s2,3
oracle,400.0,long_00009_4992-5105-1580,s2,no_recursion,3,2,2.1100044548632937,,,0,s2,3
oracle,400.0,long_00009_4992-5105-1580,s3,no_recursion,3,1,1.4075783216487623,,,0,s3,3
oracle,400.0,long_00009_4992-5105-1580,s3,no_recursion,3,2,-0.005453455352021608,,,0,s3,3
oracle,400.0,long_00009_4992-5105-1580,s1,ungated_deflation,3,1,21.518003774692886,0,0,0,s1,3
oracle,400.0,long_00009_4992-5105-1580,s1,ungated_deflation,3,2,4.791922125663879,0,0,0,s1,3
oracle,400.0,long_00009_4992-5105-1580,s2,ungated_deflation,3,1,2.485122167499071,1,1,0,s2,3
oracle,400.0,long_00009_4992-5105-1580,s2,ungated_deflation,3,2,1.415495942357062,1,1,0,s2,3
oracle,400.0,long_00009_4992-5105-1580,s3,ungated_deflation,3,1,-3.984743379069563,2,2,0,s3,3
oracle,400.0,long_00009_4992-5105-1580,s3,ungated_deflation,3,2,1.6616662650037874,2,2,0,s3,3
oracle,400.0,long_00009_4992-5105-1580,s1,gated_deflation,3,1,21.518003774692886,0,0,0,s1,3
oracle,400.0,long_00009_4992-5105-1580,s1,gated_deflation,3,2,4.791922125663879,0,0,0,s1,3
oracle,400.0,long_00009_4992-5105-1580,s2,gated_deflation,3,1,2.485122167499071,1,1,0,s2,3
oracle,400.0,long_00009_4992-5105-1580,s2,gated_deflation,3,2,1.415495942357062,1,1,0,s2,3
oracle,400.0,long_00009_4992-5105-1580,s3,gated_deflation,3,1,-3.984743379069563,2,2,0,s3,3
oracle,400.0,long_00009_4992-5105-1580,s3,gated_deflation,3,2,1.6616662650037874,2,2,0,s3,3
oracle,400.0,long_00009_4992-5105-1580,s1,coarse_to_fine,3,1,21.518003774692886,,,0,s1,3
oracle,400.0,long_00009_4992-5105-1580,s1,coarse_to_fine,3,2,4.791922125663879,,,0,s1,3
oracle,400.0,long_00009_4992-5105-1580,s2,coarse_to_fine,3,1,3.6760231346242094,,,0,s2,3
oracle,400.0,long_00009_4992-5105-1580,s2,coarse_to_fine,3,2,2.1100044548632937,,,0,s2,3
oracle,400.0,long_00009_4992-5105-1580,s3,coarse_to_fine,3,1,1.4075783216487623,,,0,s3,3
oracle,400.0,long_00009_4992-5105-1580,s3,coarse_to_fine,3,2,-0.005453455352021608,,,0,s3,3
real,0.0,long_00009_4992-5105-1580,s1,no_recursion,3,1,48.22443273275172,,,0,SPEAKER_02,3
real,0.0,long_00009_4992-5105-1580,s1,no_recursion,3,2,0.6206641524391698,,,0,SPEAKER_02,3
real,0.0,long_00009_4992-5105-1580,s2,no_recursion,3,1,27.343467594537174,,,0,SPEAKER_00,3
real,0.0,long_00009_4992-5105-1580,s2,no_recursion,3,2,0.376060116854383,,,0,SPEAKER_00,3
real,0.0,long_00009_4992-5105-1580,s3,no_recursion,3,1,38.58349878568745,,,0,SPEAKER_01,3
real,0.0,long_00009_4992-5105-1580,s3,no_recursion,3,2,-2.8646480224729376,,,0,SPEAKER_01,3
real,0.0,long_00009_4992-5105-1580,s1,ungated_deflation,3,1,48.22443273275172,1,1,0,SPEAKER_02,3
real,0.0,long_00009_4992-5105-1580,s1,ungated_deflation,3,2,0.4951478162765078,1,1,0,SPEAKER_02,3
real,0.0,long_00009_4992-5105-1580,s2,ungated_deflation,3,1,27.343467594537174,0,0,0,SPEAKER_00,3
real,0.0,long_00009_4992-5105-1580,s2,ungated_deflation,3,2,0.376060116854383,0,0,0,SPEAKER_00,3
real,0.0,long_00009_4992-5105-1580,s3,ungated_deflation,3,1,38.58349878568745,2,2,0,SPEAKER_01,3
real,0.0,long_00009_4992-5105-1580,s3,ungated_deflation,3,2,-0.803234176859873,2,2,0,SPEAKER_01,3
real,0.0,long_00009_4992-5105-1580,s1,gated_deflation,3,1,48.22443273275172,1,1,0,SPEAKER_02,3
real,0.0,long_00009_4992-5105-1580,s1,gated_deflation,3,2,0.4951478162765078,1,1,0,SPEAKER_02,3
real,0.0,long_00009_4992-5105-1580,s2,gated_deflation,3,1,27.343467594537174,0,0,0,SPEAKER_00,3
real,0.0,long_00009_4992-5105-1580,s2,gated_deflation,3,2,0.376060116854383,0,0,0,SPEAKER_00,3
real,0.0,long_00009_4992-5105-1580,s3,gated_deflation,3,1,38.58349878568745,2,2,0,SPEAKER_01,3
real,0.0,long_00009_4992-5105-1580,s3,gated_deflation,3,2,-0.803234176859873,2,2,0,SPEAKER_01,3
real,0.0,long_00009_4992-5105-1580,s1,coarse_to_fine,3,1,48.22443273275172,,,0,SPEAKER_02,3
real,0.0,long_00009_4992-5105-1580,s1,coarse_to_fine,3,2,0.6206641524391698,,,0,SPEAKER_02,3
real,0.0,long_00009_4992-5105-1580,s2,coarse_to_fine,3,1,27.343467594537174,,,0,SPEAKER_00,3
real,0.0,long_00009_4992-5105-1580,s2,coarse_to_fine,3,2,0.376060116854383,,,0,SPEAKER_00,3
real,0.0,long_00009_4992-5105-1580,s3,coarse_to_fine,3,1,38.58349878568745,,,0,SPEAKER_01,3
real,0.0,long_00009_4992-5105-1580,s3,coarse_to_fine,3,2,-2.8646480224729376,,,0,SPEAKER_01,3
real,400.0,long_00009_4992-5105-1580,s1,no_recursion,3,1,48.22443273275172,,,0,SPEAKER_02,3
real,400.0,long_00009_4992-5105-1580,s1,no_recursion,3,2,3.2578448864849574,,,0,SPEAKER_02,3
real,400.0,long_00009_4992-5105-1580,s2,no_recursion,3,1,6.205799779281865,,,0,SPEAKER_00,3
real,400.0,long_00009_4992-5105-1580,s2,no_recursion,3,2,2.7521964450590874,,,0,SPEAKER_00,3
real,400.0,long_00009_4992-5105-1580,s3,no_recursion,3,1,38.58349878568745,,,0,SPEAKER_01,3
real,400.0,long_00009_4992-5105-1580,s3,no_recursion,3,2,1.323417788729114,,,0,SPEAKER_01,3
real,400.0,long_00009_4992-5105-1580,s1,ungated_deflation,3,1,48.22443273275172,1,1,0,SPEAKER_02,3
real,400.0,long_00009_4992-5105-1580,s1,ungated_deflation,3,2,3.349294516201295,1,1,0,SPEAKER_02,3
real,400.0,long_00009_4992-5105-1580,s2,ungated_deflation,3,1,6.205799779281865,0,0,0,SPEAKER_00,3
real,400.0,long_00009_4992-5105-1580,s2,ungated_deflation,3,2,2.7521964450590874,0,0,0,SPEAKER_00,3
real,400.0,long_00009_4992-5105-1580,s3,ungated_deflation,3,1,38.58349878568745,2,2,0,SPEAKER_01,3
real,400.0,long_00009_4992-5105-1580,s3,ungated_deflation,3,2,1.3283213568462537,2,2,0,SPEAKER_01,3
real,400.0,long_00009_4992-5105-1580,s1,gated_deflation,3,1,48.22443273275172,1,1,0,SPEAKER_02,3
real,400.0,long_00009_4992-5105-1580,s1,gated_deflation,3,2,3.349294516201295,1,1,0,SPEAKER_02,3
real,400.0,long_00009_4992-5105-1580,s2,gated_deflation,3,1,6.205799779281865,0,0,0,SPEAKER_00,3
real,400.0,long_00009_4992-5105-1580,s2,gated_deflation,3,2,2.7521964450590874,0,0,0,SPEAKER_00,3
real,400.0,long_00009_4992-5105-1580,s3,gated_deflation,3,1,38.58349878568745,2,2,0,SPEAKER_01,3
real,400.0,long_00009_4992-5105-1580,s3,gated_deflation,3,2,1.3283213568462537,2,2,0,SPEAKER_01,3
real,400.0,long_00009_4992-5105-1580,s1,coarse_to_fine,3,1,48.22443273275172,,,0,SPEAKER_02,3
real,400.0,long_00009_4992-5105-1580,s1,coarse_to_fine,3,2,3.2578448864849574,,,0,SPEAKER_02,3
real,400.0,long_00009_4992-5105-1580,s2,coarse_to_fine,3,1,6.205799779281865,,,0,SPEAKER_00,3
real,400.0,long_00009_4992-5105-1580,s2,coarse_to_fine,3,2,2.7521964450590874,,,0,SPEAKER_00,3
real,400.0,long_00009_4992-5105-1580,s3,coarse_to_fine,3,1,38.58349878568745,,,0,SPEAKER_01,3
real,400.0,long_00009_4992-5105-1580,s3,coarse_to_fine,3,2,1.323417788729114,,,0,SPEAKER_01,3
oracle,0.0,long_00010_2300-1089-8463,s1,no_recursion,3,1,58.55070284375714,,,0,s1,3
oracle,0.0,long_00010_2300-1089-8463,s1,no_recursion,3,2,3.144621159167018,,,0,s1,3
oracle,0.0,long_00010_2300-1089-8463,s2,no_recursion,3,1,38.47334821511129,,,0,s2,3
oracle,0.0,long_00010_2300-1089-8463,s2,no_recursion,3,2,-0.185468786312859,,,0,s2,3
oracle,0.0,long_00010_2300-1089-8463,s3,no_recursion,3,1,46.61260844693278,,,0,s3,3
oracle,0.0,long_00010_2300-1089-8463,s3,no_recursion,3,2,1.9685930188209504,,,0,s3,3
oracle,0.0,long_00010_2300-1089-8463,s1,ungated_deflation,3,1,58.55070284375714,0,0,0,s1,3
oracle,0.0,long_00010_2300-1089-8463,s1,ungated_deflation,3,2,3.144621159167018,0,0,0,s1,3
oracle,0.0,long_00010_2300-1089-8463,s2,ungated_deflation,3,1,39.281780145436386,1,1,0,s2,3
oracle,0.0,long_00010_2300-1089-8463,s2,ungated_deflation,3,2,-3.6784416455923012,1,1,0,s2,3
oracle,0.0,long_00010_2300-1089-8463,s3,ungated_deflation,3,1,48.12138815236119,2,2,0,s3,3
oracle,0.0,long_00010_2300-1089-8463,s3,ungated_deflation,3,2,-2.4110020055850865,2,2,0,s3,3
oracle,0.0,long_00010_2300-1089-8463,s1,gated_deflation,3,1,58.55070284375714,0,0,0,s1,3
oracle,0.0,long_00010_2300-1089-8463,s1,gated_deflation,3,2,3.144621159167018,0,0,0,s1,3
oracle,0.0,long_00010_2300-1089-8463,s2,gated_deflation,3,1,39.281780145436386,1,1,0,s2,3
oracle,0.0,long_00010_2300-1089-8463,s2,gated_deflation,3,2,-3.6784416455923012,1,1,0,s2,3
oracle,0.0,long_00010_2300-1089-8463,s3,gated_deflation,3,1,48.12138815236119,2,2,0,s3,3
oracle,0.0,long_00010_2300-1089-8463,s3,gated_deflation,3,2,-2.4110020055850865,2,2,0,s3,3
oracle,0.0,long_00010_2300-1089-8463,s1,coarse_to_fine,3,1,58.55070284375714,,,0,s1,3
oracle,0.0,long_00010_2300-1089-8463,s1,coarse_to_fine,3,2,3.144621159167018,,,0,s1,3
oracle,0.0,long_00010_2300-1089-8463,s2,coarse_to_fine,3,1,38.47334821511129,,,0,s2,3
oracle,0.0,long_00010_2300-1089-8463,s2,coarse_to_fine,3,2,-0.185468786312859,,,0,s2,3
oracle,0.0,long_00010_2300-1089-8463,s3,coarse_to_fine,3,1,46.61260844693278,,,0,s3,3
oracle,0.0,long_00010_2300-1089-8463,s3,coarse_to_fine,3,2,1.9685930188209504,,,0,s3,3
oracle,400.0,long_00010_2300-1089-8463,s1,no_recursion,3,1,6.447778312841354,,,0,s1,3
oracle,400.0,long_00010_2300-1089-8463,s1,no_recursion,3,2,3.138249535937105,,,0,s1,3
oracle,400.0,long_00010_2300-1089-8463,s2,no_recursion,3,1,-7.157676680124875,,,0,s2,3
oracle,400.0,long_00010_2300-1089-8463,s2,no_recursion,3,2,-0.19840668772148656,,,0,s2,3
oracle,400.0,long_00010_2300-1089-8463,s3,no_recursion,3,1,12.36919024475709,,,0,s3,3
oracle,400.0,long_00010_2300-1089-8463,s3,no_recursion,3,2,1.9330969037261516,,,0,s3,3
oracle,400.0,long_00010_2300-1089-8463,s1,ungated_deflation,3,1,6.447778312841354,0,0,0,s1,3
oracle,400.0,long_00010_2300-1089-8463,s1,ungated_deflation,3,2,3.138249535937105,0,0,0,s1,3
oracle,400.0,long_00010_2300-1089-8463,s2,ungated_deflation,3,1,-5.680010317460651,1,1,0,s2,3
oracle,400.0,long_00010_2300-1089-8463,s2,ungated_deflation,3,2,-3.724680563837305,1,1,0,s2,3
oracle,400.0,long_00010_2300-1089-8463,s3,ungated_deflation,3,1,9.507195861958559,2,2,0,s3,3
oracle,400.0,long_00010_2300-1089-8463,s3,ungated_deflation,3,2,-2.5476074602984413,2,2,0,s3,3
oracle,400.0,long_00010_2300-1089-8463,s1,gated_deflation,3,1,6.447778312841354,0,0,0,s1,3
oracle,400.0,long_00010_2300-1089-8463,s1,gated_deflation,3,2,3.138249535937105,0,0,0,s1,3
oracle,400.0,long_00010_2300-1089-8463,s2,gated_deflation,3,1,-5.680010317460651,1,1,0,s2,3
oracle,400.0,long_00010_2300-1089-8463,s2,gated_deflation,3,2,-3.724680563837305,1,1,0,s2,3
oracle,400.0,long_00010_2300-1089-8463,s3,gated_deflation,3,1,9.507195861958559,2,2,0,s3,3
oracle,400.0,long_00010_2300-1089-8463,s3,gated_deflation,3,2,-2.5476074602984413,2,2,0,s3,3
oracle,400.0,long_00010_2300-1089-8463,s1,coarse_to_fine,3,1,6.447778312841354,,,0,s1,3
oracle,400.0,long_00010_2300-1089-8463,s1,coarse_to_fine,3,2,3.138249535937105,,,0,s1,3
oracle,400.0,long_00010_2300-1089-8463,s2,coarse_to_fine,3,1,-7.157676680124875,,,0,s2,3
oracle,400.0,long_00010_2300-1089-8463,s2,coarse_to_fine,3,2,-0.19840668772148656,,,0,s2,3
oracle,400.0,long_00010_2300-1089-8463,s3,coarse_to_fine,3,1,12.36919024475709,,,0,s3,3
oracle,400.0,long_00010_2300-1089-8463,s3,coarse_to_fine,3,2,1.9330969037261516,,,0,s3,3
real,0.0,long_00010_2300-1089-8463,s1,no_recursion,3,1,32.57788031084165,,,0,SPEAKER_02,3
real,0.0,long_00010_2300-1089-8463,s1,no_recursion,3,2,3.5874199653422285,,,0,SPEAKER_02,3
real,0.0,long_00010_2300-1089-8463,s2,no_recursion,3,1,44.40159834253869,,,0,SPEAKER_01,3
real,0.0,long_00010_2300-1089-8463,s2,no_recursion,3,2,-4.880144981978303,,,0,SPEAKER_01,3
real,0.0,long_00010_2300-1089-8463,s3,no_recursion,3,1,28.902146041378707,,,0,SPEAKER_00,3
real,0.0,long_00010_2300-1089-8463,s3,no_recursion,3,2,-2.9652448182311164,,,0,SPEAKER_00,3
real,0.0,long_00010_2300-1089-8463,s1,ungated_deflation,3,1,32.57788031084165,0,0,0,SPEAKER_02,3
real,0.0,long_00010_2300-1089-8463,s1,ungated_deflation,3,2,3.5874199653422285,0,0,0,SPEAKER_02,3
real,0.0,long_00010_2300-1089-8463,s2,ungated_deflation,3,1,44.40159834253869,2,2,0,SPEAKER_01,3
real,0.0,long_00010_2300-1089-8463,s2,ungated_deflation,3,2,-5.257929008799554,2,2,0,SPEAKER_01,3
real,0.0,long_00010_2300-1089-8463,s3,ungated_deflation,3,1,28.902146041378707,1,1,0,SPEAKER_00,3
real,0.0,long_00010_2300-1089-8463,s3,ungated_deflation,3,2,-4.577058806598005,1,1,0,SPEAKER_00,3
real,0.0,long_00010_2300-1089-8463,s1,gated_deflation,3,1,32.57788031084165,0,0,0,SPEAKER_02,3
real,0.0,long_00010_2300-1089-8463,s1,gated_deflation,3,2,3.5874199653422285,0,0,0,SPEAKER_02,3
real,0.0,long_00010_2300-1089-8463,s2,gated_deflation,3,1,44.40159834253869,2,2,0,SPEAKER_01,3
real,0.0,long_00010_2300-1089-8463,s2,gated_deflation,3,2,-5.257929008799554,2,2,0,SPEAKER_01,3
real,0.0,long_00010_2300-1089-8463,s3,gated_deflation,3,1,28.902146041378707,1,1,0,SPEAKER_00,3
real,0.0,long_00010_2300-1089-8463,s3,gated_deflation,3,2,-4.577058806598005,1,1,0,SPEAKER_00,3
real,0.0,long_00010_2300-1089-8463,s1,coarse_to_fine,3,1,32.57788031084165,,,0,SPEAKER_02,3
real,0.0,long_00010_2300-1089-8463,s1,coarse_to_fine,3,2,3.5874199653422285,,,0,SPEAKER_02,3
real,0.0,long_00010_2300-1089-8463,s2,coarse_to_fine,3,1,44.40159834253869,,,0,SPEAKER_01,3
real,0.0,long_00010_2300-1089-8463,s2,coarse_to_fine,3,2,-4.880144981978303,,,0,SPEAKER_01,3
real,0.0,long_00010_2300-1089-8463,s3,coarse_to_fine,3,1,28.902146041378707,,,0,SPEAKER_00,3
real,0.0,long_00010_2300-1089-8463,s3,coarse_to_fine,3,2,-2.9652448182311164,,,0,SPEAKER_00,3
real,400.0,long_00010_2300-1089-8463,s1,no_recursion,3,1,32.57788031084165,,,0,SPEAKER_02,3
real,400.0,long_00010_2300-1089-8463,s1,no_recursion,3,2,3.6320460929215033,,,0,SPEAKER_02,3
real,400.0,long_00010_2300-1089-8463,s2,no_recursion,3,1,15.849723481197927,,,0,SPEAKER_01,3
real,400.0,long_00010_2300-1089-8463,s2,no_recursion,3,2,-1.4551511364001533,,,0,SPEAKER_01,3
real,400.0,long_00010_2300-1089-8463,s3,no_recursion,3,1,19.14200470736373,,,0,SPEAKER_00,3
real,400.0,long_00010_2300-1089-8463,s3,no_recursion,3,2,-0.07864278091146903,,,0,SPEAKER_00,3
real,400.0,long_00010_2300-1089-8463,s1,ungated_deflation,3,1,32.57788031084165,0,0,0,SPEAKER_02,3
real,400.0,long_00010_2300-1089-8463,s1,ungated_deflation,3,2,3.6320460929215033,0,0,0,SPEAKER_02,3
real,400.0,long_00010_2300-1089-8463,s2,ungated_deflation,3,1,17.622829093625214,2,2,0,SPEAKER_01,3
real,400.0,long_00010_2300-1089-8463,s2,ungated_deflation,3,2,-3.069479402916549,2,2,0,SPEAKER_01,3
real,400.0,long_00010_2300-1089-8463,s3,ungated_deflation,3,1,18.327081208296008,1,1,0,SPEAKER_00,3
real,400.0,long_00010_2300-1089-8463,s3,ungated_deflation,3,2,-1.851975833216838,1,1,0,SPEAKER_00,3
real,400.0,long_00010_2300-1089-8463,s1,gated_deflation,3,1,32.57788031084165,0,0,0,SPEAKER_02,3
real,400.0,long_00010_2300-1089-8463,s1,gated_deflation,3,2,3.6320460929215033,0,0,0,SPEAKER_02,3
real,400.0,long_00010_2300-1089-8463,s2,gated_deflation,3,1,17.622829093625214,2,2,0,SPEAKER_01,3
real,400.0,long_00010_2300-1089-8463,s2,gated_deflation,3,2,-3.069479402916549,2,2,0,SPEAKER_01,3
real,400.0,long_00010_2300-1089-8463,s3,gated_deflation,3,1,18.327081208296008,1,1,0,SPEAKER_00,3
real,400.0,long_00010_2300-1089-8463,s3,gated_deflation,3,2,-1.851975833216838,1,1,0,SPEAKER_00,3
real,400.0,long_00010_2300-1089-8463,s1,coarse_to_fine,3,1,32.57788031084165,,,0,SPEAKER_02,3
real,400.0,long_00010_2300-1089-8463,s1,coarse_to_fine,3,2,3.6320460929215033,,,0,SPEAKER_02,3
real,400.0,long_00010_2300-1089-8463,s2,coarse_to_fine,3,1,15.849723481197927,,,0,SPEAKER_01,3
real,400.0,long_00010_2300-1089-8463,s2,coarse_to_fine,3,2,-1.4551511364001533,,,0,SPEAKER_01,3
real,400.0,long_00010_2300-1089-8463,s3,coarse_to_fine,3,1,19.14200470736373,,,0,SPEAKER_00,3
real,400.0,long_00010_2300-1089-8463,s3,coarse_to_fine,3,2,-0.07864278091146903,,,0,SPEAKER_00,3
oracle,0.0,long_00011_5683-7176-4507,s1,no_recursion,3,1,49.08351996036988,,,0,s1,3
oracle,0.0,long_00011_5683-7176-4507,s1,no_recursion,3,2,0.6298840899292458,,,0,s1,3
oracle,0.0,long_00011_5683-7176-4507,s2,no_recursion,3,1,67.2999856807784,,,0,s2,3
oracle,0.0,long_00011_5683-7176-4507,s2,no_recursion,3,2,3.610657367896864,,,0,s2,3
oracle,0.0,long_00011_5683-7176-4507,s3,no_recursion,3,1,48.04320808032949,,,0,s3,3
oracle,0.0,long_00011_5683-7176-4507,s3,no_recursion,3,2,0.6136784582167099,,,0,s3,3
oracle,0.0,long_00011_5683-7176-4507,s1,ungated_deflation,3,1,49.08351996036988,0,0,0,s1,3
oracle,0.0,long_00011_5683-7176-4507,s1,ungated_deflation,3,2,0.6298840899292458,0,0,0,s1,3
oracle,0.0,long_00011_5683-7176-4507,s2,ungated_deflation,3,1,67.08174133358197,1,1,0,s2,3
oracle,0.0,long_00011_5683-7176-4507,s2,ungated_deflation,3,2,0.9403311362564636,1,1,0,s2,3
oracle,0.0,long_00011_5683-7176-4507,s3,ungated_deflation,3,1,45.07961663638558,2,2,0,s3,3
oracle,0.0,long_00011_5683-7176-4507,s3,ungated_deflation,3,2,-2.2522287588300434,2,2,0,s3,3
oracle,0.0,long_00011_5683-7176-4507,s1,gated_deflation,3,1,49.08351996036988,0,0,0,s1,3
oracle,0.0,long_00011_5683-7176-4507,s1,gated_deflation,3,2,0.6298840899292458,0,0,0,s1,3
oracle,0.0,long_00011_5683-7176-4507,s2,gated_deflation,3,1,67.08174133358197,1,1,0,s2,3
oracle,0.0,long_00011_5683-7176-4507,s2,gated_deflation,3,2,0.9403311362564636,1,1,0,s2,3
oracle,0.0,long_00011_5683-7176-4507,s3,gated_deflation,3,1,45.07961663638558,2,2,0,s3,3
oracle,0.0,long_00011_5683-7176-4507,s3,gated_deflation,3,2,-2.2522287588300434,2,2,0,s3,3
oracle,0.0,long_00011_5683-7176-4507,s1,coarse_to_fine,3,1,49.08351996036988,,,0,s1,3
oracle,0.0,long_00011_5683-7176-4507,s1,coarse_to_fine,3,2,0.6298840899292458,,,0,s1,3
oracle,0.0,long_00011_5683-7176-4507,s2,coarse_to_fine,3,1,67.2999856807784,,,0,s2,3
oracle,0.0,long_00011_5683-7176-4507,s2,coarse_to_fine,3,2,3.610657367896864,,,0,s2,3
oracle,0.0,long_00011_5683-7176-4507,s3,coarse_to_fine,3,1,48.04320808032949,,,0,s3,3
oracle,0.0,long_00011_5683-7176-4507,s3,coarse_to_fine,3,2,0.6136784582167099,,,0,s3,3
oracle,400.0,long_00011_5683-7176-4507,s1,no_recursion,3,1,4.534137619171178,,,0,s1,3
oracle,400.0,long_00011_5683-7176-4507,s1,no_recursion,3,2,0.8968500535116823,,,0,s1,3
oracle,400.0,long_00011_5683-7176-4507,s2,no_recursion,3,1,3.199545435421362,,,0,s2,3
oracle,400.0,long_00011_5683-7176-4507,s2,no_recursion,3,2,3.8782999816098767,,,0,s2,3
oracle,400.0,long_00011_5683-7176-4507,s3,no_recursion,3,1,5.864288524896809,,,0,s3,3
oracle,400.0,long_00011_5683-7176-4507,s3,no_recursion,3,2,0.5325146395664481,,,0,s3,3
oracle,400.0,long_00011_5683-7176-4507,s1,ungated_deflation,3,1,4.534137619171178,0,0,0,s1,3
oracle,400.0,long_00011_5683-7176-4507,s1,ungated_deflation,3,2,0.8968500535116823,0,0,0,s1,3
oracle,400.0,long_00011_5683-7176-4507,s2,ungated_deflation,3,1,2.3481631454275975,1,1,0,s2,3
oracle,400.0,long_00011_5683-7176-4507,s2,ungated_deflation,3,2,0.8399800721014307,1,1,0,s2,3
oracle,400.0,long_00011_5683-7176-4507,s3,ungated_deflation,3,1,7.185988244705892,2,2,0,s3,3
oracle,400.0,long_00011_5683-7176-4507,s3,ungated_deflation,3,2,-2.1638997937190676,2,2,0,s3,3
oracle,400.0,long_00011_5683-7176-4507,s1,gated_deflation,3,1,4.534137619171178,0,0,0,s1,3
oracle,400.0,long_00011_5683-7176-4507,s1,gated_deflation,3,2,0.8968500535116823,0,0,0,s1,3
oracle,400.0,long_00011_5683-7176-4507,s2,gated_deflation,3,1,2.3481631454275975,1,1,0,s2,3
oracle,400.0,long_00011_5683-7176-4507,s2,gated_deflation,3,2,0.8399800721014307,1,1,0,s2,3
oracle,400.0,long_00011_5683-7176-4507,s3,gated_deflation,3,1,7.185988244705892,2,2,0,s3,3
oracle,400.0,long_00011_5683-7176-4507,s3,gated_deflation,3,2,-2.1638997937190676,2,2,0,s3,3
oracle,400.0,long_00011_5683-7176-4507,s1,coarse_to_fine,3,1,4.534137619171178,,,0,s1,3
oracle,400.0,long_00011_5683-7176-4507,s1,coarse_to_fine,3,2,0.8968500535116823,,,0,s1,3
oracle,400.0,long_00011_5683-7176-4507,s2,coarse_to_fine,3,1,3.199545435421362,,,0,s2,3
oracle,400.0,long_00011_5683-7176-4507,s2,coarse_to_fine,3,2,3.8782999816098767,,,0,s2,3
oracle,400.0,long_00011_5683-7176-4507,s3,coarse_to_fine,3,1,5.864288524896809,,,0,s3,3
oracle,400.0,long_00011_5683-7176-4507,s3,coarse_to_fine,3,2,0.5325146395664481,,,0,s3,3
real,0.0,long_00011_5683-7176-4507,s1,no_recursion,3,1,45.74997307481837,,,0,SPEAKER_00,3
real,0.0,long_00011_5683-7176-4507,s1,no_recursion,3,2,-1.7960465020251228,,,0,SPEAKER_00,3
real,0.0,long_00011_5683-7176-4507,s2,no_recursion,3,1,51.79691811504311,,,0,SPEAKER_01,3
real,0.0,long_00011_5683-7176-4507,s2,no_recursion,3,2,0.05617449307154061,,,0,SPEAKER_01,3
real,0.0,long_00011_5683-7176-4507,s3,no_recursion,3,1,42.730416589075375,,,0,SPEAKER_02,3
real,0.0,long_00011_5683-7176-4507,s3,no_recursion,3,2,0.5721305595089404,,,0,SPEAKER_02,3
real,0.0,long_00011_5683-7176-4507,s1,ungated_deflation,3,1,45.74997307481837,1,1,0,SPEAKER_00,3
real,0.0,long_00011_5683-7176-4507,s1,ungated_deflation,3,2,0.9004216925114111,1,1,0,SPEAKER_00,3
real,0.0,long_00011_5683-7176-4507,s2,ungated_deflation,3,1,51.79691811504311,2,2,0,SPEAKER_01,3
real,0.0,long_00011_5683-7176-4507,s2,ungated_deflation,3,2,-1.611448437269495,2,2,0,SPEAKER_01,3
real,0.0,long_00011_5683-7176-4507,s3,ungated_deflation,3,1,42.730416589075375,0,0,0,SPEAKER_02,3
real,0.0,long_00011_5683-7176-4507,s3,ungated_deflation,3,2,0.5721305595089404,0,0,0,SPEAKER_02,3
real,0.0,long_00011_5683-7176-4507,s1,gated_deflation,3,1,45.74997307481837,1,1,0,SPEAKER_00,3
real,0.0,long_00011_5683-7176-4507,s1,gated_deflation,3,2,0.9004216925114111,1,1,0,SPEAKER_00,3
real,0.0,long_00011_5683-7176-4507,s2,gated_deflation,3,1,51.79691811504311,2,2,0,SPEAKER_01,3
real,0.0,long_00011_5683-7176-4507,s2,gated_deflation,3,2,-1.611448437269495,2,2,0,SPEAKER_01,3
real,0.0,long_00011_5683-7176-4507,s3,gated_deflation,3,1,42.730416589075375,0,0,0,SPEAKER_02,3
real,0.0,long_00011_5683-7176-4507,s3,gated_deflation,3,2,0.5721305595089404,0,0,0,SPEAKER_02,3
real,0.0,long_00011_5683-7176-4507,s1,coarse_to_fine,3,1,45.74997307481837,,,0,SPEAKER_00,3
real,0.0,long_00011_5683-7176-4507,s1,coarse_to_fine,3,2,-1.7960465020251228,,,0,SPEAKER_00,3
real,0.0,long_00011_5683-7176-4507,s2,coarse_to_fine,3,1,51.79691811504311,,,0,SPEAKER_01,3
real,0.0,long_00011_5683-7176-4507,s2,coarse_to_fine,3,2,0.05617449307154061,,,0,SPEAKER_01,3
real,0.0,long_00011_5683-7176-4507,s3,coarse_to_fine,3,1,42.730416589075375,,,0,SPEAKER_02,3
real,0.0,long_00011_5683-7176-4507,s3,coarse_to_fine,3,2,0.5721305595089404,,,0,SPEAKER_02,3
real,400.0,long_00011_5683-7176-4507,s1,no_recursion,3,1,4.958787482862505,,,0,SPEAKER_00,3
real,400.0,long_00011_5683-7176-4507,s1,no_recursion,3,2,-0.3051122039465367,,,0,SPEAKER_00,3
real,400.0,long_00011_5683-7176-4507,s2,no_recursion,3,1,4.078357702222338,,,0,SPEAKER_01,3
real,400.0,long_00011_5683-7176-4507,s2,no_recursion,3,2,3.1657657941259982,,,0,SPEAKER_01,3
real,400.0,long_00011_5683-7176-4507,s3,no_recursion,3,1,6.775963185481309,,,0,SPEAKER_02,3
real,400.0,long_00011_5683-7176-4507,s3,no_recursion,3,2,0.7594231823561801,,,0,SPEAKER_02,3
real,400.0,long_00011_5683-7176-4507,s1,ungated_deflation,3,1,4.0374512209604605,1,1,0,SPEAKER_00,3
real,400.0,long_00011_5683-7176-4507,s1,ungated_deflation,3,2,2.71775441150763,1,1,0,SPEAKER_00,3
real,400.0,long_00011_5683-7176-4507,s2,ungated_deflation,3,1,5.2569978457770645,2,2,0,SPEAKER_01,3
real,400.0,long_00011_5683-7176-4507,s2,ungated_deflation,3,2,-0.10477443089699193,2,2,0,SPEAKER_01,3
real,400.0,long_00011_5683-7176-4507,s3,ungated_deflation,3,1,6.775963185481309,0,0,0,SPEAKER_02,3
real,400.0,long_00011_5683-7176-4507,s3,ungated_deflation,3,2,0.7594231823561801,0,0,0,SPEAKER_02,3
real,400.0,long_00011_5683-7176-4507,s1,gated_deflation,3,1,4.0374512209604605,1,1,0,SPEAKER_00,3
real,400.0,long_00011_5683-7176-4507,s1,gated_deflation,3,2,2.71775441150763,1,1,0,SPEAKER_00,3
real,400.0,long_00011_5683-7176-4507,s2,gated_deflation,3,1,5.2569978457770645,2,2,0,SPEAKER_01,3
real,400.0,long_00011_5683-7176-4507,s2,gated_deflation,3,2,-0.10477443089699193,2,2,0,SPEAKER_01,3
real,400.0,long_00011_5683-7176-4507,s3,gated_deflation,3,1,6.775963185481309,0,0,0,SPEAKER_02,3
real,400.0,long_00011_5683-7176-4507,s3,gated_deflation,3,2,0.7594231823561801,0,0,0,SPEAKER_02,3
real,400.0,long_00011_5683-7176-4507,s1,coarse_to_fine,3,1,4.958787482862505,,,0,SPEAKER_00,3
real,400.0,long_00011_5683-7176-4507,s1,coarse_to_fine,3,2,-0.3051122039465367,,,0,SPEAKER_00,3
real,400.0,long_00011_5683-7176-4507,s2,coarse_to_fine,3,1,4.078357702222338,,,0,SPEAKER_01,3
real,400.0,long_00011_5683-7176-4507,s2,coarse_to_fine,3,2,3.1657657941259982,,,0,SPEAKER_01,3
real,400.0,long_00011_5683-7176-4507,s3,coarse_to_fine,3,1,6.775963185481309,,,0,SPEAKER_02,3
real,400.0,long_00011_5683-7176-4507,s3,coarse_to_fine,3,2,0.7594231823561801,,,0,SPEAKER_02,3
oracle,0.0,long_00012_1284-2300-3570,s1,no_recursion,3,1,43.564513956661,,,0,s1,3
oracle,0.0,long_00012_1284-2300-3570,s1,no_recursion,3,2,-7.164388462845252,,,0,s1,3
oracle,0.0,long_00012_1284-2300-3570,s2,no_recursion,3,1,40.986403983126436,,,0,s2,3
oracle,0.0,long_00012_1284-2300-3570,s2,no_recursion,3,2,3.557222056920643,,,0,s2,3
oracle,0.0,long_00012_1284-2300-3570,s3,no_recursion,3,1,48.72599105931289,,,0,s3,3
oracle,0.0,long_00012_1284-2300-3570,s3,no_recursion,3,2,-1.3877983972088748,,,0,s3,3
oracle,0.0,long_00012_1284-2300-3570,s1,ungated_deflation,3,1,43.564513956661,0,0,0,s1,3
oracle,0.0,long_00012_1284-2300-3570,s1,ungated_deflation,3,2,-7.164388462845252,0,0,0,s1,3
oracle,0.0,long_00012_1284-2300-3570,s2,ungated_deflation,3,1,37.29695996510185,1,1,0,s2,3
oracle,0.0,long_00012_1284-2300-3570,s2,ungated_deflation,3,2,0.23946451978529362,1,1,0,s2,3
oracle,0.0,long_00012_1284-2300-3570,s3,ungated_deflation,3,1,47.6587680957416,2,2,0,s3,3
oracle,0.0,long_00012_1284-2300-3570,s3,ungated_deflation,3,2,-3.8020423360432436,2,2,0,s3,3
oracle,0.0,long_00012_1284-2300-3570,s1,gated_deflation,3,1,43.564513956661,0,0,0,s1,3
oracle,0.0,long_00012_1284-2300-3570,s1,gated_deflation,3,2,-7.164388462845252,0,0,0,s1,3
oracle,0.0,long_00012_1284-2300-3570,s2,gated_deflation,3,1,37.29695996510185,1,1,0,s2,3
oracle,0.0,long_00012_1284-2300-3570,s2,gated_deflation,3,2,0.23946451978529362,1,1,0,s2,3
oracle,0.0,long_00012_1284-2300-3570,s3,gated_deflation,3,1,47.6587680957416,2,2,0,s3,3
oracle,0.0,long_00012_1284-2300-3570,s3,gated_deflation,3,2,-3.8020423360432436,2,2,0,s3,3
oracle,0.0,long_00012_1284-2300-3570,s1,coarse_to_fine,3,1,43.564513956661,,,0,s1,3
oracle,0.0,long_00012_1284-2300-3570,s1,coarse_to_fine,3,2,-7.164388462845252,,,0,s1,3
oracle,0.0,long_00012_1284-2300-3570,s2,coarse_to_fine,3,1,40.986403983126436,,,0,s2,3
oracle,0.0,long_00012_1284-2300-3570,s2,coarse_to_fine,3,2,3.557222056920643,,,0,s2,3
oracle,0.0,long_00012_1284-2300-3570,s3,coarse_to_fine,3,1,48.72599105931289,,,0,s3,3
oracle,0.0,long_00012_1284-2300-3570,s3,coarse_to_fine,3,2,-1.3877983972088748,,,0,s3,3
oracle,400.0,long_00012_1284-2300-3570,s1,no_recursion,3,1,7.417556686543758,,,0,s1,3
oracle,400.0,long_00012_1284-2300-3570,s1,no_recursion,3,2,-6.993455995352838,,,0,s1,3
oracle,400.0,long_00012_1284-2300-3570,s2,no_recursion,3,1,1.885453448586218,,,0,s2,3
oracle,400.0,long_00012_1284-2300-3570,s2,no_recursion,3,2,3.562043254026741,,,0,s2,3
oracle,400.0,long_00012_1284-2300-3570,s3,no_recursion,3,1,4.833583278161103,,,0,s3,3
oracle,400.0,long_00012_1284-2300-3570,s3,no_recursion,3,2,-1.4332045927065549,,,0,s3,3
oracle,400.0,long_00012_1284-2300-3570,s1,ungated_deflation,3,1,7.417556686543758,0,0,0,s1,3
oracle,400.0,long_00012_1284-2300-3570,s1,ungated_deflation,3,2,-6.993455995352838,0,0,0,s1,3
oracle,400.0,long_00012_1284-2300-3570,s2,ungated_deflation,3,1,2.3728230752250203,1,1,0,s2,3
oracle,400.0,long_00012_1284-2300-3570,s2,ungated_deflation,3,2,0.27285065024870697,1,1,0,s2,3
oracle,400.0,long_00012_1284-2300-3570,s3,ungated_deflation,3,1,5.6582256699845646,2,2,0,s3,3
oracle,400.0,long_00012_1284-2300-3570,s3,ungated_deflation,3,2,-3.893977186923976,2,2,0,s3,3
oracle,400.0,long_00012_1284-2300-3570,s1,gated_deflation,3,1,7.417556686543758,0,0,0,s1,3
oracle,400.0,long_00012_1284-2300-3570,s1,gated_deflation,3,2,-6.993455995352838,0,0,0,s1,3
oracle,400.0,long_00012_1284-2300-3570,s2,gated_deflation,3,1,2.3728230752250203,1,1,0,s2,3
oracle,400.0,long_00012_1284-2300-3570,s2,gated_deflation,3,2,0.27285065024870697,1,1,0,s2,3
oracle,400.0,long_00012_1284-2300-3570,s3,gated_deflation,3,1,5.6582256699845646,2,2,0,s3,3
oracle,400.0,long_00012_1284-2300-3570,s3,gated_deflation,3,2,-3.893977186923976,2,2,0,s3,3
oracle,400.0,long_00012_1284-2300-3570,s1,coarse_to_fine,3,1,7.417556686543758,,,0,s1,3
oracle,400.0,long_00012_1284-2300-3570,s1,coarse_to_fine,3,2,-6.993455995352838,,,0,s1,3
oracle,400.0,long_00012_1284-2300-3570,s2,coarse_to_fine,3,1,1.885453448586218,,,0,s2,3
oracle,400.0,long_00012_1284-2300-3570,s2,coarse_to_fine,3,2,3.562043254026741,,,0,s2,3
oracle,400.0,long_00012_1284-2300-3570,s3,coarse_to_fine,3,1,4.833583278161103,,,0,s3,3
oracle,400.0,long_00012_1284-2300-3570,s3,coarse_to_fine,3,2,-1.4332045927065549,,,0,s3,3
real,0.0,long_00012_1284-2300-3570,s1,no_recursion,3,1,38.268129981054976,,,0,SPEAKER_00,3
real,0.0,long_00012_1284-2300-3570,s1,no_recursion,3,2,-6.7949012873851125,,,0,SPEAKER_00,3
real,0.0,long_00012_1284-2300-3570,s2,no_recursion,3,1,98.43370848699449,,,0,SPEAKER_02,3
real,0.0,long_00012_1284-2300-3570,s2,no_recursion,3,2,3.1194069518975613,,,0,SPEAKER_02,3
real,0.0,long_00012_1284-2300-3570,s3,no_recursion,3,1,53.84114597620037,,,0,SPEAKER_01,3
real,0.0,long_00012_1284-2300-3570,s3,no_recursion,3,2,-3.105183955179976,,,0,SPEAKER_01,3
real,0.0,long_00012_1284-2300-3570,s1,ungated_deflation,3,1,38.268129981054976,0,0,0,SPEAKER_00,3
real,0.0,long_00012_1284-2300-3570,s1,ungated_deflation,3,2,-6.7949012873851125,0,0,0,SPEAKER_00,3
real,0.0,long_00012_1284-2300-3570,s2,ungated_deflation,3,1,98.43370848699449,1,1,0,SPEAKER_02,3
real,0.0,long_00012_1284-2300-3570,s2,ungated_deflation,3,2,0.23718571000184097,1,1,0,SPEAKER_02,3
real,0.0,long_00012_1284-2300-3570,s3,ungated_deflation,3,1,53.84114597620037,2,2,0,SPEAKER_01,3
real,0.0,long_00012_1284-2300-3570,s3,ungated_deflation,3,2,-6.623494739787708,2,2,0,SPEAKER_01,3
real,0.0,long_00012_1284-2300-3570,s1,gated_deflation,3,1,38.268129981054976,0,0,0,SPEAKER_00,3
real,0.0,long_00012_1284-2300-3570,s1,gated_deflation,3,2,-6.7949012873851125,0,0,0,SPEAKER_00,3
real,0.0,long_00012_1284-2300-3570,s2,gated_deflation,3,1,98.43370848699449,1,1,0,SPEAKER_02,3
real,0.0,long_00012_1284-2300-3570,s2,gated_deflation,3,2,0.23718571000184097,1,1,0,SPEAKER_02,3
real,0.0,long_00012_1284-2300-3570,s3,gated_deflation,3,1,53.84114597620037,2,1,0,SPEAKER_01,3
real,0.0,long_00012_1284-2300-3570,s3,gated_deflation,3,2,-2.7889223698896703,2,1,0,SPEAKER_01,3
real,0.0,long_00012_1284-2300-3570,s1,coarse_to_fine,3,1,38.268129981054976,,,0,SPEAKER_00,3
real,0.0,long_00012_1284-2300-3570,s1,coarse_to_fine,3,2,-6.7949012873851125,,,0,SPEAKER_00,3
real,0.0,long_00012_1284-2300-3570,s2,coarse_to_fine,3,1,98.43370848699449,,,0,SPEAKER_02,3
real,0.0,long_00012_1284-2300-3570,s2,coarse_to_fine,3,2,3.1194069518975613,,,0,SPEAKER_02,3
real,0.0,long_00012_1284-2300-3570,s3,coarse_to_fine,3,1,53.84114597620037,,,0,SPEAKER_01,3
real,0.0,long_00012_1284-2300-3570,s3,coarse_to_fine,3,2,-3.105183955179976,,,0,SPEAKER_01,3
real,400.0,long_00012_1284-2300-3570,s1,no_recursion,3,1,38.268129981054976,,,0,SPEAKER_00,3
real,400.0,long_00012_1284-2300-3570,s1,no_recursion,3,2,-5.7101163932041565,,,0,SPEAKER_00,3
real,400.0,long_00012_1284-2300-3570,s2,no_recursion,3,1,16.29966117146294,,,0,SPEAKER_02,3
real,400.0,long_00012_1284-2300-3570,s2,no_recursion,3,2,3.6625660787129095,,,0,SPEAKER_02,3
real,400.0,long_00012_1284-2300-3570,s3,no_recursion,3,1,11.10804707352889,,,0,SPEAKER_01,3
real,400.0,long_00012_1284-2300-3570,s3,no_recursion,3,2,-1.4268018921265748,,,0,SPEAKER_01,3
real,400.0,long_00012_1284-2300-3570,s1,ungated_deflation,3,1,38.268129981054976,2,2,0,SPEAKER_00,3
real,400.0,long_00012_1284-2300-3570,s1,ungated_deflation,3,2,-12.620739735897633,2,2,0,SPEAKER_00,3
real,400.0,long_00012_1284-2300-3570,s2,ungated_deflation,3,1,16.207569447443092,1,1,0,SPEAKER_02,3
real,400.0,long_00012_1284-2300-3570,s2,ungated_deflation,3,2,-1.5484484987067872,1,1,0,SPEAKER_02,3
real,400.0,long_00012_1284-2300-3570,s3,ungated_deflation,3,1,11.10804707352889,0,0,0,SPEAKER_01,3
real,400.0,long_00012_1284-2300-3570,s3,ungated_deflation,3,2,-1.4268018921265748,0,0,0,SPEAKER_01,3
real,400.0,long_00012_1284-2300-3570,s1,gated_deflation,3,1,38.268129981054976,2,2,0,SPEAKER_00,3
real,400.0,long_00012_1284-2300-3570,s1,gated_deflation,3,2,-12.620739735897633,2,2,0,SPEAKER_00,3
real,400.0,long_00012_1284-2300-3570,s2,gated_deflation,3,1,16.207569447443092,1,1,0,SPEAKER_02,3
real,400.0,long_00012_1284-2300-3570,s2,gated_deflation,3,2,-1.5484484987067872,1,1,0,SPEAKER_02,3
real,400.0,long_00012_1284-2300-3570,s3,gated_deflation,3,1,11.10804707352889,0,0,0,SPEAKER_01,3
real,400.0,long_00012_1284-2300-3570,s3,gated_deflation,3,2,-1.4268018921265748,0,0,0,SPEAKER_01,3
real,400.0,long_00012_1284-2300-3570,s1,coarse_to_fine,3,1,38.268129981054976,,,0,SPEAKER_00,3
real,400.0,long_00012_1284-2300-3570,s1,coarse_to_fine,3,2,-5.7101163932041565,,,0,SPEAKER_00,3
real,400.0,long_00012_1284-2300-3570,s2,coarse_to_fine,3,1,16.29966117146294,,,0,SPEAKER_02,3
real,400.0,long_00012_1284-2300-3570,s2,coarse_to_fine,3,2,3.6625660787129095,,,0,SPEAKER_02,3
real,400.0,long_00012_1284-2300-3570,s3,coarse_to_fine,3,1,11.10804707352889,,,0,SPEAKER_01,3
real,400.0,long_00012_1284-2300-3570,s3,coarse_to_fine,3,2,-1.4268018921265748,,,0,SPEAKER_01,3
oracle,0.0,long_00013_4970-121-1320,s1,no_recursion,3,1,41.50751326369057,,,0,s1,3
oracle,0.0,long_00013_4970-121-1320,s1,no_recursion,3,2,0.7031063478781883,,,0,s1,3
oracle,0.0,long_00013_4970-121-1320,s2,no_recursion,3,1,40.98765354583043,,,0,s2,3
oracle,0.0,long_00013_4970-121-1320,s2,no_recursion,3,2,-1.5248633630694814,,,0,s2,3
oracle,0.0,long_00013_4970-121-1320,s3,no_recursion,3,1,44.326404580991436,,,0,s3,3
oracle,0.0,long_00013_4970-121-1320,s3,no_recursion,3,2,6.864461994991984,,,0,s3,3
oracle,0.0,long_00013_4970-121-1320,s1,ungated_deflation,3,1,41.50751326369057,0,0,0,s1,3
oracle,0.0,long_00013_4970-121-1320,s1,ungated_deflation,3,2,0.7031063478781883,0,0,0,s1,3
oracle,0.0,long_00013_4970-121-1320,s2,ungated_deflation,3,1,38.293547887087904,1,1,0,s2,3
oracle,0.0,long_00013_4970-121-1320,s2,ungated_deflation,3,2,-4.161163241007625,1,1,0,s2,3
oracle,0.0,long_00013_4970-121-1320,s3,ungated_deflation,3,1,38.17568446856947,2,2,0,s3,3
oracle,0.0,long_00013_4970-121-1320,s3,ungated_deflation,3,2,4.855151485828521,2,2,0,s3,3
oracle,0.0,long_00013_4970-121-1320,s1,gated_deflation,3,1,41.50751326369057,0,0,0,s1,3
oracle,0.0,long_00013_4970-121-1320,s1,gated_deflation,3,2,0.7031063478781883,0,0,0,s1,3
oracle,0.0,long_00013_4970-121-1320,s2,gated_deflation,3,1,38.293547887087904,1,1,0,s2,3
oracle,0.0,long_00013_4970-121-1320,s2,gated_deflation,3,2,-4.161163241007625,1,1,0,s2,3
oracle,0.0,long_00013_4970-121-1320,s3,gated_deflation,3,1,38.17568446856947,2,2,0,s3,3
oracle,0.0,long_00013_4970-121-1320,s3,gated_deflation,3,2,4.855151485828521,2,2,0,s3,3
oracle,0.0,long_00013_4970-121-1320,s1,coarse_to_fine,3,1,41.50751326369057,,,0,s1,3
oracle,0.0,long_00013_4970-121-1320,s1,coarse_to_fine,3,2,0.7031063478781883,,,0,s1,3
oracle,0.0,long_00013_4970-121-1320,s2,coarse_to_fine,3,1,40.98765354583043,,,0,s2,3
oracle,0.0,long_00013_4970-121-1320,s2,coarse_to_fine,3,2,-1.5248633630694814,,,0,s2,3
oracle,0.0,long_00013_4970-121-1320,s3,coarse_to_fine,3,1,44.326404580991436,,,0,s3,3
oracle,0.0,long_00013_4970-121-1320,s3,coarse_to_fine,3,2,6.864461994991984,,,0,s3,3
oracle,400.0,long_00013_4970-121-1320,s1,no_recursion,3,1,5.631455831886916,,,0,s1,3
oracle,400.0,long_00013_4970-121-1320,s1,no_recursion,3,2,0.7171663434400473,,,0,s1,3
oracle,400.0,long_00013_4970-121-1320,s2,no_recursion,3,1,-4.414828319754394,,,0,s2,3
oracle,400.0,long_00013_4970-121-1320,s2,no_recursion,3,2,-1.36527456603696,,,0,s2,3
oracle,400.0,long_00013_4970-121-1320,s3,no_recursion,3,1,7.299425107677068,,,0,s3,3
oracle,400.0,long_00013_4970-121-1320,s3,no_recursion,3,2,6.438515292254545,,,0,s3,3
oracle,400.0,long_00013_4970-121-1320,s1,ungated_deflation,3,1,5.631455831886916,0,0,0,s1,3
oracle,400.0,long_00013_4970-121-1320,s1,ungated_deflation,3,2,0.7171663434400473,0,0,0,s1,3
oracle,400.0,long_00013_4970-121-1320,s2,ungated_deflation,3,1,-4.772394100365465,1,1,0,s2,3
oracle,400.0,long_00013_4970-121-1320,s2,ungated_deflation,3,2,-3.972880925750681,1,1,0,s2,3
oracle,400.0,long_00013_4970-121-1320,s3,ungated_deflation,3,1,9.779314376956581,2,2,0,s3,3
oracle,400.0,long_00013_4970-121-1320,s3,ungated_deflation,3,2,4.705101571357679,2,2,0,s3,3
oracle,400.0,long_00013_4970-121-1320,s1,gated_deflation,3,1,5.631455831886916,0,0,0,s1,3
oracle,400.0,long_00013_4970-121-1320,s1,gated_deflation,3,2,0.7171663434400473,0,0,0,s1,3
oracle,400.0,long_00013_4970-121-1320,s2,gated_deflation,3,1,-4.772394100365465,1,1,0,s2,3
oracle,400.0,long_00013_4970-121-1320,s2,gated_deflation,3,2,-3.972880925750681,1,1,0,s2,3
oracle,400.0,long_00013_4970-121-1320,s3,gated_deflation,3,1,9.779314376956581,2,2,0,s3,3
oracle,400.0,long_00013_4970-121-1320,s3,gated_deflation,3,2,4.705101571357679,2,2,0,s3,3
oracle,400.0,long_00013_4970-121-1320,s1,coarse_to_fine,3,1,5.631455831886916,,,0,s1,3
oracle,400.0,long_00013_4970-121-1320,s1,coarse_to_fine,3,2,0.7171663434400473,,,0,s1,3
oracle,400.0,long_00013_4970-121-1320,s2,coarse_to_fine,3,1,-4.414828319754394,,,0,s2,3
oracle,400.0,long_00013_4970-121-1320,s2,coarse_to_fine,3,2,-1.36527456603696,,,0,s2,3
oracle,400.0,long_00013_4970-121-1320,s3,coarse_to_fine,3,1,7.299425107677068,,,0,s3,3
oracle,400.0,long_00013_4970-121-1320,s3,coarse_to_fine,3,2,6.438515292254545,,,0,s3,3
real,0.0,long_00013_4970-121-1320,s1,no_recursion,3,1,26.052647466444633,,,0,SPEAKER_02,3
real,0.0,long_00013_4970-121-1320,s1,no_recursion,3,2,-0.01828084693862905,,,0,SPEAKER_02,3
real,0.0,long_00013_4970-121-1320,s2,no_recursion,3,1,46.12641071558099,,,0,SPEAKER_00,3
real,0.0,long_00013_4970-121-1320,s2,no_recursion,3,2,-2.7608155261087197,,,0,SPEAKER_00,3
real,0.0,long_00013_4970-121-1320,s3,no_recursion,3,1,23.916006480604445,,,0,SPEAKER_01,3
real,0.0,long_00013_4970-121-1320,s3,no_recursion,3,2,2.3603853872146674,,,0,SPEAKER_01,3
real,0.0,long_00013_4970-121-1320,s1,ungated_deflation,3,1,26.052647466444633,1,1,0,SPEAKER_02,3
real,0.0,long_00013_4970-121-1320,s1,ungated_deflation,3,2,0.018720753663351897,1,1,0,SPEAKER_02,3
real,0.0,long_00013_4970-121-1320,s2,ungated_deflation,3,1,46.12641071558099,2,2,0,SPEAKER_00,3
real,0.0,long_00013_4970-121-1320,s2,ungated_deflation,3,2,-3.7092224741577073,2,2,0,SPEAKER_00,3
real,0.0,long_00013_4970-121-1320,s3,ungated_deflation,3,1,23.916006480604445,0,0,0,SPEAKER_01,3
real,0.0,long_00013_4970-121-1320,s3,ungated_deflation,3,2,2.3603853872146674,0,0,0,SPEAKER_01,3
real,0.0,long_00013_4970-121-1320,s1,gated_deflation,3,1,26.052647466444633,1,1,0,SPEAKER_02,3
real,0.0,long_00013_4970-121-1320,s1,gated_deflation,3,2,0.018720753663351897,1,1,0,SPEAKER_02,3
real,0.0,long_00013_4970-121-1320,s2,gated_deflation,3,1,46.12641071558099,2,2,0,SPEAKER_00,3
real,0.0,long_00013_4970-121-1320,s2,gated_deflation,3,2,-3.7092224741577073,2,2,0,SPEAKER_00,3
real,0.0,long_00013_4970-121-1320,s3,gated_deflation,3,1,23.916006480604445,0,0,0,SPEAKER_01,3
real,0.0,long_00013_4970-121-1320,s3,gated_deflation,3,2,2.3603853872146674,0,0,0,SPEAKER_01,3
real,0.0,long_00013_4970-121-1320,s1,coarse_to_fine,3,1,26.052647466444633,,,0,SPEAKER_02,3
real,0.0,long_00013_4970-121-1320,s1,coarse_to_fine,3,2,-0.01828084693862905,,,0,SPEAKER_02,3
real,0.0,long_00013_4970-121-1320,s2,coarse_to_fine,3,1,46.12641071558099,,,0,SPEAKER_00,3
real,0.0,long_00013_4970-121-1320,s2,coarse_to_fine,3,2,-2.7608155261087197,,,0,SPEAKER_00,3
real,0.0,long_00013_4970-121-1320,s3,coarse_to_fine,3,1,23.916006480604445,,,0,SPEAKER_01,3
real,0.0,long_00013_4970-121-1320,s3,coarse_to_fine,3,2,2.3603853872146674,,,0,SPEAKER_01,3
real,400.0,long_00013_4970-121-1320,s1,no_recursion,3,1,26.052647466444633,,,0,SPEAKER_02,3
real,400.0,long_00013_4970-121-1320,s1,no_recursion,3,2,-0.07061664335250342,,,0,SPEAKER_02,3
real,400.0,long_00013_4970-121-1320,s2,no_recursion,3,1,46.12641071558099,,,0,SPEAKER_00,3
real,400.0,long_00013_4970-121-1320,s2,no_recursion,3,2,-2.2603154507375534,,,0,SPEAKER_00,3
real,400.0,long_00013_4970-121-1320,s3,no_recursion,3,1,23.916006480604445,,,0,SPEAKER_01,3
real,400.0,long_00013_4970-121-1320,s3,no_recursion,3,2,5.595863211159914,,,0,SPEAKER_01,3
real,400.0,long_00013_4970-121-1320,s1,ungated_deflation,3,1,26.052647466444633,1,1,0,SPEAKER_02,3
real,400.0,long_00013_4970-121-1320,s1,ungated_deflation,3,2,-0.12429499485225917,1,1,0,SPEAKER_02,3
real,400.0,long_00013_4970-121-1320,s2,ungated_deflation,3,1,46.12641071558099,2,2,0,SPEAKER_00,3
real,400.0,long_00013_4970-121-1320,s2,ungated_deflation,3,2,-3.6020320838526616,2,2,0,SPEAKER_00,3
real,400.0,long_00013_4970-121-1320,s3,ungated_deflation,3,1,23.916006480604445,0,0,0,SPEAKER_01,3
real,400.0,long_00013_4970-121-1320,s3,ungated_deflation,3,2,5.595863211159914,0,0,0,SPEAKER_01,3
real,400.0,long_00013_4970-121-1320,s1,gated_deflation,3,1,26.052647466444633,1,1,0,SPEAKER_02,3
real,400.0,long_00013_4970-121-1320,s1,gated_deflation,3,2,-0.12429499485225917,1,1,0,SPEAKER_02,3
real,400.0,long_00013_4970-121-1320,s2,gated_deflation,3,1,46.12641071558099,2,2,0,SPEAKER_00,3
real,400.0,long_00013_4970-121-1320,s2,gated_deflation,3,2,-3.6020320838526616,2,2,0,SPEAKER_00,3
real,400.0,long_00013_4970-121-1320,s3,gated_deflation,3,1,23.916006480604445,0,0,0,SPEAKER_01,3
real,400.0,long_00013_4970-121-1320,s3,gated_deflation,3,2,5.595863211159914,0,0,0,SPEAKER_01,3
real,400.0,long_00013_4970-121-1320,s1,coarse_to_fine,3,1,26.052647466444633,,,0,SPEAKER_02,3
real,400.0,long_00013_4970-121-1320,s1,coarse_to_fine,3,2,-0.07061664335250342,,,0,SPEAKER_02,3
real,400.0,long_00013_4970-121-1320,s2,coarse_to_fine,3,1,46.12641071558099,,,0,SPEAKER_00,3
real,400.0,long_00013_4970-121-1320,s2,coarse_to_fine,3,2,-2.2603154507375534,,,0,SPEAKER_00,3
real,400.0,long_00013_4970-121-1320,s3,coarse_to_fine,3,1,23.916006480604445,,,0,SPEAKER_01,3
real,400.0,long_00013_4970-121-1320,s3,coarse_to_fine,3,2,5.595863211159914,,,0,SPEAKER_01,3
oracle,0.0,long_00014_6829-2094-7021,s1,no_recursion,3,1,59.45488313284471,,,0,s1,3
oracle,0.0,long_00014_6829-2094-7021,s1,no_recursion,3,2,-1.967213552573421,,,0,s1,3
oracle,0.0,long_00014_6829-2094-7021,s2,no_recursion,3,1,46.52477379223317,,,0,s2,3
oracle,0.0,long_00014_6829-2094-7021,s2,no_recursion,3,2,1.8070035641075188,,,0,s2,3
oracle,0.0,long_00014_6829-2094-7021,s3,no_recursion,3,1,46.28522324737673,,,0,s3,3
oracle,0.0,long_00014_6829-2094-7021,s3,no_recursion,3,2,3.0390984069550084,,,0,s3,3
oracle,0.0,long_00014_6829-2094-7021,s1,ungated_deflation,3,1,59.45488313284471,0,0,0,s1,3
oracle,0.0,long_00014_6829-2094-7021,s1,ungated_deflation,3,2,-1.967213552573421,0,0,0,s1,3
oracle,0.0,long_00014_6829-2094-7021,s2,ungated_deflation,3,1,46.678505119898375,1,1,0,s2,3
oracle,0.0,long_00014_6829-2094-7021,s2,ungated_deflation,3,2,-1.2763170637784853,1,1,0,s2,3
oracle,0.0,long_00014_6829-2094-7021,s3,ungated_deflation,3,1,37.88198756616329,2,2,0,s3,3
oracle,0.0,long_00014_6829-2094-7021,s3,ungated_deflation,3,2,0.9119497957462315,2,2,0,s3,3
oracle,0.0,long_00014_6829-2094-7021,s1,gated_deflation,3,1,59.45488313284471,0,0,0,s1,3
oracle,0.0,long_00014_6829-2094-7021,s1,gated_deflation,3,2,-1.967213552573421,0,0,0,s1,3
oracle,0.0,long_00014_6829-2094-7021,s2,gated_deflation,3,1,46.678505119898375,1,1,0,s2,3
oracle,0.0,long_00014_6829-2094-7021,s2,gated_deflation,3,2,-1.2763170637784853,1,1,0,s2,3
oracle,0.0,long_00014_6829-2094-7021,s3,gated_deflation,3,1,37.88198756616329,2,2,0,s3,3
oracle,0.0,long_00014_6829-2094-7021,s3,gated_deflation,3,2,0.9119497957462315,2,2,0,s3,3
oracle,0.0,long_00014_6829-2094-7021,s1,coarse_to_fine,3,1,59.45488313284471,,,0,s1,3
oracle,0.0,long_00014_6829-2094-7021,s1,coarse_to_fine,3,2,-1.967213552573421,,,0,s1,3
oracle,0.0,long_00014_6829-2094-7021,s2,coarse_to_fine,3,1,46.52477379223317,,,0,s2,3
oracle,0.0,long_00014_6829-2094-7021,s2,coarse_to_fine,3,2,1.8070035641075188,,,0,s2,3
oracle,0.0,long_00014_6829-2094-7021,s3,coarse_to_fine,3,1,46.28522324737673,,,0,s3,3
oracle,0.0,long_00014_6829-2094-7021,s3,coarse_to_fine,3,2,3.0390984069550084,,,0,s3,3
oracle,400.0,long_00014_6829-2094-7021,s1,no_recursion,3,1,12.11061460674749,,,0,s1,3
oracle,400.0,long_00014_6829-2094-7021,s1,no_recursion,3,2,-1.9817867238201008,,,0,s1,3
oracle,400.0,long_00014_6829-2094-7021,s2,no_recursion,3,1,4.445287247487007,,,0,s2,3
oracle,400.0,long_00014_6829-2094-7021,s2,no_recursion,3,2,1.7406292666625813,,,0,s2,3
oracle,400.0,long_00014_6829-2094-7021,s3,no_recursion,3,1,8.148555870513835,,,0,s3,3
oracle,400.0,long_00014_6829-2094-7021,s3,no_recursion,3,2,3.0464753639822444,,,0,s3,3
oracle,400.0,long_00014_6829-2094-7021,s1,ungated_deflation,3,1,12.11061460674749,0,0,0,s1,3
oracle,400.0,long_00014_6829-2094-7021,s1,ungated_deflation,3,2,-1.9817867238201008,0,0,0,s1,3
oracle,400.0,long_00014_6829-2094-7021,s2,ungated_deflation,3,1,3.666511660013997,1,1,0,s2,3
oracle,400.0,long_00014_6829-2094-7021,s2,ungated_deflation,3,2,-1.3027471107915534,1,1,0,s2,3
oracle,400.0,long_00014_6829-2094-7021,s3,ungated_deflation,3,1,9.638119627854497,2,2,0,s3,3
oracle,400.0,long_00014_6829-2094-7021,s3,ungated_deflation,3,2,0.906900860931214,2,2,0,s3,3
oracle,400.0,long_00014_6829-2094-7021,s1,gated_deflation,3,1,12.11061460674749,0,0,0,s1,3
oracle,400.0,long_00014_6829-2094-7021,s1,gated_deflation,3,2,-1.9817867238201008,0,0,0,s1,3
oracle,400.0,long_00014_6829-2094-7021,s2,gated_deflation,3,1,3.666511660013997,1,1,0,s2,3
oracle,400.0,long_00014_6829-2094-7021,s2,gated_deflation,3,2,-1.3027471107915534,1,1,0,s2,3
oracle,400.0,long_00014_6829-2094-7021,s3,gated_deflation,3,1,9.638119627854497,2,2,0,s3,3
oracle,400.0,long_00014_6829-2094-7021,s3,gated_deflation,3,2,0.906900860931214,2,2,0,s3,3
oracle,400.0,long_00014_6829-2094-7021,s1,coarse_to_fine,3,1,12.11061460674749,,,0,s1,3
oracle,400.0,long_00014_6829-2094-7021,s1,coarse_to_fine,3,2,-1.9817867238201008,,,0,s1,3
oracle,400.0,long_00014_6829-2094-7021,s2,coarse_to_fine,3,1,4.445287247487007,,,0,s2,3
oracle,400.0,long_00014_6829-2094-7021,s2,coarse_to_fine,3,2,1.7406292666625813,,,0,s2,3
oracle,400.0,long_00014_6829-2094-7021,s3,coarse_to_fine,3,1,8.148555870513835,,,0,s3,3
oracle,400.0,long_00014_6829-2094-7021,s3,coarse_to_fine,3,2,3.0464753639822444,,,0,s3,3
real,0.0,long_00014_6829-2094-7021,s1,no_recursion,3,1,44.903188101242065,,,0,SPEAKER_01,3
real,0.0,long_00014_6829-2094-7021,s1,no_recursion,3,2,-7.296327500023123,,,0,SPEAKER_01,3
real,0.0,long_00014_6829-2094-7021,s2,no_recursion,3,1,22.993854339060952,,,0,SPEAKER_02,3
real,0.0,long_00014_6829-2094-7021,s2,no_recursion,3,2,-2.4859039788674853,,,0,SPEAKER_02,3
real,0.0,long_00014_6829-2094-7021,s3,no_recursion,3,1,51.8862545897327,,,0,SPEAKER_00,3
real,0.0,long_00014_6829-2094-7021,s3,no_recursion,3,2,1.0147130104075994,,,0,SPEAKER_00,3
real,0.0,long_00014_6829-2094-7021,s1,ungated_deflation,3,1,44.903188101242065,0,0,0,SPEAKER_01,3
real,0.0,long_00014_6829-2094-7021,s1,ungated_deflation,3,2,-7.296327500023123,0,0,0,SPEAKER_01,3
real,0.0,long_00014_6829-2094-7021,s2,ungated_deflation,3,1,22.993854339060952,2,2,0,SPEAKER_02,3
real,0.0,long_00014_6829-2094-7021,s2,ungated_deflation,3,2,-2.138482016084084,2,2,0,SPEAKER_02,3
real,0.0,long_00014_6829-2094-7021,s3,ungated_deflation,3,1,51.8862545897327,1,1,0,SPEAKER_00,3
real,0.0,long_00014_6829-2094-7021,s3,ungated_deflation,3,2,0.2479377243091776,1,1,0,SPEAKER_00,3
real,0.0,long_00014_6829-2094-7021,s1,gated_deflation,3,1,44.903188101242065,0,0,0,SPEAKER_01,3
real,0.0,long_00014_6829-2094-7021,s1,gated_deflation,3,2,-7.296327500023123,0,0,0,SPEAKER_01,3
real,0.0,long_00014_6829-2094-7021,s2,gated_deflation,3,1,22.993854339060952,2,2,0,SPEAKER_02,3
real,0.0,long_00014_6829-2094-7021,s2,gated_deflation,3,2,-2.138482016084084,2,2,0,SPEAKER_02,3
real,0.0,long_00014_6829-2094-7021,s3,gated_deflation,3,1,51.8862545897327,1,1,0,SPEAKER_00,3
real,0.0,long_00014_6829-2094-7021,s3,gated_deflation,3,2,0.2479377243091776,1,1,0,SPEAKER_00,3
real,0.0,long_00014_6829-2094-7021,s1,coarse_to_fine,3,1,44.903188101242065,,,0,SPEAKER_01,3
real,0.0,long_00014_6829-2094-7021,s1,coarse_to_fine,3,2,-7.296327500023123,,,0,SPEAKER_01,3
real,0.0,long_00014_6829-2094-7021,s2,coarse_to_fine,3,1,22.993854339060952,,,0,SPEAKER_02,3
real,0.0,long_00014_6829-2094-7021,s2,coarse_to_fine,3,2,-2.4859039788674853,,,0,SPEAKER_02,3
real,0.0,long_00014_6829-2094-7021,s3,coarse_to_fine,3,1,51.8862545897327,,,0,SPEAKER_00,3
real,0.0,long_00014_6829-2094-7021,s3,coarse_to_fine,3,2,1.0147130104075994,,,0,SPEAKER_00,3
real,400.0,long_00014_6829-2094-7021,s1,no_recursion,3,1,44.903188101242065,,,0,SPEAKER_01,3
real,400.0,long_00014_6829-2094-7021,s1,no_recursion,3,2,-3.6083666570007775,,,0,SPEAKER_01,3
real,400.0,long_00014_6829-2094-7021,s2,no_recursion,3,1,14.527543459964212,,,0,SPEAKER_02,3
real,400.0,long_00014_6829-2094-7021,s2,no_recursion,3,2,-0.09811521619430218,,,0,SPEAKER_02,3
real,400.0,long_00014_6829-2094-7021,s3,no_recursion,3,1,51.8862545897327,,,0,SPEAKER_00,3
real,400.0,long_00014_6829-2094-7021,s3,no_recursion,3,2,2.4753380946354926,,,0,SPEAKER_00,3
real,400.0,long_00014_6829-2094-7021,s1,ungated_deflation,3,1,44.903188101242065,1,1,0,SPEAKER_01,3
real,400.0,long_00014_6829-2094-7021,s1,ungated_deflation,3,2,-4.8016736131884645,1,1,0,SPEAKER_01,3
real,400.0,long_00014_6829-2094-7021,s2,ungated_deflation,3,1,14.527543459964212,0,0,0,SPEAKER_02,3
real,400.0,long_00014_6829-2094-7021,s2,ungated_deflation,3,2,-0.09811521619430218,0,0,0,SPEAKER_02,3
real,400.0,long_00014_6829-2094-7021,s3,ungated_deflation,3,1,51.8862545897327,2,2,0,SPEAKER_00,3
real,400.0,long_00014_6829-2094-7021,s3,ungated_deflation,3,2,-0.1274665065126201,2,2,0,SPEAKER_00,3
real,400.0,long_00014_6829-2094-7021,s1,gated_deflation,3,1,44.903188101242065,1,1,0,SPEAKER_01,3
real,400.0,long_00014_6829-2094-7021,s1,gated_deflation,3,2,-4.8016736131884645,1,1,0,SPEAKER_01,3
real,400.0,long_00014_6829-2094-7021,s2,gated_deflation,3,1,14.527543459964212,0,0,0,SPEAKER_02,3
real,400.0,long_00014_6829-2094-7021,s2,gated_deflation,3,2,-0.09811521619430218,0,0,0,SPEAKER_02,3
real,400.0,long_00014_6829-2094-7021,s3,gated_deflation,3,1,51.8862545897327,2,2,0,SPEAKER_00,3
real,400.0,long_00014_6829-2094-7021,s3,gated_deflation,3,2,-0.1274665065126201,2,2,0,SPEAKER_00,3
real,400.0,long_00014_6829-2094-7021,s1,coarse_to_fine,3,1,44.903188101242065,,,0,SPEAKER_01,3
real,400.0,long_00014_6829-2094-7021,s1,coarse_to_fine,3,2,-3.6083666570007775,,,0,SPEAKER_01,3
real,400.0,long_00014_6829-2094-7021,s2,coarse_to_fine,3,1,14.527543459964212,,,0,SPEAKER_02,3
real,400.0,long_00014_6829-2094-7021,s2,coarse_to_fine,3,2,-0.09811521619430218,,,0,SPEAKER_02,3
real,400.0,long_00014_6829-2094-7021,s3,coarse_to_fine,3,1,51.8862545897327,,,0,SPEAKER_00,3
real,400.0,long_00014_6829-2094-7021,s3,coarse_to_fine,3,2,2.4753380946354926,,,0,SPEAKER_00,3
oracle,0.0,long_00015_4992-1089-4970,s1,no_recursion,3,1,44.41338132005345,,,0,s1,3
oracle,0.0,long_00015_4992-1089-4970,s1,no_recursion,3,2,6.284547432867061,,,0,s1,3
oracle,0.0,long_00015_4992-1089-4970,s2,no_recursion,3,1,45.513291275007894,,,0,s2,3
oracle,0.0,long_00015_4992-1089-4970,s2,no_recursion,3,2,3.250362462108689,,,0,s2,3
oracle,0.0,long_00015_4992-1089-4970,s3,no_recursion,3,1,78.0850876755676,,,0,s3,3
oracle,0.0,long_00015_4992-1089-4970,s3,no_recursion,3,2,6.7742524433275815,,,0,s3,3
oracle,0.0,long_00015_4992-1089-4970,s1,ungated_deflation,3,1,44.41338132005345,0,0,0,s1,3
oracle,0.0,long_00015_4992-1089-4970,s1,ungated_deflation,3,2,6.284547432867061,0,0,0,s1,3
oracle,0.0,long_00015_4992-1089-4970,s2,ungated_deflation,3,1,43.1958866518498,1,1,0,s2,3
oracle,0.0,long_00015_4992-1089-4970,s2,ungated_deflation,3,2,0.619261587224895,1,1,0,s2,3
oracle,0.0,long_00015_4992-1089-4970,s3,ungated_deflation,3,1,77.74739355596252,2,2,0,s3,3
oracle,0.0,long_00015_4992-1089-4970,s3,ungated_deflation,3,2,4.190746183650307,2,2,0,s3,3
oracle,0.0,long_00015_4992-1089-4970,s1,gated_deflation,3,1,44.41338132005345,0,0,0,s1,3
oracle,0.0,long_00015_4992-1089-4970,s1,gated_deflation,3,2,6.284547432867061,0,0,0,s1,3
oracle,0.0,long_00015_4992-1089-4970,s2,gated_deflation,3,1,43.1958866518498,1,1,0,s2,3
oracle,0.0,long_00015_4992-1089-4970,s2,gated_deflation,3,2,0.619261587224895,1,1,0,s2,3
oracle,0.0,long_00015_4992-1089-4970,s3,gated_deflation,3,1,77.74739355596252,2,2,0,s3,3
oracle,0.0,long_00015_4992-1089-4970,s3,gated_deflation,3,2,4.190746183650307,2,2,0,s3,3
oracle,0.0,long_00015_4992-1089-4970,s1,coarse_to_fine,3,1,44.41338132005345,,,0,s1,3
oracle,0.0,long_00015_4992-1089-4970,s1,coarse_to_fine,3,2,6.284547432867061,,,0,s1,3
oracle,0.0,long_00015_4992-1089-4970,s2,coarse_to_fine,3,1,45.513291275007894,,,0,s2,3
oracle,0.0,long_00015_4992-1089-4970,s2,coarse_to_fine,3,2,3.250362462108689,,,0,s2,3
oracle,0.0,long_00015_4992-1089-4970,s3,coarse_to_fine,3,1,78.0850876755676,,,0,s3,3
oracle,0.0,long_00015_4992-1089-4970,s3,coarse_to_fine,3,2,6.7742524433275815,,,0,s3,3
oracle,400.0,long_00015_4992-1089-4970,s1,no_recursion,3,1,2.705317928026192,,,0,s1,3
oracle,400.0,long_00015_4992-1089-4970,s1,no_recursion,3,2,6.326937277696044,,,0,s1,3
oracle,400.0,long_00015_4992-1089-4970,s2,no_recursion,3,1,2.8764298506835266,,,0,s2,3
oracle,400.0,long_00015_4992-1089-4970,s2,no_recursion,3,2,3.30012190118474,,,0,s2,3
oracle,400.0,long_00015_4992-1089-4970,s3,no_recursion,3,1,8.549703351633523,,,0,s3,3
oracle,400.0,long_00015_4992-1089-4970,s3,no_recursion,3,2,6.715061688045961,,,0,s3,3
oracle,400.0,long_00015_4992-1089-4970,s1,ungated_deflation,3,1,2.705317928026192,0,0,0,s1,3
oracle,400.0,long_00015_4992-1089-4970,s1,ungated_deflation,3,2,6.326937277696044,0,0,0,s1,3
oracle,400.0,long_00015_4992-1089-4970,s2,ungated_deflation,3,1,1.9709716038555736,1,1,0,s2,3
oracle,400.0,long_00015_4992-1089-4970,s2,ungated_deflation,3,2,0.7601857949886106,1,1,0,s2,3
oracle,400.0,long_00015_4992-1089-4970,s3,ungated_deflation,3,1,7.061621324918085,2,2,0,s3,3
oracle,400.0,long_00015_4992-1089-4970,s3,ungated_deflation,3,2,4.195661977122283,2,2,0,s3,3
oracle,400.0,long_00015_4992-1089-4970,s1,gated_deflation,3,1,2.705317928026192,0,0,0,s1,3
oracle,400.0,long_00015_4992-1089-4970,s1,gated_deflation,3,2,6.326937277696044,0,0,0,s1,3
oracle,400.0,long_00015_4992-1089-4970,s2,gated_deflation,3,1,1.9709716038555736,1,1,0,s2,3
oracle,400.0,long_00015_4992-1089-4970,s2,gated_deflation,3,2,0.7601857949886106,1,1,0,s2,3
oracle,400.0,long_00015_4992-1089-4970,s3,gated_deflation,3,1,7.061621324918085,2,2,0,s3,3
oracle,400.0,long_00015_4992-1089-4970,s3,gated_deflation,3,2,4.195661977122283,2,2,0,s3,3
oracle,400.0,long_00015_4992-1089-4970,s1,coarse_to_fine,3,1,2.705317928026192,,,0,s1,3
oracle,400.0,long_00015_4992-1089-4970,s1,coarse_to_fine,3,2,6.326937277696044,,,0,s1,3
oracle,400.0,long_00015_4992-1089-4970,s2,coarse_to_fine,3,1,2.8764298506835266,,,0,s2,3
oracle,400.0,long_00015_4992-1089-4970,s2,coarse_to_fine,3,2,3.30012190118474,,,0,s2,3
oracle,400.0,long_00015_4992-1089-4970,s3,coarse_to_fine,3,1,8.549703351633523,,,0,s3,3
oracle,400.0,long_00015_4992-1089-4970,s3,coarse_to_fine,3,2,6.715061688045961,,,0,s3,3
real,0.0,long_00015_4992-1089-4970,s1,no_recursion,3,1,47.09370484783494,,,0,SPEAKER_01,3
real,0.0,long_00015_4992-1089-4970,s1,no_recursion,3,2,2.620288556111308,,,0,SPEAKER_01,3
real,0.0,long_00015_4992-1089-4970,s2,no_recursion,3,1,43.07904875690723,,,0,SPEAKER_02,3
real,0.0,long_00015_4992-1089-4970,s2,no_recursion,3,2,0.5005250418449837,,,0,SPEAKER_02,3
real,0.0,long_00015_4992-1089-4970,s3,no_recursion,3,1,39.559776147983676,,,0,SPEAKER_00,3
real,0.0,long_00015_4992-1089-4970,s3,no_recursion,3,2,0.6076349598568763,,,0,SPEAKER_00,3
real,0.0,long_00015_4992-1089-4970,s1,ungated_deflation,3,1,47.09370484783494,1,1,0,SPEAKER_01,3
real,0.0,long_00015_4992-1089-4970,s1,ungated_deflation,3,2,3.867763784882154,1,1,0,SPEAKER_01,3
real,0.0,long_00015_4992-1089-4970,s2,ungated_deflation,3,1,43.07904875690723,2,2,0,SPEAKER_02,3
real,0.0,long_00015_4992-1089-4970,s2,ungated_deflation,3,2,-2.3584859103216043,2,2,0,SPEAKER_02,3
real,0.0,long_00015_4992-1089-4970,s3,ungated_deflation,3,1,39.559776147983676,0,0,0,SPEAKER_00,3
real,0.0,long_00015_4992-1089-4970,s3,ungated_deflation,3,2,0.6076349598568763,0,0,0,SPEAKER_00,3
real,0.0,long_00015_4992-1089-4970,s1,gated_deflation,3,1,47.09370484783494,1,1,0,SPEAKER_01,3
real,0.0,long_00015_4992-1089-4970,s1,gated_deflation,3,2,3.867763784882154,1,1,0,SPEAKER_01,3
real,0.0,long_00015_4992-1089-4970,s2,gated_deflation,3,1,43.07904875690723,2,2,0,SPEAKER_02,3
real,0.0,long_00015_4992-1089-4970,s2,gated_deflation,3,2,-2.3584859103216043,2,2,0,SPEAKER_02,3
real,0.0,long_00015_4992-1089-4970,s3,gated_deflation,3,1,39.559776147983676,0,0,0,SPEAKER_00,3
real,0.0,long_00015_4992-1089-4970,s3,gated_deflation,3,2,0.6076349598568763,0,0,0,SPEAKER_00,3
real,0.0,long_00015_4992-1089-4970,s1,coarse_to_fine,3,1,47.09370484783494,,,0,SPEAKER_01,3
real,0.0,long_00015_4992-1089-4970,s1,coarse_to_fine,3,2,2.620288556111308,,,0,SPEAKER_01,3
real,0.0,long_00015_4992-1089-4970,s2,coarse_to_fine,3,1,43.07904875690723,,,0,SPEAKER_02,3
real,0.0,long_00015_4992-1089-4970,s2,coarse_to_fine,3,2,0.5005250418449837,,,0,SPEAKER_02,3
real,0.0,long_00015_4992-1089-4970,s3,coarse_to_fine,3,1,39.559776147983676,,,0,SPEAKER_00,3
real,0.0,long_00015_4992-1089-4970,s3,coarse_to_fine,3,2,0.6076349598568763,,,0,SPEAKER_00,3
real,400.0,long_00015_4992-1089-4970,s1,no_recursion,3,1,13.292419302694443,,,0,SPEAKER_01,3
real,400.0,long_00015_4992-1089-4970,s1,no_recursion,3,2,5.432150722941627,,,0,SPEAKER_01,3
real,400.0,long_00015_4992-1089-4970,s2,no_recursion,3,1,43.07904875690723,,,0,SPEAKER_02,3
real,400.0,long_00015_4992-1089-4970,s2,no_recursion,3,2,3.1113897947671667,,,0,SPEAKER_02,3
real,400.0,long_00015_4992-1089-4970,s3,no_recursion,3,1,39.559776147983676,,,0,SPEAKER_00,3
real,400.0,long_00015_4992-1089-4970,s3,no_recursion,3,2,6.565754343731451,,,0,SPEAKER_00,3
real,400.0,long_00015_4992-1089-4970,s1,ungated_deflation,3,1,11.839419869085987,2,2,0,SPEAKER_01,3
real,400.0,long_00015_4992-1089-4970,s1,ungated_deflation,3,2,3.925025320548377,2,2,0,SPEAKER_01,3
real,400.0,long_00015_4992-1089-4970,s2,ungated_deflation,3,1,43.07904875690723,0,0,0,SPEAKER_02,3
real,400.0,long_00015_4992-1089-4970,s2,ungated_deflation,3,2,3.1113897947671667,0,0,0,SPEAKER_02,3
real,400.0,long_00015_4992-1089-4970,s3,ungated_deflation,3,1,39.559776147983676,1,1,0,SPEAKER_00,3
real,400.0,long_00015_4992-1089-4970,s3,ungated_deflation,3,2,3.1122659111138313,1,1,0,SPEAKER_00,3
real,400.0,long_00015_4992-1089-4970,s1,gated_deflation,3,1,11.839419869085987,2,2,0,SPEAKER_01,3
real,400.0,long_00015_4992-1089-4970,s1,gated_deflation,3,2,3.925025320548377,2,2,0,SPEAKER_01,3
real,400.0,long_00015_4992-1089-4970,s2,gated_deflation,3,1,43.07904875690723,0,0,0,SPEAKER_02,3
real,400.0,long_00015_4992-1089-4970,s2,gated_deflation,3,2,3.1113897947671667,0,0,0,SPEAKER_02,3
real,400.0,long_00015_4992-1089-4970,s3,gated_deflation,3,1,39.559776147983676,1,1,0,SPEAKER_00,3
real,400.0,long_00015_4992-1089-4970,s3,gated_deflation,3,2,3.1122659111138313,1,1,0,SPEAKER_00,3
real,400.0,long_00015_4992-1089-4970,s1,coarse_to_fine,3,1,13.292419302694443,,,0,SPEAKER_01,3
real,400.0,long_00015_4992-1089-4970,s1,coarse_to_fine,3,2,5.432150722941627,,,0,SPEAKER_01,3
real,400.0,long_00015_4992-1089-4970,s2,coarse_to_fine,3,1,43.07904875690723,,,0,SPEAKER_02,3
real,400.0,long_00015_4992-1089-4970,s2,coarse_to_fine,3,2,3.1113897947671667,,,0,SPEAKER_02,3
real,400.0,long_00015_4992-1089-4970,s3,coarse_to_fine,3,1,39.559776147983676,,,0,SPEAKER_00,3
real,400.0,long_00015_4992-1089-4970,s3,coarse_to_fine,3,2,6.565754343731451,,,0,SPEAKER_00,3
oracle,0.0,long_00016_4970-5639-1221,s1,no_recursion,3,1,91.92257757908905,,,0,s1,3
oracle,0.0,long_00016_4970-5639-1221,s1,no_recursion,3,2,2.0726125749826725,,,0,s1,3
oracle,0.0,long_00016_4970-5639-1221,s2,no_recursion,3,1,39.64800972427027,,,0,s2,3
oracle,0.0,long_00016_4970-5639-1221,s2,no_recursion,3,2,-3.0566688834397366,,,0,s2,3
oracle,0.0,long_00016_4970-5639-1221,s3,no_recursion,3,1,54.97425838234559,,,0,s3,3
oracle,0.0,long_00016_4970-5639-1221,s3,no_recursion,3,2,3.6815322847985463,,,0,s3,3
oracle,0.0,long_00016_4970-5639-1221,s1,ungated_deflation,3,1,91.92257757908905,0,0,0,s1,3
oracle,0.0,long_00016_4970-5639-1221,s1,ungated_deflation,3,2,2.0726125749826725,0,0,0,s1,3
oracle,0.0,long_00016_4970-5639-1221,s2,ungated_deflation,3,1,38.82541814961611,1,1,0,s2,3
oracle,0.0,long_00016_4970-5639-1221,s2,ungated_deflation,3,2,-7.149261227715948,1,1,0,s2,3
oracle,0.0,long_00016_4970-5639-1221,s3,ungated_deflation,3,1,48.47883733711636,2,2,0,s3,3
oracle,0.0,long_00016_4970-5639-1221,s3,ungated_deflation,3,2,7.026610477577162,2,2,0,s3,3
oracle,0.0,long_00016_4970-5639-1221,s1,gated_deflation,3,1,91.92257757908905,0,0,0,s1,3
oracle,0.0,long_00016_4970-5639-1221,s1,gated_deflation,3,2,2.0726125749826725,0,0,0,s1,3
oracle,0.0,long_00016_4970-5639-1221,s2,gated_deflation,3,1,38.82541814961611,1,1,0,s2,3
oracle,0.0,long_00016_4970-5639-1221,s2,gated_deflation,3,2,-7.149261227715948,1,1,0,s2,3
oracle,0.0,long_00016_4970-5639-1221,s3,gated_deflation,3,1,48.47883733711636,2,2,0,s3,3
oracle,0.0,long_00016_4970-5639-1221,s3,gated_deflation,3,2,7.026610477577162,2,2,0,s3,3
oracle,0.0,long_00016_4970-5639-1221,s1,coarse_to_fine,3,1,91.92257757908905,,,0,s1,3
oracle,0.0,long_00016_4970-5639-1221,s1,coarse_to_fine,3,2,2.0726125749826725,,,0,s1,3
oracle,0.0,long_00016_4970-5639-1221,s2,coarse_to_fine,3,1,39.64800972427027,,,0,s2,3
oracle,0.0,long_00016_4970-5639-1221,s2,coarse_to_fine,3,2,-3.0566688834397366,,,0,s2,3
oracle,0.0,long_00016_4970-5639-1221,s3,coarse_to_fine,3,1,54.97425838234559,,,0,s3,3
oracle,0.0,long_00016_4970-5639-1221,s3,coarse_to_fine,3,2,3.6815322847985463,,,0,s3,3
oracle,400.0,long_00016_4970-5639-1221,s1,no_recursion,3,1,32.32379727219364,,,0,s1,3
oracle,400.0,long_00016_4970-5639-1221,s1,no_recursion,3,2,2.106611030436251,,,0,s1,3
oracle,400.0,long_00016_4970-5639-1221,s2,no_recursion,3,1,0.8614171601009595,,,0,s2,3
oracle,400.0,long_00016_4970-5639-1221,s2,no_recursion,3,2,-3.1566868065606006,,,0,s2,3
oracle,400.0,long_00016_4970-5639-1221,s3,no_recursion,3,1,4.8077878209650775,,,0,s3,3
oracle,400.0,long_00016_4970-5639-1221,s3,no_recursion,3,2,4.129716773687997,,,0,s3,3
oracle,400.0,long_00016_4970-5639-1221,s1,ungated_deflation,3,1,32.32379727219364,0,0,0,s1,3
oracle,400.0,long_00016_4970-5639-1221,s1,ungated_deflation,3,2,2.106611030436251,0,0,0,s1,3
oracle,400.0,long_00016_4970-5639-1221,s2,ungated_deflation,3,1,1.1357703416233806,1,1,0,s2,3
oracle,400.0,long_00016_4970-5639-1221,s2,ungated_deflation,3,2,-7.172835369113421,1,1,0,s2,3
oracle,400.0,long_00016_4970-5639-1221,s3,ungated_deflation,3,1,3.044023834297117,2,2,0,s3,3
oracle,400.0,long_00016_4970-5639-1221,s3,ungated_deflation,3,2,7.067170828982075,2,2,0,s3,3
oracle,400.0,long_00016_4970-5639-1221,s1,gated_deflation,3,1,32.32379727219364,0,0,0,s1,3
oracle,400.0,long_00016_4970-5639-1221,s1,gated_deflation,3,2,2.106611030436251,0,0,0,s1,3
oracle,400.0,long_00016_4970-5639-1221,s2,gated_deflation,3,1,1.1357703416233806,1,1,0,s2,3
oracle,400.0,long_00016_4970-5639-1221,s2,gated_deflation,3,2,-7.172835369113421,1,1,0,s2,3
oracle,400.0,long_00016_4970-5639-1221,s3,gated_deflation,3,1,3.044023834297117,2,2,0,s3,3
oracle,400.0,long_00016_4970-5639-1221,s3,gated_deflation,3,2,7.067170828982075,2,2,0,s3,3
oracle,400.0,long_00016_4970-5639-1221,s1,coarse_to_fine,3,1,32.32379727219364,,,0,s1,3
oracle,400.0,long_00016_4970-5639-1221,s1,coarse_to_fine,3,2,2.106611030436251,,,0,s1,3
oracle,400.0,long_00016_4970-5639-1221,s2,coarse_to_fine,3,1,0.8614171601009595,,,0,s2,3
oracle,400.0,long_00016_4970-5639-1221,s2,coarse_to_fine,3,2,-3.1566868065606006,,,0,s2,3
oracle,400.0,long_00016_4970-5639-1221,s3,coarse_to_fine,3,1,4.8077878209650775,,,0,s3,3
oracle,400.0,long_00016_4970-5639-1221,s3,coarse_to_fine,3,2,4.129716773687997,,,0,s3,3
real,0.0,long_00016_4970-5639-1221,s1,no_recursion,3,1,39.561497711733544,,,0,SPEAKER_00,3
real,0.0,long_00016_4970-5639-1221,s1,no_recursion,3,2,-0.1913431431356777,,,0,SPEAKER_00,3
real,0.0,long_00016_4970-5639-1221,s2,no_recursion,3,1,inf,,,0,SPEAKER_02,3
real,0.0,long_00016_4970-5639-1221,s2,no_recursion,3,2,-2.23789029495334,,,0,SPEAKER_02,3
real,0.0,long_00016_4970-5639-1221,s3,no_recursion,3,1,28.393680473826734,,,0,SPEAKER_01,3
real,0.0,long_00016_4970-5639-1221,s3,no_recursion,3,2,-0.843785808572175,,,0,SPEAKER_01,3
real,0.0,long_00016_4970-5639-1221,s1,ungated_deflation,3,1,39.561497711733544,1,1,0,SPEAKER_00,3
real,0.0,long_00016_4970-5639-1221,s1,ungated_deflation,3,2,2.4714773122842675,1,1,0,SPEAKER_00,3
real,0.0,long_00016_4970-5639-1221,s2,ungated_deflation,3,1,inf,2,2,0,SPEAKER_02,3
real,0.0,long_00016_4970-5639-1221,s2,ungated_deflation,3,2,-5.025604540120694,2,2,0,SPEAKER_02,3
real,0.0,long_00016_4970-5639-1221,s3,ungated_deflation,3,1,28.393680473826734,0,0,0,SPEAKER_01,3
real,0.0,long_00016_4970-5639-1221,s3,ungated_deflation,3,2,-0.843785808572175,0,0,0,SPEAKER_01,3
real,0.0,long_00016_4970-5639-1221,s1,gated_deflation,3,1,39.561497711733544,1,1,0,SPEAKER_00,3
real,0.0,long_00016_4970-5639-1221,s1,gated_deflation,3,2,2.4714773122842675,1,1,0,SPEAKER_00,3
real,0.0,long_00016_4970-5639-1221,s2,gated_deflation,3,1,inf,2,2,0,SPEAKER_02,3
real,0.0,long_00016_4970-5639-1221,s2,gated_deflation,3,2,-5.025604540120694,2,2,0,SPEAKER_02,3
real,0.0,long_00016_4970-5639-1221,s3,gated_deflation,3,1,28.393680473826734,0,0,0,SPEAKER_01,3
real,0.0,long_00016_4970-5639-1221,s3,gated_deflation,3,2,-0.843785808572175,0,0,0,SPEAKER_01,3
real,0.0,long_00016_4970-5639-1221,s1,coarse_to_fine,3,1,39.561497711733544,,,0,SPEAKER_00,3
real,0.0,long_00016_4970-5639-1221,s1,coarse_to_fine,3,2,-0.1913431431356777,,,0,SPEAKER_00,3
real,0.0,long_00016_4970-5639-1221,s2,coarse_to_fine,3,1,inf,,,0,SPEAKER_02,3
real,0.0,long_00016_4970-5639-1221,s2,coarse_to_fine,3,2,-2.23789029495334,,,0,SPEAKER_02,3
real,0.0,long_00016_4970-5639-1221,s3,coarse_to_fine,3,1,28.393680473826734,,,0,SPEAKER_01,3
real,0.0,long_00016_4970-5639-1221,s3,coarse_to_fine,3,2,-0.843785808572175,,,0,SPEAKER_01,3
real,400.0,long_00016_4970-5639-1221,s1,no_recursion,3,1,39.561497711733544,,,0,SPEAKER_00,3
real,400.0,long_00016_4970-5639-1221,s1,no_recursion,3,2,3.442812052901871,,,0,SPEAKER_00,3
real,400.0,long_00016_4970-5639-1221,s2,no_recursion,3,1,5.239763462783495,,,0,SPEAKER_02,3
real,400.0,long_00016_4970-5639-1221,s2,no_recursion,3,2,-0.818733784643283,,,0,SPEAKER_02,3
real,400.0,long_00016_4970-5639-1221,s3,no_recursion,3,1,8.734366442653522,,,0,SPEAKER_01,3
real,400.0,long_00016_4970-5639-1221,s3,no_recursion,3,2,1.8854426863306255,,,0,SPEAKER_01,3
real,400.0,long_00016_4970-5639-1221,s1,ungated_deflation,3,1,39.561497711733544,1,1,0,SPEAKER_00,3
real,400.0,long_00016_4970-5639-1221,s1,ungated_deflation,3,2,6.210168748168697,1,1,0,SPEAKER_00,3
real,400.0,long_00016_4970-5639-1221,s2,ungated_deflation,3,1,8.256762333487394,2,2,0,SPEAKER_02,3
real,400.0,long_00016_4970-5639-1221,s2,ungated_deflation,3,2,-5.447969524841435,2,2,0,SPEAKER_02,3
real,400.0,long_00016_4970-5639-1221,s3,ungated_deflation,3,1,8.734366442653522,0,0,0,SPEAKER_01,3
real,400.0,long_00016_4970-5639-1221,s3,ungated_deflation,3,2,1.8854426863306255,0,0,0,SPEAKER_01,3
real,400.0,long_00016_4970-5639-1221,s1,gated_deflation,3,1,39.561497711733544,1,1,0,SPEAKER_00,3
real,400.0,long_00016_4970-5639-1221,s1,gated_deflation,3,2,6.210168748168697,1,1,0,SPEAKER_00,3
real,400.0,long_00016_4970-5639-1221,s2,gated_deflation,3,1,8.256762333487394,2,2,0,SPEAKER_02,3
real,400.0,long_00016_4970-5639-1221,s2,gated_deflation,3,2,-5.447969524841435,2,2,0,SPEAKER_02,3
real,400.0,long_00016_4970-5639-1221,s3,gated_deflation,3,1,8.734366442653522,0,0,0,SPEAKER_01,3
real,400.0,long_00016_4970-5639-1221,s3,gated_deflation,3,2,1.8854426863306255,0,0,0,SPEAKER_01,3
real,400.0,long_00016_4970-5639-1221,s1,coarse_to_fine,3,1,39.561497711733544,,,0,SPEAKER_00,3
real,400.0,long_00016_4970-5639-1221,s1,coarse_to_fine,3,2,3.442812052901871,,,0,SPEAKER_00,3
real,400.0,long_00016_4970-5639-1221,s2,coarse_to_fine,3,1,5.239763462783495,,,0,SPEAKER_02,3
real,400.0,long_00016_4970-5639-1221,s2,coarse_to_fine,3,2,-0.818733784643283,,,0,SPEAKER_02,3
real,400.0,long_00016_4970-5639-1221,s3,coarse_to_fine,3,1,8.734366442653522,,,0,SPEAKER_01,3
real,400.0,long_00016_4970-5639-1221,s3,coarse_to_fine,3,2,1.8854426863306255,,,0,SPEAKER_01,3
oracle,0.0,long_00017_4507-908-6829,s1,no_recursion,3,1,70.09573144356254,,,0,s1,3
oracle,0.0,long_00017_4507-908-6829,s1,no_recursion,3,2,-1.0792045856839982,,,0,s1,3
oracle,0.0,long_00017_4507-908-6829,s2,no_recursion,3,1,43.25372167899954,,,0,s2,3
oracle,0.0,long_00017_4507-908-6829,s2,no_recursion,3,2,3.6635823872943654,,,0,s2,3
oracle,0.0,long_00017_4507-908-6829,s3,no_recursion,3,1,50.043204128924174,,,0,s3,3
oracle,0.0,long_00017_4507-908-6829,s3,no_recursion,3,2,4.97441882699937,,,0,s3,3
oracle,0.0,long_00017_4507-908-6829,s1,ungated_deflation,3,1,70.09573144356254,0,0,0,s1,3
oracle,0.0,long_00017_4507-908-6829,s1,ungated_deflation,3,2,-1.0792045856839982,0,0,0,s1,3
oracle,0.0,long_00017_4507-908-6829,s2,ungated_deflation,3,1,38.91590502721104,1,1,0,s2,3
oracle,0.0,long_00017_4507-908-6829,s2,ungated_deflation,3,2,4.166316445506329,1,1,0,s2,3
oracle,0.0,long_00017_4507-908-6829,s3,ungated_deflation,3,1,46.247538521378516,2,2,0,s3,3
oracle,0.0,long_00017_4507-908-6829,s3,ungated_deflation,3,2,1.7210230729405818,2,2,0,s3,3
oracle,0.0,long_00017_4507-908-6829,s1,gated_deflation,3,1,70.09573144356254,0,0,0,s1,3
oracle,0.0,long_00017_4507-908-6829,s1,gated_deflation,3,2,-1.0792045856839982,0,0,0,s1,3
oracle,0.0,long_00017_4507-908-6829,s2,gated_deflation,3,1,38.91590502721104,1,1,0,s2,3
oracle,0.0,long_00017_4507-908-6829,s2,gated_deflation,3,2,4.166316445506329,1,1,0,s2,3
oracle,0.0,long_00017_4507-908-6829,s3,gated_deflation,3,1,46.247538521378516,2,2,0,s3,3
oracle,0.0,long_00017_4507-908-6829,s3,gated_deflation,3,2,1.7210230729405818,2,2,0,s3,3
oracle,0.0,long_00017_4507-908-6829,s1,coarse_to_fine,3,1,70.09573144356254,,,0,s1,3
oracle,0.0,long_00017_4507-908-6829,s1,coarse_to_fine,3,2,-1.0792045856839982,,,0,s1,3
oracle,0.0,long_00017_4507-908-6829,s2,coarse_to_fine,3,1,43.25372167899954,,,0,s2,3
oracle,0.0,long_00017_4507-908-6829,s2,coarse_to_fine,3,2,3.6635823872943654,,,0,s2,3
oracle,0.0,long_00017_4507-908-6829,s3,coarse_to_fine,3,1,50.043204128924174,,,0,s3,3
oracle,0.0,long_00017_4507-908-6829,s3,coarse_to_fine,3,2,4.97441882699937,,,0,s3,3
oracle,400.0,long_00017_4507-908-6829,s1,no_recursion,3,1,5.746914932067706,,,0,s1,3
oracle,400.0,long_00017_4507-908-6829,s1,no_recursion,3,2,-1.094913011435777,,,0,s1,3
oracle,400.0,long_00017_4507-908-6829,s2,no_recursion,3,1,4.081266453971829,,,0,s2,3
oracle,400.0,long_00017_4507-908-6829,s2,no_recursion,3,2,3.783020683732734,,,0,s2,3
oracle,400.0,long_00017_4507-908-6829,s3,no_recursion,3,1,8.139687969402011,,,0,s3,3
oracle,400.0,long_00017_4507-908-6829,s3,no_recursion,3,2,4.96682546783375,,,0,s3,3
oracle,400.0,long_00017_4507-908-6829,s1,ungated_deflation,3,1,5.746914932067706,0,0,0,s1,3
oracle,400.0,long_00017_4507-908-6829,s1,ungated_deflation,3,2,-1.094913011435777,0,0,0,s1,3
oracle,400.0,long_00017_4507-908-6829,s2,ungated_deflation,3,1,4.042974724292201,1,1,0,s2,3
oracle,400.0,long_00017_4507-908-6829,s2,ungated_deflation,3,2,4.317880228592668,1,1,0,s2,3
oracle,400.0,long_00017_4507-908-6829,s3,ungated_deflation,3,1,6.3422041413139425,2,2,0,s3,3
oracle,400.0,long_00017_4507-908-6829,s3,ungated_deflation,3,2,1.7518131806315846,2,2,0,s3,3
oracle,400.0,long_00017_4507-908-6829,s1,gated_deflation,3,1,5.746914932067706,0,0,0,s1,3
oracle,400.0,long_00017_4507-908-6829,s1,gated_deflation,3,2,-1.094913011435777,0,0,0,s1,3
oracle,400.0,long_00017_4507-908-6829,s2,gated_deflation,3,1,4.042974724292201,1,1,0,s2,3
oracle,400.0,long_00017_4507-908-6829,s2,gated_deflation,3,2,4.317880228592668,1,1,0,s2,3
oracle,400.0,long_00017_4507-908-6829,s3,gated_deflation,3,1,6.3422041413139425,2,2,0,s3,3
oracle,400.0,long_00017_4507-908-6829,s3,gated_deflation,3,2,1.7518131806315846,2,2,0,s3,3
oracle,400.0,long_00017_4507-908-6829,s1,coarse_to_fine,3,1,5.746914932067706,,,0,s1,3
oracle,400.0,long_00017_4507-908-6829,s1,coarse_to_fine,3,2,-1.094913011435777,,,0,s1,3
oracle,400.0,long_00017_4507-908-6829,s2,coarse_to_fine,3,1,4.081266453971829,,,0,s2,3
oracle,400.0,long_00017_4507-908-6829,s2,coarse_to_fine,3,2,3.783020683732734,,,0,s2,3
oracle,400.0,long_00017_4507-908-6829,s3,coarse_to_fine,3,1,8.139687969402011,,,0,s3,3
oracle,400.0,long_00017_4507-908-6829,s3,coarse_to_fine,3,2,4.96682546783375,,,0,s3,3
real,0.0,long_00017_4507-908-6829,s1,no_recursion,3,1,40.33967345353194,,,0,SPEAKER_02,3
real,0.0,long_00017_4507-908-6829,s1,no_recursion,3,2,-1.239296169107245,,,0,SPEAKER_02,3
real,0.0,long_00017_4507-908-6829,s2,no_recursion,3,1,38.89777132077017,,,0,SPEAKER_00,3
real,0.0,long_00017_4507-908-6829,s2,no_recursion,3,2,-4.776128191618866,,,0,SPEAKER_00,3
real,0.0,long_00017_4507-908-6829,s3,no_recursion,3,1,53.418539800871976,,,0,SPEAKER_01,3
real,0.0,long_00017_4507-908-6829,s3,no_recursion,3,2,0.39817638578585673,,,0,SPEAKER_01,3
real,0.0,long_00017_4507-908-6829,s1,ungated_deflation,3,1,40.33967345353194,1,1,0,SPEAKER_02,3
real,0.0,long_00017_4507-908-6829,s1,ungated_deflation,3,2,-3.817991336165471,1,1,0,SPEAKER_02,3
real,0.0,long_00017_4507-908-6829,s2,ungated_deflation,3,1,38.89777132077017,2,2,0,SPEAKER_00,3
real,0.0,long_00017_4507-908-6829,s2,ungated_deflation,3,2,-3.4676413774784605,2,2,0,SPEAKER_00,3
real,0.0,long_00017_4507-908-6829,s3,ungated_deflation,3,1,53.418539800871976,0,0,0,SPEAKER_01,3
real,0.0,long_00017_4507-908-6829,s3,ungated_deflation,3,2,0.39817638578585673,0,0,0,SPEAKER_01,3
real,0.0,long_00017_4507-908-6829,s1,gated_deflation,3,1,40.33967345353194,1,1,0,SPEAKER_02,3
real,0.0,long_00017_4507-908-6829,s1,gated_deflation,3,2,-3.817991336165471,1,1,0,SPEAKER_02,3
real,0.0,long_00017_4507-908-6829,s2,gated_deflation,3,1,38.89777132077017,2,2,0,SPEAKER_00,3
real,0.0,long_00017_4507-908-6829,s2,gated_deflation,3,2,-3.4676413774784605,2,2,0,SPEAKER_00,3
real,0.0,long_00017_4507-908-6829,s3,gated_deflation,3,1,53.418539800871976,0,0,0,SPEAKER_01,3
real,0.0,long_00017_4507-908-6829,s3,gated_deflation,3,2,0.39817638578585673,0,0,0,SPEAKER_01,3
real,0.0,long_00017_4507-908-6829,s1,coarse_to_fine,3,1,40.33967345353194,,,0,SPEAKER_02,3
real,0.0,long_00017_4507-908-6829,s1,coarse_to_fine,3,2,-1.239296169107245,,,0,SPEAKER_02,3
real,0.0,long_00017_4507-908-6829,s2,coarse_to_fine,3,1,38.89777132077017,,,0,SPEAKER_00,3
real,0.0,long_00017_4507-908-6829,s2,coarse_to_fine,3,2,-4.776128191618866,,,0,SPEAKER_00,3
real,0.0,long_00017_4507-908-6829,s3,coarse_to_fine,3,1,53.418539800871976,,,0,SPEAKER_01,3
real,0.0,long_00017_4507-908-6829,s3,coarse_to_fine,3,2,0.39817638578585673,,,0,SPEAKER_01,3
real,400.0,long_00017_4507-908-6829,s1,no_recursion,3,1,40.33967345353194,,,0,SPEAKER_02,3
real,400.0,long_00017_4507-908-6829,s1,no_recursion,3,2,-1.0212553487699363,,,0,SPEAKER_02,3
real,400.0,long_00017_4507-908-6829,s2,no_recursion,3,1,11.248263830818043,,,0,SPEAKER_00,3
real,400.0,long_00017_4507-908-6829,s2,no_recursion,3,2,0.7109442821405149,,,0,SPEAKER_00,3
real,400.0,long_00017_4507-908-6829,s3,no_recursion,3,1,53.418539800871976,,,0,SPEAKER_01,3
real,400.0,long_00017_4507-908-6829,s3,no_recursion,3,2,5.107657100312388,,,0,SPEAKER_01,3
real,400.0,long_00017_4507-908-6829,s1,ungated_deflation,3,1,40.33967345353194,1,1,0,SPEAKER_02,3
real,400.0,long_00017_4507-908-6829,s1,ungated_deflation,3,2,-3.9408022673509153,1,1,0,SPEAKER_02,3
real,400.0,long_00017_4507-908-6829,s2,ungated_deflation,3,1,10.407462517494757,2,2,0,SPEAKER_00,3
real,400.0,long_00017_4507-908-6829,s2,ungated_deflation,3,2,-0.7888504919123993,2,2,0,SPEAKER_00,3
real,400.0,long_00017_4507-908-6829,s3,ungated_deflation,3,1,53.418539800871976,0,0,0,SPEAKER_01,3
real,400.0,long_00017_4507-908-6829,s3,ungated_deflation,3,2,5.107657100312388,0,0,0,SPEAKER_01,3
real,400.0,long_00017_4507-908-6829,s1,gated_deflation,3,1,40.33967345353194,1,1,0,SPEAKER_02,3
real,400.0,long_00017_4507-908-6829,s1,gated_deflation,3,2,-3.9408022673509153,1,1,0,SPEAKER_02,3
real,400.0,long_00017_4507-908-6829,s2,gated_deflation,3,1,10.407462517494757,2,2,0,SPEAKER_00,3
real,400.0,long_00017_4507-908-6829,s2,gated_deflation,3,2,-0.7888504919123993,2,2,0,SPEAKER_00,3
real,400.0,long_00017_4507-908-6829,s3,gated_deflation,3,1,53.418539800871976,0,0,0,SPEAKER_01,3
real,400.0,long_00017_4507-908-6829,s3,gated_deflation,3,2,5.107657100312388,0,0,0,SPEAKER_01,3
real,400.0,long_00017_4507-908-6829,s1,coarse_to_fine,3,1,40.33967345353194,,,0,SPEAKER_02,3
real,400.0,long_00017_4507-908-6829,s1,coarse_to_fine,3,2,-1.0212553487699363,,,0,SPEAKER_02,3
real,400.0,long_00017_4507-908-6829,s2,coarse_to_fine,3,1,11.248263830818043,,,0,SPEAKER_00,3
real,400.0,long_00017_4507-908-6829,s2,coarse_to_fine,3,2,0.7109442821405149,,,0,SPEAKER_00,3
real,400.0,long_00017_4507-908-6829,s3,coarse_to_fine,3,1,53.418539800871976,,,0,SPEAKER_01,3
real,400.0,long_00017_4507-908-6829,s3,coarse_to_fine,3,2,5.107657100312388,,,0,SPEAKER_01,3
oracle,0.0,long_00018_4970-1089-3729,s1,no_recursion,3,1,99.36172641464223,,,0,s1,3
oracle,0.0,long_00018_4970-1089-3729,s1,no_recursion,3,2,1.7132476723993209,,,0,s1,3
oracle,0.0,long_00018_4970-1089-3729,s2,no_recursion,3,1,41.158787071209595,,,0,s2,3
oracle,0.0,long_00018_4970-1089-3729,s2,no_recursion,3,2,4.233848303816291,,,0,s2,3
oracle,0.0,long_00018_4970-1089-3729,s3,no_recursion,3,1,65.28380703729488,,,0,s3,3
oracle,0.0,long_00018_4970-1089-3729,s3,no_recursion,3,2,3.3053227407957264,,,0,s3,3
oracle,0.0,long_00018_4970-1089-3729,s1,ungated_deflation,3,1,99.36172641464223,0,0,0,s1,3
oracle,0.0,long_00018_4970-1089-3729,s1,ungated_deflation,3,2,1.7132476723993209,0,0,0,s1,3
oracle,0.0,long_00018_4970-1089-3729,s2,ungated_deflation,3,1,40.500292723772624,1,1,0,s2,3
oracle,0.0,long_00018_4970-1089-3729,s2,ungated_deflation,3,2,-0.6499539124765632,1,1,0,s2,3
oracle,0.0,long_00018_4970-1089-3729,s3,ungated_deflation,3,1,64.28985172699416,2,2,0,s3,3
oracle,0.0,long_00018_4970-1089-3729,s3,ungated_deflation,3,2,-4.462866749255548,2,2,0,s3,3
oracle,0.0,long_00018_4970-1089-3729,s1,gated_deflation,3,1,99.36172641464223,0,0,0,s1,3
oracle,0.0,long_00018_4970-1089-3729,s1,gated_deflation,3,2,1.7132476723993209,0,0,0,s1,3
oracle,0.0,long_00018_4970-1089-3729,s2,gated_deflation,3,1,40.500292723772624,1,1,0,s2,3
oracle,0.0,long_00018_4970-1089-3729,s2,gated_deflation,3,2,-0.6499539124765632,1,1,0,s2,3
oracle,0.0,long_00018_4970-1089-3729,s3,gated_deflation,3,1,64.28985172699416,2,2,0,s3,3
oracle,0.0,long_00018_4970-1089-3729,s3,gated_deflation,3,2,-4.462866749255548,2,2,0,s3,3
oracle,0.0,long_00018_4970-1089-3729,s1,coarse_to_fine,3,1,99.36172641464223,,,0,s1,3
oracle,0.0,long_00018_4970-1089-3729,s1,coarse_to_fine,3,2,1.7132476723993209,,,0,s1,3
oracle,0.0,long_00018_4970-1089-3729,s2,coarse_to_fine,3,1,41.158787071209595,,,0,s2,3
oracle,0.0,long_00018_4970-1089-3729,s2,coarse_to_fine,3,2,4.233848303816291,,,0,s2,3
oracle,0.0,long_00018_4970-1089-3729,s3,coarse_to_fine,3,1,65.28380703729488,,,0,s3,3
oracle,0.0,long_00018_4970-1089-3729,s3,coarse_to_fine,3,2,3.3053227407957264,,,0,s3,3
oracle,400.0,long_00018_4970-1089-3729,s1,no_recursion,3,1,54.72006287298666,,,0,s1,3
oracle,400.0,long_00018_4970-1089-3729,s1,no_recursion,3,2,1.6928086363540755,,,0,s1,3
oracle,400.0,long_00018_4970-1089-3729,s2,no_recursion,3,1,1.1268226278555016,,,0,s2,3
oracle,400.0,long_00018_4970-1089-3729,s2,no_recursion,3,2,4.164548595538802,,,0,s2,3
oracle,400.0,long_00018_4970-1089-3729,s3,no_recursion,3,1,36.80443738444577,,,0,s3,3
oracle,400.0,long_00018_4970-1089-3729,s3,no_recursion,3,2,3.440364592495399,,,0,s3,3
oracle,400.0,long_00018_4970-1089-3729,s1,ungated_deflation,3,1,54.72006287298666,0,0,0,s1,3
oracle,400.0,long_00018_4970-1089-3729,s1,ungated_deflation,3,2,1.6928086363540755,0,0,0,s1,3
oracle,400.0,long_00018_4970-1089-3729,s2,ungated_deflation,3,1,0.9881149778008087,1,1,0,s2,3
oracle,400.0,long_00018_4970-1089-3729,s2,ungated_deflation,3,2,-0.666060504686135,1,1,0,s2,3
oracle,400.0,long_00018_4970-1089-3729,s3,ungated_deflation,3,1,37.3114327407478,2,2,0,s3,3
oracle,400.0,long_00018_4970-1089-3729,s3,ungated_deflation,3,2,-4.510720270087459,2,2,0,s3,3
oracle,400.0,long_00018_4970-1089-3729,s1,gated_deflation,3,1,54.72006287298666,0,0,0,s1,3
oracle,400.0,long_00018_4970-1089-3729,s1,gated_deflation,3,2,1.6928086363540755,0,0,0,s1,3
oracle,400.0,long_00018_4970-1089-3729,s2,gated_deflation,3,1,0.9881149778008087,1,1,0,s2,3
oracle,400.0,long_00018_4970-1089-3729,s2,gated_deflation,3,2,-0.666060504686135,1,1,0,s2,3
oracle,400.0,long_00018_4970-1089-3729,s3,gated_deflation,3,1,37.3114327407478,2,2,0,s3,3
oracle,400.0,long_00018_4970-1089-3729,s3,gated_deflation,3,2,-4.510720270087459,2,2,0,s3,3
oracle,400.0,long_00018_4970-1089-3729,s1,coarse_to_fine,3,1,54.72006287298666,,,0,s1,3
oracle,400.0,long_00018_4970-1089-3729,s1,coarse_to_fine,3,2,1.6928086363540755,,,0,s1,3
oracle,400.0,long_00018_4970-1089-3729,s2,coarse_to_fine,3,1,1.1268226278555016,,,0,s2,3
oracle,400.0,long_00018_4970-1089-3729,s2,coarse_to_fine,3,2,4.164548595538802,,,0,s2,3
oracle,400.0,long_00018_4970-1089-3729,s3,coarse_to_fine,3,1,36.80443738444577,,,0,s3,3
oracle,400.0,long_00018_4970-1089-3729,s3,coarse_to_fine,3,2,3.440364592495399,,,0,s3,3
real,0.0,long_00018_4970-1089-3729,s1,no_recursion,3,1,39.89878809970756,,,0,SPEAKER_00,3
real,0.0,long_00018_4970-1089-3729,s1,no_recursion,3,2,1.9858347930351528,,,0,SPEAKER_00,3
real,0.0,long_00018_4970-1089-3729,s2,no_recursion,3,1,inf,,,0,SPEAKER_01,3
real,0.0,long_00018_4970-1089-3729,s2,no_recursion,3,2,-0.42647814982620436,,,0,SPEAKER_01,3
real,0.0,long_00018_4970-1089-3729,s3,no_recursion,3,1,36.02010853497782,,,0,SPEAKER_02,3
real,0.0,long_00018_4970-1089-3729,s3,no_recursion,3,2,1.353613907942872,,,0,SPEAKER_02,3
real,0.0,long_00018_4970-1089-3729,s1,ungated_deflation,3,1,39.89878809970756,0,0,0,SPEAKER_00,3
real,0.0,long_00018_4970-1089-3729,s1,ungated_deflation,3,2,1.9858347930351528,0,0,0,SPEAKER_00,3
real,0.0,long_00018_4970-1089-3729,s2,ungated_deflation,3,1,inf,2,2,0,SPEAKER_01,3
real,0.0,long_00018_4970-1089-3729,s2,ungated_deflation,3,2,-0.7715768752289099,2,2,0,SPEAKER_01,3
real,0.0,long_00018_4970-1089-3729,s3,ungated_deflation,3,1,36.02010853497782,1,1,0,SPEAKER_02,3
real,0.0,long_00018_4970-1089-3729,s3,ungated_deflation,3,2,-1.3539574642119565,1,1,0,SPEAKER_02,3
real,0.0,long_00018_4970-1089-3729,s1,gated_deflation,3,1,39.89878809970756,0,0,0,SPEAKER_00,3
real,0.0,long_00018_4970-1089-3729,s1,gated_deflation,3,2,1.9858347930351528,0,0,0,SPEAKER_00,3
real,0.0,long_00018_4970-1089-3729,s2,gated_deflation,3,1,inf,2,2,0,SPEAKER_01,3
real,0.0,long_00018_4970-1089-3729,s2,gated_deflation,3,2,-0.7715768752289099,2,2,0,SPEAKER_01,3
real,0.0,long_00018_4970-1089-3729,s3,gated_deflation,3,1,36.02010853497782,1,1,0,SPEAKER_02,3
real,0.0,long_00018_4970-1089-3729,s3,gated_deflation,3,2,-1.3539574642119565,1,1,0,SPEAKER_02,3
real,0.0,long_00018_4970-1089-3729,s1,coarse_to_fine,3,1,39.89878809970756,,,0,SPEAKER_00,3
real,0.0,long_00018_4970-1089-3729,s1,coarse_to_fine,3,2,1.9858347930351528,,,0,SPEAKER_00,3
real,0.0,long_00018_4970-1089-3729,s2,coarse_to_fine,3,1,inf,,,0,SPEAKER_01,3
real,0.0,long_00018_4970-1089-3729,s2,coarse_to_fine,3,2,-0.42647814982620436,,,0,SPEAKER_01,3
real,0.0,long_00018_4970-1089-3729,s3,coarse_to_fine,3,1,36.02010853497782,,,0,SPEAKER_02,3
real,0.0,long_00018_4970-1089-3729,s3,coarse_to_fine,3,2,1.353613907942872,,,0,SPEAKER_02,3
real,400.0,long_00018_4970-1089-3729,s1,no_recursion,3,1,39.89878809970756,,,0,SPEAKER_00,3
real,400.0,long_00018_4970-1089-3729,s1,no_recursion,3,2,2.10555735179914,,,0,SPEAKER_00,3
real,400.0,long_00018_4970-1089-3729,s2,no_recursion,3,1,9.764569498588621,,,0,SPEAKER_01,3
real,400.0,long_00018_4970-1089-3729,s2,no_recursion,3,2,4.531794910354733,,,0,SPEAKER_01,3
real,400.0,long_00018_4970-1089-3729,s3,no_recursion,3,1,33.807757253868616,,,0,SPEAKER_02,3
real,400.0,long_00018_4970-1089-3729,s3,no_recursion,3,2,3.0443837707144543,,,0,SPEAKER_02,3
real,400.0,long_00018_4970-1089-3729,s1,ungated_deflation,3,1,39.89878809970756,0,0,0,SPEAKER_00,3
real,400.0,long_00018_4970-1089-3729,s1,ungated_deflation,3,2,2.10555735179914,0,0,0,SPEAKER_00,3
real,400.0,long_00018_4970-1089-3729,s2,ungated_deflation,3,1,9.299329667151037,2,2,0,SPEAKER_01,3
real,400.0,long_00018_4970-1089-3729,s2,ungated_deflation,3,2,0.32977106300510123,2,2,0,SPEAKER_01,3
real,400.0,long_00018_4970-1089-3729,s3,ungated_deflation,3,1,34.23530418297111,1,1,0,SPEAKER_02,3
real,400.0,long_00018_4970-1089-3729,s3,ungated_deflation,3,2,-0.11779970678826261,1,1,0,SPEAKER_02,3
real,400.0,long_00018_4970-1089-3729,s1,gated_deflation,3,1,39.89878809970756,0,0,0,SPEAKER_00,3
real,400.0,long_00018_4970-1089-3729,s1,gated_deflation,3,2,2.10555735179914,0,0,0,SPEAKER_00,3
real,400.0,long_00018_4970-1089-3729,s2,gated_deflation,3,1,9.299329667151037,2,2,0,SPEAKER_01,3
real,400.0,long_00018_4970-1089-3729,s2,gated_deflation,3,2,0.32977106300510123,2,2,0,SPEAKER_01,3
real,400.0,long_00018_4970-1089-3729,s3,gated_deflation,3,1,34.23530418297111,1,1,0,SPEAKER_02,3
real,400.0,long_00018_4970-1089-3729,s3,gated_deflation,3,2,-0.11779970678826261,1,1,0,SPEAKER_02,3
real,400.0,long_00018_4970-1089-3729,s1,coarse_to_fine,3,1,39.89878809970756,,,0,SPEAKER_00,3
real,400.0,long_00018_4970-1089-3729,s1,coarse_to_fine,3,2,2.10555735179914,,,0,SPEAKER_00,3
real,400.0,long_00018_4970-1089-3729,s2,coarse_to_fine,3,1,9.764569498588621,,,0,SPEAKER_01,3
real,400.0,long_00018_4970-1089-3729,s2,coarse_to_fine,3,2,4.531794910354733,,,0,SPEAKER_01,3
real,400.0,long_00018_4970-1089-3729,s3,coarse_to_fine,3,1,33.807757253868616,,,0,SPEAKER_02,3
real,400.0,long_00018_4970-1089-3729,s3,coarse_to_fine,3,2,3.0443837707144543,,,0,SPEAKER_02,3
oracle,0.0,long_00019_3729-5639-3570,s1,no_recursion,3,1,48.88165983892105,,,0,s1,3
oracle,0.0,long_00019_3729-5639-3570,s1,no_recursion,3,2,2.860526355900881,,,0,s1,3
oracle,0.0,long_00019_3729-5639-3570,s2,no_recursion,3,1,82.48196097593586,,,0,s2,3
oracle,0.0,long_00019_3729-5639-3570,s2,no_recursion,3,2,-1.7519462430374957,,,0,s2,3
oracle,0.0,long_00019_3729-5639-3570,s3,no_recursion,3,1,43.71618275830156,,,0,s3,3
oracle,0.0,long_00019_3729-5639-3570,s3,no_recursion,3,2,6.582825476308962,,,0,s3,3
oracle,0.0,long_00019_3729-5639-3570,s1,ungated_deflation,3,1,48.88165983892105,0,0,0,s1,3
oracle,0.0,long_00019_3729-5639-3570,s1,ungated_deflation,3,2,2.860526355900881,0,0,0,s1,3
oracle,0.0,long_00019_3729-5639-3570,s2,ungated_deflation,3,1,82.72588813427299,1,1,0,s2,3
oracle,0.0,long_00019_3729-5639-3570,s2,ungated_deflation,3,2,-3.461229356149038,1,1,0,s2,3
oracle,0.0,long_00019_3729-5639-3570,s3,ungated_deflation,3,1,38.5690902041241,2,2,0,s3,3
oracle,0.0,long_00019_3729-5639-3570,s3,ungated_deflation,3,2,4.791927905846282,2,2,0,s3,3
oracle,0.0,long_00019_3729-5639-3570,s1,gated_deflation,3,1,48.88165983892105,0,0,0,s1,3
oracle,0.0,long_00019_3729-5639-3570,s1,gated_deflation,3,2,2.860526355900881,0,0,0,s1,3
oracle,0.0,long_00019_3729-5639-3570,s2,gated_deflation,3,1,82.72588813427299,1,1,0,s2,3
oracle,0.0,long_00019_3729-5639-3570,s2,gated_deflation,3,2,-3.461229356149038,1,1,0,s2,3
oracle,0.0,long_00019_3729-5639-3570,s3,gated_deflation,3,1,38.5690902041241,2,2,0,s3,3
oracle,0.0,long_00019_3729-5639-3570,s3,gated_deflation,3,2,4.791927905846282,2,2,0,s3,3
oracle,0.0,long_00019_3729-5639-3570,s1,coarse_to_fine,3,1,48.88165983892105,,,0,s1,3
oracle,0.0,long_00019_3729-5639-3570,s1,coarse_to_fine,3,2,2.860526355900881,,,0,s1,3
oracle,0.0,long_00019_3729-5639-3570,s2,coarse_to_fine,3,1,82.48196097593586,,,0,s2,3
oracle,0.0,long_00019_3729-5639-3570,s2,coarse_to_fine,3,2,-1.7519462430374957,,,0,s2,3
oracle,0.0,long_00019_3729-5639-3570,s3,coarse_to_fine,3,1,43.71618275830156,,,0,s3,3
oracle,0.0,long_00019_3729-5639-3570,s3,coarse_to_fine,3,2,6.582825476308962,,,0,s3,3
oracle,400.0,long_00019_3729-5639-3570,s1,no_recursion,3,1,7.575160294269772,,,0,s1,3
oracle,400.0,long_00019_3729-5639-3570,s1,no_recursion,3,2,2.980612760690498,,,0,s1,3
oracle,400.0,long_00019_3729-5639-3570,s2,no_recursion,3,1,6.864786398843023,,,0,s2,3
oracle,400.0,long_00019_3729-5639-3570,s2,no_recursion,3,2,-1.7418803024582707,,,0,s2,3
oracle,400.0,long_00019_3729-5639-3570,s3,no_recursion,3,1,9.146934596784202,,,0,s3,3
oracle,400.0,long_00019_3729-5639-3570,s3,no_recursion,3,2,6.574036254622522,,,0,s3,3
oracle,400.0,long_00019_3729-5639-3570,s1,ungated_deflation,3,1,7.575160294269772,0,0,0,s1,3
oracle,400.0,long_00019_3729-5639-3570,s1,ungated_deflation,3,2,2.980612760690498,0,0,0,s1,3
oracle,400.0,long_00019_3729-5639-3570,s2,ungated_deflation,3,1,6.678677740788266,1,1,0,s2,3
oracle,400.0,long_00019_3729-5639-3570,s2,ungated_deflation,3,2,-3.593576124481789,1,1,0,s2,3
oracle,400.0,long_00019_3729-5639-3570,s3,ungated_deflation,3,1,9.247797206435113,2,2,0,s3,3
oracle,400.0,long_00019_3729-5639-3570,s3,ungated_deflation,3,2,4.694143436527826,2,2,0,s3,3
oracle,400.0,long_00019_3729-5639-3570,s1,gated_deflation,3,1,7.575160294269772,0,0,0,s1,3
oracle,400.0,long_00019_3729-5639-3570,s1,gated_deflation,3,2,2.980612760690498,0,0,0,s1,3
oracle,400.0,long_00019_3729-5639-3570,s2,gated_deflation,3,1,6.678677740788266,1,1,0,s2,3
oracle,400.0,long_00019_3729-5639-3570,s2,gated_deflation,3,2,-3.593576124481789,1,1,0,s2,3
oracle,400.0,long_00019_3729-5639-3570,s3,gated_deflation,3,1,9.247797206435113,2,2,0,s3,3
oracle,400.0,long_00019_3729-5639-3570,s3,gated_deflation,3,2,4.694143436527826,2,2,0,s3,3
oracle,400.0,long_00019_3729-5639-3570,s1,coarse_to_fine,3,1,7.575160294269772,,,0,s1,3
oracle,400.0,long_00019_3729-5639-3570,s1,coarse_to_fine,3,2,2.980612760690498,,,0,s1,3
oracle,400.0,long_00019_3729-5639-3570,s2,coarse_to_fine,3,1,6.864786398843023,,,0,s2,3
oracle,400.0,long_00019_3729-5639-3570,s2,coarse_to_fine,3,2,-1.7418803024582707,,,0,s2,3
oracle,400.0,long_00019_3729-5639-3570,s3,coarse_to_fine,3,1,9.146934596784202,,,0,s3,3
oracle,400.0,long_00019_3729-5639-3570,s3,coarse_to_fine,3,2,6.574036254622522,,,0,s3,3
real,0.0,long_00019_3729-5639-3570,s1,no_recursion,3,1,35.47592619034114,,,0,SPEAKER_02,3
real,0.0,long_00019_3729-5639-3570,s1,no_recursion,3,2,1.6974739754481016,,,0,SPEAKER_02,3
real,0.0,long_00019_3729-5639-3570,s2,no_recursion,3,1,40.54723079993419,,,0,SPEAKER_01,3
real,0.0,long_00019_3729-5639-3570,s2,no_recursion,3,2,-3.1202553205672072,,,0,SPEAKER_01,3
real,0.0,long_00019_3729-5639-3570,s3,no_recursion,3,1,46.855154923512,,,0,SPEAKER_00,3
real,0.0,long_00019_3729-5639-3570,s3,no_recursion,3,2,-3.7330670917636866,,,0,SPEAKER_00,3
real,0.0,long_00019_3729-5639-3570,s1,ungated_deflation,3,1,35.47592619034114,0,0,0,SPEAKER_02,3
real,0.0,long_00019_3729-5639-3570,s1,ungated_deflation,3,2,1.6974739754481016,0,0,0,SPEAKER_02,3
real,0.0,long_00019_3729-5639-3570,s2,ungated_deflation,3,1,40.54723079993419,2,2,0,SPEAKER_01,3
real,0.0,long_00019_3729-5639-3570,s2,ungated_deflation,3,2,-3.5842665103208757,2,2,0,SPEAKER_01,3
real,0.0,long_00019_3729-5639-3570,s3,ungated_deflation,3,1,46.855154923512,1,1,0,SPEAKER_00,3
real,0.0,long_00019_3729-5639-3570,s3,ungated_deflation,3,2,-5.384445928386684,1,1,0,SPEAKER_00,3
real,0.0,long_00019_3729-5639-3570,s1,gated_deflation,3,1,35.47592619034114,0,0,0,SPEAKER_02,3
real,0.0,long_00019_3729-5639-3570,s1,gated_deflation,3,2,1.6974739754481016,0,0,0,SPEAKER_02,3
real,0.0,long_00019_3729-5639-3570,s2,gated_deflation,3,1,40.54723079993419,2,2,0,SPEAKER_01,3
real,0.0,long_00019_3729-5639-3570,s2,gated_deflation,3,2,-3.5842665103208757,2,2,0,SPEAKER_01,3
real,0.0,long_00019_3729-5639-3570,s3,gated_deflation,3,1,46.855154923512,1,1,0,SPEAKER_00,3
real,0.0,long_00019_3729-5639-3570,s3,gated_deflation,3,2,-5.384445928386684,1,1,0,SPEAKER_00,3
real,0.0,long_00019_3729-5639-3570,s1,coarse_to_fine,3,1,35.47592619034114,,,0,SPEAKER_02,3
real,0.0,long_00019_3729-5639-3570,s1,coarse_to_fine,3,2,1.6974739754481016,,,0,SPEAKER_02,3
real,0.0,long_00019_3729-5639-3570,s2,coarse_to_fine,3,1,40.54723079993419,,,0,SPEAKER_01,3
real,0.0,long_00019_3729-5639-3570,s2,coarse_to_fine,3,2,-3.1202553205672072,,,0,SPEAKER_01,3
real,0.0,long_00019_3729-5639-3570,s3,coarse_to_fine,3,1,46.855154923512,,,0,SPEAKER_00,3
real,0.0,long_00019_3729-5639-3570,s3,coarse_to_fine,3,2,-3.7330670917636866,,,0,SPEAKER_00,3
real,400.0,long_00019_3729-5639-3570,s1,no_recursion,3,1,11.897518508451682,,,0,SPEAKER_02,3
real,400.0,long_00019_3729-5639-3570,s1,no_recursion,3,2,1.7816485116812106,,,0,SPEAKER_02,3
real,400.0,long_00019_3729-5639-3570,s2,no_recursion,3,1,40.54723079993419,,,0,SPEAKER_01,3
real,400.0,long_00019_3729-5639-3570,s2,no_recursion,3,2,-1.8539023891483508,,,0,SPEAKER_01,3
real,400.0,long_00019_3729-5639-3570,s3,no_recursion,3,1,46.855154923512,,,0,SPEAKER_00,3
real,400.0,long_00019_3729-5639-3570,s3,no_recursion,3,2,-1.5785518256494013,,,0,SPEAKER_00,3
real,400.0,long_00019_3729-5639-3570,s1,ungated_deflation,3,1,11.897518508451682,0,0,0,SPEAKER_02,3
real,400.0,long_00019_3729-5639-3570,s1,ungated_deflation,3,2,1.7816485116812106,0,0,0,SPEAKER_02,3
real,400.0,long_00019_3729-5639-3570,s2,ungated_deflation,3,1,40.54723079993419,2,2,0,SPEAKER_01,3
real,400.0,long_00019_3729-5639-3570,s2,ungated_deflation,3,2,-3.152993348104682,2,2,0,SPEAKER_01,3
real,400.0,long_00019_3729-5639-3570,s3,ungated_deflation,3,1,46.855154923512,1,1,0,SPEAKER_00,3
real,400.0,long_00019_3729-5639-3570,s3,ungated_deflation,3,2,-3.308047340422231,1,1,0,SPEAKER_00,3
real,400.0,long_00019_3729-5639-3570,s1,gated_deflation,3,1,11.897518508451682,0,0,0,SPEAKER_02,3
real,400.0,long_00019_3729-5639-3570,s1,gated_deflation,3,2,1.7816485116812106,0,0,0,SPEAKER_02,3
real,400.0,long_00019_3729-5639-3570,s2,gated_deflation,3,1,40.54723079993419,2,2,0,SPEAKER_01,3
real,400.0,long_00019_3729-5639-3570,s2,gated_deflation,3,2,-3.152993348104682,2,2,0,SPEAKER_01,3
real,400.0,long_00019_3729-5639-3570,s3,gated_deflation,3,1,46.855154923512,1,1,0,SPEAKER_00,3
real,400.0,long_00019_3729-5639-3570,s3,gated_deflation,3,2,-3.308047340422231,1,1,0,SPEAKER_00,3
real,400.0,long_00019_3729-5639-3570,s1,coarse_to_fine,3,1,11.897518508451682,,,0,SPEAKER_02,3
real,400.0,long_00019_3729-5639-3570,s1,coarse_to_fine,3,2,1.7816485116812106,,,0,SPEAKER_02,3
real,400.0,long_00019_3729-5639-3570,s2,coarse_to_fine,3,1,40.54723079993419,,,0,SPEAKER_01,3
real,400.0,long_00019_3729-5639-3570,s2,coarse_to_fine,3,2,-1.8539023891483508,,,0,SPEAKER_01,3
real,400.0,long_00019_3729-5639-3570,s3,coarse_to_fine,3,1,46.855154923512,,,0,SPEAKER_00,3
real,400.0,long_00019_3729-5639-3570,s3,coarse_to_fine,3,2,-1.5785518256494013,,,0,SPEAKER_00,3
oracle,0.0,long_00020_1284-1580-260,s1,no_recursion,3,1,80.34285187917591,,,0,s1,3
oracle,0.0,long_00020_1284-1580-260,s1,no_recursion,3,2,1.996127170777896,,,0,s1,3
oracle,0.0,long_00020_1284-1580-260,s2,no_recursion,3,1,67.21531573188119,,,0,s2,3
oracle,0.0,long_00020_1284-1580-260,s2,no_recursion,3,2,2.733815600270777,,,0,s2,3
oracle,0.0,long_00020_1284-1580-260,s3,no_recursion,3,1,69.35994515153764,,,0,s3,3
oracle,0.0,long_00020_1284-1580-260,s3,no_recursion,3,2,8.879126285072676,,,0,s3,3
oracle,0.0,long_00020_1284-1580-260,s1,ungated_deflation,3,1,80.34285187917591,0,0,0,s1,3
oracle,0.0,long_00020_1284-1580-260,s1,ungated_deflation,3,2,1.996127170777896,0,0,0,s1,3
oracle,0.0,long_00020_1284-1580-260,s2,ungated_deflation,3,1,66.55631955502598,1,1,0,s2,3
oracle,0.0,long_00020_1284-1580-260,s2,ungated_deflation,3,2,1.131712418484292,1,1,0,s2,3
oracle,0.0,long_00020_1284-1580-260,s3,ungated_deflation,3,1,69.05942162384864,2,2,0,s3,3
oracle,0.0,long_00020_1284-1580-260,s3,ungated_deflation,3,2,0.3045186370496872,2,2,0,s3,3
oracle,0.0,long_00020_1284-1580-260,s1,gated_deflation,3,1,80.34285187917591,0,0,0,s1,3
oracle,0.0,long_00020_1284-1580-260,s1,gated_deflation,3,2,1.996127170777896,0,0,0,s1,3
oracle,0.0,long_00020_1284-1580-260,s2,gated_deflation,3,1,66.55631955502598,1,1,0,s2,3
oracle,0.0,long_00020_1284-1580-260,s2,gated_deflation,3,2,1.131712418484292,1,1,0,s2,3
oracle,0.0,long_00020_1284-1580-260,s3,gated_deflation,3,1,69.05942162384864,2,2,0,s3,3
oracle,0.0,long_00020_1284-1580-260,s3,gated_deflation,3,2,0.3045186370496872,2,2,0,s3,3
oracle,0.0,long_00020_1284-1580-260,s1,coarse_to_fine,3,1,80.34285187917591,,,0,s1,3
oracle,0.0,long_00020_1284-1580-260,s1,coarse_to_fine,3,2,1.996127170777896,,,0,s1,3
oracle,0.0,long_00020_1284-1580-260,s2,coarse_to_fine,3,1,67.21531573188119,,,0,s2,3
oracle,0.0,long_00020_1284-1580-260,s2,coarse_to_fine,3,2,2.733815600270777,,,0,s2,3
oracle,0.0,long_00020_1284-1580-260,s3,coarse_to_fine,3,1,69.35994515153764,,,0,s3,3
oracle,0.0,long_00020_1284-1580-260,s3,coarse_to_fine,3,2,8.879126285072676,,,0,s3,3
oracle,400.0,long_00020_1284-1580-260,s1,no_recursion,3,1,41.39111937433685,,,0,s1,3
oracle,400.0,long_00020_1284-1580-260,s1,no_recursion,3,2,1.7910854378970313,,,0,s1,3
oracle,400.0,long_00020_1284-1580-260,s2,no_recursion,3,1,10.796812415322417,,,0,s2,3
oracle,400.0,long_00020_1284-1580-260,s2,no_recursion,3,2,2.5865345250001175,,,0,s2,3
oracle,400.0,long_00020_1284-1580-260,s3,no_recursion,3,1,13.651593542140256,,,0,s3,3
oracle,400.0,long_00020_1284-1580-260,s3,no_recursion,3,2,8.681216982540601,,,0,s3,3
oracle,400.0,long_00020_1284-1580-260,s1,ungated_deflation,3,1,41.39111937433685,0,0,0,s1,3
oracle,400.0,long_00020_1284-1580-260,s1,ungated_deflation,3,2,1.7910854378970313,0,0,0,s1,3
oracle,400.0,long_00020_1284-1580-260,s2,ungated_deflation,3,1,10.460575056059707,1,1,0,s2,3
oracle,400.0,long_00020_1284-1580-260,s2,ungated_deflation,3,2,1.0454901994654033,1,1,0,s2,3
oracle,400.0,long_00020_1284-1580-260,s3,ungated_deflation,3,1,14.125199572674603,2,2,0,s3,3
oracle,400.0,long_00020_1284-1580-260,s3,ungated_deflation,3,2,0.34553794015714834,2,2,0,s3,3
oracle,400.0,long_00020_1284-1580-260,s1,gated_deflation,3,1,41.39111937433685,0,0,0,s1,3
oracle,400.0,long_00020_1284-1580-260,s1,gated_deflation,3,2,1.7910854378970313,0,0,0,s1,3
oracle,400.0,long_00020_1284-1580-260,s2,gated_deflation,3,1,10.460575056059707,1,1,0,s2,3
oracle,400.0,long_00020_1284-1580-260,s2,gated_deflation,3,2,1.0454901994654033,1,1,0,s2,3
oracle,400.0,long_00020_1284-1580-260,s3,gated_deflation,3,1,14.125199572674603,2,2,0,s3,3
oracle,400.0,long_00020_1284-1580-260,s3,gated_deflation,3,2,0.34553794015714834,2,2,0,s3,3
oracle,400.0,long_00020_1284-1580-260,s1,coarse_to_fine,3,1,41.39111937433685,,,0,s1,3
oracle,400.0,long_00020_1284-1580-260,s1,coarse_to_fine,3,2,1.7910854378970313,,,0,s1,3
oracle,400.0,long_00020_1284-1580-260,s2,coarse_to_fine,3,1,10.796812415322417,,,0,s2,3
oracle,400.0,long_00020_1284-1580-260,s2,coarse_to_fine,3,2,2.5865345250001175,,,0,s2,3
oracle,400.0,long_00020_1284-1580-260,s3,coarse_to_fine,3,1,13.651593542140256,,,0,s3,3
oracle,400.0,long_00020_1284-1580-260,s3,coarse_to_fine,3,2,8.681216982540601,,,0,s3,3
real,0.0,long_00020_1284-1580-260,s1,no_recursion,3,1,41.135555853347824,,,0,SPEAKER_01,3
real,0.0,long_00020_1284-1580-260,s1,no_recursion,3,2,-2.952746470306563,,,0,SPEAKER_01,3
real,0.0,long_00020_1284-1580-260,s2,no_recursion,3,1,28.790587786530047,,,0,SPEAKER_02,3
real,0.0,long_00020_1284-1580-260,s2,no_recursion,3,2,-1.6680535200813082,,,0,SPEAKER_02,3
real,0.0,long_00020_1284-1580-260,s3,no_recursion,3,1,47.389265867166124,,,0,SPEAKER_00,3
real,0.0,long_00020_1284-1580-260,s3,no_recursion,3,2,2.378656422564852,,,0,SPEAKER_00,3
real,0.0,long_00020_1284-1580-260,s1,ungated_deflation,3,1,41.135555853347824,2,2,0,SPEAKER_01,3
real,0.0,long_00020_1284-1580-260,s1,ungated_deflation,3,2,-2.9805862271591224,2,2,0,SPEAKER_01,3
real,0.0,long_00020_1284-1580-260,s2,ungated_deflation,3,1,28.790587786530047,1,1,0,SPEAKER_02,3
real,0.0,long_00020_1284-1580-260,s2,ungated_deflation,3,2,-1.8134504667498474,1,1,0,SPEAKER_02,3
real,0.0,long_00020_1284-1580-260,s3,ungated_deflation,3,1,47.389265867166124,0,0,0,SPEAKER_00,3
real,0.0,long_00020_1284-1580-260,s3,ungated_deflation,3,2,2.378656422564852,0,0,0,SPEAKER_00,3
real,0.0,long_00020_1284-1580-260,s1,gated_deflation,3,1,41.135555853347824,2,2,0,SPEAKER_01,3
real,0.0,long_00020_1284-1580-260,s1,gated_deflation,3,2,-2.9805862271591224,2,2,0,SPEAKER_01,3
real,0.0,long_00020_1284-1580-260,s2,gated_deflation,3,1,28.790587786530047,1,1,0,SPEAKER_02,3
real,0.0,long_00020_1284-1580-260,s2,gated_deflation,3,2,-1.8134504667498474,1,1,0,SPEAKER_02,3
real,0.0,long_00020_1284-1580-260,s3,gated_deflation,3,1,47.389265867166124,0,0,0,SPEAKER_00,3
real,0.0,long_00020_1284-1580-260,s3,gated_deflation,3,2,2.378656422564852,0,0,0,SPEAKER_00,3
real,0.0,long_00020_1284-1580-260,s1,coarse_to_fine,3,1,41.135555853347824,,,0,SPEAKER_01,3
real,0.0,long_00020_1284-1580-260,s1,coarse_to_fine,3,2,-2.952746470306563,,,0,SPEAKER_01,3
real,0.0,long_00020_1284-1580-260,s2,coarse_to_fine,3,1,28.790587786530047,,,0,SPEAKER_02,3
real,0.0,long_00020_1284-1580-260,s2,coarse_to_fine,3,2,-1.6680535200813082,,,0,SPEAKER_02,3
real,0.0,long_00020_1284-1580-260,s3,coarse_to_fine,3,1,47.389265867166124,,,0,SPEAKER_00,3
real,0.0,long_00020_1284-1580-260,s3,coarse_to_fine,3,2,2.378656422564852,,,0,SPEAKER_00,3
real,400.0,long_00020_1284-1580-260,s1,no_recursion,3,1,41.135555853347824,,,0,SPEAKER_01,3
real,400.0,long_00020_1284-1580-260,s1,no_recursion,3,2,0.02436971825871468,,,0,SPEAKER_01,3
real,400.0,long_00020_1284-1580-260,s2,no_recursion,3,1,21.24679408544653,,,0,SPEAKER_02,3
real,400.0,long_00020_1284-1580-260,s2,no_recursion,3,2,2.7351472855104175,,,0,SPEAKER_02,3
real,400.0,long_00020_1284-1580-260,s3,no_recursion,3,1,47.389265867166124,,,0,SPEAKER_00,3
real,400.0,long_00020_1284-1580-260,s3,no_recursion,3,2,8.505644598505253,,,0,SPEAKER_00,3
real,400.0,long_00020_1284-1580-260,s1,ungated_deflation,3,1,41.135555853347824,2,2,0,SPEAKER_01,3
real,400.0,long_00020_1284-1580-260,s1,ungated_deflation,3,2,-1.7942600854738089,2,2,0,SPEAKER_01,3
real,400.0,long_00020_1284-1580-260,s2,ungated_deflation,3,1,21.42230099858068,1,1,0,SPEAKER_02,3
real,400.0,long_00020_1284-1580-260,s2,ungated_deflation,3,2,1.289568326035321,1,1,0,SPEAKER_02,3
real,400.0,long_00020_1284-1580-260,s3,ungated_deflation,3,1,47.389265867166124,0,0,0,SPEAKER_00,3
real,400.0,long_00020_1284-1580-260,s3,ungated_deflation,3,2,8.505644598505253,0,0,0,SPEAKER_00,3
real,400.0,long_00020_1284-1580-260,s1,gated_deflation,3,1,41.135555853347824,2,2,0,SPEAKER_01,3
real,400.0,long_00020_1284-1580-260,s1,gated_deflation,3,2,-1.7942600854738089,2,2,0,SPEAKER_01,3
real,400.0,long_00020_1284-1580-260,s2,gated_deflation,3,1,21.42230099858068,1,1,0,SPEAKER_02,3
real,400.0,long_00020_1284-1580-260,s2,gated_deflation,3,2,1.289568326035321,1,1,0,SPEAKER_02,3
real,400.0,long_00020_1284-1580-260,s3,gated_deflation,3,1,47.389265867166124,0,0,0,SPEAKER_00,3
real,400.0,long_00020_1284-1580-260,s3,gated_deflation,3,2,8.505644598505253,0,0,0,SPEAKER_00,3
real,400.0,long_00020_1284-1580-260,s1,coarse_to_fine,3,1,41.135555853347824,,,0,SPEAKER_01,3
real,400.0,long_00020_1284-1580-260,s1,coarse_to_fine,3,2,0.02436971825871468,,,0,SPEAKER_01,3
real,400.0,long_00020_1284-1580-260,s2,coarse_to_fine,3,1,21.24679408544653,,,0,SPEAKER_02,3
real,400.0,long_00020_1284-1580-260,s2,coarse_to_fine,3,2,2.7351472855104175,,,0,SPEAKER_02,3
real,400.0,long_00020_1284-1580-260,s3,coarse_to_fine,3,1,47.389265867166124,,,0,SPEAKER_00,3
real,400.0,long_00020_1284-1580-260,s3,coarse_to_fine,3,2,8.505644598505253,,,0,SPEAKER_00,3
oracle,0.0,long_00021_4507-260-1580,s1,no_recursion,3,1,48.57219792368263,,,0,s1,3
oracle,0.0,long_00021_4507-260-1580,s1,no_recursion,3,2,2.961911420133962,,,0,s1,3
oracle,0.0,long_00021_4507-260-1580,s2,no_recursion,3,1,50.852357987933495,,,0,s2,3
oracle,0.0,long_00021_4507-260-1580,s2,no_recursion,3,2,3.992094982269922,,,0,s2,3
oracle,0.0,long_00021_4507-260-1580,s3,no_recursion,3,1,66.584063805376,,,0,s3,3
oracle,0.0,long_00021_4507-260-1580,s3,no_recursion,3,2,4.579624390288314,,,0,s3,3
oracle,0.0,long_00021_4507-260-1580,s1,ungated_deflation,3,1,48.57219792368263,0,0,0,s1,3
oracle,0.0,long_00021_4507-260-1580,s1,ungated_deflation,3,2,2.961911420133962,0,0,0,s1,3
oracle,0.0,long_00021_4507-260-1580,s2,ungated_deflation,3,1,50.5246881550488,1,1,0,s2,3
oracle,0.0,long_00021_4507-260-1580,s2,ungated_deflation,3,2,2.9672099608722924,1,1,0,s2,3
oracle,0.0,long_00021_4507-260-1580,s3,ungated_deflation,3,1,66.32052009084431,2,2,0,s3,3
oracle,0.0,long_00021_4507-260-1580,s3,ungated_deflation,3,2,4.113993707793348,2,2,0,s3,3
oracle,0.0,long_00021_4507-260-1580,s1,gated_deflation,3,1,48.57219792368263,0,0,0,s1,3
oracle,0.0,long_00021_4507-260-1580,s1,gated_deflation,3,2,2.961911420133962,0,0,0,s1,3
oracle,0.0,long_00021_4507-260-1580,s2,gated_deflation,3,1,50.5246881550488,1,1,0,s2,3
oracle,0.0,long_00021_4507-260-1580,s2,gated_deflation,3,2,2.9672099608722924,1,1,0,s2,3
oracle,0.0,long_00021_4507-260-1580,s3,gated_deflation,3,1,66.32052009084431,2,2,0,s3,3
oracle,0.0,long_00021_4507-260-1580,s3,gated_deflation,3,2,4.113993707793348,2,2,0,s3,3
oracle,0.0,long_00021_4507-260-1580,s1,coarse_to_fine,3,1,48.57219792368263,,,0,s1,3
oracle,0.0,long_00021_4507-260-1580,s1,coarse_to_fine,3,2,2.961911420133962,,,0,s1,3
oracle,0.0,long_00021_4507-260-1580,s2,coarse_to_fine,3,1,50.852357987933495,,,0,s2,3
oracle,0.0,long_00021_4507-260-1580,s2,coarse_to_fine,3,2,3.992094982269922,,,0,s2,3
oracle,0.0,long_00021_4507-260-1580,s3,coarse_to_fine,3,1,66.584063805376,,,0,s3,3
oracle,0.0,long_00021_4507-260-1580,s3,coarse_to_fine,3,2,4.579624390288314,,,0,s3,3
oracle,400.0,long_00021_4507-260-1580,s1,no_recursion,3,1,8.800606421372583,,,0,s1,3
oracle,400.0,long_00021_4507-260-1580,s1,no_recursion,3,2,2.9637476830593283,,,0,s1,3
oracle,400.0,long_00021_4507-260-1580,s2,no_recursion,3,1,1.777931065597885,,,0,s2,3
oracle,400.0,long_00021_4507-260-1580,s2,no_recursion,3,2,3.6584852424215546,,,0,s2,3
oracle,400.0,long_00021_4507-260-1580,s3,no_recursion,3,1,13.852784198753135,,,0,s3,3
oracle,400.0,long_00021_4507-260-1580,s3,no_recursion,3,2,4.5814638003073735,,,0,s3,3
oracle,400.0,long_00021_4507-260-1580,s1,ungated_deflation,3,1,8.800606421372583,0,0,0,s1,3
oracle,400.0,long_00021_4507-260-1580,s1,ungated_deflation,3,2,2.9637476830593283,0,0,0,s1,3
oracle,400.0,long_00021_4507-260-1580,s2,ungated_deflation,3,1,0.8643054775642944,1,1,0,s2,3
oracle,400.0,long_00021_4507-260-1580,s2,ungated_deflation,3,2,2.879068205267429,1,1,0,s2,3
oracle,400.0,long_00021_4507-260-1580,s3,ungated_deflation,3,1,12.562589302848238,2,2,0,s3,3
oracle,400.0,long_00021_4507-260-1580,s3,ungated_deflation,3,2,4.0692605025524395,2,2,0,s3,3
oracle,400.0,long_00021_4507-260-1580,s1,gated_deflation,3,1,8.800606421372583,0,0,0,s1,3
oracle,400.0,long_00021_4507-260-1580,s1,gated_deflation,3,2,2.9637476830593283,0,0,0,s1,3
oracle,400.0,long_00021_4507-260-1580,s2,gated_deflation,3,1,0.8643054775642944,1,1,0,s2,3
oracle,400.0,long_00021_4507-260-1580,s2,gated_deflation,3,2,2.879068205267429,1,1,0,s2,3
oracle,400.0,long_00021_4507-260-1580,s3,gated_deflation,3,1,12.562589302848238,2,2,0,s3,3
oracle,400.0,long_00021_4507-260-1580,s3,gated_deflation,3,2,4.0692605025524395,2,2,0,s3,3
oracle,400.0,long_00021_4507-260-1580,s1,coarse_to_fine,3,1,8.800606421372583,,,0,s1,3
oracle,400.0,long_00021_4507-260-1580,s1,coarse_to_fine,3,2,2.9637476830593283,,,0,s1,3
oracle,400.0,long_00021_4507-260-1580,s2,coarse_to_fine,3,1,1.777931065597885,,,0,s2,3
oracle,400.0,long_00021_4507-260-1580,s2,coarse_to_fine,3,2,3.6584852424215546,,,0,s2,3
oracle,400.0,long_00021_4507-260-1580,s3,coarse_to_fine,3,1,13.852784198753135,,,0,s3,3
oracle,400.0,long_00021_4507-260-1580,s3,coarse_to_fine,3,2,4.5814638003073735,,,0,s3,3
real,0.0,long_00021_4507-260-1580,s1,no_recursion,3,1,42.215481387518665,,,0,SPEAKER_01,3
real,0.0,long_00021_4507-260-1580,s1,no_recursion,3,2,0.9736324835919801,,,0,SPEAKER_01,3
real,0.0,long_00021_4507-260-1580,s2,no_recursion,3,1,56.3253946533597,,,0,SPEAKER_00,3
real,0.0,long_00021_4507-260-1580,s2,no_recursion,3,2,-1.4076228890368256,,,0,SPEAKER_00,3
real,0.0,long_00021_4507-260-1580,s3,no_recursion,3,1,36.464914860375984,,,0,SPEAKER_02,3
real,0.0,long_00021_4507-260-1580,s3,no_recursion,3,2,-2.045732182909424,,,0,SPEAKER_02,3
real,0.0,long_00021_4507-260-1580,s1,ungated_deflation,3,1,42.215481387518665,1,1,0,SPEAKER_01,3
real,0.0,long_00021_4507-260-1580,s1,ungated_deflation,3,2,-0.39775339649432684,1,1,0,SPEAKER_01,3
real,0.0,long_00021_4507-260-1580,s2,ungated_deflation,3,1,56.3253946533597,2,2,0,SPEAKER_00,3
real,0.0,long_00021_4507-260-1580,s2,ungated_deflation,3,2,-3.7266643518794655,2,2,0,SPEAKER_00,3
real,0.0,long_00021_4507-260-1580,s3,ungated_deflation,3,1,36.464914860375984,0,0,0,SPEAKER_02,3
real,0.0,long_00021_4507-260-1580,s3,ungated_deflation,3,2,-2.045732182909424,0,0,0,SPEAKER_02,3
real,0.0,long_00021_4507-260-1580,s1,gated_deflation,3,1,42.215481387518665,1,1,0,SPEAKER_01,3
real,0.0,long_00021_4507-260-1580,s1,gated_deflation,3,2,-0.39775339649432684,1,1,0,SPEAKER_01,3
real,0.0,long_00021_4507-260-1580,s2,gated_deflation,3,1,56.3253946533597,2,2,0,SPEAKER_00,3
real,0.0,long_00021_4507-260-1580,s2,gated_deflation,3,2,-3.7266643518794655,2,2,0,SPEAKER_00,3
real,0.0,long_00021_4507-260-1580,s3,gated_deflation,3,1,36.464914860375984,0,0,0,SPEAKER_02,3
real,0.0,long_00021_4507-260-1580,s3,gated_deflation,3,2,-2.045732182909424,0,0,0,SPEAKER_02,3
real,0.0,long_00021_4507-260-1580,s1,coarse_to_fine,3,1,42.215481387518665,,,0,SPEAKER_01,3
real,0.0,long_00021_4507-260-1580,s1,coarse_to_fine,3,2,0.9736324835919801,,,0,SPEAKER_01,3
real,0.0,long_00021_4507-260-1580,s2,coarse_to_fine,3,1,56.3253946533597,,,0,SPEAKER_00,3
real,0.0,long_00021_4507-260-1580,s2,coarse_to_fine,3,2,-1.4076228890368256,,,0,SPEAKER_00,3
real,0.0,long_00021_4507-260-1580,s3,coarse_to_fine,3,1,36.464914860375984,,,0,SPEAKER_02,3
real,0.0,long_00021_4507-260-1580,s3,coarse_to_fine,3,2,-2.045732182909424,,,0,SPEAKER_02,3
real,400.0,long_00021_4507-260-1580,s1,no_recursion,3,1,17.436954299878703,,,0,SPEAKER_01,3
real,400.0,long_00021_4507-260-1580,s1,no_recursion,3,2,2.8554619511692025,,,0,SPEAKER_01,3
real,400.0,long_00021_4507-260-1580,s2,no_recursion,3,1,10.803109666187405,,,0,SPEAKER_00,3
real,400.0,long_00021_4507-260-1580,s2,no_recursion,3,2,3.8592016203646895,,,0,SPEAKER_00,3
real,400.0,long_00021_4507-260-1580,s3,no_recursion,3,1,36.464914860375984,,,0,SPEAKER_02,3
real,400.0,long_00021_4507-260-1580,s3,no_recursion,3,2,5.691893584165882,,,0,SPEAKER_02,3
real,400.0,long_00021_4507-260-1580,s1,ungated_deflation,3,1,19.752732063554756,1,1,0,SPEAKER_01,3
real,400.0,long_00021_4507-260-1580,s1,ungated_deflation,3,2,0.7993168481193756,1,1,0,SPEAKER_01,3
real,400.0,long_00021_4507-260-1580,s2,ungated_deflation,3,1,11.656332011997122,2,2,0,SPEAKER_00,3
real,400.0,long_00021_4507-260-1580,s2,ungated_deflation,3,2,-1.3935872565534202,2,2,0,SPEAKER_00,3
real,400.0,long_00021_4507-260-1580,s3,ungated_deflation,3,1,36.464914860375984,0,0,0,SPEAKER_02,3
real,400.0,long_00021_4507-260-1580,s3,ungated_deflation,3,2,5.691893584165882,0,0,0,SPEAKER_02,3
real,400.0,long_00021_4507-260-1580,s1,gated_deflation,3,1,19.752732063554756,1,1,0,SPEAKER_01,3
real,400.0,long_00021_4507-260-1580,s1,gated_deflation,3,2,0.7993168481193756,1,1,0,SPEAKER_01,3
real,400.0,long_00021_4507-260-1580,s2,gated_deflation,3,1,11.656332011997122,2,2,0,SPEAKER_00,3
real,400.0,long_00021_4507-260-1580,s2,gated_deflation,3,2,-1.3935872565534202,2,2,0,SPEAKER_00,3
real,400.0,long_00021_4507-260-1580,s3,gated_deflation,3,1,36.464914860375984,0,0,0,SPEAKER_02,3
real,400.0,long_00021_4507-260-1580,s3,gated_deflation,3,2,5.691893584165882,0,0,0,SPEAKER_02,3
real,400.0,long_00021_4507-260-1580,s1,coarse_to_fine,3,1,17.436954299878703,,,0,SPEAKER_01,3
real,400.0,long_00021_4507-260-1580,s1,coarse_to_fine,3,2,2.8554619511692025,,,0,SPEAKER_01,3
real,400.0,long_00021_4507-260-1580,s2,coarse_to_fine,3,1,10.803109666187405,,,0,SPEAKER_00,3
real,400.0,long_00021_4507-260-1580,s2,coarse_to_fine,3,2,3.8592016203646895,,,0,SPEAKER_00,3
real,400.0,long_00021_4507-260-1580,s3,coarse_to_fine,3,1,36.464914860375984,,,0,SPEAKER_02,3
real,400.0,long_00021_4507-260-1580,s3,coarse_to_fine,3,2,5.691893584165882,,,0,SPEAKER_02,3
oracle,0.0,long_00022_1320-4992-7729,s1,no_recursion,3,1,54.071369461475655,,,0,s1,3
oracle,0.0,long_00022_1320-4992-7729,s1,no_recursion,3,2,6.385534706085697,,,0,s1,3
oracle,0.0,long_00022_1320-4992-7729,s2,no_recursion,3,1,55.26704604331354,,,0,s2,3
oracle,0.0,long_00022_1320-4992-7729,s2,no_recursion,3,2,3.898654080588249,,,0,s2,3
oracle,0.0,long_00022_1320-4992-7729,s3,no_recursion,3,1,53.01317312550178,,,0,s3,3
oracle,0.0,long_00022_1320-4992-7729,s3,no_recursion,3,2,5.421459157392398,,,0,s3,3
oracle,0.0,long_00022_1320-4992-7729,s1,ungated_deflation,3,1,54.071369461475655,0,0,0,s1,3
oracle,0.0,long_00022_1320-4992-7729,s1,ungated_deflation,3,2,6.385534706085697,0,0,0,s1,3
oracle,0.0,long_00022_1320-4992-7729,s2,ungated_deflation,3,1,55.2523826477417,1,1,0,s2,3
oracle,0.0,long_00022_1320-4992-7729,s2,ungated_deflation,3,2,1.8321921508776449,1,1,0,s2,3
oracle,0.0,long_00022_1320-4992-7729,s3,ungated_deflation,3,1,44.4934174718777,2,2,0,s3,3
oracle,0.0,long_00022_1320-4992-7729,s3,ungated_deflation,3,2,2.9865967167539886,2,2,0,s3,3
oracle,0.0,long_00022_1320-4992-7729,s1,gated_deflation,3,1,54.071369461475655,0,0,0,s1,3
oracle,0.0,long_00022_1320-4992-7729,s1,gated_deflation,3,2,6.385534706085697,0,0,0,s1,3
oracle,0.0,long_00022_1320-4992-7729,s2,gated_deflation,3,1,55.2523826477417,1,1,0,s2,3
oracle,0.0,long_00022_1320-4992-7729,s2,gated_deflation,3,2,1.8321921508776449,1,1,0,s2,3
oracle,0.0,long_00022_1320-4992-7729,s3,gated_deflation,3,1,44.4934174718777,2,2,0,s3,3
oracle,0.0,long_00022_1320-4992-7729,s3,gated_deflation,3,2,2.9865967167539886,2,2,0,s3,3
oracle,0.0,long_00022_1320-4992-7729,s1,coarse_to_fine,3,1,54.071369461475655,,,0,s1,3
oracle,0.0,long_00022_1320-4992-7729,s1,coarse_to_fine,3,2,6.385534706085697,,,0,s1,3
oracle,0.0,long_00022_1320-4992-7729,s2,coarse_to_fine,3,1,55.26704604331354,,,0,s2,3
oracle,0.0,long_00022_1320-4992-7729,s2,coarse_to_fine,3,2,3.898654080588249,,,0,s2,3
oracle,0.0,long_00022_1320-4992-7729,s3,coarse_to_fine,3,1,53.01317312550178,,,0,s3,3
oracle,0.0,long_00022_1320-4992-7729,s3,coarse_to_fine,3,2,5.421459157392398,,,0,s3,3
oracle,400.0,long_00022_1320-4992-7729,s1,no_recursion,3,1,2.503710896838042,,,0,s1,3
oracle,400.0,long_00022_1320-4992-7729,s1,no_recursion,3,2,6.373174166202569,,,0,s1,3
oracle,400.0,long_00022_1320-4992-7729,s2,no_recursion,3,1,2.5129272755269976,,,0,s2,3
oracle,400.0,long_00022_1320-4992-7729,s2,no_recursion,3,2,3.9357732221956594,,,0,s2,3
oracle,400.0,long_00022_1320-4992-7729,s3,no_recursion,3,1,6.932067497683516,,,0,s3,3
oracle,400.0,long_00022_1320-4992-7729,s3,no_recursion,3,2,5.412173481477881,,,0,s3,3
oracle,400.0,long_00022_1320-4992-7729,s1,ungated_deflation,3,1,2.503710896838042,0,0,0,s1,3
oracle,400.0,long_00022_1320-4992-7729,s1,ungated_deflation,3,2,6.373174166202569,0,0,0,s1,3
oracle,400.0,long_00022_1320-4992-7729,s2,ungated_deflation,3,1,2.3200869756467717,1,1,0,s2,3
oracle,400.0,long_00022_1320-4992-7729,s2,ungated_deflation,3,2,1.941912272024743,1,1,0,s2,3
oracle,400.0,long_00022_1320-4992-7729,s3,ungated_deflation,3,1,7.684455899643632,2,2,0,s3,3
oracle,400.0,long_00022_1320-4992-7729,s3,ungated_deflation,3,2,2.923923211627266,2,2,0,s3,3
oracle,400.0,long_00022_1320-4992-7729,s1,gated_deflation,3,1,2.503710896838042,0,0,0,s1,3
oracle,400.0,long_00022_1320-4992-7729,s1,gated_deflation,3,2,6.373174166202569,0,0,0,s1,3
oracle,400.0,long_00022_1320-4992-7729,s2,gated_deflation,3,1,2.3200869756467717,1,1,0,s2,3
oracle,400.0,long_00022_1320-4992-7729,s2,gated_deflation,3,2,1.941912272024743,1,1,0,s2,3
oracle,400.0,long_00022_1320-4992-7729,s3,gated_deflation,3,1,7.684455899643632,2,2,0,s3,3
oracle,400.0,long_00022_1320-4992-7729,s3,gated_deflation,3,2,2.923923211627266,2,2,0,s3,3
oracle,400.0,long_00022_1320-4992-7729,s1,coarse_to_fine,3,1,2.503710896838042,,,0,s1,3
oracle,400.0,long_00022_1320-4992-7729,s1,coarse_to_fine,3,2,6.373174166202569,,,0,s1,3
oracle,400.0,long_00022_1320-4992-7729,s2,coarse_to_fine,3,1,2.5129272755269976,,,0,s2,3
oracle,400.0,long_00022_1320-4992-7729,s2,coarse_to_fine,3,2,3.9357732221956594,,,0,s2,3
oracle,400.0,long_00022_1320-4992-7729,s3,coarse_to_fine,3,1,6.932067497683516,,,0,s3,3
oracle,400.0,long_00022_1320-4992-7729,s3,coarse_to_fine,3,2,5.412173481477881,,,0,s3,3
real,0.0,long_00022_1320-4992-7729,s1,no_recursion,3,1,34.11337592914093,,,0,SPEAKER_00,3
real,0.0,long_00022_1320-4992-7729,s1,no_recursion,3,2,4.369554630459879,,,0,SPEAKER_00,3
real,0.0,long_00022_1320-4992-7729,s2,no_recursion,3,1,41.740669930801324,,,0,SPEAKER_02,3
real,0.0,long_00022_1320-4992-7729,s2,no_recursion,3,2,3.386660818822068,,,0,SPEAKER_02,3
real,0.0,long_00022_1320-4992-7729,s3,no_recursion,3,1,46.08209602903899,,,0,SPEAKER_01,3
real,0.0,long_00022_1320-4992-7729,s3,no_recursion,3,2,0.3849883370816218,,,0,SPEAKER_01,3
real,0.0,long_00022_1320-4992-7729,s1,ungated_deflation,3,1,34.11337592914093,0,0,0,SPEAKER_00,3
real,0.0,long_00022_1320-4992-7729,s1,ungated_deflation,3,2,4.369554630459879,0,0,0,SPEAKER_00,3
real,0.0,long_00022_1320-4992-7729,s2,ungated_deflation,3,1,41.740669930801324,2,2,0,SPEAKER_02,3
real,0.0,long_00022_1320-4992-7729,s2,ungated_deflation,3,2,1.65060934080241,2,2,0,SPEAKER_02,3
real,0.0,long_00022_1320-4992-7729,s3,ungated_deflation,3,1,46.08209602903899,1,1,0,SPEAKER_01,3
real,0.0,long_00022_1320-4992-7729,s3,ungated_deflation,3,2,1.0731292468098732,1,1,0,SPEAKER_01,3
real,0.0,long_00022_1320-4992-7729,s1,gated_deflation,3,1,34.11337592914093,0,0,0,SPEAKER_00,3
real,0.0,long_00022_1320-4992-7729,s1,gated_deflation,3,2,4.369554630459879,0,0,0,SPEAKER_00,3
real,0.0,long_00022_1320-4992-7729,s2,gated_deflation,3,1,41.740669930801324,2,2,0,SPEAKER_02,3
real,0.0,long_00022_1320-4992-7729,s2,gated_deflation,3,2,1.65060934080241,2,2,0,SPEAKER_02,3
real,0.0,long_00022_1320-4992-7729,s3,gated_deflation,3,1,46.08209602903899,1,1,0,SPEAKER_01,3
real,0.0,long_00022_1320-4992-7729,s3,gated_deflation,3,2,1.0731292468098732,1,1,0,SPEAKER_01,3
real,0.0,long_00022_1320-4992-7729,s1,coarse_to_fine,3,1,34.11337592914093,,,0,SPEAKER_00,3
real,0.0,long_00022_1320-4992-7729,s1,coarse_to_fine,3,2,4.369554630459879,,,0,SPEAKER_00,3
real,0.0,long_00022_1320-4992-7729,s2,coarse_to_fine,3,1,41.740669930801324,,,0,SPEAKER_02,3
real,0.0,long_00022_1320-4992-7729,s2,coarse_to_fine,3,2,3.386660818822068,,,0,SPEAKER_02,3
real,0.0,long_00022_1320-4992-7729,s3,coarse_to_fine,3,1,46.08209602903899,,,0,SPEAKER_01,3
real,0.0,long_00022_1320-4992-7729,s3,coarse_to_fine,3,2,0.3849883370816218,,,0,SPEAKER_01,3
real,400.0,long_00022_1320-4992-7729,s1,no_recursion,3,1,34.11337592914093,,,0,SPEAKER_00,3
real,400.0,long_00022_1320-4992-7729,s1,no_recursion,3,2,6.0698443927451144,,,0,SPEAKER_00,3
real,400.0,long_00022_1320-4992-7729,s2,no_recursion,3,1,41.740669930801324,,,0,SPEAKER_02,3
real,400.0,long_00022_1320-4992-7729,s2,no_recursion,3,2,3.780210830302693,,,0,SPEAKER_02,3
real,400.0,long_00022_1320-4992-7729,s3,no_recursion,3,1,12.264116993750324,,,0,SPEAKER_01,3
real,400.0,long_00022_1320-4992-7729,s3,no_recursion,3,2,4.7731762480447095,,,0,SPEAKER_01,3
real,400.0,long_00022_1320-4992-7729,s1,ungated_deflation,3,1,34.11337592914093,0,0,0,SPEAKER_00,3
real,400.0,long_00022_1320-4992-7729,s1,ungated_deflation,3,2,6.0698443927451144,0,0,0,SPEAKER_00,3
real,400.0,long_00022_1320-4992-7729,s2,ungated_deflation,3,1,41.740669930801324,2,2,0,SPEAKER_02,3
real,400.0,long_00022_1320-4992-7729,s2,ungated_deflation,3,2,1.7572157821009693,2,2,0,SPEAKER_02,3
real,400.0,long_00022_1320-4992-7729,s3,ungated_deflation,3,1,9.214534453432291,1,1,0,SPEAKER_01,3
real,400.0,long_00022_1320-4992-7729,s3,ungated_deflation,3,2,5.6354994111449574,1,1,0,SPEAKER_01,3
real,400.0,long_00022_1320-4992-7729,s1,gated_deflation,3,1,34.11337592914093,0,0,0,SPEAKER_00,3
real,400.0,long_00022_1320-4992-7729,s1,gated_deflation,3,2,6.0698443927451144,0,0,0,SPEAKER_00,3
real,400.0,long_00022_1320-4992-7729,s2,gated_deflation,3,1,41.740669930801324,2,2,0,SPEAKER_02,3
real,400.0,long_00022_1320-4992-7729,s2,gated_deflation,3,2,1.7572157821009693,2,2,0,SPEAKER_02,3
real,400.0,long_00022_1320-4992-7729,s3,gated_deflation,3,1,9.214534453432291,1,1,0,SPEAKER_01,3
real,400.0,long_00022_1320-4992-7729,s3,gated_deflation,3,2,5.6354994111449574,1,1,0,SPEAKER_01,3
real,400.0,long_00022_1320-4992-7729,s1,coarse_to_fine,3,1,34.11337592914093,,,0,SPEAKER_00,3
real,400.0,long_00022_1320-4992-7729,s1,coarse_to_fine,3,2,6.0698443927451144,,,0,SPEAKER_00,3
real,400.0,long_00022_1320-4992-7729,s2,coarse_to_fine,3,1,41.740669930801324,,,0,SPEAKER_02,3
real,400.0,long_00022_1320-4992-7729,s2,coarse_to_fine,3,2,3.780210830302693,,,0,SPEAKER_02,3
real,400.0,long_00022_1320-4992-7729,s3,coarse_to_fine,3,1,12.264116993750324,,,0,SPEAKER_01,3
real,400.0,long_00022_1320-4992-7729,s3,coarse_to_fine,3,2,4.7731762480447095,,,0,SPEAKER_01,3
oracle,0.0,long_00023_5639-7127-2094,s1,no_recursion,3,1,41.327798034943186,,,0,s1,3
oracle,0.0,long_00023_5639-7127-2094,s1,no_recursion,3,2,-4.338379495962358,,,0,s1,3
oracle,0.0,long_00023_5639-7127-2094,s2,no_recursion,3,1,44.82299197734348,,,0,s2,3
oracle,0.0,long_00023_5639-7127-2094,s2,no_recursion,3,2,-0.08318426509259128,,,0,s2,3
oracle,0.0,long_00023_5639-7127-2094,s3,no_recursion,3,1,57.99797751792834,,,0,s3,3
oracle,0.0,long_00023_5639-7127-2094,s3,no_recursion,3,2,-0.362421773579643,,,0,s3,3
oracle,0.0,long_00023_5639-7127-2094,s1,ungated_deflation,3,1,41.327798034943186,0,0,0,s1,3
oracle,0.0,long_00023_5639-7127-2094,s1,ungated_deflation,3,2,-4.338379495962358,0,0,0,s1,3
oracle,0.0,long_00023_5639-7127-2094,s2,ungated_deflation,3,1,47.070926307350256,1,1,0,s2,3
oracle,0.0,long_00023_5639-7127-2094,s2,ungated_deflation,3,2,-2.060803919288784,1,1,0,s2,3
oracle,0.0,long_00023_5639-7127-2094,s3,ungated_deflation,3,1,57.304404289600626,2,2,0,s3,3
oracle,0.0,long_00023_5639-7127-2094,s3,ungated_deflation,3,2,0.29954467740262813,2,2,0,s3,3
oracle,0.0,long_00023_5639-7127-2094,s1,gated_deflation,3,1,41.327798034943186,0,0,0,s1,3
oracle,0.0,long_00023_5639-7127-2094,s1,gated_deflation,3,2,-4.338379495962358,0,0,0,s1,3
oracle,0.0,long_00023_5639-7127-2094,s2,gated_deflation,3,1,47.070926307350256,1,1,0,s2,3
oracle,0.0,long_00023_5639-7127-2094,s2,gated_deflation,3,2,-2.060803919288784,1,1,0,s2,3
oracle,0.0,long_00023_5639-7127-2094,s3,gated_deflation,3,1,57.304404289600626,2,2,0,s3,3
oracle,0.0,long_00023_5639-7127-2094,s3,gated_deflation,3,2,0.29954467740262813,2,2,0,s3,3
oracle,0.0,long_00023_5639-7127-2094,s1,coarse_to_fine,3,1,41.327798034943186,,,0,s1,3
oracle,0.0,long_00023_5639-7127-2094,s1,coarse_to_fine,3,2,-4.338379495962358,,,0,s1,3
oracle,0.0,long_00023_5639-7127-2094,s2,coarse_to_fine,3,1,44.82299197734348,,,0,s2,3
oracle,0.0,long_00023_5639-7127-2094,s2,coarse_to_fine,3,2,-0.08318426509259128,,,0,s2,3
oracle,0.0,long_00023_5639-7127-2094,s3,coarse_to_fine,3,1,57.99797751792834,,,0,s3,3
oracle,0.0,long_00023_5639-7127-2094,s3,coarse_to_fine,3,2,-0.362421773579643,,,0,s3,3
oracle,400.0,long_00023_5639-7127-2094,s1,no_recursion,3,1,-0.8951714070429552,,,0,s1,3
oracle,400.0,long_00023_5639-7127-2094,s1,no_recursion,3,2,-4.287972159263485,,,0,s1,3
oracle,400.0,long_00023_5639-7127-2094,s2,no_recursion,3,1,-1.899335356969354,,,0,s2,3
oracle,400.0,long_00023_5639-7127-2094,s2,no_recursion,3,2,-0.1348835775326859,,,0,s2,3
oracle,400.0,long_00023_5639-7127-2094,s3,no_recursion,3,1,2.6616636334067856,,,0,s3,3
oracle,400.0,long_00023_5639-7127-2094,s3,no_recursion,3,2,-0.45430917949775046,,,0,s3,3
oracle,400.0,long_00023_5639-7127-2094,s1,ungated_deflation,3,1,-0.8951714070429552,0,0,0,s1,3
oracle,400.0,long_00023_5639-7127-2094,s1,ungated_deflation,3,2,-4.287972159263485,0,0,0,s1,3
oracle,400.0,long_00023_5639-7127-2094,s2,ungated_deflation,3,1,-1.3829866807035607,1,1,0,s2,3
oracle,400.0,long_00023_5639-7127-2094,s2,ungated_deflation,3,2,-2.0486616100826622,1,1,0,s2,3
oracle,400.0,long_00023_5639-7127-2094,s3,ungated_deflation,3,1,1.0577299083215501,2,2,0,s3,3
oracle,400.0,long_00023_5639-7127-2094,s3,ungated_deflation,3,2,0.26365347054983473,2,2,0,s3,3
oracle,400.0,long_00023_5639-7127-2094,s1,gated_deflation,3,1,-0.8951714070429552,0,0,0,s1,3
oracle,400.0,long_00023_5639-7127-2094,s1,gated_deflation,3,2,-4.287972159263485,0,0,0,s1,3
oracle,400.0,long_00023_5639-7127-2094,s2,gated_deflation,3,1,-1.3829866807035607,1,1,0,s2,3
oracle,400.0,long_00023_5639-7127-2094,s2,gated_deflation,3,2,-2.0486616100826622,1,1,0,s2,3
oracle,400.0,long_00023_5639-7127-2094,s3,gated_deflation,3,1,1.0577299083215501,2,2,0,s3,3
oracle,400.0,long_00023_5639-7127-2094,s3,gated_deflation,3,2,0.26365347054983473,2,2,0,s3,3
oracle,400.0,long_00023_5639-7127-2094,s1,coarse_to_fine,3,1,-0.8951714070429552,,,0,s1,3
oracle,400.0,long_00023_5639-7127-2094,s1,coarse_to_fine,3,2,-4.287972159263485,,,0,s1,3
oracle,400.0,long_00023_5639-7127-2094,s2,coarse_to_fine,3,1,-1.899335356969354,,,0,s2,3
oracle,400.0,long_00023_5639-7127-2094,s2,coarse_to_fine,3,2,-0.1348835775326859,,,0,s2,3
oracle,400.0,long_00023_5639-7127-2094,s3,coarse_to_fine,3,1,2.6616636334067856,,,0,s3,3
oracle,400.0,long_00023_5639-7127-2094,s3,coarse_to_fine,3,2,-0.45430917949775046,,,0,s3,3
real,0.0,long_00023_5639-7127-2094,s1,no_recursion,3,1,58.6290426526653,,,0,SPEAKER_01,3
real,0.0,long_00023_5639-7127-2094,s1,no_recursion,3,2,-5.707078911348548,,,0,SPEAKER_01,3
real,0.0,long_00023_5639-7127-2094,s3,no_recursion,3,1,32.708567922656115,,,0,SPEAKER_00,3
real,0.0,long_00023_5639-7127-2094,s3,no_recursion,3,2,-2.8499729259877276,,,0,SPEAKER_00,3
real,0.0,long_00023_5639-7127-2094,s2,no_recursion,3,1,47.40738886695346,,,0,SPEAKER_02,3
real,0.0,long_00023_5639-7127-2094,s2,no_recursion,3,2,-2.248684499173448,,,0,SPEAKER_02,3
real,0.0,long_00023_5639-7127-2094,s1,ungated_deflation,3,1,58.6290426526653,2,2,0,SPEAKER_01,3
real,0.0,long_00023_5639-7127-2094,s1,ungated_deflation,3,2,-4.508027228334591,2,2,0,SPEAKER_01,3
real,0.0,long_00023_5639-7127-2094,s3,ungated_deflation,3,1,32.708567922656115,1,1,0,SPEAKER_00,3
real,0.0,long_00023_5639-7127-2094,s3,ungated_deflation,3,2,-5.072089076114735,1,1,0,SPEAKER_00,3
real,0.0,long_00023_5639-7127-2094,s2,ungated_deflation,3,1,47.40738886695346,0,0,0,SPEAKER_02,3
real,0.0,long_00023_5639-7127-2094,s2,ungated_deflation,3,2,-2.248684499173448,0,0,0,SPEAKER_02,3
real,0.0,long_00023_5639-7127-2094,s1,gated_deflation,3,1,58.6290426526653,2,2,0,SPEAKER_01,3
real,0.0,long_00023_5639-7127-2094,s1,gated_deflation,3,2,-4.508027228334591,2,2,0,SPEAKER_01,3
real,0.0,long_00023_5639-7127-2094,s3,gated_deflation,3,1,32.708567922656115,1,1,0,SPEAKER_00,3
real,0.0,long_00023_5639-7127-2094,s3,gated_deflation,3,2,-5.072089076114735,1,1,0,SPEAKER_00,3
real,0.0,long_00023_5639-7127-2094,s2,gated_deflation,3,1,47.40738886695346,0,0,0,SPEAKER_02,3
real,0.0,long_00023_5639-7127-2094,s2,gated_deflation,3,2,-2.248684499173448,0,0,0,SPEAKER_02,3
real,0.0,long_00023_5639-7127-2094,s1,coarse_to_fine,3,1,58.6290426526653,,,0,SPEAKER_01,3
real,0.0,long_00023_5639-7127-2094,s1,coarse_to_fine,3,2,-5.707078911348548,,,0,SPEAKER_01,3
real,0.0,long_00023_5639-7127-2094,s3,coarse_to_fine,3,1,32.708567922656115,,,0,SPEAKER_00,3
real,0.0,long_00023_5639-7127-2094,s3,coarse_to_fine,3,2,-2.8499729259877276,,,0,SPEAKER_00,3
real,0.0,long_00023_5639-7127-2094,s2,coarse_to_fine,3,1,47.40738886695346,,,0,SPEAKER_02,3
real,0.0,long_00023_5639-7127-2094,s2,coarse_to_fine,3,2,-2.248684499173448,,,0,SPEAKER_02,3
real,400.0,long_00023_5639-7127-2094,s1,no_recursion,3,1,12.773958389565506,,,0,SPEAKER_01,3
real,400.0,long_00023_5639-7127-2094,s1,no_recursion,3,2,-4.2774359458512805,,,0,SPEAKER_01,3
real,400.0,long_00023_5639-7127-2094,s3,no_recursion,3,1,29.668534099387273,,,0,SPEAKER_00,3
real,400.0,long_00023_5639-7127-2094,s3,no_recursion,3,2,0.36020993227178855,,,0,SPEAKER_00,3
real,400.0,long_00023_5639-7127-2094,s2,no_recursion,3,1,47.40738886695346,,,0,SPEAKER_02,3
real,400.0,long_00023_5639-7127-2094,s2,no_recursion,3,2,-1.7999142573769953,,,0,SPEAKER_02,3
real,400.0,long_00023_5639-7127-2094,s1,ungated_deflation,3,1,15.3509717778235,2,2,0,SPEAKER_01,3
real,400.0,long_00023_5639-7127-2094,s1,ungated_deflation,3,2,-4.211955765706669,2,2,0,SPEAKER_01,3
real,400.0,long_00023_5639-7127-2094,s3,ungated_deflation,3,1,28.958277102811167,1,1,0,SPEAKER_00,3
real,400.0,long_00023_5639-7127-2094,s3,ungated_deflation,3,2,-1.4681153810285408,1,1,0,SPEAKER_00,3
real,400.0,long_00023_5639-7127-2094,s2,ungated_deflation,3,1,47.40738886695346,0,0,0,SPEAKER_02,3
real,400.0,long_00023_5639-7127-2094,s2,ungated_deflation,3,2,-1.7999142573769953,0,0,0,SPEAKER_02,3
real,400.0,long_00023_5639-7127-2094,s1,gated_deflation,3,1,15.3509717778235,2,2,0,SPEAKER_01,3
real,400.0,long_00023_5639-7127-2094,s1,gated_deflation,3,2,-4.211955765706669,2,2,0,SPEAKER_01,3
real,400.0,long_00023_5639-7127-2094,s3,gated_deflation,3,1,28.958277102811167,1,1,0,SPEAKER_00,3
real,400.0,long_00023_5639-7127-2094,s3,gated_deflation,3,2,-1.4681153810285408,1,1,0,SPEAKER_00,3
real,400.0,long_00023_5639-7127-2094,s2,gated_deflation,3,1,47.40738886695346,0,0,0,SPEAKER_02,3
real,400.0,long_00023_5639-7127-2094,s2,gated_deflation,3,2,-1.7999142573769953,0,0,0,SPEAKER_02,3
real,400.0,long_00023_5639-7127-2094,s1,coarse_to_fine,3,1,12.773958389565506,,,0,SPEAKER_01,3
real,400.0,long_00023_5639-7127-2094,s1,coarse_to_fine,3,2,-4.2774359458512805,,,0,SPEAKER_01,3
real,400.0,long_00023_5639-7127-2094,s3,coarse_to_fine,3,1,29.668534099387273,,,0,SPEAKER_00,3
real,400.0,long_00023_5639-7127-2094,s3,coarse_to_fine,3,2,0.36020993227178855,,,0,SPEAKER_00,3
real,400.0,long_00023_5639-7127-2094,s2,coarse_to_fine,3,1,47.40738886695346,,,0,SPEAKER_02,3
real,400.0,long_00023_5639-7127-2094,s2,coarse_to_fine,3,2,-1.7999142573769953,,,0,SPEAKER_02,3
oracle,0.0,long_00024_8224-1284-2961,s1,no_recursion,3,1,46.57691027267337,,,0,s1,3
oracle,0.0,long_00024_8224-1284-2961,s1,no_recursion,3,2,4.6756551385369525,,,0,s1,3
oracle,0.0,long_00024_8224-1284-2961,s2,no_recursion,3,1,46.43304345757447,,,0,s2,3
oracle,0.0,long_00024_8224-1284-2961,s2,no_recursion,3,2,1.1514446002917653,,,0,s2,3
oracle,0.0,long_00024_8224-1284-2961,s3,no_recursion,3,1,49.715040246499484,,,0,s3,3
oracle,0.0,long_00024_8224-1284-2961,s3,no_recursion,3,2,1.434153531128689,,,0,s3,3
oracle,0.0,long_00024_8224-1284-2961,s1,ungated_deflation,3,1,46.57691027267337,0,0,0,s1,3
oracle,0.0,long_00024_8224-1284-2961,s1,ungated_deflation,3,2,4.6756551385369525,0,0,0,s1,3
oracle,0.0,long_00024_8224-1284-2961,s2,ungated_deflation,3,1,46.427639034277,1,1,0,s2,3
oracle,0.0,long_00024_8224-1284-2961,s2,ungated_deflation,3,2,1.422671753175293,1,1,0,s2,3
oracle,0.0,long_00024_8224-1284-2961,s3,ungated_deflation,3,1,44.358148642243975,2,2,0,s3,3
oracle,0.0,long_00024_8224-1284-2961,s3,ungated_deflation,3,2,0.9252788661120284,2,2,0,s3,3
oracle,0.0,long_00024_8224-1284-2961,s1,gated_deflation,3,1,46.57691027267337,0,0,0,s1,3
oracle,0.0,long_00024_8224-1284-2961,s1,gated_deflation,3,2,4.6756551385369525,0,0,0,s1,3
oracle,0.0,long_00024_8224-1284-2961,s2,gated_deflation,3,1,46.427639034277,1,1,0,s2,3
oracle,0.0,long_00024_8224-1284-2961,s2,gated_deflation,3,2,1.422671753175293,1,1,0,s2,3
oracle,0.0,long_00024_8224-1284-2961,s3,gated_deflation,3,1,44.358148642243975,2,2,0,s3,3
oracle,0.0,long_00024_8224-1284-2961,s3,gated_deflation,3,2,0.9252788661120284,2,2,0,s3,3
oracle,0.0,long_00024_8224-1284-2961,s1,coarse_to_fine,3,1,46.57691027267337,,,0,s1,3
oracle,0.0,long_00024_8224-1284-2961,s1,coarse_to_fine,3,2,4.6756551385369525,,,0,s1,3
oracle,0.0,long_00024_8224-1284-2961,s2,coarse_to_fine,3,1,46.43304345757447,,,0,s2,3
oracle,0.0,long_00024_8224-1284-2961,s2,coarse_to_fine,3,2,1.1514446002917653,,,0,s2,3
oracle,0.0,long_00024_8224-1284-2961,s3,coarse_to_fine,3,1,49.715040246499484,,,0,s3,3
oracle,0.0,long_00024_8224-1284-2961,s3,coarse_to_fine,3,2,1.434153531128689,,,0,s3,3
oracle,400.0,long_00024_8224-1284-2961,s1,no_recursion,3,1,8.360957058331742,,,0,s1,3
oracle,400.0,long_00024_8224-1284-2961,s1,no_recursion,3,2,4.6205653687670445,,,0,s1,3
oracle,400.0,long_00024_8224-1284-2961,s2,no_recursion,3,1,2.136901757286558,,,0,s2,3
oracle,400.0,long_00024_8224-1284-2961,s2,no_recursion,3,2,1.223097977740381,,,0,s2,3
oracle,400.0,long_00024_8224-1284-2961,s3,no_recursion,3,1,20.6917453183248,,,0,s3,3
oracle,400.0,long_00024_8224-1284-2961,s3,no_recursion,3,2,1.4623447047595983,,,0,s3,3
oracle,400.0,long_00024_8224-1284-2961,s1,ungated_deflation,3,1,8.360957058331742,0,0,0,s1,3
oracle,400.0,long_00024_8224-1284-2961,s1,ungated_deflation,3,2,4.6205653687670445,0,0,0,s1,3
oracle,400.0,long_00024_8224-1284-2961,s2,ungated_deflation,3,1,1.032966421801914,1,1,0,s2,3
oracle,400.0,long_00024_8224-1284-2961,s2,ungated_deflation,3,2,1.2915558438407353,1,1,0,s2,3
oracle,400.0,long_00024_8224-1284-2961,s3,ungated_deflation,3,1,22.09660065907965,2,2,0,s3,3
oracle,400.0,long_00024_8224-1284-2961,s3,ungated_deflation,3,2,0.9446532511320695,2,2,0,s3,3
oracle,400.0,long_00024_8224-1284-2961,s1,gated_deflation,3,1,8.360957058331742,0,0,0,s1,3
oracle,400.0,long_00024_8224-1284-2961,s1,gated_deflation,3,2,4.6205653687670445,0,0,0,s1,3
oracle,400.0,long_00024_8224-1284-2961,s2,gated_deflation,3,1,1.032966421801914,1,1,0,s2,3
oracle,400.0,long_00024_8224-1284-2961,s2,gated_deflation,3,2,1.2915558438407353,1,1,0,s2,3
oracle,400.0,long_00024_8224-1284-2961,s3,gated_deflation,3,1,22.09660065907965,2,2,0,s3,3
oracle,400.0,long_00024_8224-1284-2961,s3,gated_deflation,3,2,0.9446532511320695,2,2,0,s3,3
oracle,400.0,long_00024_8224-1284-2961,s1,coarse_to_fine,3,1,8.360957058331742,,,0,s1,3
oracle,400.0,long_00024_8224-1284-2961,s1,coarse_to_fine,3,2,4.6205653687670445,,,0,s1,3
oracle,400.0,long_00024_8224-1284-2961,s2,coarse_to_fine,3,1,2.136901757286558,,,0,s2,3
oracle,400.0,long_00024_8224-1284-2961,s2,coarse_to_fine,3,2,1.223097977740381,,,0,s2,3
oracle,400.0,long_00024_8224-1284-2961,s3,coarse_to_fine,3,1,20.6917453183248,,,0,s3,3
oracle,400.0,long_00024_8224-1284-2961,s3,coarse_to_fine,3,2,1.4623447047595983,,,0,s3,3
real,0.0,long_00024_8224-1284-2961,s1,no_recursion,3,1,36.64782856613176,,,0,SPEAKER_00,3
real,0.0,long_00024_8224-1284-2961,s1,no_recursion,3,2,2.605501059496644,,,0,SPEAKER_00,3
real,0.0,long_00024_8224-1284-2961,s2,no_recursion,3,1,39.041399015665924,,,0,SPEAKER_02,3
real,0.0,long_00024_8224-1284-2961,s2,no_recursion,3,2,-4.371531832544012,,,0,SPEAKER_02,3
real,0.0,long_00024_8224-1284-2961,s3,no_recursion,3,1,36.3362001042437,,,0,SPEAKER_01,3
real,0.0,long_00024_8224-1284-2961,s3,no_recursion,3,2,1.887480863915342,,,0,SPEAKER_01,3
real,0.0,long_00024_8224-1284-2961,s1,ungated_deflation,3,1,36.64782856613176,2,2,0,SPEAKER_00,3
real,0.0,long_00024_8224-1284-2961,s1,ungated_deflation,3,2,-0.8168476384555332,2,2,0,SPEAKER_00,3
real,0.0,long_00024_8224-1284-2961,s2,ungated_deflation,3,1,39.041399015665924,0,0,0,SPEAKER_02,3
real,0.0,long_00024_8224-1284-2961,s2,ungated_deflation,3,2,-4.371531832544012,0,0,0,SPEAKER_02,3
real,0.0,long_00024_8224-1284-2961,s3,ungated_deflation,3,1,36.3362001042437,1,1,0,SPEAKER_01,3
real,0.0,long_00024_8224-1284-2961,s3,ungated_deflation,3,2,1.9085148019327174,1,1,0,SPEAKER_01,3
real,0.0,long_00024_8224-1284-2961,s1,gated_deflation,3,1,36.64782856613176,2,2,0,SPEAKER_00,3
real,0.0,long_00024_8224-1284-2961,s1,gated_deflation,3,2,-0.8168476384555332,2,2,0,SPEAKER_00,3
real,0.0,long_00024_8224-1284-2961,s2,gated_deflation,3,1,39.041399015665924,0,0,0,SPEAKER_02,3
real,0.0,long_00024_8224-1284-2961,s2,gated_deflation,3,2,-4.371531832544012,0,0,0,SPEAKER_02,3
real,0.0,long_00024_8224-1284-2961,s3,gated_deflation,3,1,36.3362001042437,1,1,0,SPEAKER_01,3
real,0.0,long_00024_8224-1284-2961,s3,gated_deflation,3,2,1.9085148019327174,1,1,0,SPEAKER_01,3
real,0.0,long_00024_8224-1284-2961,s1,coarse_to_fine,3,1,36.64782856613176,,,0,SPEAKER_00,3
real,0.0,long_00024_8224-1284-2961,s1,coarse_to_fine,3,2,2.605501059496644,,,0,SPEAKER_00,3
real,0.0,long_00024_8224-1284-2961,s2,coarse_to_fine,3,1,39.041399015665924,,,0,SPEAKER_02,3
real,0.0,long_00024_8224-1284-2961,s2,coarse_to_fine,3,2,-4.371531832544012,,,0,SPEAKER_02,3
real,0.0,long_00024_8224-1284-2961,s3,coarse_to_fine,3,1,36.3362001042437,,,0,SPEAKER_01,3
real,0.0,long_00024_8224-1284-2961,s3,coarse_to_fine,3,2,1.887480863915342,,,0,SPEAKER_01,3
real,400.0,long_00024_8224-1284-2961,s1,no_recursion,3,1,8.54190254708594,,,0,SPEAKER_00,3
real,400.0,long_00024_8224-1284-2961,s1,no_recursion,3,2,4.369822704826586,,,0,SPEAKER_00,3
real,400.0,long_00024_8224-1284-2961,s2,no_recursion,3,1,15.150543929507725,,,0,SPEAKER_02,3
real,400.0,long_00024_8224-1284-2961,s2,no_recursion,3,2,0.09847501816417309,,,0,SPEAKER_02,3
real,400.0,long_00024_8224-1284-2961,s3,no_recursion,3,1,20.545234567816266,,,0,SPEAKER_01,3
real,400.0,long_00024_8224-1284-2961,s3,no_recursion,3,2,2.309565707934494,,,0,SPEAKER_01,3
real,400.0,long_00024_8224-1284-2961,s1,ungated_deflation,3,1,11.408058656915099,2,2,0,SPEAKER_00,3
real,400.0,long_00024_8224-1284-2961,s1,ungated_deflation,3,2,-0.23888784501592528,2,2,0,SPEAKER_00,3
real,400.0,long_00024_8224-1284-2961,s2,ungated_deflation,3,1,15.150543929507725,0,0,0,SPEAKER_02,3
real,400.0,long_00024_8224-1284-2961,s2,ungated_deflation,3,2,0.09847501816417309,0,0,0,SPEAKER_02,3
real,400.0,long_00024_8224-1284-2961,s3,ungated_deflation,3,1,22.875960419369665,1,1,0,SPEAKER_01,3
real,400.0,long_00024_8224-1284-2961,s3,ungated_deflation,3,2,2.2333219907078625,1,1,0,SPEAKER_01,3
real,400.0,long_00024_8224-1284-2961,s1,gated_deflation,3,1,11.408058656915099,2,2,0,SPEAKER_00,3
real,400.0,long_00024_8224-1284-2961,s1,gated_deflation,3,2,-0.23888784501592528,2,2,0,SPEAKER_00,3
real,400.0,long_00024_8224-1284-2961,s2,gated_deflation,3,1,15.150543929507725,0,0,0,SPEAKER_02,3
real,400.0,long_00024_8224-1284-2961,s2,gated_deflation,3,2,0.09847501816417309,0,0,0,SPEAKER_02,3
real,400.0,long_00024_8224-1284-2961,s3,gated_deflation,3,1,22.875960419369665,1,1,0,SPEAKER_01,3
real,400.0,long_00024_8224-1284-2961,s3,gated_deflation,3,2,2.2333219907078625,1,1,0,SPEAKER_01,3
real,400.0,long_00024_8224-1284-2961,s1,coarse_to_fine,3,1,8.54190254708594,,,0,SPEAKER_00,3
real,400.0,long_00024_8224-1284-2961,s1,coarse_to_fine,3,2,4.369822704826586,,,0,SPEAKER_00,3
real,400.0,long_00024_8224-1284-2961,s2,coarse_to_fine,3,1,15.150543929507725,,,0,SPEAKER_02,3
real,400.0,long_00024_8224-1284-2961,s2,coarse_to_fine,3,2,0.09847501816417309,,,0,SPEAKER_02,3
real,400.0,long_00024_8224-1284-2961,s3,coarse_to_fine,3,1,20.545234567816266,,,0,SPEAKER_01,3
real,400.0,long_00024_8224-1284-2961,s3,coarse_to_fine,3,2,2.309565707934494,,,0,SPEAKER_01,3
oracle,0.0,long_00025_5639-3570-61,s1,no_recursion,3,1,51.142655284966125,,,0,s1,3
oracle,0.0,long_00025_5639-3570-61,s1,no_recursion,3,2,-4.0751069085864735,,,0,s1,3
oracle,0.0,long_00025_5639-3570-61,s2,no_recursion,3,1,40.898951132150366,,,0,s2,3
oracle,0.0,long_00025_5639-3570-61,s2,no_recursion,3,2,5.815694487692741,,,0,s2,3
oracle,0.0,long_00025_5639-3570-61,s3,no_recursion,3,1,51.358942517217315,,,0,s3,3
oracle,0.0,long_00025_5639-3570-61,s3,no_recursion,3,2,1.0284451875451819,,,0,s3,3
oracle,0.0,long_00025_5639-3570-61,s1,ungated_deflation,3,1,51.142655284966125,0,0,0,s1,3
oracle,0.0,long_00025_5639-3570-61,s1,ungated_deflation,3,2,-4.0751069085864735,0,0,0,s1,3
oracle,0.0,long_00025_5639-3570-61,s2,ungated_deflation,3,1,38.4252107991992,1,1,0,s2,3
oracle,0.0,long_00025_5639-3570-61,s2,ungated_deflation,3,2,3.596267612469788,1,1,0,s2,3
oracle,0.0,long_00025_5639-3570-61,s3,ungated_deflation,3,1,47.90941187456606,2,2,0,s3,3
oracle,0.0,long_00025_5639-3570-61,s3,ungated_deflation,3,2,0.9060353299054598,2,2,0,s3,3
oracle,0.0,long_00025_5639-3570-61,s1,gated_deflation,3,1,51.142655284966125,0,0,0,s1,3
oracle,0.0,long_00025_5639-3570-61,s1,gated_deflation,3,2,-4.0751069085864735,0,0,0,s1,3
oracle,0.0,long_00025_5639-3570-61,s2,gated_deflation,3,1,38.4252107991992,1,1,0,s2,3
oracle,0.0,long_00025_5639-3570-61,s2,gated_deflation,3,2,3.596267612469788,1,1,0,s2,3
oracle,0.0,long_00025_5639-3570-61,s3,gated_deflation,3,1,47.90941187456606,2,2,0,s3,3
oracle,0.0,long_00025_5639-3570-61,s3,gated_deflation,3,2,0.9060353299054598,2,2,0,s3,3
oracle,0.0,long_00025_5639-3570-61,s1,coarse_to_fine,3,1,51.142655284966125,,,0,s1,3
oracle,0.0,long_00025_5639-3570-61,s1,coarse_to_fine,3,2,-4.0751069085864735,,,0,s1,3
oracle,0.0,long_00025_5639-3570-61,s2,coarse_to_fine,3,1,40.898951132150366,,,0,s2,3
oracle,0.0,long_00025_5639-3570-61,s2,coarse_to_fine,3,2,5.815694487692741,,,0,s2,3
oracle,0.0,long_00025_5639-3570-61,s3,coarse_to_fine,3,1,51.358942517217315,,,0,s3,3
oracle,0.0,long_00025_5639-3570-61,s3,coarse_to_fine,3,2,1.0284451875451819,,,0,s3,3
oracle,400.0,long_00025_5639-3570-61,s1,no_recursion,3,1,11.667281285333186,,,0,s1,3
oracle,400.0,long_00025_5639-3570-61,s1,no_recursion,3,2,-4.062867213310122,,,0,s1,3
oracle,400.0,long_00025_5639-3570-61,s2,no_recursion,3,1,4.184768477848725,,,0,s2,3
oracle,400.0,long_00025_5639-3570-61,s2,no_recursion,3,2,5.607635533851254,,,0,s2,3
oracle,400.0,long_00025_5639-3570-61,s3,no_recursion,3,1,5.83113424933407,,,0,s3,3
oracle,400.0,long_00025_5639-3570-61,s3,no_recursion,3,2,1.0828134726494087,,,0,s3,3
oracle,400.0,long_00025_5639-3570-61,s1,ungated_deflation,3,1,11.667281285333186,0,0,0,s1,3
oracle,400.0,long_00025_5639-3570-61,s1,ungated_deflation,3,2,-4.062867213310122,0,0,0,s1,3
oracle,400.0,long_00025_5639-3570-61,s2,ungated_deflation,3,1,4.472218321009378,1,1,0,s2,3
oracle,400.0,long_00025_5639-3570-61,s2,ungated_deflation,3,2,3.2580861226653575,1,1,0,s2,3
oracle,400.0,long_00025_5639-3570-61,s3,ungated_deflation,3,1,6.181325682957929,2,2,0,s3,3
oracle,400.0,long_00025_5639-3570-61,s3,ungated_deflation,3,2,0.9170461343454178,2,2,0,s3,3
oracle,400.0,long_00025_5639-3570-61,s1,gated_deflation,3,1,11.667281285333186,0,0,0,s1,3
oracle,400.0,long_00025_5639-3570-61,s1,gated_deflation,3,2,-4.062867213310122,0,0,0,s1,3
oracle,400.0,long_00025_5639-3570-61,s2,gated_deflation,3,1,4.472218321009378,1,1,0,s2,3
oracle,400.0,long_00025_5639-3570-61,s2,gated_deflation,3,2,3.2580861226653575,1,1,0,s2,3
oracle,400.0,long_00025_5639-3570-61,s3,gated_deflation,3,1,6.181325682957929,2,2,0,s3,3
oracle,400.0,long_00025_5639-3570-61,s3,gated_deflation,3,2,0.9170461343454178,2,2,0,s3,3
oracle,400.0,long_00025_5639-3570-61,s1,coarse_to_fine,3,1,11.667281285333186,,,0,s1,3
oracle,400.0,long_00025_5639-3570-61,s1,coarse_to_fine,3,2,-4.062867213310122,,,0,s1,3
oracle,400.0,long_00025_5639-3570-61,s2,coarse_to_fine,3,1,4.184768477848725,,,0,s2,3
oracle,400.0,long_00025_5639-3570-61,s2,coarse_to_fine,3,2,5.607635533851254,,,0,s2,3
oracle,400.0,long_00025_5639-3570-61,s3,coarse_to_fine,3,1,5.83113424933407,,,0,s3,3
oracle,400.0,long_00025_5639-3570-61,s3,coarse_to_fine,3,2,1.0828134726494087,,,0,s3,3
real,0.0,long_00025_5639-3570-61,s1,no_recursion,3,1,54.509232956163856,,,0,SPEAKER_01,3
real,0.0,long_00025_5639-3570-61,s1,no_recursion,3,2,-4.357767837384542,,,0,SPEAKER_01,3
real,0.0,long_00025_5639-3570-61,s2,no_recursion,3,1,45.776753159230864,,,0,SPEAKER_02,3
real,0.0,long_00025_5639-3570-61,s2,no_recursion,3,2,-2.292757339981448,,,0,SPEAKER_02,3
real,0.0,long_00025_5639-3570-61,s3,no_recursion,3,1,27.58361352298124,,,0,SPEAKER_00,3
real,0.0,long_00025_5639-3570-61,s3,no_recursion,3,2,1.372666090827301,,,0,SPEAKER_00,3
real,0.0,long_00025_5639-3570-61,s1,ungated_deflation,3,1,54.509232956163856,0,0,0,SPEAKER_01,3
real,0.0,long_00025_5639-3570-61,s1,ungated_deflation,3,2,-4.357767837384542,0,0,0,SPEAKER_01,3
real,0.0,long_00025_5639-3570-61,s2,ungated_deflation,3,1,45.776753159230864,2,2,0,SPEAKER_02,3
real,0.0,long_00025_5639-3570-61,s2,ungated_deflation,3,2,-4.624177743425847,2,2,0,SPEAKER_02,3
real,0.0,long_00025_5639-3570-61,s3,ungated_deflation,3,1,27.58361352298124,1,1,0,SPEAKER_00,3
real,0.0,long_00025_5639-3570-61,s3,ungated_deflation,3,2,1.7425606641987241,1,1,0,SPEAKER_00,3
real,0.0,long_00025_5639-3570-61,s1,gated_deflation,3,1,54.509232956163856,0,0,0,SPEAKER_01,3
real,0.0,long_00025_5639-3570-61,s1,gated_deflation,3,2,-4.357767837384542,0,0,0,SPEAKER_01,3
real,0.0,long_00025_5639-3570-61,s2,gated_deflation,3,1,45.776753159230864,2,2,0,SPEAKER_02,3
real,0.0,long_00025_5639-3570-61,s2,gated_deflation,3,2,-4.624177743425847,2,2,0,SPEAKER_02,3
real,0.0,long_00025_5639-3570-61,s3,gated_deflation,3,1,27.58361352298124,1,1,0,SPEAKER_00,3
real,0.0,long_00025_5639-3570-61,s3,gated_deflation,3,2,1.7425606641987241,1,1,0,SPEAKER_00,3
real,0.0,long_00025_5639-3570-61,s1,coarse_to_fine,3,1,54.509232956163856,,,0,SPEAKER_01,3
real,0.0,long_00025_5639-3570-61,s1,coarse_to_fine,3,2,-4.357767837384542,,,0,SPEAKER_01,3
real,0.0,long_00025_5639-3570-61,s2,coarse_to_fine,3,1,45.776753159230864,,,0,SPEAKER_02,3
real,0.0,long_00025_5639-3570-61,s2,coarse_to_fine,3,2,-2.292757339981448,,,0,SPEAKER_02,3
real,0.0,long_00025_5639-3570-61,s3,coarse_to_fine,3,1,27.58361352298124,,,0,SPEAKER_00,3
real,0.0,long_00025_5639-3570-61,s3,coarse_to_fine,3,2,1.372666090827301,,,0,SPEAKER_00,3
real,400.0,long_00025_5639-3570-61,s1,no_recursion,3,1,13.6916046829393,,,0,SPEAKER_01,3
real,400.0,long_00025_5639-3570-61,s1,no_recursion,3,2,-3.887054908791989,,,0,SPEAKER_01,3
real,400.0,long_00025_5639-3570-61,s2,no_recursion,3,1,6.052081334232988,,,0,SPEAKER_02,3
real,400.0,long_00025_5639-3570-61,s2,no_recursion,3,2,3.312441818101864,,,0,SPEAKER_02,3
real,400.0,long_00025_5639-3570-61,s3,no_recursion,3,1,12.909317495713633,,,0,SPEAKER_00,3
real,400.0,long_00025_5639-3570-61,s3,no_recursion,3,2,1.5922159955659596,,,0,SPEAKER_00,3
real,400.0,long_00025_5639-3570-61,s1,ungated_deflation,3,1,13.6916046829393,0,0,0,SPEAKER_01,3
real,400.0,long_00025_5639-3570-61,s1,ungated_deflation,3,2,-3.887054908791989,0,0,0,SPEAKER_01,3
real,400.0,long_00025_5639-3570-61,s2,ungated_deflation,3,1,9.533907815410753,2,2,0,SPEAKER_02,3
real,400.0,long_00025_5639-3570-61,s2,ungated_deflation,3,2,-0.03925248229982965,2,2,0,SPEAKER_02,3
real,400.0,long_00025_5639-3570-61,s3,ungated_deflation,3,1,12.291778165592714,1,1,0,SPEAKER_00,3
real,400.0,long_00025_5639-3570-61,s3,ungated_deflation,3,2,1.8580058187026696,1,1,0,SPEAKER_00,3
real,400.0,long_00025_5639-3570-61,s1,gated_deflation,3,1,13.6916046829393,0,0,0,SPEAKER_01,3
real,400.0,long_00025_5639-3570-61,s1,gated_deflation,3,2,-3.887054908791989,0,0,0,SPEAKER_01,3
real,400.0,long_00025_5639-3570-61,s2,gated_deflation,3,1,9.533907815410753,2,2,0,SPEAKER_02,3
real,400.0,long_00025_5639-3570-61,s2,gated_deflation,3,2,-0.03925248229982965,2,2,0,SPEAKER_02,3
real,400.0,long_00025_5639-3570-61,s3,gated_deflation,3,1,12.291778165592714,1,1,0,SPEAKER_00,3
real,400.0,long_00025_5639-3570-61,s3,gated_deflation,3,2,1.8580058187026696,1,1,0,SPEAKER_00,3
real,400.0,long_00025_5639-3570-61,s1,coarse_to_fine,3,1,13.6916046829393,,,0,SPEAKER_01,3
real,400.0,long_00025_5639-3570-61,s1,coarse_to_fine,3,2,-3.887054908791989,,,0,SPEAKER_01,3
real,400.0,long_00025_5639-3570-61,s2,coarse_to_fine,3,1,6.052081334232988,,,0,SPEAKER_02,3
real,400.0,long_00025_5639-3570-61,s2,coarse_to_fine,3,2,3.312441818101864,,,0,SPEAKER_02,3
real,400.0,long_00025_5639-3570-61,s3,coarse_to_fine,3,1,12.909317495713633,,,0,SPEAKER_00,3
real,400.0,long_00025_5639-3570-61,s3,coarse_to_fine,3,2,1.5922159955659596,,,0,SPEAKER_00,3
oracle,0.0,long_00026_3729-7176-4992,s1,no_recursion,3,1,47.903177098803184,,,0,s1,3
oracle,0.0,long_00026_3729-7176-4992,s1,no_recursion,3,2,-0.4472640297051995,,,0,s1,3
oracle,0.0,long_00026_3729-7176-4992,s2,no_recursion,3,1,53.53222935378888,,,0,s2,3
oracle,0.0,long_00026_3729-7176-4992,s2,no_recursion,3,2,3.854203675122594,,,0,s2,3
oracle,0.0,long_00026_3729-7176-4992,s3,no_recursion,3,1,79.64377407064228,,,0,s3,3
oracle,0.0,long_00026_3729-7176-4992,s3,no_recursion,3,2,2.0591166682715873,,,0,s3,3
oracle,0.0,long_00026_3729-7176-4992,s1,ungated_deflation,3,1,47.903177098803184,0,0,0,s1,3
oracle,0.0,long_00026_3729-7176-4992,s1,ungated_deflation,3,2,-0.4472640297051995,0,0,0,s1,3
oracle,0.0,long_00026_3729-7176-4992,s2,ungated_deflation,3,1,51.4799210812359,1,1,0,s2,3
oracle,0.0,long_00026_3729-7176-4992,s2,ungated_deflation,3,2,2.6776458085424775,1,1,0,s2,3
oracle,0.0,long_00026_3729-7176-4992,s3,ungated_deflation,3,1,65.24592503931754,2,2,0,s3,3
oracle,0.0,long_00026_3729-7176-4992,s3,ungated_deflation,3,2,-1.3552141516358696,2,2,0,s3,3
oracle,0.0,long_00026_3729-7176-4992,s1,gated_deflation,3,1,47.903177098803184,0,0,0,s1,3
oracle,0.0,long_00026_3729-7176-4992,s1,gated_deflation,3,2,-0.4472640297051995,0,0,0,s1,3
oracle,0.0,long_00026_3729-7176-4992,s2,gated_deflation,3,1,51.4799210812359,1,1,0,s2,3
oracle,0.0,long_00026_3729-7176-4992,s2,gated_deflation,3,2,2.6776458085424775,1,1,0,s2,3
oracle,0.0,long_00026_3729-7176-4992,s3,gated_deflation,3,1,65.24592503931754,2,2,0,s3,3
oracle,0.0,long_00026_3729-7176-4992,s3,gated_deflation,3,2,-1.3552141516358696,2,2,0,s3,3
oracle,0.0,long_00026_3729-7176-4992,s1,coarse_to_fine,3,1,47.903177098803184,,,0,s1,3
oracle,0.0,long_00026_3729-7176-4992,s1,coarse_to_fine,3,2,-0.4472640297051995,,,0,s1,3
oracle,0.0,long_00026_3729-7176-4992,s2,coarse_to_fine,3,1,53.53222935378888,,,0,s2,3
oracle,0.0,long_00026_3729-7176-4992,s2,coarse_to_fine,3,2,3.854203675122594,,,0,s2,3
oracle,0.0,long_00026_3729-7176-4992,s3,coarse_to_fine,3,1,79.64377407064228,,,0,s3,3
oracle,0.0,long_00026_3729-7176-4992,s3,coarse_to_fine,3,2,2.0591166682715873,,,0,s3,3
oracle,400.0,long_00026_3729-7176-4992,s1,no_recursion,3,1,15.804643921575126,,,0,s1,3
oracle,400.0,long_00026_3729-7176-4992,s1,no_recursion,3,2,-0.2692725975391056,,,0,s1,3
oracle,400.0,long_00026_3729-7176-4992,s2,no_recursion,3,1,9.151525868621865,,,0,s2,3
oracle,400.0,long_00026_3729-7176-4992,s2,no_recursion,3,2,5.224819872779197,,,0,s2,3
oracle,400.0,long_00026_3729-7176-4992,s3,no_recursion,3,1,41.7622402757614,,,0,s3,3
oracle,400.0,long_00026_3729-7176-4992,s3,no_recursion,3,2,2.066417161781772,,,0,s3,3
oracle,400.0,long_00026_3729-7176-4992,s1,ungated_deflation,3,1,15.804643921575126,0,0,0,s1,3
oracle,400.0,long_00026_3729-7176-4992,s1,ungated_deflation,3,2,-0.2692725975391056,0,0,0,s1,3
oracle,400.0,long_00026_3729-7176-4992,s2,ungated_deflation,3,1,9.503117298082145,1,1,0,s2,3
oracle,400.0,long_00026_3729-7176-4992,s2,ungated_deflation,3,2,3.403911270413054,1,1,0,s2,3
oracle,400.0,long_00026_3729-7176-4992,s3,ungated_deflation,3,1,41.61188959818774,2,2,0,s3,3
oracle,400.0,long_00026_3729-7176-4992,s3,ungated_deflation,3,2,-1.270261924093955,2,2,0,s3,3
oracle,400.0,long_00026_3729-7176-4992,s1,gated_deflation,3,1,15.804643921575126,0,0,0,s1,3
oracle,400.0,long_00026_3729-7176-4992,s1,gated_deflation,3,2,-0.2692725975391056,0,0,0,s1,3
oracle,400.0,long_00026_3729-7176-4992,s2,gated_deflation,3,1,9.503117298082145,1,1,0,s2,3
oracle,400.0,long_00026_3729-7176-4992,s2,gated_deflation,3,2,3.403911270413054,1,1,0,s2,3
oracle,400.0,long_00026_3729-7176-4992,s3,gated_deflation,3,1,41.61188959818774,2,2,0,s3,3
oracle,400.0,long_00026_3729-7176-4992,s3,gated_deflation,3,2,-1.270261924093955,2,2,0,s3,3
oracle,400.0,long_00026_3729-7176-4992,s1,coarse_to_fine,3,1,15.804643921575126,,,0,s1,3
oracle,400.0,long_00026_3729-7176-4992,s1,coarse_to_fine,3,2,-0.2692725975391056,,,0,s1,3
oracle,400.0,long_00026_3729-7176-4992,s2,coarse_to_fine,3,1,9.151525868621865,,,0,s2,3
oracle,400.0,long_00026_3729-7176-4992,s2,coarse_to_fine,3,2,5.224819872779197,,,0,s2,3
oracle,400.0,long_00026_3729-7176-4992,s3,coarse_to_fine,3,1,41.7622402757614,,,0,s3,3
oracle,400.0,long_00026_3729-7176-4992,s3,coarse_to_fine,3,2,2.066417161781772,,,0,s3,3
real,0.0,long_00026_3729-7176-4992,s1,no_recursion,3,1,37.87384490279627,,,0,SPEAKER_02,3
real,0.0,long_00026_3729-7176-4992,s1,no_recursion,3,2,1.8982101364538613,,,0,SPEAKER_02,3
real,0.0,long_00026_3729-7176-4992,s2,no_recursion,3,1,52.26511533240486,,,0,SPEAKER_00,3
real,0.0,long_00026_3729-7176-4992,s2,no_recursion,3,2,0.4379928521579014,,,0,SPEAKER_00,3
real,0.0,long_00026_3729-7176-4992,s3,no_recursion,3,1,47.07106933244171,,,0,SPEAKER_01,3
real,0.0,long_00026_3729-7176-4992,s3,no_recursion,3,2,1.3959685753598596,,,0,SPEAKER_01,3
real,0.0,long_00026_3729-7176-4992,s1,ungated_deflation,3,1,37.87384490279627,2,2,0,SPEAKER_02,3
real,0.0,long_00026_3729-7176-4992,s1,ungated_deflation,3,2,-2.0712067157333074,2,2,0,SPEAKER_02,3
real,0.0,long_00026_3729-7176-4992,s2,ungated_deflation,3,1,52.26511533240486,1,1,0,SPEAKER_00,3
real,0.0,long_00026_3729-7176-4992,s2,ungated_deflation,3,2,0.6560336061395095,1,1,0,SPEAKER_00,3
real,0.0,long_00026_3729-7176-4992,s3,ungated_deflation,3,1,47.07106933244171,0,0,0,SPEAKER_01,3
real,0.0,long_00026_3729-7176-4992,s3,ungated_deflation,3,2,1.3959685753598596,0,0,0,SPEAKER_01,3
real,0.0,long_00026_3729-7176-4992,s1,gated_deflation,3,1,37.87384490279627,2,2,0,SPEAKER_02,3
real,0.0,long_00026_3729-7176-4992,s1,gated_deflation,3,2,-2.0712067157333074,2,2,0,SPEAKER_02,3
real,0.0,long_00026_3729-7176-4992,s2,gated_deflation,3,1,52.26511533240486,1,1,0,SPEAKER_00,3
real,0.0,long_00026_3729-7176-4992,s2,gated_deflation,3,2,0.6560336061395095,1,1,0,SPEAKER_00,3
real,0.0,long_00026_3729-7176-4992,s3,gated_deflation,3,1,47.07106933244171,0,0,0,SPEAKER_01,3
real,0.0,long_00026_3729-7176-4992,s3,gated_deflation,3,2,1.3959685753598596,0,0,0,SPEAKER_01,3
real,0.0,long_00026_3729-7176-4992,s1,coarse_to_fine,3,1,37.87384490279627,,,0,SPEAKER_02,3
real,0.0,long_00026_3729-7176-4992,s1,coarse_to_fine,3,2,1.8982101364538613,,,0,SPEAKER_02,3
real,0.0,long_00026_3729-7176-4992,s2,coarse_to_fine,3,1,52.26511533240486,,,0,SPEAKER_00,3
real,0.0,long_00026_3729-7176-4992,s2,coarse_to_fine,3,2,0.4379928521579014,,,0,SPEAKER_00,3
real,0.0,long_00026_3729-7176-4992,s3,coarse_to_fine,3,1,47.07106933244171,,,0,SPEAKER_01,3
real,0.0,long_00026_3729-7176-4992,s3,coarse_to_fine,3,2,1.3959685753598596,,,0,SPEAKER_01,3
real,400.0,long_00026_3729-7176-4992,s1,no_recursion,3,1,16.963455065020504,,,0,SPEAKER_02,3
real,400.0,long_00026_3729-7176-4992,s1,no_recursion,3,2,3.2397213940867013,,,0,SPEAKER_02,3
real,400.0,long_00026_3729-7176-4992,s2,no_recursion,3,1,52.26511533240486,,,0,SPEAKER_00,3
real,400.0,long_00026_3729-7176-4992,s2,no_recursion,3,2,2.8538880261539012,,,0,SPEAKER_00,3
real,400.0,long_00026_3729-7176-4992,s3,no_recursion,3,1,46.955894635839954,,,0,SPEAKER_01,3
real,400.0,long_00026_3729-7176-4992,s3,no_recursion,3,2,1.779071162022276,,,0,SPEAKER_01,3
real,400.0,long_00026_3729-7176-4992,s1,ungated_deflation,3,1,17.946091375507994,2,2,0,SPEAKER_02,3
real,400.0,long_00026_3729-7176-4992,s1,ungated_deflation,3,2,-1.272912466180434,2,2,0,SPEAKER_02,3
real,400.0,long_00026_3729-7176-4992,s2,ungated_deflation,3,1,52.26511533240486,1,1,0,SPEAKER_00,3
real,400.0,long_00026_3729-7176-4992,s2,ungated_deflation,3,2,2.626103806531521,1,1,0,SPEAKER_00,3
real,400.0,long_00026_3729-7176-4992,s3,ungated_deflation,3,1,46.955894635839954,0,0,0,SPEAKER_01,3
real,400.0,long_00026_3729-7176-4992,s3,ungated_deflation,3,2,1.779071162022276,0,0,0,SPEAKER_01,3
real,400.0,long_00026_3729-7176-4992,s1,gated_deflation,3,1,17.946091375507994,2,2,0,SPEAKER_02,3
real,400.0,long_00026_3729-7176-4992,s1,gated_deflation,3,2,-1.272912466180434,2,2,0,SPEAKER_02,3
real,400.0,long_00026_3729-7176-4992,s2,gated_deflation,3,1,52.26511533240486,1,1,0,SPEAKER_00,3
real,400.0,long_00026_3729-7176-4992,s2,gated_deflation,3,2,2.626103806531521,1,1,0,SPEAKER_00,3
real,400.0,long_00026_3729-7176-4992,s3,gated_deflation,3,1,46.955894635839954,0,0,0,SPEAKER_01,3
real,400.0,long_00026_3729-7176-4992,s3,gated_deflation,3,2,1.779071162022276,0,0,0,SPEAKER_01,3
real,400.0,long_00026_3729-7176-4992,s1,coarse_to_fine,3,1,16.963455065020504,,,0,SPEAKER_02,3
real,400.0,long_00026_3729-7176-4992,s1,coarse_to_fine,3,2,3.2397213940867013,,,0,SPEAKER_02,3
real,400.0,long_00026_3729-7176-4992,s2,coarse_to_fine,3,1,52.26511533240486,,,0,SPEAKER_00,3
real,400.0,long_00026_3729-7176-4992,s2,coarse_to_fine,3,2,2.8538880261539012,,,0,SPEAKER_00,3
real,400.0,long_00026_3729-7176-4992,s3,coarse_to_fine,3,1,46.955894635839954,,,0,SPEAKER_01,3
real,400.0,long_00026_3729-7176-4992,s3,coarse_to_fine,3,2,1.779071162022276,,,0,SPEAKER_01,3
oracle,0.0,long_00027_2300-5639-6930,s1,no_recursion,3,1,42.692726519935775,,,0,s1,3
oracle,0.0,long_00027_2300-5639-6930,s1,no_recursion,3,2,6.245279401712935,,,0,s1,3
oracle,0.0,long_00027_2300-5639-6930,s2,no_recursion,3,1,44.13815186433129,,,0,s2,3
oracle,0.0,long_00027_2300-5639-6930,s2,no_recursion,3,2,-2.295299698091702,,,0,s2,3
oracle,0.0,long_00027_2300-5639-6930,s3,no_recursion,3,1,54.057205180933366,,,0,s3,3
oracle,0.0,long_00027_2300-5639-6930,s3,no_recursion,3,2,2.253910643688004,,,0,s3,3
oracle,0.0,long_00027_2300-5639-6930,s1,ungated_deflation,3,1,42.692726519935775,0,0,0,s1,3
oracle,0.0,long_00027_2300-5639-6930,s1,ungated_deflation,3,2,6.245279401712935,0,0,0,s1,3
oracle,0.0,long_00027_2300-5639-6930,s2,ungated_deflation,3,1,44.46707853055629,1,1,0,s2,3
oracle,0.0,long_00027_2300-5639-6930,s2,ungated_deflation,3,2,-5.939580014774924,1,1,0,s2,3
oracle,0.0,long_00027_2300-5639-6930,s3,ungated_deflation,3,1,53.428891122599154,2,2,0,s3,3
oracle,0.0,long_00027_2300-5639-6930,s3,ungated_deflation,3,2,1.368398346841335,2,2,0,s3,3
oracle,0.0,long_00027_2300-5639-6930,s1,gated_deflation,3,1,42.692726519935775,0,0,0,s1,3
oracle,0.0,long_00027_2300-5639-6930,s1,gated_deflation,3,2,6.245279401712935,0,0,0,s1,3
oracle,0.0,long_00027_2300-5639-6930,s2,gated_deflation,3,1,44.46707853055629,1,1,0,s2,3
oracle,0.0,long_00027_2300-5639-6930,s2,gated_deflation,3,2,-5.939580014774924,1,1,0,s2,3
oracle,0.0,long_00027_2300-5639-6930,s3,gated_deflation,3,1,53.428891122599154,2,2,0,s3,3
oracle,0.0,long_00027_2300-5639-6930,s3,gated_deflation,3,2,1.368398346841335,2,2,0,s3,3
oracle,0.0,long_00027_2300-5639-6930,s1,coarse_to_fine,3,1,42.692726519935775,,,0,s1,3
oracle,0.0,long_00027_2300-5639-6930,s1,coarse_to_fine,3,2,6.245279401712935,,,0,s1,3
oracle,0.0,long_00027_2300-5639-6930,s2,coarse_to_fine,3,1,44.13815186433129,,,0,s2,3
oracle,0.0,long_00027_2300-5639-6930,s2,coarse_to_fine,3,2,-2.295299698091702,,,0,s2,3
oracle,0.0,long_00027_2300-5639-6930,s3,coarse_to_fine,3,1,54.057205180933366,,,0,s3,3
oracle,0.0,long_00027_2300-5639-6930,s3,coarse_to_fine,3,2,2.253910643688004,,,0,s3,3
oracle,400.0,long_00027_2300-5639-6930,s1,no_recursion,3,1,12.265272074831955,,,0,s1,3
oracle,400.0,long_00027_2300-5639-6930,s1,no_recursion,3,2,6.2828379478939445,,,0,s1,3
oracle,400.0,long_00027_2300-5639-6930,s2,no_recursion,3,1,4.051121633642283,,,0,s2,3
oracle,400.0,long_00027_2300-5639-6930,s2,no_recursion,3,2,-2.150594092044637,,,0,s2,3
oracle,400.0,long_00027_2300-5639-6930,s3,no_recursion,3,1,2.8692143267352668,,,0,s3,3
oracle,400.0,long_00027_2300-5639-6930,s3,no_recursion,3,2,2.266786631762194,,,0,s3,3
oracle,400.0,long_00027_2300-5639-6930,s1,ungated_deflation,3,1,12.265272074831955,0,0,0,s1,3
oracle,400.0,long_00027_2300-5639-6930,s1,ungated_deflation,3,2,6.2828379478939445,0,0,0,s1,3
oracle,400.0,long_00027_2300-5639-6930,s2,ungated_deflation,3,1,5.041236640567753,1,1,0,s2,3
oracle,400.0,long_00027_2300-5639-6930,s2,ungated_deflation,3,2,-5.587872113839857,1,1,0,s2,3
oracle,400.0,long_00027_2300-5639-6930,s3,ungated_deflation,3,1,4.40759385599182,2,2,0,s3,3
oracle,400.0,long_00027_2300-5639-6930,s3,ungated_deflation,3,2,1.4988937287139725,2,2,0,s3,3
oracle,400.0,long_00027_2300-5639-6930,s1,gated_deflation,3,1,12.265272074831955,0,0,0,s1,3
oracle,400.0,long_00027_2300-5639-6930,s1,gated_deflation,3,2,6.2828379478939445,0,0,0,s1,3
oracle,400.0,long_00027_2300-5639-6930,s2,gated_deflation,3,1,5.041236640567753,1,1,0,s2,3
oracle,400.0,long_00027_2300-5639-6930,s2,gated_deflation,3,2,-5.587872113839857,1,1,0,s2,3
oracle,400.0,long_00027_2300-5639-6930,s3,gated_deflation,3,1,4.40759385599182,2,2,0,s3,3
oracle,400.0,long_00027_2300-5639-6930,s3,gated_deflation,3,2,1.4988937287139725,2,2,0,s3,3
oracle,400.0,long_00027_2300-5639-6930,s1,coarse_to_fine,3,1,12.265272074831955,,,0,s1,3
oracle,400.0,long_00027_2300-5639-6930,s1,coarse_to_fine,3,2,6.2828379478939445,,,0,s1,3
oracle,400.0,long_00027_2300-5639-6930,s2,coarse_to_fine,3,1,4.051121633642283,,,0,s2,3
oracle,400.0,long_00027_2300-5639-6930,s2,coarse_to_fine,3,2,-2.150594092044637,,,0,s2,3
oracle,400.0,long_00027_2300-5639-6930,s3,coarse_to_fine,3,1,2.8692143267352668,,,0,s3,3
oracle,400.0,long_00027_2300-5639-6930,s3,coarse_to_fine,3,2,2.266786631762194,,,0,s3,3
real,0.0,long_00027_2300-5639-6930,s1,no_recursion,3,1,19.536682139539398,,,0,SPEAKER_01,3
real,0.0,long_00027_2300-5639-6930,s1,no_recursion,3,2,-4.288958686807362,,,0,SPEAKER_01,3
real,0.0,long_00027_2300-5639-6930,s2,no_recursion,3,1,53.434003902147566,,,0,SPEAKER_00,3
real,0.0,long_00027_2300-5639-6930,s2,no_recursion,3,2,-3.4908270411188287,,,0,SPEAKER_00,3
real,0.0,long_00027_2300-5639-6930,s3,no_recursion,3,1,10.229780773666548,,,0,SPEAKER_02,3
real,0.0,long_00027_2300-5639-6930,s3,no_recursion,3,2,0.5965978772262394,,,0,SPEAKER_02,3
real,0.0,long_00027_2300-5639-6930,s1,ungated_deflation,3,1,19.536682139539398,1,1,0,SPEAKER_01,3
real,0.0,long_00027_2300-5639-6930,s1,ungated_deflation,3,2,-4.0998581643839485,1,1,0,SPEAKER_01,3
real,0.0,long_00027_2300-5639-6930,s2,ungated_deflation,3,1,53.434003902147566,2,2,0,SPEAKER_00,3
real,0.0,long_00027_2300-5639-6930,s2,ungated_deflation,3,2,-5.515768297881211,2,2,0,SPEAKER_00,3
real,0.0,long_00027_2300-5639-6930,s3,ungated_deflation,3,1,10.229780773666548,0,0,0,SPEAKER_02,3
real,0.0,long_00027_2300-5639-6930,s3,ungated_deflation,3,2,0.5965978772262394,0,0,0,SPEAKER_02,3
real,0.0,long_00027_2300-5639-6930,s1,gated_deflation,3,1,19.536682139539398,1,1,0,SPEAKER_01,3
real,0.0,long_00027_2300-5639-6930,s1,gated_deflation,3,2,-4.0998581643839485,1,1,0,SPEAKER_01,3
real,0.0,long_00027_2300-5639-6930,s2,gated_deflation,3,1,53.434003902147566,2,2,0,SPEAKER_00,3
real,0.0,long_00027_2300-5639-6930,s2,gated_deflation,3,2,-5.515768297881211,2,2,0,SPEAKER_00,3
real,0.0,long_00027_2300-5639-6930,s3,gated_deflation,3,1,10.229780773666548,0,0,0,SPEAKER_02,3
real,0.0,long_00027_2300-5639-6930,s3,gated_deflation,3,2,0.5965978772262394,0,0,0,SPEAKER_02,3
real,0.0,long_00027_2300-5639-6930,s1,coarse_to_fine,3,1,19.536682139539398,,,0,SPEAKER_01,3
real,0.0,long_00027_2300-5639-6930,s1,coarse_to_fine,3,2,-4.288958686807362,,,0,SPEAKER_01,3
real,0.0,long_00027_2300-5639-6930,s2,coarse_to_fine,3,1,53.434003902147566,,,0,SPEAKER_00,3
real,0.0,long_00027_2300-5639-6930,s2,coarse_to_fine,3,2,-3.4908270411188287,,,0,SPEAKER_00,3
real,0.0,long_00027_2300-5639-6930,s3,coarse_to_fine,3,1,10.229780773666548,,,0,SPEAKER_02,3
real,0.0,long_00027_2300-5639-6930,s3,coarse_to_fine,3,2,0.5965978772262394,,,0,SPEAKER_02,3
real,400.0,long_00027_2300-5639-6930,s1,no_recursion,3,1,15.157898626582885,,,0,SPEAKER_01,3
real,400.0,long_00027_2300-5639-6930,s1,no_recursion,3,2,1.367612845011771,,,0,SPEAKER_01,3
real,400.0,long_00027_2300-5639-6930,s2,no_recursion,3,1,17.042557035989116,,,0,SPEAKER_00,3
real,400.0,long_00027_2300-5639-6930,s2,no_recursion,3,2,-1.7039536060906026,,,0,SPEAKER_00,3
real,400.0,long_00027_2300-5639-6930,s3,no_recursion,3,1,10.229780773666548,,,0,SPEAKER_02,3
real,400.0,long_00027_2300-5639-6930,s3,no_recursion,3,2,2.286706117654795,,,0,SPEAKER_02,3
real,400.0,long_00027_2300-5639-6930,s1,ungated_deflation,3,1,14.978919014348497,1,1,0,SPEAKER_01,3
real,400.0,long_00027_2300-5639-6930,s1,ungated_deflation,3,2,0.9164824661609963,1,1,0,SPEAKER_01,3
real,400.0,long_00027_2300-5639-6930,s2,ungated_deflation,3,1,17.951211353878264,2,2,0,SPEAKER_00,3
real,400.0,long_00027_2300-5639-6930,s2,ungated_deflation,3,2,-4.714810299993455,2,2,0,SPEAKER_00,3
real,400.0,long_00027_2300-5639-6930,s3,ungated_deflation,3,1,10.229780773666548,0,0,0,SPEAKER_02,3
real,400.0,long_00027_2300-5639-6930,s3,ungated_deflation,3,2,2.286706117654795,0,0,0,SPEAKER_02,3
real,400.0,long_00027_2300-5639-6930,s1,gated_deflation,3,1,14.978919014348497,1,1,0,SPEAKER_01,3
real,400.0,long_00027_2300-5639-6930,s1,gated_deflation,3,2,0.9164824661609963,1,1,0,SPEAKER_01,3
real,400.0,long_00027_2300-5639-6930,s2,gated_deflation,3,1,17.951211353878264,2,2,0,SPEAKER_00,3
real,400.0,long_00027_2300-5639-6930,s2,gated_deflation,3,2,-4.714810299993455,2,2,0,SPEAKER_00,3
real,400.0,long_00027_2300-5639-6930,s3,gated_deflation,3,1,10.229780773666548,0,0,0,SPEAKER_02,3
real,400.0,long_00027_2300-5639-6930,s3,gated_deflation,3,2,2.286706117654795,0,0,0,SPEAKER_02,3
real,400.0,long_00027_2300-5639-6930,s1,coarse_to_fine,3,1,15.157898626582885,,,0,SPEAKER_01,3
real,400.0,long_00027_2300-5639-6930,s1,coarse_to_fine,3,2,1.367612845011771,,,0,SPEAKER_01,3
real,400.0,long_00027_2300-5639-6930,s2,coarse_to_fine,3,1,17.042557035989116,,,0,SPEAKER_00,3
real,400.0,long_00027_2300-5639-6930,s2,coarse_to_fine,3,2,-1.7039536060906026,,,0,SPEAKER_00,3
real,400.0,long_00027_2300-5639-6930,s3,coarse_to_fine,3,1,10.229780773666548,,,0,SPEAKER_02,3
real,400.0,long_00027_2300-5639-6930,s3,coarse_to_fine,3,2,2.286706117654795,,,0,SPEAKER_02,3
oracle,0.0,long_00028_5105-8455-1188,s1,no_recursion,3,1,66.01781086576592,,,0,s1,3
oracle,0.0,long_00028_5105-8455-1188,s1,no_recursion,3,2,-1.243163376426871,,,0,s1,3
oracle,0.0,long_00028_5105-8455-1188,s2,no_recursion,3,1,62.46067342598244,,,0,s2,3
oracle,0.0,long_00028_5105-8455-1188,s2,no_recursion,3,2,2.2459996470448993,,,0,s2,3
oracle,0.0,long_00028_5105-8455-1188,s3,no_recursion,3,1,62.83371683881793,,,0,s3,3
oracle,0.0,long_00028_5105-8455-1188,s3,no_recursion,3,2,-0.6309966510778529,,,0,s3,3
oracle,0.0,long_00028_5105-8455-1188,s1,ungated_deflation,3,1,66.01781086576592,0,0,0,s1,3
oracle,0.0,long_00028_5105-8455-1188,s1,ungated_deflation,3,2,-1.243163376426871,0,0,0,s1,3
oracle,0.0,long_00028_5105-8455-1188,s2,ungated_deflation,3,1,60.43765129446982,1,1,0,s2,3
oracle,0.0,long_00028_5105-8455-1188,s2,ungated_deflation,3,2,-2.1868267535047954,1,1,0,s2,3
oracle,0.0,long_00028_5105-8455-1188,s3,ungated_deflation,3,1,58.611016717721796,2,2,0,s3,3
oracle,0.0,long_00028_5105-8455-1188,s3,ungated_deflation,3,2,-0.018068974326562695,2,2,0,s3,3
oracle,0.0,long_00028_5105-8455-1188,s1,gated_deflation,3,1,66.01781086576592,0,0,0,s1,3
oracle,0.0,long_00028_5105-8455-1188,s1,gated_deflation,3,2,-1.243163376426871,0,0,0,s1,3
oracle,0.0,long_00028_5105-8455-1188,s2,gated_deflation,3,1,60.43765129446982,1,1,0,s2,3
oracle,0.0,long_00028_5105-8455-1188,s2,gated_deflation,3,2,-2.1868267535047954,1,1,0,s2,3
oracle,0.0,long_00028_5105-8455-1188,s3,gated_deflation,3,1,58.611016717721796,2,2,0,s3,3
oracle,0.0,long_00028_5105-8455-1188,s3,gated_deflation,3,2,-0.018068974326562695,2,2,0,s3,3
oracle,0.0,long_00028_5105-8455-1188,s1,coarse_to_fine,3,1,66.01781086576592,,,0,s1,3
oracle,0.0,long_00028_5105-8455-1188,s1,coarse_to_fine,3,2,-1.243163376426871,,,0,s1,3
oracle,0.0,long_00028_5105-8455-1188,s2,coarse_to_fine,3,1,62.46067342598244,,,0,s2,3
oracle,0.0,long_00028_5105-8455-1188,s2,coarse_to_fine,3,2,2.2459996470448993,,,0,s2,3
oracle,0.0,long_00028_5105-8455-1188,s3,coarse_to_fine,3,1,62.83371683881793,,,0,s3,3
oracle,0.0,long_00028_5105-8455-1188,s3,coarse_to_fine,3,2,-0.6309966510778529,,,0,s3,3
oracle,400.0,long_00028_5105-8455-1188,s1,no_recursion,3,1,11.196628863123248,,,0,s1,3
oracle,400.0,long_00028_5105-8455-1188,s1,no_recursion,3,2,-1.234173438446267,,,0,s1,3
oracle,400.0,long_00028_5105-8455-1188,s2,no_recursion,3,1,1.834995661731279,,,0,s2,3
oracle,400.0,long_00028_5105-8455-1188,s2,no_recursion,3,2,2.1223140570893797,,,0,s2,3
oracle,400.0,long_00028_5105-8455-1188,s3,no_recursion,3,1,34.241452582353,,,0,s3,3
oracle,400.0,long_00028_5105-8455-1188,s3,no_recursion,3,2,-0.5585738238359249,,,0,s3,3
oracle,400.0,long_00028_5105-8455-1188,s1,ungated_deflation,3,1,11.196628863123248,0,0,0,s1,3
oracle,400.0,long_00028_5105-8455-1188,s1,ungated_deflation,3,2,-1.234173438446267,0,0,0,s1,3
oracle,400.0,long_00028_5105-8455-1188,s2,ungated_deflation,3,1,4.197210757006503,1,1,0,s2,3
oracle,400.0,long_00028_5105-8455-1188,s2,ungated_deflation,3,2,-2.2875791953260762,1,1,0,s2,3
oracle,400.0,long_00028_5105-8455-1188,s3,ungated_deflation,3,1,33.419786743046004,2,2,0,s3,3
oracle,400.0,long_00028_5105-8455-1188,s3,ungated_deflation,3,2,0.047579894519570176,2,2,0,s3,3
oracle,400.0,long_00028_5105-8455-1188,s1,gated_deflation,3,1,11.196628863123248,0,0,0,s1,3
oracle,400.0,long_00028_5105-8455-1188,s1,gated_deflation,3,2,-1.234173438446267,0,0,0,s1,3
oracle,400.0,long_00028_5105-8455-1188,s2,gated_deflation,3,1,4.197210757006503,1,1,0,s2,3
oracle,400.0,long_00028_5105-8455-1188,s2,gated_deflation,3,2,-2.2875791953260762,1,1,0,s2,3
oracle,400.0,long_00028_5105-8455-1188,s3,gated_deflation,3,1,33.419786743046004,2,2,0,s3,3
oracle,400.0,long_00028_5105-8455-1188,s3,gated_deflation,3,2,0.047579894519570176,2,2,0,s3,3
oracle,400.0,long_00028_5105-8455-1188,s1,coarse_to_fine,3,1,11.196628863123248,,,0,s1,3
oracle,400.0,long_00028_5105-8455-1188,s1,coarse_to_fine,3,2,-1.234173438446267,,,0,s1,3
oracle,400.0,long_00028_5105-8455-1188,s2,coarse_to_fine,3,1,1.834995661731279,,,0,s2,3
oracle,400.0,long_00028_5105-8455-1188,s2,coarse_to_fine,3,2,2.1223140570893797,,,0,s2,3
oracle,400.0,long_00028_5105-8455-1188,s3,coarse_to_fine,3,1,34.241452582353,,,0,s3,3
oracle,400.0,long_00028_5105-8455-1188,s3,coarse_to_fine,3,2,-0.5585738238359249,,,0,s3,3
real,0.0,long_00028_5105-8455-1188,s1,no_recursion,3,1,39.417045660400554,,,0,SPEAKER_01,3
real,0.0,long_00028_5105-8455-1188,s1,no_recursion,3,2,-3.6948946646003966,,,0,SPEAKER_01,3
real,0.0,long_00028_5105-8455-1188,s2,no_recursion,3,1,39.80629537981997,,,0,SPEAKER_02,3
real,0.0,long_00028_5105-8455-1188,s2,no_recursion,3,2,2.780525123336111,,,0,SPEAKER_02,3
real,0.0,long_00028_5105-8455-1188,s3,no_recursion,3,1,32.37969515303517,,,0,SPEAKER_00,3
real,0.0,long_00028_5105-8455-1188,s3,no_recursion,3,2,-3.8416124587264755,,,0,SPEAKER_00,3
real,0.0,long_00028_5105-8455-1188,s1,ungated_deflation,3,1,39.417045660400554,1,1,0,SPEAKER_01,3
real,0.0,long_00028_5105-8455-1188,s1,ungated_deflation,3,2,-4.578775755084904,1,1,0,SPEAKER_01,3
real,0.0,long_00028_5105-8455-1188,s2,ungated_deflation,3,1,39.80629537981997,2,2,0,SPEAKER_02,3
real,0.0,long_00028_5105-8455-1188,s2,ungated_deflation,3,2,1.1047069191939665,2,2,0,SPEAKER_02,3
real,0.0,long_00028_5105-8455-1188,s3,ungated_deflation,3,1,32.37969515303517,0,0,0,SPEAKER_00,3
real,0.0,long_00028_5105-8455-1188,s3,ungated_deflation,3,2,-3.8416124587264755,0,0,0,SPEAKER_00,3
real,0.0,long_00028_5105-8455-1188,s1,gated_deflation,3,1,39.417045660400554,1,1,0,SPEAKER_01,3
real,0.0,long_00028_5105-8455-1188,s1,gated_deflation,3,2,-4.578775755084904,1,1,0,SPEAKER_01,3
real,0.0,long_00028_5105-8455-1188,s2,gated_deflation,3,1,39.80629537981997,2,2,0,SPEAKER_02,3
real,0.0,long_00028_5105-8455-1188,s2,gated_deflation,3,2,1.1047069191939665,2,2,0,SPEAKER_02,3
real,0.0,long_00028_5105-8455-1188,s3,gated_deflation,3,1,32.37969515303517,0,0,0,SPEAKER_00,3
real,0.0,long_00028_5105-8455-1188,s3,gated_deflation,3,2,-3.8416124587264755,0,0,0,SPEAKER_00,3
real,0.0,long_00028_5105-8455-1188,s1,coarse_to_fine,3,1,39.417045660400554,,,0,SPEAKER_01,3
real,0.0,long_00028_5105-8455-1188,s1,coarse_to_fine,3,2,-3.6948946646003966,,,0,SPEAKER_01,3
real,0.0,long_00028_5105-8455-1188,s2,coarse_to_fine,3,1,39.80629537981997,,,0,SPEAKER_02,3
real,0.0,long_00028_5105-8455-1188,s2,coarse_to_fine,3,2,2.780525123336111,,,0,SPEAKER_02,3
real,0.0,long_00028_5105-8455-1188,s3,coarse_to_fine,3,1,32.37969515303517,,,0,SPEAKER_00,3
real,0.0,long_00028_5105-8455-1188,s3,coarse_to_fine,3,2,-3.8416124587264755,,,0,SPEAKER_00,3
real,400.0,long_00028_5105-8455-1188,s1,no_recursion,3,1,39.417045660400554,,,0,SPEAKER_01,3
real,400.0,long_00028_5105-8455-1188,s1,no_recursion,3,2,-2.4327874291316665,,,0,SPEAKER_01,3
real,400.0,long_00028_5105-8455-1188,s2,no_recursion,3,1,22.101265226428776,,,0,SPEAKER_02,3
real,400.0,long_00028_5105-8455-1188,s2,no_recursion,3,2,3.622192439218942,,,0,SPEAKER_02,3
real,400.0,long_00028_5105-8455-1188,s3,no_recursion,3,1,32.37969515303517,,,0,SPEAKER_00,3
real,400.0,long_00028_5105-8455-1188,s3,no_recursion,3,2,-1.477784499757018,,,0,SPEAKER_00,3
real,400.0,long_00028_5105-8455-1188,s1,ungated_deflation,3,1,39.417045660400554,1,1,0,SPEAKER_01,3
real,400.0,long_00028_5105-8455-1188,s1,ungated_deflation,3,2,-3.5521527103680928,1,1,0,SPEAKER_01,3
real,400.0,long_00028_5105-8455-1188,s2,ungated_deflation,3,1,24.037519441058205,2,2,0,SPEAKER_02,3
real,400.0,long_00028_5105-8455-1188,s2,ungated_deflation,3,2,1.4416244259999216,2,2,0,SPEAKER_02,3
real,400.0,long_00028_5105-8455-1188,s3,ungated_deflation,3,1,32.37969515303517,0,0,0,SPEAKER_00,3
real,400.0,long_00028_5105-8455-1188,s3,ungated_deflation,3,2,-1.477784499757018,0,0,0,SPEAKER_00,3
real,400.0,long_00028_5105-8455-1188,s1,gated_deflation,3,1,39.417045660400554,1,1,0,SPEAKER_01,3
real,400.0,long_00028_5105-8455-1188,s1,gated_deflation,3,2,-3.5521527103680928,1,1,0,SPEAKER_01,3
real,400.0,long_00028_5105-8455-1188,s2,gated_deflation,3,1,24.037519441058205,2,2,0,SPEAKER_02,3
real,400.0,long_00028_5105-8455-1188,s2,gated_deflation,3,2,1.4416244259999216,2,2,0,SPEAKER_02,3
real,400.0,long_00028_5105-8455-1188,s3,gated_deflation,3,1,32.37969515303517,0,0,0,SPEAKER_00,3
real,400.0,long_00028_5105-8455-1188,s3,gated_deflation,3,2,-1.477784499757018,0,0,0,SPEAKER_00,3
real,400.0,long_00028_5105-8455-1188,s1,coarse_to_fine,3,1,39.417045660400554,,,0,SPEAKER_01,3
real,400.0,long_00028_5105-8455-1188,s1,coarse_to_fine,3,2,-2.4327874291316665,,,0,SPEAKER_01,3
real,400.0,long_00028_5105-8455-1188,s2,coarse_to_fine,3,1,22.101265226428776,,,0,SPEAKER_02,3
real,400.0,long_00028_5105-8455-1188,s2,coarse_to_fine,3,2,3.622192439218942,,,0,SPEAKER_02,3
real,400.0,long_00028_5105-8455-1188,s3,coarse_to_fine,3,1,32.37969515303517,,,0,SPEAKER_00,3
real,400.0,long_00028_5105-8455-1188,s3,coarse_to_fine,3,2,-1.477784499757018,,,0,SPEAKER_00,3
oracle,0.0,long_00029_61-2830-7729,s1,no_recursion,3,1,52.2325436047828,,,0,s1,3
oracle,0.0,long_00029_61-2830-7729,s1,no_recursion,3,2,0.5344967433917601,,,0,s1,3
oracle,0.0,long_00029_61-2830-7729,s2,no_recursion,3,1,56.71170223403938,,,0,s2,3
oracle,0.0,long_00029_61-2830-7729,s2,no_recursion,3,2,-2.528279350343495,,,0,s2,3
oracle,0.0,long_00029_61-2830-7729,s3,no_recursion,3,1,77.7299456933696,,,0,s3,3
oracle,0.0,long_00029_61-2830-7729,s3,no_recursion,3,2,0.1793685049180679,,,0,s3,3
oracle,0.0,long_00029_61-2830-7729,s1,ungated_deflation,3,1,52.2325436047828,0,0,0,s1,3
oracle,0.0,long_00029_61-2830-7729,s1,ungated_deflation,3,2,0.5344967433917601,0,0,0,s1,3
oracle,0.0,long_00029_61-2830-7729,s2,ungated_deflation,3,1,54.04008738232534,1,1,0,s2,3
oracle,0.0,long_00029_61-2830-7729,s2,ungated_deflation,3,2,-4.762109026629773,1,1,0,s2,3
oracle,0.0,long_00029_61-2830-7729,s3,ungated_deflation,3,1,68.36200986202594,2,2,0,s3,3
oracle,0.0,long_00029_61-2830-7729,s3,ungated_deflation,3,2,1.189948518967345,2,2,0,s3,3
oracle,0.0,long_00029_61-2830-7729,s1,gated_deflation,3,1,52.2325436047828,0,0,0,s1,3
oracle,0.0,long_00029_61-2830-7729,s1,gated_deflation,3,2,0.5344967433917601,0,0,0,s1,3
oracle,0.0,long_00029_61-2830-7729,s2,gated_deflation,3,1,54.04008738232534,1,1,0,s2,3
oracle,0.0,long_00029_61-2830-7729,s2,gated_deflation,3,2,-4.762109026629773,1,1,0,s2,3
oracle,0.0,long_00029_61-2830-7729,s3,gated_deflation,3,1,85.70059488277934,2,1,0,s3,3
oracle,0.0,long_00029_61-2830-7729,s3,gated_deflation,3,2,1.4922895725054386,2,1,0,s3,3
oracle,0.0,long_00029_61-2830-7729,s1,coarse_to_fine,3,1,52.2325436047828,,,0,s1,3
oracle,0.0,long_00029_61-2830-7729,s1,coarse_to_fine,3,2,0.5344967433917601,,,0,s1,3
oracle,0.0,long_00029_61-2830-7729,s2,coarse_to_fine,3,1,56.71170223403938,,,0,s2,3
oracle,0.0,long_00029_61-2830-7729,s2,coarse_to_fine,3,2,-2.528279350343495,,,0,s2,3
oracle,0.0,long_00029_61-2830-7729,s3,coarse_to_fine,3,1,77.7299456933696,,,0,s3,3
oracle,0.0,long_00029_61-2830-7729,s3,coarse_to_fine,3,2,0.1793685049180679,,,0,s3,3
oracle,400.0,long_00029_61-2830-7729,s1,no_recursion,3,1,7.388524733613211,,,0,s1,3
oracle,400.0,long_00029_61-2830-7729,s1,no_recursion,3,2,0.5837307933584859,,,0,s1,3
oracle,400.0,long_00029_61-2830-7729,s2,no_recursion,3,1,1.2219285258467973,,,0,s2,3
oracle,400.0,long_00029_61-2830-7729,s2,no_recursion,3,2,-2.7588631485220083,,,0,s2,3
oracle,400.0,long_00029_61-2830-7729,s3,no_recursion,3,1,7.565419377865929,,,0,s3,3
oracle,400.0,long_00029_61-2830-7729,s3,no_recursion,3,2,0.1512322140218571,,,0,s3,3
oracle,400.0,long_00029_61-2830-7729,s1,ungated_deflation,3,1,7.388524733613211,0,0,0,s1,3
oracle,400.0,long_00029_61-2830-7729,s1,ungated_deflation,3,2,0.5837307933584859,0,0,0,s1,3
oracle,400.0,long_00029_61-2830-7729,s2,ungated_deflation,3,1,-0.028477984325269257,1,1,0,s2,3
oracle,400.0,long_00029_61-2830-7729,s2,ungated_deflation,3,2,-4.853994952703541,1,1,0,s2,3
oracle,400.0,long_00029_61-2830-7729,s3,ungated_deflation,3,1,8.160624189097986,2,2,0,s3,3
oracle,400.0,long_00029_61-2830-7729,s3,ungated_deflation,3,2,1.182663367595587,2,2,0,s3,3
oracle,400.0,long_00029_61-2830-7729,s1,gated_deflation,3,1,7.388524733613211,0,0,0,s1,3
oracle,400.0,long_00029_61-2830-7729,s1,gated_deflation,3,2,0.5837307933584859,0,0,0,s1,3
oracle,400.0,long_00029_61-2830-7729,s2,gated_deflation,3,1,-0.028477984325269257,1,1,0,s2,3
oracle,400.0,long_00029_61-2830-7729,s2,gated_deflation,3,2,-4.853994952703541,1,1,0,s2,3
oracle,400.0,long_00029_61-2830-7729,s3,gated_deflation,3,1,6.3944778433861496,2,1,0,s3,3
oracle,400.0,long_00029_61-2830-7729,s3,gated_deflation,3,2,1.4737853712216964,2,1,0,s3,3
oracle,400.0,long_00029_61-2830-7729,s1,coarse_to_fine,3,1,7.388524733613211,,,0,s1,3
oracle,400.0,long_00029_61-2830-7729,s1,coarse_to_fine,3,2,0.5837307933584859,,,0,s1,3
oracle,400.0,long_00029_61-2830-7729,s2,coarse_to_fine,3,1,1.2219285258467973,,,0,s2,3
oracle,400.0,long_00029_61-2830-7729,s2,coarse_to_fine,3,2,-2.7588631485220083,,,0,s2,3
oracle,400.0,long_00029_61-2830-7729,s3,coarse_to_fine,3,1,7.565419377865929,,,0,s3,3
oracle,400.0,long_00029_61-2830-7729,s3,coarse_to_fine,3,2,0.1512322140218571,,,0,s3,3
real,0.0,long_00029_61-2830-7729,s1,no_recursion,3,1,23.422072963921533,,,0,SPEAKER_02,3
real,0.0,long_00029_61-2830-7729,s1,no_recursion,3,2,-4.002537130399151,,,0,SPEAKER_02,3
real,0.0,long_00029_61-2830-7729,s2,no_recursion,3,1,20.6808080488091,,,0,SPEAKER_00,3
real,0.0,long_00029_61-2830-7729,s2,no_recursion,3,2,-3.862081622402398,,,0,SPEAKER_00,3
real,0.0,long_00029_61-2830-7729,s3,no_recursion,3,1,55.73008461742945,,,0,SPEAKER_01,3
real,0.0,long_00029_61-2830-7729,s3,no_recursion,3,2,-3.252577628463725,,,0,SPEAKER_01,3
real,0.0,long_00029_61-2830-7729,s1,ungated_deflation,3,1,23.422072963921533,2,2,0,SPEAKER_02,3
real,0.0,long_00029_61-2830-7729,s1,ungated_deflation,3,2,-2.10693637617105,2,2,0,SPEAKER_02,3
real,0.0,long_00029_61-2830-7729,s2,ungated_deflation,3,1,20.6808080488091,1,1,0,SPEAKER_00,3
real,0.0,long_00029_61-2830-7729,s2,ungated_deflation,3,2,-3.020998160845505,1,1,0,SPEAKER_00,3
real,0.0,long_00029_61-2830-7729,s3,ungated_deflation,3,1,55.73008461742945,0,0,0,SPEAKER_01,3
real,0.0,long_00029_61-2830-7729,s3,ungated_deflation,3,2,-3.252577628463725,0,0,0,SPEAKER_01,3
real,0.0,long_00029_61-2830-7729,s1,gated_deflation,3,1,23.422072963921533,2,1,0,SPEAKER_02,3
real,0.0,long_00029_61-2830-7729,s1,gated_deflation,3,2,-3.5967070124613034,2,1,0,SPEAKER_02,3
real,0.0,long_00029_61-2830-7729,s2,gated_deflation,3,1,20.6808080488091,1,1,0,SPEAKER_00,3
real,0.0,long_00029_61-2830-7729,s2,gated_deflation,3,2,-3.020998160845505,1,1,0,SPEAKER_00,3
real,0.0,long_00029_61-2830-7729,s3,gated_deflation,3,1,55.73008461742945,0,0,0,SPEAKER_01,3
real,0.0,long_00029_61-2830-7729,s3,gated_deflation,3,2,-3.252577628463725,0,0,0,SPEAKER_01,3
real,0.0,long_00029_61-2830-7729,s1,coarse_to_fine,3,1,23.422072963921533,,,0,SPEAKER_02,3
real,0.0,long_00029_61-2830-7729,s1,coarse_to_fine,3,2,-4.002537130399151,,,0,SPEAKER_02,3
real,0.0,long_00029_61-2830-7729,s2,coarse_to_fine,3,1,20.6808080488091,,,0,SPEAKER_00,3
real,0.0,long_00029_61-2830-7729,s2,coarse_to_fine,3,2,-3.862081622402398,,,0,SPEAKER_00,3
real,0.0,long_00029_61-2830-7729,s3,coarse_to_fine,3,1,55.73008461742945,,,0,SPEAKER_01,3
real,0.0,long_00029_61-2830-7729,s3,coarse_to_fine,3,2,-3.252577628463725,,,0,SPEAKER_01,3
real,400.0,long_00029_61-2830-7729,s1,no_recursion,3,1,23.422072963921533,,,0,SPEAKER_02,3
real,400.0,long_00029_61-2830-7729,s1,no_recursion,3,2,0.6711655462639415,,,0,SPEAKER_02,3
real,400.0,long_00029_61-2830-7729,s2,no_recursion,3,1,5.8542279849393575,,,0,SPEAKER_00,3
real,400.0,long_00029_61-2830-7729,s2,no_recursion,3,2,-2.465138821968969,,,0,SPEAKER_00,3
real,400.0,long_00029_61-2830-7729,s3,no_recursion,3,1,55.73008461742945,,,0,SPEAKER_01,3
real,400.0,long_00029_61-2830-7729,s3,no_recursion,3,2,-0.7786025854371236,,,0,SPEAKER_01,3
real,400.0,long_00029_61-2830-7729,s1,ungated_deflation,3,1,23.422072963921533,2,2,0,SPEAKER_02,3
real,400.0,long_00029_61-2830-7729,s1,ungated_deflation,3,2,-1.1003119129850438,2,2,0,SPEAKER_02,3
real,400.0,long_00029_61-2830-7729,s2,ungated_deflation,3,1,3.3922327519909903,1,1,0,SPEAKER_00,3
real,400.0,long_00029_61-2830-7729,s2,ungated_deflation,3,2,-2.414541279315094,1,1,0,SPEAKER_00,3
real,400.0,long_00029_61-2830-7729,s3,ungated_deflation,3,1,55.73008461742945,0,0,0,SPEAKER_01,3
real,400.0,long_00029_61-2830-7729,s3,ungated_deflation,3,2,-0.7786025854371236,0,0,0,SPEAKER_01,3
real,400.0,long_00029_61-2830-7729,s1,gated_deflation,3,1,23.422072963921533,2,1,0,SPEAKER_02,3
real,400.0,long_00029_61-2830-7729,s1,gated_deflation,3,2,0.8762270557446155,2,1,0,SPEAKER_02,3
real,400.0,long_00029_61-2830-7729,s2,gated_deflation,3,1,3.3922327519909903,1,1,0,SPEAKER_00,3
real,400.0,long_00029_61-2830-7729,s2,gated_deflation,3,2,-2.414541279315094,1,1,0,SPEAKER_00,3
real,400.0,long_00029_61-2830-7729,s3,gated_deflation,3,1,55.73008461742945,0,0,0,SPEAKER_01,3
real,400.0,long_00029_61-2830-7729,s3,gated_deflation,3,2,-0.7786025854371236,0,0,0,SPEAKER_01,3
real,400.0,long_00029_61-2830-7729,s1,coarse_to_fine,3,1,23.422072963921533,,,0,SPEAKER_02,3
real,400.0,long_00029_61-2830-7729,s1,coarse_to_fine,3,2,0.6711655462639415,,,0,SPEAKER_02,3
real,400.0,long_00029_61-2830-7729,s2,coarse_to_fine,3,1,5.8542279849393575,,,0,SPEAKER_00,3
real,400.0,long_00029_61-2830-7729,s2,coarse_to_fine,3,2,-2.465138821968969,,,0,SPEAKER_00,3
real,400.0,long_00029_61-2830-7729,s3,coarse_to_fine,3,1,55.73008461742945,,,0,SPEAKER_01,3
real,400.0,long_00029_61-2830-7729,s3,coarse_to_fine,3,2,-0.7786025854371236,,,0,SPEAKER_01,3
oracle,0.0,long_00030_1580-260-1995,s1,no_recursion,3,1,85.51732674109651,,,0,s1,3
oracle,0.0,long_00030_1580-260-1995,s1,no_recursion,3,2,3.341224606494346,,,0,s1,3
oracle,0.0,long_00030_1580-260-1995,s2,no_recursion,3,1,46.62819607125641,,,0,s2,3
oracle,0.0,long_00030_1580-260-1995,s2,no_recursion,3,2,4.3262191657416595,,,0,s2,3
oracle,0.0,long_00030_1580-260-1995,s3,no_recursion,3,1,45.19892526841632,,,0,s3,3
oracle,0.0,long_00030_1580-260-1995,s3,no_recursion,3,2,1.544532317861746,,,0,s3,3
oracle,0.0,long_00030_1580-260-1995,s1,ungated_deflation,3,1,85.51732674109651,0,0,0,s1,3
oracle,0.0,long_00030_1580-260-1995,s1,ungated_deflation,3,2,3.341224606494346,0,0,0,s1,3
oracle,0.0,long_00030_1580-260-1995,s2,ungated_deflation,3,1,44.09737201543333,1,1,0,s2,3
oracle,0.0,long_00030_1580-260-1995,s2,ungated_deflation,3,2,-1.2502833846352845,1,1,0,s2,3
oracle,0.0,long_00030_1580-260-1995,s3,ungated_deflation,3,1,41.7773507357396,2,2,0,s3,3
oracle,0.0,long_00030_1580-260-1995,s3,ungated_deflation,3,2,-1.5192593848956424,2,2,0,s3,3
oracle,0.0,long_00030_1580-260-1995,s1,gated_deflation,3,1,85.51732674109651,0,0,0,s1,3
oracle,0.0,long_00030_1580-260-1995,s1,gated_deflation,3,2,3.341224606494346,0,0,0,s1,3
oracle,0.0,long_00030_1580-260-1995,s2,gated_deflation,3,1,44.09737201543333,1,1,0,s2,3
oracle,0.0,long_00030_1580-260-1995,s2,gated_deflation,3,2,-1.2502833846352845,1,1,0,s2,3
oracle,0.0,long_00030_1580-260-1995,s3,gated_deflation,3,1,41.7773507357396,2,2,0,s3,3
oracle,0.0,long_00030_1580-260-1995,s3,gated_deflation,3,2,-1.5192593848956424,2,2,0,s3,3
oracle,0.0,long_00030_1580-260-1995,s1,coarse_to_fine,3,1,85.51732674109651,,,0,s1,3
oracle,0.0,long_00030_1580-260-1995,s1,coarse_to_fine,3,2,3.341224606494346,,,0,s1,3
oracle,0.0,long_00030_1580-260-1995,s2,coarse_to_fine,3,1,46.62819607125641,,,0,s2,3
oracle,0.0,long_00030_1580-260-1995,s2,coarse_to_fine,3,2,4.3262191657416595,,,0,s2,3
oracle,0.0,long_00030_1580-260-1995,s3,coarse_to_fine,3,1,45.19892526841632,,,0,s3,3
oracle,0.0,long_00030_1580-260-1995,s3,coarse_to_fine,3,2,1.544532317861746,,,0,s3,3
oracle,400.0,long_00030_1580-260-1995,s1,no_recursion,3,1,32.847518872218004,,,0,s1,3
oracle,400.0,long_00030_1580-260-1995,s1,no_recursion,3,2,3.4210178115080883,,,0,s1,3
oracle,400.0,long_00030_1580-260-1995,s2,no_recursion,3,1,4.039641383492078,,,0,s2,3
oracle,400.0,long_00030_1580-260-1995,s2,no_recursion,3,2,4.2504105704398984,,,0,s2,3
oracle,400.0,long_00030_1580-260-1995,s3,no_recursion,3,1,6.580784346468647,,,0,s3,3
oracle,400.0,long_00030_1580-260-1995,s3,no_recursion,3,2,1.5875941219981837,,,0,s3,3
oracle,400.0,long_00030_1580-260-1995,s1,ungated_deflation,3,1,32.847518872218004,0,0,0,s1,3
oracle,400.0,long_00030_1580-260-1995,s1,ungated_deflation,3,2,3.4210178115080883,0,0,0,s1,3
oracle,400.0,long_00030_1580-260-1995,s2,ungated_deflation,3,1,3.7594891174565443,1,1,0,s2,3
oracle,400.0,long_00030_1580-260-1995,s2,ungated_deflation,3,2,-1.3159858035738794,1,1,0,s2,3
oracle,400.0,long_00030_1580-260-1995,s3,ungated_deflation,3,1,11.99942117766466,2,2,0,s3,3
oracle,400.0,long_00030_1580-260-1995,s3,ungated_deflation,3,2,-1.45624420322847,2,2,0,s3,3
oracle,400.0,long_00030_1580-260-1995,s1,gated_deflation,3,1,32.847518872218004,0,0,0,s1,3
oracle,400.0,long_00030_1580-260-1995,s1,gated_deflation,3,2,3.4210178115080883,0,0,0,s1,3
oracle,400.0,long_00030_1580-260-1995,s2,gated_deflation,3,1,3.7594891174565443,1,1,0,s2,3
oracle,400.0,long_00030_1580-260-1995,s2,gated_deflation,3,2,-1.3159858035738794,1,1,0,s2,3
oracle,400.0,long_00030_1580-260-1995,s3,gated_deflation,3,1,11.99942117766466,2,2,0,s3,3
oracle,400.0,long_00030_1580-260-1995,s3,gated_deflation,3,2,-1.45624420322847,2,2,0,s3,3
oracle,400.0,long_00030_1580-260-1995,s1,coarse_to_fine,3,1,32.847518872218004,,,0,s1,3
oracle,400.0,long_00030_1580-260-1995,s1,coarse_to_fine,3,2,3.4210178115080883,,,0,s1,3
oracle,400.0,long_00030_1580-260-1995,s2,coarse_to_fine,3,1,4.039641383492078,,,0,s2,3
oracle,400.0,long_00030_1580-260-1995,s2,coarse_to_fine,3,2,4.2504105704398984,,,0,s2,3
oracle,400.0,long_00030_1580-260-1995,s3,coarse_to_fine,3,1,6.580784346468647,,,0,s3,3
oracle,400.0,long_00030_1580-260-1995,s3,coarse_to_fine,3,2,1.5875941219981837,,,0,s3,3
real,0.0,long_00030_1580-260-1995,s1,no_recursion,3,1,36.591955343971605,,,0,SPEAKER_00,3
real,0.0,long_00030_1580-260-1995,s1,no_recursion,3,2,-1.2766908874601726,,,0,SPEAKER_00,3
real,0.0,long_00030_1580-260-1995,s2,no_recursion,3,1,45.35437642793204,,,0,SPEAKER_01,3
real,0.0,long_00030_1580-260-1995,s2,no_recursion,3,2,-2.7352016077530843,,,0,SPEAKER_01,3
real,0.0,long_00030_1580-260-1995,s3,no_recursion,3,1,39.79379516052033,,,0,SPEAKER_02,3
real,0.0,long_00030_1580-260-1995,s3,no_recursion,3,2,-5.464605854680007,,,0,SPEAKER_02,3
real,0.0,long_00030_1580-260-1995,s1,ungated_deflation,3,1,36.591955343971605,1,1,0,SPEAKER_00,3
real,0.0,long_00030_1580-260-1995,s1,ungated_deflation,3,2,0.3638671178303785,1,1,0,SPEAKER_00,3
real,0.0,long_00030_1580-260-1995,s2,ungated_deflation,3,1,45.35437642793204,0,0,0,SPEAKER_01,3
real,0.0,long_00030_1580-260-1995,s2,ungated_deflation,3,2,-2.7352016077530843,0,0,0,SPEAKER_01,3
real,0.0,long_00030_1580-260-1995,s3,ungated_deflation,3,1,39.79379516052033,2,2,0,SPEAKER_02,3
real,0.0,long_00030_1580-260-1995,s3,ungated_deflation,3,2,-3.9854574580059032,2,2,0,SPEAKER_02,3
real,0.0,long_00030_1580-260-1995,s1,gated_deflation,3,1,36.591955343971605,1,1,0,SPEAKER_00,3
real,0.0,long_00030_1580-260-1995,s1,gated_deflation,3,2,0.3638671178303785,1,1,0,SPEAKER_00,3
real,0.0,long_00030_1580-260-1995,s2,gated_deflation,3,1,45.35437642793204,0,0,0,SPEAKER_01,3
real,0.0,long_00030_1580-260-1995,s2,gated_deflation,3,2,-2.7352016077530843,0,0,0,SPEAKER_01,3
real,0.0,long_00030_1580-260-1995,s3,gated_deflation,3,1,39.79379516052033,2,2,0,SPEAKER_02,3
real,0.0,long_00030_1580-260-1995,s3,gated_deflation,3,2,-3.9854574580059032,2,2,0,SPEAKER_02,3
real,0.0,long_00030_1580-260-1995,s1,coarse_to_fine,3,1,36.591955343971605,,,0,SPEAKER_00,3
real,0.0,long_00030_1580-260-1995,s1,coarse_to_fine,3,2,-1.2766908874601726,,,0,SPEAKER_00,3
real,0.0,long_00030_1580-260-1995,s2,coarse_to_fine,3,1,45.35437642793204,,,0,SPEAKER_01,3
real,0.0,long_00030_1580-260-1995,s2,coarse_to_fine,3,2,-2.7352016077530843,,,0,SPEAKER_01,3
real,0.0,long_00030_1580-260-1995,s3,coarse_to_fine,3,1,39.79379516052033,,,0,SPEAKER_02,3
real,0.0,long_00030_1580-260-1995,s3,coarse_to_fine,3,2,-5.464605854680007,,,0,SPEAKER_02,3
real,400.0,long_00030_1580-260-1995,s1,no_recursion,3,1,36.591955343971605,,,0,SPEAKER_00,3
real,400.0,long_00030_1580-260-1995,s1,no_recursion,3,2,4.189418694281351,,,0,SPEAKER_00,3
real,400.0,long_00030_1580-260-1995,s2,no_recursion,3,1,45.35437642793204,,,0,SPEAKER_01,3
real,400.0,long_00030_1580-260-1995,s2,no_recursion,3,2,4.728634892263482,,,0,SPEAKER_01,3
real,400.0,long_00030_1580-260-1995,s3,no_recursion,3,1,39.79379516052033,,,0,SPEAKER_02,3
real,400.0,long_00030_1580-260-1995,s3,no_recursion,3,2,-0.006854492228877528,,,0,SPEAKER_02,3
real,400.0,long_00030_1580-260-1995,s1,ungated_deflation,3,1,36.591955343971605,2,2,0,SPEAKER_00,3
real,400.0,long_00030_1580-260-1995,s1,ungated_deflation,3,2,4.548084261494457,2,2,0,SPEAKER_00,3
real,400.0,long_00030_1580-260-1995,s2,ungated_deflation,3,1,45.35437642793204,1,1,0,SPEAKER_01,3
real,400.0,long_00030_1580-260-1995,s2,ungated_deflation,3,2,3.1246248651287396,1,1,0,SPEAKER_01,3
real,400.0,long_00030_1580-260-1995,s3,ungated_deflation,3,1,39.79379516052033,0,0,0,SPEAKER_02,3
real,400.0,long_00030_1580-260-1995,s3,ungated_deflation,3,2,-0.006854492228877528,0,0,0,SPEAKER_02,3
real,400.0,long_00030_1580-260-1995,s1,gated_deflation,3,1,36.591955343971605,2,2,0,SPEAKER_00,3
real,400.0,long_00030_1580-260-1995,s1,gated_deflation,3,2,4.548084261494457,2,2,0,SPEAKER_00,3
real,400.0,long_00030_1580-260-1995,s2,gated_deflation,3,1,45.35437642793204,1,1,0,SPEAKER_01,3
real,400.0,long_00030_1580-260-1995,s2,gated_deflation,3,2,3.1246248651287396,1,1,0,SPEAKER_01,3
real,400.0,long_00030_1580-260-1995,s3,gated_deflation,3,1,39.79379516052033,0,0,0,SPEAKER_02,3
real,400.0,long_00030_1580-260-1995,s3,gated_deflation,3,2,-0.006854492228877528,0,0,0,SPEAKER_02,3
real,400.0,long_00030_1580-260-1995,s1,coarse_to_fine,3,1,36.591955343971605,,,0,SPEAKER_00,3
real,400.0,long_00030_1580-260-1995,s1,coarse_to_fine,3,2,4.189418694281351,,,0,SPEAKER_00,3
real,400.0,long_00030_1580-260-1995,s2,coarse_to_fine,3,1,45.35437642793204,,,0,SPEAKER_01,3
real,400.0,long_00030_1580-260-1995,s2,coarse_to_fine,3,2,4.728634892263482,,,0,SPEAKER_01,3
real,400.0,long_00030_1580-260-1995,s3,coarse_to_fine,3,1,39.79379516052033,,,0,SPEAKER_02,3
real,400.0,long_00030_1580-260-1995,s3,coarse_to_fine,3,2,-0.006854492228877528,,,0,SPEAKER_02,3
oracle,0.0,long_00031_2300-5639-260,s1,no_recursion,3,1,78.98746616104182,,,0,s1,3
oracle,0.0,long_00031_2300-5639-260,s1,no_recursion,3,2,5.553435326641906,,,0,s1,3
oracle,0.0,long_00031_2300-5639-260,s2,no_recursion,3,1,60.14333308164276,,,0,s2,3
oracle,0.0,long_00031_2300-5639-260,s2,no_recursion,3,2,-7.0094960641932165,,,0,s2,3
oracle,0.0,long_00031_2300-5639-260,s3,no_recursion,3,1,74.15684778301596,,,0,s3,3
oracle,0.0,long_00031_2300-5639-260,s3,no_recursion,3,2,4.756192271626679,,,0,s3,3
oracle,0.0,long_00031_2300-5639-260,s1,ungated_deflation,3,1,78.98746616104182,0,0,0,s1,3
oracle,0.0,long_00031_2300-5639-260,s1,ungated_deflation,3,2,5.553435326641906,0,0,0,s1,3
oracle,0.0,long_00031_2300-5639-260,s2,ungated_deflation,3,1,56.82659079518936,1,1,0,s2,3
oracle,0.0,long_00031_2300-5639-260,s2,ungated_deflation,3,2,-11.97621991936616,1,1,0,s2,3
oracle,0.0,long_00031_2300-5639-260,s3,ungated_deflation,3,1,72.98799279336305,2,2,0,s3,3
oracle,0.0,long_00031_2300-5639-260,s3,ungated_deflation,3,2,4.935661151829727,2,2,0,s3,3
oracle,0.0,long_00031_2300-5639-260,s1,gated_deflation,3,1,78.98746616104182,0,0,0,s1,3
oracle,0.0,long_00031_2300-5639-260,s1,gated_deflation,3,2,5.553435326641906,0,0,0,s1,3
oracle,0.0,long_00031_2300-5639-260,s2,gated_deflation,3,1,56.82659079518936,1,1,0,s2,3
oracle,0.0,long_00031_2300-5639-260,s2,gated_deflation,3,2,-11.97621991936616,1,1,0,s2,3
oracle,0.0,long_00031_2300-5639-260,s3,gated_deflation,3,1,72.98799279336305,2,2,0,s3,3
oracle,0.0,long_00031_2300-5639-260,s3,gated_deflation,3,2,4.935661151829727,2,2,0,s3,3
oracle,0.0,long_00031_2300-5639-260,s1,coarse_to_fine,3,1,78.98746616104182,,,0,s1,3
oracle,0.0,long_00031_2300-5639-260,s1,coarse_to_fine,3,2,5.553435326641906,,,0,s1,3
oracle,0.0,long_00031_2300-5639-260,s2,coarse_to_fine,3,1,60.14333308164276,,,0,s2,3
oracle,0.0,long_00031_2300-5639-260,s2,coarse_to_fine,3,2,-7.0094960641932165,,,0,s2,3
oracle,0.0,long_00031_2300-5639-260,s3,coarse_to_fine,3,1,74.15684778301596,,,0,s3,3
oracle,0.0,long_00031_2300-5639-260,s3,coarse_to_fine,3,2,4.756192271626679,,,0,s3,3
oracle,400.0,long_00031_2300-5639-260,s1,no_recursion,3,1,9.289319310208006,,,0,s1,3
oracle,400.0,long_00031_2300-5639-260,s1,no_recursion,3,2,5.655417955777403,,,0,s1,3
oracle,400.0,long_00031_2300-5639-260,s2,no_recursion,3,1,3.024178147773024,,,0,s2,3
oracle,400.0,long_00031_2300-5639-260,s2,no_recursion,3,2,-6.792411651233477,,,0,s2,3
oracle,400.0,long_00031_2300-5639-260,s3,no_recursion,3,1,7.896863262131627,,,0,s3,3
oracle,400.0,long_00031_2300-5639-260,s3,no_recursion,3,2,4.867898937426482,,,0,s3,3
oracle,400.0,long_00031_2300-5639-260,s1,ungated_deflation,3,1,9.289319310208006,0,0,0,s1,3
oracle,400.0,long_00031_2300-5639-260,s1,ungated_deflation,3,2,5.655417955777403,0,0,0,s1,3
oracle,400.0,long_00031_2300-5639-260,s2,ungated_deflation,3,1,4.428785674641745,1,1,0,s2,3
oracle,400.0,long_00031_2300-5639-260,s2,ungated_deflation,3,2,-11.499258626889793,1,1,0,s2,3
oracle,400.0,long_00031_2300-5639-260,s3,ungated_deflation,3,1,8.87620805877466,2,2,0,s3,3
oracle,400.0,long_00031_2300-5639-260,s3,ungated_deflation,3,2,5.057825386085241,2,2,0,s3,3
oracle,400.0,long_00031_2300-5639-260,s1,gated_deflation,3,1,9.289319310208006,0,0,0,s1,3
oracle,400.0,long_00031_2300-5639-260,s1,gated_deflation,3,2,5.655417955777403,0,0,0,s1,3
oracle,400.0,long_00031_2300-5639-260,s2,gated_deflation,3,1,4.428785674641745,1,1,0,s2,3
oracle,400.0,long_00031_2300-5639-260,s2,gated_deflation,3,2,-11.499258626889793,1,1,0,s2,3
oracle,400.0,long_00031_2300-5639-260,s3,gated_deflation,3,1,8.87620805877466,2,2,0,s3,3
oracle,400.0,long_00031_2300-5639-260,s3,gated_deflation,3,2,5.057825386085241,2,2,0,s3,3
oracle,400.0,long_00031_2300-5639-260,s1,coarse_to_fine,3,1,9.289319310208006,,,0,s1,3
oracle,400.0,long_00031_2300-5639-260,s1,coarse_to_fine,3,2,5.655417955777403,,,0,s1,3
oracle,400.0,long_00031_2300-5639-260,s2,coarse_to_fine,3,1,3.024178147773024,,,0,s2,3
oracle,400.0,long_00031_2300-5639-260,s2,coarse_to_fine,3,2,-6.792411651233477,,,0,s2,3
oracle,400.0,long_00031_2300-5639-260,s3,coarse_to_fine,3,1,7.896863262131627,,,0,s3,3
oracle,400.0,long_00031_2300-5639-260,s3,coarse_to_fine,3,2,4.867898937426482,,,0,s3,3
real,0.0,long_00031_2300-5639-260,s1,no_recursion,3,1,46.94740739087486,,,0,SPEAKER_00,3
real,0.0,long_00031_2300-5639-260,s1,no_recursion,3,2,-2.154155279786914,,,0,SPEAKER_00,3
real,0.0,long_00031_2300-5639-260,s2,no_recursion,3,1,57.62533516512437,,,0,SPEAKER_02,3
real,0.0,long_00031_2300-5639-260,s2,no_recursion,3,2,-7.660760532740162,,,0,SPEAKER_02,3
real,0.0,long_00031_2300-5639-260,s3,no_recursion,3,1,47.04985861428515,,,0,SPEAKER_01,3
real,0.0,long_00031_2300-5639-260,s3,no_recursion,3,2,2.9521494933489265,,,0,SPEAKER_01,3
real,0.0,long_00031_2300-5639-260,s1,ungated_deflation,3,1,46.94740739087486,0,0,0,SPEAKER_00,3
real,0.0,long_00031_2300-5639-260,s1,ungated_deflation,3,2,-2.154155279786914,0,0,0,SPEAKER_00,3
real,0.0,long_00031_2300-5639-260,s2,ungated_deflation,3,1,57.62533516512437,2,2,0,SPEAKER_02,3
real,0.0,long_00031_2300-5639-260,s2,ungated_deflation,3,2,-9.589011011632493,2,2,0,SPEAKER_02,3
real,0.0,long_00031_2300-5639-260,s3,ungated_deflation,3,1,47.04985861428515,1,1,0,SPEAKER_01,3
real,0.0,long_00031_2300-5639-260,s3,ungated_deflation,3,2,1.0508541197683803,1,1,0,SPEAKER_01,3
real,0.0,long_00031_2300-5639-260,s1,gated_deflation,3,1,46.94740739087486,0,0,0,SPEAKER_00,3
real,0.0,long_00031_2300-5639-260,s1,gated_deflation,3,2,-2.154155279786914,0,0,0,SPEAKER_00,3
real,0.0,long_00031_2300-5639-260,s2,gated_deflation,3,1,57.62533516512437,2,2,0,SPEAKER_02,3
real,0.0,long_00031_2300-5639-260,s2,gated_deflation,3,2,-9.589011011632493,2,2,0,SPEAKER_02,3
real,0.0,long_00031_2300-5639-260,s3,gated_deflation,3,1,47.04985861428515,1,1,0,SPEAKER_01,3
real,0.0,long_00031_2300-5639-260,s3,gated_deflation,3,2,1.0508541197683803,1,1,0,SPEAKER_01,3
real,0.0,long_00031_2300-5639-260,s1,coarse_to_fine,3,1,46.94740739087486,,,0,SPEAKER_00,3
real,0.0,long_00031_2300-5639-260,s1,coarse_to_fine,3,2,-2.154155279786914,,,0,SPEAKER_00,3
real,0.0,long_00031_2300-5639-260,s2,coarse_to_fine,3,1,57.62533516512437,,,0,SPEAKER_02,3
real,0.0,long_00031_2300-5639-260,s2,coarse_to_fine,3,2,-7.660760532740162,,,0,SPEAKER_02,3
real,0.0,long_00031_2300-5639-260,s3,coarse_to_fine,3,1,47.04985861428515,,,0,SPEAKER_01,3
real,0.0,long_00031_2300-5639-260,s3,coarse_to_fine,3,2,2.9521494933489265,,,0,SPEAKER_01,3
real,400.0,long_00031_2300-5639-260,s1,no_recursion,3,1,46.94740739087486,,,0,SPEAKER_00,3
real,400.0,long_00031_2300-5639-260,s1,no_recursion,3,2,1.9982305416412913,,,0,SPEAKER_00,3
real,400.0,long_00031_2300-5639-260,s2,no_recursion,3,1,47.60760452176834,,,0,SPEAKER_02,3
real,400.0,long_00031_2300-5639-260,s2,no_recursion,3,2,-7.099349404910642,,,0,SPEAKER_02,3
real,400.0,long_00031_2300-5639-260,s3,no_recursion,3,1,47.04985861428515,,,0,SPEAKER_01,3
real,400.0,long_00031_2300-5639-260,s3,no_recursion,3,2,4.051476509178918,,,0,SPEAKER_01,3
real,400.0,long_00031_2300-5639-260,s1,ungated_deflation,3,1,46.94740739087486,0,0,0,SPEAKER_00,3
real,400.0,long_00031_2300-5639-260,s1,ungated_deflation,3,2,1.9982305416412913,0,0,0,SPEAKER_00,3
real,400.0,long_00031_2300-5639-260,s2,ungated_deflation,3,1,47.635100231843964,2,2,0,SPEAKER_02,3
real,400.0,long_00031_2300-5639-260,s2,ungated_deflation,3,2,-9.351878483664837,2,2,0,SPEAKER_02,3
real,400.0,long_00031_2300-5639-260,s3,ungated_deflation,3,1,47.04985861428515,1,1,0,SPEAKER_01,3
real,400.0,long_00031_2300-5639-260,s3,ungated_deflation,3,2,2.5936376177769493,1,1,0,SPEAKER_01,3
real,400.0,long_00031_2300-5639-260,s1,gated_deflation,3,1,46.94740739087486,0,0,0,SPEAKER_00,3
real,400.0,long_00031_2300-5639-260,s1,gated_deflation,3,2,1.9982305416412913,0,0,0,SPEAKER_00,3
real,400.0,long_00031_2300-5639-260,s2,gated_deflation,3,1,47.635100231843964,2,2,0,SPEAKER_02,3
real,400.0,long_00031_2300-5639-260,s2,gated_deflation,3,2,-9.351878483664837,2,2,0,SPEAKER_02,3
real,400.0,long_00031_2300-5639-260,s3,gated_deflation,3,1,47.04985861428515,1,1,0,SPEAKER_01,3
real,400.0,long_00031_2300-5639-260,s3,gated_deflation,3,2,2.5936376177769493,1,1,0,SPEAKER_01,3
real,400.0,long_00031_2300-5639-260,s1,coarse_to_fine,3,1,46.94740739087486,,,0,SPEAKER_00,3
real,400.0,long_00031_2300-5639-260,s1,coarse_to_fine,3,2,1.9982305416412913,,,0,SPEAKER_00,3
real,400.0,long_00031_2300-5639-260,s2,coarse_to_fine,3,1,47.60760452176834,,,0,SPEAKER_02,3
real,400.0,long_00031_2300-5639-260,s2,coarse_to_fine,3,2,-7.099349404910642,,,0,SPEAKER_02,3
real,400.0,long_00031_2300-5639-260,s3,coarse_to_fine,3,1,47.04985861428515,,,0,SPEAKER_01,3
real,400.0,long_00031_2300-5639-260,s3,coarse_to_fine,3,2,4.051476509178918,,,0,SPEAKER_01,3
oracle,0.0,long_00032_7021-4446-6930,s1,no_recursion,3,1,48.506943562313054,,,0,s1,3
oracle,0.0,long_00032_7021-4446-6930,s1,no_recursion,3,2,4.210869527293825,,,0,s1,3
oracle,0.0,long_00032_7021-4446-6930,s2,no_recursion,3,1,42.60539665078477,,,0,s2,3
oracle,0.0,long_00032_7021-4446-6930,s2,no_recursion,3,2,4.684044650471419,,,0,s2,3
oracle,0.0,long_00032_7021-4446-6930,s3,no_recursion,3,1,62.680873063584805,,,0,s3,3
oracle,0.0,long_00032_7021-4446-6930,s3,no_recursion,3,2,3.8541964927485046,,,0,s3,3
oracle,0.0,long_00032_7021-4446-6930,s1,ungated_deflation,3,1,48.506943562313054,0,0,0,s1,3
oracle,0.0,long_00032_7021-4446-6930,s1,ungated_deflation,3,2,4.210869527293825,0,0,0,s1,3
oracle,0.0,long_00032_7021-4446-6930,s2,ungated_deflation,3,1,39.30680972277267,1,1,0,s2,3
oracle,0.0,long_00032_7021-4446-6930,s2,ungated_deflation,3,2,3.047143056159367,1,1,0,s2,3
oracle,0.0,long_00032_7021-4446-6930,s3,ungated_deflation,3,1,60.92382709094511,2,2,0,s3,3
oracle,0.0,long_00032_7021-4446-6930,s3,ungated_deflation,3,2,1.78905216632716,2,2,0,s3,3
oracle,0.0,long_00032_7021-4446-6930,s1,gated_deflation,3,1,48.506943562313054,0,0,0,s1,3
oracle,0.0,long_00032_7021-4446-6930,s1,gated_deflation,3,2,4.210869527293825,0,0,0,s1,3
oracle,0.0,long_00032_7021-4446-6930,s2,gated_deflation,3,1,39.30680972277267,1,1,0,s2,3
oracle,0.0,long_00032_7021-4446-6930,s2,gated_deflation,3,2,3.047143056159367,1,1,0,s2,3
oracle,0.0,long_00032_7021-4446-6930,s3,gated_deflation,3,1,60.92382709094511,2,2,0,s3,3
oracle,0.0,long_00032_7021-4446-6930,s3,gated_deflation,3,2,1.78905216632716,2,2,0,s3,3
oracle,0.0,long_00032_7021-4446-6930,s1,coarse_to_fine,3,1,48.506943562313054,,,0,s1,3
oracle,0.0,long_00032_7021-4446-6930,s1,coarse_to_fine,3,2,4.210869527293825,,,0,s1,3
oracle,0.0,long_00032_7021-4446-6930,s2,coarse_to_fine,3,1,42.60539665078477,,,0,s2,3
oracle,0.0,long_00032_7021-4446-6930,s2,coarse_to_fine,3,2,4.684044650471419,,,0,s2,3
oracle,0.0,long_00032_7021-4446-6930,s3,coarse_to_fine,3,1,62.680873063584805,,,0,s3,3
oracle,0.0,long_00032_7021-4446-6930,s3,coarse_to_fine,3,2,3.8541964927485046,,,0,s3,3
oracle,400.0,long_00032_7021-4446-6930,s1,no_recursion,3,1,5.0916027404812745,,,0,s1,3
oracle,400.0,long_00032_7021-4446-6930,s1,no_recursion,3,2,4.2409949663020114,,,0,s1,3
oracle,400.0,long_00032_7021-4446-6930,s2,no_recursion,3,1,-3.7059333701392445,,,0,s2,3
oracle,400.0,long_00032_7021-4446-6930,s2,no_recursion,3,2,4.753644727241429,,,0,s2,3
oracle,400.0,long_00032_7021-4446-6930,s3,no_recursion,3,1,4.741504272045794,,,0,s3,3
oracle,400.0,long_00032_7021-4446-6930,s3,no_recursion,3,2,3.8599772432743262,,,0,s3,3
oracle,400.0,long_00032_7021-4446-6930,s1,ungated_deflation,3,1,5.0916027404812745,0,0,0,s1,3
oracle,400.0,long_00032_7021-4446-6930,s1,ungated_deflation,3,2,4.2409949663020114,0,0,0,s1,3
oracle,400.0,long_00032_7021-4446-6930,s2,ungated_deflation,3,1,-3.8974026072250787,1,1,0,s2,3
oracle,400.0,long_00032_7021-4446-6930,s2,ungated_deflation,3,2,3.0323560506127736,1,1,0,s2,3
oracle,400.0,long_00032_7021-4446-6930,s3,ungated_deflation,3,1,5.051565386494498,2,2,0,s3,3
oracle,400.0,long_00032_7021-4446-6930,s3,ungated_deflation,3,2,1.8040876713238598,2,2,0,s3,3
oracle,400.0,long_00032_7021-4446-6930,s1,gated_deflation,3,1,5.0916027404812745,0,0,0,s1,3
oracle,400.0,long_00032_7021-4446-6930,s1,gated_deflation,3,2,4.2409949663020114,0,0,0,s1,3
oracle,400.0,long_00032_7021-4446-6930,s2,gated_deflation,3,1,-3.8974026072250787,1,1,0,s2,3
oracle,400.0,long_00032_7021-4446-6930,s2,gated_deflation,3,2,3.0323560506127736,1,1,0,s2,3
oracle,400.0,long_00032_7021-4446-6930,s3,gated_deflation,3,1,5.051565386494498,2,2,0,s3,3
oracle,400.0,long_00032_7021-4446-6930,s3,gated_deflation,3,2,1.8040876713238598,2,2,0,s3,3
oracle,400.0,long_00032_7021-4446-6930,s1,coarse_to_fine,3,1,5.0916027404812745,,,0,s1,3
oracle,400.0,long_00032_7021-4446-6930,s1,coarse_to_fine,3,2,4.2409949663020114,,,0,s1,3
oracle,400.0,long_00032_7021-4446-6930,s2,coarse_to_fine,3,1,-3.7059333701392445,,,0,s2,3
oracle,400.0,long_00032_7021-4446-6930,s2,coarse_to_fine,3,2,4.753644727241429,,,0,s2,3
oracle,400.0,long_00032_7021-4446-6930,s3,coarse_to_fine,3,1,4.741504272045794,,,0,s3,3
oracle,400.0,long_00032_7021-4446-6930,s3,coarse_to_fine,3,2,3.8599772432743262,,,0,s3,3
real,0.0,long_00032_7021-4446-6930,s1,no_recursion,3,1,21.545622922476674,,,0,SPEAKER_01,3
real,0.0,long_00032_7021-4446-6930,s1,no_recursion,3,2,1.2405552138417362,,,0,SPEAKER_01,3
real,0.0,long_00032_7021-4446-6930,s2,no_recursion,3,1,46.30463467574934,,,0,SPEAKER_00,3
real,0.0,long_00032_7021-4446-6930,s2,no_recursion,3,2,2.4078240817584056,,,0,SPEAKER_00,3
real,0.0,long_00032_7021-4446-6930,s3,no_recursion,3,1,15.251431180131483,,,0,SPEAKER_02,3
real,0.0,long_00032_7021-4446-6930,s3,no_recursion,3,2,1.6760500311990985,,,0,SPEAKER_02,3
real,0.0,long_00032_7021-4446-6930,s1,ungated_deflation,3,1,21.545622922476674,0,0,0,SPEAKER_01,3
real,0.0,long_00032_7021-4446-6930,s1,ungated_deflation,3,2,1.2405552138417362,0,0,0,SPEAKER_01,3
real,0.0,long_00032_7021-4446-6930,s2,ungated_deflation,3,1,46.30463467574934,1,1,0,SPEAKER_00,3
real,0.0,long_00032_7021-4446-6930,s2,ungated_deflation,3,2,-0.019875471011492972,1,1,0,SPEAKER_00,3
real,0.0,long_00032_7021-4446-6930,s3,ungated_deflation,3,1,15.251431180131483,2,2,0,SPEAKER_02,3
real,0.0,long_00032_7021-4446-6930,s3,ungated_deflation,3,2,0.4194354453529861,2,2,0,SPEAKER_02,3
real,0.0,long_00032_7021-4446-6930,s1,gated_deflation,3,1,21.545622922476674,0,0,0,SPEAKER_01,3
real,0.0,long_00032_7021-4446-6930,s1,gated_deflation,3,2,1.2405552138417362,0,0,0,SPEAKER_01,3
real,0.0,long_00032_7021-4446-6930,s2,gated_deflation,3,1,46.30463467574934,1,1,0,SPEAKER_00,3
real,0.0,long_00032_7021-4446-6930,s2,gated_deflation,3,2,-0.019875471011492972,1,1,0,SPEAKER_00,3
real,0.0,long_00032_7021-4446-6930,s3,gated_deflation,3,1,15.251431180131483,2,2,0,SPEAKER_02,3
real,0.0,long_00032_7021-4446-6930,s3,gated_deflation,3,2,0.4194354453529861,2,2,0,SPEAKER_02,3
real,0.0,long_00032_7021-4446-6930,s1,coarse_to_fine,3,1,21.545622922476674,,,0,SPEAKER_01,3
real,0.0,long_00032_7021-4446-6930,s1,coarse_to_fine,3,2,1.2405552138417362,,,0,SPEAKER_01,3
real,0.0,long_00032_7021-4446-6930,s2,coarse_to_fine,3,1,46.30463467574934,,,0,SPEAKER_00,3
real,0.0,long_00032_7021-4446-6930,s2,coarse_to_fine,3,2,2.4078240817584056,,,0,SPEAKER_00,3
real,0.0,long_00032_7021-4446-6930,s3,coarse_to_fine,3,1,15.251431180131483,,,0,SPEAKER_02,3
real,0.0,long_00032_7021-4446-6930,s3,coarse_to_fine,3,2,1.6760500311990985,,,0,SPEAKER_02,3
real,400.0,long_00032_7021-4446-6930,s1,no_recursion,3,1,10.610318612490651,,,0,SPEAKER_01,3
real,400.0,long_00032_7021-4446-6930,s1,no_recursion,3,2,1.3699587231927148,,,0,SPEAKER_01,3
real,400.0,long_00032_7021-4446-6930,s2,no_recursion,3,1,8.321625697931191,,,0,SPEAKER_00,3
real,400.0,long_00032_7021-4446-6930,s2,no_recursion,3,2,5.116072946613228,,,0,SPEAKER_00,3
real,400.0,long_00032_7021-4446-6930,s3,no_recursion,3,1,7.477061694023601,,,0,SPEAKER_02,3
real,400.0,long_00032_7021-4446-6930,s3,no_recursion,3,2,3.783410075955209,,,0,SPEAKER_02,3
real,400.0,long_00032_7021-4446-6930,s1,ungated_deflation,3,1,10.610318612490651,0,0,0,SPEAKER_01,3
real,400.0,long_00032_7021-4446-6930,s1,ungated_deflation,3,2,1.3699587231927148,0,0,0,SPEAKER_01,3
real,400.0,long_00032_7021-4446-6930,s2,ungated_deflation,3,1,8.188387814597856,2,2,0,SPEAKER_00,3
real,400.0,long_00032_7021-4446-6930,s2,ungated_deflation,3,2,2.0616667221594294,2,2,0,SPEAKER_00,3
real,400.0,long_00032_7021-4446-6930,s3,ungated_deflation,3,1,7.197700333568275,1,1,0,SPEAKER_02,3
real,400.0,long_00032_7021-4446-6930,s3,ungated_deflation,3,2,1.578359650434102,1,1,0,SPEAKER_02,3
real,400.0,long_00032_7021-4446-6930,s1,gated_deflation,3,1,10.610318612490651,0,0,0,SPEAKER_01,3
real,400.0,long_00032_7021-4446-6930,s1,gated_deflation,3,2,1.3699587231927148,0,0,0,SPEAKER_01,3
real,400.0,long_00032_7021-4446-6930,s2,gated_deflation,3,1,8.188387814597856,2,2,0,SPEAKER_00,3
real,400.0,long_00032_7021-4446-6930,s2,gated_deflation,3,2,2.0616667221594294,2,2,0,SPEAKER_00,3
real,400.0,long_00032_7021-4446-6930,s3,gated_deflation,3,1,7.197700333568275,1,1,0,SPEAKER_02,3
real,400.0,long_00032_7021-4446-6930,s3,gated_deflation,3,2,1.578359650434102,1,1,0,SPEAKER_02,3
real,400.0,long_00032_7021-4446-6930,s1,coarse_to_fine,3,1,10.610318612490651,,,0,SPEAKER_01,3
real,400.0,long_00032_7021-4446-6930,s1,coarse_to_fine,3,2,1.3699587231927148,,,0,SPEAKER_01,3
real,400.0,long_00032_7021-4446-6930,s2,coarse_to_fine,3,1,8.321625697931191,,,0,SPEAKER_00,3
real,400.0,long_00032_7021-4446-6930,s2,coarse_to_fine,3,2,5.116072946613228,,,0,SPEAKER_00,3
real,400.0,long_00032_7021-4446-6930,s3,coarse_to_fine,3,1,7.477061694023601,,,0,SPEAKER_02,3
real,400.0,long_00032_7021-4446-6930,s3,coarse_to_fine,3,2,3.783410075955209,,,0,SPEAKER_02,3
oracle,0.0,long_00033_4507-4446-4970,s1,no_recursion,3,1,45.432482336428315,,,0,s1,3
oracle,0.0,long_00033_4507-4446-4970,s1,no_recursion,3,2,-0.7631830096965047,,,0,s1,3
oracle,0.0,long_00033_4507-4446-4970,s2,no_recursion,3,1,39.47752100961872,,,0,s2,3
oracle,0.0,long_00033_4507-4446-4970,s2,no_recursion,3,2,-0.19515937043061427,,,0,s2,3
oracle,0.0,long_00033_4507-4446-4970,s3,no_recursion,3,1,59.484047702797,,,0,s3,3
oracle,0.0,long_00033_4507-4446-4970,s3,no_recursion,3,2,4.898362401459043,,,0,s3,3
oracle,0.0,long_00033_4507-4446-4970,s1,ungated_deflation,3,1,45.432482336428315,0,0,0,s1,3
oracle,0.0,long_00033_4507-4446-4970,s1,ungated_deflation,3,2,-0.7631830096965047,0,0,0,s1,3
oracle,0.0,long_00033_4507-4446-4970,s2,ungated_deflation,3,1,39.58200298051566,1,1,0,s2,3
oracle,0.0,long_00033_4507-4446-4970,s2,ungated_deflation,3,2,-2.2694402193059284,1,1,0,s2,3
oracle,0.0,long_00033_4507-4446-4970,s3,ungated_deflation,3,1,54.30246047713497,2,2,0,s3,3
oracle,0.0,long_00033_4507-4446-4970,s3,ungated_deflation,3,2,1.8836901098552497,2,2,0,s3,3
oracle,0.0,long_00033_4507-4446-4970,s1,gated_deflation,3,1,45.432482336428315,0,0,0,s1,3
oracle,0.0,long_00033_4507-4446-4970,s1,gated_deflation,3,2,-0.7631830096965047,0,0,0,s1,3
oracle,0.0,long_00033_4507-4446-4970,s2,gated_deflation,3,1,39.58200298051566,1,1,0,s2,3
oracle,0.0,long_00033_4507-4446-4970,s2,gated_deflation,3,2,-2.2694402193059284,1,1,0,s2,3
oracle,0.0,long_00033_4507-4446-4970,s3,gated_deflation,3,1,54.30246047713497,2,2,0,s3,3
oracle,0.0,long_00033_4507-4446-4970,s3,gated_deflation,3,2,1.8836901098552497,2,2,0,s3,3
oracle,0.0,long_00033_4507-4446-4970,s1,coarse_to_fine,3,1,45.432482336428315,,,0,s1,3
oracle,0.0,long_00033_4507-4446-4970,s1,coarse_to_fine,3,2,-0.7631830096965047,,,0,s1,3
oracle,0.0,long_00033_4507-4446-4970,s2,coarse_to_fine,3,1,39.47752100961872,,,0,s2,3
oracle,0.0,long_00033_4507-4446-4970,s2,coarse_to_fine,3,2,-0.19515937043061427,,,0,s2,3
oracle,0.0,long_00033_4507-4446-4970,s3,coarse_to_fine,3,1,59.484047702797,,,0,s3,3
oracle,0.0,long_00033_4507-4446-4970,s3,coarse_to_fine,3,2,4.898362401459043,,,0,s3,3
oracle,400.0,long_00033_4507-4446-4970,s1,no_recursion,3,1,8.22308034529071,,,0,s1,3
oracle,400.0,long_00033_4507-4446-4970,s1,no_recursion,3,2,-0.7683939667453642,,,0,s1,3
oracle,400.0,long_00033_4507-4446-4970,s2,no_recursion,3,1,-1.6715144291572153,,,0,s2,3
oracle,400.0,long_00033_4507-4446-4970,s2,no_recursion,3,2,-0.12919366250917222,,,0,s2,3
oracle,400.0,long_00033_4507-4446-4970,s3,no_recursion,3,1,10.877885350681522,,,0,s3,3
oracle,400.0,long_00033_4507-4446-4970,s3,no_recursion,3,2,4.896092357538492,,,0,s3,3
oracle,400.0,long_00033_4507-4446-4970,s1,ungated_deflation,3,1,8.22308034529071,0,0,0,s1,3
oracle,400.0,long_00033_4507-4446-4970,s1,ungated_deflation,3,2,-0.7683939667453642,0,0,0,s1,3
oracle,400.0,long_00033_4507-4446-4970,s2,ungated_deflation,3,1,-5.113313407818514,1,1,0,s2,3
oracle,400.0,long_00033_4507-4446-4970,s2,ungated_deflation,3,2,-2.330967563280249,1,1,0,s2,3
oracle,400.0,long_00033_4507-4446-4970,s3,ungated_deflation,3,1,10.950602057359609,2,2,0,s3,3
oracle,400.0,long_00033_4507-4446-4970,s3,ungated_deflation,3,2,1.7896184395093295,2,2,0,s3,3
oracle,400.0,long_00033_4507-4446-4970,s1,gated_deflation,3,1,8.22308034529071,0,0,0,s1,3
oracle,400.0,long_00033_4507-4446-4970,s1,gated_deflation,3,2,-0.7683939667453642,0,0,0,s1,3
oracle,400.0,long_00033_4507-4446-4970,s2,gated_deflation,3,1,-5.113313407818514,1,1,0,s2,3
oracle,400.0,long_00033_4507-4446-4970,s2,gated_deflation,3,2,-2.330967563280249,1,1,0,s2,3
oracle,400.0,long_00033_4507-4446-4970,s3,gated_deflation,3,1,10.950602057359609,2,2,0,s3,3
oracle,400.0,long_00033_4507-4446-4970,s3,gated_deflation,3,2,1.7896184395093295,2,2,0,s3,3
oracle,400.0,long_00033_4507-4446-4970,s1,coarse_to_fine,3,1,8.22308034529071,,,0,s1,3
oracle,400.0,long_00033_4507-4446-4970,s1,coarse_to_fine,3,2,-0.7683939667453642,,,0,s1,3
oracle,400.0,long_00033_4507-4446-4970,s2,coarse_to_fine,3,1,-1.6715144291572153,,,0,s2,3
oracle,400.0,long_00033_4507-4446-4970,s2,coarse_to_fine,3,2,-0.12919366250917222,,,0,s2,3
oracle,400.0,long_00033_4507-4446-4970,s3,coarse_to_fine,3,1,10.877885350681522,,,0,s3,3
oracle,400.0,long_00033_4507-4446-4970,s3,coarse_to_fine,3,2,4.896092357538492,,,0,s3,3
real,0.0,long_00033_4507-4446-4970,s1,no_recursion,3,1,43.02955287414291,,,0,SPEAKER_01,3
real,0.0,long_00033_4507-4446-4970,s1,no_recursion,3,2,-1.5140640947620765,,,0,SPEAKER_01,3
real,0.0,long_00033_4507-4446-4970,s2,no_recursion,3,1,43.013464735582865,,,0,SPEAKER_02,3
real,0.0,long_00033_4507-4446-4970,s2,no_recursion,3,2,-5.655486682357064,,,0,SPEAKER_02,3
real,0.0,long_00033_4507-4446-4970,s3,no_recursion,3,1,39.84955331410604,,,0,SPEAKER_00,3
real,0.0,long_00033_4507-4446-4970,s3,no_recursion,3,2,0.9541912439332312,,,0,SPEAKER_00,3
real,0.0,long_00033_4507-4446-4970,s1,ungated_deflation,3,1,43.02955287414291,0,0,0,SPEAKER_01,3
real,0.0,long_00033_4507-4446-4970,s1,ungated_deflation,3,2,-1.5140640947620765,0,0,0,SPEAKER_01,3
real,0.0,long_00033_4507-4446-4970,s2,ungated_deflation,3,1,43.013464735582865,2,2,0,SPEAKER_02,3
real,0.0,long_00033_4507-4446-4970,s2,ungated_deflation,3,2,-4.723426060262693,2,2,0,SPEAKER_02,3
real,0.0,long_00033_4507-4446-4970,s3,ungated_deflation,3,1,39.84955331410604,1,1,0,SPEAKER_00,3
real,0.0,long_00033_4507-4446-4970,s3,ungated_deflation,3,2,-0.1721504178180428,1,1,0,SPEAKER_00,3
real,0.0,long_00033_4507-4446-4970,s1,gated_deflation,3,1,43.02955287414291,0,0,0,SPEAKER_01,3
real,0.0,long_00033_4507-4446-4970,s1,gated_deflation,3,2,-1.5140640947620765,0,0,0,SPEAKER_01,3
real,0.0,long_00033_4507-4446-4970,s2,gated_deflation,3,1,43.013464735582865,2,2,0,SPEAKER_02,3
real,0.0,long_00033_4507-4446-4970,s2,gated_deflation,3,2,-4.723426060262693,2,2,0,SPEAKER_02,3
real,0.0,long_00033_4507-4446-4970,s3,gated_deflation,3,1,39.84955331410604,1,1,0,SPEAKER_00,3
real,0.0,long_00033_4507-4446-4970,s3,gated_deflation,3,2,-0.1721504178180428,1,1,0,SPEAKER_00,3
real,0.0,long_00033_4507-4446-4970,s1,coarse_to_fine,3,1,43.02955287414291,,,0,SPEAKER_01,3
real,0.0,long_00033_4507-4446-4970,s1,coarse_to_fine,3,2,-1.5140640947620765,,,0,SPEAKER_01,3
real,0.0,long_00033_4507-4446-4970,s2,coarse_to_fine,3,1,43.013464735582865,,,0,SPEAKER_02,3
real,0.0,long_00033_4507-4446-4970,s2,coarse_to_fine,3,2,-5.655486682357064,,,0,SPEAKER_02,3
real,0.0,long_00033_4507-4446-4970,s3,coarse_to_fine,3,1,39.84955331410604,,,0,SPEAKER_00,3
real,0.0,long_00033_4507-4446-4970,s3,coarse_to_fine,3,2,0.9541912439332312,,,0,SPEAKER_00,3
real,400.0,long_00033_4507-4446-4970,s1,no_recursion,3,1,15.340109327184223,,,0,SPEAKER_01,3
real,400.0,long_00033_4507-4446-4970,s1,no_recursion,3,2,-0.2935543071818791,,,0,SPEAKER_01,3
real,400.0,long_00033_4507-4446-4970,s2,no_recursion,3,1,25.6036055720632,,,0,SPEAKER_02,3
real,400.0,long_00033_4507-4446-4970,s2,no_recursion,3,2,-0.9750755329169292,,,0,SPEAKER_02,3
real,400.0,long_00033_4507-4446-4970,s3,no_recursion,3,1,24.90533628210247,,,0,SPEAKER_00,3
real,400.0,long_00033_4507-4446-4970,s3,no_recursion,3,2,5.009378998641768,,,0,SPEAKER_00,3
real,400.0,long_00033_4507-4446-4970,s1,ungated_deflation,3,1,15.340109327184223,0,0,0,SPEAKER_01,3
real,400.0,long_00033_4507-4446-4970,s1,ungated_deflation,3,2,-0.2935543071818791,0,0,0,SPEAKER_01,3
real,400.0,long_00033_4507-4446-4970,s2,ungated_deflation,3,1,26.219397080098673,2,2,0,SPEAKER_02,3
real,400.0,long_00033_4507-4446-4970,s2,ungated_deflation,3,2,-3.0788989303986942,2,2,0,SPEAKER_02,3
real,400.0,long_00033_4507-4446-4970,s3,ungated_deflation,3,1,24.073159000144237,1,1,0,SPEAKER_00,3
real,400.0,long_00033_4507-4446-4970,s3,ungated_deflation,3,2,2.5203752001383735,1,1,0,SPEAKER_00,3
real,400.0,long_00033_4507-4446-4970,s1,gated_deflation,3,1,15.340109327184223,0,0,0,SPEAKER_01,3
real,400.0,long_00033_4507-4446-4970,s1,gated_deflation,3,2,-0.2935543071818791,0,0,0,SPEAKER_01,3
real,400.0,long_00033_4507-4446-4970,s2,gated_deflation,3,1,26.219397080098673,2,2,0,SPEAKER_02,3
real,400.0,long_00033_4507-4446-4970,s2,gated_deflation,3,2,-3.0788989303986942,2,2,0,SPEAKER_02,3
real,400.0,long_00033_4507-4446-4970,s3,gated_deflation,3,1,24.073159000144237,1,1,0,SPEAKER_00,3
real,400.0,long_00033_4507-4446-4970,s3,gated_deflation,3,2,2.5203752001383735,1,1,0,SPEAKER_00,3
real,400.0,long_00033_4507-4446-4970,s1,coarse_to_fine,3,1,15.340109327184223,,,0,SPEAKER_01,3
real,400.0,long_00033_4507-4446-4970,s1,coarse_to_fine,3,2,-0.2935543071818791,,,0,SPEAKER_01,3
real,400.0,long_00033_4507-4446-4970,s2,coarse_to_fine,3,1,25.6036055720632,,,0,SPEAKER_02,3
real,400.0,long_00033_4507-4446-4970,s2,coarse_to_fine,3,2,-0.9750755329169292,,,0,SPEAKER_02,3
real,400.0,long_00033_4507-4446-4970,s3,coarse_to_fine,3,1,24.90533628210247,,,0,SPEAKER_00,3
real,400.0,long_00033_4507-4446-4970,s3,coarse_to_fine,3,2,5.009378998641768,,,0,SPEAKER_00,3
oracle,0.0,long_00034_61-260-8555,s1,no_recursion,3,1,55.82940836535033,,,0,s1,3
oracle,0.0,long_00034_61-260-8555,s1,no_recursion,3,2,1.295426510538156,,,0,s1,3
oracle,0.0,long_00034_61-260-8555,s2,no_recursion,3,1,50.38311769135609,,,0,s2,3
oracle,0.0,long_00034_61-260-8555,s2,no_recursion,3,2,0.36240555364664834,,,0,s2,3
oracle,0.0,long_00034_61-260-8555,s3,no_recursion,3,1,100.14973043683156,,,0,s3,3
oracle,0.0,long_00034_61-260-8555,s3,no_recursion,3,2,2.4138289212273287,,,0,s3,3
oracle,0.0,long_00034_61-260-8555,s1,ungated_deflation,3,1,55.82940836535033,0,0,0,s1,3
oracle,0.0,long_00034_61-260-8555,s1,ungated_deflation,3,2,1.295426510538156,0,0,0,s1,3
oracle,0.0,long_00034_61-260-8555,s2,ungated_deflation,3,1,49.22344694586057,1,1,0,s2,3
oracle,0.0,long_00034_61-260-8555,s2,ungated_deflation,3,2,-4.462388240316428,1,1,0,s2,3
oracle,0.0,long_00034_61-260-8555,s3,ungated_deflation,3,1,100.40426885809202,2,2,0,s3,3
oracle,0.0,long_00034_61-260-8555,s3,ungated_deflation,3,2,-1.2269026613991758,2,2,0,s3,3
oracle,0.0,long_00034_61-260-8555,s1,gated_deflation,3,1,55.82940836535033,0,0,0,s1,3
oracle,0.0,long_00034_61-260-8555,s1,gated_deflation,3,2,1.295426510538156,0,0,0,s1,3
oracle,0.0,long_00034_61-260-8555,s2,gated_deflation,3,1,49.22344694586057,1,1,0,s2,3
oracle,0.0,long_00034_61-260-8555,s2,gated_deflation,3,2,-4.462388240316428,1,1,0,s2,3
oracle,0.0,long_00034_61-260-8555,s3,gated_deflation,3,1,100.40426885809202,2,2,0,s3,3
oracle,0.0,long_00034_61-260-8555,s3,gated_deflation,3,2,-1.2269026613991758,2,2,0,s3,3
oracle,0.0,long_00034_61-260-8555,s1,coarse_to_fine,3,1,55.82940836535033,,,0,s1,3
oracle,0.0,long_00034_61-260-8555,s1,coarse_to_fine,3,2,1.295426510538156,,,0,s1,3
oracle,0.0,long_00034_61-260-8555,s2,coarse_to_fine,3,1,50.38311769135609,,,0,s2,3
oracle,0.0,long_00034_61-260-8555,s2,coarse_to_fine,3,2,0.36240555364664834,,,0,s2,3
oracle,0.0,long_00034_61-260-8555,s3,coarse_to_fine,3,1,100.14973043683156,,,0,s3,3
oracle,0.0,long_00034_61-260-8555,s3,coarse_to_fine,3,2,2.4138289212273287,,,0,s3,3
oracle,400.0,long_00034_61-260-8555,s1,no_recursion,3,1,7.430670316994842,,,0,s1,3
oracle,400.0,long_00034_61-260-8555,s1,no_recursion,3,2,1.298208406205517,,,0,s1,3
oracle,400.0,long_00034_61-260-8555,s2,no_recursion,3,1,2.6607226859300184,,,0,s2,3
oracle,400.0,long_00034_61-260-8555,s2,no_recursion,3,2,0.5859985728691384,,,0,s2,3
oracle,400.0,long_00034_61-260-8555,s3,no_recursion,3,1,-0.13620146259964686,,,0,s3,3
oracle,400.0,long_00034_61-260-8555,s3,no_recursion,3,2,2.4344262528905993,,,0,s3,3
oracle,400.0,long_00034_61-260-8555,s1,ungated_deflation,3,1,7.430670316994842,0,0,0,s1,3
oracle,400.0,long_00034_61-260-8555,s1,ungated_deflation,3,2,1.298208406205517,0,0,0,s1,3
oracle,400.0,long_00034_61-260-8555,s2,ungated_deflation,3,1,2.4157300382858624,1,1,0,s2,3
oracle,400.0,long_00034_61-260-8555,s2,ungated_deflation,3,2,-4.146038061079926,1,1,0,s2,3
oracle,400.0,long_00034_61-260-8555,s3,ungated_deflation,3,1,-0.895697059958865,2,2,0,s3,3
oracle,400.0,long_00034_61-260-8555,s3,ungated_deflation,3,2,-1.0785184621004749,2,2,0,s3,3
oracle,400.0,long_00034_61-260-8555,s1,gated_deflation,3,1,7.430670316994842,0,0,0,s1,3
oracle,400.0,long_00034_61-260-8555,s1,gated_deflation,3,2,1.298208406205517,0,0,0,s1,3
oracle,400.0,long_00034_61-260-8555,s2,gated_deflation,3,1,2.4157300382858624,1,1,0,s2,3
oracle,400.0,long_00034_61-260-8555,s2,gated_deflation,3,2,-4.146038061079926,1,1,0,s2,3
oracle,400.0,long_00034_61-260-8555,s3,gated_deflation,3,1,-0.895697059958865,2,2,0,s3,3
oracle,400.0,long_00034_61-260-8555,s3,gated_deflation,3,2,-1.0785184621004749,2,2,0,s3,3
oracle,400.0,long_00034_61-260-8555,s1,coarse_to_fine,3,1,7.430670316994842,,,0,s1,3
oracle,400.0,long_00034_61-260-8555,s1,coarse_to_fine,3,2,1.298208406205517,,,0,s1,3
oracle,400.0,long_00034_61-260-8555,s2,coarse_to_fine,3,1,2.6607226859300184,,,0,s2,3
oracle,400.0,long_00034_61-260-8555,s2,coarse_to_fine,3,2,0.5859985728691384,,,0,s2,3
oracle,400.0,long_00034_61-260-8555,s3,coarse_to_fine,3,1,-0.13620146259964686,,,0,s3,3
oracle,400.0,long_00034_61-260-8555,s3,coarse_to_fine,3,2,2.4344262528905993,,,0,s3,3
real,0.0,long_00034_61-260-8555,s1,no_recursion,3,1,26.504347139820386,,,0,SPEAKER_02,3
real,0.0,long_00034_61-260-8555,s1,no_recursion,3,2,2.028197077443293,,,0,SPEAKER_02,3
real,0.0,long_00034_61-260-8555,s2,no_recursion,3,1,48.94121897523885,,,0,SPEAKER_01,3
real,0.0,long_00034_61-260-8555,s2,no_recursion,3,2,-1.1196191700971923,,,0,SPEAKER_01,3
real,0.0,long_00034_61-260-8555,s3,no_recursion,3,1,46.639297802416934,,,0,SPEAKER_00,3
real,0.0,long_00034_61-260-8555,s3,no_recursion,3,2,-0.09791781648448829,,,0,SPEAKER_00,3
real,0.0,long_00034_61-260-8555,s1,ungated_deflation,3,1,26.504347139820386,0,0,0,SPEAKER_02,3
real,0.0,long_00034_61-260-8555,s1,ungated_deflation,3,2,2.028197077443293,0,0,0,SPEAKER_02,3
real,0.0,long_00034_61-260-8555,s2,ungated_deflation,3,1,48.94121897523885,2,2,0,SPEAKER_01,3
real,0.0,long_00034_61-260-8555,s2,ungated_deflation,3,2,-4.506561154063321,2,2,0,SPEAKER_01,3
real,0.0,long_00034_61-260-8555,s3,ungated_deflation,3,1,46.639297802416934,1,1,0,SPEAKER_00,3
real,0.0,long_00034_61-260-8555,s3,ungated_deflation,3,2,0.40919525382543054,1,1,0,SPEAKER_00,3
real,0.0,long_00034_61-260-8555,s1,gated_deflation,3,1,26.504347139820386,0,0,0,SPEAKER_02,3
real,0.0,long_00034_61-260-8555,s1,gated_deflation,3,2,2.028197077443293,0,0,0,SPEAKER_02,3
real,0.0,long_00034_61-260-8555,s2,gated_deflation,3,1,48.94121897523885,2,2,0,SPEAKER_01,3
real,0.0,long_00034_61-260-8555,s2,gated_deflation,3,2,-4.506561154063321,2,2,0,SPEAKER_01,3
real,0.0,long_00034_61-260-8555,s3,gated_deflation,3,1,46.639297802416934,1,1,0,SPEAKER_00,3
real,0.0,long_00034_61-260-8555,s3,gated_deflation,3,2,0.40919525382543054,1,1,0,SPEAKER_00,3
real,0.0,long_00034_61-260-8555,s1,coarse_to_fine,3,1,26.504347139820386,,,0,SPEAKER_02,3
real,0.0,long_00034_61-260-8555,s1,coarse_to_fine,3,2,2.028197077443293,,,0,SPEAKER_02,3
real,0.0,long_00034_61-260-8555,s2,coarse_to_fine,3,1,48.94121897523885,,,0,SPEAKER_01,3
real,0.0,long_00034_61-260-8555,s2,coarse_to_fine,3,2,-1.1196191700971923,,,0,SPEAKER_01,3
real,0.0,long_00034_61-260-8555,s3,coarse_to_fine,3,1,46.639297802416934,,,0,SPEAKER_00,3
real,0.0,long_00034_61-260-8555,s3,coarse_to_fine,3,2,-0.09791781648448829,,,0,SPEAKER_00,3
real,400.0,long_00034_61-260-8555,s1,no_recursion,3,1,26.504347139820386,,,0,SPEAKER_02,3
real,400.0,long_00034_61-260-8555,s1,no_recursion,3,2,1.9742935733326525,,,0,SPEAKER_02,3
real,400.0,long_00034_61-260-8555,s2,no_recursion,3,1,48.94121897523885,,,0,SPEAKER_01,3
real,400.0,long_00034_61-260-8555,s2,no_recursion,3,2,-0.5073467032896269,,,0,SPEAKER_01,3
real,400.0,long_00034_61-260-8555,s3,no_recursion,3,1,46.639297802416934,,,0,SPEAKER_00,3
real,400.0,long_00034_61-260-8555,s3,no_recursion,3,2,2.4292106783995,,,0,SPEAKER_00,3
real,400.0,long_00034_61-260-8555,s1,ungated_deflation,3,1,26.504347139820386,0,0,0,SPEAKER_02,3
real,400.0,long_00034_61-260-8555,s1,ungated_deflation,3,2,1.9742935733326525,0,0,0,SPEAKER_02,3
real,400.0,long_00034_61-260-8555,s2,ungated_deflation,3,1,48.94121897523885,2,2,0,SPEAKER_01,3
real,400.0,long_00034_61-260-8555,s2,ungated_deflation,3,2,-4.215657425521687,2,2,0,SPEAKER_01,3
real,400.0,long_00034_61-260-8555,s3,ungated_deflation,3,1,46.639297802416934,1,1,0,SPEAKER_00,3
real,400.0,long_00034_61-260-8555,s3,ungated_deflation,3,2,2.513282064817615,1,1,0,SPEAKER_00,3
real,400.0,long_00034_61-260-8555,s1,gated_deflation,3,1,26.504347139820386,0,0,0,SPEAKER_02,3
real,400.0,long_00034_61-260-8555,s1,gated_deflation,3,2,1.9742935733326525,0,0,0,SPEAKER_02,3
real,400.0,long_00034_61-260-8555,s2,gated_deflation,3,1,48.94121897523885,2,2,0,SPEAKER_01,3
real,400.0,long_00034_61-260-8555,s2,gated_deflation,3,2,-4.215657425521687,2,2,0,SPEAKER_01,3
real,400.0,long_00034_61-260-8555,s3,gated_deflation,3,1,46.639297802416934,1,1,0,SPEAKER_00,3
real,400.0,long_00034_61-260-8555,s3,gated_deflation,3,2,2.513282064817615,1,1,0,SPEAKER_00,3
real,400.0,long_00034_61-260-8555,s1,coarse_to_fine,3,1,26.504347139820386,,,0,SPEAKER_02,3
real,400.0,long_00034_61-260-8555,s1,coarse_to_fine,3,2,1.9742935733326525,,,0,SPEAKER_02,3
real,400.0,long_00034_61-260-8555,s2,coarse_to_fine,3,1,48.94121897523885,,,0,SPEAKER_01,3
real,400.0,long_00034_61-260-8555,s2,coarse_to_fine,3,2,-0.5073467032896269,,,0,SPEAKER_01,3
real,400.0,long_00034_61-260-8555,s3,coarse_to_fine,3,1,46.639297802416934,,,0,SPEAKER_00,3
real,400.0,long_00034_61-260-8555,s3,coarse_to_fine,3,2,2.4292106783995,,,0,SPEAKER_00,3
oracle,0.0,long_00035_260-4992-7021,s1,no_recursion,3,1,60.86532638652628,,,0,s1,3
oracle,0.0,long_00035_260-4992-7021,s1,no_recursion,3,2,4.102273236508907,,,0,s1,3
oracle,0.0,long_00035_260-4992-7021,s2,no_recursion,3,1,42.509959502956924,,,0,s2,3
oracle,0.0,long_00035_260-4992-7021,s2,no_recursion,3,2,4.273426614059463,,,0,s2,3
oracle,0.0,long_00035_260-4992-7021,s3,no_recursion,3,1,56.12545495852329,,,0,s3,3
oracle,0.0,long_00035_260-4992-7021,s3,no_recursion,3,2,3.922905476841059,,,0,s3,3
oracle,0.0,long_00035_260-4992-7021,s1,ungated_deflation,3,1,60.86532638652628,0,0,0,s1,3
oracle,0.0,long_00035_260-4992-7021,s1,ungated_deflation,3,2,4.102273236508907,0,0,0,s1,3
oracle,0.0,long_00035_260-4992-7021,s2,ungated_deflation,3,1,42.73609234799623,1,1,0,s2,3
oracle,0.0,long_00035_260-4992-7021,s2,ungated_deflation,3,2,2.2024417443378836,1,1,0,s2,3
oracle,0.0,long_00035_260-4992-7021,s3,ungated_deflation,3,1,55.843292168879124,2,2,0,s3,3
oracle,0.0,long_00035_260-4992-7021,s3,ungated_deflation,3,2,5.588154878996059,2,2,0,s3,3
oracle,0.0,long_00035_260-4992-7021,s1,gated_deflation,3,1,60.86532638652628,0,0,0,s1,3
oracle,0.0,long_00035_260-4992-7021,s1,gated_deflation,3,2,4.102273236508907,0,0,0,s1,3
oracle,0.0,long_00035_260-4992-7021,s2,gated_deflation,3,1,42.73609234799623,1,1,0,s2,3
oracle,0.0,long_00035_260-4992-7021,s2,gated_deflation,3,2,2.2024417443378836,1,1,0,s2,3
oracle,0.0,long_00035_260-4992-7021,s3,gated_deflation,3,1,55.843292168879124,2,2,0,s3,3
oracle,0.0,long_00035_260-4992-7021,s3,gated_deflation,3,2,5.588154878996059,2,2,0,s3,3
oracle,0.0,long_00035_260-4992-7021,s1,coarse_to_fine,3,1,60.86532638652628,,,0,s1,3
oracle,0.0,long_00035_260-4992-7021,s1,coarse_to_fine,3,2,4.102273236508907,,,0,s1,3
oracle,0.0,long_00035_260-4992-7021,s2,coarse_to_fine,3,1,42.509959502956924,,,0,s2,3
oracle,0.0,long_00035_260-4992-7021,s2,coarse_to_fine,3,2,4.273426614059463,,,0,s2,3
oracle,0.0,long_00035_260-4992-7021,s3,coarse_to_fine,3,1,56.12545495852329,,,0,s3,3
oracle,0.0,long_00035_260-4992-7021,s3,coarse_to_fine,3,2,3.922905476841059,,,0,s3,3
oracle,400.0,long_00035_260-4992-7021,s1,no_recursion,3,1,5.434050572675463,,,0,s1,3
oracle,400.0,long_00035_260-4992-7021,s1,no_recursion,3,2,3.969249648133091,,,0,s1,3
oracle,400.0,long_00035_260-4992-7021,s2,no_recursion,3,1,0.592996222848402,,,0,s2,3
oracle,400.0,long_00035_260-4992-7021,s2,no_recursion,3,2,4.204115249139652,,,0,s2,3
oracle,400.0,long_00035_260-4992-7021,s3,no_recursion,3,1,23.24204130097996,,,0,s3,3
oracle,400.0,long_00035_260-4992-7021,s3,no_recursion,3,2,3.914614790711405,,,0,s3,3
oracle,400.0,long_00035_260-4992-7021,s1,ungated_deflation,3,1,5.434050572675463,0,0,0,s1,3
oracle,400.0,long_00035_260-4992-7021,s1,ungated_deflation,3,2,3.969249648133091,0,0,0,s1,3
oracle,400.0,long_00035_260-4992-7021,s2,ungated_deflation,3,1,0.01139720846924129,1,1,0,s2,3
oracle,400.0,long_00035_260-4992-7021,s2,ungated_deflation,3,2,2.148798153397263,1,1,0,s2,3
oracle,400.0,long_00035_260-4992-7021,s3,ungated_deflation,3,1,21.55289693903521,2,2,0,s3,3
oracle,400.0,long_00035_260-4992-7021,s3,ungated_deflation,3,2,5.589682763101971,2,2,0,s3,3
oracle,400.0,long_00035_260-4992-7021,s1,gated_deflation,3,1,5.434050572675463,0,0,0,s1,3
oracle,400.0,long_00035_260-4992-7021,s1,gated_deflation,3,2,3.969249648133091,0,0,0,s1,3
oracle,400.0,long_00035_260-4992-7021,s2,gated_deflation,3,1,0.01139720846924129,1,1,0,s2,3
oracle,400.0,long_00035_260-4992-7021,s2,gated_deflation,3,2,2.148798153397263,1,1,0,s2,3
oracle,400.0,long_00035_260-4992-7021,s3,gated_deflation,3,1,21.55289693903521,2,2,0,s3,3
oracle,400.0,long_00035_260-4992-7021,s3,gated_deflation,3,2,5.589682763101971,2,2,0,s3,3
oracle,400.0,long_00035_260-4992-7021,s1,coarse_to_fine,3,1,5.434050572675463,,,0,s1,3
oracle,400.0,long_00035_260-4992-7021,s1,coarse_to_fine,3,2,3.969249648133091,,,0,s1,3
oracle,400.0,long_00035_260-4992-7021,s2,coarse_to_fine,3,1,0.592996222848402,,,0,s2,3
oracle,400.0,long_00035_260-4992-7021,s2,coarse_to_fine,3,2,4.204115249139652,,,0,s2,3
oracle,400.0,long_00035_260-4992-7021,s3,coarse_to_fine,3,1,23.24204130097996,,,0,s3,3
oracle,400.0,long_00035_260-4992-7021,s3,coarse_to_fine,3,2,3.914614790711405,,,0,s3,3
real,0.0,long_00035_260-4992-7021,s1,no_recursion,3,1,47.35930370656243,,,0,SPEAKER_01,3
real,0.0,long_00035_260-4992-7021,s1,no_recursion,3,2,-1.7977272933050947,,,0,SPEAKER_01,3
real,0.0,long_00035_260-4992-7021,s2,no_recursion,3,1,40.58047711625829,,,0,SPEAKER_00,3
real,0.0,long_00035_260-4992-7021,s2,no_recursion,3,2,-0.5758354427401033,,,0,SPEAKER_00,3
real,0.0,long_00035_260-4992-7021,s3,no_recursion,3,1,52.343688271328766,,,0,SPEAKER_02,3
real,0.0,long_00035_260-4992-7021,s3,no_recursion,3,2,-2.2513249986688173,,,0,SPEAKER_02,3
real,0.0,long_00035_260-4992-7021,s1,ungated_deflation,3,1,47.35930370656243,2,2,0,SPEAKER_01,3
real,0.0,long_00035_260-4992-7021,s1,ungated_deflation,3,2,-1.0593170894889157,2,2,0,SPEAKER_01,3
real,0.0,long_00035_260-4992-7021,s2,ungated_deflation,3,1,40.58047711625829,1,1,0,SPEAKER_00,3
real,0.0,long_00035_260-4992-7021,s2,ungated_deflation,3,2,-1.299713547894858,1,1,0,SPEAKER_00,3
real,0.0,long_00035_260-4992-7021,s3,ungated_deflation,3,1,52.343688271328766,0,0,0,SPEAKER_02,3
real,0.0,long_00035_260-4992-7021,s3,ungated_deflation,3,2,-2.2513249986688173,0,0,0,SPEAKER_02,3
real,0.0,long_00035_260-4992-7021,s1,gated_deflation,3,1,47.35930370656243,2,2,0,SPEAKER_01,3
real,0.0,long_00035_260-4992-7021,s1,gated_deflation,3,2,-1.0593170894889157,2,2,0,SPEAKER_01,3
real,0.0,long_00035_260-4992-7021,s2,gated_deflation,3,1,40.58047711625829,1,1,0,SPEAKER_00,3
real,0.0,long_00035_260-4992-7021,s2,gated_deflation,3,2,-1.299713547894858,1,1,0,SPEAKER_00,3
real,0.0,long_00035_260-4992-7021,s3,gated_deflation,3,1,52.343688271328766,0,0,0,SPEAKER_02,3
real,0.0,long_00035_260-4992-7021,s3,gated_deflation,3,2,-2.2513249986688173,0,0,0,SPEAKER_02,3
real,0.0,long_00035_260-4992-7021,s1,coarse_to_fine,3,1,47.35930370656243,,,0,SPEAKER_01,3
real,0.0,long_00035_260-4992-7021,s1,coarse_to_fine,3,2,-1.7977272933050947,,,0,SPEAKER_01,3
real,0.0,long_00035_260-4992-7021,s2,coarse_to_fine,3,1,40.58047711625829,,,0,SPEAKER_00,3
real,0.0,long_00035_260-4992-7021,s2,coarse_to_fine,3,2,-0.5758354427401033,,,0,SPEAKER_00,3
real,0.0,long_00035_260-4992-7021,s3,coarse_to_fine,3,1,52.343688271328766,,,0,SPEAKER_02,3
real,0.0,long_00035_260-4992-7021,s3,coarse_to_fine,3,2,-2.2513249986688173,,,0,SPEAKER_02,3
real,400.0,long_00035_260-4992-7021,s1,no_recursion,3,1,47.35930370656243,,,0,SPEAKER_01,3
real,400.0,long_00035_260-4992-7021,s1,no_recursion,3,2,4.118142064106644,,,0,SPEAKER_01,3
real,400.0,long_00035_260-4992-7021,s2,no_recursion,3,1,8.980986295124005,,,0,SPEAKER_00,3
real,400.0,long_00035_260-4992-7021,s2,no_recursion,3,2,2.7247248601747787,,,0,SPEAKER_00,3
real,400.0,long_00035_260-4992-7021,s3,no_recursion,3,1,52.343688271328766,,,0,SPEAKER_02,3
real,400.0,long_00035_260-4992-7021,s3,no_recursion,3,2,0.6489685664902638,,,0,SPEAKER_02,3
real,400.0,long_00035_260-4992-7021,s1,ungated_deflation,3,1,47.35930370656243,2,2,0,SPEAKER_01,3
real,400.0,long_00035_260-4992-7021,s1,ungated_deflation,3,2,1.4216653447455982,2,2,0,SPEAKER_01,3
real,400.0,long_00035_260-4992-7021,s2,ungated_deflation,3,1,9.538866560805861,1,1,0,SPEAKER_00,3
real,400.0,long_00035_260-4992-7021,s2,ungated_deflation,3,2,1.2363713871201154,1,1,0,SPEAKER_00,3
real,400.0,long_00035_260-4992-7021,s3,ungated_deflation,3,1,52.343688271328766,0,0,0,SPEAKER_02,3
real,400.0,long_00035_260-4992-7021,s3,ungated_deflation,3,2,0.6489685664902638,0,0,0,SPEAKER_02,3
real,400.0,long_00035_260-4992-7021,s1,gated_deflation,3,1,47.35930370656243,2,2,0,SPEAKER_01,3
real,400.0,long_00035_260-4992-7021,s1,gated_deflation,3,2,1.4216653447455982,2,2,0,SPEAKER_01,3
real,400.0,long_00035_260-4992-7021,s2,gated_deflation,3,1,9.538866560805861,1,1,0,SPEAKER_00,3
real,400.0,long_00035_260-4992-7021,s2,gated_deflation,3,2,1.2363713871201154,1,1,0,SPEAKER_00,3
real,400.0,long_00035_260-4992-7021,s3,gated_deflation,3,1,52.343688271328766,0,0,0,SPEAKER_02,3
real,400.0,long_00035_260-4992-7021,s3,gated_deflation,3,2,0.6489685664902638,0,0,0,SPEAKER_02,3
real,400.0,long_00035_260-4992-7021,s1,coarse_to_fine,3,1,47.35930370656243,,,0,SPEAKER_01,3
real,400.0,long_00035_260-4992-7021,s1,coarse_to_fine,3,2,4.118142064106644,,,0,SPEAKER_01,3
real,400.0,long_00035_260-4992-7021,s2,coarse_to_fine,3,1,8.980986295124005,,,0,SPEAKER_00,3
real,400.0,long_00035_260-4992-7021,s2,coarse_to_fine,3,2,2.7247248601747787,,,0,SPEAKER_00,3
real,400.0,long_00035_260-4992-7021,s3,coarse_to_fine,3,1,52.343688271328766,,,0,SPEAKER_02,3
real,400.0,long_00035_260-4992-7021,s3,coarse_to_fine,3,2,0.6489685664902638,,,0,SPEAKER_02,3
oracle,0.0,long_00036_908-7176-3575,s1,no_recursion,3,1,59.87995325152913,,,0,s1,3
oracle,0.0,long_00036_908-7176-3575,s1,no_recursion,3,2,-0.13928847022015464,,,0,s1,3
oracle,0.0,long_00036_908-7176-3575,s2,no_recursion,3,1,55.238603847565734,,,0,s2,3
oracle,0.0,long_00036_908-7176-3575,s2,no_recursion,3,2,3.1117473614990123,,,0,s2,3
oracle,0.0,long_00036_908-7176-3575,s3,no_recursion,3,1,47.1885514399517,,,0,s3,3
oracle,0.0,long_00036_908-7176-3575,s3,no_recursion,3,2,1.9740307417029217,,,0,s3,3
oracle,0.0,long_00036_908-7176-3575,s1,ungated_deflation,3,1,59.87995325152913,0,0,0,s1,3
oracle,0.0,long_00036_908-7176-3575,s1,ungated_deflation,3,2,-0.13928847022015464,0,0,0,s1,3
oracle,0.0,long_00036_908-7176-3575,s2,ungated_deflation,3,1,53.98238836171956,1,1,0,s2,3
oracle,0.0,long_00036_908-7176-3575,s2,ungated_deflation,3,2,-1.4227860766253666,1,1,0,s2,3
oracle,0.0,long_00036_908-7176-3575,s3,ungated_deflation,3,1,42.14834574709855,2,2,0,s3,3
oracle,0.0,long_00036_908-7176-3575,s3,ungated_deflation,3,2,2.3349884728243504,2,2,0,s3,3
oracle,0.0,long_00036_908-7176-3575,s1,gated_deflation,3,1,59.87995325152913,0,0,0,s1,3
oracle,0.0,long_00036_908-7176-3575,s1,gated_deflation,3,2,-0.13928847022015464,0,0,0,s1,3
oracle,0.0,long_00036_908-7176-3575,s2,gated_deflation,3,1,53.98238836171956,1,1,0,s2,3
oracle,0.0,long_00036_908-7176-3575,s2,gated_deflation,3,2,-1.4227860766253666,1,1,0,s2,3
oracle,0.0,long_00036_908-7176-3575,s3,gated_deflation,3,1,42.14834574709855,2,2,0,s3,3
oracle,0.0,long_00036_908-7176-3575,s3,gated_deflation,3,2,2.3349884728243504,2,2,0,s3,3
oracle,0.0,long_00036_908-7176-3575,s1,coarse_to_fine,3,1,59.87995325152913,,,0,s1,3
oracle,0.0,long_00036_908-7176-3575,s1,coarse_to_fine,3,2,-0.13928847022015464,,,0,s1,3
oracle,0.0,long_00036_908-7176-3575,s2,coarse_to_fine,3,1,55.238603847565734,,,0,s2,3
oracle,0.0,long_00036_908-7176-3575,s2,coarse_to_fine,3,2,3.1117473614990123,,,0,s2,3
oracle,0.0,long_00036_908-7176-3575,s3,coarse_to_fine,3,1,47.1885514399517,,,0,s3,3
oracle,0.0,long_00036_908-7176-3575,s3,coarse_to_fine,3,2,1.9740307417029217,,,0,s3,3
oracle,400.0,long_00036_908-7176-3575,s1,no_recursion,3,1,14.660711048331187,,,0,s1,3
oracle,400.0,long_00036_908-7176-3575,s1,no_recursion,3,2,-0.08229190756275354,,,0,s1,3
oracle,400.0,long_00036_908-7176-3575,s2,no_recursion,3,1,-2.741648734398483,,,0,s2,3
oracle,400.0,long_00036_908-7176-3575,s2,no_recursion,3,2,3.046542159198272,,,0,s2,3
oracle,400.0,long_00036_908-7176-3575,s3,no_recursion,3,1,8.103118044845775,,,0,s3,3
oracle,400.0,long_00036_908-7176-3575,s3,no_recursion,3,2,1.9074811294554774,,,0,s3,3
oracle,400.0,long_00036_908-7176-3575,s1,ungated_deflation,3,1,14.660711048331187,0,0,0,s1,3
oracle,400.0,long_00036_908-7176-3575,s1,ungated_deflation,3,2,-0.08229190756275354,0,0,0,s1,3
oracle,400.0,long_00036_908-7176-3575,s2,ungated_deflation,3,1,-1.9808445136415298,1,1,0,s2,3
oracle,400.0,long_00036_908-7176-3575,s2,ungated_deflation,3,2,-1.5985223125122294,1,1,0,s2,3
oracle,400.0,long_00036_908-7176-3575,s3,ungated_deflation,3,1,10.227829472871296,2,2,0,s3,3
oracle,400.0,long_00036_908-7176-3575,s3,ungated_deflation,3,2,2.3639848965008596,2,2,0,s3,3
oracle,400.0,long_00036_908-7176-3575,s1,gated_deflation,3,1,14.660711048331187,0,0,0,s1,3
oracle,400.0,long_00036_908-7176-3575,s1,gated_deflation,3,2,-0.08229190756275354,0,0,0,s1,3
oracle,400.0,long_00036_908-7176-3575,s2,gated_deflation,3,1,-1.9808445136415298,1,1,0,s2,3
oracle,400.0,long_00036_908-7176-3575,s2,gated_deflation,3,2,-1.5985223125122294,1,1,0,s2,3
oracle,400.0,long_00036_908-7176-3575,s3,gated_deflation,3,1,10.227829472871296,2,2,0,s3,3
oracle,400.0,long_00036_908-7176-3575,s3,gated_deflation,3,2,2.3639848965008596,2,2,0,s3,3
oracle,400.0,long_00036_908-7176-3575,s1,coarse_to_fine,3,1,14.660711048331187,,,0,s1,3
oracle,400.0,long_00036_908-7176-3575,s1,coarse_to_fine,3,2,-0.08229190756275354,,,0,s1,3
oracle,400.0,long_00036_908-7176-3575,s2,coarse_to_fine,3,1,-2.741648734398483,,,0,s2,3
oracle,400.0,long_00036_908-7176-3575,s2,coarse_to_fine,3,2,3.046542159198272,,,0,s2,3
oracle,400.0,long_00036_908-7176-3575,s3,coarse_to_fine,3,1,8.103118044845775,,,0,s3,3
oracle,400.0,long_00036_908-7176-3575,s3,coarse_to_fine,3,2,1.9074811294554774,,,0,s3,3
real,0.0,long_00036_908-7176-3575,s1,no_recursion,3,1,34.88424155133692,,,0,SPEAKER_01,3
real,0.0,long_00036_908-7176-3575,s1,no_recursion,3,2,0.9682596129976888,,,0,SPEAKER_01,3
real,0.0,long_00036_908-7176-3575,s2,no_recursion,3,1,inf,,,0,SPEAKER_02,3
real,0.0,long_00036_908-7176-3575,s2,no_recursion,3,2,1.626321953943546,,,0,SPEAKER_02,3
real,0.0,long_00036_908-7176-3575,s3,no_recursion,3,1,38.41326923671137,,,0,SPEAKER_00,3
real,0.0,long_00036_908-7176-3575,s3,no_recursion,3,2,1.7271766404916051,,,0,SPEAKER_00,3
real,0.0,long_00036_908-7176-3575,s1,ungated_deflation,3,1,34.88424155133692,2,2,0,SPEAKER_01,3
real,0.0,long_00036_908-7176-3575,s1,ungated_deflation,3,2,0.8569650886306297,2,2,0,SPEAKER_01,3
real,0.0,long_00036_908-7176-3575,s2,ungated_deflation,3,1,inf,0,0,0,SPEAKER_02,3
real,0.0,long_00036_908-7176-3575,s2,ungated_deflation,3,2,1.626321953943546,0,0,0,SPEAKER_02,3
real,0.0,long_00036_908-7176-3575,s3,ungated_deflation,3,1,38.41326923671137,1,1,0,SPEAKER_00,3
real,0.0,long_00036_908-7176-3575,s3,ungated_deflation,3,2,2.6505331448543528,1,1,0,SPEAKER_00,3
real,0.0,long_00036_908-7176-3575,s1,gated_deflation,3,1,34.88424155133692,2,2,0,SPEAKER_01,3
real,0.0,long_00036_908-7176-3575,s1,gated_deflation,3,2,0.8569650886306297,2,2,0,SPEAKER_01,3
real,0.0,long_00036_908-7176-3575,s2,gated_deflation,3,1,inf,0,0,0,SPEAKER_02,3
real,0.0,long_00036_908-7176-3575,s2,gated_deflation,3,2,1.626321953943546,0,0,0,SPEAKER_02,3
real,0.0,long_00036_908-7176-3575,s3,gated_deflation,3,1,38.41326923671137,1,1,0,SPEAKER_00,3
real,0.0,long_00036_908-7176-3575,s3,gated_deflation,3,2,2.6505331448543528,1,1,0,SPEAKER_00,3
real,0.0,long_00036_908-7176-3575,s1,coarse_to_fine,3,1,34.88424155133692,,,0,SPEAKER_01,3
real,0.0,long_00036_908-7176-3575,s1,coarse_to_fine,3,2,0.9682596129976888,,,0,SPEAKER_01,3
real,0.0,long_00036_908-7176-3575,s2,coarse_to_fine,3,1,inf,,,0,SPEAKER_02,3
real,0.0,long_00036_908-7176-3575,s2,coarse_to_fine,3,2,1.626321953943546,,,0,SPEAKER_02,3
real,0.0,long_00036_908-7176-3575,s3,coarse_to_fine,3,1,38.41326923671137,,,0,SPEAKER_00,3
real,0.0,long_00036_908-7176-3575,s3,coarse_to_fine,3,2,1.7271766404916051,,,0,SPEAKER_00,3
real,400.0,long_00036_908-7176-3575,s1,no_recursion,3,1,34.88424155133692,,,0,SPEAKER_01,3
real,400.0,long_00036_908-7176-3575,s1,no_recursion,3,2,0.49928329380204056,,,0,SPEAKER_01,3
real,400.0,long_00036_908-7176-3575,s2,no_recursion,3,1,inf,,,0,SPEAKER_02,3
real,400.0,long_00036_908-7176-3575,s2,no_recursion,3,2,2.2195136853276005,,,0,SPEAKER_02,3
real,400.0,long_00036_908-7176-3575,s3,no_recursion,3,1,8.725515495494452,,,0,SPEAKER_00,3
real,400.0,long_00036_908-7176-3575,s3,no_recursion,3,2,2.250099616414047,,,0,SPEAKER_00,3
real,400.0,long_00036_908-7176-3575,s1,ungated_deflation,3,1,34.88424155133692,2,2,0,SPEAKER_01,3
real,400.0,long_00036_908-7176-3575,s1,ungated_deflation,3,2,0.6768124425542059,2,2,0,SPEAKER_01,3
real,400.0,long_00036_908-7176-3575,s2,ungated_deflation,3,1,inf,0,0,0,SPEAKER_02,3
real,400.0,long_00036_908-7176-3575,s2,ungated_deflation,3,2,2.2195136853276005,0,0,0,SPEAKER_02,3
real,400.0,long_00036_908-7176-3575,s3,ungated_deflation,3,1,10.13756268009474,1,1,0,SPEAKER_00,3
real,400.0,long_00036_908-7176-3575,s3,ungated_deflation,3,2,3.0564327980259085,1,1,0,SPEAKER_00,3
real,400.0,long_00036_908-7176-3575,s1,gated_deflation,3,1,34.88424155133692,2,2,0,SPEAKER_01,3
real,400.0,long_00036_908-7176-3575,s1,gated_deflation,3,2,0.6768124425542059,2,2,0,SPEAKER_01,3
real,400.0,long_00036_908-7176-3575,s2,gated_deflation,3,1,inf,0,0,0,SPEAKER_02,3
real,400.0,long_00036_908-7176-3575,s2,gated_deflation,3,2,2.2195136853276005,0,0,0,SPEAKER_02,3
real,400.0,long_00036_908-7176-3575,s3,gated_deflation,3,1,10.13756268009474,1,1,0,SPEAKER_00,3
real,400.0,long_00036_908-7176-3575,s3,gated_deflation,3,2,3.0564327980259085,1,1,0,SPEAKER_00,3
real,400.0,long_00036_908-7176-3575,s1,coarse_to_fine,3,1,34.88424155133692,,,0,SPEAKER_01,3
real,400.0,long_00036_908-7176-3575,s1,coarse_to_fine,3,2,0.49928329380204056,,,0,SPEAKER_01,3
real,400.0,long_00036_908-7176-3575,s2,coarse_to_fine,3,1,inf,,,0,SPEAKER_02,3
real,400.0,long_00036_908-7176-3575,s2,coarse_to_fine,3,2,2.2195136853276005,,,0,SPEAKER_02,3
real,400.0,long_00036_908-7176-3575,s3,coarse_to_fine,3,1,8.725515495494452,,,0,SPEAKER_00,3
real,400.0,long_00036_908-7176-3575,s3,coarse_to_fine,3,2,2.250099616414047,,,0,SPEAKER_00,3
oracle,0.0,long_00037_4970-7176-1580,s1,no_recursion,3,1,91.76001436818194,,,0,s1,3
oracle,0.0,long_00037_4970-7176-1580,s1,no_recursion,3,2,3.7881637004888438,,,0,s1,3
oracle,0.0,long_00037_4970-7176-1580,s2,no_recursion,3,1,58.76120432824713,,,0,s2,3
oracle,0.0,long_00037_4970-7176-1580,s2,no_recursion,3,2,5.378529759404583,,,0,s2,3
oracle,0.0,long_00037_4970-7176-1580,s3,no_recursion,3,1,52.02026544007588,,,0,s3,3
oracle,0.0,long_00037_4970-7176-1580,s3,no_recursion,3,2,3.234159354356337,,,0,s3,3
oracle,0.0,long_00037_4970-7176-1580,s1,ungated_deflation,3,1,91.76001436818194,0,0,0,s1,3
oracle,0.0,long_00037_4970-7176-1580,s1,ungated_deflation,3,2,3.7881637004888438,0,0,0,s1,3
oracle,0.0,long_00037_4970-7176-1580,s2,ungated_deflation,3,1,55.905185034332334,1,1,0,s2,3
oracle,0.0,long_00037_4970-7176-1580,s2,ungated_deflation,3,2,0.26312372460347433,1,1,0,s2,3
oracle,0.0,long_00037_4970-7176-1580,s3,ungated_deflation,3,1,47.86488876841284,2,2,0,s3,3
oracle,0.0,long_00037_4970-7176-1580,s3,ungated_deflation,3,2,0.36074850990877144,2,2,0,s3,3
oracle,0.0,long_00037_4970-7176-1580,s1,gated_deflation,3,1,91.76001436818194,0,0,0,s1,3
oracle,0.0,long_00037_4970-7176-1580,s1,gated_deflation,3,2,3.7881637004888438,0,0,0,s1,3
oracle,0.0,long_00037_4970-7176-1580,s2,gated_deflation,3,1,55.905185034332334,1,1,0,s2,3
oracle,0.0,long_00037_4970-7176-1580,s2,gated_deflation,3,2,0.26312372460347433,1,1,0,s2,3
oracle,0.0,long_00037_4970-7176-1580,s3,gated_deflation,3,1,47.86488876841284,2,2,0,s3,3
oracle,0.0,long_00037_4970-7176-1580,s3,gated_deflation,3,2,0.36074850990877144,2,2,0,s3,3
oracle,0.0,long_00037_4970-7176-1580,s1,coarse_to_fine,3,1,91.76001436818194,,,0,s1,3
oracle,0.0,long_00037_4970-7176-1580,s1,coarse_to_fine,3,2,3.7881637004888438,,,0,s1,3
oracle,0.0,long_00037_4970-7176-1580,s2,coarse_to_fine,3,1,58.76120432824713,,,0,s2,3
oracle,0.0,long_00037_4970-7176-1580,s2,coarse_to_fine,3,2,5.378529759404583,,,0,s2,3
oracle,0.0,long_00037_4970-7176-1580,s3,coarse_to_fine,3,1,52.02026544007588,,,0,s3,3
oracle,0.0,long_00037_4970-7176-1580,s3,coarse_to_fine,3,2,3.234159354356337,,,0,s3,3
oracle,400.0,long_00037_4970-7176-1580,s1,no_recursion,3,1,49.14353697337511,,,0,s1,3
oracle,400.0,long_00037_4970-7176-1580,s1,no_recursion,3,2,3.7920630126431245,,,0,s1,3
oracle,400.0,long_00037_4970-7176-1580,s2,no_recursion,3,1,3.0674046154772254,,,0,s2,3
oracle,400.0,long_00037_4970-7176-1580,s2,no_recursion,3,2,5.727344874592955,,,0,s2,3
oracle,400.0,long_00037_4970-7176-1580,s3,no_recursion,3,1,13.49806409536533,,,0,s3,3
oracle,400.0,long_00037_4970-7176-1580,s3,no_recursion,3,2,3.2691386253412396,,,0,s3,3
oracle,400.0,long_00037_4970-7176-1580,s1,ungated_deflation,3,1,49.14353697337511,0,0,0,s1,3
oracle,400.0,long_00037_4970-7176-1580,s1,ungated_deflation,3,2,3.7920630126431245,0,0,0,s1,3
oracle,400.0,long_00037_4970-7176-1580,s2,ungated_deflation,3,1,2.772985179307337,1,1,0,s2,3
oracle,400.0,long_00037_4970-7176-1580,s2,ungated_deflation,3,2,0.5857304137720962,1,1,0,s2,3
oracle,400.0,long_00037_4970-7176-1580,s3,ungated_deflation,3,1,14.410976461905925,2,2,0,s3,3
oracle,400.0,long_00037_4970-7176-1580,s3,ungated_deflation,3,2,0.3912731247743389,2,2,0,s3,3
oracle,400.0,long_00037_4970-7176-1580,s1,gated_deflation,3,1,49.14353697337511,0,0,0,s1,3
oracle,400.0,long_00037_4970-7176-1580,s1,gated_deflation,3,2,3.7920630126431245,0,0,0,s1,3
oracle,400.0,long_00037_4970-7176-1580,s2,gated_deflation,3,1,2.772985179307337,1,1,0,s2,3
oracle,400.0,long_00037_4970-7176-1580,s2,gated_deflation,3,2,0.5857304137720962,1,1,0,s2,3
oracle,400.0,long_00037_4970-7176-1580,s3,gated_deflation,3,1,14.410976461905925,2,2,0,s3,3
oracle,400.0,long_00037_4970-7176-1580,s3,gated_deflation,3,2,0.3912731247743389,2,2,0,s3,3
oracle,400.0,long_00037_4970-7176-1580,s1,coarse_to_fine,3,1,49.14353697337511,,,0,s1,3
oracle,400.0,long_00037_4970-7176-1580,s1,coarse_to_fine,3,2,3.7920630126431245,,,0,s1,3
oracle,400.0,long_00037_4970-7176-1580,s2,coarse_to_fine,3,1,3.0674046154772254,,,0,s2,3
oracle,400.0,long_00037_4970-7176-1580,s2,coarse_to_fine,3,2,5.727344874592955,,,0,s2,3
oracle,400.0,long_00037_4970-7176-1580,s3,coarse_to_fine,3,1,13.49806409536533,,,0,s3,3
oracle,400.0,long_00037_4970-7176-1580,s3,coarse_to_fine,3,2,3.2691386253412396,,,0,s3,3
real,0.0,long_00037_4970-7176-1580,s1,no_recursion,3,1,43.711999667702514,,,0,SPEAKER_02,3
real,0.0,long_00037_4970-7176-1580,s1,no_recursion,3,2,1.2161502447054484,,,0,SPEAKER_02,3
real,0.0,long_00037_4970-7176-1580,s2,no_recursion,3,1,inf,,,0,SPEAKER_00,3
real,0.0,long_00037_4970-7176-1580,s2,no_recursion,3,2,-3.208059195479148,,,0,SPEAKER_00,3
real,0.0,long_00037_4970-7176-1580,s3,no_recursion,3,1,34.925975439633405,,,0,SPEAKER_01,3
real,0.0,long_00037_4970-7176-1580,s3,no_recursion,3,2,-3.3622969207878572,,,0,SPEAKER_01,3
real,0.0,long_00037_4970-7176-1580,s1,ungated_deflation,3,1,43.711999667702514,1,1,0,SPEAKER_02,3
real,0.0,long_00037_4970-7176-1580,s1,ungated_deflation,3,2,0.8719051538310867,1,1,0,SPEAKER_02,3
real,0.0,long_00037_4970-7176-1580,s2,ungated_deflation,3,1,inf,2,2,0,SPEAKER_00,3
real,0.0,long_00037_4970-7176-1580,s2,ungated_deflation,3,2,-3.938146391311012,2,2,0,SPEAKER_00,3
real,0.0,long_00037_4970-7176-1580,s3,ungated_deflation,3,1,34.925975439633405,0,0,0,SPEAKER_01,3
real,0.0,long_00037_4970-7176-1580,s3,ungated_deflation,3,2,-3.3622969207878572,0,0,0,SPEAKER_01,3
real,0.0,long_00037_4970-7176-1580,s1,gated_deflation,3,1,43.711999667702514,1,1,0,SPEAKER_02,3
real,0.0,long_00037_4970-7176-1580,s1,gated_deflation,3,2,0.8719051538310867,1,1,0,SPEAKER_02,3
real,0.0,long_00037_4970-7176-1580,s2,gated_deflation,3,1,inf,2,2,0,SPEAKER_00,3
real,0.0,long_00037_4970-7176-1580,s2,gated_deflation,3,2,-3.938146391311012,2,2,0,SPEAKER_00,3
real,0.0,long_00037_4970-7176-1580,s3,gated_deflation,3,1,34.925975439633405,0,0,0,SPEAKER_01,3
real,0.0,long_00037_4970-7176-1580,s3,gated_deflation,3,2,-3.3622969207878572,0,0,0,SPEAKER_01,3
real,0.0,long_00037_4970-7176-1580,s1,coarse_to_fine,3,1,43.711999667702514,,,0,SPEAKER_02,3
real,0.0,long_00037_4970-7176-1580,s1,coarse_to_fine,3,2,1.2161502447054484,,,0,SPEAKER_02,3
real,0.0,long_00037_4970-7176-1580,s2,coarse_to_fine,3,1,inf,,,0,SPEAKER_00,3
real,0.0,long_00037_4970-7176-1580,s2,coarse_to_fine,3,2,-3.208059195479148,,,0,SPEAKER_00,3
real,0.0,long_00037_4970-7176-1580,s3,coarse_to_fine,3,1,34.925975439633405,,,0,SPEAKER_01,3
real,0.0,long_00037_4970-7176-1580,s3,coarse_to_fine,3,2,-3.3622969207878572,,,0,SPEAKER_01,3
real,400.0,long_00037_4970-7176-1580,s1,no_recursion,3,1,43.711381820734125,,,0,SPEAKER_02,3
real,400.0,long_00037_4970-7176-1580,s1,no_recursion,3,2,2.0370604290054146,,,0,SPEAKER_02,3
real,400.0,long_00037_4970-7176-1580,s2,no_recursion,3,1,inf,,,0,SPEAKER_00,3
real,400.0,long_00037_4970-7176-1580,s2,no_recursion,3,2,1.4314247969767324,,,0,SPEAKER_00,3
real,400.0,long_00037_4970-7176-1580,s3,no_recursion,3,1,17.08581031536957,,,0,SPEAKER_01,3
real,400.0,long_00037_4970-7176-1580,s3,no_recursion,3,2,-1.5144093492318547,,,0,SPEAKER_01,3
real,400.0,long_00037_4970-7176-1580,s1,ungated_deflation,3,1,43.71136582530263,2,2,0,SPEAKER_02,3
real,400.0,long_00037_4970-7176-1580,s1,ungated_deflation,3,2,2.207335832064294,2,2,0,SPEAKER_02,3
real,400.0,long_00037_4970-7176-1580,s2,ungated_deflation,3,1,inf,0,0,0,SPEAKER_00,3
real,400.0,long_00037_4970-7176-1580,s2,ungated_deflation,3,2,1.4314247969767324,0,0,0,SPEAKER_00,3
real,400.0,long_00037_4970-7176-1580,s3,ungated_deflation,3,1,17.642460628378803,1,1,0,SPEAKER_01,3
real,400.0,long_00037_4970-7176-1580,s3,ungated_deflation,3,2,-3.5979396770084273,1,1,0,SPEAKER_01,3
real,400.0,long_00037_4970-7176-1580,s1,gated_deflation,3,1,43.71136582530263,2,2,0,SPEAKER_02,3
real,400.0,long_00037_4970-7176-1580,s1,gated_deflation,3,2,2.207335832064294,2,2,0,SPEAKER_02,3
real,400.0,long_00037_4970-7176-1580,s2,gated_deflation,3,1,inf,0,0,0,SPEAKER_00,3
real,400.0,long_00037_4970-7176-1580,s2,gated_deflation,3,2,1.4314247969767324,0,0,0,SPEAKER_00,3
real,400.0,long_00037_4970-7176-1580,s3,gated_deflation,3,1,17.642460628378803,1,1,0,SPEAKER_01,3
real,400.0,long_00037_4970-7176-1580,s3,gated_deflation,3,2,-3.5979396770084273,1,1,0,SPEAKER_01,3
real,400.0,long_00037_4970-7176-1580,s1,coarse_to_fine,3,1,43.711381820734125,,,0,SPEAKER_02,3
real,400.0,long_00037_4970-7176-1580,s1,coarse_to_fine,3,2,2.0370604290054146,,,0,SPEAKER_02,3
real,400.0,long_00037_4970-7176-1580,s2,coarse_to_fine,3,1,inf,,,0,SPEAKER_00,3
real,400.0,long_00037_4970-7176-1580,s2,coarse_to_fine,3,2,1.4314247969767324,,,0,SPEAKER_00,3
real,400.0,long_00037_4970-7176-1580,s3,coarse_to_fine,3,1,17.08581031536957,,,0,SPEAKER_01,3
real,400.0,long_00037_4970-7176-1580,s3,coarse_to_fine,3,2,-1.5144093492318547,,,0,SPEAKER_01,3
oracle,0.0,long_00038_6829-8224-5639,s1,no_recursion,3,1,60.2536034421761,,,0,s1,3
oracle,0.0,long_00038_6829-8224-5639,s1,no_recursion,3,2,2.65271441265446,,,0,s1,3
oracle,0.0,long_00038_6829-8224-5639,s2,no_recursion,3,1,55.46788398666696,,,0,s2,3
oracle,0.0,long_00038_6829-8224-5639,s2,no_recursion,3,2,2.6061322583861593,,,0,s2,3
oracle,0.0,long_00038_6829-8224-5639,s3,no_recursion,3,1,62.340948575960226,,,0,s3,3
oracle,0.0,long_00038_6829-8224-5639,s3,no_recursion,3,2,-9.217291234934645,,,0,s3,3
oracle,0.0,long_00038_6829-8224-5639,s1,ungated_deflation,3,1,60.2536034421761,0,0,0,s1,3
oracle,0.0,long_00038_6829-8224-5639,s1,ungated_deflation,3,2,2.65271441265446,0,0,0,s1,3
oracle,0.0,long_00038_6829-8224-5639,s2,ungated_deflation,3,1,55.007090839619664,1,1,0,s2,3
oracle,0.0,long_00038_6829-8224-5639,s2,ungated_deflation,3,2,-0.5281129855330929,1,1,0,s2,3
oracle,0.0,long_00038_6829-8224-5639,s3,ungated_deflation,3,1,58.11557581450622,2,2,0,s3,3
oracle,0.0,long_00038_6829-8224-5639,s3,ungated_deflation,3,2,-11.979957918878855,2,2,0,s3,3
oracle,0.0,long_00038_6829-8224-5639,s1,gated_deflation,3,1,60.2536034421761,0,0,0,s1,3
oracle,0.0,long_00038_6829-8224-5639,s1,gated_deflation,3,2,2.65271441265446,0,0,0,s1,3
oracle,0.0,long_00038_6829-8224-5639,s2,gated_deflation,3,1,55.007090839619664,1,1,0,s2,3
oracle,0.0,long_00038_6829-8224-5639,s2,gated_deflation,3,2,-0.5281129855330929,1,1,0,s2,3
oracle,0.0,long_00038_6829-8224-5639,s3,gated_deflation,3,1,58.11557581450622,2,2,0,s3,3
oracle,0.0,long_00038_6829-8224-5639,s3,gated_deflation,3,2,-11.979957918878855,2,2,0,s3,3
oracle,0.0,long_00038_6829-8224-5639,s1,coarse_to_fine,3,1,60.2536034421761,,,0,s1,3
oracle,0.0,long_00038_6829-8224-5639,s1,coarse_to_fine,3,2,2.65271441265446,,,0,s1,3
oracle,0.0,long_00038_6829-8224-5639,s2,coarse_to_fine,3,1,55.46788398666696,,,0,s2,3
oracle,0.0,long_00038_6829-8224-5639,s2,coarse_to_fine,3,2,2.6061322583861593,,,0,s2,3
oracle,0.0,long_00038_6829-8224-5639,s3,coarse_to_fine,3,1,62.340948575960226,,,0,s3,3
oracle,0.0,long_00038_6829-8224-5639,s3,coarse_to_fine,3,2,-9.217291234934645,,,0,s3,3
oracle,400.0,long_00038_6829-8224-5639,s1,no_recursion,3,1,12.033367539538865,,,0,s1,3
oracle,400.0,long_00038_6829-8224-5639,s1,no_recursion,3,2,2.676824423643287,,,0,s1,3
oracle,400.0,long_00038_6829-8224-5639,s2,no_recursion,3,1,4.857682321086466,,,0,s2,3
oracle,400.0,long_00038_6829-8224-5639,s2,no_recursion,3,2,2.6177567474267556,,,0,s2,3
oracle,400.0,long_00038_6829-8224-5639,s3,no_recursion,3,1,15.548714813764526,,,0,s3,3
oracle,400.0,long_00038_6829-8224-5639,s3,no_recursion,3,2,-9.180752395287444,,,0,s3,3
oracle,400.0,long_00038_6829-8224-5639,s1,ungated_deflation,3,1,12.033367539538865,0,0,0,s1,3
oracle,400.0,long_00038_6829-8224-5639,s1,ungated_deflation,3,2,2.676824423643287,0,0,0,s1,3
oracle,400.0,long_00038_6829-8224-5639,s2,ungated_deflation,3,1,3.65583167203778,1,1,0,s2,3
oracle,400.0,long_00038_6829-8224-5639,s2,ungated_deflation,3,2,-0.5609488105618037,1,1,0,s2,3
oracle,400.0,long_00038_6829-8224-5639,s3,ungated_deflation,3,1,17.194336076914972,2,2,0,s3,3
oracle,400.0,long_00038_6829-8224-5639,s3,ungated_deflation,3,2,-11.9615466359401,2,2,0,s3,3
oracle,400.0,long_00038_6829-8224-5639,s1,gated_deflation,3,1,12.033367539538865,0,0,0,s1,3
oracle,400.0,long_00038_6829-8224-5639,s1,gated_deflation,3,2,2.676824423643287,0,0,0,s1,3
oracle,400.0,long_00038_6829-8224-5639,s2,gated_deflation,3,1,3.65583167203778,1,1,0,s2,3
oracle,400.0,long_00038_6829-8224-5639,s2,gated_deflation,3,2,-0.5609488105618037,1,1,0,s2,3
oracle,400.0,long_00038_6829-8224-5639,s3,gated_deflation,3,1,17.194336076914972,2,2,0,s3,3
oracle,400.0,long_00038_6829-8224-5639,s3,gated_deflation,3,2,-11.9615466359401,2,2,0,s3,3
oracle,400.0,long_00038_6829-8224-5639,s1,coarse_to_fine,3,1,12.033367539538865,,,0,s1,3
oracle,400.0,long_00038_6829-8224-5639,s1,coarse_to_fine,3,2,2.676824423643287,,,0,s1,3
oracle,400.0,long_00038_6829-8224-5639,s2,coarse_to_fine,3,1,4.857682321086466,,,0,s2,3
oracle,400.0,long_00038_6829-8224-5639,s2,coarse_to_fine,3,2,2.6177567474267556,,,0,s2,3
oracle,400.0,long_00038_6829-8224-5639,s3,coarse_to_fine,3,1,15.548714813764526,,,0,s3,3
oracle,400.0,long_00038_6829-8224-5639,s3,coarse_to_fine,3,2,-9.180752395287444,,,0,s3,3
real,0.0,long_00038_6829-8224-5639,s1,no_recursion,3,1,44.91630997306836,,,0,SPEAKER_00,3
real,0.0,long_00038_6829-8224-5639,s1,no_recursion,3,2,0.2052149280312585,,,0,SPEAKER_00,3
real,0.0,long_00038_6829-8224-5639,s2,no_recursion,3,1,35.180294022306285,,,0,SPEAKER_01,3
real,0.0,long_00038_6829-8224-5639,s2,no_recursion,3,2,-1.8776118704887226,,,0,SPEAKER_01,3
real,0.0,long_00038_6829-8224-5639,s3,no_recursion,3,1,44.051013719791186,,,0,SPEAKER_02,3
real,0.0,long_00038_6829-8224-5639,s3,no_recursion,3,2,-8.937392349029418,,,0,SPEAKER_02,3
real,0.0,long_00038_6829-8224-5639,s1,ungated_deflation,3,1,44.91630997306836,0,0,0,SPEAKER_00,3
real,0.0,long_00038_6829-8224-5639,s1,ungated_deflation,3,2,0.2052149280312585,0,0,0,SPEAKER_00,3
real,0.0,long_00038_6829-8224-5639,s2,ungated_deflation,3,1,35.180294022306285,2,2,0,SPEAKER_01,3
real,0.0,long_00038_6829-8224-5639,s2,ungated_deflation,3,2,-1.690639429022649,2,2,0,SPEAKER_01,3
real,0.0,long_00038_6829-8224-5639,s3,ungated_deflation,3,1,44.051013719791186,1,1,0,SPEAKER_02,3
real,0.0,long_00038_6829-8224-5639,s3,ungated_deflation,3,2,-12.807306099113564,1,1,0,SPEAKER_02,3
real,0.0,long_00038_6829-8224-5639,s1,gated_deflation,3,1,44.91630997306836,0,0,0,SPEAKER_00,3
real,0.0,long_00038_6829-8224-5639,s1,gated_deflation,3,2,0.2052149280312585,0,0,0,SPEAKER_00,3
real,0.0,long_00038_6829-8224-5639,s2,gated_deflation,3,1,35.180294022306285,2,2,0,SPEAKER_01,3
real,0.0,long_00038_6829-8224-5639,s2,gated_deflation,3,2,-1.690639429022649,2,2,0,SPEAKER_01,3
real,0.0,long_00038_6829-8224-5639,s3,gated_deflation,3,1,44.051013719791186,1,1,0,SPEAKER_02,3
real,0.0,long_00038_6829-8224-5639,s3,gated_deflation,3,2,-12.807306099113564,1,1,0,SPEAKER_02,3
real,0.0,long_00038_6829-8224-5639,s1,coarse_to_fine,3,1,44.91630997306836,,,0,SPEAKER_00,3
real,0.0,long_00038_6829-8224-5639,s1,coarse_to_fine,3,2,0.2052149280312585,,,0,SPEAKER_00,3
real,0.0,long_00038_6829-8224-5639,s2,coarse_to_fine,3,1,35.180294022306285,,,0,SPEAKER_01,3
real,0.0,long_00038_6829-8224-5639,s2,coarse_to_fine,3,2,-1.8776118704887226,,,0,SPEAKER_01,3
real,0.0,long_00038_6829-8224-5639,s3,coarse_to_fine,3,1,44.051013719791186,,,0,SPEAKER_02,3
real,0.0,long_00038_6829-8224-5639,s3,coarse_to_fine,3,2,-8.937392349029418,,,0,SPEAKER_02,3
real,400.0,long_00038_6829-8224-5639,s1,no_recursion,3,1,21.68778197540351,,,0,SPEAKER_00,3
real,400.0,long_00038_6829-8224-5639,s1,no_recursion,3,2,1.789051327467477,,,0,SPEAKER_00,3
real,400.0,long_00038_6829-8224-5639,s2,no_recursion,3,1,11.034329444651332,,,0,SPEAKER_01,3
real,400.0,long_00038_6829-8224-5639,s2,no_recursion,3,2,1.1200509132806369,,,0,SPEAKER_01,3
real,400.0,long_00038_6829-8224-5639,s3,no_recursion,3,1,44.051013719791186,,,0,SPEAKER_02,3
real,400.0,long_00038_6829-8224-5639,s3,no_recursion,3,2,-8.474023431931295,,,0,SPEAKER_02,3
real,400.0,long_00038_6829-8224-5639,s1,ungated_deflation,3,1,21.68778197540351,0,0,0,SPEAKER_00,3
real,400.0,long_00038_6829-8224-5639,s1,ungated_deflation,3,2,1.789051327467477,0,0,0,SPEAKER_00,3
real,400.0,long_00038_6829-8224-5639,s2,ungated_deflation,3,1,10.666149866837198,2,2,0,SPEAKER_01,3
real,400.0,long_00038_6829-8224-5639,s2,ungated_deflation,3,2,-0.7651859239038099,2,2,0,SPEAKER_01,3
real,400.0,long_00038_6829-8224-5639,s3,ungated_deflation,3,1,44.051013719791186,1,1,0,SPEAKER_02,3
real,400.0,long_00038_6829-8224-5639,s3,ungated_deflation,3,2,-12.463486871050867,1,1,0,SPEAKER_02,3
real,400.0,long_00038_6829-8224-5639,s1,gated_deflation,3,1,21.68778197540351,0,0,0,SPEAKER_00,3
real,400.0,long_00038_6829-8224-5639,s1,gated_deflation,3,2,1.789051327467477,0,0,0,SPEAKER_00,3
real,400.0,long_00038_6829-8224-5639,s2,gated_deflation,3,1,10.666149866837198,2,2,0,SPEAKER_01,3
real,400.0,long_00038_6829-8224-5639,s2,gated_deflation,3,2,-0.7651859239038099,2,2,0,SPEAKER_01,3
real,400.0,long_00038_6829-8224-5639,s3,gated_deflation,3,1,44.051013719791186,1,1,0,SPEAKER_02,3
real,400.0,long_00038_6829-8224-5639,s3,gated_deflation,3,2,-12.463486871050867,1,1,0,SPEAKER_02,3
real,400.0,long_00038_6829-8224-5639,s1,coarse_to_fine,3,1,21.68778197540351,,,0,SPEAKER_00,3
real,400.0,long_00038_6829-8224-5639,s1,coarse_to_fine,3,2,1.789051327467477,,,0,SPEAKER_00,3
real,400.0,long_00038_6829-8224-5639,s2,coarse_to_fine,3,1,11.034329444651332,,,0,SPEAKER_01,3
real,400.0,long_00038_6829-8224-5639,s2,coarse_to_fine,3,2,1.1200509132806369,,,0,SPEAKER_01,3
real,400.0,long_00038_6829-8224-5639,s3,coarse_to_fine,3,1,44.051013719791186,,,0,SPEAKER_02,3
real,400.0,long_00038_6829-8224-5639,s3,coarse_to_fine,3,2,-8.474023431931295,,,0,SPEAKER_02,3
oracle,0.0,long_00039_2961-4992-61,s1,no_recursion,3,1,53.272022145852496,,,0,s1,3
oracle,0.0,long_00039_2961-4992-61,s1,no_recursion,3,2,-0.0768269704613225,,,0,s1,3
oracle,0.0,long_00039_2961-4992-61,s2,no_recursion,3,1,54.46438895441845,,,0,s2,3
oracle,0.0,long_00039_2961-4992-61,s2,no_recursion,3,2,1.7096578505214728,,,0,s2,3
oracle,0.0,long_00039_2961-4992-61,s3,no_recursion,3,1,53.78877424143649,,,0,s3,3
oracle,0.0,long_00039_2961-4992-61,s3,no_recursion,3,2,2.2060655924525565,,,0,s3,3
oracle,0.0,long_00039_2961-4992-61,s1,ungated_deflation,3,1,53.272022145852496,0,0,0,s1,3
oracle,0.0,long_00039_2961-4992-61,s1,ungated_deflation,3,2,-0.0768269704613225,0,0,0,s1,3
oracle,0.0,long_00039_2961-4992-61,s2,ungated_deflation,3,1,54.49386174763515,1,1,0,s2,3
oracle,0.0,long_00039_2961-4992-61,s2,ungated_deflation,3,2,-0.7140035241146231,1,1,0,s2,3
oracle,0.0,long_00039_2961-4992-61,s3,ungated_deflation,3,1,52.697290146554316,2,2,0,s3,3
oracle,0.0,long_00039_2961-4992-61,s3,ungated_deflation,3,2,0.2403784938549406,2,2,0,s3,3
oracle,0.0,long_00039_2961-4992-61,s1,gated_deflation,3,1,53.272022145852496,0,0,0,s1,3
oracle,0.0,long_00039_2961-4992-61,s1,gated_deflation,3,2,-0.0768269704613225,0,0,0,s1,3
oracle,0.0,long_00039_2961-4992-61,s2,gated_deflation,3,1,54.49386174763515,1,1,0,s2,3
oracle,0.0,long_00039_2961-4992-61,s2,gated_deflation,3,2,-0.7140035241146231,1,1,0,s2,3
oracle,0.0,long_00039_2961-4992-61,s3,gated_deflation,3,1,52.697290146554316,2,2,0,s3,3
oracle,0.0,long_00039_2961-4992-61,s3,gated_deflation,3,2,0.2403784938549406,2,2,0,s3,3
oracle,0.0,long_00039_2961-4992-61,s1,coarse_to_fine,3,1,53.272022145852496,,,0,s1,3
oracle,0.0,long_00039_2961-4992-61,s1,coarse_to_fine,3,2,-0.0768269704613225,,,0,s1,3
oracle,0.0,long_00039_2961-4992-61,s2,coarse_to_fine,3,1,54.46438895441845,,,0,s2,3
oracle,0.0,long_00039_2961-4992-61,s2,coarse_to_fine,3,2,1.7096578505214728,,,0,s2,3
oracle,0.0,long_00039_2961-4992-61,s3,coarse_to_fine,3,1,53.78877424143649,,,0,s3,3
oracle,0.0,long_00039_2961-4992-61,s3,coarse_to_fine,3,2,2.2060655924525565,,,0,s3,3
oracle,400.0,long_00039_2961-4992-61,s1,no_recursion,3,1,-4.526211534677773,,,0,s1,3
oracle,400.0,long_00039_2961-4992-61,s1,no_recursion,3,2,-0.07152042757501752,,,0,s1,3
oracle,400.0,long_00039_2961-4992-61,s2,no_recursion,3,1,4.872457659944408,,,0,s2,3
oracle,400.0,long_00039_2961-4992-61,s2,no_recursion,3,2,1.768664624618015,,,0,s2,3
oracle,400.0,long_00039_2961-4992-61,s3,no_recursion,3,1,7.936321547926468,,,0,s3,3
oracle,400.0,long_00039_2961-4992-61,s3,no_recursion,3,2,2.161773593247756,,,0,s3,3
oracle,400.0,long_00039_2961-4992-61,s1,ungated_deflation,3,1,-4.526211534677773,0,0,0,s1,3
oracle,400.0,long_00039_2961-4992-61,s1,ungated_deflation,3,2,-0.07152042757501752,0,0,0,s1,3
oracle,400.0,long_00039_2961-4992-61,s2,ungated_deflation,3,1,3.83008071011145,1,1,0,s2,3
oracle,400.0,long_00039_2961-4992-61,s2,ungated_deflation,3,2,-0.6836324135566739,1,1,0,s2,3
oracle,400.0,long_00039_2961-4992-61,s3,ungated_deflation,3,1,6.687232496240324,2,2,0,s3,3
oracle,400.0,long_00039_2961-4992-61,s3,ungated_deflation,3,2,0.20974193063212582,2,2,0,s3,3
oracle,400.0,long_00039_2961-4992-61,s1,gated_deflation,3,1,-4.526211534677773,0,0,0,s1,3
oracle,400.0,long_00039_2961-4992-61,s1,gated_deflation,3,2,-0.07152042757501752,0,0,0,s1,3
oracle,400.0,long_00039_2961-4992-61,s2,gated_deflation,3,1,3.83008071011145,1,1,0,s2,3
oracle,400.0,long_00039_2961-4992-61,s2,gated_deflation,3,2,-0.6836324135566739,1,1,0,s2,3
oracle,400.0,long_00039_2961-4992-61,s3,gated_deflation,3,1,6.687232496240324,2,2,0,s3,3
oracle,400.0,long_00039_2961-4992-61,s3,gated_deflation,3,2,0.20974193063212582,2,2,0,s3,3
oracle,400.0,long_00039_2961-4992-61,s1,coarse_to_fine,3,1,-4.526211534677773,,,0,s1,3
oracle,400.0,long_00039_2961-4992-61,s1,coarse_to_fine,3,2,-0.07152042757501752,,,0,s1,3
oracle,400.0,long_00039_2961-4992-61,s2,coarse_to_fine,3,1,4.872457659944408,,,0,s2,3
oracle,400.0,long_00039_2961-4992-61,s2,coarse_to_fine,3,2,1.768664624618015,,,0,s2,3
oracle,400.0,long_00039_2961-4992-61,s3,coarse_to_fine,3,1,7.936321547926468,,,0,s3,3
oracle,400.0,long_00039_2961-4992-61,s3,coarse_to_fine,3,2,2.161773593247756,,,0,s3,3
real,0.0,long_00039_2961-4992-61,s1,no_recursion,3,1,45.60206813579316,,,0,SPEAKER_01,3
real,0.0,long_00039_2961-4992-61,s1,no_recursion,3,2,-3.4352966849730193,,,0,SPEAKER_01,3
real,0.0,long_00039_2961-4992-61,s2,no_recursion,3,1,47.52410860515895,,,0,SPEAKER_00,3
real,0.0,long_00039_2961-4992-61,s2,no_recursion,3,2,-0.6914028186706953,,,0,SPEAKER_00,3
real,0.0,long_00039_2961-4992-61,s3,no_recursion,3,1,26.878735598218377,,,0,SPEAKER_02,3
real,0.0,long_00039_2961-4992-61,s3,no_recursion,3,2,-1.505425898378698,,,0,SPEAKER_02,3
real,0.0,long_00039_2961-4992-61,s1,ungated_deflation,3,1,45.60206813579316,1,1,0,SPEAKER_01,3
real,0.0,long_00039_2961-4992-61,s1,ungated_deflation,3,2,-4.3452226376857785,1,1,0,SPEAKER_01,3
real,0.0,long_00039_2961-4992-61,s2,ungated_deflation,3,1,47.52410860515895,0,0,0,SPEAKER_00,3
real,0.0,long_00039_2961-4992-61,s2,ungated_deflation,3,2,-0.6914028186706953,0,0,0,SPEAKER_00,3
real,0.0,long_00039_2961-4992-61,s3,ungated_deflation,3,1,26.878735598218377,2,2,0,SPEAKER_02,3
real,0.0,long_00039_2961-4992-61,s3,ungated_deflation,3,2,-2.5552089899686994,2,2,0,SPEAKER_02,3
real,0.0,long_00039_2961-4992-61,s1,gated_deflation,3,1,45.60206813579316,1,1,0,SPEAKER_01,3
real,0.0,long_00039_2961-4992-61,s1,gated_deflation,3,2,-4.3452226376857785,1,1,0,SPEAKER_01,3
real,0.0,long_00039_2961-4992-61,s2,gated_deflation,3,1,47.52410860515895,0,0,0,SPEAKER_00,3
real,0.0,long_00039_2961-4992-61,s2,gated_deflation,3,2,-0.6914028186706953,0,0,0,SPEAKER_00,3
real,0.0,long_00039_2961-4992-61,s3,gated_deflation,3,1,26.878735598218377,2,2,0,SPEAKER_02,3
real,0.0,long_00039_2961-4992-61,s3,gated_deflation,3,2,-2.5552089899686994,2,2,0,SPEAKER_02,3
real,0.0,long_00039_2961-4992-61,s1,coarse_to_fine,3,1,45.60206813579316,,,0,SPEAKER_01,3
real,0.0,long_00039_2961-4992-61,s1,coarse_to_fine,3,2,-3.4352966849730193,,,0,SPEAKER_01,3
real,0.0,long_00039_2961-4992-61,s2,coarse_to_fine,3,1,47.52410860515895,,,0,SPEAKER_00,3
real,0.0,long_00039_2961-4992-61,s2,coarse_to_fine,3,2,-0.6914028186706953,,,0,SPEAKER_00,3
real,0.0,long_00039_2961-4992-61,s3,coarse_to_fine,3,1,26.878735598218377,,,0,SPEAKER_02,3
real,0.0,long_00039_2961-4992-61,s3,coarse_to_fine,3,2,-1.505425898378698,,,0,SPEAKER_02,3
real,400.0,long_00039_2961-4992-61,s1,no_recursion,3,1,45.60206813579316,,,0,SPEAKER_01,3
real,400.0,long_00039_2961-4992-61,s1,no_recursion,3,2,-1.411693418855394,,,0,SPEAKER_01,3
real,400.0,long_00039_2961-4992-61,s2,no_recursion,3,1,28.85878618038868,,,0,SPEAKER_00,3
real,400.0,long_00039_2961-4992-61,s2,no_recursion,3,2,1.3308896140396813,,,0,SPEAKER_00,3
real,400.0,long_00039_2961-4992-61,s3,no_recursion,3,1,26.878735598218377,,,0,SPEAKER_02,3
real,400.0,long_00039_2961-4992-61,s3,no_recursion,3,2,0.42462815247763286,,,0,SPEAKER_02,3
real,400.0,long_00039_2961-4992-61,s1,ungated_deflation,3,1,45.60206813579316,1,1,0,SPEAKER_01,3
real,400.0,long_00039_2961-4992-61,s1,ungated_deflation,3,2,-3.7146732419637467,1,1,0,SPEAKER_01,3
real,400.0,long_00039_2961-4992-61,s2,ungated_deflation,3,1,28.85878618038868,0,0,0,SPEAKER_00,3
real,400.0,long_00039_2961-4992-61,s2,ungated_deflation,3,2,1.3308896140396813,0,0,0,SPEAKER_00,3
real,400.0,long_00039_2961-4992-61,s3,ungated_deflation,3,1,26.878735598218377,2,2,0,SPEAKER_02,3
real,400.0,long_00039_2961-4992-61,s3,ungated_deflation,3,2,-1.6397057743155017,2,2,0,SPEAKER_02,3
real,400.0,long_00039_2961-4992-61,s1,gated_deflation,3,1,45.60206813579316,1,1,0,SPEAKER_01,3
real,400.0,long_00039_2961-4992-61,s1,gated_deflation,3,2,-3.7146732419637467,1,1,0,SPEAKER_01,3
real,400.0,long_00039_2961-4992-61,s2,gated_deflation,3,1,28.85878618038868,0,0,0,SPEAKER_00,3
real,400.0,long_00039_2961-4992-61,s2,gated_deflation,3,2,1.3308896140396813,0,0,0,SPEAKER_00,3
real,400.0,long_00039_2961-4992-61,s3,gated_deflation,3,1,26.878735598218377,2,2,0,SPEAKER_02,3
real,400.0,long_00039_2961-4992-61,s3,gated_deflation,3,2,-1.6397057743155017,2,2,0,SPEAKER_02,3
real,400.0,long_00039_2961-4992-61,s1,coarse_to_fine,3,1,45.60206813579316,,,0,SPEAKER_01,3
real,400.0,long_00039_2961-4992-61,s1,coarse_to_fine,3,2,-1.411693418855394,,,0,SPEAKER_01,3
real,400.0,long_00039_2961-4992-61,s2,coarse_to_fine,3,1,28.85878618038868,,,0,SPEAKER_00,3
real,400.0,long_00039_2961-4992-61,s2,coarse_to_fine,3,2,1.3308896140396813,,,0,SPEAKER_00,3
real,400.0,long_00039_2961-4992-61,s3,coarse_to_fine,3,1,26.878735598218377,,,0,SPEAKER_02,3
real,400.0,long_00039_2961-4992-61,s3,coarse_to_fine,3,2,0.42462815247763286,,,0,SPEAKER_02,3
oracle,0.0,long_00040_8463-2300-2094,s1,no_recursion,3,1,50.0102336066843,,,0,s1,3
oracle,0.0,long_00040_8463-2300-2094,s1,no_recursion,3,2,1.5480334049299838,,,0,s1,3
oracle,0.0,long_00040_8463-2300-2094,s2,no_recursion,3,1,37.75009435342739,,,0,s2,3
oracle,0.0,long_00040_8463-2300-2094,s2,no_recursion,3,2,4.203702601690449,,,0,s2,3
oracle,0.0,long_00040_8463-2300-2094,s3,no_recursion,3,1,50.05242199991419,,,0,s3,3
oracle,0.0,long_00040_8463-2300-2094,s3,no_recursion,3,2,-1.2569312653152365,,,0,s3,3
oracle,0.0,long_00040_8463-2300-2094,s1,ungated_deflation,3,1,50.0102336066843,0,0,0,s1,3
oracle,0.0,long_00040_8463-2300-2094,s1,ungated_deflation,3,2,1.5480334049299838,0,0,0,s1,3
oracle,0.0,long_00040_8463-2300-2094,s2,ungated_deflation,3,1,36.33986184642583,1,1,0,s2,3
oracle,0.0,long_00040_8463-2300-2094,s2,ungated_deflation,3,2,2.4829643566763853,1,1,0,s2,3
oracle,0.0,long_00040_8463-2300-2094,s3,ungated_deflation,3,1,41.53922133813122,2,2,0,s3,3
oracle,0.0,long_00040_8463-2300-2094,s3,ungated_deflation,3,2,-3.4518016995997938,2,2,0,s3,3
oracle,0.0,long_00040_8463-2300-2094,s1,gated_deflation,3,1,50.0102336066843,0,0,0,s1,3
oracle,0.0,long_00040_8463-2300-2094,s1,gated_deflation,3,2,1.5480334049299838,0,0,0,s1,3
oracle,0.0,long_00040_8463-2300-2094,s2,gated_deflation,3,1,36.33986184642583,1,1,0,s2,3
oracle,0.0,long_00040_8463-2300-2094,s2,gated_deflation,3,2,2.4829643566763853,1,1,0,s2,3
oracle,0.0,long_00040_8463-2300-2094,s3,gated_deflation,3,1,41.53922133813122,2,2,0,s3,3
oracle,0.0,long_00040_8463-2300-2094,s3,gated_deflation,3,2,-3.4518016995997938,2,2,0,s3,3
oracle,0.0,long_00040_8463-2300-2094,s1,coarse_to_fine,3,1,50.0102336066843,,,0,s1,3
oracle,0.0,long_00040_8463-2300-2094,s1,coarse_to_fine,3,2,1.5480334049299838,,,0,s1,3
oracle,0.0,long_00040_8463-2300-2094,s2,coarse_to_fine,3,1,37.75009435342739,,,0,s2,3
oracle,0.0,long_00040_8463-2300-2094,s2,coarse_to_fine,3,2,4.203702601690449,,,0,s2,3
oracle,0.0,long_00040_8463-2300-2094,s3,coarse_to_fine,3,1,50.05242199991419,,,0,s3,3
oracle,0.0,long_00040_8463-2300-2094,s3,coarse_to_fine,3,2,-1.2569312653152365,,,0,s3,3
oracle,400.0,long_00040_8463-2300-2094,s1,no_recursion,3,1,6.5280430115371075,,,0,s1,3
oracle,400.0,long_00040_8463-2300-2094,s1,no_recursion,3,2,1.5574600285856357,,,0,s1,3
oracle,400.0,long_00040_8463-2300-2094,s2,no_recursion,3,1,-1.212510390036584,,,0,s2,3
oracle,400.0,long_00040_8463-2300-2094,s2,no_recursion,3,2,4.225321395104343,,,0,s2,3
oracle,400.0,long_00040_8463-2300-2094,s3,no_recursion,3,1,6.404468836888264,,,0,s3,3
oracle,400.0,long_00040_8463-2300-2094,s3,no_recursion,3,2,-1.2401855480204846,,,0,s3,3
oracle,400.0,long_00040_8463-2300-2094,s1,ungated_deflation,3,1,6.5280430115371075,0,0,0,s1,3
oracle,400.0,long_00040_8463-2300-2094,s1,ungated_deflation,3,2,1.5574600285856357,0,0,0,s1,3
oracle,400.0,long_00040_8463-2300-2094,s2,ungated_deflation,3,1,-0.8823742156911822,1,1,0,s2,3
oracle,400.0,long_00040_8463-2300-2094,s2,ungated_deflation,3,2,2.626408223123626,1,1,0,s2,3
oracle,400.0,long_00040_8463-2300-2094,s3,ungated_deflation,3,1,6.896426144070999,2,2,0,s3,3
oracle,400.0,long_00040_8463-2300-2094,s3,ungated_deflation,3,2,-3.3987310640190675,2,2,0,s3,3
oracle,400.0,long_00040_8463-2300-2094,s1,gated_deflation,3,1,6.5280430115371075,0,0,0,s1,3
oracle,400.0,long_00040_8463-2300-2094,s1,gated_deflation,3,2,1.5574600285856357,0,0,0,s1,3
oracle,400.0,long_00040_8463-2300-2094,s2,gated_deflation,3,1,-0.8823742156911822,1,1,0,s2,3
oracle,400.0,long_00040_8463-2300-2094,s2,gated_deflation,3,2,2.626408223123626,1,1,0,s2,3
oracle,400.0,long_00040_8463-2300-2094,s3,gated_deflation,3,1,6.896426144070999,2,2,0,s3,3
oracle,400.0,long_00040_8463-2300-2094,s3,gated_deflation,3,2,-3.3987310640190675,2,2,0,s3,3
oracle,400.0,long_00040_8463-2300-2094,s1,coarse_to_fine,3,1,6.5280430115371075,,,0,s1,3
oracle,400.0,long_00040_8463-2300-2094,s1,coarse_to_fine,3,2,1.5574600285856357,,,0,s1,3
oracle,400.0,long_00040_8463-2300-2094,s2,coarse_to_fine,3,1,-1.212510390036584,,,0,s2,3
oracle,400.0,long_00040_8463-2300-2094,s2,coarse_to_fine,3,2,4.225321395104343,,,0,s2,3
oracle,400.0,long_00040_8463-2300-2094,s3,coarse_to_fine,3,1,6.404468836888264,,,0,s3,3
oracle,400.0,long_00040_8463-2300-2094,s3,coarse_to_fine,3,2,-1.2401855480204846,,,0,s3,3
real,0.0,long_00040_8463-2300-2094,s1,no_recursion,3,1,33.530416726726386,,,0,SPEAKER_01,3
real,0.0,long_00040_8463-2300-2094,s1,no_recursion,3,2,-0.37711879774254886,,,0,SPEAKER_01,3
real,0.0,long_00040_8463-2300-2094,s2,no_recursion,3,1,42.16987155006721,,,0,SPEAKER_00,3
real,0.0,long_00040_8463-2300-2094,s2,no_recursion,3,2,-0.5198354976463491,,,0,SPEAKER_00,3
real,0.0,long_00040_8463-2300-2094,s3,no_recursion,3,1,24.806142580683748,,,0,SPEAKER_02,3
real,0.0,long_00040_8463-2300-2094,s3,no_recursion,3,2,-1.8231696208313797,,,0,SPEAKER_02,3
real,0.0,long_00040_8463-2300-2094,s1,ungated_deflation,3,1,33.530416726726386,2,2,0,SPEAKER_01,3
real,0.0,long_00040_8463-2300-2094,s1,ungated_deflation,3,2,-1.4813918994166644,2,2,0,SPEAKER_01,3
real,0.0,long_00040_8463-2300-2094,s2,ungated_deflation,3,1,42.16987155006721,1,1,0,SPEAKER_00,3
real,0.0,long_00040_8463-2300-2094,s2,ungated_deflation,3,2,-3.1984012919115434,1,1,0,SPEAKER_00,3
real,0.0,long_00040_8463-2300-2094,s3,ungated_deflation,3,1,24.806142580683748,0,0,0,SPEAKER_02,3
real,0.0,long_00040_8463-2300-2094,s3,ungated_deflation,3,2,-1.8231696208313797,0,0,0,SPEAKER_02,3
real,0.0,long_00040_8463-2300-2094,s1,gated_deflation,3,1,33.530416726726386,2,2,0,SPEAKER_01,3
real,0.0,long_00040_8463-2300-2094,s1,gated_deflation,3,2,-1.4813918994166644,2,2,0,SPEAKER_01,3
real,0.0,long_00040_8463-2300-2094,s2,gated_deflation,3,1,42.16987155006721,1,1,0,SPEAKER_00,3
real,0.0,long_00040_8463-2300-2094,s2,gated_deflation,3,2,-3.1984012919115434,1,1,0,SPEAKER_00,3
real,0.0,long_00040_8463-2300-2094,s3,gated_deflation,3,1,24.806142580683748,0,0,0,SPEAKER_02,3
real,0.0,long_00040_8463-2300-2094,s3,gated_deflation,3,2,-1.8231696208313797,0,0,0,SPEAKER_02,3
real,0.0,long_00040_8463-2300-2094,s1,coarse_to_fine,3,1,33.530416726726386,,,0,SPEAKER_01,3
real,0.0,long_00040_8463-2300-2094,s1,coarse_to_fine,3,2,-0.37711879774254886,,,0,SPEAKER_01,3
real,0.0,long_00040_8463-2300-2094,s2,coarse_to_fine,3,1,42.16987155006721,,,0,SPEAKER_00,3
real,0.0,long_00040_8463-2300-2094,s2,coarse_to_fine,3,2,-0.5198354976463491,,,0,SPEAKER_00,3
real,0.0,long_00040_8463-2300-2094,s3,coarse_to_fine,3,1,24.806142580683748,,,0,SPEAKER_02,3
real,0.0,long_00040_8463-2300-2094,s3,coarse_to_fine,3,2,-1.8231696208313797,,,0,SPEAKER_02,3
real,400.0,long_00040_8463-2300-2094,s1,no_recursion,3,1,22.939609723944173,,,0,SPEAKER_01,3
real,400.0,long_00040_8463-2300-2094,s1,no_recursion,3,2,0.6046849451261653,,,0,SPEAKER_01,3
real,400.0,long_00040_8463-2300-2094,s2,no_recursion,3,1,4.005530651637129,,,0,SPEAKER_00,3
real,400.0,long_00040_8463-2300-2094,s2,no_recursion,3,2,1.9303085614196611,,,0,SPEAKER_00,3
real,400.0,long_00040_8463-2300-2094,s3,no_recursion,3,1,21.144585819006963,,,0,SPEAKER_02,3
real,400.0,long_00040_8463-2300-2094,s3,no_recursion,3,2,-1.4787629673618956,,,0,SPEAKER_02,3
real,400.0,long_00040_8463-2300-2094,s1,ungated_deflation,3,1,23.852012661058083,2,2,0,SPEAKER_01,3
real,400.0,long_00040_8463-2300-2094,s1,ungated_deflation,3,2,-0.8042342171428141,2,2,0,SPEAKER_01,3
real,400.0,long_00040_8463-2300-2094,s2,ungated_deflation,3,1,3.7980668827460136,1,1,0,SPEAKER_00,3
real,400.0,long_00040_8463-2300-2094,s2,ungated_deflation,3,2,-1.6330653688980674,1,1,0,SPEAKER_00,3
real,400.0,long_00040_8463-2300-2094,s3,ungated_deflation,3,1,21.144585819006963,0,0,0,SPEAKER_02,3
real,400.0,long_00040_8463-2300-2094,s3,ungated_deflation,3,2,-1.4787629673618956,0,0,0,SPEAKER_02,3
real,400.0,long_00040_8463-2300-2094,s1,gated_deflation,3,1,23.852012661058083,2,2,0,SPEAKER_01,3
real,400.0,long_00040_8463-2300-2094,s1,gated_deflation,3,2,-0.8042342171428141,2,2,0,SPEAKER_01,3
real,400.0,long_00040_8463-2300-2094,s2,gated_deflation,3,1,3.7980668827460136,1,1,0,SPEAKER_00,3
real,400.0,long_00040_8463-2300-2094,s2,gated_deflation,3,2,-1.6330653688980674,1,1,0,SPEAKER_00,3
real,400.0,long_00040_8463-2300-2094,s3,gated_deflation,3,1,21.144585819006963,0,0,0,SPEAKER_02,3
real,400.0,long_00040_8463-2300-2094,s3,gated_deflation,3,2,-1.4787629673618956,0,0,0,SPEAKER_02,3
real,400.0,long_00040_8463-2300-2094,s1,coarse_to_fine,3,1,22.939609723944173,,,0,SPEAKER_01,3
real,400.0,long_00040_8463-2300-2094,s1,coarse_to_fine,3,2,0.6046849451261653,,,0,SPEAKER_01,3
real,400.0,long_00040_8463-2300-2094,s2,coarse_to_fine,3,1,4.005530651637129,,,0,SPEAKER_00,3
real,400.0,long_00040_8463-2300-2094,s2,coarse_to_fine,3,2,1.9303085614196611,,,0,SPEAKER_00,3
real,400.0,long_00040_8463-2300-2094,s3,coarse_to_fine,3,1,21.144585819006963,,,0,SPEAKER_02,3
real,400.0,long_00040_8463-2300-2094,s3,coarse_to_fine,3,2,-1.4787629673618956,,,0,SPEAKER_02,3
oracle,0.0,long_00041_1089-5142-6829,s1,no_recursion,3,1,70.56838456938613,,,0,s1,3
oracle,0.0,long_00041_1089-5142-6829,s1,no_recursion,3,2,3.1452452359041203,,,0,s1,3
oracle,0.0,long_00041_1089-5142-6829,s2,no_recursion,3,1,52.142582638673815,,,0,s2,3
oracle,0.0,long_00041_1089-5142-6829,s2,no_recursion,3,2,1.4009804757030064,,,0,s2,3
oracle,0.0,long_00041_1089-5142-6829,s3,no_recursion,3,1,38.01003031165558,,,0,s3,3
oracle,0.0,long_00041_1089-5142-6829,s3,no_recursion,3,2,4.905256576559681,,,0,s3,3
oracle,0.0,long_00041_1089-5142-6829,s1,ungated_deflation,3,1,70.56838456938613,0,0,0,s1,3
oracle,0.0,long_00041_1089-5142-6829,s1,ungated_deflation,3,2,3.1452452359041203,0,0,0,s1,3
oracle,0.0,long_00041_1089-5142-6829,s2,ungated_deflation,3,1,49.995970099115894,1,1,0,s2,3
oracle,0.0,long_00041_1089-5142-6829,s2,ungated_deflation,3,2,-0.7315228556401563,1,1,0,s2,3
oracle,0.0,long_00041_1089-5142-6829,s3,ungated_deflation,3,1,32.63812212396783,2,2,0,s3,3
oracle,0.0,long_00041_1089-5142-6829,s3,ungated_deflation,3,2,2.8276317100946766,2,2,0,s3,3
oracle,0.0,long_00041_1089-5142-6829,s1,gated_deflation,3,1,70.56838456938613,0,0,0,s1,3
oracle,0.0,long_00041_1089-5142-6829,s1,gated_deflation,3,2,3.1452452359041203,0,0,0,s1,3
oracle,0.0,long_00041_1089-5142-6829,s2,gated_deflation,3,1,49.995970099115894,1,1,0,s2,3
oracle,0.0,long_00041_1089-5142-6829,s2,gated_deflation,3,2,-0.7315228556401563,1,1,0,s2,3
oracle,0.0,long_00041_1089-5142-6829,s3,gated_deflation,3,1,32.63812212396783,2,2,0,s3,3
oracle,0.0,long_00041_1089-5142-6829,s3,gated_deflation,3,2,2.8276317100946766,2,2,0,s3,3
oracle,0.0,long_00041_1089-5142-6829,s1,coarse_to_fine,3,1,70.56838456938613,,,0,s1,3
oracle,0.0,long_00041_1089-5142-6829,s1,coarse_to_fine,3,2,3.1452452359041203,,,0,s1,3
oracle,0.0,long_00041_1089-5142-6829,s2,coarse_to_fine,3,1,52.142582638673815,,,0,s2,3
oracle,0.0,long_00041_1089-5142-6829,s2,coarse_to_fine,3,2,1.4009804757030064,,,0,s2,3
oracle,0.0,long_00041_1089-5142-6829,s3,coarse_to_fine,3,1,38.01003031165558,,,0,s3,3
oracle,0.0,long_00041_1089-5142-6829,s3,coarse_to_fine,3,2,4.905256576559681,,,0,s3,3
oracle,400.0,long_00041_1089-5142-6829,s1,no_recursion,3,1,11.10636779583744,,,0,s1,3
oracle,400.0,long_00041_1089-5142-6829,s1,no_recursion,3,2,3.1525206804681387,,,0,s1,3
oracle,400.0,long_00041_1089-5142-6829,s2,no_recursion,3,1,0.19989827885172867,,,0,s2,3
oracle,400.0,long_00041_1089-5142-6829,s2,no_recursion,3,2,1.4175329437795117,,,0,s2,3
oracle,400.0,long_00041_1089-5142-6829,s3,no_recursion,3,1,4.158880802457682,,,0,s3,3
oracle,400.0,long_00041_1089-5142-6829,s3,no_recursion,3,2,4.937552920784239,,,0,s3,3
oracle,400.0,long_00041_1089-5142-6829,s1,ungated_deflation,3,1,11.10636779583744,0,0,0,s1,3
oracle,400.0,long_00041_1089-5142-6829,s1,ungated_deflation,3,2,3.1525206804681387,0,0,0,s1,3
oracle,400.0,long_00041_1089-5142-6829,s2,ungated_deflation,3,1,-0.46521540069427336,1,1,0,s2,3
oracle,400.0,long_00041_1089-5142-6829,s2,ungated_deflation,3,2,-0.7581421681699362,1,1,0,s2,3
oracle,400.0,long_00041_1089-5142-6829,s3,ungated_deflation,3,1,3.5424894944897756,2,2,0,s3,3
oracle,400.0,long_00041_1089-5142-6829,s3,ungated_deflation,3,2,2.624943764649801,2,2,0,s3,3
oracle,400.0,long_00041_1089-5142-6829,s1,gated_deflation,3,1,11.10636779583744,0,0,0,s1,3
oracle,400.0,long_00041_1089-5142-6829,s1,gated_deflation,3,2,3.1525206804681387,0,0,0,s1,3
oracle,400.0,long_00041_1089-5142-6829,s2,gated_deflation,3,1,-0.46521540069427336,1,1,0,s2,3
oracle,400.0,long_00041_1089-5142-6829,s2,gated_deflation,3,2,-0.7581421681699362,1,1,0,s2,3
oracle,400.0,long_00041_1089-5142-6829,s3,gated_deflation,3,1,3.5424894944897756,2,2,0,s3,3
oracle,400.0,long_00041_1089-5142-6829,s3,gated_deflation,3,2,2.624943764649801,2,2,0,s3,3
oracle,400.0,long_00041_1089-5142-6829,s1,coarse_to_fine,3,1,11.10636779583744,,,0,s1,3
oracle,400.0,long_00041_1089-5142-6829,s1,coarse_to_fine,3,2,3.1525206804681387,,,0,s1,3
oracle,400.0,long_00041_1089-5142-6829,s2,coarse_to_fine,3,1,0.19989827885172867,,,0,s2,3
oracle,400.0,long_00041_1089-5142-6829,s2,coarse_to_fine,3,2,1.4175329437795117,,,0,s2,3
oracle,400.0,long_00041_1089-5142-6829,s3,coarse_to_fine,3,1,4.158880802457682,,,0,s3,3
oracle,400.0,long_00041_1089-5142-6829,s3,coarse_to_fine,3,2,4.937552920784239,,,0,s3,3
real,0.0,long_00041_1089-5142-6829,s1,no_recursion,3,1,58.41597663192283,,,0,SPEAKER_00,3
real,0.0,long_00041_1089-5142-6829,s1,no_recursion,3,2,1.0537517296036993,,,0,SPEAKER_00,3
real,0.0,long_00041_1089-5142-6829,s2,no_recursion,3,1,inf,,,0,SPEAKER_01,3
real,0.0,long_00041_1089-5142-6829,s2,no_recursion,3,2,-0.32042036206970237,,,0,SPEAKER_01,3
real,0.0,long_00041_1089-5142-6829,s3,no_recursion,3,1,53.91075561873187,,,0,SPEAKER_02,3
real,0.0,long_00041_1089-5142-6829,s3,no_recursion,3,2,0.9948128383547273,,,0,SPEAKER_02,3
real,0.0,long_00041_1089-5142-6829,s1,ungated_deflation,3,1,58.41597663192283,1,1,0,SPEAKER_00,3
real,0.0,long_00041_1089-5142-6829,s1,ungated_deflation,3,2,0.8393380396593744,1,1,0,SPEAKER_00,3
real,0.0,long_00041_1089-5142-6829,s2,ungated_deflation,3,1,inf,2,2,0,SPEAKER_01,3
real,0.0,long_00041_1089-5142-6829,s2,ungated_deflation,3,2,-0.2128321437016512,2,2,0,SPEAKER_01,3
real,0.0,long_00041_1089-5142-6829,s3,ungated_deflation,3,1,53.91075561873187,0,0,0,SPEAKER_02,3
real,0.0,long_00041_1089-5142-6829,s3,ungated_deflation,3,2,0.9948128383547273,0,0,0,SPEAKER_02,3
real,0.0,long_00041_1089-5142-6829,s1,gated_deflation,3,1,58.41597663192283,1,1,0,SPEAKER_00,3
real,0.0,long_00041_1089-5142-6829,s1,gated_deflation,3,2,0.8393380396593744,1,1,0,SPEAKER_00,3
real,0.0,long_00041_1089-5142-6829,s2,gated_deflation,3,1,inf,2,1,0,SPEAKER_01,3
real,0.0,long_00041_1089-5142-6829,s2,gated_deflation,3,2,-2.438021752884185,2,1,0,SPEAKER_01,3
real,0.0,long_00041_1089-5142-6829,s3,gated_deflation,3,1,53.91075561873187,0,0,0,SPEAKER_02,3
real,0.0,long_00041_1089-5142-6829,s3,gated_deflation,3,2,0.9948128383547273,0,0,0,SPEAKER_02,3
real,0.0,long_00041_1089-5142-6829,s1,coarse_to_fine,3,1,58.41597663192283,,,0,SPEAKER_00,3
real,0.0,long_00041_1089-5142-6829,s1,coarse_to_fine,3,2,1.0537517296036993,,,0,SPEAKER_00,3
real,0.0,long_00041_1089-5142-6829,s2,coarse_to_fine,3,1,inf,,,0,SPEAKER_01,3
real,0.0,long_00041_1089-5142-6829,s2,coarse_to_fine,3,2,-0.32042036206970237,,,0,SPEAKER_01,3
real,0.0,long_00041_1089-5142-6829,s3,coarse_to_fine,3,1,53.91075561873187,,,0,SPEAKER_02,3
real,0.0,long_00041_1089-5142-6829,s3,coarse_to_fine,3,2,0.9948128383547273,,,0,SPEAKER_02,3
real,400.0,long_00041_1089-5142-6829,s1,no_recursion,3,1,17.675740447750815,,,0,SPEAKER_00,3
real,400.0,long_00041_1089-5142-6829,s1,no_recursion,3,2,3.300768730751299,,,0,SPEAKER_00,3
real,400.0,long_00041_1089-5142-6829,s2,no_recursion,3,1,16.035104417113924,,,0,SPEAKER_01,3
real,400.0,long_00041_1089-5142-6829,s2,no_recursion,3,2,1.630456405644015,,,0,SPEAKER_01,3
real,400.0,long_00041_1089-5142-6829,s3,no_recursion,3,1,5.935784125553689,,,0,SPEAKER_02,3
real,400.0,long_00041_1089-5142-6829,s3,no_recursion,3,2,3.9540902210387663,,,0,SPEAKER_02,3
real,400.0,long_00041_1089-5142-6829,s1,ungated_deflation,3,1,17.675740447750815,0,0,0,SPEAKER_00,3
real,400.0,long_00041_1089-5142-6829,s1,ungated_deflation,3,2,3.300768730751299,0,0,0,SPEAKER_00,3
real,400.0,long_00041_1089-5142-6829,s2,ungated_deflation,3,1,16.697001563368815,1,1,0,SPEAKER_01,3
real,400.0,long_00041_1089-5142-6829,s2,ungated_deflation,3,2,-0.9876823160636463,1,1,0,SPEAKER_01,3
real,400.0,long_00041_1089-5142-6829,s3,ungated_deflation,3,1,5.629145274108644,2,2,0,SPEAKER_02,3
real,400.0,long_00041_1089-5142-6829,s3,ungated_deflation,3,2,1.3472989164962992,2,2,0,SPEAKER_02,3
real,400.0,long_00041_1089-5142-6829,s1,gated_deflation,3,1,17.675740447750815,0,0,0,SPEAKER_00,3
real,400.0,long_00041_1089-5142-6829,s1,gated_deflation,3,2,3.300768730751299,0,0,0,SPEAKER_00,3
real,400.0,long_00041_1089-5142-6829,s2,gated_deflation,3,1,16.697001563368815,1,1,0,SPEAKER_01,3
real,400.0,long_00041_1089-5142-6829,s2,gated_deflation,3,2,-0.9876823160636463,1,1,0,SPEAKER_01,3
real,400.0,long_00041_1089-5142-6829,s3,gated_deflation,3,1,5.629145274108644,2,2,0,SPEAKER_02,3
real,400.0,long_00041_1089-5142-6829,s3,gated_deflation,3,2,1.3472989164962992,2,2,0,SPEAKER_02,3
real,400.0,long_00041_1089-5142-6829,s1,coarse_to_fine,3,1,17.675740447750815,,,0,SPEAKER_00,3
real,400.0,long_00041_1089-5142-6829,s1,coarse_to_fine,3,2,3.300768730751299,,,0,SPEAKER_00,3
real,400.0,long_00041_1089-5142-6829,s2,coarse_to_fine,3,1,16.035104417113924,,,0,SPEAKER_01,3
real,400.0,long_00041_1089-5142-6829,s2,coarse_to_fine,3,2,1.630456405644015,,,0,SPEAKER_01,3
real,400.0,long_00041_1089-5142-6829,s3,coarse_to_fine,3,1,5.935784125553689,,,0,SPEAKER_02,3
real,400.0,long_00041_1089-5142-6829,s3,coarse_to_fine,3,2,3.9540902210387663,,,0,SPEAKER_02,3
oracle,0.0,long_00042_1320-7176-8555,s1,no_recursion,3,1,47.7271984568877,,,0,s1,3
oracle,0.0,long_00042_1320-7176-8555,s1,no_recursion,3,2,0.44411102818419257,,,0,s1,3
oracle,0.0,long_00042_1320-7176-8555,s2,no_recursion,3,1,43.076353193363126,,,0,s2,3
oracle,0.0,long_00042_1320-7176-8555,s2,no_recursion,3,2,-0.11652297790245943,,,0,s2,3
oracle,0.0,long_00042_1320-7176-8555,s3,no_recursion,3,1,79.50582349921281,,,0,s3,3
oracle,0.0,long_00042_1320-7176-8555,s3,no_recursion,3,2,0.7976386129303291,,,0,s3,3
oracle,0.0,long_00042_1320-7176-8555,s1,ungated_deflation,3,1,47.7271984568877,0,0,0,s1,3
oracle,0.0,long_00042_1320-7176-8555,s1,ungated_deflation,3,2,0.44411102818419257,0,0,0,s1,3
oracle,0.0,long_00042_1320-7176-8555,s2,ungated_deflation,3,1,41.07353861954539,1,1,0,s2,3
oracle,0.0,long_00042_1320-7176-8555,s2,ungated_deflation,3,2,-3.9435918546473965,1,1,0,s2,3
oracle,0.0,long_00042_1320-7176-8555,s3,ungated_deflation,3,1,75.60349628980975,2,2,0,s3,3
oracle,0.0,long_00042_1320-7176-8555,s3,ungated_deflation,3,2,-3.9716813471683885,2,2,0,s3,3
oracle,0.0,long_00042_1320-7176-8555,s1,gated_deflation,3,1,47.7271984568877,0,0,0,s1,3
oracle,0.0,long_00042_1320-7176-8555,s1,gated_deflation,3,2,0.44411102818419257,0,0,0,s1,3
oracle,0.0,long_00042_1320-7176-8555,s2,gated_deflation,3,1,41.07353861954539,1,1,0,s2,3
oracle,0.0,long_00042_1320-7176-8555,s2,gated_deflation,3,2,-3.9435918546473965,1,1,0,s2,3
oracle,0.0,long_00042_1320-7176-8555,s3,gated_deflation,3,1,75.60349628980975,2,2,0,s3,3
oracle,0.0,long_00042_1320-7176-8555,s3,gated_deflation,3,2,-3.9716813471683885,2,2,0,s3,3
oracle,0.0,long_00042_1320-7176-8555,s1,coarse_to_fine,3,1,47.7271984568877,,,0,s1,3
oracle,0.0,long_00042_1320-7176-8555,s1,coarse_to_fine,3,2,0.44411102818419257,,,0,s1,3
oracle,0.0,long_00042_1320-7176-8555,s2,coarse_to_fine,3,1,43.076353193363126,,,0,s2,3
oracle,0.0,long_00042_1320-7176-8555,s2,coarse_to_fine,3,2,-0.11652297790245943,,,0,s2,3
oracle,0.0,long_00042_1320-7176-8555,s3,coarse_to_fine,3,1,79.50582349921281,,,0,s3,3
oracle,0.0,long_00042_1320-7176-8555,s3,coarse_to_fine,3,2,0.7976386129303291,,,0,s3,3
oracle,400.0,long_00042_1320-7176-8555,s1,no_recursion,3,1,6.910302067998511,,,0,s1,3
oracle,400.0,long_00042_1320-7176-8555,s1,no_recursion,3,2,0.4614721698359112,,,0,s1,3
oracle,400.0,long_00042_1320-7176-8555,s2,no_recursion,3,1,-1.2438838540289905,,,0,s2,3
oracle,400.0,long_00042_1320-7176-8555,s2,no_recursion,3,2,-0.13280326155677913,,,0,s2,3
oracle,400.0,long_00042_1320-7176-8555,s3,no_recursion,3,1,4.558861110283983,,,0,s3,3
oracle,400.0,long_00042_1320-7176-8555,s3,no_recursion,3,2,0.8286064499645125,,,0,s3,3
oracle,400.0,long_00042_1320-7176-8555,s1,ungated_deflation,3,1,6.910302067998511,0,0,0,s1,3
oracle,400.0,long_00042_1320-7176-8555,s1,ungated_deflation,3,2,0.4614721698359112,0,0,0,s1,3
oracle,400.0,long_00042_1320-7176-8555,s2,ungated_deflation,3,1,-2.9773747994658555,1,1,0,s2,3
oracle,400.0,long_00042_1320-7176-8555,s2,ungated_deflation,3,2,-3.8653774523489037,1,1,0,s2,3
oracle,400.0,long_00042_1320-7176-8555,s3,ungated_deflation,3,1,10.327653354084008,2,2,0,s3,3
oracle,400.0,long_00042_1320-7176-8555,s3,ungated_deflation,3,2,-3.79362347183245,2,2,0,s3,3
oracle,400.0,long_00042_1320-7176-8555,s1,gated_deflation,3,1,6.910302067998511,0,0,0,s1,3
oracle,400.0,long_00042_1320-7176-8555,s1,gated_deflation,3,2,0.4614721698359112,0,0,0,s1,3
oracle,400.0,long_00042_1320-7176-8555,s2,gated_deflation,3,1,-2.9773747994658555,1,1,0,s2,3
oracle,400.0,long_00042_1320-7176-8555,s2,gated_deflation,3,2,-3.8653774523489037,1,1,0,s2,3
oracle,400.0,long_00042_1320-7176-8555,s3,gated_deflation,3,1,10.327653354084008,2,2,0,s3,3
oracle,400.0,long_00042_1320-7176-8555,s3,gated_deflation,3,2,-3.79362347183245,2,2,0,s3,3
oracle,400.0,long_00042_1320-7176-8555,s1,coarse_to_fine,3,1,6.910302067998511,,,0,s1,3
oracle,400.0,long_00042_1320-7176-8555,s1,coarse_to_fine,3,2,0.4614721698359112,,,0,s1,3
oracle,400.0,long_00042_1320-7176-8555,s2,coarse_to_fine,3,1,-1.2438838540289905,,,0,s2,3
oracle,400.0,long_00042_1320-7176-8555,s2,coarse_to_fine,3,2,-0.13280326155677913,,,0,s2,3
oracle,400.0,long_00042_1320-7176-8555,s3,coarse_to_fine,3,1,4.558861110283983,,,0,s3,3
oracle,400.0,long_00042_1320-7176-8555,s3,coarse_to_fine,3,2,0.8286064499645125,,,0,s3,3
real,0.0,long_00042_1320-7176-8555,s1,no_recursion,3,1,41.65890048187392,,,0,SPEAKER_01,3
real,0.0,long_00042_1320-7176-8555,s1,no_recursion,3,2,-3.348164467220683,,,0,SPEAKER_01,3
real,0.0,long_00042_1320-7176-8555,s2,no_recursion,3,1,44.83511333458142,,,0,SPEAKER_02,3
real,0.0,long_00042_1320-7176-8555,s2,no_recursion,3,2,-2.0760256574482057,,,0,SPEAKER_02,3
real,0.0,long_00042_1320-7176-8555,s3,no_recursion,3,1,45.745200232210045,,,0,SPEAKER_00,3
real,0.0,long_00042_1320-7176-8555,s3,no_recursion,3,2,-3.127897881811097,,,0,SPEAKER_00,3
real,0.0,long_00042_1320-7176-8555,s1,ungated_deflation,3,1,41.65890048187392,2,2,0,SPEAKER_01,3
real,0.0,long_00042_1320-7176-8555,s1,ungated_deflation,3,2,-3.8045728665332925,2,2,0,SPEAKER_01,3
real,0.0,long_00042_1320-7176-8555,s2,ungated_deflation,3,1,44.83511333458142,1,1,0,SPEAKER_02,3
real,0.0,long_00042_1320-7176-8555,s2,ungated_deflation,3,2,-1.4892466826443727,1,1,0,SPEAKER_02,3
real,0.0,long_00042_1320-7176-8555,s3,ungated_deflation,3,1,45.745200232210045,0,0,0,SPEAKER_00,3
real,0.0,long_00042_1320-7176-8555,s3,ungated_deflation,3,2,-3.127897881811097,0,0,0,SPEAKER_00,3
real,0.0,long_00042_1320-7176-8555,s1,gated_deflation,3,1,41.65890048187392,2,2,0,SPEAKER_01,3
real,0.0,long_00042_1320-7176-8555,s1,gated_deflation,3,2,-3.8045728665332925,2,2,0,SPEAKER_01,3
real,0.0,long_00042_1320-7176-8555,s2,gated_deflation,3,1,44.83511333458142,1,1,0,SPEAKER_02,3
real,0.0,long_00042_1320-7176-8555,s2,gated_deflation,3,2,-1.4892466826443727,1,1,0,SPEAKER_02,3
real,0.0,long_00042_1320-7176-8555,s3,gated_deflation,3,1,45.745200232210045,0,0,0,SPEAKER_00,3
real,0.0,long_00042_1320-7176-8555,s3,gated_deflation,3,2,-3.127897881811097,0,0,0,SPEAKER_00,3
real,0.0,long_00042_1320-7176-8555,s1,coarse_to_fine,3,1,41.65890048187392,,,0,SPEAKER_01,3
real,0.0,long_00042_1320-7176-8555,s1,coarse_to_fine,3,2,-3.348164467220683,,,0,SPEAKER_01,3
real,0.0,long_00042_1320-7176-8555,s2,coarse_to_fine,3,1,44.83511333458142,,,0,SPEAKER_02,3
real,0.0,long_00042_1320-7176-8555,s2,coarse_to_fine,3,2,-2.0760256574482057,,,0,SPEAKER_02,3
real,0.0,long_00042_1320-7176-8555,s3,coarse_to_fine,3,1,45.745200232210045,,,0,SPEAKER_00,3
real,0.0,long_00042_1320-7176-8555,s3,coarse_to_fine,3,2,-3.127897881811097,,,0,SPEAKER_00,3
real,400.0,long_00042_1320-7176-8555,s1,no_recursion,3,1,41.65890048187392,,,0,SPEAKER_01,3
real,400.0,long_00042_1320-7176-8555,s1,no_recursion,3,2,-1.8852543836959346,,,0,SPEAKER_01,3
real,400.0,long_00042_1320-7176-8555,s2,no_recursion,3,1,16.62539126115582,,,0,SPEAKER_02,3
real,400.0,long_00042_1320-7176-8555,s2,no_recursion,3,2,-0.4757496963461708,,,0,SPEAKER_02,3
real,400.0,long_00042_1320-7176-8555,s3,no_recursion,3,1,4.922839416195218,,,0,SPEAKER_00,3
real,400.0,long_00042_1320-7176-8555,s3,no_recursion,3,2,-3.678581117957838,,,0,SPEAKER_00,3
real,400.0,long_00042_1320-7176-8555,s1,ungated_deflation,3,1,41.65890048187392,0,0,0,SPEAKER_01,3
real,400.0,long_00042_1320-7176-8555,s1,ungated_deflation,3,2,-1.8852543836959346,0,0,0,SPEAKER_01,3
real,400.0,long_00042_1320-7176-8555,s2,ungated_deflation,3,1,17.777259895966598,1,1,0,SPEAKER_02,3
real,400.0,long_00042_1320-7176-8555,s2,ungated_deflation,3,2,-2.5481632063939714,1,1,0,SPEAKER_02,3
real,400.0,long_00042_1320-7176-8555,s3,ungated_deflation,3,1,9.61763116662698,2,2,0,SPEAKER_00,3
real,400.0,long_00042_1320-7176-8555,s3,ungated_deflation,3,2,-7.094705826639896,2,2,0,SPEAKER_00,3
real,400.0,long_00042_1320-7176-8555,s1,gated_deflation,3,1,41.65890048187392,0,0,0,SPEAKER_01,3
real,400.0,long_00042_1320-7176-8555,s1,gated_deflation,3,2,-1.8852543836959346,0,0,0,SPEAKER_01,3
real,400.0,long_00042_1320-7176-8555,s2,gated_deflation,3,1,17.777259895966598,1,1,0,SPEAKER_02,3
real,400.0,long_00042_1320-7176-8555,s2,gated_deflation,3,2,-2.5481632063939714,1,1,0,SPEAKER_02,3
real,400.0,long_00042_1320-7176-8555,s3,gated_deflation,3,1,9.61763116662698,2,2,0,SPEAKER_00,3
real,400.0,long_00042_1320-7176-8555,s3,gated_deflation,3,2,-7.094705826639896,2,2,0,SPEAKER_00,3
real,400.0,long_00042_1320-7176-8555,s1,coarse_to_fine,3,1,41.65890048187392,,,0,SPEAKER_01,3
real,400.0,long_00042_1320-7176-8555,s1,coarse_to_fine,3,2,-1.8852543836959346,,,0,SPEAKER_01,3
real,400.0,long_00042_1320-7176-8555,s2,coarse_to_fine,3,1,16.62539126115582,,,0,SPEAKER_02,3
real,400.0,long_00042_1320-7176-8555,s2,coarse_to_fine,3,2,-0.4757496963461708,,,0,SPEAKER_02,3
real,400.0,long_00042_1320-7176-8555,s3,coarse_to_fine,3,1,4.922839416195218,,,0,SPEAKER_00,3
real,400.0,long_00042_1320-7176-8555,s3,coarse_to_fine,3,2,-3.678581117957838,,,0,SPEAKER_00,3
oracle,0.0,long_00043_2961-5683-4970,s1,no_recursion,3,1,78.89692633578241,,,0,s1,3
oracle,0.0,long_00043_2961-5683-4970,s1,no_recursion,3,2,-0.47334745856817884,,,0,s1,3
oracle,0.0,long_00043_2961-5683-4970,s2,no_recursion,3,1,73.42950750979693,,,0,s2,3
oracle,0.0,long_00043_2961-5683-4970,s2,no_recursion,3,2,-1.7225048226430195,,,0,s2,3
oracle,0.0,long_00043_2961-5683-4970,s3,no_recursion,3,1,54.81937993134621,,,0,s3,3
oracle,0.0,long_00043_2961-5683-4970,s3,no_recursion,3,2,-0.4583146602165416,,,0,s3,3
oracle,0.0,long_00043_2961-5683-4970,s1,ungated_deflation,3,1,78.89692633578241,0,0,0,s1,3
oracle,0.0,long_00043_2961-5683-4970,s1,ungated_deflation,3,2,-0.47334745856817884,0,0,0,s1,3
oracle,0.0,long_00043_2961-5683-4970,s2,ungated_deflation,3,1,73.69988393104536,1,1,0,s2,3
oracle,0.0,long_00043_2961-5683-4970,s2,ungated_deflation,3,2,-1.0465134527937385,1,1,0,s2,3
oracle,0.0,long_00043_2961-5683-4970,s3,ungated_deflation,3,1,54.19245035194336,2,2,0,s3,3
oracle,0.0,long_00043_2961-5683-4970,s3,ungated_deflation,3,2,0.4110919608087652,2,2,0,s3,3
oracle,0.0,long_00043_2961-5683-4970,s1,gated_deflation,3,1,78.89692633578241,0,0,0,s1,3
oracle,0.0,long_00043_2961-5683-4970,s1,gated_deflation,3,2,-0.47334745856817884,0,0,0,s1,3
oracle,0.0,long_00043_2961-5683-4970,s2,gated_deflation,3,1,73.69988393104536,1,1,0,s2,3
oracle,0.0,long_00043_2961-5683-4970,s2,gated_deflation,3,2,-1.0465134527937385,1,1,0,s2,3
oracle,0.0,long_00043_2961-5683-4970,s3,gated_deflation,3,1,54.19245035194336,2,2,0,s3,3
oracle,0.0,long_00043_2961-5683-4970,s3,gated_deflation,3,2,0.4110919608087652,2,2,0,s3,3
oracle,0.0,long_00043_2961-5683-4970,s1,coarse_to_fine,3,1,78.89692633578241,,,0,s1,3
oracle,0.0,long_00043_2961-5683-4970,s1,coarse_to_fine,3,2,-0.47334745856817884,,,0,s1,3
oracle,0.0,long_00043_2961-5683-4970,s2,coarse_to_fine,3,1,73.42950750979693,,,0,s2,3
oracle,0.0,long_00043_2961-5683-4970,s2,coarse_to_fine,3,2,-1.7225048226430195,,,0,s2,3
oracle,0.0,long_00043_2961-5683-4970,s3,coarse_to_fine,3,1,54.81937993134621,,,0,s3,3
oracle,0.0,long_00043_2961-5683-4970,s3,coarse_to_fine,3,2,-0.4583146602165416,,,0,s3,3
oracle,400.0,long_00043_2961-5683-4970,s1,no_recursion,3,1,17.550299117980863,,,0,s1,3
oracle,400.0,long_00043_2961-5683-4970,s1,no_recursion,3,2,-0.4886877311781041,,,0,s1,3
oracle,400.0,long_00043_2961-5683-4970,s2,no_recursion,3,1,9.576238148246603,,,0,s2,3
oracle,400.0,long_00043_2961-5683-4970,s2,no_recursion,3,2,-1.8477938479582554,,,0,s2,3
oracle,400.0,long_00043_2961-5683-4970,s3,no_recursion,3,1,2.9440486223866364,,,0,s3,3
oracle,400.0,long_00043_2961-5683-4970,s3,no_recursion,3,2,-0.44579399607185466,,,0,s3,3
oracle,400.0,long_00043_2961-5683-4970,s1,ungated_deflation,3,1,17.550299117980863,0,0,0,s1,3
oracle,400.0,long_00043_2961-5683-4970,s1,ungated_deflation,3,2,-0.4886877311781041,0,0,0,s1,3
oracle,400.0,long_00043_2961-5683-4970,s2,ungated_deflation,3,1,7.892482610641947,1,1,0,s2,3
oracle,400.0,long_00043_2961-5683-4970,s2,ungated_deflation,3,2,-1.1124286201415676,1,1,0,s2,3
oracle,400.0,long_00043_2961-5683-4970,s3,ungated_deflation,3,1,-0.1317605469178374,2,2,0,s3,3
oracle,400.0,long_00043_2961-5683-4970,s3,ungated_deflation,3,2,0.38776125669911343,2,2,0,s3,3
oracle,400.0,long_00043_2961-5683-4970,s1,gated_deflation,3,1,17.550299117980863,0,0,0,s1,3
oracle,400.0,long_00043_2961-5683-4970,s1,gated_deflation,3,2,-0.4886877311781041,0,0,0,s1,3
oracle,400.0,long_00043_2961-5683-4970,s2,gated_deflation,3,1,7.892482610641947,1,1,0,s2,3
oracle,400.0,long_00043_2961-5683-4970,s2,gated_deflation,3,2,-1.1124286201415676,1,1,0,s2,3
oracle,400.0,long_00043_2961-5683-4970,s3,gated_deflation,3,1,-0.1317605469178374,2,2,0,s3,3
oracle,400.0,long_00043_2961-5683-4970,s3,gated_deflation,3,2,0.38776125669911343,2,2,0,s3,3
oracle,400.0,long_00043_2961-5683-4970,s1,coarse_to_fine,3,1,17.550299117980863,,,0,s1,3
oracle,400.0,long_00043_2961-5683-4970,s1,coarse_to_fine,3,2,-0.4886877311781041,,,0,s1,3
oracle,400.0,long_00043_2961-5683-4970,s2,coarse_to_fine,3,1,9.576238148246603,,,0,s2,3
oracle,400.0,long_00043_2961-5683-4970,s2,coarse_to_fine,3,2,-1.8477938479582554,,,0,s2,3
oracle,400.0,long_00043_2961-5683-4970,s3,coarse_to_fine,3,1,2.9440486223866364,,,0,s3,3
oracle,400.0,long_00043_2961-5683-4970,s3,coarse_to_fine,3,2,-0.44579399607185466,,,0,s3,3
real,0.0,long_00043_2961-5683-4970,s1,no_recursion,3,1,37.91785258331457,,,0,SPEAKER_00,3
real,0.0,long_00043_2961-5683-4970,s1,no_recursion,3,2,0.35344858861156503,,,0,SPEAKER_00,3
real,0.0,long_00043_2961-5683-4970,s2,no_recursion,3,1,10.855554326003409,,,0,SPEAKER_01,3
real,0.0,long_00043_2961-5683-4970,s2,no_recursion,3,2,-5.84185619410907,,,0,SPEAKER_01,3
real,0.0,long_00043_2961-5683-4970,s3,no_recursion,3,1,11.775392419282335,,,0,SPEAKER_02,3
real,0.0,long_00043_2961-5683-4970,s3,no_recursion,3,2,-3.93734979367916,,,0,SPEAKER_02,3
real,0.0,long_00043_2961-5683-4970,s1,ungated_deflation,3,1,37.91785258331457,0,0,0,SPEAKER_00,3
real,0.0,long_00043_2961-5683-4970,s1,ungated_deflation,3,2,0.35344858861156503,0,0,0,SPEAKER_00,3
real,0.0,long_00043_2961-5683-4970,s2,ungated_deflation,3,1,10.855554326003409,2,2,0,SPEAKER_01,3
real,0.0,long_00043_2961-5683-4970,s2,ungated_deflation,3,2,-4.210726412350437,2,2,0,SPEAKER_01,3
real,0.0,long_00043_2961-5683-4970,s3,ungated_deflation,3,1,11.775392419282335,1,1,0,SPEAKER_02,3
real,0.0,long_00043_2961-5683-4970,s3,ungated_deflation,3,2,-1.0830175859042377,1,1,0,SPEAKER_02,3
real,0.0,long_00043_2961-5683-4970,s1,gated_deflation,3,1,37.91785258331457,0,0,0,SPEAKER_00,3
real,0.0,long_00043_2961-5683-4970,s1,gated_deflation,3,2,0.35344858861156503,0,0,0,SPEAKER_00,3
real,0.0,long_00043_2961-5683-4970,s2,gated_deflation,3,1,10.855554326003409,2,2,0,SPEAKER_01,3
real,0.0,long_00043_2961-5683-4970,s2,gated_deflation,3,2,-4.210726412350437,2,2,0,SPEAKER_01,3
real,0.0,long_00043_2961-5683-4970,s3,gated_deflation,3,1,11.775392419282335,1,1,0,SPEAKER_02,3
real,0.0,long_00043_2961-5683-4970,s3,gated_deflation,3,2,-1.0830175859042377,1,1,0,SPEAKER_02,3
real,0.0,long_00043_2961-5683-4970,s1,coarse_to_fine,3,1,37.91785258331457,,,0,SPEAKER_00,3
real,0.0,long_00043_2961-5683-4970,s1,coarse_to_fine,3,2,0.35344858861156503,,,0,SPEAKER_00,3
real,0.0,long_00043_2961-5683-4970,s2,coarse_to_fine,3,1,10.855554326003409,,,0,SPEAKER_01,3
real,0.0,long_00043_2961-5683-4970,s2,coarse_to_fine,3,2,-5.84185619410907,,,0,SPEAKER_01,3
real,0.0,long_00043_2961-5683-4970,s3,coarse_to_fine,3,1,11.775392419282335,,,0,SPEAKER_02,3
real,0.0,long_00043_2961-5683-4970,s3,coarse_to_fine,3,2,-3.93734979367916,,,0,SPEAKER_02,3
real,400.0,long_00043_2961-5683-4970,s1,no_recursion,3,1,37.91785258331457,,,0,SPEAKER_00,3
real,400.0,long_00043_2961-5683-4970,s1,no_recursion,3,2,1.6273612710466112,,,0,SPEAKER_00,3
real,400.0,long_00043_2961-5683-4970,s2,no_recursion,3,1,10.854946603125837,,,0,SPEAKER_01,3
real,400.0,long_00043_2961-5683-4970,s2,no_recursion,3,2,-3.4528661046414304,,,0,SPEAKER_01,3
real,400.0,long_00043_2961-5683-4970,s3,no_recursion,3,1,11.775392419282335,,,0,SPEAKER_02,3
real,400.0,long_00043_2961-5683-4970,s3,no_recursion,3,2,-2.9833769765726954,,,0,SPEAKER_02,3
real,400.0,long_00043_2961-5683-4970,s1,ungated_deflation,3,1,37.91785258331457,0,0,0,SPEAKER_00,3
real,400.0,long_00043_2961-5683-4970,s1,ungated_deflation,3,2,1.6273612710466112,0,0,0,SPEAKER_00,3
real,400.0,long_00043_2961-5683-4970,s2,ungated_deflation,3,1,10.854911239502576,2,2,0,SPEAKER_01,3
real,400.0,long_00043_2961-5683-4970,s2,ungated_deflation,3,2,-3.352311024717105,2,2,0,SPEAKER_01,3
real,400.0,long_00043_2961-5683-4970,s3,ungated_deflation,3,1,11.775392419282335,1,1,0,SPEAKER_02,3
real,400.0,long_00043_2961-5683-4970,s3,ungated_deflation,3,2,-0.5365269092785951,1,1,0,SPEAKER_02,3
real,400.0,long_00043_2961-5683-4970,s1,gated_deflation,3,1,37.91785258331457,0,0,0,SPEAKER_00,3
real,400.0,long_00043_2961-5683-4970,s1,gated_deflation,3,2,1.6273612710466112,0,0,0,SPEAKER_00,3
real,400.0,long_00043_2961-5683-4970,s2,gated_deflation,3,1,10.854911239502576,2,2,0,SPEAKER_01,3
real,400.0,long_00043_2961-5683-4970,s2,gated_deflation,3,2,-3.352311024717105,2,2,0,SPEAKER_01,3
real,400.0,long_00043_2961-5683-4970,s3,gated_deflation,3,1,11.775392419282335,1,1,0,SPEAKER_02,3
real,400.0,long_00043_2961-5683-4970,s3,gated_deflation,3,2,-0.5365269092785951,1,1,0,SPEAKER_02,3
real,400.0,long_00043_2961-5683-4970,s1,coarse_to_fine,3,1,37.91785258331457,,,0,SPEAKER_00,3
real,400.0,long_00043_2961-5683-4970,s1,coarse_to_fine,3,2,1.6273612710466112,,,0,SPEAKER_00,3
real,400.0,long_00043_2961-5683-4970,s2,coarse_to_fine,3,1,10.854946603125837,,,0,SPEAKER_01,3
real,400.0,long_00043_2961-5683-4970,s2,coarse_to_fine,3,2,-3.4528661046414304,,,0,SPEAKER_01,3
real,400.0,long_00043_2961-5683-4970,s3,coarse_to_fine,3,1,11.775392419282335,,,0,SPEAKER_02,3
real,400.0,long_00043_2961-5683-4970,s3,coarse_to_fine,3,2,-2.9833769765726954,,,0,SPEAKER_02,3
oracle,0.0,long_00044_6930-7021-4446,s1,no_recursion,3,1,54.22754446453255,,,0,s1,3
oracle,0.0,long_00044_6930-7021-4446,s1,no_recursion,3,2,2.640409831615595,,,0,s1,3
oracle,0.0,long_00044_6930-7021-4446,s2,no_recursion,3,1,42.29450018737513,,,0,s2,3
oracle,0.0,long_00044_6930-7021-4446,s2,no_recursion,3,2,5.338963523778558,,,0,s2,3
oracle,0.0,long_00044_6930-7021-4446,s3,no_recursion,3,1,83.28746650351887,,,0,s3,3
oracle,0.0,long_00044_6930-7021-4446,s3,no_recursion,3,2,1.4276471182364898,,,0,s3,3
oracle,0.0,long_00044_6930-7021-4446,s1,ungated_deflation,3,1,54.22754446453255,0,0,0,s1,3
oracle,0.0,long_00044_6930-7021-4446,s1,ungated_deflation,3,2,2.640409831615595,0,0,0,s1,3
oracle,0.0,long_00044_6930-7021-4446,s2,ungated_deflation,3,1,40.63385118914174,1,1,0,s2,3
oracle,0.0,long_00044_6930-7021-4446,s2,ungated_deflation,3,2,4.999345339237467,1,1,0,s2,3
oracle,0.0,long_00044_6930-7021-4446,s3,ungated_deflation,3,1,81.41720374026549,2,2,0,s3,3
oracle,0.0,long_00044_6930-7021-4446,s3,ungated_deflation,3,2,-5.1992393410289175,2,2,0,s3,3
oracle,0.0,long_00044_6930-7021-4446,s1,gated_deflation,3,1,54.22754446453255,0,0,0,s1,3
oracle,0.0,long_00044_6930-7021-4446,s1,gated_deflation,3,2,2.640409831615595,0,0,0,s1,3
oracle,0.0,long_00044_6930-7021-4446,s2,gated_deflation,3,1,40.63385118914174,1,1,0,s2,3
oracle,0.0,long_00044_6930-7021-4446,s2,gated_deflation,3,2,4.999345339237467,1,1,0,s2,3
oracle,0.0,long_00044_6930-7021-4446,s3,gated_deflation,3,1,81.41720374026549,2,2,0,s3,3
oracle,0.0,long_00044_6930-7021-4446,s3,gated_deflation,3,2,-5.1992393410289175,2,2,0,s3,3
oracle,0.0,long_00044_6930-7021-4446,s1,coarse_to_fine,3,1,54.22754446453255,,,0,s1,3
oracle,0.0,long_00044_6930-7021-4446,s1,coarse_to_fine,3,2,2.640409831615595,,,0,s1,3
oracle,0.0,long_00044_6930-7021-4446,s2,coarse_to_fine,3,1,42.29450018737513,,,0,s2,3
oracle,0.0,long_00044_6930-7021-4446,s2,coarse_to_fine,3,2,5.338963523778558,,,0,s2,3
oracle,0.0,long_00044_6930-7021-4446,s3,coarse_to_fine,3,1,83.28746650351887,,,0,s3,3
oracle,0.0,long_00044_6930-7021-4446,s3,coarse_to_fine,3,2,1.4276471182364898,,,0,s3,3
oracle,400.0,long_00044_6930-7021-4446,s1,no_recursion,3,1,7.059065084463134,,,0,s1,3
oracle,400.0,long_00044_6930-7021-4446,s1,no_recursion,3,2,2.686406086631095,,,0,s1,3
oracle,400.0,long_00044_6930-7021-4446,s2,no_recursion,3,1,2.422954259726173,,,0,s2,3
oracle,400.0,long_00044_6930-7021-4446,s2,no_recursion,3,2,5.605742407058582,,,0,s2,3
oracle,400.0,long_00044_6930-7021-4446,s3,no_recursion,3,1,40.202964350485416,,,0,s3,3
oracle,400.0,long_00044_6930-7021-4446,s3,no_recursion,3,2,1.4260950741757452,,,0,s3,3
oracle,400.0,long_00044_6930-7021-4446,s1,ungated_deflation,3,1,7.059065084463134,0,0,0,s1,3
oracle,400.0,long_00044_6930-7021-4446,s1,ungated_deflation,3,2,2.686406086631095,0,0,0,s1,3
oracle,400.0,long_00044_6930-7021-4446,s2,ungated_deflation,3,1,0.14534024337473456,1,1,0,s2,3
oracle,400.0,long_00044_6930-7021-4446,s2,ungated_deflation,3,2,5.296131163013948,1,1,0,s2,3
oracle,400.0,long_00044_6930-7021-4446,s3,ungated_deflation,3,1,40.553248543854785,2,2,0,s3,3
oracle,400.0,long_00044_6930-7021-4446,s3,ungated_deflation,3,2,-5.125549927028112,2,2,0,s3,3
oracle,400.0,long_00044_6930-7021-4446,s1,gated_deflation,3,1,7.059065084463134,0,0,0,s1,3
oracle,400.0,long_00044_6930-7021-4446,s1,gated_deflation,3,2,2.686406086631095,0,0,0,s1,3
oracle,400.0,long_00044_6930-7021-4446,s2,gated_deflation,3,1,0.14534024337473456,1,1,0,s2,3
oracle,400.0,long_00044_6930-7021-4446,s2,gated_deflation,3,2,5.296131163013948,1,1,0,s2,3
oracle,400.0,long_00044_6930-7021-4446,s3,gated_deflation,3,1,40.553248543854785,2,2,0,s3,3
oracle,400.0,long_00044_6930-7021-4446,s3,gated_deflation,3,2,-5.125549927028112,2,2,0,s3,3
oracle,400.0,long_00044_6930-7021-4446,s1,coarse_to_fine,3,1,7.059065084463134,,,0,s1,3
oracle,400.0,long_00044_6930-7021-4446,s1,coarse_to_fine,3,2,2.686406086631095,,,0,s1,3
oracle,400.0,long_00044_6930-7021-4446,s2,coarse_to_fine,3,1,2.422954259726173,,,0,s2,3
oracle,400.0,long_00044_6930-7021-4446,s2,coarse_to_fine,3,2,5.605742407058582,,,0,s2,3
oracle,400.0,long_00044_6930-7021-4446,s3,coarse_to_fine,3,1,40.202964350485416,,,0,s3,3
oracle,400.0,long_00044_6930-7021-4446,s3,coarse_to_fine,3,2,1.4260950741757452,,,0,s3,3
real,0.0,long_00044_6930-7021-4446,s1,no_recursion,3,1,40.64566783976559,,,0,SPEAKER_01,3
real,0.0,long_00044_6930-7021-4446,s1,no_recursion,3,2,-0.8155098510956664,,,0,SPEAKER_01,3
real,0.0,long_00044_6930-7021-4446,s2,no_recursion,3,1,58.05721942099409,,,0,SPEAKER_02,3
real,0.0,long_00044_6930-7021-4446,s2,no_recursion,3,2,-2.472836623380274,,,0,SPEAKER_02,3
real,0.0,long_00044_6930-7021-4446,s3,no_recursion,3,1,48.64409872398595,,,0,SPEAKER_00,3
real,0.0,long_00044_6930-7021-4446,s3,no_recursion,3,2,-1.882107938379733,,,0,SPEAKER_00,3
real,0.0,long_00044_6930-7021-4446,s1,ungated_deflation,3,1,40.64566783976559,1,1,0,SPEAKER_01,3
real,0.0,long_00044_6930-7021-4446,s1,ungated_deflation,3,2,-2.947121070483108,1,1,0,SPEAKER_01,3
real,0.0,long_00044_6930-7021-4446,s2,ungated_deflation,3,1,58.05721942099409,0,0,0,SPEAKER_02,3
real,0.0,long_00044_6930-7021-4446,s2,ungated_deflation,3,2,-2.472836623380274,0,0,0,SPEAKER_02,3
real,0.0,long_00044_6930-7021-4446,s3,ungated_deflation,3,1,48.64409872398595,2,2,0,SPEAKER_00,3
real,0.0,long_00044_6930-7021-4446,s3,ungated_deflation,3,2,-9.281682415466042,2,2,0,SPEAKER_00,3
real,0.0,long_00044_6930-7021-4446,s1,gated_deflation,3,1,40.64566783976559,1,1,0,SPEAKER_01,3
real,0.0,long_00044_6930-7021-4446,s1,gated_deflation,3,2,-2.947121070483108,1,1,0,SPEAKER_01,3
real,0.0,long_00044_6930-7021-4446,s2,gated_deflation,3,1,58.05721942099409,0,0,0,SPEAKER_02,3
real,0.0,long_00044_6930-7021-4446,s2,gated_deflation,3,2,-2.472836623380274,0,0,0,SPEAKER_02,3
real,0.0,long_00044_6930-7021-4446,s3,gated_deflation,3,1,48.64409872398595,2,2,0,SPEAKER_00,3
real,0.0,long_00044_6930-7021-4446,s3,gated_deflation,3,2,-9.281682415466042,2,2,0,SPEAKER_00,3
real,0.0,long_00044_6930-7021-4446,s1,coarse_to_fine,3,1,40.64566783976559,,,0,SPEAKER_01,3
real,0.0,long_00044_6930-7021-4446,s1,coarse_to_fine,3,2,-0.8155098510956664,,,0,SPEAKER_01,3
real,0.0,long_00044_6930-7021-4446,s2,coarse_to_fine,3,1,58.05721942099409,,,0,SPEAKER_02,3
real,0.0,long_00044_6930-7021-4446,s2,coarse_to_fine,3,2,-2.472836623380274,,,0,SPEAKER_02,3
real,0.0,long_00044_6930-7021-4446,s3,coarse_to_fine,3,1,48.64409872398595,,,0,SPEAKER_00,3
real,0.0,long_00044_6930-7021-4446,s3,coarse_to_fine,3,2,-1.882107938379733,,,0,SPEAKER_00,3
real,400.0,long_00044_6930-7021-4446,s1,no_recursion,3,1,15.207060512463123,,,0,SPEAKER_01,3
real,400.0,long_00044_6930-7021-4446,s1,no_recursion,3,2,1.1281137935982188,,,0,SPEAKER_01,3
real,400.0,long_00044_6930-7021-4446,s2,no_recursion,3,1,57.3845078455044,,,0,SPEAKER_02,3
real,400.0,long_00044_6930-7021-4446,s2,no_recursion,3,2,2.0978183553304093,,,0,SPEAKER_02,3
real,400.0,long_00044_6930-7021-4446,s3,no_recursion,3,1,48.64409872398595,,,0,SPEAKER_00,3
real,400.0,long_00044_6930-7021-4446,s3,no_recursion,3,2,1.7515999687695891,,,0,SPEAKER_00,3
real,400.0,long_00044_6930-7021-4446,s1,ungated_deflation,3,1,15.207060512463123,0,0,0,SPEAKER_01,3
real,400.0,long_00044_6930-7021-4446,s1,ungated_deflation,3,2,1.1281137935982188,0,0,0,SPEAKER_01,3
real,400.0,long_00044_6930-7021-4446,s2,ungated_deflation,3,1,57.32089046678888,2,2,0,SPEAKER_02,3
real,400.0,long_00044_6930-7021-4446,s2,ungated_deflation,3,2,1.9877560552699136,2,2,0,SPEAKER_02,3
real,400.0,long_00044_6930-7021-4446,s3,ungated_deflation,3,1,48.64409872398595,1,1,0,SPEAKER_00,3
real,400.0,long_00044_6930-7021-4446,s3,ungated_deflation,3,2,-1.9444850868604506,1,1,0,SPEAKER_00,3
real,400.0,long_00044_6930-7021-4446,s1,gated_deflation,3,1,15.207060512463123,0,0,0,SPEAKER_01,3
real,400.0,long_00044_6930-7021-4446,s1,gated_deflation,3,2,1.1281137935982188,0,0,0,SPEAKER_01,3
real,400.0,long_00044_6930-7021-4446,s2,gated_deflation,3,1,57.32089046678888,2,2,0,SPEAKER_02,3
real,400.0,long_00044_6930-7021-4446,s2,gated_deflation,3,2,1.9877560552699136,2,2,0,SPEAKER_02,3
real,400.0,long_00044_6930-7021-4446,s3,gated_deflation,3,1,48.64409872398595,1,1,0,SPEAKER_00,3
real,400.0,long_00044_6930-7021-4446,s3,gated_deflation,3,2,-1.9444850868604506,1,1,0,SPEAKER_00,3
real,400.0,long_00044_6930-7021-4446,s1,coarse_to_fine,3,1,15.207060512463123,,,0,SPEAKER_01,3
real,400.0,long_00044_6930-7021-4446,s1,coarse_to_fine,3,2,1.1281137935982188,,,0,SPEAKER_01,3
real,400.0,long_00044_6930-7021-4446,s2,coarse_to_fine,3,1,57.3845078455044,,,0,SPEAKER_02,3
real,400.0,long_00044_6930-7021-4446,s2,coarse_to_fine,3,2,2.0978183553304093,,,0,SPEAKER_02,3
real,400.0,long_00044_6930-7021-4446,s3,coarse_to_fine,3,1,48.64409872398595,,,0,SPEAKER_00,3
real,400.0,long_00044_6930-7021-4446,s3,coarse_to_fine,3,2,1.7515999687695891,,,0,SPEAKER_00,3
oracle,0.0,long_00045_672-8224-4077,s1,no_recursion,3,1,51.07269172335737,,,0,s1,3
oracle,0.0,long_00045_672-8224-4077,s1,no_recursion,3,2,-4.95520284167703,,,0,s1,3
oracle,0.0,long_00045_672-8224-4077,s2,no_recursion,3,1,40.00578043903636,,,0,s2,3
oracle,0.0,long_00045_672-8224-4077,s2,no_recursion,3,2,4.054860413019597,,,0,s2,3
oracle,0.0,long_00045_672-8224-4077,s3,no_recursion,3,1,70.51237465040883,,,0,s3,3
oracle,0.0,long_00045_672-8224-4077,s3,no_recursion,3,2,0.5392220913362288,,,0,s3,3
oracle,0.0,long_00045_672-8224-4077,s1,ungated_deflation,3,1,51.07269172335737,0,0,0,s1,3
oracle,0.0,long_00045_672-8224-4077,s1,ungated_deflation,3,2,-4.95520284167703,0,0,0,s1,3
oracle,0.0,long_00045_672-8224-4077,s2,ungated_deflation,3,1,34.993776999006826,1,1,0,s2,3
oracle,0.0,long_00045_672-8224-4077,s2,ungated_deflation,3,2,3.5490518978347962,1,1,0,s2,3
oracle,0.0,long_00045_672-8224-4077,s3,ungated_deflation,3,1,67.14062230655415,2,2,0,s3,3
oracle,0.0,long_00045_672-8224-4077,s3,ungated_deflation,3,2,0.5152108684257202,2,2,0,s3,3
oracle,0.0,long_00045_672-8224-4077,s1,gated_deflation,3,1,51.07269172335737,0,0,0,s1,3
oracle,0.0,long_00045_672-8224-4077,s1,gated_deflation,3,2,-4.95520284167703,0,0,0,s1,3
oracle,0.0,long_00045_672-8224-4077,s2,gated_deflation,3,1,34.993776999006826,1,1,0,s2,3
oracle,0.0,long_00045_672-8224-4077,s2,gated_deflation,3,2,3.5490518978347962,1,1,0,s2,3
oracle,0.0,long_00045_672-8224-4077,s3,gated_deflation,3,1,67.14062230655415,2,2,0,s3,3
oracle,0.0,long_00045_672-8224-4077,s3,gated_deflation,3,2,0.5152108684257202,2,2,0,s3,3
oracle,0.0,long_00045_672-8224-4077,s1,coarse_to_fine,3,1,51.07269172335737,,,0,s1,3
oracle,0.0,long_00045_672-8224-4077,s1,coarse_to_fine,3,2,-4.95520284167703,,,0,s1,3
oracle,0.0,long_00045_672-8224-4077,s2,coarse_to_fine,3,1,40.00578043903636,,,0,s2,3
oracle,0.0,long_00045_672-8224-4077,s2,coarse_to_fine,3,2,4.054860413019597,,,0,s2,3
oracle,0.0,long_00045_672-8224-4077,s3,coarse_to_fine,3,1,70.51237465040883,,,0,s3,3
oracle,0.0,long_00045_672-8224-4077,s3,coarse_to_fine,3,2,0.5392220913362288,,,0,s3,3
oracle,400.0,long_00045_672-8224-4077,s1,no_recursion,3,1,10.431018888113051,,,0,s1,3
oracle,400.0,long_00045_672-8224-4077,s1,no_recursion,3,2,-4.934550286512521,,,0,s1,3
oracle,400.0,long_00045_672-8224-4077,s2,no_recursion,3,1,-2.642493817531417,,,0,s2,3
oracle,400.0,long_00045_672-8224-4077,s2,no_recursion,3,2,3.9684211654245245,,,0,s2,3
oracle,400.0,long_00045_672-8224-4077,s3,no_recursion,3,1,26.27256943686902,,,0,s3,3
oracle,400.0,long_00045_672-8224-4077,s3,no_recursion,3,2,0.4894898371509373,,,0,s3,3
oracle,400.0,long_00045_672-8224-4077,s1,ungated_deflation,3,1,10.431018888113051,0,0,0,s1,3
oracle,400.0,long_00045_672-8224-4077,s1,ungated_deflation,3,2,-4.934550286512521,0,0,0,s1,3
oracle,400.0,long_00045_672-8224-4077,s2,ungated_deflation,3,1,-1.4611899367785732,1,1,0,s2,3
oracle,400.0,long_00045_672-8224-4077,s2,ungated_deflation,3,2,3.7159165489215567,1,1,0,s2,3
oracle,400.0,long_00045_672-8224-4077,s3,ungated_deflation,3,1,23.60453195959299,2,2,0,s3,3
oracle,400.0,long_00045_672-8224-4077,s3,ungated_deflation,3,2,0.5660486391485846,2,2,0,s3,3
oracle,400.0,long_00045_672-8224-4077,s1,gated_deflation,3,1,10.431018888113051,0,0,0,s1,3
oracle,400.0,long_00045_672-8224-4077,s1,gated_deflation,3,2,-4.934550286512521,0,0,0,s1,3
oracle,400.0,long_00045_672-8224-4077,s2,gated_deflation,3,1,-1.4611899367785732,1,1,0,s2,3
oracle,400.0,long_00045_672-8224-4077,s2,gated_deflation,3,2,3.7159165489215567,1,1,0,s2,3
oracle,400.0,long_00045_672-8224-4077,s3,gated_deflation,3,1,23.60453195959299,2,2,0,s3,3
oracle,400.0,long_00045_672-8224-4077,s3,gated_deflation,3,2,0.5660486391485846,2,2,0,s3,3
oracle,400.0,long_00045_672-8224-4077,s1,coarse_to_fine,3,1,10.431018888113051,,,0,s1,3
oracle,400.0,long_00045_672-8224-4077,s1,coarse_to_fine,3,2,-4.934550286512521,,,0,s1,3
oracle,400.0,long_00045_672-8224-4077,s2,coarse_to_fine,3,1,-2.642493817531417,,,0,s2,3
oracle,400.0,long_00045_672-8224-4077,s2,coarse_to_fine,3,2,3.9684211654245245,,,0,s2,3
oracle,400.0,long_00045_672-8224-4077,s3,coarse_to_fine,3,1,26.27256943686902,,,0,s3,3
oracle,400.0,long_00045_672-8224-4077,s3,coarse_to_fine,3,2,0.4894898371509373,,,0,s3,3
real,0.0,long_00045_672-8224-4077,s3,no_recursion,3,1,8.772542494201316,,,0,SPEAKER_02,3
real,0.0,long_00045_672-8224-4077,s3,no_recursion,3,2,-0.7607951760888231,,,0,SPEAKER_02,3
real,0.0,long_00045_672-8224-4077,s1,no_recursion,3,1,3.637471057849271,,,0,SPEAKER_00,3
real,0.0,long_00045_672-8224-4077,s1,no_recursion,3,2,-5.699224900809872,,,0,SPEAKER_00,3
real,0.0,long_00045_672-8224-4077,s2,no_recursion,3,1,42.096983882260915,,,0,SPEAKER_01,3
real,0.0,long_00045_672-8224-4077,s2,no_recursion,3,2,-4.401759863557257,,,0,SPEAKER_01,3
real,0.0,long_00045_672-8224-4077,s3,ungated_deflation,3,1,8.772542494201316,0,0,0,SPEAKER_02,3
real,0.0,long_00045_672-8224-4077,s3,ungated_deflation,3,2,-0.7607951760888231,0,0,0,SPEAKER_02,3
real,0.0,long_00045_672-8224-4077,s1,ungated_deflation,3,1,3.637471057849271,2,2,0,SPEAKER_00,3
real,0.0,long_00045_672-8224-4077,s1,ungated_deflation,3,2,-8.428013294063017,2,2,0,SPEAKER_00,3
real,0.0,long_00045_672-8224-4077,s2,ungated_deflation,3,1,42.096983882260915,1,1,0,SPEAKER_01,3
real,0.0,long_00045_672-8224-4077,s2,ungated_deflation,3,2,-5.275807218585794,1,1,0,SPEAKER_01,3
real,0.0,long_00045_672-8224-4077,s3,gated_deflation,3,1,8.772542494201316,0,0,0,SPEAKER_02,3
real,0.0,long_00045_672-8224-4077,s3,gated_deflation,3,2,-0.7607951760888231,0,0,0,SPEAKER_02,3
real,0.0,long_00045_672-8224-4077,s1,gated_deflation,3,1,3.637471057849271,2,2,0,SPEAKER_00,3
real,0.0,long_00045_672-8224-4077,s1,gated_deflation,3,2,-8.428013294063017,2,2,0,SPEAKER_00,3
real,0.0,long_00045_672-8224-4077,s2,gated_deflation,3,1,42.096983882260915,1,1,0,SPEAKER_01,3
real,0.0,long_00045_672-8224-4077,s2,gated_deflation,3,2,-5.275807218585794,1,1,0,SPEAKER_01,3
real,0.0,long_00045_672-8224-4077,s3,coarse_to_fine,3,1,8.772542494201316,,,0,SPEAKER_02,3
real,0.0,long_00045_672-8224-4077,s3,coarse_to_fine,3,2,-0.7607951760888231,,,0,SPEAKER_02,3
real,0.0,long_00045_672-8224-4077,s1,coarse_to_fine,3,1,3.637471057849271,,,0,SPEAKER_00,3
real,0.0,long_00045_672-8224-4077,s1,coarse_to_fine,3,2,-5.699224900809872,,,0,SPEAKER_00,3
real,0.0,long_00045_672-8224-4077,s2,coarse_to_fine,3,1,42.096983882260915,,,0,SPEAKER_01,3
real,0.0,long_00045_672-8224-4077,s2,coarse_to_fine,3,2,-4.401759863557257,,,0,SPEAKER_01,3
real,400.0,long_00045_672-8224-4077,s3,no_recursion,3,1,8.772542494201316,,,0,SPEAKER_02,3
real,400.0,long_00045_672-8224-4077,s3,no_recursion,3,2,-0.622454849661254,,,0,SPEAKER_02,3
real,400.0,long_00045_672-8224-4077,s1,no_recursion,3,1,3.637471057849271,,,0,SPEAKER_00,3
real,400.0,long_00045_672-8224-4077,s1,no_recursion,3,2,-5.322673770762974,,,0,SPEAKER_00,3
real,400.0,long_00045_672-8224-4077,s2,no_recursion,3,1,35.65484524205373,,,0,SPEAKER_01,3
real,400.0,long_00045_672-8224-4077,s2,no_recursion,3,2,-2.74073973252991,,,0,SPEAKER_01,3
real,400.0,long_00045_672-8224-4077,s3,ungated_deflation,3,1,8.772542494201316,0,0,0,SPEAKER_02,3
real,400.0,long_00045_672-8224-4077,s3,ungated_deflation,3,2,-0.622454849661254,0,0,0,SPEAKER_02,3
real,400.0,long_00045_672-8224-4077,s1,ungated_deflation,3,1,3.637471057849271,2,2,0,SPEAKER_00,3
real,400.0,long_00045_672-8224-4077,s1,ungated_deflation,3,2,-8.17508654745658,2,2,0,SPEAKER_00,3
real,400.0,long_00045_672-8224-4077,s2,ungated_deflation,3,1,35.16635889804222,1,1,0,SPEAKER_01,3
real,400.0,long_00045_672-8224-4077,s2,ungated_deflation,3,2,-3.525756446357323,1,1,0,SPEAKER_01,3
real,400.0,long_00045_672-8224-4077,s3,gated_deflation,3,1,8.772542494201316,0,0,0,SPEAKER_02,3
real,400.0,long_00045_672-8224-4077,s3,gated_deflation,3,2,-0.622454849661254,0,0,0,SPEAKER_02,3
real,400.0,long_00045_672-8224-4077,s1,gated_deflation,3,1,3.637471057849271,2,2,0,SPEAKER_00,3
real,400.0,long_00045_672-8224-4077,s1,gated_deflation,3,2,-8.17508654745658,2,2,0,SPEAKER_00,3
real,400.0,long_00045_672-8224-4077,s2,gated_deflation,3,1,35.16635889804222,1,1,0,SPEAKER_01,3
real,400.0,long_00045_672-8224-4077,s2,gated_deflation,3,2,-3.525756446357323,1,1,0,SPEAKER_01,3
real,400.0,long_00045_672-8224-4077,s3,coarse_to_fine,3,1,8.772542494201316,,,0,SPEAKER_02,3
real,400.0,long_00045_672-8224-4077,s3,coarse_to_fine,3,2,-0.622454849661254,,,0,SPEAKER_02,3
real,400.0,long_00045_672-8224-4077,s1,coarse_to_fine,3,1,3.637471057849271,,,0,SPEAKER_00,3
real,400.0,long_00045_672-8224-4077,s1,coarse_to_fine,3,2,-5.322673770762974,,,0,SPEAKER_00,3
real,400.0,long_00045_672-8224-4077,s2,coarse_to_fine,3,1,35.65484524205373,,,0,SPEAKER_01,3
real,400.0,long_00045_672-8224-4077,s2,coarse_to_fine,3,2,-2.74073973252991,,,0,SPEAKER_01,3
oracle,0.0,long_00046_5142-3575-908,s1,no_recursion,3,1,55.10414578053934,,,0,s1,3
oracle,0.0,long_00046_5142-3575-908,s1,no_recursion,3,2,2.096746006263688,,,0,s1,3
oracle,0.0,long_00046_5142-3575-908,s2,no_recursion,3,1,40.44543628200594,,,0,s2,3
oracle,0.0,long_00046_5142-3575-908,s2,no_recursion,3,2,1.9159930612961893,,,0,s2,3
oracle,0.0,long_00046_5142-3575-908,s3,no_recursion,3,1,49.37674959788077,,,0,s3,3
oracle,0.0,long_00046_5142-3575-908,s3,no_recursion,3,2,3.4126115599291005,,,0,s3,3
oracle,0.0,long_00046_5142-3575-908,s1,ungated_deflation,3,1,55.10414578053934,0,0,0,s1,3
oracle,0.0,long_00046_5142-3575-908,s1,ungated_deflation,3,2,2.096746006263688,0,0,0,s1,3
oracle,0.0,long_00046_5142-3575-908,s2,ungated_deflation,3,1,39.06601025133292,1,1,0,s2,3
oracle,0.0,long_00046_5142-3575-908,s2,ungated_deflation,3,2,1.1317215865582189,1,1,0,s2,3
oracle,0.0,long_00046_5142-3575-908,s3,ungated_deflation,3,1,43.59324926465205,2,2,0,s3,3
oracle,0.0,long_00046_5142-3575-908,s3,ungated_deflation,3,2,2.690688909065625,2,2,0,s3,3
oracle,0.0,long_00046_5142-3575-908,s1,gated_deflation,3,1,55.10414578053934,0,0,0,s1,3
oracle,0.0,long_00046_5142-3575-908,s1,gated_deflation,3,2,2.096746006263688,0,0,0,s1,3
oracle,0.0,long_00046_5142-3575-908,s2,gated_deflation,3,1,39.06601025133292,1,1,0,s2,3
oracle,0.0,long_00046_5142-3575-908,s2,gated_deflation,3,2,1.1317215865582189,1,1,0,s2,3
oracle,0.0,long_00046_5142-3575-908,s3,gated_deflation,3,1,43.59324926465205,2,2,0,s3,3
oracle,0.0,long_00046_5142-3575-908,s3,gated_deflation,3,2,2.690688909065625,2,2,0,s3,3
oracle,0.0,long_00046_5142-3575-908,s1,coarse_to_fine,3,1,55.10414578053934,,,0,s1,3
oracle,0.0,long_00046_5142-3575-908,s1,coarse_to_fine,3,2,2.096746006263688,,,0,s1,3
oracle,0.0,long_00046_5142-3575-908,s2,coarse_to_fine,3,1,40.44543628200594,,,0,s2,3
oracle,0.0,long_00046_5142-3575-908,s2,coarse_to_fine,3,2,1.9159930612961893,,,0,s2,3
oracle,0.0,long_00046_5142-3575-908,s3,coarse_to_fine,3,1,49.37674959788077,,,0,s3,3
oracle,0.0,long_00046_5142-3575-908,s3,coarse_to_fine,3,2,3.4126115599291005,,,0,s3,3
oracle,400.0,long_00046_5142-3575-908,s1,no_recursion,3,1,3.9042457089042943,,,0,s1,3
oracle,400.0,long_00046_5142-3575-908,s1,no_recursion,3,2,2.10143928532852,,,0,s1,3
oracle,400.0,long_00046_5142-3575-908,s2,no_recursion,3,1,5.5822718932208275,,,0,s2,3
oracle,400.0,long_00046_5142-3575-908,s2,no_recursion,3,2,1.8953646590558735,,,0,s2,3
oracle,400.0,long_00046_5142-3575-908,s3,no_recursion,3,1,7.591491223133041,,,0,s3,3
oracle,400.0,long_00046_5142-3575-908,s3,no_recursion,3,2,3.330328950582313,,,0,s3,3
oracle,400.0,long_00046_5142-3575-908,s1,ungated_deflation,3,1,3.9042457089042943,0,0,0,s1,3
oracle,400.0,long_00046_5142-3575-908,s1,ungated_deflation,3,2,2.10143928532852,0,0,0,s1,3
oracle,400.0,long_00046_5142-3575-908,s2,ungated_deflation,3,1,0.3846009674211645,1,1,0,s2,3
oracle,400.0,long_00046_5142-3575-908,s2,ungated_deflation,3,2,1.047840535543835,1,1,0,s2,3
oracle,400.0,long_00046_5142-3575-908,s3,ungated_deflation,3,1,2.2829728441114976,2,2,0,s3,3
oracle,400.0,long_00046_5142-3575-908,s3,ungated_deflation,3,2,2.746279033902832,2,2,0,s3,3
oracle,400.0,long_00046_5142-3575-908,s1,gated_deflation,3,1,3.9042457089042943,0,0,0,s1,3
oracle,400.0,long_00046_5142-3575-908,s1,gated_deflation,3,2,2.10143928532852,0,0,0,s1,3
oracle,400.0,long_00046_5142-3575-908,s2,gated_deflation,3,1,0.3846009674211645,1,1,0,s2,3
oracle,400.0,long_00046_5142-3575-908,s2,gated_deflation,3,2,1.047840535543835,1,1,0,s2,3
oracle,400.0,long_00046_5142-3575-908,s3,gated_deflation,3,1,2.2829728441114976,2,2,0,s3,3
oracle,400.0,long_00046_5142-3575-908,s3,gated_deflation,3,2,2.746279033902832,2,2,0,s3,3
oracle,400.0,long_00046_5142-3575-908,s1,coarse_to_fine,3,1,3.9042457089042943,,,0,s1,3
oracle,400.0,long_00046_5142-3575-908,s1,coarse_to_fine,3,2,2.10143928532852,,,0,s1,3
oracle,400.0,long_00046_5142-3575-908,s2,coarse_to_fine,3,1,5.5822718932208275,,,0,s2,3
oracle,400.0,long_00046_5142-3575-908,s2,coarse_to_fine,3,2,1.8953646590558735,,,0,s2,3
oracle,400.0,long_00046_5142-3575-908,s3,coarse_to_fine,3,1,7.591491223133041,,,0,s3,3
oracle,400.0,long_00046_5142-3575-908,s3,coarse_to_fine,3,2,3.330328950582313,,,0,s3,3
real,0.0,long_00046_5142-3575-908,s1,no_recursion,3,1,7.522238133471636,,,0,SPEAKER_01,3
real,0.0,long_00046_5142-3575-908,s1,no_recursion,3,2,-1.216506490680043,,,0,SPEAKER_01,3
real,0.0,long_00046_5142-3575-908,s3,no_recursion,3,1,11.877584853043894,,,0,SPEAKER_00,3
real,0.0,long_00046_5142-3575-908,s3,no_recursion,3,2,-4.602542566587725,,,0,SPEAKER_00,3
real,0.0,long_00046_5142-3575-908,s2,no_recursion,3,1,19.621483621846536,,,0,SPEAKER_02,3
real,0.0,long_00046_5142-3575-908,s2,no_recursion,3,2,0.6089164657188796,,,0,SPEAKER_02,3
real,0.0,long_00046_5142-3575-908,s1,ungated_deflation,3,1,7.522238133471636,2,2,0,SPEAKER_01,3
real,0.0,long_00046_5142-3575-908,s1,ungated_deflation,3,2,-0.6985294526357315,2,2,0,SPEAKER_01,3
real,0.0,long_00046_5142-3575-908,s3,ungated_deflation,3,1,11.877584853043894,0,0,0,SPEAKER_00,3
real,0.0,long_00046_5142-3575-908,s3,ungated_deflation,3,2,-4.602542566587725,0,0,0,SPEAKER_00,3
real,0.0,long_00046_5142-3575-908,s2,ungated_deflation,3,1,19.621483621846536,1,1,0,SPEAKER_02,3
real,0.0,long_00046_5142-3575-908,s2,ungated_deflation,3,2,0.5674703810595244,1,1,0,SPEAKER_02,3
real,0.0,long_00046_5142-3575-908,s1,gated_deflation,3,1,7.522238133471636,2,2,0,SPEAKER_01,3
real,0.0,long_00046_5142-3575-908,s1,gated_deflation,3,2,-0.6985294526357315,2,2,0,SPEAKER_01,3
real,0.0,long_00046_5142-3575-908,s3,gated_deflation,3,1,11.877584853043894,0,0,0,SPEAKER_00,3
real,0.0,long_00046_5142-3575-908,s3,gated_deflation,3,2,-4.602542566587725,0,0,0,SPEAKER_00,3
real,0.0,long_00046_5142-3575-908,s2,gated_deflation,3,1,19.621483621846536,1,1,0,SPEAKER_02,3
real,0.0,long_00046_5142-3575-908,s2,gated_deflation,3,2,0.5674703810595244,1,1,0,SPEAKER_02,3
real,0.0,long_00046_5142-3575-908,s1,coarse_to_fine,3,1,7.522238133471636,,,0,SPEAKER_01,3
real,0.0,long_00046_5142-3575-908,s1,coarse_to_fine,3,2,-1.216506490680043,,,0,SPEAKER_01,3
real,0.0,long_00046_5142-3575-908,s3,coarse_to_fine,3,1,11.877584853043894,,,0,SPEAKER_00,3
real,0.0,long_00046_5142-3575-908,s3,coarse_to_fine,3,2,-4.602542566587725,,,0,SPEAKER_00,3
real,0.0,long_00046_5142-3575-908,s2,coarse_to_fine,3,1,19.621483621846536,,,0,SPEAKER_02,3
real,0.0,long_00046_5142-3575-908,s2,coarse_to_fine,3,2,0.6089164657188796,,,0,SPEAKER_02,3
real,400.0,long_00046_5142-3575-908,s1,no_recursion,3,1,7.005130866744217,,,0,SPEAKER_01,3
real,400.0,long_00046_5142-3575-908,s1,no_recursion,3,2,1.3997472953877346,,,0,SPEAKER_01,3
real,400.0,long_00046_5142-3575-908,s3,no_recursion,3,1,11.877584853043894,,,0,SPEAKER_00,3
real,400.0,long_00046_5142-3575-908,s3,no_recursion,3,2,1.7018930119731186,,,0,SPEAKER_00,3
real,400.0,long_00046_5142-3575-908,s2,no_recursion,3,1,4.665099118747886,,,0,SPEAKER_02,3
real,400.0,long_00046_5142-3575-908,s2,no_recursion,3,2,4.22716015685853,,,0,SPEAKER_02,3
real,400.0,long_00046_5142-3575-908,s1,ungated_deflation,3,1,6.989004885483544,2,2,0,SPEAKER_01,3
real,400.0,long_00046_5142-3575-908,s1,ungated_deflation,3,2,0.7035372797849738,2,2,0,SPEAKER_01,3
real,400.0,long_00046_5142-3575-908,s3,ungated_deflation,3,1,11.877584853043894,0,0,0,SPEAKER_00,3
real,400.0,long_00046_5142-3575-908,s3,ungated_deflation,3,2,1.7018930119731186,0,0,0,SPEAKER_00,3
real,400.0,long_00046_5142-3575-908,s2,ungated_deflation,3,1,3.410287267101642,1,1,0,SPEAKER_02,3
real,400.0,long_00046_5142-3575-908,s2,ungated_deflation,3,2,3.8336620682436657,1,1,0,SPEAKER_02,3
real,400.0,long_00046_5142-3575-908,s1,gated_deflation,3,1,6.989004885483544,2,2,0,SPEAKER_01,3
real,400.0,long_00046_5142-3575-908,s1,gated_deflation,3,2,0.7035372797849738,2,2,0,SPEAKER_01,3
real,400.0,long_00046_5142-3575-908,s3,gated_deflation,3,1,11.877584853043894,0,0,0,SPEAKER_00,3
real,400.0,long_00046_5142-3575-908,s3,gated_deflation,3,2,1.7018930119731186,0,0,0,SPEAKER_00,3
real,400.0,long_00046_5142-3575-908,s2,gated_deflation,3,1,3.410287267101642,1,1,0,SPEAKER_02,3
real,400.0,long_00046_5142-3575-908,s2,gated_deflation,3,2,3.8336620682436657,1,1,0,SPEAKER_02,3
real,400.0,long_00046_5142-3575-908,s1,coarse_to_fine,3,1,7.005130866744217,,,0,SPEAKER_01,3
real,400.0,long_00046_5142-3575-908,s1,coarse_to_fine,3,2,1.3997472953877346,,,0,SPEAKER_01,3
real,400.0,long_00046_5142-3575-908,s3,coarse_to_fine,3,1,11.877584853043894,,,0,SPEAKER_00,3
real,400.0,long_00046_5142-3575-908,s3,coarse_to_fine,3,2,1.7018930119731186,,,0,SPEAKER_00,3
real,400.0,long_00046_5142-3575-908,s2,coarse_to_fine,3,1,4.665099118747886,,,0,SPEAKER_02,3
real,400.0,long_00046_5142-3575-908,s2,coarse_to_fine,3,2,4.22716015685853,,,0,SPEAKER_02,3
oracle,0.0,long_00047_4970-1320-1221,s1,no_recursion,3,1,67.07435827419873,,,0,s1,3
oracle,0.0,long_00047_4970-1320-1221,s1,no_recursion,3,2,3.8495794225436235,,,0,s1,3
oracle,0.0,long_00047_4970-1320-1221,s2,no_recursion,3,1,52.17102556477202,,,0,s2,3
oracle,0.0,long_00047_4970-1320-1221,s2,no_recursion,3,2,10.072080184923077,,,0,s2,3
oracle,0.0,long_00047_4970-1320-1221,s3,no_recursion,3,1,63.79994394779899,,,0,s3,3
oracle,0.0,long_00047_4970-1320-1221,s3,no_recursion,3,2,1.9116527776531806,,,0,s3,3
oracle,0.0,long_00047_4970-1320-1221,s1,ungated_deflation,3,1,67.07435827419873,0,0,0,s1,3
oracle,0.0,long_00047_4970-1320-1221,s1,ungated_deflation,3,2,3.8495794225436235,0,0,0,s1,3
oracle,0.0,long_00047_4970-1320-1221,s2,ungated_deflation,3,1,52.53095108486895,1,1,0,s2,3
oracle,0.0,long_00047_4970-1320-1221,s2,ungated_deflation,3,2,0.8867913057145662,1,1,0,s2,3
oracle,0.0,long_00047_4970-1320-1221,s3,ungated_deflation,3,1,62.64837056836904,2,2,0,s3,3
oracle,0.0,long_00047_4970-1320-1221,s3,ungated_deflation,3,2,-1.3118162286181465,2,2,0,s3,3
oracle,0.0,long_00047_4970-1320-1221,s1,gated_deflation,3,1,67.07435827419873,0,0,0,s1,3
oracle,0.0,long_00047_4970-1320-1221,s1,gated_deflation,3,2,3.8495794225436235,0,0,0,s1,3
oracle,0.0,long_00047_4970-1320-1221,s2,gated_deflation,3,1,52.53095108486895,1,1,0,s2,3
oracle,0.0,long_00047_4970-1320-1221,s2,gated_deflation,3,2,0.8867913057145662,1,1,0,s2,3
oracle,0.0,long_00047_4970-1320-1221,s3,gated_deflation,3,1,62.64837056836904,2,2,0,s3,3
oracle,0.0,long_00047_4970-1320-1221,s3,gated_deflation,3,2,-1.3118162286181465,2,2,0,s3,3
oracle,0.0,long_00047_4970-1320-1221,s1,coarse_to_fine,3,1,67.07435827419873,,,0,s1,3
oracle,0.0,long_00047_4970-1320-1221,s1,coarse_to_fine,3,2,3.8495794225436235,,,0,s1,3
oracle,0.0,long_00047_4970-1320-1221,s2,coarse_to_fine,3,1,52.17102556477202,,,0,s2,3
oracle,0.0,long_00047_4970-1320-1221,s2,coarse_to_fine,3,2,10.072080184923077,,,0,s2,3
oracle,0.0,long_00047_4970-1320-1221,s3,coarse_to_fine,3,1,63.79994394779899,,,0,s3,3
oracle,0.0,long_00047_4970-1320-1221,s3,coarse_to_fine,3,2,1.9116527776531806,,,0,s3,3
oracle,400.0,long_00047_4970-1320-1221,s1,no_recursion,3,1,-0.09836219509926791,,,0,s1,3
oracle,400.0,long_00047_4970-1320-1221,s1,no_recursion,3,2,4.146978730448812,,,0,s1,3
oracle,400.0,long_00047_4970-1320-1221,s2,no_recursion,3,1,-32.83738188842232,,,0,s2,3
oracle,400.0,long_00047_4970-1320-1221,s2,no_recursion,3,2,9.8650984637503,,,0,s2,3
oracle,400.0,long_00047_4970-1320-1221,s3,no_recursion,3,1,5.595572520562992,,,0,s3,3
oracle,400.0,long_00047_4970-1320-1221,s3,no_recursion,3,2,1.9210356350913713,,,0,s3,3
oracle,400.0,long_00047_4970-1320-1221,s1,ungated_deflation,3,1,-0.09836219509926791,0,0,0,s1,3
oracle,400.0,long_00047_4970-1320-1221,s1,ungated_deflation,3,2,4.146978730448812,0,0,0,s1,3
oracle,400.0,long_00047_4970-1320-1221,s2,ungated_deflation,3,1,-37.57020905339502,1,1,0,s2,3
oracle,400.0,long_00047_4970-1320-1221,s2,ungated_deflation,3,2,-0.08421487636301933,1,1,0,s2,3
oracle,400.0,long_00047_4970-1320-1221,s3,ungated_deflation,3,1,6.920011355907897,2,2,0,s3,3
oracle,400.0,long_00047_4970-1320-1221,s3,ungated_deflation,3,2,-1.4079974932097385,2,2,0,s3,3
oracle,400.0,long_00047_4970-1320-1221,s1,gated_deflation,3,1,-0.09836219509926791,0,0,0,s1,3
oracle,400.0,long_00047_4970-1320-1221,s1,gated_deflation,3,2,4.146978730448812,0,0,0,s1,3
oracle,400.0,long_00047_4970-1320-1221,s2,gated_deflation,3,1,-37.57020905339502,1,1,0,s2,3
oracle,400.0,long_00047_4970-1320-1221,s2,gated_deflation,3,2,-0.08421487636301933,1,1,0,s2,3
oracle,400.0,long_00047_4970-1320-1221,s3,gated_deflation,3,1,6.920011355907897,2,2,0,s3,3
oracle,400.0,long_00047_4970-1320-1221,s3,gated_deflation,3,2,-1.4079974932097385,2,2,0,s3,3
oracle,400.0,long_00047_4970-1320-1221,s1,coarse_to_fine,3,1,-0.09836219509926791,,,0,s1,3
oracle,400.0,long_00047_4970-1320-1221,s1,coarse_to_fine,3,2,4.146978730448812,,,0,s1,3
oracle,400.0,long_00047_4970-1320-1221,s2,coarse_to_fine,3,1,-32.83738188842232,,,0,s2,3
oracle,400.0,long_00047_4970-1320-1221,s2,coarse_to_fine,3,2,9.8650984637503,,,0,s2,3
oracle,400.0,long_00047_4970-1320-1221,s3,coarse_to_fine,3,1,5.595572520562992,,,0,s3,3
oracle,400.0,long_00047_4970-1320-1221,s3,coarse_to_fine,3,2,1.9210356350913713,,,0,s3,3
real,0.0,long_00047_4970-1320-1221,s1,no_recursion,3,1,46.90455849189149,,,0,SPEAKER_00,3
real,0.0,long_00047_4970-1320-1221,s1,no_recursion,3,2,-2.5772545389394033,,,0,SPEAKER_00,3
real,0.0,long_00047_4970-1320-1221,s2,no_recursion,3,1,36.73432089113863,,,0,SPEAKER_02,3
real,0.0,long_00047_4970-1320-1221,s2,no_recursion,3,2,-2.0600842954419725,,,0,SPEAKER_02,3
real,0.0,long_00047_4970-1320-1221,s3,no_recursion,3,1,28.645429775898034,,,0,SPEAKER_01,3
real,0.0,long_00047_4970-1320-1221,s3,no_recursion,3,2,-0.35065882558769157,,,0,SPEAKER_01,3
real,0.0,long_00047_4970-1320-1221,s1,ungated_deflation,3,1,46.90455849189149,1,1,0,SPEAKER_00,3
real,0.0,long_00047_4970-1320-1221,s1,ungated_deflation,3,2,-0.14389871660401424,1,1,0,SPEAKER_00,3
real,0.0,long_00047_4970-1320-1221,s2,ungated_deflation,3,1,36.73432089113863,2,2,0,SPEAKER_02,3
real,0.0,long_00047_4970-1320-1221,s2,ungated_deflation,3,2,-4.527775277042451,2,2,0,SPEAKER_02,3
real,0.0,long_00047_4970-1320-1221,s3,ungated_deflation,3,1,28.645429775898034,0,0,0,SPEAKER_01,3
real,0.0,long_00047_4970-1320-1221,s3,ungated_deflation,3,2,-0.35065882558769157,0,0,0,SPEAKER_01,3
real,0.0,long_00047_4970-1320-1221,s1,gated_deflation,3,1,46.90455849189149,1,1,0,SPEAKER_00,3
real,0.0,long_00047_4970-1320-1221,s1,gated_deflation,3,2,-0.14389871660401424,1,1,0,SPEAKER_00,3
real,0.0,long_00047_4970-1320-1221,s2,gated_deflation,3,1,36.73432089113863,2,2,0,SPEAKER_02,3
real,0.0,long_00047_4970-1320-1221,s2,gated_deflation,3,2,-4.527775277042451,2,2,0,SPEAKER_02,3
real,0.0,long_00047_4970-1320-1221,s3,gated_deflation,3,1,28.645429775898034,0,0,0,SPEAKER_01,3
real,0.0,long_00047_4970-1320-1221,s3,gated_deflation,3,2,-0.35065882558769157,0,0,0,SPEAKER_01,3
real,0.0,long_00047_4970-1320-1221,s1,coarse_to_fine,3,1,46.90455849189149,,,0,SPEAKER_00,3
real,0.0,long_00047_4970-1320-1221,s1,coarse_to_fine,3,2,-2.5772545389394033,,,0,SPEAKER_00,3
real,0.0,long_00047_4970-1320-1221,s2,coarse_to_fine,3,1,36.73432089113863,,,0,SPEAKER_02,3
real,0.0,long_00047_4970-1320-1221,s2,coarse_to_fine,3,2,-2.0600842954419725,,,0,SPEAKER_02,3
real,0.0,long_00047_4970-1320-1221,s3,coarse_to_fine,3,1,28.645429775898034,,,0,SPEAKER_01,3
real,0.0,long_00047_4970-1320-1221,s3,coarse_to_fine,3,2,-0.35065882558769157,,,0,SPEAKER_01,3
real,400.0,long_00047_4970-1320-1221,s1,no_recursion,3,1,3.927673319121769,,,0,SPEAKER_00,3
real,400.0,long_00047_4970-1320-1221,s1,no_recursion,3,2,1.721952586300446,,,0,SPEAKER_00,3
real,400.0,long_00047_4970-1320-1221,s2,no_recursion,3,1,8.360533608987938,,,0,SPEAKER_02,3
real,400.0,long_00047_4970-1320-1221,s2,no_recursion,3,2,5.3063997965406005,,,0,SPEAKER_02,3
real,400.0,long_00047_4970-1320-1221,s3,no_recursion,3,1,25.897520554330313,,,0,SPEAKER_01,3
real,400.0,long_00047_4970-1320-1221,s3,no_recursion,3,2,1.5745543662302737,,,0,SPEAKER_01,3
real,400.0,long_00047_4970-1320-1221,s1,ungated_deflation,3,1,3.158842413512831,1,1,0,SPEAKER_00,3
real,400.0,long_00047_4970-1320-1221,s1,ungated_deflation,3,2,3.746385645037211,1,1,0,SPEAKER_00,3
real,400.0,long_00047_4970-1320-1221,s2,ungated_deflation,3,1,11.048558736953913,2,2,0,SPEAKER_02,3
real,400.0,long_00047_4970-1320-1221,s2,ungated_deflation,3,2,0.178937747447648,2,2,0,SPEAKER_02,3
real,400.0,long_00047_4970-1320-1221,s3,ungated_deflation,3,1,25.897520554330313,0,0,0,SPEAKER_01,3
real,400.0,long_00047_4970-1320-1221,s3,ungated_deflation,3,2,1.5745543662302737,0,0,0,SPEAKER_01,3
real,400.0,long_00047_4970-1320-1221,s1,gated_deflation,3,1,3.158842413512831,1,1,0,SPEAKER_00,3
real,400.0,long_00047_4970-1320-1221,s1,gated_deflation,3,2,3.746385645037211,1,1,0,SPEAKER_00,3
real,400.0,long_00047_4970-1320-1221,s2,gated_deflation,3,1,11.048558736953913,2,2,0,SPEAKER_02,3
real,400.0,long_00047_4970-1320-1221,s2,gated_deflation,3,2,0.178937747447648,2,2,0,SPEAKER_02,3
real,400.0,long_00047_4970-1320-1221,s3,gated_deflation,3,1,25.897520554330313,0,0,0,SPEAKER_01,3
real,400.0,long_00047_4970-1320-1221,s3,gated_deflation,3,2,1.5745543662302737,0,0,0,SPEAKER_01,3
real,400.0,long_00047_4970-1320-1221,s1,coarse_to_fine,3,1,3.927673319121769,,,0,SPEAKER_00,3
real,400.0,long_00047_4970-1320-1221,s1,coarse_to_fine,3,2,1.721952586300446,,,0,SPEAKER_00,3
real,400.0,long_00047_4970-1320-1221,s2,coarse_to_fine,3,1,8.360533608987938,,,0,SPEAKER_02,3
real,400.0,long_00047_4970-1320-1221,s2,coarse_to_fine,3,2,5.3063997965406005,,,0,SPEAKER_02,3
real,400.0,long_00047_4970-1320-1221,s3,coarse_to_fine,3,1,25.897520554330313,,,0,SPEAKER_01,3
real,400.0,long_00047_4970-1320-1221,s3,coarse_to_fine,3,2,1.5745543662302737,,,0,SPEAKER_01,3
oracle,0.0,long_00048_3570-8455-1284,s1,no_recursion,3,1,73.07729961283624,,,0,s1,3
oracle,0.0,long_00048_3570-8455-1284,s1,no_recursion,3,2,3.2975687177324264,,,0,s1,3
oracle,0.0,long_00048_3570-8455-1284,s2,no_recursion,3,1,54.150907750948996,,,0,s2,3
oracle,0.0,long_00048_3570-8455-1284,s2,no_recursion,3,2,4.371053462868806,,,0,s2,3
oracle,0.0,long_00048_3570-8455-1284,s3,no_recursion,3,1,44.679365791051175,,,0,s3,3
oracle,0.0,long_00048_3570-8455-1284,s3,no_recursion,3,2,1.5858656431098137,,,0,s3,3
oracle,0.0,long_00048_3570-8455-1284,s1,ungated_deflation,3,1,73.07729961283624,0,0,0,s1,3
oracle,0.0,long_00048_3570-8455-1284,s1,ungated_deflation,3,2,3.2975687177324264,0,0,0,s1,3
oracle,0.0,long_00048_3570-8455-1284,s2,ungated_deflation,3,1,48.81024948670231,1,1,0,s2,3
oracle,0.0,long_00048_3570-8455-1284,s2,ungated_deflation,3,2,0.6488569988007596,1,1,0,s2,3
oracle,0.0,long_00048_3570-8455-1284,s3,ungated_deflation,3,1,42.02932015417482,2,2,0,s3,3
oracle,0.0,long_00048_3570-8455-1284,s3,ungated_deflation,3,2,-1.738536481680459,2,2,0,s3,3
oracle,0.0,long_00048_3570-8455-1284,s1,gated_deflation,3,1,73.07729961283624,0,0,0,s1,3
oracle,0.0,long_00048_3570-8455-1284,s1,gated_deflation,3,2,3.2975687177324264,0,0,0,s1,3
oracle,0.0,long_00048_3570-8455-1284,s2,gated_deflation,3,1,48.81024948670231,1,1,0,s2,3
oracle,0.0,long_00048_3570-8455-1284,s2,gated_deflation,3,2,0.6488569988007596,1,1,0,s2,3
oracle,0.0,long_00048_3570-8455-1284,s3,gated_deflation,3,1,42.02932015417482,2,2,0,s3,3
oracle,0.0,long_00048_3570-8455-1284,s3,gated_deflation,3,2,-1.738536481680459,2,2,0,s3,3
oracle,0.0,long_00048_3570-8455-1284,s1,coarse_to_fine,3,1,73.07729961283624,,,0,s1,3
oracle,0.0,long_00048_3570-8455-1284,s1,coarse_to_fine,3,2,3.2975687177324264,,,0,s1,3
oracle,0.0,long_00048_3570-8455-1284,s2,coarse_to_fine,3,1,54.150907750948996,,,0,s2,3
oracle,0.0,long_00048_3570-8455-1284,s2,coarse_to_fine,3,2,4.371053462868806,,,0,s2,3
oracle,0.0,long_00048_3570-8455-1284,s3,coarse_to_fine,3,1,44.679365791051175,,,0,s3,3
oracle,0.0,long_00048_3570-8455-1284,s3,coarse_to_fine,3,2,1.5858656431098137,,,0,s3,3
oracle,400.0,long_00048_3570-8455-1284,s1,no_recursion,3,1,6.184260184429293,,,0,s1,3
oracle,400.0,long_00048_3570-8455-1284,s1,no_recursion,3,2,3.323061158693319,,,0,s1,3
oracle,400.0,long_00048_3570-8455-1284,s2,no_recursion,3,1,9.854819790292616,,,0,s2,3
oracle,400.0,long_00048_3570-8455-1284,s2,no_recursion,3,2,4.41421040708104,,,0,s2,3
oracle,400.0,long_00048_3570-8455-1284,s3,no_recursion,3,1,9.951233628037263,,,0,s3,3
oracle,400.0,long_00048_3570-8455-1284,s3,no_recursion,3,2,1.581733206068824,,,0,s3,3
oracle,400.0,long_00048_3570-8455-1284,s1,ungated_deflation,3,1,6.184260184429293,0,0,0,s1,3
oracle,400.0,long_00048_3570-8455-1284,s1,ungated_deflation,3,2,3.323061158693319,0,0,0,s1,3
oracle,400.0,long_00048_3570-8455-1284,s2,ungated_deflation,3,1,10.54203925695105,1,1,0,s2,3
oracle,400.0,long_00048_3570-8455-1284,s2,ungated_deflation,3,2,0.7086291736264896,1,1,0,s2,3
oracle,400.0,long_00048_3570-8455-1284,s3,ungated_deflation,3,1,9.570189086424097,2,2,0,s3,3
oracle,400.0,long_00048_3570-8455-1284,s3,ungated_deflation,3,2,-1.724034523482684,2,2,0,s3,3
oracle,400.0,long_00048_3570-8455-1284,s1,gated_deflation,3,1,6.184260184429293,0,0,0,s1,3
oracle,400.0,long_00048_3570-8455-1284,s1,gated_deflation,3,2,3.323061158693319,0,0,0,s1,3
oracle,400.0,long_00048_3570-8455-1284,s2,gated_deflation,3,1,10.54203925695105,1,1,0,s2,3
oracle,400.0,long_00048_3570-8455-1284,s2,gated_deflation,3,2,0.7086291736264896,1,1,0,s2,3
oracle,400.0,long_00048_3570-8455-1284,s3,gated_deflation,3,1,9.570189086424097,2,2,0,s3,3
oracle,400.0,long_00048_3570-8455-1284,s3,gated_deflation,3,2,-1.724034523482684,2,2,0,s3,3
oracle,400.0,long_00048_3570-8455-1284,s1,coarse_to_fine,3,1,6.184260184429293,,,0,s1,3
oracle,400.0,long_00048_3570-8455-1284,s1,coarse_to_fine,3,2,3.323061158693319,,,0,s1,3
oracle,400.0,long_00048_3570-8455-1284,s2,coarse_to_fine,3,1,9.854819790292616,,,0,s2,3
oracle,400.0,long_00048_3570-8455-1284,s2,coarse_to_fine,3,2,4.41421040708104,,,0,s2,3
oracle,400.0,long_00048_3570-8455-1284,s3,coarse_to_fine,3,1,9.951233628037263,,,0,s3,3
oracle,400.0,long_00048_3570-8455-1284,s3,coarse_to_fine,3,2,1.581733206068824,,,0,s3,3
real,0.0,long_00048_3570-8455-1284,s1,no_recursion,3,1,8.382676196336442,,,0,SPEAKER_01,3
real,0.0,long_00048_3570-8455-1284,s1,no_recursion,3,2,-0.3875082499958109,,,0,SPEAKER_01,3
real,0.0,long_00048_3570-8455-1284,s2,no_recursion,3,1,37.457431120338484,,,0,SPEAKER_00,3
real,0.0,long_00048_3570-8455-1284,s2,no_recursion,3,2,3.597044028848149,,,0,SPEAKER_00,3
real,0.0,long_00048_3570-8455-1284,s3,no_recursion,3,1,7.78441375585706,,,0,SPEAKER_02,3
real,0.0,long_00048_3570-8455-1284,s3,no_recursion,3,2,-1.1212286231468864,,,0,SPEAKER_02,3
real,0.0,long_00048_3570-8455-1284,s1,ungated_deflation,3,1,8.382676196336442,2,2,0,SPEAKER_01,3
real,0.0,long_00048_3570-8455-1284,s1,ungated_deflation,3,2,-2.833335932427847,2,2,0,SPEAKER_01,3
real,0.0,long_00048_3570-8455-1284,s2,ungated_deflation,3,1,37.457431120338484,0,0,0,SPEAKER_00,3
real,0.0,long_00048_3570-8455-1284,s2,ungated_deflation,3,2,3.597044028848149,0,0,0,SPEAKER_00,3
real,0.0,long_00048_3570-8455-1284,s3,ungated_deflation,3,1,7.78441375585706,1,1,0,SPEAKER_02,3
real,0.0,long_00048_3570-8455-1284,s3,ungated_deflation,3,2,-2.8092153815243415,1,1,0,SPEAKER_02,3
real,0.0,long_00048_3570-8455-1284,s1,gated_deflation,3,1,8.382676196336442,2,1,0,SPEAKER_01,3
real,0.0,long_00048_3570-8455-1284,s1,gated_deflation,3,2,-2.627931158553278,2,1,0,SPEAKER_01,3
real,0.0,long_00048_3570-8455-1284,s2,gated_deflation,3,1,37.457431120338484,0,0,0,SPEAKER_00,3
real,0.0,long_00048_3570-8455-1284,s2,gated_deflation,3,2,3.597044028848149,0,0,0,SPEAKER_00,3
real,0.0,long_00048_3570-8455-1284,s3,gated_deflation,3,1,7.78441375585706,1,1,0,SPEAKER_02,3
real,0.0,long_00048_3570-8455-1284,s3,gated_deflation,3,2,-2.8092153815243415,1,1,0,SPEAKER_02,3
real,0.0,long_00048_3570-8455-1284,s1,coarse_to_fine,3,1,8.382676196336442,,,0,SPEAKER_01,3
real,0.0,long_00048_3570-8455-1284,s1,coarse_to_fine,3,2,-0.3875082499958109,,,0,SPEAKER_01,3
real,0.0,long_00048_3570-8455-1284,s2,coarse_to_fine,3,1,37.457431120338484,,,0,SPEAKER_00,3
real,0.0,long_00048_3570-8455-1284,s2,coarse_to_fine,3,2,3.597044028848149,,,0,SPEAKER_00,3
real,0.0,long_00048_3570-8455-1284,s3,coarse_to_fine,3,1,7.78441375585706,,,0,SPEAKER_02,3
real,0.0,long_00048_3570-8455-1284,s3,coarse_to_fine,3,2,-1.1212286231468864,,,0,SPEAKER_02,3
real,400.0,long_00048_3570-8455-1284,s1,no_recursion,3,1,6.75765015982703,,,0,SPEAKER_01,3
real,400.0,long_00048_3570-8455-1284,s1,no_recursion,3,2,3.313304356820146,,,0,SPEAKER_01,3
real,400.0,long_00048_3570-8455-1284,s2,no_recursion,3,1,15.136039133501205,,,0,SPEAKER_00,3
real,400.0,long_00048_3570-8455-1284,s2,no_recursion,3,2,4.04915749829108,,,0,SPEAKER_00,3
real,400.0,long_00048_3570-8455-1284,s3,no_recursion,3,1,7.78441375585706,,,0,SPEAKER_02,3
real,400.0,long_00048_3570-8455-1284,s3,no_recursion,3,2,0.3564766455469017,,,0,SPEAKER_02,3
real,400.0,long_00048_3570-8455-1284,s1,ungated_deflation,3,1,7.277674216785792,2,2,0,SPEAKER_01,3
real,400.0,long_00048_3570-8455-1284,s1,ungated_deflation,3,2,0.03858749380192305,2,2,0,SPEAKER_01,3
real,400.0,long_00048_3570-8455-1284,s2,ungated_deflation,3,1,15.136039133501205,0,0,0,SPEAKER_00,3
real,400.0,long_00048_3570-8455-1284,s2,ungated_deflation,3,2,4.04915749829108,0,0,0,SPEAKER_00,3
real,400.0,long_00048_3570-8455-1284,s3,ungated_deflation,3,1,7.78441375585706,1,1,0,SPEAKER_02,3
real,400.0,long_00048_3570-8455-1284,s3,ungated_deflation,3,2,-1.9770273924562591,1,1,0,SPEAKER_02,3
real,400.0,long_00048_3570-8455-1284,s1,gated_deflation,3,1,7.0999790086844525,2,1,0,SPEAKER_01,3
real,400.0,long_00048_3570-8455-1284,s1,gated_deflation,3,2,1.2328366872664245,2,1,0,SPEAKER_01,3
real,400.0,long_00048_3570-8455-1284,s2,gated_deflation,3,1,15.136039133501205,0,0,0,SPEAKER_00,3
real,400.0,long_00048_3570-8455-1284,s2,gated_deflation,3,2,4.04915749829108,0,0,0,SPEAKER_00,3
real,400.0,long_00048_3570-8455-1284,s3,gated_deflation,3,1,7.78441375585706,1,1,0,SPEAKER_02,3
real,400.0,long_00048_3570-8455-1284,s3,gated_deflation,3,2,-1.9770273924562591,1,1,0,SPEAKER_02,3
real,400.0,long_00048_3570-8455-1284,s1,coarse_to_fine,3,1,6.75765015982703,,,0,SPEAKER_01,3
real,400.0,long_00048_3570-8455-1284,s1,coarse_to_fine,3,2,3.313304356820146,,,0,SPEAKER_01,3
real,400.0,long_00048_3570-8455-1284,s2,coarse_to_fine,3,1,15.136039133501205,,,0,SPEAKER_00,3
real,400.0,long_00048_3570-8455-1284,s2,coarse_to_fine,3,2,4.04915749829108,,,0,SPEAKER_00,3
real,400.0,long_00048_3570-8455-1284,s3,coarse_to_fine,3,1,7.78441375585706,,,0,SPEAKER_02,3
real,400.0,long_00048_3570-8455-1284,s3,coarse_to_fine,3,2,0.3564766455469017,,,0,SPEAKER_02,3
oracle,0.0,long_00049_6829-3575-7021,s1,no_recursion,3,1,55.73023419247633,,,0,s1,3
oracle,0.0,long_00049_6829-3575-7021,s1,no_recursion,3,2,-0.8138182367918712,,,0,s1,3
oracle,0.0,long_00049_6829-3575-7021,s2,no_recursion,3,1,55.85914983336156,,,0,s2,3
oracle,0.0,long_00049_6829-3575-7021,s2,no_recursion,3,2,-0.11737239922904075,,,0,s2,3
oracle,0.0,long_00049_6829-3575-7021,s3,no_recursion,3,1,51.547587049016485,,,0,s3,3
oracle,0.0,long_00049_6829-3575-7021,s3,no_recursion,3,2,4.111548222551593,,,0,s3,3
oracle,0.0,long_00049_6829-3575-7021,s1,ungated_deflation,3,1,55.73023419247633,0,0,0,s1,3
oracle,0.0,long_00049_6829-3575-7021,s1,ungated_deflation,3,2,-0.8138182367918712,0,0,0,s1,3
oracle,0.0,long_00049_6829-3575-7021,s2,ungated_deflation,3,1,55.69987681273218,1,1,0,s2,3
oracle,0.0,long_00049_6829-3575-7021,s2,ungated_deflation,3,2,-0.5405172433008688,1,1,0,s2,3
oracle,0.0,long_00049_6829-3575-7021,s3,ungated_deflation,3,1,47.880569413437506,2,2,0,s3,3
oracle,0.0,long_00049_6829-3575-7021,s3,ungated_deflation,3,2,3.468011547525154,2,2,0,s3,3
oracle,0.0,long_00049_6829-3575-7021,s1,gated_deflation,3,1,55.73023419247633,0,0,0,s1,3
oracle,0.0,long_00049_6829-3575-7021,s1,gated_deflation,3,2,-0.8138182367918712,0,0,0,s1,3
oracle,0.0,long_00049_6829-3575-7021,s2,gated_deflation,3,1,55.69987681273218,1,1,0,s2,3
oracle,0.0,long_00049_6829-3575-7021,s2,gated_deflation,3,2,-0.5405172433008688,1,1,0,s2,3
oracle,0.0,long_00049_6829-3575-7021,s3,gated_deflation,3,1,47.880569413437506,2,2,0,s3,3
oracle,0.0,long_00049_6829-3575-7021,s3,gated_deflation,3,2,3.468011547525154,2,2,0,s3,3
oracle,0.0,long_00049_6829-3575-7021,s1,coarse_to_fine,3,1,55.73023419247633,,,0,s1,3
oracle,0.0,long_00049_6829-3575-7021,s1,coarse_to_fine,3,2,-0.8138182367918712,,,0,s1,3
oracle,0.0,long_00049_6829-3575-7021,s2,coarse_to_fine,3,1,55.85914983336156,,,0,s2,3
oracle,0.0,long_00049_6829-3575-7021,s2,coarse_to_fine,3,2,-0.11737239922904075,,,0,s2,3
oracle,0.0,long_00049_6829-3575-7021,s3,coarse_to_fine,3,1,51.547587049016485,,,0,s3,3
oracle,0.0,long_00049_6829-3575-7021,s3,coarse_to_fine,3,2,4.111548222551593,,,0,s3,3
oracle,400.0,long_00049_6829-3575-7021,s1,no_recursion,3,1,11.949087127769575,,,0,s1,3
oracle,400.0,long_00049_6829-3575-7021,s1,no_recursion,3,2,-0.8313059472229849,,,0,s1,3
oracle,400.0,long_00049_6829-3575-7021,s2,no_recursion,3,1,-5.889524470201575,,,0,s2,3
oracle,400.0,long_00049_6829-3575-7021,s2,no_recursion,3,2,-0.26687523432200916,,,0,s2,3
oracle,400.0,long_00049_6829-3575-7021,s3,no_recursion,3,1,18.263135113559834,,,0,s3,3
oracle,400.0,long_00049_6829-3575-7021,s3,no_recursion,3,2,4.171207938217125,,,0,s3,3
oracle,400.0,long_00049_6829-3575-7021,s1,ungated_deflation,3,1,11.949087127769575,0,0,0,s1,3
oracle,400.0,long_00049_6829-3575-7021,s1,ungated_deflation,3,2,-0.8313059472229849,0,0,0,s1,3
oracle,400.0,long_00049_6829-3575-7021,s2,ungated_deflation,3,1,-10.427943976210583,1,1,0,s2,3
oracle,400.0,long_00049_6829-3575-7021,s2,ungated_deflation,3,2,-0.6508805697984794,1,1,0,s2,3
oracle,400.0,long_00049_6829-3575-7021,s3,ungated_deflation,3,1,19.178984385464673,2,2,0,s3,3
oracle,400.0,long_00049_6829-3575-7021,s3,ungated_deflation,3,2,3.4788686251269176,2,2,0,s3,3
oracle,400.0,long_00049_6829-3575-7021,s1,gated_deflation,3,1,11.949087127769575,0,0,0,s1,3
oracle,400.0,long_00049_6829-3575-7021,s1,gated_deflation,3,2,-0.8313059472229849,0,0,0,s1,3
oracle,400.0,long_00049_6829-3575-7021,s2,gated_deflation,3,1,-10.427943976210583,1,1,0,s2,3
oracle,400.0,long_00049_6829-3575-7021,s2,gated_deflation,3,2,-0.6508805697984794,1,1,0,s2,3
oracle,400.0,long_00049_6829-3575-7021,s3,gated_deflation,3,1,19.178984385464673,2,2,0,s3,3
oracle,400.0,long_00049_6829-3575-7021,s3,gated_deflation,3,2,3.4788686251269176,2,2,0,s3,3
oracle,400.0,long_00049_6829-3575-7021,s1,coarse_to_fine,3,1,11.949087127769575,,,0,s1,3
oracle,400.0,long_00049_6829-3575-7021,s1,coarse_to_fine,3,2,-0.8313059472229849,,,0,s1,3
oracle,400.0,long_00049_6829-3575-7021,s2,coarse_to_fine,3,1,-5.889524470201575,,,0,s2,3
oracle,400.0,long_00049_6829-3575-7021,s2,coarse_to_fine,3,2,-0.26687523432200916,,,0,s2,3
oracle,400.0,long_00049_6829-3575-7021,s3,coarse_to_fine,3,1,18.263135113559834,,,0,s3,3
oracle,400.0,long_00049_6829-3575-7021,s3,coarse_to_fine,3,2,4.171207938217125,,,0,s3,3
real,0.0,long_00049_6829-3575-7021,s1,no_recursion,3,1,40.01921062522968,,,0,SPEAKER_01,3
real,0.0,long_00049_6829-3575-7021,s1,no_recursion,3,2,-3.5344554401897437,,,0,SPEAKER_01,3
real,0.0,long_00049_6829-3575-7021,s2,no_recursion,3,1,40.9268686041134,,,0,SPEAKER_02,3
real,0.0,long_00049_6829-3575-7021,s2,no_recursion,3,2,-0.6484450794119643,,,0,SPEAKER_02,3
real,0.0,long_00049_6829-3575-7021,s3,no_recursion,3,1,50.16854879751108,,,0,SPEAKER_00,3
real,0.0,long_00049_6829-3575-7021,s3,no_recursion,3,2,0.1129961543098741,,,0,SPEAKER_00,3
real,0.0,long_00049_6829-3575-7021,s1,ungated_deflation,3,1,40.01921062522968,0,0,0,SPEAKER_01,3
real,0.0,long_00049_6829-3575-7021,s1,ungated_deflation,3,2,-3.5344554401897437,0,0,0,SPEAKER_01,3
real,0.0,long_00049_6829-3575-7021,s2,ungated_deflation,3,1,40.9268686041134,2,2,0,SPEAKER_02,3
real,0.0,long_00049_6829-3575-7021,s2,ungated_deflation,3,2,-2.7790330822003155,2,2,0,SPEAKER_02,3
real,0.0,long_00049_6829-3575-7021,s3,ungated_deflation,3,1,50.16854879751108,1,1,0,SPEAKER_00,3
real,0.0,long_00049_6829-3575-7021,s3,ungated_deflation,3,2,-0.021913691440686806,1,1,0,SPEAKER_00,3
real,0.0,long_00049_6829-3575-7021,s1,gated_deflation,3,1,40.01921062522968,0,0,0,SPEAKER_01,3
real,0.0,long_00049_6829-3575-7021,s1,gated_deflation,3,2,-3.5344554401897437,0,0,0,SPEAKER_01,3
real,0.0,long_00049_6829-3575-7021,s2,gated_deflation,3,1,40.9268686041134,2,1,0,SPEAKER_02,3
real,0.0,long_00049_6829-3575-7021,s2,gated_deflation,3,2,-1.0049505921231916,2,1,0,SPEAKER_02,3
real,0.0,long_00049_6829-3575-7021,s3,gated_deflation,3,1,50.16854879751108,1,0,0,SPEAKER_00,3
real,0.0,long_00049_6829-3575-7021,s3,gated_deflation,3,2,0.1129961543098741,1,0,0,SPEAKER_00,3
real,0.0,long_00049_6829-3575-7021,s1,coarse_to_fine,3,1,40.01921062522968,,,0,SPEAKER_01,3
real,0.0,long_00049_6829-3575-7021,s1,coarse_to_fine,3,2,-3.5344554401897437,,,0,SPEAKER_01,3
real,0.0,long_00049_6829-3575-7021,s2,coarse_to_fine,3,1,40.9268686041134,,,0,SPEAKER_02,3
real,0.0,long_00049_6829-3575-7021,s2,coarse_to_fine,3,2,-0.6484450794119643,,,0,SPEAKER_02,3
real,0.0,long_00049_6829-3575-7021,s3,coarse_to_fine,3,1,50.16854879751108,,,0,SPEAKER_00,3
real,0.0,long_00049_6829-3575-7021,s3,coarse_to_fine,3,2,0.1129961543098741,,,0,SPEAKER_00,3
real,400.0,long_00049_6829-3575-7021,s1,no_recursion,3,1,40.01921062522968,,,0,SPEAKER_01,3
real,400.0,long_00049_6829-3575-7021,s1,no_recursion,3,2,-2.1273792771597124,,,0,SPEAKER_01,3
real,400.0,long_00049_6829-3575-7021,s2,no_recursion,3,1,17.79399253982172,,,0,SPEAKER_02,3
real,400.0,long_00049_6829-3575-7021,s2,no_recursion,3,2,-0.051400182535113234,,,0,SPEAKER_02,3
real,400.0,long_00049_6829-3575-7021,s3,no_recursion,3,1,50.16854879751108,,,0,SPEAKER_00,3
real,400.0,long_00049_6829-3575-7021,s3,no_recursion,3,2,3.6852686888930264,,,0,SPEAKER_00,3
real,400.0,long_00049_6829-3575-7021,s1,ungated_deflation,3,1,40.01921062522968,1,1,0,SPEAKER_01,3
real,400.0,long_00049_6829-3575-7021,s1,ungated_deflation,3,2,-4.675879327955708,1,1,0,SPEAKER_01,3
real,400.0,long_00049_6829-3575-7021,s2,ungated_deflation,3,1,17.79399253982172,0,0,0,SPEAKER_02,3
real,400.0,long_00049_6829-3575-7021,s2,ungated_deflation,3,2,-0.051400182535113234,0,0,0,SPEAKER_02,3
real,400.0,long_00049_6829-3575-7021,s3,ungated_deflation,3,1,50.16854879751108,2,2,0,SPEAKER_00,3
real,400.0,long_00049_6829-3575-7021,s3,ungated_deflation,3,2,2.243608544898153,2,2,0,SPEAKER_00,3
real,400.0,long_00049_6829-3575-7021,s1,gated_deflation,3,1,40.01921062522968,1,1,0,SPEAKER_01,3
real,400.0,long_00049_6829-3575-7021,s1,gated_deflation,3,2,-4.675879327955708,1,1,0,SPEAKER_01,3
real,400.0,long_00049_6829-3575-7021,s2,gated_deflation,3,1,17.79399253982172,0,0,0,SPEAKER_02,3
real,400.0,long_00049_6829-3575-7021,s2,gated_deflation,3,2,-0.051400182535113234,0,0,0,SPEAKER_02,3
real,400.0,long_00049_6829-3575-7021,s3,gated_deflation,3,1,50.16854879751108,2,2,0,SPEAKER_00,3
real,400.0,long_00049_6829-3575-7021,s3,gated_deflation,3,2,2.243608544898153,2,2,0,SPEAKER_00,3
real,400.0,long_00049_6829-3575-7021,s1,coarse_to_fine,3,1,40.01921062522968,,,0,SPEAKER_01,3
real,400.0,long_00049_6829-3575-7021,s1,coarse_to_fine,3,2,-2.1273792771597124,,,0,SPEAKER_01,3
real,400.0,long_00049_6829-3575-7021,s2,coarse_to_fine,3,1,17.79399253982172,,,0,SPEAKER_02,3
real,400.0,long_00049_6829-3575-7021,s2,coarse_to_fine,3,2,-0.051400182535113234,,,0,SPEAKER_02,3
real,400.0,long_00049_6829-3575-7021,s3,coarse_to_fine,3,1,50.16854879751108,,,0,SPEAKER_00,3
real,400.0,long_00049_6829-3575-7021,s3,coarse_to_fine,3,2,3.6852686888930264,,,0,SPEAKER_00,3
