diarization,dilate_ms,scene,speaker,system,m,si_sdr,si_sdr_pooled,level_error_db,deflation_index,n_accepted_before,refine_rounds,cluster,n_clusters
oracle,0.0,long_00000_5639-61-121,s1,no_recursion,3,-18.932007442300712,1.0720169446724197,8.87890537874053,,,0,s1,3
oracle,0.0,long_00000_5639-61-121,s2,no_recursion,3,-13.230134704373672,4.773397566479478,5.152057019570431,,,0,s2,3
oracle,0.0,long_00000_5639-61-121,s3,no_recursion,3,-17.916071627357862,2.224154405713956,6.15427660578365,,,0,s3,3
oracle,0.0,long_00000_5639-61-121,s1,ungated_deflation,3,-18.932007442300712,1.0720169446724197,8.87890537874053,0,0,0,s1,3
oracle,0.0,long_00000_5639-61-121,s2,ungated_deflation,3,-8.921323013663992,3.7780665044408406,9.977014732605253,1,1,0,s2,3
oracle,0.0,long_00000_5639-61-121,s3,ungated_deflation,3,-12.38971807269753,-2.0703192211105286,16.46245005151544,2,2,0,s3,3
oracle,0.0,long_00000_5639-61-121,s1,gated_deflation,3,-18.932007442300712,1.0720169446724197,8.87890537874053,0,0,0,s1,3
oracle,0.0,long_00000_5639-61-121,s2,gated_deflation,3,-8.921323013663992,3.7780665044408406,9.977014732605253,1,1,0,s2,3
oracle,0.0,long_00000_5639-61-121,s3,gated_deflation,3,-12.38971807269753,-2.0703192211105286,16.46245005151544,2,2,0,s3,3
oracle,0.0,long_00000_5639-61-121,s1,coarse_to_fine,3,-18.932007442300712,1.0720169446724197,8.87890537874053,,,0,s1,3
oracle,0.0,long_00000_5639-61-121,s2,coarse_to_fine,3,-13.230134704373672,4.773397566479478,5.152057019570431,,,0,s2,3
oracle,0.0,long_00000_5639-61-121,s3,coarse_to_fine,3,-17.916071627357862,2.224154405713956,6.15427660578365,,,0,s3,3
oracle,400.0,long_00000_5639-61-121,s1,no_recursion,3,-19.499898075309837,0.5627839806095963,9.092793741767654,,,0,s1,3
oracle,400.0,long_00000_5639-61-121,s2,no_recursion,3,-12.496312164639436,3.9678103594157705,5.685642528694722,,,0,s2,3
oracle,400.0,long_00000_5639-61-121,s3,no_recursion,3,-16.740463971862983,2.6908949859501097,6.556260337280735,,,0,s3,3
oracle,400.0,long_00000_5639-61-121,s1,ungated_deflation,3,-19.499898075309837,0.5627839806095963,9.092793741767654,0,0,0,s1,3
oracle,400.0,long_00000_5639-61-121,s2,ungated_deflation,3,-8.593898274841912,2.956799875295513,10.597702044434183,1,1,0,s2,3
oracle,400.0,long_00000_5639-61-121,s3,ungated_deflation,3,-12.119510828078743,-1.8645811428564936,16.644613056728524,2,2,0,s3,3
oracle,400.0,long_00000_5639-61-121,s1,gated_deflation,3,-19.499898075309837,0.5627839806095963,9.092793741767654,0,0,0,s1,3
oracle,400.0,long_00000_5639-61-121,s2,gated_deflation,3,-8.593898274841912,2.956799875295513,10.597702044434183,1,1,0,s2,3
oracle,400.0,long_00000_5639-61-121,s3,gated_deflation,3,-12.119510828078743,-1.8645811428564936,16.644613056728524,2,2,0,s3,3
oracle,400.0,long_00000_5639-61-121,s1,coarse_to_fine,3,-19.499898075309837,0.5627839806095963,9.092793741767654,,,0,s1,3
oracle,400.0,long_00000_5639-61-121,s2,coarse_to_fine,3,-12.496312164639436,3.9678103594157705,5.685642528694722,,,0,s2,3
oracle,400.0,long_00000_5639-61-121,s3,coarse_to_fine,3,-16.740463971862983,2.6908949859501097,6.556260337280735,,,0,s3,3
real,0.0,long_00000_5639-61-121,s1,no_recursion,3,-17.66569132815926,1.4082322104708007,8.450444396929512,,,0,SPEAKER_01,3
real,0.0,long_00000_5639-61-121,s2,no_recursion,3,-22.253016956320444,1.005757512990712,2.1962626844693816,,,0,SPEAKER_02,3
real,0.0,long_00000_5639-61-121,s3,no_recursion,3,-14.195785097857936,3.0066700323355784,8.08044246619374,,,0,SPEAKER_00,3
real,0.0,long_00000_5639-61-121,s1,ungated_deflation,3,-17.66569132815926,1.4082322104708007,8.450444396929512,0,0,0,SPEAKER_01,3
real,0.0,long_00000_5639-61-121,s2,ungated_deflation,3,-12.758407658037882,1.4051851527441461,6.745063481420667,1,1,0,SPEAKER_02,3
real,0.0,long_00000_5639-61-121,s3,ungated_deflation,3,-12.4241237573717,-1.7840113704751395,15.564336164170353,2,2,0,SPEAKER_00,3
real,0.0,long_00000_5639-61-121,s1,gated_deflation,3,-17.66569132815926,1.4082322104708007,8.450444396929512,0,0,0,SPEAKER_01,3
real,0.0,long_00000_5639-61-121,s2,gated_deflation,3,-12.758407658037882,1.4051851527441461,6.745063481420667,1,1,0,SPEAKER_02,3
real,0.0,long_00000_5639-61-121,s3,gated_deflation,3,-12.4241237573717,-1.7840113704751395,15.564336164170353,2,2,0,SPEAKER_00,3
real,0.0,long_00000_5639-61-121,s1,coarse_to_fine,3,-17.66569132815926,1.4082322104708007,8.450444396929512,,,0,SPEAKER_01,3
real,0.0,long_00000_5639-61-121,s2,coarse_to_fine,3,-22.253016956320444,1.005757512990712,2.1962626844693816,,,0,SPEAKER_02,3
real,0.0,long_00000_5639-61-121,s3,coarse_to_fine,3,-14.195785097857936,3.0066700323355784,8.08044246619374,,,0,SPEAKER_00,3
real,400.0,long_00000_5639-61-121,s1,no_recursion,3,-18.55680337606258,1.388204755579368,8.888044194592643,,,0,SPEAKER_01,3
real,400.0,long_00000_5639-61-121,s2,no_recursion,3,-15.995933288283517,3.4939043829594607,3.9070940583869134,,,0,SPEAKER_02,3
real,400.0,long_00000_5639-61-121,s3,no_recursion,3,-13.58774168575447,3.425586983242565,8.390441081966344,,,0,SPEAKER_00,3
real,400.0,long_00000_5639-61-121,s1,ungated_deflation,3,-18.55680337606258,1.388204755579368,8.888044194592643,0,0,0,SPEAKER_01,3
real,400.0,long_00000_5639-61-121,s2,ungated_deflation,3,-10.54939525205957,3.3273832210348777,8.012260555228737,1,1,0,SPEAKER_02,3
real,400.0,long_00000_5639-61-121,s3,ungated_deflation,3,-12.438916617969005,-1.8483809673714668,15.683207785473394,2,2,0,SPEAKER_00,3
real,400.0,long_00000_5639-61-121,s1,gated_deflation,3,-18.55680337606258,1.388204755579368,8.888044194592643,0,0,0,SPEAKER_01,3
real,400.0,long_00000_5639-61-121,s2,gated_deflation,3,-10.54939525205957,3.3273832210348777,8.012260555228737,1,1,0,SPEAKER_02,3
real,400.0,long_00000_5639-61-121,s3,gated_deflation,3,-12.438916617969005,-1.8483809673714668,15.683207785473394,2,2,0,SPEAKER_00,3
real,400.0,long_00000_5639-61-121,s1,coarse_to_fine,3,-18.55680337606258,1.388204755579368,8.888044194592643,,,0,SPEAKER_01,3
real,400.0,long_00000_5639-61-121,s2,coarse_to_fine,3,-15.995933288283517,3.4939043829594607,3.9070940583869134,,,0,SPEAKER_02,3
real,400.0,long_00000_5639-61-121,s3,coarse_to_fine,3,-13.58774168575447,3.425586983242565,8.390441081966344,,,0,SPEAKER_00,3
oracle,0.0,long_00001_3729-2300-8230,s1,no_recursion,3,-13.025236254905167,7.692965484154213,11.477379939962496,,,0,s1,3
oracle,0.0,long_00001_3729-2300-8230,s2,no_recursion,3,-3.9544617068110464,7.8471108613147456,10.860770001826614,,,0,s2,3
oracle,0.0,long_00001_3729-2300-8230,s3,no_recursion,3,-21.803081156540255,1.8853302426722176,7.981876558716419,,,0,s3,3
oracle,0.0,long_00001_3729-2300-8230,s1,ungated_deflation,3,-13.025236254905167,7.692965484154213,11.477379939962496,0,0,0,s1,3
oracle,0.0,long_00001_3729-2300-8230,s2,ungated_deflation,3,-4.125262414330359,6.903411643834064,11.188419944112248,1,1,0,s2,3
oracle,0.0,long_00001_3729-2300-8230,s3,ungated_deflation,3,-16.67787891934126,0.3582703440435264,20.676782064387325,2,2,0,s3,3
oracle,0.0,long_00001_3729-2300-8230,s1,gated_deflation,3,-13.025236254905167,7.692965484154213,11.477379939962496,0,0,0,s1,3
oracle,0.0,long_00001_3729-2300-8230,s2,gated_deflation,3,-4.125262414330359,6.903411643834064,11.188419944112248,1,1,0,s2,3
oracle,0.0,long_00001_3729-2300-8230,s3,gated_deflation,3,-16.67787891934126,0.3582703440435264,20.676782064387325,2,2,0,s3,3
oracle,0.0,long_00001_3729-2300-8230,s1,coarse_to_fine,3,-13.025236254905167,7.692965484154213,11.477379939962496,,,0,s1,3
oracle,0.0,long_00001_3729-2300-8230,s2,coarse_to_fine,3,-3.9544617068110464,7.8471108613147456,10.860770001826614,,,0,s2,3
oracle,0.0,long_00001_3729-2300-8230,s3,coarse_to_fine,3,-21.803081156540255,1.8853302426722176,7.981876558716419,,,0,s3,3
oracle,400.0,long_00001_3729-2300-8230,s1,no_recursion,3,-12.961000955530963,7.68342685097775,11.530983733178031,,,0,s1,3
oracle,400.0,long_00001_3729-2300-8230,s2,no_recursion,3,-3.8321446071466196,5.736808720959456,11.3189620608743,,,0,s2,3
oracle,400.0,long_00001_3729-2300-8230,s3,no_recursion,3,-21.736216153773867,1.7005799265036092,7.961353991305461,,,0,s3,3
oracle,400.0,long_00001_3729-2300-8230,s1,ungated_deflation,3,-12.961000955530963,7.68342685097775,11.530983733178031,0,0,0,s1,3
oracle,400.0,long_00001_3729-2300-8230,s2,ungated_deflation,3,-4.062422080184903,5.244277676648638,11.56568649170513,1,1,0,s2,3
oracle,400.0,long_00001_3729-2300-8230,s3,ungated_deflation,3,-16.6993957096784,0.29982903703605496,20.5829489218811,2,2,0,s3,3
oracle,400.0,long_00001_3729-2300-8230,s1,gated_deflation,3,-12.961000955530963,7.68342685097775,11.530983733178031,0,0,0,s1,3
oracle,400.0,long_00001_3729-2300-8230,s2,gated_deflation,3,-4.062422080184903,5.244277676648638,11.56568649170513,1,1,0,s2,3
oracle,400.0,long_00001_3729-2300-8230,s3,gated_deflation,3,-16.6993957096784,0.29982903703605496,20.5829489218811,2,2,0,s3,3
oracle,400.0,long_00001_3729-2300-8230,s1,coarse_to_fine,3,-12.961000955530963,7.68342685097775,11.530983733178031,,,0,s1,3
oracle,400.0,long_00001_3729-2300-8230,s2,coarse_to_fine,3,-3.8321446071466196,5.736808720959456,11.3189620608743,,,0,s2,3
oracle,400.0,long_00001_3729-2300-8230,s3,coarse_to_fine,3,-21.736216153773867,1.7005799265036092,7.961353991305461,,,0,s3,3
real,0.0,long_00001_3729-2300-8230,s1,no_recursion,3,-22.25733768872617,3.0662392500023614,7.962282040045501,,,0,SPEAKER_02,3
real,0.0,long_00001_3729-2300-8230,s2,no_recursion,3,-5.683793327312937,4.703359635664176,9.471295635485465,,,0,SPEAKER_00,3
real,0.0,long_00001_3729-2300-8230,s3,no_recursion,3,-27.359137037299735,-1.6915376515909897,8.66535694252665,,,0,SPEAKER_01,3
real,0.0,long_00001_3729-2300-8230,s1,ungated_deflation,3,-17.28180570303023,-0.6116740375854473,11.745470827040121,1,1,0,SPEAKER_02,3
real,0.0,long_00001_3729-2300-8230,s2,ungated_deflation,3,-5.683793327312937,4.703359635664176,9.471295635485465,0,0,0,SPEAKER_00,3
real,0.0,long_00001_3729-2300-8230,s3,ungated_deflation,3,-18.67447523488312,-2.5374124990628015,21.822743274330797,2,2,0,SPEAKER_01,3
real,0.0,long_00001_3729-2300-8230,s1,gated_deflation,3,-17.28180570303023,-0.6116740375854473,11.745470827040121,1,1,0,SPEAKER_02,3
real,0.0,long_00001_3729-2300-8230,s2,gated_deflation,3,-5.683793327312937,4.703359635664176,9.471295635485465,0,0,0,SPEAKER_00,3
real,0.0,long_00001_3729-2300-8230,s3,gated_deflation,3,-18.67447523488312,-2.5374124990628015,21.822743274330797,2,2,0,SPEAKER_01,3
real,0.0,long_00001_3729-2300-8230,s1,coarse_to_fine,3,-22.25733768872617,3.0662392500023614,7.962282040045501,,,0,SPEAKER_02,3
real,0.0,long_00001_3729-2300-8230,s2,coarse_to_fine,3,-5.683793327312937,4.703359635664176,9.471295635485465,,,0,SPEAKER_00,3
real,0.0,long_00001_3729-2300-8230,s3,coarse_to_fine,3,-27.359137037299735,-1.6915376515909897,8.66535694252665,,,0,SPEAKER_01,3
real,400.0,long_00001_3729-2300-8230,s1,no_recursion,3,-16.964098337853454,4.9710049675108685,9.601908420747053,,,0,SPEAKER_02,3
real,400.0,long_00001_3729-2300-8230,s2,no_recursion,3,-4.878848118219096,6.890115582729624,9.350396461806625,,,0,SPEAKER_00,3
real,400.0,long_00001_3729-2300-8230,s3,no_recursion,3,-21.87840030728006,2.0554166133624356,8.031527379948704,,,0,SPEAKER_01,3
real,400.0,long_00001_3729-2300-8230,s1,ungated_deflation,3,-16.87170338183042,2.6466546632344494,10.342535701715931,1,1,0,SPEAKER_02,3
real,400.0,long_00001_3729-2300-8230,s2,ungated_deflation,3,-4.505292485870366,3.3287660677231656,15.896532782841529,2,2,0,SPEAKER_00,3
real,400.0,long_00001_3729-2300-8230,s3,ungated_deflation,3,-21.87840030728006,2.0554166133624356,8.031527379948704,0,0,0,SPEAKER_01,3
real,400.0,long_00001_3729-2300-8230,s1,gated_deflation,3,-16.87170338183042,2.6466546632344494,10.342535701715931,1,1,0,SPEAKER_02,3
real,400.0,long_00001_3729-2300-8230,s2,gated_deflation,3,-4.505292485870366,3.3287660677231656,15.896532782841529,2,2,0,SPEAKER_00,3
real,400.0,long_00001_3729-2300-8230,s3,gated_deflation,3,-21.87840030728006,2.0554166133624356,8.031527379948704,0,0,0,SPEAKER_01,3
real,400.0,long_00001_3729-2300-8230,s1,coarse_to_fine,3,-16.964098337853454,4.9710049675108685,9.601908420747053,,,0,SPEAKER_02,3
real,400.0,long_00001_3729-2300-8230,s2,coarse_to_fine,3,-4.878848118219096,6.890115582729624,9.350396461806625,,,0,SPEAKER_00,3
real,400.0,long_00001_3729-2300-8230,s3,coarse_to_fine,3,-21.87840030728006,2.0554166133624356,8.031527379948704,,,0,SPEAKER_01,3
oracle,0.0,long_00002_4077-237-2300,s1,no_recursion,3,-17.993888147245688,6.0983439337307965,7.456279635138453,,,0,s1,3
oracle,0.0,long_00002_4077-237-2300,s2,no_recursion,3,-2.5320856098107365,4.46667510662777,10.752063536579646,,,0,s2,3
oracle,0.0,long_00002_4077-237-2300,s3,no_recursion,3,-9.172493467616219,11.191401020487508,11.52541891212719,,,0,s3,3
oracle,0.0,long_00002_4077-237-2300,s1,ungated_deflation,3,-17.993888147245688,6.0983439337307965,7.456279635138453,0,0,0,s1,3
oracle,0.0,long_00002_4077-237-2300,s2,ungated_deflation,3,-4.005039146735668,0.8725969686748143,15.535617178738052,1,1,0,s2,3
oracle,0.0,long_00002_4077-237-2300,s3,ungated_deflation,3,-7.374620970134394,6.251925295087137,17.521305565171176,2,2,0,s3,3
oracle,0.0,long_00002_4077-237-2300,s1,gated_deflation,3,-17.993888147245688,6.0983439337307965,7.456279635138453,0,0,0,s1,3
oracle,0.0,long_00002_4077-237-2300,s2,gated_deflation,3,-4.005039146735668,0.8725969686748143,15.535617178738052,1,1,0,s2,3
oracle,0.0,long_00002_4077-237-2300,s3,gated_deflation,3,-7.374620970134394,6.251925295087137,17.521305565171176,2,2,0,s3,3
oracle,0.0,long_00002_4077-237-2300,s1,coarse_to_fine,3,-17.993888147245688,6.0983439337307965,7.456279635138453,,,0,s1,3
oracle,0.0,long_00002_4077-237-2300,s2,coarse_to_fine,3,-2.5320856098107365,4.46667510662777,10.752063536579646,,,0,s2,3
oracle,0.0,long_00002_4077-237-2300,s3,coarse_to_fine,3,-9.172493467616219,11.191401020487508,11.52541891212719,,,0,s3,3
oracle,400.0,long_00002_4077-237-2300,s1,no_recursion,3,-17.49316614413605,5.298113025588154,7.667802646356216,,,0,s1,3
oracle,400.0,long_00002_4077-237-2300,s2,no_recursion,3,-2.017833775287982,-2.051754110465622,14.593952014569588,,,0,s2,3
oracle,400.0,long_00002_4077-237-2300,s3,no_recursion,3,-8.925577573777625,5.4439471693040575,11.974655145228667,,,0,s3,3
oracle,400.0,long_00002_4077-237-2300,s1,ungated_deflation,3,-17.49316614413605,5.298113025588154,7.667802646356216,0,0,0,s1,3
oracle,400.0,long_00002_4077-237-2300,s2,ungated_deflation,3,-3.6025144934254536,-3.3911609099199085,19.14689219222791,1,1,0,s2,3
oracle,400.0,long_00002_4077-237-2300,s3,ungated_deflation,3,-7.310954009049237,4.420365139547012,17.84572733966019,2,2,0,s3,3
oracle,400.0,long_00002_4077-237-2300,s1,gated_deflation,3,-17.49316614413605,5.298113025588154,7.667802646356216,0,0,0,s1,3
oracle,400.0,long_00002_4077-237-2300,s2,gated_deflation,3,-3.6025144934254536,-3.3911609099199085,19.14689219222791,1,1,0,s2,3
oracle,400.0,long_00002_4077-237-2300,s3,gated_deflation,3,-7.310954009049237,4.420365139547012,17.84572733966019,2,2,0,s3,3
oracle,400.0,long_00002_4077-237-2300,s1,coarse_to_fine,3,-17.49316614413605,5.298113025588154,7.667802646356216,,,0,s1,3
oracle,400.0,long_00002_4077-237-2300,s2,coarse_to_fine,3,-2.017833775287982,-2.051754110465622,14.593952014569588,,,0,s2,3
oracle,400.0,long_00002_4077-237-2300,s3,coarse_to_fine,3,-8.925577573777625,5.4439471693040575,11.974655145228667,,,0,s3,3
real,0.0,long_00002_4077-237-2300,s1,no_recursion,3,-28.34353281153893,3.619540807775296,5.4547822872269744,,,0,SPEAKER_01,3
real,0.0,long_00002_4077-237-2300,s2,no_recursion,3,-3.7882086936560295,2.683287038121021,9.68006477506051,,,0,SPEAKER_00,3
real,0.0,long_00002_4077-237-2300,s3,no_recursion,3,-18.88381122087512,2.7591209734805595,6.68447502956632,,,0,SPEAKER_02,3
real,0.0,long_00002_4077-237-2300,s1,ungated_deflation,3,-9.005693462731356,4.097451638865362,17.98653382338951,2,2,0,SPEAKER_01,3
real,0.0,long_00002_4077-237-2300,s2,ungated_deflation,3,-4.360506027461458,1.17804986679836,11.537326200659496,1,1,0,SPEAKER_00,3
real,0.0,long_00002_4077-237-2300,s3,ungated_deflation,3,-18.88381122087512,2.7591209734805595,6.68447502956632,0,0,0,SPEAKER_02,3
real,0.0,long_00002_4077-237-2300,s1,gated_deflation,3,-9.005693462731356,4.097451638865362,17.98653382338951,2,2,0,SPEAKER_01,3
real,0.0,long_00002_4077-237-2300,s2,gated_deflation,3,-4.360506027461458,1.17804986679836,11.537326200659496,1,1,0,SPEAKER_00,3
real,0.0,long_00002_4077-237-2300,s3,gated_deflation,3,-18.88381122087512,2.7591209734805595,6.68447502956632,0,0,0,SPEAKER_02,3
real,0.0,long_00002_4077-237-2300,s1,coarse_to_fine,3,-28.34353281153893,3.619540807775296,5.4547822872269744,,,0,SPEAKER_01,3
real,0.0,long_00002_4077-237-2300,s2,coarse_to_fine,3,-3.7882086936560295,2.683287038121021,9.68006477506051,,,0,SPEAKER_00,3
real,0.0,long_00002_4077-237-2300,s3,coarse_to_fine,3,-18.88381122087512,2.7591209734805595,6.68447502956632,,,0,SPEAKER_02,3
real,400.0,long_00002_4077-237-2300,s1,no_recursion,3,-18.4732025471141,5.869280001605529,7.311288662253163,,,0,SPEAKER_01,3
real,400.0,long_00002_4077-237-2300,s2,no_recursion,3,-3.09393281138173,3.640817861752681,10.25281842614185,,,0,SPEAKER_00,3
real,400.0,long_00002_4077-237-2300,s3,no_recursion,3,-10.01339555707853,8.251109844652019,10.958945179215148,,,0,SPEAKER_02,3
real,400.0,long_00002_4077-237-2300,s1,ungated_deflation,3,-18.4732025471141,5.869280001605529,7.311288662253163,0,0,0,SPEAKER_01,3
real,400.0,long_00002_4077-237-2300,s2,ungated_deflation,3,-4.931469159339857,-0.3721436156373056,15.860507227454804,2,2,0,SPEAKER_00,3
real,400.0,long_00002_4077-237-2300,s3,ungated_deflation,3,-12.617030034469192,7.408280068617502,9.023766469819025,1,1,0,SPEAKER_02,3
real,400.0,long_00002_4077-237-2300,s1,gated_deflation,3,-18.4732025471141,5.869280001605529,7.311288662253163,0,0,0,SPEAKER_01,3
real,400.0,long_00002_4077-237-2300,s2,gated_deflation,3,-4.931469159339857,-0.3721436156373056,15.860507227454804,2,2,0,SPEAKER_00,3
real,400.0,long_00002_4077-237-2300,s3,gated_deflation,3,-12.617030034469192,7.408280068617502,9.023766469819025,1,1,0,SPEAKER_02,3
real,400.0,long_00002_4077-237-2300,s1,coarse_to_fine,3,-18.4732025471141,5.869280001605529,7.311288662253163,,,0,SPEAKER_01,3
real,400.0,long_00002_4077-237-2300,s2,coarse_to_fine,3,-3.09393281138173,3.640817861752681,10.25281842614185,,,0,SPEAKER_00,3
real,400.0,long_00002_4077-237-2300,s3,coarse_to_fine,3,-10.01339555707853,8.251109844652019,10.958945179215148,,,0,SPEAKER_02,3
oracle,0.0,long_00003_4507-7176-8455,s1,no_recursion,3,-22.283439560828317,8.505410146203229,6.989282106769289,,,0,s1,3
oracle,0.0,long_00003_4507-7176-8455,s2,no_recursion,3,-4.559610727403976,4.4483768015925005,11.789912403038048,,,0,s2,3
oracle,0.0,long_00003_4507-7176-8455,s3,no_recursion,3,-17.875296960723514,5.624980053361794,12.592065650588928,,,0,s3,3
oracle,0.0,long_00003_4507-7176-8455,s1,ungated_deflation,3,-22.283439560828317,8.505410146203229,6.989282106769289,0,0,0,s1,3
oracle,0.0,long_00003_4507-7176-8455,s2,ungated_deflation,3,-4.4426009162134505,4.451512545290741,12.180174415728104,1,1,0,s2,3
oracle,0.0,long_00003_4507-7176-8455,s3,ungated_deflation,3,-11.031410029707578,3.6953892879385055,24.717635494477783,2,2,0,s3,3
oracle,0.0,long_00003_4507-7176-8455,s1,gated_deflation,3,-22.283439560828317,8.505410146203229,6.989282106769289,0,0,0,s1,3
oracle,0.0,long_00003_4507-7176-8455,s2,gated_deflation,3,-4.4426009162134505,4.451512545290741,12.180174415728104,1,1,0,s2,3
oracle,0.0,long_00003_4507-7176-8455,s3,gated_deflation,3,-11.031410029707578,3.6953892879385055,24.717635494477783,2,2,0,s3,3
oracle,0.0,long_00003_4507-7176-8455,s1,coarse_to_fine,3,-22.283439560828317,8.505410146203229,6.989282106769289,,,0,s1,3
oracle,0.0,long_00003_4507-7176-8455,s2,coarse_to_fine,3,-4.559610727403976,4.4483768015925005,11.789912403038048,,,0,s2,3
oracle,0.0,long_00003_4507-7176-8455,s3,coarse_to_fine,3,-17.875296960723514,5.624980053361794,12.592065650588928,,,0,s3,3
oracle,400.0,long_00003_4507-7176-8455,s1,no_recursion,3,-21.02306921689874,6.509563623895346,7.284441106682813,,,0,s1,3
oracle,400.0,long_00003_4507-7176-8455,s2,no_recursion,3,-4.093318527932681,-0.9841379925522458,14.221588634204977,,,0,s2,3
oracle,400.0,long_00003_4507-7176-8455,s3,no_recursion,3,-17.12941187826654,3.3779284115425408,13.055641822359231,,,0,s3,3
oracle,400.0,long_00003_4507-7176-8455,s1,ungated_deflation,3,-21.02306921689874,6.509563623895346,7.284441106682813,0,0,0,s1,3
oracle,400.0,long_00003_4507-7176-8455,s2,ungated_deflation,3,-3.9347008063611866,-0.8631459226266527,14.661747351402019,1,1,0,s2,3
oracle,400.0,long_00003_4507-7176-8455,s3,ungated_deflation,3,-10.944582450291334,2.9860748132412502,25.03361491004175,2,2,0,s3,3
oracle,400.0,long_00003_4507-7176-8455,s1,gated_deflation,3,-21.02306921689874,6.509563623895346,7.284441106682813,0,0,0,s1,3
oracle,400.0,long_00003_4507-7176-8455,s2,gated_deflation,3,-3.9347008063611866,-0.8631459226266527,14.661747351402019,1,1,0,s2,3
oracle,400.0,long_00003_4507-7176-8455,s3,gated_deflation,3,-10.944582450291334,2.9860748132412502,25.03361491004175,2,2,0,s3,3
oracle,400.0,long_00003_4507-7176-8455,s1,coarse_to_fine,3,-21.02306921689874,6.509563623895346,7.284441106682813,,,0,s1,3
oracle,400.0,long_00003_4507-7176-8455,s2,coarse_to_fine,3,-4.093318527932681,-0.9841379925522458,14.221588634204977,,,0,s2,3
oracle,400.0,long_00003_4507-7176-8455,s3,coarse_to_fine,3,-17.12941187826654,3.3779284115425408,13.055641822359231,,,0,s3,3
real,0.0,long_00003_4507-7176-8455,s1,no_recursion,3,-15.440627618064669,4.264212516793836,1.7593854065407792,,,0,SPEAKER_01,3
real,0.0,long_00003_4507-7176-8455,s2,no_recursion,3,-6.130845743713685,2.47083175814688,10.208967224446344,,,0,SPEAKER_02,3
real,0.0,long_00003_4507-7176-8455,s3,no_recursion,3,-20.17812371849324,3.670811923695125,11.97734336312596,,,0,SPEAKER_00,3
real,0.0,long_00003_4507-7176-8455,s1,ungated_deflation,3,-24.704525239798393,4.424031067859842,6.783570103179773,1,1,0,SPEAKER_01,3
real,0.0,long_00003_4507-7176-8455,s2,ungated_deflation,3,-5.666567061795402,0.15156512249667195,22.806487944426458,2,2,0,SPEAKER_02,3
real,0.0,long_00003_4507-7176-8455,s3,ungated_deflation,3,-20.17812371849324,3.670811923695125,11.97734336312596,0,0,0,SPEAKER_00,3
real,0.0,long_00003_4507-7176-8455,s1,gated_deflation,3,-24.704525239798393,4.424031067859842,6.783570103179773,1,1,0,SPEAKER_01,3
real,0.0,long_00003_4507-7176-8455,s2,gated_deflation,3,-5.666567061795402,0.15156512249667195,22.806487944426458,2,2,0,SPEAKER_02,3
real,0.0,long_00003_4507-7176-8455,s3,gated_deflation,3,-20.17812371849324,3.670811923695125,11.97734336312596,0,0,0,SPEAKER_00,3
real,0.0,long_00003_4507-7176-8455,s1,coarse_to_fine,3,-15.440627618064669,4.264212516793836,1.7593854065407792,,,0,SPEAKER_01,3
real,0.0,long_00003_4507-7176-8455,s2,coarse_to_fine,3,-6.130845743713685,2.47083175814688,10.208967224446344,,,0,SPEAKER_02,3
real,0.0,long_00003_4507-7176-8455,s3,coarse_to_fine,3,-20.17812371849324,3.670811923695125,11.97734336312596,,,0,SPEAKER_00,3
real,400.0,long_00003_4507-7176-8455,s1,no_recursion,3,-18.256961055461705,4.512693207246135,2.7120349608866667,,,0,SPEAKER_01,3
real,400.0,long_00003_4507-7176-8455,s2,no_recursion,3,-4.845839839097813,3.955488812837498,11.370387066137212,,,0,SPEAKER_02,3
real,400.0,long_00003_4507-7176-8455,s3,no_recursion,3,-17.97907632364688,3.8596723396603796,12.845815420841921,,,0,SPEAKER_00,3
real,400.0,long_00003_4507-7176-8455,s1,ungated_deflation,3,-19.10229172865844,-1.551455650062103,10.170647071929928,2,2,0,SPEAKER_01,3
real,400.0,long_00003_4507-7176-8455,s2,ungated_deflation,3,-4.845839839097813,3.955488812837498,11.370387066137212,0,0,0,SPEAKER_02,3
real,400.0,long_00003_4507-7176-8455,s3,ungated_deflation,3,-11.32161915450734,2.775007310966959,25.623149889567564,1,1,0,SPEAKER_00,3
real,400.0,long_00003_4507-7176-8455,s1,gated_deflation,3,-19.10229172865844,-1.551455650062103,10.170647071929928,2,2,0,SPEAKER_01,3
real,400.0,long_00003_4507-7176-8455,s2,gated_deflation,3,-4.845839839097813,3.955488812837498,11.370387066137212,0,0,0,SPEAKER_02,3
real,400.0,long_00003_4507-7176-8455,s3,gated_deflation,3,-11.32161915450734,2.775007310966959,25.623149889567564,1,1,0,SPEAKER_00,3
real,400.0,long_00003_4507-7176-8455,s1,coarse_to_fine,3,-18.256961055461705,4.512693207246135,2.7120349608866667,,,0,SPEAKER_01,3
real,400.0,long_00003_4507-7176-8455,s2,coarse_to_fine,3,-4.845839839097813,3.955488812837498,11.370387066137212,,,0,SPEAKER_02,3
real,400.0,long_00003_4507-7176-8455,s3,coarse_to_fine,3,-17.97907632364688,3.8596723396603796,12.845815420841921,,,0,SPEAKER_00,3
oracle,0.0,long_00004_5639-61-1089,s1,no_recursion,3,-17.516973273330457,0.4927843030661062,9.631616095761624,,,0,s1,3
oracle,0.0,long_00004_5639-61-1089,s2,no_recursion,3,-8.920435301904817,2.9376491537124028,4.734510948881108,,,0,s2,3
oracle,0.0,long_00004_5639-61-1089,s3,no_recursion,3,-22.030594169812986,2.595942622096166,9.262520957685322,,,0,s3,3
oracle,0.0,long_00004_5639-61-1089,s1,ungated_deflation,3,-17.516973273330457,0.4927843030661062,9.631616095761624,0,0,0,s1,3
oracle,0.0,long_00004_5639-61-1089,s2,ungated_deflation,3,-6.790918997814836,2.814993783276865,8.291195104983851,1,1,0,s2,3
oracle,0.0,long_00004_5639-61-1089,s3,ungated_deflation,3,-12.137103689610624,1.4274222921550304,20.038580081656953,2,2,0,s3,3
oracle,0.0,long_00004_5639-61-1089,s1,gated_deflation,3,-17.516973273330457,0.4927843030661062,9.631616095761624,0,0,0,s1,3
oracle,0.0,long_00004_5639-61-1089,s2,gated_deflation,3,-6.790918997814836,2.814993783276865,8.291195104983851,1,1,0,s2,3
oracle,0.0,long_00004_5639-61-1089,s3,gated_deflation,3,-12.137103689610624,1.4274222921550304,20.038580081656953,2,2,0,s3,3
oracle,0.0,long_00004_5639-61-1089,s1,coarse_to_fine,3,-17.516973273330457,0.4927843030661062,9.631616095761624,,,0,s1,3
oracle,0.0,long_00004_5639-61-1089,s2,coarse_to_fine,3,-8.920435301904817,2.9376491537124028,4.734510948881108,,,0,s2,3
oracle,0.0,long_00004_5639-61-1089,s3,coarse_to_fine,3,-22.030594169812986,2.595942622096166,9.262520957685322,,,0,s3,3
oracle,400.0,long_00004_5639-61-1089,s1,no_recursion,3,-18.5610269390812,-0.603113729834701,10.120457339209604,,,0,s1,3
oracle,400.0,long_00004_5639-61-1089,s2,no_recursion,3,-8.528365404810259,2.3393535902591984,5.347506971135512,,,0,s2,3
oracle,400.0,long_00004_5639-61-1089,s3,no_recursion,3,-22.14422396742167,2.433568500637536,9.237087837948698,,,0,s3,3
oracle,400.0,long_00004_5639-61-1089,s1,ungated_deflation,3,-18.5610269390812,-0.603113729834701,10.120457339209604,0,0,0,s1,3
oracle,400.0,long_00004_5639-61-1089,s2,ungated_deflation,3,-6.506793781501928,2.2362926966516543,8.952457285757108,1,1,0,s2,3
oracle,400.0,long_00004_5639-61-1089,s3,ungated_deflation,3,-12.142805578677287,1.3060489491578378,20.108532703234033,2,2,0,s3,3
oracle,400.0,long_00004_5639-61-1089,s1,gated_deflation,3,-18.5610269390812,-0.603113729834701,10.120457339209604,0,0,0,s1,3
oracle,400.0,long_00004_5639-61-1089,s2,gated_deflation,3,-6.506793781501928,2.2362926966516543,8.952457285757108,1,1,0,s2,3
oracle,400.0,long_00004_5639-61-1089,s3,gated_deflation,3,-12.142805578677287,1.3060489491578378,20.108532703234033,2,2,0,s3,3
oracle,400.0,long_00004_5639-61-1089,s1,coarse_to_fine,3,-18.5610269390812,-0.603113729834701,10.120457339209604,,,0,s1,3
oracle,400.0,long_00004_5639-61-1089,s2,coarse_to_fine,3,-8.528365404810259,2.3393535902591984,5.347506971135512,,,0,s2,3
oracle,400.0,long_00004_5639-61-1089,s3,coarse_to_fine,3,-22.14422396742167,2.433568500637536,9.237087837948698,,,0,s3,3
real,0.0,long_00004_5639-61-1089,s1,no_recursion,3,-12.658259968688544,-1.2759425573309353,5.8098440187699305,,,0,SPEAKER_00,3
real,0.0,long_00004_5639-61-1089,s2,no_recursion,3,-13.517712735462059,-1.5008745786124809,2.4909758915084774,,,0,SPEAKER_02,3
real,0.0,long_00004_5639-61-1089,s3,no_recursion,3,-40.33481816140121,-0.48840115903299397,6.492782258306738,,,0,SPEAKER_01,3
real,0.0,long_00004_5639-61-1089,s1,ungated_deflation,3,-12.658259968688544,-1.2759425573309353,5.8098440187699305,0,0,0,SPEAKER_00,3
real,0.0,long_00004_5639-61-1089,s2,ungated_deflation,3,-7.409535245429132,-0.6336045512941482,13.613205260221271,2,2,0,SPEAKER_02,3
real,0.0,long_00004_5639-61-1089,s3,ungated_deflation,3,-36.32082352975352,-0.39199457573717034,6.307610804110456,1,1,0,SPEAKER_01,3
real,0.0,long_00004_5639-61-1089,s1,gated_deflation,3,-12.658259968688544,-1.2759425573309353,5.8098440187699305,0,0,0,SPEAKER_00,3
real,0.0,long_00004_5639-61-1089,s2,gated_deflation,3,-7.409535245429132,-0.6336045512941482,13.613205260221271,2,2,0,SPEAKER_02,3
real,0.0,long_00004_5639-61-1089,s3,gated_deflation,3,-36.32082352975352,-0.39199457573717034,6.307610804110456,1,1,0,SPEAKER_01,3
real,0.0,long_00004_5639-61-1089,s1,coarse_to_fine,3,-12.658259968688544,-1.2759425573309353,5.8098440187699305,,,0,SPEAKER_00,3
real,0.0,long_00004_5639-61-1089,s2,coarse_to_fine,3,-13.517712735462059,-1.5008745786124809,2.4909758915084774,,,0,SPEAKER_02,3
real,0.0,long_00004_5639-61-1089,s3,coarse_to_fine,3,-40.33481816140121,-0.48840115903299397,6.492782258306738,,,0,SPEAKER_01,3
real,400.0,long_00004_5639-61-1089,s1,no_recursion,3,-13.882738806806218,0.6276793614837612,7.717319362429161,,,0,SPEAKER_00,3
real,400.0,long_00004_5639-61-1089,s2,no_recursion,3,-9.097053003262564,1.4049610782376378,5.451853795234398,,,0,SPEAKER_02,3
real,400.0,long_00004_5639-61-1089,s3,no_recursion,3,-23.973333164730164,1.8529089292559253,8.824729728120142,,,0,SPEAKER_01,3
real,400.0,long_00004_5639-61-1089,s1,ungated_deflation,3,-13.882738806806218,0.6276793614837612,7.717319362429161,0,0,0,SPEAKER_00,3
real,400.0,long_00004_5639-61-1089,s2,ungated_deflation,3,-6.225545803730032,0.3576314284194873,15.210119652253606,2,2,0,SPEAKER_02,3
real,400.0,long_00004_5639-61-1089,s3,ungated_deflation,3,-25.21634817303549,1.8443790006817464,8.533137987906889,1,1,0,SPEAKER_01,3
real,400.0,long_00004_5639-61-1089,s1,gated_deflation,3,-13.882738806806218,0.6276793614837612,7.717319362429161,0,0,0,SPEAKER_00,3
real,400.0,long_00004_5639-61-1089,s2,gated_deflation,3,-6.225545803730032,0.3576314284194873,15.210119652253606,2,2,0,SPEAKER_02,3
real,400.0,long_00004_5639-61-1089,s3,gated_deflation,3,-25.21634817303549,1.8443790006817464,8.533137987906889,1,1,0,SPEAKER_01,3
real,400.0,long_00004_5639-61-1089,s1,coarse_to_fine,3,-13.882738806806218,0.6276793614837612,7.717319362429161,,,0,SPEAKER_00,3
real,400.0,long_00004_5639-61-1089,s2,coarse_to_fine,3,-9.097053003262564,1.4049610782376378,5.451853795234398,,,0,SPEAKER_02,3
real,400.0,long_00004_5639-61-1089,s3,coarse_to_fine,3,-23.973333164730164,1.8529089292559253,8.824729728120142,,,0,SPEAKER_01,3
oracle,0.0,long_00005_3570-908-4507,s1,no_recursion,3,-32.27549190009789,10.549302427444003,9.547278892188357,,,0,s1,3
oracle,0.0,long_00005_3570-908-4507,s2,no_recursion,3,-17.425371406913563,6.0124117133135275,5.516102624395499,,,0,s2,3
oracle,0.0,long_00005_3570-908-4507,s3,no_recursion,3,-9.281523329304338,10.331017448861466,11.00211493379087,,,0,s3,3
oracle,0.0,long_00005_3570-908-4507,s1,ungated_deflation,3,-32.27549190009789,10.549302427444003,9.547278892188357,0,0,0,s1,3
oracle,0.0,long_00005_3570-908-4507,s2,ungated_deflation,3,-10.37125958894184,5.306709019970677,10.49909183214191,1,1,0,s2,3
oracle,0.0,long_00005_3570-908-4507,s3,ungated_deflation,3,-8.220332035441947,4.451779914041867,16.576287799594482,2,2,0,s3,3
oracle,0.0,long_00005_3570-908-4507,s1,gated_deflation,3,-32.27549190009789,10.549302427444003,9.547278892188357,0,0,0,s1,3
oracle,0.0,long_00005_3570-908-4507,s2,gated_deflation,3,-10.37125958894184,5.306709019970677,10.49909183214191,1,1,0,s2,3
oracle,0.0,long_00005_3570-908-4507,s3,gated_deflation,3,-8.220332035441947,4.451779914041867,16.576287799594482,2,2,0,s3,3
oracle,0.0,long_00005_3570-908-4507,s1,coarse_to_fine,3,-32.27549190009789,10.549302427444003,9.547278892188357,,,0,s1,3
oracle,0.0,long_00005_3570-908-4507,s2,coarse_to_fine,3,-17.425371406913563,6.0124117133135275,5.516102624395499,,,0,s2,3
oracle,0.0,long_00005_3570-908-4507,s3,coarse_to_fine,3,-9.281523329304338,10.331017448861466,11.00211493379087,,,0,s3,3
oracle,400.0,long_00005_3570-908-4507,s1,no_recursion,3,-50.48195240708498,6.325395210489605,10.028040370680802,,,0,s1,3
oracle,400.0,long_00005_3570-908-4507,s2,no_recursion,3,-14.348680032815684,1.571873714763605,7.201086211943403,,,0,s2,3
oracle,400.0,long_00005_3570-908-4507,s3,no_recursion,3,-8.99603820254619,5.387182056965084,11.464320275058753,,,0,s3,3
oracle,400.0,long_00005_3570-908-4507,s1,ungated_deflation,3,-50.48195240708498,6.325395210489605,10.028040370680802,0,0,0,s1,3
oracle,400.0,long_00005_3570-908-4507,s2,ungated_deflation,3,-9.00924649958969,-1.1491631355377545,13.035414770456722,1,1,0,s2,3
oracle,400.0,long_00005_3570-908-4507,s3,ungated_deflation,3,-7.899172015487985,2.997816481761669,17.185410538197317,2,2,0,s3,3
oracle,400.0,long_00005_3570-908-4507,s1,gated_deflation,3,-50.48195240708498,6.325395210489605,10.028040370680802,0,0,0,s1,3
oracle,400.0,long_00005_3570-908-4507,s2,gated_deflation,3,-9.00924649958969,-1.1491631355377545,13.035414770456722,1,1,0,s2,3
oracle,400.0,long_00005_3570-908-4507,s3,gated_deflation,3,-7.899172015487985,2.997816481761669,17.185410538197317,2,2,0,s3,3
oracle,400.0,long_00005_3570-908-4507,s1,coarse_to_fine,3,-50.48195240708498,6.325395210489605,10.028040370680802,,,0,s1,3
oracle,400.0,long_00005_3570-908-4507,s2,coarse_to_fine,3,-14.348680032815684,1.571873714763605,7.201086211943403,,,0,s2,3
oracle,400.0,long_00005_3570-908-4507,s3,coarse_to_fine,3,-8.99603820254619,5.387182056965084,11.464320275058753,,,0,s3,3
real,0.0,long_00005_3570-908-4507,s1,no_recursion,3,-20.23112930890175,6.735706751773069,7.757306278849084,,,0,SPEAKER_01,3
real,0.0,long_00005_3570-908-4507,s3,no_recursion,3,-15.941837543092612,3.220364914333116,7.479550239189182,,,0,SPEAKER_02,3
real,0.0,long_00005_3570-908-4507,s2,no_recursion,3,-23.03778765966275,1.2528173064870423,0.9211481324736953,,,0,SPEAKER_00,3
real,0.0,long_00005_3570-908-4507,s1,ungated_deflation,3,-14.696289200869163,6.492858164885141,16.587691205236617,2,2,0,SPEAKER_01,3
real,0.0,long_00005_3570-908-4507,s3,ungated_deflation,3,-20.620090800392287,-1.079761764882143,6.449799920043505,1,1,0,SPEAKER_02,3
real,0.0,long_00005_3570-908-4507,s2,ungated_deflation,3,-23.03778765966275,1.2528173064870423,0.9211481324736953,0,0,0,SPEAKER_00,3
real,0.0,long_00005_3570-908-4507,s1,gated_deflation,3,-14.696289200869163,6.492858164885141,16.587691205236617,2,2,0,SPEAKER_01,3
real,0.0,long_00005_3570-908-4507,s3,gated_deflation,3,-20.620090800392287,-1.079761764882143,6.449799920043505,1,1,0,SPEAKER_02,3
real,0.0,long_00005_3570-908-4507,s2,gated_deflation,3,-23.03778765966275,1.2528173064870423,0.9211481324736953,0,0,0,SPEAKER_00,3
real,0.0,long_00005_3570-908-4507,s1,coarse_to_fine,3,-20.23112930890175,6.735706751773069,7.757306278849084,,,0,SPEAKER_01,3
real,0.0,long_00005_3570-908-4507,s3,coarse_to_fine,3,-15.941837543092612,3.220364914333116,7.479550239189182,,,0,SPEAKER_02,3
real,0.0,long_00005_3570-908-4507,s2,coarse_to_fine,3,-23.03778765966275,1.2528173064870423,0.9211481324736953,,,0,SPEAKER_00,3
real,400.0,long_00005_3570-908-4507,s1,no_recursion,3,-35.811617341098334,9.873219039155726,9.728606919694858,,,0,SPEAKER_01,3
real,400.0,long_00005_3570-908-4507,s3,no_recursion,3,-10.003487723566993,6.172402383249303,10.95546257510987,,,0,SPEAKER_02,3
real,400.0,long_00005_3570-908-4507,s2,no_recursion,3,-23.543590173841416,1.1417708328888518,4.2061704084159395,,,0,SPEAKER_00,3
real,400.0,long_00005_3570-908-4507,s1,ungated_deflation,3,-35.811617341098334,9.873219039155726,9.728606919694858,0,0,0,SPEAKER_01,3
real,400.0,long_00005_3570-908-4507,s3,ungated_deflation,3,-10.851059503805276,0.6466239896063883,15.290455046602332,2,2,0,SPEAKER_02,3
real,400.0,long_00005_3570-908-4507,s2,ungated_deflation,3,-11.222454361536538,-0.33264305647523496,10.1564052725743,1,1,0,SPEAKER_00,3
real,400.0,long_00005_3570-908-4507,s1,gated_deflation,3,-35.811617341098334,9.873219039155726,9.728606919694858,0,0,0,SPEAKER_01,3
real,400.0,long_00005_3570-908-4507,s3,gated_deflation,3,-10.851059503805276,0.6466239896063883,15.290455046602332,2,2,0,SPEAKER_02,3
real,400.0,long_00005_3570-908-4507,s2,gated_deflation,3,-11.222454361536538,-0.33264305647523496,10.1564052725743,1,1,0,SPEAKER_00,3
real,400.0,long_00005_3570-908-4507,s1,coarse_to_fine,3,-35.811617341098334,9.873219039155726,9.728606919694858,,,0,SPEAKER_01,3
real,400.0,long_00005_3570-908-4507,s3,coarse_to_fine,3,-10.003487723566993,6.172402383249303,10.95546257510987,,,0,SPEAKER_02,3
real,400.0,long_00005_3570-908-4507,s2,coarse_to_fine,3,-23.543590173841416,1.1417708328888518,4.2061704084159395,,,0,SPEAKER_00,3
oracle,0.0,long_00006_1089-8230-7176,s1,no_recursion,3,-39.49083901006387,4.9976060506599245,10.460105661412252,,,0,s1,3
oracle,0.0,long_00006_1089-8230-7176,s2,no_recursion,3,-6.023697817516487,2.583864141256015,10.140361468002146,,,0,s2,3
oracle,0.0,long_00006_1089-8230-7176,s3,no_recursion,3,-19.81761176070159,6.200073032663487,6.979007374535433,,,0,s3,3
oracle,0.0,long_00006_1089-8230-7176,s1,ungated_deflation,3,-39.49083901006387,4.9976060506599245,10.460105661412252,0,0,0,s1,3
oracle,0.0,long_00006_1089-8230-7176,s2,ungated_deflation,3,-6.432238127921009,-0.4791456288594325,18.87084392005686,1,1,0,s2,3
oracle,0.0,long_00006_1089-8230-7176,s3,ungated_deflation,3,-13.417804516828353,3.6413330106162927,19.488411184436842,2,2,0,s3,3
oracle,0.0,long_00006_1089-8230-7176,s1,gated_deflation,3,-39.49083901006387,4.9976060506599245,10.460105661412252,0,0,0,s1,3
oracle,0.0,long_00006_1089-8230-7176,s2,gated_deflation,3,-6.432238127921009,-0.4791456288594325,18.87084392005686,1,1,0,s2,3
oracle,0.0,long_00006_1089-8230-7176,s3,gated_deflation,3,-13.417804516828353,3.6413330106162927,19.488411184436842,2,2,0,s3,3
oracle,0.0,long_00006_1089-8230-7176,s1,coarse_to_fine,3,-39.49083901006387,4.9976060506599245,10.460105661412252,,,0,s1,3
oracle,0.0,long_00006_1089-8230-7176,s2,coarse_to_fine,3,-6.023697817516487,2.583864141256015,10.140361468002146,,,0,s2,3
oracle,0.0,long_00006_1089-8230-7176,s3,coarse_to_fine,3,-19.81761176070159,6.200073032663487,6.979007374535433,,,0,s3,3
oracle,400.0,long_00006_1089-8230-7176,s1,no_recursion,3,-29.935902264921587,2.317138553022861,11.125289976663383,,,0,s1,3
oracle,400.0,long_00006_1089-8230-7176,s2,no_recursion,3,-5.202674377627501,-3.458915747883875,14.633758613106453,,,0,s2,3
oracle,400.0,long_00006_1089-8230-7176,s3,no_recursion,3,-21.126859005111015,4.170089793934396,7.244420973259521,,,0,s3,3
oracle,400.0,long_00006_1089-8230-7176,s1,ungated_deflation,3,-29.935902264921587,2.317138553022861,11.125289976663383,0,0,0,s1,3
oracle,400.0,long_00006_1089-8230-7176,s2,ungated_deflation,3,-6.21334151226153,-1.6698394580507823,20.975470925297532,1,1,0,s2,3
oracle,400.0,long_00006_1089-8230-7176,s3,ungated_deflation,3,-13.0372046052865,2.7400668674100896,20.168216789714396,2,2,0,s3,3
oracle,400.0,long_00006_1089-8230-7176,s1,gated_deflation,3,-29.935902264921587,2.317138553022861,11.125289976663383,0,0,0,s1,3
oracle,400.0,long_00006_1089-8230-7176,s2,gated_deflation,3,-6.21334151226153,-1.6698394580507823,20.975470925297532,1,1,0,s2,3
oracle,400.0,long_00006_1089-8230-7176,s3,gated_deflation,3,-13.0372046052865,2.7400668674100896,20.168216789714396,2,2,0,s3,3
oracle,400.0,long_00006_1089-8230-7176,s1,coarse_to_fine,3,-29.935902264921587,2.317138553022861,11.125289976663383,,,0,s1,3
oracle,400.0,long_00006_1089-8230-7176,s2,coarse_to_fine,3,-5.202674377627501,-3.458915747883875,14.633758613106453,,,0,s2,3
oracle,400.0,long_00006_1089-8230-7176,s3,coarse_to_fine,3,-21.126859005111015,4.170089793934396,7.244420973259521,,,0,s3,3
real,0.0,long_00006_1089-8230-7176,s1,no_recursion,3,-26.038776266024797,2.468408576065593,8.561465741954306,,,0,SPEAKER_02,3
real,0.0,long_00006_1089-8230-7176,s2,no_recursion,3,-7.778373404064328,1.1718747642846858,7.8582311955365824,,,0,SPEAKER_01,3
real,0.0,long_00006_1089-8230-7176,s3,no_recursion,3,-15.641367374155601,3.772191969777311,5.2710114321202255,,,0,SPEAKER_00,3
real,0.0,long_00006_1089-8230-7176,s1,ungated_deflation,3,-17.03919355336691,0.45720436036064965,18.759602574487232,2,2,0,SPEAKER_02,3
real,0.0,long_00006_1089-8230-7176,s2,ungated_deflation,3,-8.897360085374096,-2.8509790128426626,14.768173869974765,1,1,0,SPEAKER_01,3
real,0.0,long_00006_1089-8230-7176,s3,ungated_deflation,3,-15.641367374155601,3.772191969777311,5.2710114321202255,0,0,0,SPEAKER_00,3
real,0.0,long_00006_1089-8230-7176,s1,gated_deflation,3,-23.38678251027988,1.5332347669505995,7.911474292541599,2,1,0,SPEAKER_02,3
real,0.0,long_00006_1089-8230-7176,s2,gated_deflation,3,-8.897360085374096,-2.8509790128426626,14.768173869974765,1,1,0,SPEAKER_01,3
real,0.0,long_00006_1089-8230-7176,s3,gated_deflation,3,-15.641367374155601,3.772191969777311,5.2710114321202255,0,0,0,SPEAKER_00,3
real,0.0,long_00006_1089-8230-7176,s1,coarse_to_fine,3,-26.038776266024797,2.468408576065593,8.561465741954306,,,0,SPEAKER_02,3
real,0.0,long_00006_1089-8230-7176,s2,coarse_to_fine,3,-7.778373404064328,1.1718747642846858,7.8582311955365824,,,0,SPEAKER_01,3
real,0.0,long_00006_1089-8230-7176,s3,coarse_to_fine,3,-15.641367374155601,3.772191969777311,5.2710114321202255,,,0,SPEAKER_00,3
real,400.0,long_00006_1089-8230-7176,s1,no_recursion,3,-34.52781243066268,4.4035872519657495,10.727621828691412,,,0,SPEAKER_02,3
real,400.0,long_00006_1089-8230-7176,s2,no_recursion,3,-6.171693728552459,-0.8996351642147059,11.585850470628014,,,0,SPEAKER_01,3
real,400.0,long_00006_1089-8230-7176,s3,no_recursion,3,-18.78584892316464,6.055387750904334,6.686401783643192,,,0,SPEAKER_00,3
real,400.0,long_00006_1089-8230-7176,s1,ungated_deflation,3,-13.820667280954561,2.298302528159288,22.79574101192797,2,2,0,SPEAKER_02,3
real,400.0,long_00006_1089-8230-7176,s2,ungated_deflation,3,-6.171693728552459,-0.8996351642147059,11.585850470628014,0,0,0,SPEAKER_01,3
real,400.0,long_00006_1089-8230-7176,s3,ungated_deflation,3,-13.862325174360059,4.2296878087580705,18.02304451898457,1,1,0,SPEAKER_00,3
real,400.0,long_00006_1089-8230-7176,s1,gated_deflation,3,-41.99288654948103,3.6350932775537155,10.402345421064144,2,1,0,SPEAKER_02,3
real,400.0,long_00006_1089-8230-7176,s2,gated_deflation,3,-6.171693728552459,-0.8996351642147059,11.585850470628014,0,0,0,SPEAKER_01,3
real,400.0,long_00006_1089-8230-7176,s3,gated_deflation,3,-18.78584892316464,6.055387750904334,6.686401783643192,1,0,0,SPEAKER_00,3
real,400.0,long_00006_1089-8230-7176,s1,coarse_to_fine,3,-34.52781243066268,4.4035872519657495,10.727621828691412,,,0,SPEAKER_02,3
real,400.0,long_00006_1089-8230-7176,s2,coarse_to_fine,3,-6.171693728552459,-0.8996351642147059,11.585850470628014,,,0,SPEAKER_01,3
real,400.0,long_00006_1089-8230-7176,s3,coarse_to_fine,3,-18.78584892316464,6.055387750904334,6.686401783643192,,,0,SPEAKER_00,3
oracle,0.0,long_00007_1188-4077-121,s1,no_recursion,3,-16.127113070645333,6.009881322022785,11.137612011014685,,,0,s1,3
oracle,0.0,long_00007_1188-4077-121,s2,no_recursion,3,-10.718988006628551,3.3293085387598707,6.508320498878357,,,0,s2,3
oracle,0.0,long_00007_1188-4077-121,s3,no_recursion,3,-20.599071276191747,0.002427057779307694,8.349349621224674,,,0,s3,3
oracle,0.0,long_00007_1188-4077-121,s1,ungated_deflation,3,-16.127113070645333,6.009881322022785,11.137612011014685,0,0,0,s1,3
oracle,0.0,long_00007_1188-4077-121,s2,ungated_deflation,3,-7.8516480004841505,1.2588642916696837,14.212766834387317,1,1,0,s2,3
oracle,0.0,long_00007_1188-4077-121,s3,ungated_deflation,3,-13.896199300614446,-2.4579130316687747,19.37966035994245,2,2,0,s3,3
oracle,0.0,long_00007_1188-4077-121,s1,gated_deflation,3,-16.127113070645333,6.009881322022785,11.137612011014685,0,0,0,s1,3
oracle,0.0,long_00007_1188-4077-121,s2,gated_deflation,3,-7.8516480004841505,1.2588642916696837,14.212766834387317,1,1,0,s2,3
oracle,0.0,long_00007_1188-4077-121,s3,gated_deflation,3,-13.896199300614446,-2.4579130316687747,19.37966035994245,2,2,0,s3,3
oracle,0.0,long_00007_1188-4077-121,s1,coarse_to_fine,3,-16.127113070645333,6.009881322022785,11.137612011014685,,,0,s1,3
oracle,0.0,long_00007_1188-4077-121,s2,coarse_to_fine,3,-10.718988006628551,3.3293085387598707,6.508320498878357,,,0,s2,3
oracle,0.0,long_00007_1188-4077-121,s3,coarse_to_fine,3,-20.599071276191747,0.002427057779307694,8.349349621224674,,,0,s3,3
oracle,400.0,long_00007_1188-4077-121,s1,no_recursion,3,-15.360787222221218,2.8552251035104934,11.711683133809501,,,0,s1,3
oracle,400.0,long_00007_1188-4077-121,s2,no_recursion,3,-10.690812409741106,2.5725774551696396,6.665967677172876,,,0,s2,3
oracle,400.0,long_00007_1188-4077-121,s3,no_recursion,3,-20.25290371780565,-0.1421723124029735,8.484793847650545,,,0,s3,3
oracle,400.0,long_00007_1188-4077-121,s1,ungated_deflation,3,-15.360787222221218,2.8552251035104934,11.711683133809501,0,0,0,s1,3
oracle,400.0,long_00007_1188-4077-121,s2,ungated_deflation,3,-7.73848193043818,0.6525078612926344,14.52930739305641,1,1,0,s2,3
oracle,400.0,long_00007_1188-4077-121,s3,ungated_deflation,3,-13.732108156785225,-2.437156357353903,19.67365953913215,2,2,0,s3,3
oracle,400.0,long_00007_1188-4077-121,s1,gated_deflation,3,-15.360787222221218,2.8552251035104934,11.711683133809501,0,0,0,s1,3
oracle,400.0,long_00007_1188-4077-121,s2,gated_deflation,3,-7.73848193043818,0.6525078612926344,14.52930739305641,1,1,0,s2,3
oracle,400.0,long_00007_1188-4077-121,s3,gated_deflation,3,-13.732108156785225,-2.437156357353903,19.67365953913215,2,2,0,s3,3
oracle,400.0,long_00007_1188-4077-121,s1,coarse_to_fine,3,-15.360787222221218,2.8552251035104934,11.711683133809501,,,0,s1,3
oracle,400.0,long_00007_1188-4077-121,s2,coarse_to_fine,3,-10.690812409741106,2.5725774551696396,6.665967677172876,,,0,s2,3
oracle,400.0,long_00007_1188-4077-121,s3,coarse_to_fine,3,-20.25290371780565,-0.1421723124029735,8.484793847650545,,,0,s3,3
real,0.0,long_00007_1188-4077-121,s1,no_recursion,3,-17.8990459111794,4.509311505484145,10.548665948262828,,,0,SPEAKER_00,3
real,0.0,long_00007_1188-4077-121,s2,no_recursion,3,-9.29401810421933,2.53941644363886,8.877373856402645,,,0,SPEAKER_01,3
real,0.0,long_00007_1188-4077-121,s3,no_recursion,3,-19.119092460680072,-0.022702422941676716,9.092742038810234,,,0,SPEAKER_02,3
real,0.0,long_00007_1188-4077-121,s1,ungated_deflation,3,-17.8990459111794,4.509311505484145,10.548665948262828,0,0,0,SPEAKER_00,3
real,0.0,long_00007_1188-4077-121,s2,ungated_deflation,3,-5.351550452098529,3.083951848694617,21.450433585356926,2,2,0,SPEAKER_01,3
real,0.0,long_00007_1188-4077-121,s3,ungated_deflation,3,-24.21089262478017,-2.4056190786122813,7.649638862851714,1,1,0,SPEAKER_02,3
real,0.0,long_00007_1188-4077-121,s1,gated_deflation,3,-17.8990459111794,4.509311505484145,10.548665948262828,0,0,0,SPEAKER_00,3
real,0.0,long_00007_1188-4077-121,s2,gated_deflation,3,-5.351550452098529,3.083951848694617,21.450433585356926,2,2,0,SPEAKER_01,3
real,0.0,long_00007_1188-4077-121,s3,gated_deflation,3,-24.21089262478017,-2.4056190786122813,7.649638862851714,1,1,0,SPEAKER_02,3
real,0.0,long_00007_1188-4077-121,s1,coarse_to_fine,3,-17.8990459111794,4.509311505484145,10.548665948262828,,,0,SPEAKER_00,3
real,0.0,long_00007_1188-4077-121,s2,coarse_to_fine,3,-9.29401810421933,2.53941644363886,8.877373856402645,,,0,SPEAKER_01,3
real,0.0,long_00007_1188-4077-121,s3,coarse_to_fine,3,-19.119092460680072,-0.022702422941676716,9.092742038810234,,,0,SPEAKER_02,3
real,400.0,long_00007_1188-4077-121,s1,no_recursion,3,-15.545401502259308,5.188644416959032,11.54380375802548,,,0,SPEAKER_00,3
real,400.0,long_00007_1188-4077-121,s2,no_recursion,3,-8.844992305767038,3.5735446997587794,8.743049875540981,,,0,SPEAKER_01,3
real,400.0,long_00007_1188-4077-121,s3,no_recursion,3,-18.115551470420048,0.29954659791573834,9.55887933626644,,,0,SPEAKER_02,3
real,400.0,long_00007_1188-4077-121,s1,ungated_deflation,3,-15.545401502259308,5.188644416959032,11.54380375802548,0,0,0,SPEAKER_00,3
real,400.0,long_00007_1188-4077-121,s2,ungated_deflation,3,-8.839107289705593,-0.32562336333322406,14.796022463642075,1,1,0,SPEAKER_01,3
real,400.0,long_00007_1188-4077-121,s3,ungated_deflation,3,-14.602686313384812,-3.0095069932850667,18.529228901476124,2,2,0,SPEAKER_02,3
real,400.0,long_00007_1188-4077-121,s1,gated_deflation,3,-15.545401502259308,5.188644416959032,11.54380375802548,0,0,0,SPEAKER_00,3
real,400.0,long_00007_1188-4077-121,s2,gated_deflation,3,-8.839107289705593,-0.32562336333322406,14.796022463642075,1,1,0,SPEAKER_01,3
real,400.0,long_00007_1188-4077-121,s3,gated_deflation,3,-14.602686313384812,-3.0095069932850667,18.529228901476124,2,2,0,SPEAKER_02,3
real,400.0,long_00007_1188-4077-121,s1,coarse_to_fine,3,-15.545401502259308,5.188644416959032,11.54380375802548,,,0,SPEAKER_00,3
real,400.0,long_00007_1188-4077-121,s2,coarse_to_fine,3,-8.844992305767038,3.5735446997587794,8.743049875540981,,,0,SPEAKER_01,3
real,400.0,long_00007_1188-4077-121,s3,coarse_to_fine,3,-18.115551470420048,0.29954659791573834,9.55887933626644,,,0,SPEAKER_02,3
oracle,0.0,long_00008_672-5639-121,s1,no_recursion,3,-24.868628634713943,8.632514221414077,7.884763544619441,,,0,s1,3
oracle,0.0,long_00008_672-5639-121,s2,no_recursion,3,-5.541007274214764,0.4994260314755699,9.987673673377191,,,0,s2,3
oracle,0.0,long_00008_672-5639-121,s3,no_recursion,3,-18.715524830806977,6.553134131981918,8.573357897888268,,,0,s3,3
oracle,0.0,long_00008_672-5639-121,s1,ungated_deflation,3,-24.868628634713943,8.632514221414077,7.884763544619441,0,0,0,s1,3
oracle,0.0,long_00008_672-5639-121,s2,ungated_deflation,3,-5.069559323658499,-0.03787128687936346,15.104589366948238,1,1,0,s2,3
oracle,0.0,long_00008_672-5639-121,s3,ungated_deflation,3,-8.45531791300717,5.163568063512528,21.640974580353742,2,2,0,s3,3
oracle,0.0,long_00008_672-5639-121,s1,gated_deflation,3,-24.868628634713943,8.632514221414077,7.884763544619441,0,0,0,s1,3
oracle,0.0,long_00008_672-5639-121,s2,gated_deflation,3,-5.069559323658499,-0.03787128687936346,15.104589366948238,1,1,0,s2,3
oracle,0.0,long_00008_672-5639-121,s3,gated_deflation,3,-8.45531791300717,5.163568063512528,21.640974580353742,2,2,0,s3,3
oracle,0.0,long_00008_672-5639-121,s1,coarse_to_fine,3,-24.868628634713943,8.632514221414077,7.884763544619441,,,0,s1,3
oracle,0.0,long_00008_672-5639-121,s2,coarse_to_fine,3,-5.541007274214764,0.4994260314755699,9.987673673377191,,,0,s2,3
oracle,0.0,long_00008_672-5639-121,s3,coarse_to_fine,3,-18.715524830806977,6.553134131981918,8.573357897888268,,,0,s3,3
oracle,400.0,long_00008_672-5639-121,s1,no_recursion,3,-24.55756561358956,8.625816033849803,7.840233474260492,,,0,s1,3
oracle,400.0,long_00008_672-5639-121,s2,no_recursion,3,-5.097863205102907,-2.244843451293056,12.696313255661751,,,0,s2,3
oracle,400.0,long_00008_672-5639-121,s3,no_recursion,3,-18.553396543804713,6.59323086343261,8.626413901686924,,,0,s3,3
oracle,400.0,long_00008_672-5639-121,s1,ungated_deflation,3,-24.55756561358956,8.625816033849803,7.840233474260492,0,0,0,s1,3
oracle,400.0,long_00008_672-5639-121,s2,ungated_deflation,3,-4.892705932187422,-2.7767368056671726,18.03469057282,1,1,0,s2,3
oracle,400.0,long_00008_672-5639-121,s3,ungated_deflation,3,-8.558707162105032,5.004024765878724,21.566328227208412,2,2,0,s3,3
oracle,400.0,long_00008_672-5639-121,s1,gated_deflation,3,-24.55756561358956,8.625816033849803,7.840233474260492,0,0,0,s1,3
oracle,400.0,long_00008_672-5639-121,s2,gated_deflation,3,-4.892705932187422,-2.7767368056671726,18.03469057282,1,1,0,s2,3
oracle,400.0,long_00008_672-5639-121,s3,gated_deflation,3,-8.558707162105032,5.004024765878724,21.566328227208412,2,2,0,s3,3
oracle,400.0,long_00008_672-5639-121,s1,coarse_to_fine,3,-24.55756561358956,8.625816033849803,7.840233474260492,,,0,s1,3
oracle,400.0,long_00008_672-5639-121,s2,coarse_to_fine,3,-5.097863205102907,-2.244843451293056,12.696313255661751,,,0,s2,3
oracle,400.0,long_00008_672-5639-121,s3,coarse_to_fine,3,-18.553396543804713,6.59323086343261,8.626413901686924,,,0,s3,3
real,0.0,long_00008_672-5639-121,s1,no_recursion,3,-18.074667710040025,2.785595228557682,5.913487242675962,,,0,SPEAKER_02,3
real,0.0,long_00008_672-5639-121,s2,no_recursion,3,-7.35359985634653,-1.7403204698574042,7.889851781039824,,,0,SPEAKER_01,3
real,0.0,long_00008_672-5639-121,s3,no_recursion,3,-20.213449336734794,3.1995229707609587,8.560309297429473,,,0,SPEAKER_00,3
real,0.0,long_00008_672-5639-121,s1,ungated_deflation,3,-11.971389130812717,3.4299287038583848,20.867436727126908,2,2,0,SPEAKER_02,3
real,0.0,long_00008_672-5639-121,s2,ungated_deflation,3,-6.814982126416794,-2.8322063752995157,16.70565858098425,1,1,0,SPEAKER_01,3
real,0.0,long_00008_672-5639-121,s3,ungated_deflation,3,-20.213449336734794,3.1995229707609587,8.560309297429473,0,0,0,SPEAKER_00,3
real,0.0,long_00008_672-5639-121,s1,gated_deflation,3,-11.971389130812717,3.4299287038583848,20.867436727126908,2,2,0,SPEAKER_02,3
real,0.0,long_00008_672-5639-121,s2,gated_deflation,3,-6.814982126416794,-2.8322063752995157,16.70565858098425,1,1,0,SPEAKER_01,3
real,0.0,long_00008_672-5639-121,s3,gated_deflation,3,-20.213449336734794,3.1995229707609587,8.560309297429473,0,0,0,SPEAKER_00,3
real,0.0,long_00008_672-5639-121,s1,coarse_to_fine,3,-18.074667710040025,2.785595228557682,5.913487242675962,,,0,SPEAKER_02,3
real,0.0,long_00008_672-5639-121,s2,coarse_to_fine,3,-7.35359985634653,-1.7403204698574042,7.889851781039824,,,0,SPEAKER_01,3
real,0.0,long_00008_672-5639-121,s3,coarse_to_fine,3,-20.213449336734794,3.1995229707609587,8.560309297429473,,,0,SPEAKER_00,3
real,400.0,long_00008_672-5639-121,s1,no_recursion,3,-19.165323555546845,3.1895707741102965,6.330029271989364,,,0,SPEAKER_02,3
real,400.0,long_00008_672-5639-121,s2,no_recursion,3,-5.9126532998925585,-0.8568012370506024,9.441461232902158,,,0,SPEAKER_01,3
real,400.0,long_00008_672-5639-121,s3,no_recursion,3,-19.706837622386438,3.4337982469077293,8.701628523813579,,,0,SPEAKER_00,3
real,400.0,long_00008_672-5639-121,s1,ungated_deflation,3,-11.97824391663675,3.379858667043545,20.952875190574293,2,2,0,SPEAKER_02,3
real,400.0,long_00008_672-5639-121,s2,ungated_deflation,3,-6.18260958217588,-2.4548188166850275,17.526957186575192,1,1,0,SPEAKER_01,3
real,400.0,long_00008_672-5639-121,s3,ungated_deflation,3,-19.706837622386438,3.4337982469077293,8.701628523813579,0,0,0,SPEAKER_00,3
real,400.0,long_00008_672-5639-121,s1,gated_deflation,3,-11.97824391663675,3.379858667043545,20.952875190574293,2,2,0,SPEAKER_02,3
real,400.0,long_00008_672-5639-121,s2,gated_deflation,3,-6.18260958217588,-2.4548188166850275,17.526957186575192,1,1,0,SPEAKER_01,3
real,400.0,long_00008_672-5639-121,s3,gated_deflation,3,-19.706837622386438,3.4337982469077293,8.701628523813579,0,0,0,SPEAKER_00,3
real,400.0,long_00008_672-5639-121,s1,coarse_to_fine,3,-19.165323555546845,3.1895707741102965,6.330029271989364,,,0,SPEAKER_02,3
real,400.0,long_00008_672-5639-121,s2,coarse_to_fine,3,-5.9126532998925585,-0.8568012370506024,9.441461232902158,,,0,SPEAKER_01,3
real,400.0,long_00008_672-5639-121,s3,coarse_to_fine,3,-19.706837622386438,3.4337982469077293,8.701628523813579,,,0,SPEAKER_00,3
oracle,0.0,long_00009_4992-5105-1580,s1,no_recursion,3,-19.51004255951083,9.676341961063965,8.703798118091976,,,0,s1,3
oracle,0.0,long_00009_4992-5105-1580,s2,no_recursion,3,-10.063576699227038,5.5797868334411715,8.809986519079468,,,0,s2,3
oracle,0.0,long_00009_4992-5105-1580,s3,no_recursion,3,-32.07123073693285,4.2871349355757795,5.380654705452907,,,0,s3,3
oracle,0.0,long_00009_4992-5105-1580,s1,ungated_deflation,3,-19.51004255951083,9.676341961063965,8.703798118091976,0,0,0,s1,3
oracle,0.0,long_00009_4992-5105-1580,s2,ungated_deflation,3,-8.29780714697998,4.7123069566217595,11.925819781575456,1,1,0,s2,3
oracle,0.0,long_00009_4992-5105-1580,s3,ungated_deflation,3,-7.566072641580081,6.119294490504412,20.138048843746613,2,2,0,s3,3
oracle,0.0,long_00009_4992-5105-1580,s1,gated_deflation,3,-19.51004255951083,9.676341961063965,8.703798118091976,0,0,0,s1,3
oracle,0.0,long_00009_4992-5105-1580,s2,gated_deflation,3,-8.29780714697998,4.7123069566217595,11.925819781575456,1,1,0,s2,3
oracle,0.0,long_00009_4992-5105-1580,s3,gated_deflation,3,-7.566072641580081,6.119294490504412,20.138048843746613,2,2,0,s3,3
oracle,0.0,long_00009_4992-5105-1580,s1,coarse_to_fine,3,-19.51004255951083,9.676341961063965,8.703798118091976,,,0,s1,3
oracle,0.0,long_00009_4992-5105-1580,s2,coarse_to_fine,3,-10.063576699227038,5.5797868334411715,8.809986519079468,,,0,s2,3
oracle,0.0,long_00009_4992-5105-1580,s3,coarse_to_fine,3,-32.07123073693285,4.2871349355757795,5.380654705452907,,,0,s3,3
oracle,400.0,long_00009_4992-5105-1580,s1,no_recursion,3,-19.54716949913745,9.495609229315932,8.694234041868773,,,0,s1,3
oracle,400.0,long_00009_4992-5105-1580,s2,no_recursion,3,-9.754342585169343,2.8787547750502633,9.423287284025342,,,0,s2,3
oracle,400.0,long_00009_4992-5105-1580,s3,no_recursion,3,-21.605011062478855,0.836523742255926,6.96328593844663,,,0,s3,3
oracle,400.0,long_00009_4992-5105-1580,s1,ungated_deflation,3,-19.54716949913745,9.495609229315932,8.694234041868773,0,0,0,s1,3
oracle,400.0,long_00009_4992-5105-1580,s2,ungated_deflation,3,-8.002626965379008,1.9558173187028407,12.688491783160483,1,1,0,s2,3
oracle,400.0,long_00009_4992-5105-1580,s3,ungated_deflation,3,-7.111946115446247,-2.642501401641353,22.774803277042857,2,2,0,s3,3
oracle,400.0,long_00009_4992-5105-1580,s1,gated_deflation,3,-19.54716949913745,9.495609229315932,8.694234041868773,0,0,0,s1,3
oracle,400.0,long_00009_4992-5105-1580,s2,gated_deflation,3,-8.002626965379008,1.9558173187028407,12.688491783160483,1,1,0,s2,3
oracle,400.0,long_00009_4992-5105-1580,s3,gated_deflation,3,-7.111946115446247,-2.642501401641353,22.774803277042857,2,2,0,s3,3
oracle,400.0,long_00009_4992-5105-1580,s1,coarse_to_fine,3,-19.54716949913745,9.495609229315932,8.694234041868773,,,0,s1,3
oracle,400.0,long_00009_4992-5105-1580,s2,coarse_to_fine,3,-9.754342585169343,2.8787547750502633,9.423287284025342,,,0,s2,3
oracle,400.0,long_00009_4992-5105-1580,s3,coarse_to_fine,3,-21.605011062478855,0.836523742255926,6.96328593844663,,,0,s3,3
real,0.0,long_00009_4992-5105-1580,s1,no_recursion,3,-18.145478059829074,5.512448498120182,3.7227615735126363,,,0,SPEAKER_02,3
real,0.0,long_00009_4992-5105-1580,s2,no_recursion,3,-12.432674258599059,3.6996971648999577,7.244312240002444,,,0,SPEAKER_00,3
real,0.0,long_00009_4992-5105-1580,s3,no_recursion,3,-25.26493544167126,1.506554503768982,3.399836185991016,,,0,SPEAKER_01,3
real,0.0,long_00009_4992-5105-1580,s1,ungated_deflation,3,-23.35762318017948,5.386936639739828,8.075002058892057,1,1,0,SPEAKER_02,3
real,0.0,long_00009_4992-5105-1580,s2,ungated_deflation,3,-12.432674258599059,3.6996971648999577,7.244312240002444,0,0,0,SPEAKER_00,3
real,0.0,long_00009_4992-5105-1580,s3,ungated_deflation,3,-9.964912216318101,3.5676402076221,16.803557510951933,2,2,0,SPEAKER_01,3
real,0.0,long_00009_4992-5105-1580,s1,gated_deflation,3,-23.35762318017948,5.386936639739828,8.075002058892057,1,1,0,SPEAKER_02,3
real,0.0,long_00009_4992-5105-1580,s2,gated_deflation,3,-12.432674258599059,3.6996971648999577,7.244312240002444,0,0,0,SPEAKER_00,3
real,0.0,long_00009_4992-5105-1580,s3,gated_deflation,3,-9.964912216318101,3.5676402076221,16.803557510951933,2,2,0,SPEAKER_01,3
real,0.0,long_00009_4992-5105-1580,s1,coarse_to_fine,3,-18.145478059829074,5.512448498120182,3.7227615735126363,,,0,SPEAKER_02,3
real,0.0,long_00009_4992-5105-1580,s2,coarse_to_fine,3,-12.432674258599059,3.6996971648999577,7.244312240002444,,,0,SPEAKER_00,3
real,0.0,long_00009_4992-5105-1580,s3,coarse_to_fine,3,-25.26493544167126,1.506554503768982,3.399836185991016,,,0,SPEAKER_01,3
real,400.0,long_00009_4992-5105-1580,s1,no_recursion,3,-20.63841230307096,8.14949793129223,4.500313886868267,,,0,SPEAKER_02,3
real,400.0,long_00009_4992-5105-1580,s2,no_recursion,3,-9.541744626644977,4.263785082299445,9.315363663553152,,,0,SPEAKER_00,3
real,400.0,long_00009_4992-5105-1580,s3,no_recursion,3,-21.94963716330718,5.693743626881574,6.639638960989051,,,0,SPEAKER_01,3
real,400.0,long_00009_4992-5105-1580,s1,ungated_deflation,3,-16.170395715745673,8.240941422112321,10.09740714376045,1,1,0,SPEAKER_02,3
real,400.0,long_00009_4992-5105-1580,s2,ungated_deflation,3,-9.541744626644977,4.263785082299445,9.315363663553152,0,0,0,SPEAKER_00,3
real,400.0,long_00009_4992-5105-1580,s3,ungated_deflation,3,-8.325478261062223,5.698645594523479,18.1992243064548,2,2,0,SPEAKER_01,3
real,400.0,long_00009_4992-5105-1580,s1,gated_deflation,3,-16.170395715745673,8.240941422112321,10.09740714376045,1,1,0,SPEAKER_02,3
real,400.0,long_00009_4992-5105-1580,s2,gated_deflation,3,-9.541744626644977,4.263785082299445,9.315363663553152,0,0,0,SPEAKER_00,3
real,400.0,long_00009_4992-5105-1580,s3,gated_deflation,3,-8.325478261062223,5.698645594523479,18.1992243064548,2,2,0,SPEAKER_01,3
real,400.0,long_00009_4992-5105-1580,s1,coarse_to_fine,3,-20.63841230307096,8.14949793129223,4.500313886868267,,,0,SPEAKER_02,3
real,400.0,long_00009_4992-5105-1580,s2,coarse_to_fine,3,-9.541744626644977,4.263785082299445,9.315363663553152,,,0,SPEAKER_00,3
real,400.0,long_00009_4992-5105-1580,s3,coarse_to_fine,3,-21.94963716330718,5.693743626881574,6.639638960989051,,,0,SPEAKER_01,3
oracle,0.0,long_00010_2300-1089-8463,s1,no_recursion,3,-17.380502053679542,8.744998427594217,11.862615459535835,,,0,s1,3
oracle,0.0,long_00010_2300-1089-8463,s2,no_recursion,3,-6.766643988624063,2.2908164979629966,11.81191769207386,,,0,s2,3
oracle,0.0,long_00010_2300-1089-8463,s3,no_recursion,3,-18.792649533147046,7.114457691119335,9.997410877956781,,,0,s3,3
oracle,0.0,long_00010_2300-1089-8463,s1,ungated_deflation,3,-17.380502053679542,8.744998427594217,11.862615459535835,0,0,0,s1,3
oracle,0.0,long_00010_2300-1089-8463,s2,ungated_deflation,3,-7.772902019463421,-1.2018705773373426,19.61052515288657,1,1,0,s2,3
oracle,0.0,long_00010_2300-1089-8463,s3,ungated_deflation,3,-11.252623510379674,2.735113886949584,20.822071892821565,2,2,0,s3,3
oracle,0.0,long_00010_2300-1089-8463,s1,gated_deflation,3,-17.380502053679542,8.744998427594217,11.862615459535835,0,0,0,s1,3
oracle,0.0,long_00010_2300-1089-8463,s2,gated_deflation,3,-7.772902019463421,-1.2018705773373426,19.61052515288657,1,1,0,s2,3
oracle,0.0,long_00010_2300-1089-8463,s3,gated_deflation,3,-11.252623510379674,2.735113886949584,20.822071892821565,2,2,0,s3,3
oracle,0.0,long_00010_2300-1089-8463,s1,coarse_to_fine,3,-17.380502053679542,8.744998427594217,11.862615459535835,,,0,s1,3
oracle,0.0,long_00010_2300-1089-8463,s2,coarse_to_fine,3,-6.766643988624063,2.2908164979629966,11.81191769207386,,,0,s2,3
oracle,0.0,long_00010_2300-1089-8463,s3,coarse_to_fine,3,-18.792649533147046,7.114457691119335,9.997410877956781,,,0,s3,3
oracle,400.0,long_00010_2300-1089-8463,s1,no_recursion,3,-16.804352400976956,5.2595630437125385,12.187601457521444,,,0,s1,3
oracle,400.0,long_00010_2300-1089-8463,s2,no_recursion,3,-5.985532481166544,-4.549491203529154,16.00543924579367,,,0,s2,3
oracle,400.0,long_00010_2300-1089-8463,s3,no_recursion,3,-18.096876587749,6.2681234359230364,10.285089015919144,,,0,s3,3
oracle,400.0,long_00010_2300-1089-8463,s1,ungated_deflation,3,-16.804352400976956,5.2595630437125385,12.187601457521444,0,0,0,s1,3
oracle,400.0,long_00010_2300-1089-8463,s2,ungated_deflation,3,-7.518375465354409,-4.683930905272867,23.32511269859448,1,1,0,s2,3
oracle,400.0,long_00010_2300-1089-8463,s3,ungated_deflation,3,-11.277262159223657,2.023968377108442,21.07710399922459,2,2,0,s3,3
oracle,400.0,long_00010_2300-1089-8463,s1,gated_deflation,3,-16.804352400976956,5.2595630437125385,12.187601457521444,0,0,0,s1,3
oracle,400.0,long_00010_2300-1089-8463,s2,gated_deflation,3,-7.518375465354409,-4.683930905272867,23.32511269859448,1,1,0,s2,3
oracle,400.0,long_00010_2300-1089-8463,s3,gated_deflation,3,-11.277262159223657,2.023968377108442,21.07710399922459,2,2,0,s3,3
oracle,400.0,long_00010_2300-1089-8463,s1,coarse_to_fine,3,-16.804352400976956,5.2595630437125385,12.187601457521444,,,0,s1,3
oracle,400.0,long_00010_2300-1089-8463,s2,coarse_to_fine,3,-5.985532481166544,-4.549491203529154,16.00543924579367,,,0,s2,3
oracle,400.0,long_00010_2300-1089-8463,s3,coarse_to_fine,3,-18.096876587749,6.2681234359230364,10.285089015919144,,,0,s3,3
real,0.0,long_00010_2300-1089-8463,s1,no_recursion,3,-17.252912842110973,9.173436867144861,11.862854003604344,,,0,SPEAKER_02,3
real,0.0,long_00010_2300-1089-8463,s2,no_recursion,3,-11.394279577731485,-2.403444434521336,8.401127576978617,,,0,SPEAKER_01,3
real,0.0,long_00010_2300-1089-8463,s3,no_recursion,3,-52.65613544622305,2.1745483491393562,7.0551389425560505,,,0,SPEAKER_00,3
real,0.0,long_00010_2300-1089-8463,s1,ungated_deflation,3,-17.252912842110973,9.173436867144861,11.862854003604344,0,0,0,SPEAKER_02,3
real,0.0,long_00010_2300-1089-8463,s2,ungated_deflation,3,-8.869834434495454,-2.7812251795156073,22.307818103781628,2,2,0,SPEAKER_01,3
real,0.0,long_00010_2300-1089-8463,s3,ungated_deflation,3,-38.00886335410079,0.5647207459823198,6.7199649519599856,1,1,0,SPEAKER_00,3
real,0.0,long_00010_2300-1089-8463,s1,gated_deflation,3,-17.252912842110973,9.173436867144861,11.862854003604344,0,0,0,SPEAKER_02,3
real,0.0,long_00010_2300-1089-8463,s2,gated_deflation,3,-8.869834434495454,-2.7812251795156073,22.307818103781628,2,2,0,SPEAKER_01,3
real,0.0,long_00010_2300-1089-8463,s3,gated_deflation,3,-38.00886335410079,0.5647207459823198,6.7199649519599856,1,1,0,SPEAKER_00,3
real,0.0,long_00010_2300-1089-8463,s1,coarse_to_fine,3,-17.252912842110973,9.173436867144861,11.862854003604344,,,0,SPEAKER_02,3
real,0.0,long_00010_2300-1089-8463,s2,coarse_to_fine,3,-11.394279577731485,-2.403444434521336,8.401127576978617,,,0,SPEAKER_01,3
real,0.0,long_00010_2300-1089-8463,s3,coarse_to_fine,3,-52.65613544622305,2.1745483491393562,7.0551389425560505,,,0,SPEAKER_00,3
real,400.0,long_00010_2300-1089-8463,s1,no_recursion,3,-17.19069233681271,9.217914582092119,11.885715928145245,,,0,SPEAKER_02,3
real,400.0,long_00010_2300-1089-8463,s2,no_recursion,3,-8.327450795167188,0.9599275118336714,9.756002628987545,,,0,SPEAKER_01,3
real,400.0,long_00010_2300-1089-8463,s3,no_recursion,3,-21.921618887589425,4.951143426338388,9.265953677248236,,,0,SPEAKER_00,3
real,400.0,long_00010_2300-1089-8463,s1,ungated_deflation,3,-17.19069233681271,9.217914582092119,11.885715928145245,0,0,0,SPEAKER_02,3
real,400.0,long_00010_2300-1089-8463,s2,ungated_deflation,3,-7.057450983668653,-0.6211144989392179,22.057593884343042,2,2,0,SPEAKER_01,3
real,400.0,long_00010_2300-1089-8463,s3,ungated_deflation,3,-23.324971113581874,3.200617752611918,9.130309703049273,1,1,0,SPEAKER_00,3
real,400.0,long_00010_2300-1089-8463,s1,gated_deflation,3,-17.19069233681271,9.217914582092119,11.885715928145245,0,0,0,SPEAKER_02,3
real,400.0,long_00010_2300-1089-8463,s2,gated_deflation,3,-7.057450983668653,-0.6211144989392179,22.057593884343042,2,2,0,SPEAKER_01,3
real,400.0,long_00010_2300-1089-8463,s3,gated_deflation,3,-23.324971113581874,3.200617752611918,9.130309703049273,1,1,0,SPEAKER_00,3
real,400.0,long_00010_2300-1089-8463,s1,coarse_to_fine,3,-17.19069233681271,9.217914582092119,11.885715928145245,,,0,SPEAKER_02,3
real,400.0,long_00010_2300-1089-8463,s2,coarse_to_fine,3,-8.327450795167188,0.9599275118336714,9.756002628987545,,,0,SPEAKER_01,3
real,400.0,long_00010_2300-1089-8463,s3,coarse_to_fine,3,-21.921618887589425,4.951143426338388,9.265953677248236,,,0,SPEAKER_00,3
oracle,0.0,long_00011_5683-7176-4507,s1,no_recursion,3,-24.01401134324341,4.616329743682774,4.98052025450073,,,0,s1,3
oracle,0.0,long_00011_5683-7176-4507,s2,no_recursion,3,-6.704663900495335,5.767666741204679,6.043742559198055,,,0,s2,3
oracle,0.0,long_00011_5683-7176-4507,s3,no_recursion,3,-16.534380506086862,6.972353227838019,6.981588409414638,,,0,s3,3
oracle,0.0,long_00011_5683-7176-4507,s1,ungated_deflation,3,-24.01401134324341,4.616329743682774,4.98052025450073,0,0,0,s1,3
oracle,0.0,long_00011_5683-7176-4507,s2,ungated_deflation,3,-6.033168334094676,3.0973410249407025,9.50243693453895,1,1,0,s2,3
oracle,0.0,long_00011_5683-7176-4507,s3,ungated_deflation,3,-32.987893661124545,4.106440075941507,11.156126211913186,2,2,0,s3,3
oracle,0.0,long_00011_5683-7176-4507,s1,gated_deflation,3,-24.01401134324341,4.616329743682774,4.98052025450073,0,0,0,s1,3
oracle,0.0,long_00011_5683-7176-4507,s2,gated_deflation,3,-6.033168334094676,3.0973410249407025,9.50243693453895,1,1,0,s2,3
oracle,0.0,long_00011_5683-7176-4507,s3,gated_deflation,3,-32.987893661124545,4.106440075941507,11.156126211913186,2,2,0,s3,3
oracle,0.0,long_00011_5683-7176-4507,s1,coarse_to_fine,3,-24.01401134324341,4.616329743682774,4.98052025450073,,,0,s1,3
oracle,0.0,long_00011_5683-7176-4507,s2,coarse_to_fine,3,-6.704663900495335,5.767666741204679,6.043742559198055,,,0,s2,3
oracle,0.0,long_00011_5683-7176-4507,s3,coarse_to_fine,3,-16.534380506086862,6.972353227838019,6.981588409414638,,,0,s3,3
oracle,400.0,long_00011_5683-7176-4507,s1,no_recursion,3,-20.4497915063073,2.7060338929469636,5.806633696728697,,,0,s1,3
oracle,400.0,long_00011_5683-7176-4507,s2,no_recursion,3,-5.936376665462552,3.59983729599175,7.428724751131193,,,0,s2,3
oracle,400.0,long_00011_5683-7176-4507,s3,no_recursion,3,-17.422948461960534,3.9382999187619623,7.179691458447107,,,0,s3,3
oracle,400.0,long_00011_5683-7176-4507,s1,ungated_deflation,3,-20.4497915063073,2.7060338929469636,5.806633696728697,0,0,0,s1,3
oracle,400.0,long_00011_5683-7176-4507,s2,ungated_deflation,3,-5.846789335330417,1.3697877674514811,10.427698174196841,1,1,0,s2,3
oracle,400.0,long_00011_5683-7176-4507,s3,ungated_deflation,3,-28.652423377391003,2.7771385399044473,11.65358328328298,2,2,0,s3,3
oracle,400.0,long_00011_5683-7176-4507,s1,gated_deflation,3,-20.4497915063073,2.7060338929469636,5.806633696728697,0,0,0,s1,3
oracle,400.0,long_00011_5683-7176-4507,s2,gated_deflation,3,-5.846789335330417,1.3697877674514811,10.427698174196841,1,1,0,s2,3
oracle,400.0,long_00011_5683-7176-4507,s3,gated_deflation,3,-28.652423377391003,2.7771385399044473,11.65358328328298,2,2,0,s3,3
oracle,400.0,long_00011_5683-7176-4507,s1,coarse_to_fine,3,-20.4497915063073,2.7060338929469636,5.806633696728697,,,0,s1,3
oracle,400.0,long_00011_5683-7176-4507,s2,coarse_to_fine,3,-5.936376665462552,3.59983729599175,7.428724751131193,,,0,s2,3
oracle,400.0,long_00011_5683-7176-4507,s3,coarse_to_fine,3,-17.422948461960534,3.9382999187619623,7.179691458447107,,,0,s3,3
real,0.0,long_00011_5683-7176-4507,s1,no_recursion,3,-26.83426333658852,2.1903774757076775,2.4686122029132367,,,0,SPEAKER_00,3
real,0.0,long_00011_5683-7176-4507,s2,no_recursion,3,-8.589677603619544,2.2131663506224166,5.4911828492062735,,,0,SPEAKER_01,3
real,0.0,long_00011_5683-7176-4507,s3,no_recursion,3,-15.6289287476941,6.93018805939722,6.644780180927807,,,0,SPEAKER_02,3
real,0.0,long_00011_5683-7176-4507,s1,ungated_deflation,3,-16.864945188118767,4.886746761595054,6.982115392427769,1,1,0,SPEAKER_00,3
real,0.0,long_00011_5683-7176-4507,s2,ungated_deflation,3,-7.988074734940314,0.5455493862200923,8.445839823916318,2,2,0,SPEAKER_01,3
real,0.0,long_00011_5683-7176-4507,s3,ungated_deflation,3,-15.6289287476941,6.93018805939722,6.644780180927807,0,0,0,SPEAKER_02,3
real,0.0,long_00011_5683-7176-4507,s1,gated_deflation,3,-16.864945188118767,4.886746761595054,6.982115392427769,1,1,0,SPEAKER_00,3
real,0.0,long_00011_5683-7176-4507,s2,gated_deflation,3,-7.988074734940314,0.5455493862200923,8.445839823916318,2,2,0,SPEAKER_01,3
real,0.0,long_00011_5683-7176-4507,s3,gated_deflation,3,-15.6289287476941,6.93018805939722,6.644780180927807,0,0,0,SPEAKER_02,3
real,0.0,long_00011_5683-7176-4507,s1,coarse_to_fine,3,-26.83426333658852,2.1903774757076775,2.4686122029132367,,,0,SPEAKER_00,3
real,0.0,long_00011_5683-7176-4507,s2,coarse_to_fine,3,-8.589677603619544,2.2131663506224166,5.4911828492062735,,,0,SPEAKER_01,3
real,0.0,long_00011_5683-7176-4507,s3,coarse_to_fine,3,-15.6289287476941,6.93018805939722,6.644780180927807,,,0,SPEAKER_02,3
real,400.0,long_00011_5683-7176-4507,s1,no_recursion,3,-31.533108159043714,2.0749398340873864,4.181016269399517,,,0,SPEAKER_00,3
real,400.0,long_00011_5683-7176-4507,s2,no_recursion,3,-5.301310310534082,3.5005376627795597,9.02984726943639,,,0,SPEAKER_01,3
real,400.0,long_00011_5683-7176-4507,s3,no_recursion,3,-19.328896482074125,4.489585794307413,7.803561105884784,,,0,SPEAKER_02,3
real,400.0,long_00011_5683-7176-4507,s1,ungated_deflation,3,-13.292711123665143,3.4615332006077497,8.75311913214942,1,1,0,SPEAKER_00,3
real,400.0,long_00011_5683-7176-4507,s2,ungated_deflation,3,-6.725951619749546,1.3071704981199064,9.379977949478807,2,2,0,SPEAKER_01,3
real,400.0,long_00011_5683-7176-4507,s3,ungated_deflation,3,-19.328896482074125,4.489585794307413,7.803561105884784,0,0,0,SPEAKER_02,3
real,400.0,long_00011_5683-7176-4507,s1,gated_deflation,3,-13.292711123665143,3.4615332006077497,8.75311913214942,1,1,0,SPEAKER_00,3
real,400.0,long_00011_5683-7176-4507,s2,gated_deflation,3,-6.725951619749546,1.3071704981199064,9.379977949478807,2,2,0,SPEAKER_01,3
real,400.0,long_00011_5683-7176-4507,s3,gated_deflation,3,-19.328896482074125,4.489585794307413,7.803561105884784,0,0,0,SPEAKER_02,3
real,400.0,long_00011_5683-7176-4507,s1,coarse_to_fine,3,-31.533108159043714,2.0749398340873864,4.181016269399517,,,0,SPEAKER_00,3
real,400.0,long_00011_5683-7176-4507,s2,coarse_to_fine,3,-5.301310310534082,3.5005376627795597,9.02984726943639,,,0,SPEAKER_01,3
real,400.0,long_00011_5683-7176-4507,s3,coarse_to_fine,3,-19.328896482074125,4.489585794307413,7.803561105884784,,,0,SPEAKER_02,3
oracle,0.0,long_00012_1284-2300-3570,s1,no_recursion,3,-17.901484713483708,-0.46106500682512047,6.590434660511905,,,0,s1,3
oracle,0.0,long_00012_1284-2300-3570,s2,no_recursion,3,-4.934805218197294,5.940250871611042,11.00726288443999,,,0,s2,3
oracle,0.0,long_00012_1284-2300-3570,s3,no_recursion,3,-20.154576103703967,3.678830169121752,9.782110614101935,,,0,s3,3
oracle,0.0,long_00012_1284-2300-3570,s1,ungated_deflation,3,-17.901484713483708,-0.46106500682512047,6.590434660511905,0,0,0,s1,3
oracle,0.0,long_00012_1284-2300-3570,s2,ungated_deflation,3,-5.202086969566605,2.622442050401787,16.28202171686933,1,1,0,s2,3
oracle,0.0,long_00012_1284-2300-3570,s3,ungated_deflation,3,-11.966414804258035,1.2646111768526291,21.311058158215946,2,2,0,s3,3
oracle,0.0,long_00012_1284-2300-3570,s1,gated_deflation,3,-17.901484713483708,-0.46106500682512047,6.590434660511905,0,0,0,s1,3
oracle,0.0,long_00012_1284-2300-3570,s2,gated_deflation,3,-5.202086969566605,2.622442050401787,16.28202171686933,1,1,0,s2,3
oracle,0.0,long_00012_1284-2300-3570,s3,gated_deflation,3,-11.966414804258035,1.2646111768526291,21.311058158215946,2,2,0,s3,3
oracle,0.0,long_00012_1284-2300-3570,s1,coarse_to_fine,3,-17.901484713483708,-0.46106500682512047,6.590434660511905,,,0,s1,3
oracle,0.0,long_00012_1284-2300-3570,s2,coarse_to_fine,3,-4.934805218197294,5.940250871611042,11.00726288443999,,,0,s2,3
oracle,0.0,long_00012_1284-2300-3570,s3,coarse_to_fine,3,-20.154576103703967,3.678830169121752,9.782110614101935,,,0,s3,3
oracle,400.0,long_00012_1284-2300-3570,s1,no_recursion,3,-18.875659538944078,-0.8334975269929185,7.015960909896583,,,0,s1,3
oracle,400.0,long_00012_1284-2300-3570,s2,no_recursion,3,-4.6756072517613685,2.7738195416301443,12.019630268693206,,,0,s2,3
oracle,400.0,long_00012_1284-2300-3570,s3,no_recursion,3,-18.94989225927402,1.808390618697855,10.34390791424874,,,0,s3,3
oracle,400.0,long_00012_1284-2300-3570,s1,ungated_deflation,3,-18.875659538944078,-0.8334975269929185,7.015960909896583,0,0,0,s1,3
oracle,400.0,long_00012_1284-2300-3570,s2,ungated_deflation,3,-5.054347920341621,1.0401110582012096,17.185369476634946,1,1,0,s2,3
oracle,400.0,long_00012_1284-2300-3570,s3,ungated_deflation,3,-11.907476976603206,0.22056187506195482,21.853908354866363,2,2,0,s3,3
oracle,400.0,long_00012_1284-2300-3570,s1,gated_deflation,3,-18.875659538944078,-0.8334975269929185,7.015960909896583,0,0,0,s1,3
oracle,400.0,long_00012_1284-2300-3570,s2,gated_deflation,3,-5.054347920341621,1.0401110582012096,17.185369476634946,1,1,0,s2,3
oracle,400.0,long_00012_1284-2300-3570,s3,gated_deflation,3,-11.907476976603206,0.22056187506195482,21.853908354866363,2,2,0,s3,3
oracle,400.0,long_00012_1284-2300-3570,s1,coarse_to_fine,3,-18.875659538944078,-0.8334975269929185,7.015960909896583,,,0,s1,3
oracle,400.0,long_00012_1284-2300-3570,s2,coarse_to_fine,3,-4.6756072517613685,2.7738195416301443,12.019630268693206,,,0,s2,3
oracle,400.0,long_00012_1284-2300-3570,s3,coarse_to_fine,3,-18.94989225927402,1.808390618697855,10.34390791424874,,,0,s3,3
real,0.0,long_00012_1284-2300-3570,s1,no_recursion,3,-15.401259637720074,-0.09194089857231845,5.540765037141133,,,0,SPEAKER_00,3
real,0.0,long_00012_1284-2300-3570,s2,no_recursion,3,-5.76086000071519,5.503009755840765,9.496984763426674,,,0,SPEAKER_02,3
real,0.0,long_00012_1284-2300-3570,s3,no_recursion,3,-38.13598026585508,1.9615187601502115,6.537399320151415,,,0,SPEAKER_01,3
real,0.0,long_00012_1284-2300-3570,s1,ungated_deflation,3,-15.401259637720074,-0.09194089857231845,5.540765037141133,0,0,0,SPEAKER_00,3
real,0.0,long_00012_1284-2300-3570,s2,ungated_deflation,3,-5.510601444359137,2.620788514398144,14.70582773347903,1,1,0,SPEAKER_02,3
real,0.0,long_00012_1284-2300-3570,s3,ungated_deflation,3,-15.018942251456693,-1.5567812540748687,18.67987798460805,2,2,0,SPEAKER_01,3
real,0.0,long_00012_1284-2300-3570,s1,gated_deflation,3,-15.401259637720074,-0.09194089857231845,5.540765037141133,0,0,0,SPEAKER_00,3
real,0.0,long_00012_1284-2300-3570,s2,gated_deflation,3,-5.510601444359137,2.620788514398144,14.70582773347903,1,1,0,SPEAKER_02,3
real,0.0,long_00012_1284-2300-3570,s3,gated_deflation,3,-36.69809822665406,2.2777788800426606,7.317054908968615,2,1,0,SPEAKER_01,3
real,0.0,long_00012_1284-2300-3570,s1,coarse_to_fine,3,-15.401259637720074,-0.09194089857231845,5.540765037141133,,,0,SPEAKER_00,3
real,0.0,long_00012_1284-2300-3570,s2,coarse_to_fine,3,-5.76086000071519,5.503009755840765,9.496984763426674,,,0,SPEAKER_02,3
real,0.0,long_00012_1284-2300-3570,s3,coarse_to_fine,3,-38.13598026585508,1.9615187601502115,6.537399320151415,,,0,SPEAKER_01,3
real,400.0,long_00012_1284-2300-3570,s1,no_recursion,3,-16.637269766059628,0.992702635697523,6.4954991843224406,,,0,SPEAKER_00,3
real,400.0,long_00012_1284-2300-3570,s2,no_recursion,3,-4.913460979129158,5.876489047193906,10.971862144311263,,,0,SPEAKER_02,3
real,400.0,long_00012_1284-2300-3570,s3,no_recursion,3,-19.90963734750244,3.1347572167452276,9.896059794180092,,,0,SPEAKER_01,3
real,400.0,long_00012_1284-2300-3570,s1,ungated_deflation,3,-29.89357948878247,-5.917411391903587,14.480192093315914,2,2,0,SPEAKER_00,3
real,400.0,long_00012_1284-2300-3570,s2,ungated_deflation,3,-6.169882906922779,0.7822366020495252,17.881057032964947,1,1,0,SPEAKER_02,3
real,400.0,long_00012_1284-2300-3570,s3,ungated_deflation,3,-19.90963734750244,3.1347572167452276,9.896059794180092,0,0,0,SPEAKER_01,3
real,400.0,long_00012_1284-2300-3570,s1,gated_deflation,3,-29.89357948878247,-5.917411391903587,14.480192093315914,2,2,0,SPEAKER_00,3
real,400.0,long_00012_1284-2300-3570,s2,gated_deflation,3,-6.169882906922779,0.7822366020495252,17.881057032964947,1,1,0,SPEAKER_02,3
real,400.0,long_00012_1284-2300-3570,s3,gated_deflation,3,-19.90963734750244,3.1347572167452276,9.896059794180092,0,0,0,SPEAKER_01,3
real,400.0,long_00012_1284-2300-3570,s1,coarse_to_fine,3,-16.637269766059628,0.992702635697523,6.4954991843224406,,,0,SPEAKER_00,3
real,400.0,long_00012_1284-2300-3570,s2,coarse_to_fine,3,-4.913460979129158,5.876489047193906,10.971862144311263,,,0,SPEAKER_02,3
real,400.0,long_00012_1284-2300-3570,s3,coarse_to_fine,3,-19.90963734750244,3.1347572167452276,9.896059794180092,,,0,SPEAKER_01,3
oracle,0.0,long_00013_4970-121-1320,s1,no_recursion,3,-29.84097715598423,6.455391919356565,9.655773641062456,,,0,s1,3
oracle,0.0,long_00013_4970-121-1320,s2,no_recursion,3,-8.116178182615577,0.626082913327356,7.970492213422428,,,0,s2,3
oracle,0.0,long_00013_4970-121-1320,s3,no_recursion,3,-5.160637295278182,9.592382622247062,10.810214350215698,,,0,s3,3
oracle,0.0,long_00013_4970-121-1320,s1,ungated_deflation,3,-29.84097715598423,6.455391919356565,9.655773641062456,0,0,0,s1,3
oracle,0.0,long_00013_4970-121-1320,s2,ungated_deflation,3,-7.962826277713113,-2.010219056119273,16.57804258994909,1,1,0,s2,3
oracle,0.0,long_00013_4970-121-1320,s3,ungated_deflation,3,-2.732965553034936,7.581985837996403,22.155511228846287,2,2,0,s3,3
oracle,0.0,long_00013_4970-121-1320,s1,gated_deflation,3,-29.84097715598423,6.455391919356565,9.655773641062456,0,0,0,s1,3
oracle,0.0,long_00013_4970-121-1320,s2,gated_deflation,3,-7.962826277713113,-2.010219056119273,16.57804258994909,1,1,0,s2,3
oracle,0.0,long_00013_4970-121-1320,s3,gated_deflation,3,-2.732965553034936,7.581985837996403,22.155511228846287,2,2,0,s3,3
oracle,0.0,long_00013_4970-121-1320,s1,coarse_to_fine,3,-29.84097715598423,6.455391919356565,9.655773641062456,,,0,s1,3
oracle,0.0,long_00013_4970-121-1320,s2,coarse_to_fine,3,-8.116178182615577,0.626082913327356,7.970492213422428,,,0,s2,3
oracle,0.0,long_00013_4970-121-1320,s3,coarse_to_fine,3,-5.160637295278182,9.592382622247062,10.810214350215698,,,0,s3,3
oracle,400.0,long_00013_4970-121-1320,s1,no_recursion,3,-26.131639603408658,3.704505279850856,10.14652306240685,,,0,s1,3
oracle,400.0,long_00013_4970-121-1320,s2,no_recursion,3,-7.2241011491651586,-2.819448471767489,10.960313762283874,,,0,s2,3
oracle,400.0,long_00013_4970-121-1320,s3,no_recursion,3,-5.470832569329456,6.819015236950111,10.511105987994627,,,0,s3,3
oracle,400.0,long_00013_4970-121-1320,s1,ungated_deflation,3,-26.131639603408658,3.704505279850856,10.14652306240685,0,0,0,s1,3
oracle,400.0,long_00013_4970-121-1320,s2,ungated_deflation,3,-7.512273236964443,-4.302916051505373,19.65242072484373,1,1,0,s2,3
oracle,400.0,long_00013_4970-121-1320,s3,ungated_deflation,3,-2.7598349284642287,6.38944052964322,22.438577178117193,2,2,0,s3,3
oracle,400.0,long_00013_4970-121-1320,s1,gated_deflation,3,-26.131639603408658,3.704505279850856,10.14652306240685,0,0,0,s1,3
oracle,400.0,long_00013_4970-121-1320,s2,gated_deflation,3,-7.512273236964443,-4.302916051505373,19.65242072484373,1,1,0,s2,3
oracle,400.0,long_00013_4970-121-1320,s3,gated_deflation,3,-2.7598349284642287,6.38944052964322,22.438577178117193,2,2,0,s3,3
oracle,400.0,long_00013_4970-121-1320,s1,coarse_to_fine,3,-26.131639603408658,3.704505279850856,10.14652306240685,,,0,s1,3
oracle,400.0,long_00013_4970-121-1320,s2,coarse_to_fine,3,-7.2241011491651586,-2.819448471767489,10.960313762283874,,,0,s2,3
oracle,400.0,long_00013_4970-121-1320,s3,coarse_to_fine,3,-5.470832569329456,6.819015236950111,10.511105987994627,,,0,s3,3
real,0.0,long_00013_4970-121-1320,s1,no_recursion,3,-34.05700796261193,5.705467580124777,9.346685664985191,,,0,SPEAKER_02,3
real,0.0,long_00013_4970-121-1320,s2,no_recursion,3,-9.949672870141503,-0.609749123883436,5.9828802116583715,,,0,SPEAKER_00,3
real,0.0,long_00013_4970-121-1320,s3,no_recursion,3,-8.245077697362165,5.062526322532611,7.917111369260543,,,0,SPEAKER_01,3
real,0.0,long_00013_4970-121-1320,s1,ungated_deflation,3,-17.095182259556005,5.742217347286039,13.13899879229288,1,1,0,SPEAKER_02,3
real,0.0,long_00013_4970-121-1320,s2,ungated_deflation,3,-7.313526070661678,-1.5581490156914424,19.078936275108127,2,2,0,SPEAKER_00,3
real,0.0,long_00013_4970-121-1320,s3,ungated_deflation,3,-8.245077697362165,5.062526322532611,7.917111369260543,0,0,0,SPEAKER_01,3
real,0.0,long_00013_4970-121-1320,s1,gated_deflation,3,-17.095182259556005,5.742217347286039,13.13899879229288,1,1,0,SPEAKER_02,3
real,0.0,long_00013_4970-121-1320,s2,gated_deflation,3,-7.313526070661678,-1.5581490156914424,19.078936275108127,2,2,0,SPEAKER_00,3
real,0.0,long_00013_4970-121-1320,s3,gated_deflation,3,-8.245077697362165,5.062526322532611,7.917111369260543,0,0,0,SPEAKER_01,3
real,0.0,long_00013_4970-121-1320,s1,coarse_to_fine,3,-34.05700796261193,5.705467580124777,9.346685664985191,,,0,SPEAKER_02,3
real,0.0,long_00013_4970-121-1320,s2,coarse_to_fine,3,-9.949672870141503,-0.609749123883436,5.9828802116583715,,,0,SPEAKER_00,3
real,0.0,long_00013_4970-121-1320,s3,coarse_to_fine,3,-8.245077697362165,5.062526322532611,7.917111369260543,,,0,SPEAKER_01,3
real,400.0,long_00013_4970-121-1320,s1,no_recursion,3,-32.538322069704364,5.653484362669375,9.451221226989626,,,0,SPEAKER_02,3
real,400.0,long_00013_4970-121-1320,s2,no_recursion,3,-9.296163188546714,-0.1092534419581927,6.548094836444882,,,0,SPEAKER_00,3
real,400.0,long_00013_4970-121-1320,s3,no_recursion,3,-6.381489357718062,8.268913604899371,9.176870081336899,,,0,SPEAKER_01,3
real,400.0,long_00013_4970-121-1320,s1,ungated_deflation,3,-17.069406832915096,5.600163277134103,13.196880123674346,1,1,0,SPEAKER_02,3
real,400.0,long_00013_4970-121-1320,s2,ungated_deflation,3,-7.205312315503274,-1.4509593478607217,19.28845029800972,2,2,0,SPEAKER_00,3
real,400.0,long_00013_4970-121-1320,s3,ungated_deflation,3,-6.381489357718062,8.268913604899371,9.176870081336899,0,0,0,SPEAKER_01,3
real,400.0,long_00013_4970-121-1320,s1,gated_deflation,3,-17.069406832915096,5.600163277134103,13.196880123674346,1,1,0,SPEAKER_02,3
real,400.0,long_00013_4970-121-1320,s2,gated_deflation,3,-7.205312315503274,-1.4509593478607217,19.28845029800972,2,2,0,SPEAKER_00,3
real,400.0,long_00013_4970-121-1320,s3,gated_deflation,3,-6.381489357718062,8.268913604899371,9.176870081336899,0,0,0,SPEAKER_01,3
real,400.0,long_00013_4970-121-1320,s1,coarse_to_fine,3,-32.538322069704364,5.653484362669375,9.451221226989626,,,0,SPEAKER_02,3
real,400.0,long_00013_4970-121-1320,s2,coarse_to_fine,3,-9.296163188546714,-0.1092534419581927,6.548094836444882,,,0,SPEAKER_00,3
real,400.0,long_00013_4970-121-1320,s3,coarse_to_fine,3,-6.381489357718062,8.268913604899371,9.176870081336899,,,0,SPEAKER_01,3
oracle,0.0,long_00014_6829-2094-7021,s1,no_recursion,3,-37.0215843995871,3.839134662839671,9.382497371979014,,,0,s1,3
oracle,0.0,long_00014_6829-2094-7021,s2,no_recursion,3,-14.537823818889724,5.731852463031761,7.773360494372833,,,0,s2,3
oracle,0.0,long_00014_6829-2094-7021,s3,no_recursion,3,-8.05214152862015,5.997321587080445,9.103513547538462,,,0,s3,3
oracle,0.0,long_00014_6829-2094-7021,s1,ungated_deflation,3,-37.0215843995871,3.839134662839671,9.382497371979014,0,0,0,s1,3
oracle,0.0,long_00014_6829-2094-7021,s2,ungated_deflation,3,-10.353768454442086,2.6486449470628837,14.007649500537308,1,1,0,s2,3
oracle,0.0,long_00014_6829-2094-7021,s3,ungated_deflation,3,-5.697762367754117,3.869522031203144,17.86182030011538,2,2,0,s3,3
oracle,0.0,long_00014_6829-2094-7021,s1,gated_deflation,3,-37.0215843995871,3.839134662839671,9.382497371979014,0,0,0,s1,3
oracle,0.0,long_00014_6829-2094-7021,s2,gated_deflation,3,-10.353768454442086,2.6486449470628837,14.007649500537308,1,1,0,s2,3
oracle,0.0,long_00014_6829-2094-7021,s3,gated_deflation,3,-5.697762367754117,3.869522031203144,17.86182030011538,2,2,0,s3,3
oracle,0.0,long_00014_6829-2094-7021,s1,coarse_to_fine,3,-37.0215843995871,3.839134662839671,9.382497371979014,,,0,s1,3
oracle,0.0,long_00014_6829-2094-7021,s2,coarse_to_fine,3,-14.537823818889724,5.731852463031761,7.773360494372833,,,0,s2,3
oracle,0.0,long_00014_6829-2094-7021,s3,coarse_to_fine,3,-8.05214152862015,5.997321587080445,9.103513547538462,,,0,s3,3
oracle,400.0,long_00014_6829-2094-7021,s1,no_recursion,3,-34.050562109599085,3.373632848459853,9.559294584535744,,,0,s1,3
oracle,400.0,long_00014_6829-2094-7021,s2,no_recursion,3,-13.948883710678658,3.1419957344362937,8.277597551929642,,,0,s2,3
oracle,400.0,long_00014_6829-2094-7021,s3,no_recursion,3,-7.872894240007803,4.8603030343846445,9.446669708161329,,,0,s3,3
oracle,400.0,long_00014_6829-2094-7021,s1,ungated_deflation,3,-34.050562109599085,3.373632848459853,9.559294584535744,0,0,0,s1,3
oracle,400.0,long_00014_6829-2094-7021,s2,ungated_deflation,3,-10.103480438695264,0.9556130428586183,14.687810308035614,1,1,0,s2,3
oracle,400.0,long_00014_6829-2094-7021,s3,ungated_deflation,3,-5.652757067859364,3.331660579512525,18.141294367000942,2,2,0,s3,3
oracle,400.0,long_00014_6829-2094-7021,s1,gated_deflation,3,-34.050562109599085,3.373632848459853,9.559294584535744,0,0,0,s1,3
oracle,400.0,long_00014_6829-2094-7021,s2,gated_deflation,3,-10.103480438695264,0.9556130428586183,14.687810308035614,1,1,0,s2,3
oracle,400.0,long_00014_6829-2094-7021,s3,gated_deflation,3,-5.652757067859364,3.331660579512525,18.141294367000942,2,2,0,s3,3
oracle,400.0,long_00014_6829-2094-7021,s1,coarse_to_fine,3,-34.050562109599085,3.373632848459853,9.559294584535744,,,0,s1,3
oracle,400.0,long_00014_6829-2094-7021,s2,coarse_to_fine,3,-13.948883710678658,3.1419957344362937,8.277597551929642,,,0,s2,3
oracle,400.0,long_00014_6829-2094-7021,s3,coarse_to_fine,3,-7.872894240007803,4.8603030343846445,9.446669708161329,,,0,s3,3
real,0.0,long_00014_6829-2094-7021,s1,no_recursion,3,-17.473428103930427,-1.4900439722444772,4.338286870090726,,,0,SPEAKER_01,3
real,0.0,long_00014_6829-2094-7021,s2,no_recursion,3,-36.65148116409949,1.4211340030660604,3.718021374118835,,,0,SPEAKER_02,3
real,0.0,long_00014_6829-2094-7021,s3,no_recursion,3,-9.85770609909128,3.973102283217926,7.78117122968818,,,0,SPEAKER_00,3
real,0.0,long_00014_6829-2094-7021,s1,ungated_deflation,3,-17.473428103930427,-1.4900439722444772,4.338286870090726,0,0,0,SPEAKER_01,3
real,0.0,long_00014_6829-2094-7021,s2,ungated_deflation,3,-11.339909820909284,1.7670580481580809,13.138908860664229,2,2,0,SPEAKER_02,3
real,0.0,long_00014_6829-2094-7021,s3,ungated_deflation,3,-9.957099517490844,3.2063326114505326,8.11159943305346,1,1,0,SPEAKER_00,3
real,0.0,long_00014_6829-2094-7021,s1,gated_deflation,3,-17.473428103930427,-1.4900439722444772,4.338286870090726,0,0,0,SPEAKER_01,3
real,0.0,long_00014_6829-2094-7021,s2,gated_deflation,3,-11.339909820909284,1.7670580481580809,13.138908860664229,2,2,0,SPEAKER_02,3
real,0.0,long_00014_6829-2094-7021,s3,gated_deflation,3,-9.957099517490844,3.2063326114505326,8.11159943305346,1,1,0,SPEAKER_00,3
real,0.0,long_00014_6829-2094-7021,s1,coarse_to_fine,3,-17.473428103930427,-1.4900439722444772,4.338286870090726,,,0,SPEAKER_01,3
real,0.0,long_00014_6829-2094-7021,s2,coarse_to_fine,3,-36.65148116409949,1.4211340030660604,3.718021374118835,,,0,SPEAKER_02,3
real,0.0,long_00014_6829-2094-7021,s3,coarse_to_fine,3,-9.85770609909128,3.973102283217926,7.78117122968818,,,0,SPEAKER_00,3
real,400.0,long_00014_6829-2094-7021,s1,no_recursion,3,-30.613670762098565,2.197818581523745,8.05146257507129,,,0,SPEAKER_01,3
real,400.0,long_00014_6829-2094-7021,s2,no_recursion,3,-21.29559002935174,3.6124397337919723,5.40450506396976,,,0,SPEAKER_02,3
real,400.0,long_00014_6829-2094-7021,s3,no_recursion,3,-8.594860902881432,5.433713499291056,8.630817031249347,,,0,SPEAKER_00,3
real,400.0,long_00014_6829-2094-7021,s1,ungated_deflation,3,-16.485904934461246,1.0045528916438202,16.59166366953049,1,1,0,SPEAKER_01,3
real,400.0,long_00014_6829-2094-7021,s2,ungated_deflation,3,-21.29559002935174,3.6124397337919723,5.40450506396976,0,0,0,SPEAKER_02,3
real,400.0,long_00014_6829-2094-7021,s3,ungated_deflation,3,-8.190249367933632,2.830930788269917,11.46670962958266,2,2,0,SPEAKER_00,3
real,400.0,long_00014_6829-2094-7021,s1,gated_deflation,3,-16.485904934461246,1.0045528916438202,16.59166366953049,1,1,0,SPEAKER_01,3
real,400.0,long_00014_6829-2094-7021,s2,gated_deflation,3,-21.29559002935174,3.6124397337919723,5.40450506396976,0,0,0,SPEAKER_02,3
real,400.0,long_00014_6829-2094-7021,s3,gated_deflation,3,-8.190249367933632,2.830930788269917,11.46670962958266,2,2,0,SPEAKER_00,3
real,400.0,long_00014_6829-2094-7021,s1,coarse_to_fine,3,-30.613670762098565,2.197818581523745,8.05146257507129,,,0,SPEAKER_01,3
real,400.0,long_00014_6829-2094-7021,s2,coarse_to_fine,3,-21.29559002935174,3.6124397337919723,5.40450506396976,,,0,SPEAKER_02,3
real,400.0,long_00014_6829-2094-7021,s3,coarse_to_fine,3,-8.594860902881432,5.433713499291056,8.630817031249347,,,0,SPEAKER_00,3
oracle,0.0,long_00015_4992-1089-4970,s1,no_recursion,3,-15.048121478701251,10.755047037665381,8.888278462742521,,,0,s1,3
oracle,0.0,long_00015_4992-1089-4970,s2,no_recursion,3,-6.5406885075250445,6.046936486551604,10.576693520259115,,,0,s2,3
oracle,0.0,long_00015_4992-1089-4970,s3,no_recursion,3,-19.701886347624548,13.946419778993072,10.227640822814035,,,0,s3,3
oracle,0.0,long_00015_4992-1089-4970,s1,ungated_deflation,3,-15.048121478701251,10.755047037665381,8.888278462742521,0,0,0,s1,3
oracle,0.0,long_00015_4992-1089-4970,s2,ungated_deflation,3,-6.568637734184825,3.415851859707897,13.537873107198964,1,1,0,s2,3
oracle,0.0,long_00015_4992-1089-4970,s3,ungated_deflation,3,-12.4323195623312,11.36291406580131,21.155151479002416,2,2,0,s3,3
oracle,0.0,long_00015_4992-1089-4970,s1,gated_deflation,3,-15.048121478701251,10.755047037665381,8.888278462742521,0,0,0,s1,3
oracle,0.0,long_00015_4992-1089-4970,s2,gated_deflation,3,-6.568637734184825,3.415851859707897,13.537873107198964,1,1,0,s2,3
oracle,0.0,long_00015_4992-1089-4970,s3,gated_deflation,3,-12.4323195623312,11.36291406580131,21.155151479002416,2,2,0,s3,3
oracle,0.0,long_00015_4992-1089-4970,s1,coarse_to_fine,3,-15.048121478701251,10.755047037665381,8.888278462742521,,,0,s1,3
oracle,0.0,long_00015_4992-1089-4970,s2,coarse_to_fine,3,-6.5406885075250445,6.046936486551604,10.576693520259115,,,0,s2,3
oracle,0.0,long_00015_4992-1089-4970,s3,coarse_to_fine,3,-19.701886347624548,13.946419778993072,10.227640822814035,,,0,s3,3
oracle,400.0,long_00015_4992-1089-4970,s1,no_recursion,3,-13.807446392977099,3.68535875679973,9.737254659560877,,,0,s1,3
oracle,400.0,long_00015_4992-1089-4970,s2,no_recursion,3,-6.248841836708662,3.0937899821402173,11.389876106761207,,,0,s2,3
oracle,400.0,long_00015_4992-1089-4970,s3,no_recursion,3,-20.56655015216711,8.132576905845744,10.393319319093665,,,0,s3,3
oracle,400.0,long_00015_4992-1089-4970,s1,ungated_deflation,3,-13.807446392977099,3.68535875679973,9.737254659560877,0,0,0,s1,3
oracle,400.0,long_00015_4992-1089-4970,s2,ungated_deflation,3,-6.264449180308665,1.2933171871311862,14.505926240222164,1,1,0,s2,3
oracle,400.0,long_00015_4992-1089-4970,s3,ungated_deflation,3,-12.2658285068772,6.345623915301894,21.449734833867716,2,2,0,s3,3
oracle,400.0,long_00015_4992-1089-4970,s1,gated_deflation,3,-13.807446392977099,3.68535875679973,9.737254659560877,0,0,0,s1,3
oracle,400.0,long_00015_4992-1089-4970,s2,gated_deflation,3,-6.264449180308665,1.2933171871311862,14.505926240222164,1,1,0,s2,3
oracle,400.0,long_00015_4992-1089-4970,s3,gated_deflation,3,-12.2658285068772,6.345623915301894,21.449734833867716,2,2,0,s3,3
oracle,400.0,long_00015_4992-1089-4970,s1,coarse_to_fine,3,-13.807446392977099,3.68535875679973,9.737254659560877,,,0,s1,3
oracle,400.0,long_00015_4992-1089-4970,s2,coarse_to_fine,3,-6.248841836708662,3.0937899821402173,11.389876106761207,,,0,s2,3
oracle,400.0,long_00015_4992-1089-4970,s3,coarse_to_fine,3,-20.56655015216711,8.132576905845744,10.393319319093665,,,0,s3,3
real,0.0,long_00015_4992-1089-4970,s1,no_recursion,3,-31.076703350988574,7.091711717010204,5.704417300337,,,0,SPEAKER_01,3
real,0.0,long_00015_4992-1089-4970,s2,no_recursion,3,-8.295220631495486,3.297115409139992,9.560632439230625,,,0,SPEAKER_02,3
real,0.0,long_00015_4992-1089-4970,s3,no_recursion,3,-13.371751280407434,7.777474458669914,7.512454685388056,,,0,SPEAKER_00,3
real,0.0,long_00015_4992-1089-4970,s1,ungated_deflation,3,-14.44947188475615,8.339094088708645,9.480089661856768,1,1,0,SPEAKER_01,3
real,0.0,long_00015_4992-1089-4970,s2,ungated_deflation,3,-8.316086999343327,0.4382090271708952,14.070171749607898,2,2,0,SPEAKER_02,3
real,0.0,long_00015_4992-1089-4970,s3,ungated_deflation,3,-13.371751280407434,7.777474458669914,7.512454685388056,0,0,0,SPEAKER_00,3
real,0.0,long_00015_4992-1089-4970,s1,gated_deflation,3,-14.44947188475615,8.339094088708645,9.480089661856768,1,1,0,SPEAKER_01,3
real,0.0,long_00015_4992-1089-4970,s2,gated_deflation,3,-8.316086999343327,0.4382090271708952,14.070171749607898,2,2,0,SPEAKER_02,3
real,0.0,long_00015_4992-1089-4970,s3,gated_deflation,3,-13.371751280407434,7.777474458669914,7.512454685388056,0,0,0,SPEAKER_00,3
real,0.0,long_00015_4992-1089-4970,s1,coarse_to_fine,3,-31.076703350988574,7.091711717010204,5.704417300337,,,0,SPEAKER_01,3
real,0.0,long_00015_4992-1089-4970,s2,coarse_to_fine,3,-8.295220631495486,3.297115409139992,9.560632439230625,,,0,SPEAKER_02,3
real,0.0,long_00015_4992-1089-4970,s3,coarse_to_fine,3,-13.371751280407434,7.777474458669914,7.512454685388056,,,0,SPEAKER_00,3
real,400.0,long_00015_4992-1089-4970,s1,no_recursion,3,-19.16662946427692,8.78242440564896,7.416577504461207,,,0,SPEAKER_01,3
real,400.0,long_00015_4992-1089-4970,s2,no_recursion,3,-6.646455574813804,5.907801446482626,10.471949966900077,,,0,SPEAKER_02,3
real,400.0,long_00015_4992-1089-4970,s3,no_recursion,3,-20.949260085101564,13.72874658760213,10.50438044432511,,,0,SPEAKER_00,3
real,400.0,long_00015_4992-1089-4970,s1,ungated_deflation,3,-10.704764548898451,7.287557486346832,12.55608924421302,2,2,0,SPEAKER_01,3
real,400.0,long_00015_4992-1089-4970,s2,ungated_deflation,3,-6.646455574813804,5.907801446482626,10.471949966900077,0,0,0,SPEAKER_02,3
real,400.0,long_00015_4992-1089-4970,s3,ungated_deflation,3,-17.802372546449938,10.28028909713216,16.467599745650944,1,1,0,SPEAKER_00,3
real,400.0,long_00015_4992-1089-4970,s1,gated_deflation,3,-10.704764548898451,7.287557486346832,12.55608924421302,2,2,0,SPEAKER_01,3
real,400.0,long_00015_4992-1089-4970,s2,gated_deflation,3,-6.646455574813804,5.907801446482626,10.471949966900077,0,0,0,SPEAKER_02,3
real,400.0,long_00015_4992-1089-4970,s3,gated_deflation,3,-17.802372546449938,10.28028909713216,16.467599745650944,1,1,0,SPEAKER_00,3
real,400.0,long_00015_4992-1089-4970,s1,coarse_to_fine,3,-19.16662946427692,8.78242440564896,7.416577504461207,,,0,SPEAKER_01,3
real,400.0,long_00015_4992-1089-4970,s2,coarse_to_fine,3,-6.646455574813804,5.907801446482626,10.471949966900077,,,0,SPEAKER_02,3
real,400.0,long_00015_4992-1089-4970,s3,coarse_to_fine,3,-20.949260085101564,13.72874658760213,10.50438044432511,,,0,SPEAKER_00,3
oracle,0.0,long_00016_4970-5639-1221,s1,no_recursion,3,-11.984781694779462,8.22678187861294,4.745234206358613,,,0,s1,3
oracle,0.0,long_00016_4970-5639-1221,s2,no_recursion,3,-8.61544962804224,-0.8641508619770053,9.775427517695244,,,0,s2,3
oracle,0.0,long_00016_4970-5639-1221,s3,no_recursion,3,-21.609623256146012,8.321654189384272,7.434634990591959,,,0,s3,3
oracle,0.0,long_00016_4970-5639-1221,s1,ungated_deflation,3,-11.984781694779462,8.22678187861294,4.745234206358613,0,0,0,s1,3
oracle,0.0,long_00016_4970-5639-1221,s2,ungated_deflation,3,-11.030058423925322,-4.956662258430427,13.911078880139545,1,1,0,s2,3
oracle,0.0,long_00016_4970-5639-1221,s3,ungated_deflation,3,-5.704135165891847,11.666200045020886,22.90629767708129,2,2,0,s3,3
oracle,0.0,long_00016_4970-5639-1221,s1,gated_deflation,3,-11.984781694779462,8.22678187861294,4.745234206358613,0,0,0,s1,3
oracle,0.0,long_00016_4970-5639-1221,s2,gated_deflation,3,-11.030058423925322,-4.956662258430427,13.911078880139545,1,1,0,s2,3
oracle,0.0,long_00016_4970-5639-1221,s3,gated_deflation,3,-5.704135165891847,11.666200045020886,22.90629767708129,2,2,0,s3,3
oracle,0.0,long_00016_4970-5639-1221,s1,coarse_to_fine,3,-11.984781694779462,8.22678187861294,4.745234206358613,,,0,s1,3
oracle,0.0,long_00016_4970-5639-1221,s2,coarse_to_fine,3,-8.61544962804224,-0.8641508619770053,9.775427517695244,,,0,s2,3
oracle,0.0,long_00016_4970-5639-1221,s3,coarse_to_fine,3,-21.609623256146012,8.321654189384272,7.434634990591959,,,0,s3,3
oracle,400.0,long_00016_4970-5639-1221,s1,no_recursion,3,-12.109339854345599,8.24789008541171,4.812174714807989,,,0,s1,3
oracle,400.0,long_00016_4970-5639-1221,s2,no_recursion,3,-8.406192162118511,-1.9690465055957755,10.925139726586652,,,0,s2,3
oracle,400.0,long_00016_4970-5639-1221,s3,no_recursion,3,-17.922177271444287,4.56271773403023,8.52475729237924,,,0,s3,3
oracle,400.0,long_00016_4970-5639-1221,s1,ungated_deflation,3,-12.109339854345599,8.24789008541171,4.812174714807989,0,0,0,s1,3
oracle,400.0,long_00016_4970-5639-1221,s2,ungated_deflation,3,-10.891050209201627,-5.382047891728173,15.00429523729685,1,1,0,s2,3
oracle,400.0,long_00016_4970-5639-1221,s3,ungated_deflation,3,-5.536200091752326,4.054049364597278,23.795625720252115,2,2,0,s3,3
oracle,400.0,long_00016_4970-5639-1221,s1,gated_deflation,3,-12.109339854345599,8.24789008541171,4.812174714807989,0,0,0,s1,3
oracle,400.0,long_00016_4970-5639-1221,s2,gated_deflation,3,-10.891050209201627,-5.382047891728173,15.00429523729685,1,1,0,s2,3
oracle,400.0,long_00016_4970-5639-1221,s3,gated_deflation,3,-5.536200091752326,4.054049364597278,23.795625720252115,2,2,0,s3,3
oracle,400.0,long_00016_4970-5639-1221,s1,coarse_to_fine,3,-12.109339854345599,8.24789008541171,4.812174714807989,,,0,s1,3
oracle,400.0,long_00016_4970-5639-1221,s2,coarse_to_fine,3,-8.406192162118511,-1.9690465055957755,10.925139726586652,,,0,s2,3
oracle,400.0,long_00016_4970-5639-1221,s3,coarse_to_fine,3,-17.922177271444287,4.56271773403023,8.52475729237924,,,0,s3,3
real,0.0,long_00016_4970-5639-1221,s1,no_recursion,3,-11.932828902269799,5.961389795174031,4.367949228924097,,,0,SPEAKER_00,3
real,0.0,long_00016_4970-5639-1221,s2,no_recursion,3,-8.529742007585218,-0.045219258344589716,8.43128429325285,,,0,SPEAKER_02,3
real,0.0,long_00016_4970-5639-1221,s3,no_recursion,3,-25.821769407389716,3.786517467725555,4.421185135470563,,,0,SPEAKER_01,3
real,0.0,long_00016_4970-5639-1221,s1,ungated_deflation,3,-33.00929423377055,8.622995137214257,10.45021407608119,1,1,0,SPEAKER_00,3
real,0.0,long_00016_4970-5639-1221,s2,ungated_deflation,3,-8.57310792104055,-2.8329335035119434,18.30750435571536,2,2,0,SPEAKER_02,3
real,0.0,long_00016_4970-5639-1221,s3,ungated_deflation,3,-25.821769407389716,3.786517467725555,4.421185135470563,0,0,0,SPEAKER_01,3
real,0.0,long_00016_4970-5639-1221,s1,gated_deflation,3,-33.00929423377055,8.622995137214257,10.45021407608119,1,1,0,SPEAKER_00,3
real,0.0,long_00016_4970-5639-1221,s2,gated_deflation,3,-8.57310792104055,-2.8329335035119434,18.30750435571536,2,2,0,SPEAKER_02,3
real,0.0,long_00016_4970-5639-1221,s3,gated_deflation,3,-25.821769407389716,3.786517467725555,4.421185135470563,0,0,0,SPEAKER_01,3
real,0.0,long_00016_4970-5639-1221,s1,coarse_to_fine,3,-11.932828902269799,5.961389795174031,4.367949228924097,,,0,SPEAKER_00,3
real,0.0,long_00016_4970-5639-1221,s2,coarse_to_fine,3,-8.529742007585218,-0.045219258344589716,8.43128429325285,,,0,SPEAKER_02,3
real,0.0,long_00016_4970-5639-1221,s3,coarse_to_fine,3,-25.821769407389716,3.786517467725555,4.421185135470563,,,0,SPEAKER_01,3
real,400.0,long_00016_4970-5639-1221,s1,no_recursion,3,-16.752255744404778,9.593665552481735,6.830132429362247,,,0,SPEAKER_00,3
real,400.0,long_00016_4970-5639-1221,s2,no_recursion,3,-6.78959927702549,0.7189969234189744,10.716392373166684,,,0,SPEAKER_02,3
real,400.0,long_00016_4970-5639-1221,s3,no_recursion,3,-25.131082180923897,5.080634668685543,6.8984970970733,,,0,SPEAKER_01,3
real,400.0,long_00016_4970-5639-1221,s1,ungated_deflation,3,-20.458851730652338,12.358069348399845,12.159089638856106,1,1,0,SPEAKER_00,3
real,400.0,long_00016_4970-5639-1221,s2,ungated_deflation,3,-8.837821355217567,-3.3751736488437474,19.418560349583377,2,2,0,SPEAKER_02,3
real,400.0,long_00016_4970-5639-1221,s3,ungated_deflation,3,-25.131082180923897,5.080634668685543,6.8984970970733,0,0,0,SPEAKER_01,3
real,400.0,long_00016_4970-5639-1221,s1,gated_deflation,3,-20.458851730652338,12.358069348399845,12.159089638856106,1,1,0,SPEAKER_00,3
real,400.0,long_00016_4970-5639-1221,s2,gated_deflation,3,-8.837821355217567,-3.3751736488437474,19.418560349583377,2,2,0,SPEAKER_02,3
real,400.0,long_00016_4970-5639-1221,s3,gated_deflation,3,-25.131082180923897,5.080634668685543,6.8984970970733,0,0,0,SPEAKER_01,3
real,400.0,long_00016_4970-5639-1221,s1,coarse_to_fine,3,-16.752255744404778,9.593665552481735,6.830132429362247,,,0,SPEAKER_00,3
real,400.0,long_00016_4970-5639-1221,s2,coarse_to_fine,3,-6.78959927702549,0.7189969234189744,10.716392373166684,,,0,SPEAKER_02,3
real,400.0,long_00016_4970-5639-1221,s3,coarse_to_fine,3,-25.131082180923897,5.080634668685543,6.8984970970733,,,0,SPEAKER_01,3
oracle,0.0,long_00017_4507-908-6829,s1,no_recursion,3,-14.79297679801644,5.913714948530479,7.4707178773551615,,,0,s1,3
oracle,0.0,long_00017_4507-908-6829,s2,no_recursion,3,-2.954573539717826,5.013647432941852,6.717404291948755,,,0,s2,3
oracle,0.0,long_00017_4507-908-6829,s3,no_recursion,3,-36.86751032255938,10.823686196809687,9.402559148673538,,,0,s3,3
oracle,0.0,long_00017_4507-908-6829,s1,ungated_deflation,3,-14.79297679801644,5.913714948530479,7.4707178773551615,0,0,0,s1,3
oracle,0.0,long_00017_4507-908-6829,s2,ungated_deflation,3,-1.653396544904828,5.516025031111049,10.135772106426224,1,1,0,s2,3
oracle,0.0,long_00017_4507-908-6829,s3,ungated_deflation,3,-13.227635885599039,7.570239290256742,16.052428842641476,2,2,0,s3,3
oracle,0.0,long_00017_4507-908-6829,s1,gated_deflation,3,-14.79297679801644,5.913714948530479,7.4707178773551615,0,0,0,s1,3
oracle,0.0,long_00017_4507-908-6829,s2,gated_deflation,3,-1.653396544904828,5.516025031111049,10.135772106426224,1,1,0,s2,3
oracle,0.0,long_00017_4507-908-6829,s3,gated_deflation,3,-13.227635885599039,7.570239290256742,16.052428842641476,2,2,0,s3,3
oracle,0.0,long_00017_4507-908-6829,s1,coarse_to_fine,3,-14.79297679801644,5.913714948530479,7.4707178773551615,,,0,s1,3
oracle,0.0,long_00017_4507-908-6829,s2,coarse_to_fine,3,-2.954573539717826,5.013647432941852,6.717404291948755,,,0,s2,3
oracle,0.0,long_00017_4507-908-6829,s3,coarse_to_fine,3,-36.86751032255938,10.823686196809687,9.402559148673538,,,0,s3,3
oracle,400.0,long_00017_4507-908-6829,s1,no_recursion,3,-16.024791277774312,3.277115977003205,7.880121763071929,,,0,s1,3
oracle,400.0,long_00017_4507-908-6829,s2,no_recursion,3,-2.7511322736003803,3.8607329020334684,7.443717613824505,,,0,s2,3
oracle,400.0,long_00017_4507-908-6829,s3,no_recursion,3,-30.943364360495348,7.068019849444357,9.730825071603242,,,0,s3,3
oracle,400.0,long_00017_4507-908-6829,s1,ungated_deflation,3,-16.024791277774312,3.277115977003205,7.880121763071929,0,0,0,s1,3
oracle,400.0,long_00017_4507-908-6829,s2,ungated_deflation,3,-1.4619408354787224,4.242700809033897,10.88305651787878,1,1,0,s2,3
oracle,400.0,long_00017_4507-908-6829,s3,ungated_deflation,3,-12.8551068817003,4.615415989825496,16.519437449570546,2,2,0,s3,3
oracle,400.0,long_00017_4507-908-6829,s1,gated_deflation,3,-16.024791277774312,3.277115977003205,7.880121763071929,0,0,0,s1,3
oracle,400.0,long_00017_4507-908-6829,s2,gated_deflation,3,-1.4619408354787224,4.242700809033897,10.88305651787878,1,1,0,s2,3
oracle,400.0,long_00017_4507-908-6829,s3,gated_deflation,3,-12.8551068817003,4.615415989825496,16.519437449570546,2,2,0,s3,3
oracle,400.0,long_00017_4507-908-6829,s1,coarse_to_fine,3,-16.024791277774312,3.277115977003205,7.880121763071929,,,0,s1,3
oracle,400.0,long_00017_4507-908-6829,s2,coarse_to_fine,3,-2.7511322736003803,3.8607329020334684,7.443717613824505,,,0,s2,3
oracle,400.0,long_00017_4507-908-6829,s3,coarse_to_fine,3,-30.943364360495348,7.068019849444357,9.730825071603242,,,0,s3,3
real,0.0,long_00017_4507-908-6829,s1,no_recursion,3,-12.291058738589228,5.752416072592767,6.216004223025527,,,0,SPEAKER_02,3
real,0.0,long_00017_4507-908-6829,s2,no_recursion,3,-11.013851599046838,-3.425957070208254,0.5571609289356226,,,0,SPEAKER_00,3
real,0.0,long_00017_4507-908-6829,s3,no_recursion,3,-20.12541268045573,6.247766754004069,6.772657920183056,,,0,SPEAKER_01,3
real,0.0,long_00017_4507-908-6829,s1,ungated_deflation,3,-17.860626408190274,3.1742620312316,8.134555678187743,1,1,0,SPEAKER_02,3
real,0.0,long_00017_4507-908-6829,s2,ungated_deflation,3,-7.039292461213432,-2.1174941519576738,8.263137399862753,2,2,0,SPEAKER_00,3
real,0.0,long_00017_4507-908-6829,s3,ungated_deflation,3,-20.12541268045573,6.247766754004069,6.772657920183056,0,0,0,SPEAKER_01,3
real,0.0,long_00017_4507-908-6829,s1,gated_deflation,3,-17.860626408190274,3.1742620312316,8.134555678187743,1,1,0,SPEAKER_02,3
real,0.0,long_00017_4507-908-6829,s2,gated_deflation,3,-7.039292461213432,-2.1174941519576738,8.263137399862753,2,2,0,SPEAKER_00,3
real,0.0,long_00017_4507-908-6829,s3,gated_deflation,3,-20.12541268045573,6.247766754004069,6.772657920183056,0,0,0,SPEAKER_01,3
real,0.0,long_00017_4507-908-6829,s1,coarse_to_fine,3,-12.291058738589228,5.752416072592767,6.216004223025527,,,0,SPEAKER_02,3
real,0.0,long_00017_4507-908-6829,s2,coarse_to_fine,3,-11.013851599046838,-3.425957070208254,0.5571609289356226,,,0,SPEAKER_00,3
real,0.0,long_00017_4507-908-6829,s3,coarse_to_fine,3,-20.12541268045573,6.247766754004069,6.772657920183056,,,0,SPEAKER_01,3
real,400.0,long_00017_4507-908-6829,s1,no_recursion,3,-13.455749926481522,5.970394673349309,6.861985100859701,,,0,SPEAKER_02,3
real,400.0,long_00017_4507-908-6829,s2,no_recursion,3,-5.224111611850732,1.9234517546659013,4.7859138442892295,,,0,SPEAKER_00,3
real,400.0,long_00017_4507-908-6829,s3,no_recursion,3,-31.80884322038503,10.957126784974147,9.657971752360847,,,0,SPEAKER_01,3
real,400.0,long_00017_4507-908-6829,s1,ungated_deflation,3,-19.313146486343328,3.0514697098247563,8.626313843997266,1,1,0,SPEAKER_02,3
real,400.0,long_00017_4507-908-6829,s2,ungated_deflation,3,-4.450577702501711,0.4427856614414508,10.956741159785539,2,2,0,SPEAKER_00,3
real,400.0,long_00017_4507-908-6829,s3,ungated_deflation,3,-31.80884322038503,10.957126784974147,9.657971752360847,0,0,0,SPEAKER_01,3
real,400.0,long_00017_4507-908-6829,s1,gated_deflation,3,-19.313146486343328,3.0514697098247563,8.626313843997266,1,1,0,SPEAKER_02,3
real,400.0,long_00017_4507-908-6829,s2,gated_deflation,3,-4.450577702501711,0.4427856614414508,10.956741159785539,2,2,0,SPEAKER_00,3
real,400.0,long_00017_4507-908-6829,s3,gated_deflation,3,-31.80884322038503,10.957126784974147,9.657971752360847,0,0,0,SPEAKER_01,3
real,400.0,long_00017_4507-908-6829,s1,coarse_to_fine,3,-13.455749926481522,5.970394673349309,6.861985100859701,,,0,SPEAKER_02,3
real,400.0,long_00017_4507-908-6829,s2,coarse_to_fine,3,-5.224111611850732,1.9234517546659013,4.7859138442892295,,,0,SPEAKER_00,3
real,400.0,long_00017_4507-908-6829,s3,coarse_to_fine,3,-31.80884322038503,10.957126784974147,9.657971752360847,,,0,SPEAKER_01,3
oracle,0.0,long_00018_4970-1089-3729,s1,no_recursion,3,-16.056771792577948,8.337551229383006,7.559628525521985,,,0,s1,3
oracle,0.0,long_00018_4970-1089-3729,s2,no_recursion,3,-2.3725902254676585,5.686887176486639,8.812979418468577,,,0,s2,3
oracle,0.0,long_00018_4970-1089-3729,s3,no_recursion,3,-18.479013808452997,8.16454089284231,9.038439423857593,,,0,s3,3
oracle,0.0,long_00018_4970-1089-3729,s1,ungated_deflation,3,-16.056771792577948,8.337551229383006,7.559628525521985,0,0,0,s1,3
oracle,0.0,long_00018_4970-1089-3729,s2,ungated_deflation,3,-4.300766742602884,0.8033029128764306,12.792013363675427,1,1,0,s2,3
oracle,0.0,long_00018_4970-1089-3729,s3,ungated_deflation,3,-14.019098721349172,0.3963558864575155,15.915566039021819,2,2,0,s3,3
oracle,0.0,long_00018_4970-1089-3729,s1,gated_deflation,3,-16.056771792577948,8.337551229383006,7.559628525521985,0,0,0,s1,3
oracle,0.0,long_00018_4970-1089-3729,s2,gated_deflation,3,-4.300766742602884,0.8033029128764306,12.792013363675427,1,1,0,s2,3
oracle,0.0,long_00018_4970-1089-3729,s3,gated_deflation,3,-14.019098721349172,0.3963558864575155,15.915566039021819,2,2,0,s3,3
oracle,0.0,long_00018_4970-1089-3729,s1,coarse_to_fine,3,-16.056771792577948,8.337551229383006,7.559628525521985,,,0,s1,3
oracle,0.0,long_00018_4970-1089-3729,s2,coarse_to_fine,3,-2.3725902254676585,5.686887176486639,8.812979418468577,,,0,s2,3
oracle,0.0,long_00018_4970-1089-3729,s3,coarse_to_fine,3,-18.479013808452997,8.16454089284231,9.038439423857593,,,0,s3,3
oracle,400.0,long_00018_4970-1089-3729,s1,no_recursion,3,-15.980474043685613,8.317034403291787,7.529743029031948,,,0,s1,3
oracle,400.0,long_00018_4970-1089-3729,s2,no_recursion,3,-2.2363500388190576,3.065326477717096,9.8660268789336,,,0,s2,3
oracle,400.0,long_00018_4970-1089-3729,s3,no_recursion,3,-17.964737279238946,8.295464251849024,9.210621948365635,,,0,s3,3
oracle,400.0,long_00018_4970-1089-3729,s1,ungated_deflation,3,-15.980474043685613,8.317034403291787,7.529743029031948,0,0,0,s1,3
oracle,400.0,long_00018_4970-1089-3729,s2,ungated_deflation,3,-4.192599961192569,-0.256057893108347,13.897297037738621,1,1,0,s2,3
oracle,400.0,long_00018_4970-1089-3729,s3,ungated_deflation,3,-14.05891604995469,0.3479151145344727,15.908683006668571,2,2,0,s3,3
oracle,400.0,long_00018_4970-1089-3729,s1,gated_deflation,3,-15.980474043685613,8.317034403291787,7.529743029031948,0,0,0,s1,3
oracle,400.0,long_00018_4970-1089-3729,s2,gated_deflation,3,-4.192599961192569,-0.256057893108347,13.897297037738621,1,1,0,s2,3
oracle,400.0,long_00018_4970-1089-3729,s3,gated_deflation,3,-14.05891604995469,0.3479151145344727,15.908683006668571,2,2,0,s3,3
oracle,400.0,long_00018_4970-1089-3729,s1,coarse_to_fine,3,-15.980474043685613,8.317034403291787,7.529743029031948,,,0,s1,3
oracle,400.0,long_00018_4970-1089-3729,s2,coarse_to_fine,3,-2.2363500388190576,3.065326477717096,9.8660268789336,,,0,s2,3
oracle,400.0,long_00018_4970-1089-3729,s3,coarse_to_fine,3,-17.964737279238946,8.295464251849024,9.210621948365635,,,0,s3,3
real,0.0,long_00018_4970-1089-3729,s1,no_recursion,3,-16.948699943304828,8.607613437807057,7.895888682897399,,,0,SPEAKER_00,3
real,0.0,long_00018_4970-1089-3729,s2,no_recursion,3,-6.270649608218816,1.0269111233550425,4.829817040491119,,,0,SPEAKER_01,3
real,0.0,long_00018_4970-1089-3729,s3,no_recursion,3,-16.097867374034575,6.209781776258846,10.372712907185576,,,0,SPEAKER_02,3
real,0.0,long_00018_4970-1089-3729,s1,ungated_deflation,3,-16.948699943304828,8.607613437807057,7.895888682897399,0,0,0,SPEAKER_00,3
real,0.0,long_00018_4970-1089-3729,s2,ungated_deflation,3,-4.117445734667672,0.6818123979523367,14.858817687745061,2,2,0,SPEAKER_01,3
real,0.0,long_00018_4970-1089-3729,s3,ungated_deflation,3,-15.512766312902585,3.503627807898011,11.605508550284785,1,1,0,SPEAKER_02,3
real,0.0,long_00018_4970-1089-3729,s1,gated_deflation,3,-16.948699943304828,8.607613437807057,7.895888682897399,0,0,0,SPEAKER_00,3
real,0.0,long_00018_4970-1089-3729,s2,gated_deflation,3,-4.117445734667672,0.6818123979523367,14.858817687745061,2,2,0,SPEAKER_01,3
real,0.0,long_00018_4970-1089-3729,s3,gated_deflation,3,-15.512766312902585,3.503627807898011,11.605508550284785,1,1,0,SPEAKER_02,3
real,0.0,long_00018_4970-1089-3729,s1,coarse_to_fine,3,-16.948699943304828,8.607613437807057,7.895888682897399,,,0,SPEAKER_00,3
real,0.0,long_00018_4970-1089-3729,s2,coarse_to_fine,3,-6.270649608218816,1.0269111233550425,4.829817040491119,,,0,SPEAKER_01,3
real,0.0,long_00018_4970-1089-3729,s3,coarse_to_fine,3,-16.097867374034575,6.209781776258846,10.372712907185576,,,0,SPEAKER_02,3
real,400.0,long_00018_4970-1089-3729,s1,no_recursion,3,-17.344979807543794,8.72726544470001,8.035644295266893,,,0,SPEAKER_00,3
real,400.0,long_00018_4970-1089-3729,s2,no_recursion,3,-2.1064619568686003,5.496386027026037,9.344834213382628,,,0,SPEAKER_01,3
real,400.0,long_00018_4970-1089-3729,s3,no_recursion,3,-14.00431303672444,7.896104556249144,11.309893553277524,,,0,SPEAKER_02,3
real,400.0,long_00018_4970-1089-3729,s1,ungated_deflation,3,-17.344979807543794,8.72726544470001,8.035644295266893,0,0,0,SPEAKER_00,3
real,400.0,long_00018_4970-1089-3729,s2,ungated_deflation,3,-3.3008928795057724,1.5696585820493805,15.037036261995452,2,2,0,SPEAKER_01,3
real,400.0,long_00018_4970-1089-3729,s3,ungated_deflation,3,-13.817205728561653,4.738139575793529,12.505280510290271,1,1,0,SPEAKER_02,3
real,400.0,long_00018_4970-1089-3729,s1,gated_deflation,3,-17.344979807543794,8.72726544470001,8.035644295266893,0,0,0,SPEAKER_00,3
real,400.0,long_00018_4970-1089-3729,s2,gated_deflation,3,-3.3008928795057724,1.5696585820493805,15.037036261995452,2,2,0,SPEAKER_01,3
real,400.0,long_00018_4970-1089-3729,s3,gated_deflation,3,-13.817205728561653,4.738139575793529,12.505280510290271,1,1,0,SPEAKER_02,3
real,400.0,long_00018_4970-1089-3729,s1,coarse_to_fine,3,-17.344979807543794,8.72726544470001,8.035644295266893,,,0,SPEAKER_00,3
real,400.0,long_00018_4970-1089-3729,s2,coarse_to_fine,3,-2.1064619568686003,5.496386027026037,9.344834213382628,,,0,SPEAKER_01,3
real,400.0,long_00018_4970-1089-3729,s3,coarse_to_fine,3,-14.00431303672444,7.896104556249144,11.309893553277524,,,0,SPEAKER_02,3
oracle,0.0,long_00019_3729-5639-3570,s1,no_recursion,3,-22.40849018129859,8.049634862430183,9.019045137687842,,,0,s1,3
oracle,0.0,long_00019_3729-5639-3570,s2,no_recursion,3,-10.027148355352583,1.1598589591086528,9.458750576877504,,,0,s2,3
oracle,0.0,long_00019_3729-5639-3570,s3,no_recursion,3,-27.26486531677663,12.66283695908285,8.792289213989022,,,0,s3,3
oracle,0.0,long_00019_3729-5639-3570,s1,ungated_deflation,3,-22.40849018129859,8.049634862430183,9.019045137687842,0,0,0,s1,3
oracle,0.0,long_00019_3729-5639-3570,s2,ungated_deflation,3,-8.92674067208276,-0.5494241483349623,15.982876654516662,1,1,0,s2,3
oracle,0.0,long_00019_3729-5639-3570,s3,ungated_deflation,3,-10.976254188727058,10.86894688938276,18.630920628058384,2,2,0,s3,3
oracle,0.0,long_00019_3729-5639-3570,s1,gated_deflation,3,-22.40849018129859,8.049634862430183,9.019045137687842,0,0,0,s1,3
oracle,0.0,long_00019_3729-5639-3570,s2,gated_deflation,3,-8.92674067208276,-0.5494241483349623,15.982876654516662,1,1,0,s2,3
oracle,0.0,long_00019_3729-5639-3570,s3,gated_deflation,3,-10.976254188727058,10.86894688938276,18.630920628058384,2,2,0,s3,3
oracle,0.0,long_00019_3729-5639-3570,s1,coarse_to_fine,3,-22.40849018129859,8.049634862430183,9.019045137687842,,,0,s1,3
oracle,0.0,long_00019_3729-5639-3570,s2,coarse_to_fine,3,-10.027148355352583,1.1598589591086528,9.458750576877504,,,0,s2,3
oracle,0.0,long_00019_3729-5639-3570,s3,coarse_to_fine,3,-27.26486531677663,12.66283695908285,8.792289213989022,,,0,s3,3
oracle,400.0,long_00019_3729-5639-3570,s1,no_recursion,3,-20.75396674023729,5.618186907825537,9.441803384317526,,,0,s1,3
oracle,400.0,long_00019_3729-5639-3570,s2,no_recursion,3,-9.767531692047708,0.632821150375043,9.992147505623475,,,0,s2,3
oracle,400.0,long_00019_3729-5639-3570,s3,no_recursion,3,-29.925267207262817,8.357904547049094,9.018863885490505,,,0,s3,3
oracle,400.0,long_00019_3729-5639-3570,s1,ungated_deflation,3,-20.75396674023729,5.618186907825537,9.441803384317526,0,0,0,s1,3
oracle,400.0,long_00019_3729-5639-3570,s2,ungated_deflation,3,-8.94399481652244,-1.0548854041457798,16.436488387309158,1,1,0,s2,3
oracle,400.0,long_00019_3729-5639-3570,s3,ungated_deflation,3,-11.425345341750877,7.613831589191116,18.026610283131916,2,2,0,s3,3
oracle,400.0,long_00019_3729-5639-3570,s1,gated_deflation,3,-20.75396674023729,5.618186907825537,9.441803384317526,0,0,0,s1,3
oracle,400.0,long_00019_3729-5639-3570,s2,gated_deflation,3,-8.94399481652244,-1.0548854041457798,16.436488387309158,1,1,0,s2,3
oracle,400.0,long_00019_3729-5639-3570,s3,gated_deflation,3,-11.425345341750877,7.613831589191116,18.026610283131916,2,2,0,s3,3
oracle,400.0,long_00019_3729-5639-3570,s1,coarse_to_fine,3,-20.75396674023729,5.618186907825537,9.441803384317526,,,0,s1,3
oracle,400.0,long_00019_3729-5639-3570,s2,coarse_to_fine,3,-9.767531692047708,0.632821150375043,9.992147505623475,,,0,s2,3
oracle,400.0,long_00019_3729-5639-3570,s3,coarse_to_fine,3,-29.925267207262817,8.357904547049094,9.018863885490505,,,0,s3,3
real,0.0,long_00019_3729-5639-3570,s1,no_recursion,3,-21.53720782670517,6.882643971234103,9.312722863094404,,,0,SPEAKER_02,3
real,0.0,long_00019_3729-5639-3570,s2,no_recursion,3,-13.598659180241704,-0.20862838139331336,5.959349429811432,,,0,SPEAKER_01,3
real,0.0,long_00019_3729-5639-3570,s3,no_recursion,3,-11.279898981655016,2.3493969648431907,2.957970464667281,,,0,SPEAKER_00,3
real,0.0,long_00019_3729-5639-3570,s1,ungated_deflation,3,-21.53720782670517,6.882643971234103,9.312722863094404,0,0,0,SPEAKER_02,3
real,0.0,long_00019_3729-5639-3570,s2,ungated_deflation,3,-9.187837501016277,-0.6726215060047656,15.230378206998722,2,2,0,SPEAKER_01,3
real,0.0,long_00019_3729-5639-3570,s3,ungated_deflation,3,-11.21812252638303,0.6980548078372544,2.3489679576959004,1,1,0,SPEAKER_00,3
real,0.0,long_00019_3729-5639-3570,s1,gated_deflation,3,-21.53720782670517,6.882643971234103,9.312722863094404,0,0,0,SPEAKER_02,3
real,0.0,long_00019_3729-5639-3570,s2,gated_deflation,3,-9.187837501016277,-0.6726215060047656,15.230378206998722,2,2,0,SPEAKER_01,3
real,0.0,long_00019_3729-5639-3570,s3,gated_deflation,3,-11.21812252638303,0.6980548078372544,2.3489679576959004,1,1,0,SPEAKER_00,3
real,0.0,long_00019_3729-5639-3570,s1,coarse_to_fine,3,-21.53720782670517,6.882643971234103,9.312722863094404,,,0,SPEAKER_02,3
real,0.0,long_00019_3729-5639-3570,s2,coarse_to_fine,3,-13.598659180241704,-0.20862838139331336,5.959349429811432,,,0,SPEAKER_01,3
real,0.0,long_00019_3729-5639-3570,s3,coarse_to_fine,3,-11.279898981655016,2.3493969648431907,2.957970464667281,,,0,SPEAKER_00,3
real,400.0,long_00019_3729-5639-3570,s1,no_recursion,3,-20.365906070990867,6.092280988272827,9.641348485562519,,,0,SPEAKER_02,3
real,400.0,long_00019_3729-5639-3570,s2,no_recursion,3,-11.875589678873554,1.0576641950750143,6.933133219706109,,,0,SPEAKER_01,3
real,400.0,long_00019_3729-5639-3570,s3,no_recursion,3,-13.964616302362769,4.503837749527224,4.938071450801223,,,0,SPEAKER_00,3
real,400.0,long_00019_3729-5639-3570,s1,ungated_deflation,3,-20.365906070990867,6.092280988272827,9.641348485562519,0,0,0,SPEAKER_02,3
real,400.0,long_00019_3729-5639-3570,s2,ungated_deflation,3,-8.742153191349662,-0.2413650701090869,15.744271968578772,2,2,0,SPEAKER_01,3
real,400.0,long_00019_3729-5639-3570,s3,ungated_deflation,3,-14.144063522814523,2.774404793754976,4.6284341206964825,1,1,0,SPEAKER_00,3
real,400.0,long_00019_3729-5639-3570,s1,gated_deflation,3,-20.365906070990867,6.092280988272827,9.641348485562519,0,0,0,SPEAKER_02,3
real,400.0,long_00019_3729-5639-3570,s2,gated_deflation,3,-8.742153191349662,-0.2413650701090869,15.744271968578772,2,2,0,SPEAKER_01,3
real,400.0,long_00019_3729-5639-3570,s3,gated_deflation,3,-14.144063522814523,2.774404793754976,4.6284341206964825,1,1,0,SPEAKER_00,3
real,400.0,long_00019_3729-5639-3570,s1,coarse_to_fine,3,-20.365906070990867,6.092280988272827,9.641348485562519,,,0,SPEAKER_02,3
real,400.0,long_00019_3729-5639-3570,s2,coarse_to_fine,3,-11.875589678873554,1.0576641950750143,6.933133219706109,,,0,SPEAKER_01,3
real,400.0,long_00019_3729-5639-3570,s3,coarse_to_fine,3,-13.964616302362769,4.503837749527224,4.938071450801223,,,0,SPEAKER_00,3
oracle,0.0,long_00020_1284-1580-260,s1,no_recursion,3,-37.416835999060694,7.449497110671899,7.685485493778533,,,0,s1,3
oracle,0.0,long_00020_1284-1580-260,s2,no_recursion,3,-5.1184482405245415,4.637665471761247,7.602859418308422,,,0,s2,3
oracle,0.0,long_00020_1284-1580-260,s3,no_recursion,3,-26.46774227803904,14.986625441390453,10.812756548461236,,,0,s3,3
oracle,0.0,long_00020_1284-1580-260,s1,ungated_deflation,3,-37.416835999060694,7.449497110671899,7.685485493778533,0,0,0,s1,3
oracle,0.0,long_00020_1284-1580-260,s2,ungated_deflation,3,-4.133104261039472,3.0355624561711703,13.280549259141154,1,1,0,s2,3
oracle,0.0,long_00020_1284-1580-260,s3,ungated_deflation,3,-18.7364522927851,6.412027988820457,13.309385769494977,2,2,0,s3,3
oracle,0.0,long_00020_1284-1580-260,s1,gated_deflation,3,-37.416835999060694,7.449497110671899,7.685485493778533,0,0,0,s1,3
oracle,0.0,long_00020_1284-1580-260,s2,gated_deflation,3,-4.133104261039472,3.0355624561711703,13.280549259141154,1,1,0,s2,3
oracle,0.0,long_00020_1284-1580-260,s3,gated_deflation,3,-18.7364522927851,6.412027988820457,13.309385769494977,2,2,0,s3,3
oracle,0.0,long_00020_1284-1580-260,s1,coarse_to_fine,3,-37.416835999060694,7.449497110671899,7.685485493778533,,,0,s1,3
oracle,0.0,long_00020_1284-1580-260,s2,coarse_to_fine,3,-5.1184482405245415,4.637665471761247,7.602859418308422,,,0,s2,3
oracle,0.0,long_00020_1284-1580-260,s3,coarse_to_fine,3,-26.46774227803904,14.986625441390453,10.812756548461236,,,0,s3,3
oracle,400.0,long_00020_1284-1580-260,s1,no_recursion,3,-33.92745374007199,7.243260348058135,7.531868057183942,,,0,s1,3
oracle,400.0,long_00020_1284-1580-260,s2,no_recursion,3,-5.206514500004498,4.1437884655652795,7.608881494139088,,,0,s2,3
oracle,400.0,long_00020_1284-1580-260,s3,no_recursion,3,-27.72246918842486,11.820059013006091,10.674449727621356,,,0,s3,3
oracle,400.0,long_00020_1284-1580-260,s1,ungated_deflation,3,-33.92745374007199,7.243260348058135,7.531868057183942,0,0,0,s1,3
oracle,400.0,long_00020_1284-1580-260,s2,ungated_deflation,3,-4.19346918155114,2.684207306321649,13.274786102965697,1,1,0,s2,3
oracle,400.0,long_00020_1284-1580-260,s3,ungated_deflation,3,-18.57344265467528,5.925977876045568,13.385073166481954,2,2,0,s3,3
oracle,400.0,long_00020_1284-1580-260,s1,gated_deflation,3,-33.92745374007199,7.243260348058135,7.531868057183942,0,0,0,s1,3
oracle,400.0,long_00020_1284-1580-260,s2,gated_deflation,3,-4.19346918155114,2.684207306321649,13.274786102965697,1,1,0,s2,3
oracle,400.0,long_00020_1284-1580-260,s3,gated_deflation,3,-18.57344265467528,5.925977876045568,13.385073166481954,2,2,0,s3,3
oracle,400.0,long_00020_1284-1580-260,s1,coarse_to_fine,3,-33.92745374007199,7.243260348058135,7.531868057183942,,,0,s1,3
oracle,400.0,long_00020_1284-1580-260,s2,coarse_to_fine,3,-5.206514500004498,4.1437884655652795,7.608881494139088,,,0,s2,3
oracle,400.0,long_00020_1284-1580-260,s3,coarse_to_fine,3,-27.72246918842486,11.820059013006091,10.674449727621356,,,0,s3,3
real,0.0,long_00020_1284-1580-260,s1,no_recursion,3,-16.317376080403523,2.500198375177669,4.119792341447156,,,0,SPEAKER_01,3
real,0.0,long_00020_1284-1580-260,s2,no_recursion,3,-8.997171229577791,0.23364776051905545,4.672709555533932,,,0,SPEAKER_02,3
real,0.0,long_00020_1284-1580-260,s3,no_recursion,3,-26.54831720183459,8.48574549728927,8.680142936705987,,,0,SPEAKER_00,3
real,0.0,long_00020_1284-1580-260,s1,ungated_deflation,3,-15.999605845512813,2.4723613354968923,14.274831414053253,2,2,0,SPEAKER_01,3
real,0.0,long_00020_1284-1580-260,s2,ungated_deflation,3,-6.582620253644924,0.0883215665923641,11.041086184484982,1,1,0,SPEAKER_02,3
real,0.0,long_00020_1284-1580-260,s3,ungated_deflation,3,-26.54831720183459,8.48574549728927,8.680142936705987,0,0,0,SPEAKER_00,3
real,0.0,long_00020_1284-1580-260,s1,gated_deflation,3,-15.999605845512813,2.4723613354968923,14.274831414053253,2,2,0,SPEAKER_01,3
real,0.0,long_00020_1284-1580-260,s2,gated_deflation,3,-6.582620253644924,0.0883215665923641,11.041086184484982,1,1,0,SPEAKER_02,3
real,0.0,long_00020_1284-1580-260,s3,gated_deflation,3,-26.54831720183459,8.48574549728927,8.680142936705987,0,0,0,SPEAKER_00,3
real,0.0,long_00020_1284-1580-260,s1,coarse_to_fine,3,-16.317376080403523,2.500198375177669,4.119792341447156,,,0,SPEAKER_01,3
real,0.0,long_00020_1284-1580-260,s2,coarse_to_fine,3,-8.997171229577791,0.23364776051905545,4.672709555533932,,,0,SPEAKER_02,3
real,0.0,long_00020_1284-1580-260,s3,coarse_to_fine,3,-26.54831720183459,8.48574549728927,8.680142936705987,,,0,SPEAKER_00,3
real,400.0,long_00020_1284-1580-260,s1,no_recursion,3,-26.750073510089734,5.476895824333358,6.884587505265278,,,0,SPEAKER_01,3
real,400.0,long_00020_1284-1580-260,s2,no_recursion,3,-4.968270058952646,4.605466347940307,7.936483448801827,,,0,SPEAKER_02,3
real,400.0,long_00020_1284-1580-260,s3,no_recursion,3,-27.294664018246777,14.611425888743188,10.719401945219833,,,0,SPEAKER_00,3
real,400.0,long_00020_1284-1580-260,s1,ungated_deflation,3,-14.043768838790422,3.6585547615009113,15.65391031700739,2,2,0,SPEAKER_01,3
real,400.0,long_00020_1284-1580-260,s2,ungated_deflation,3,-4.025872776515815,3.170305430428777,13.35111264880084,1,1,0,SPEAKER_02,3
real,400.0,long_00020_1284-1580-260,s3,ungated_deflation,3,-27.294664018246777,14.611425888743188,10.719401945219833,0,0,0,SPEAKER_00,3
real,400.0,long_00020_1284-1580-260,s1,gated_deflation,3,-14.043768838790422,3.6585547615009113,15.65391031700739,2,2,0,SPEAKER_01,3
real,400.0,long_00020_1284-1580-260,s2,gated_deflation,3,-4.025872776515815,3.170305430428777,13.35111264880084,1,1,0,SPEAKER_02,3
real,400.0,long_00020_1284-1580-260,s3,gated_deflation,3,-27.294664018246777,14.611425888743188,10.719401945219833,0,0,0,SPEAKER_00,3
real,400.0,long_00020_1284-1580-260,s1,coarse_to_fine,3,-26.750073510089734,5.476895824333358,6.884587505265278,,,0,SPEAKER_01,3
real,400.0,long_00020_1284-1580-260,s2,coarse_to_fine,3,-4.968270058952646,4.605466347940307,7.936483448801827,,,0,SPEAKER_02,3
real,400.0,long_00020_1284-1580-260,s3,coarse_to_fine,3,-27.294664018246777,14.611425888743188,10.719401945219833,,,0,SPEAKER_00,3
oracle,0.0,long_00021_4507-260-1580,s1,no_recursion,3,-20.332963869417892,9.089423865732204,7.707260939924611,,,0,s1,3
oracle,0.0,long_00021_4507-260-1580,s2,no_recursion,3,-5.246823577611538,5.976915237389907,7.015472869076893,,,0,s2,3
oracle,0.0,long_00021_4507-260-1580,s3,no_recursion,3,-21.2137313350298,9.767722207601269,9.189243691246977,,,0,s3,3
oracle,0.0,long_00021_4507-260-1580,s1,ungated_deflation,3,-20.332963869417892,9.089423865732204,7.707260939924611,0,0,0,s1,3
oracle,0.0,long_00021_4507-260-1580,s2,ungated_deflation,3,-4.750032209597012,4.952037905637918,8.869949860290516,1,1,0,s2,3
oracle,0.0,long_00021_4507-260-1580,s3,ungated_deflation,3,-8.975520505537594,9.302091811643976,18.488687912503142,2,2,0,s3,3
oracle,0.0,long_00021_4507-260-1580,s1,gated_deflation,3,-20.332963869417892,9.089423865732204,7.707260939924611,0,0,0,s1,3
oracle,0.0,long_00021_4507-260-1580,s2,gated_deflation,3,-4.750032209597012,4.952037905637918,8.869949860290516,1,1,0,s2,3
oracle,0.0,long_00021_4507-260-1580,s3,gated_deflation,3,-8.975520505537594,9.302091811643976,18.488687912503142,2,2,0,s3,3
oracle,0.0,long_00021_4507-260-1580,s1,coarse_to_fine,3,-20.332963869417892,9.089423865732204,7.707260939924611,,,0,s1,3
oracle,0.0,long_00021_4507-260-1580,s2,coarse_to_fine,3,-5.246823577611538,5.976915237389907,7.015472869076893,,,0,s2,3
oracle,0.0,long_00021_4507-260-1580,s3,coarse_to_fine,3,-21.2137313350298,9.767722207601269,9.189243691246977,,,0,s3,3
oracle,400.0,long_00021_4507-260-1580,s1,no_recursion,3,-21.876179879693076,6.518437815351224,8.004885008019055,,,0,s1,3
oracle,400.0,long_00021_4507-260-1580,s2,no_recursion,3,-5.105965106060513,2.8710537512078615,7.961108182276346,,,0,s2,3
oracle,400.0,long_00021_4507-260-1580,s3,no_recursion,3,-20.78253156633441,8.723729437995456,9.302806745371663,,,0,s3,3
oracle,400.0,long_00021_4507-260-1580,s1,ungated_deflation,3,-21.876179879693076,6.518437815351224,8.004885008019055,0,0,0,s1,3
oracle,400.0,long_00021_4507-260-1580,s2,ungated_deflation,3,-4.504848939164615,2.0277953664652095,10.060935825489121,1,1,0,s2,3
oracle,400.0,long_00021_4507-260-1580,s3,ungated_deflation,3,-8.893877023969555,8.032905899273018,18.7174259542726,2,2,0,s3,3
oracle,400.0,long_00021_4507-260-1580,s1,gated_deflation,3,-21.876179879693076,6.518437815351224,8.004885008019055,0,0,0,s1,3
oracle,400.0,long_00021_4507-260-1580,s2,gated_deflation,3,-4.504848939164615,2.0277953664652095,10.060935825489121,1,1,0,s2,3
oracle,400.0,long_00021_4507-260-1580,s3,gated_deflation,3,-8.893877023969555,8.032905899273018,18.7174259542726,2,2,0,s3,3
oracle,400.0,long_00021_4507-260-1580,s1,coarse_to_fine,3,-21.876179879693076,6.518437815351224,8.004885008019055,,,0,s1,3
oracle,400.0,long_00021_4507-260-1580,s2,coarse_to_fine,3,-5.105965106060513,2.8710537512078615,7.961108182276346,,,0,s2,3
oracle,400.0,long_00021_4507-260-1580,s3,coarse_to_fine,3,-20.78253156633441,8.723729437995456,9.302806745371663,,,0,s3,3
real,0.0,long_00021_4507-260-1580,s1,no_recursion,3,-14.110548361732997,7.100503461896689,5.535695895468189,,,0,SPEAKER_01,3
real,0.0,long_00021_4507-260-1580,s2,no_recursion,3,-8.970699181963667,0.5772449719114985,5.023284972669022,,,0,SPEAKER_00,3
real,0.0,long_00021_4507-260-1580,s3,no_recursion,3,-18.880093350256743,3.1409632891515615,4.443053083656427,,,0,SPEAKER_02,3
real,0.0,long_00021_4507-260-1580,s1,ungated_deflation,3,-12.588560467388447,5.729391416455895,4.60828566341117,1,1,0,SPEAKER_01,3
real,0.0,long_00021_4507-260-1580,s2,ungated_deflation,3,-9.049302902736569,-1.7417947363765751,8.257788535954658,2,2,0,SPEAKER_00,3
real,0.0,long_00021_4507-260-1580,s3,ungated_deflation,3,-18.880093350256743,3.1409632891515615,4.443053083656427,0,0,0,SPEAKER_02,3
real,0.0,long_00021_4507-260-1580,s1,gated_deflation,3,-12.588560467388447,5.729391416455895,4.60828566341117,1,1,0,SPEAKER_01,3
real,0.0,long_00021_4507-260-1580,s2,gated_deflation,3,-9.049302902736569,-1.7417947363765751,8.257788535954658,2,2,0,SPEAKER_00,3
real,0.0,long_00021_4507-260-1580,s3,gated_deflation,3,-18.880093350256743,3.1409632891515615,4.443053083656427,0,0,0,SPEAKER_02,3
real,0.0,long_00021_4507-260-1580,s1,coarse_to_fine,3,-14.110548361732997,7.100503461896689,5.535695895468189,,,0,SPEAKER_01,3
real,0.0,long_00021_4507-260-1580,s2,coarse_to_fine,3,-8.970699181963667,0.5772449719114985,5.023284972669022,,,0,SPEAKER_00,3
real,0.0,long_00021_4507-260-1580,s3,coarse_to_fine,3,-18.880093350256743,3.1409632891515615,4.443053083656427,,,0,SPEAKER_02,3
real,400.0,long_00021_4507-260-1580,s1,no_recursion,3,-19.33571375334132,8.538146978333495,7.456810191413163,,,0,SPEAKER_01,3
real,400.0,long_00021_4507-260-1580,s2,no_recursion,3,-4.486921810346244,5.363134995567687,8.709033450279042,,,0,SPEAKER_00,3
real,400.0,long_00021_4507-260-1580,s3,no_recursion,3,-17.72725282153179,10.871637492435784,10.16759948425214,,,0,SPEAKER_02,3
real,400.0,long_00021_4507-260-1580,s1,ungated_deflation,3,-15.916135978410754,6.759171161415604,6.225811143772876,1,1,0,SPEAKER_01,3
real,400.0,long_00021_4507-260-1580,s2,ungated_deflation,3,-6.726781242431226,0.46837198724302337,10.21790268670677,2,2,0,SPEAKER_00,3
real,400.0,long_00021_4507-260-1580,s3,ungated_deflation,3,-17.72725282153179,10.871637492435784,10.16759948425214,0,0,0,SPEAKER_02,3
real,400.0,long_00021_4507-260-1580,s1,gated_deflation,3,-15.916135978410754,6.759171161415604,6.225811143772876,1,1,0,SPEAKER_01,3
real,400.0,long_00021_4507-260-1580,s2,gated_deflation,3,-6.726781242431226,0.46837198724302337,10.21790268670677,2,2,0,SPEAKER_00,3
real,400.0,long_00021_4507-260-1580,s3,gated_deflation,3,-17.72725282153179,10.871637492435784,10.16759948425214,0,0,0,SPEAKER_02,3
real,400.0,long_00021_4507-260-1580,s1,coarse_to_fine,3,-19.33571375334132,8.538146978333495,7.456810191413163,,,0,SPEAKER_01,3
real,400.0,long_00021_4507-260-1580,s2,coarse_to_fine,3,-4.486921810346244,5.363134995567687,8.709033450279042,,,0,SPEAKER_00,3
real,400.0,long_00021_4507-260-1580,s3,coarse_to_fine,3,-17.72725282153179,10.871637492435784,10.16759948425214,,,0,SPEAKER_02,3
oracle,0.0,long_00022_1320-4992-7729,s1,no_recursion,3,-16.942184483136895,12.018098808637095,11.830136804791984,,,0,s1,3
oracle,0.0,long_00022_1320-4992-7729,s2,no_recursion,3,-4.04453939219653,5.731809466574154,8.37686919793316,,,0,s2,3
oracle,0.0,long_00022_1320-4992-7729,s3,no_recursion,3,-15.989919671813247,10.515860305695764,10.619482982183055,,,0,s3,3
oracle,0.0,long_00022_1320-4992-7729,s1,ungated_deflation,3,-16.942184483136895,12.018098808637095,11.830136804791984,0,0,0,s1,3
oracle,0.0,long_00022_1320-4992-7729,s2,ungated_deflation,3,-3.6502580472624735,3.6653538034727466,12.801460241205895,1,1,0,s2,3
oracle,0.0,long_00022_1320-4992-7729,s3,ungated_deflation,3,-8.976179741623527,8.080481548166116,18.869985242522972,2,2,0,s3,3
oracle,0.0,long_00022_1320-4992-7729,s1,gated_deflation,3,-16.942184483136895,12.018098808637095,11.830136804791984,0,0,0,s1,3
oracle,0.0,long_00022_1320-4992-7729,s2,gated_deflation,3,-3.6502580472624735,3.6653538034727466,12.801460241205895,1,1,0,s2,3
oracle,0.0,long_00022_1320-4992-7729,s3,gated_deflation,3,-8.976179741623527,8.080481548166116,18.869985242522972,2,2,0,s3,3
oracle,0.0,long_00022_1320-4992-7729,s1,coarse_to_fine,3,-16.942184483136895,12.018098808637095,11.830136804791984,,,0,s1,3
oracle,0.0,long_00022_1320-4992-7729,s2,coarse_to_fine,3,-4.04453939219653,5.731809466574154,8.37686919793316,,,0,s2,3
oracle,0.0,long_00022_1320-4992-7729,s3,coarse_to_fine,3,-15.989919671813247,10.515860305695764,10.619482982183055,,,0,s3,3
oracle,400.0,long_00022_1320-4992-7729,s1,no_recursion,3,-15.616165927161719,3.2671714509703746,12.608547684122499,,,0,s1,3
oracle,400.0,long_00022_1320-4992-7729,s2,no_recursion,3,-3.8557522873194197,3.3916111655669883,9.181834031489227,,,0,s2,3
oracle,400.0,long_00022_1320-4992-7729,s3,no_recursion,3,-15.381241838414862,6.402618976775218,10.981484474071301,,,0,s3,3
oracle,400.0,long_00022_1320-4992-7729,s1,ungated_deflation,3,-15.616165927161719,3.2671714509703746,12.608547684122499,0,0,0,s1,3
oracle,400.0,long_00022_1320-4992-7729,s2,ungated_deflation,3,-3.4524637952055177,2.0684476609478804,13.697216504988512,1,1,0,s2,3
oracle,400.0,long_00022_1320-4992-7729,s3,ungated_deflation,3,-8.847957375721029,5.598557855393793,19.292237556320288,2,2,0,s3,3
oracle,400.0,long_00022_1320-4992-7729,s1,gated_deflation,3,-15.616165927161719,3.2671714509703746,12.608547684122499,0,0,0,s1,3
oracle,400.0,long_00022_1320-4992-7729,s2,gated_deflation,3,-3.4524637952055177,2.0684476609478804,13.697216504988512,1,1,0,s2,3
oracle,400.0,long_00022_1320-4992-7729,s3,gated_deflation,3,-8.847957375721029,5.598557855393793,19.292237556320288,2,2,0,s3,3
oracle,400.0,long_00022_1320-4992-7729,s1,coarse_to_fine,3,-15.616165927161719,3.2671714509703746,12.608547684122499,,,0,s1,3
oracle,400.0,long_00022_1320-4992-7729,s2,coarse_to_fine,3,-3.8557522873194197,3.3916111655669883,9.181834031489227,,,0,s2,3
oracle,400.0,long_00022_1320-4992-7729,s3,coarse_to_fine,3,-15.381241838414862,6.402618976775218,10.981484474071301,,,0,s3,3
real,0.0,long_00022_1320-4992-7729,s1,no_recursion,3,-19.192005703941003,9.990086449837559,11.125232173788351,,,0,SPEAKER_00,3
real,0.0,long_00022_1320-4992-7729,s2,no_recursion,3,-4.672977974263445,5.219499679930405,7.410800200028494,,,0,SPEAKER_02,3
real,0.0,long_00022_1320-4992-7729,s3,no_recursion,3,-26.586556059520674,5.479297192508286,8.147087405066406,,,0,SPEAKER_01,3
real,0.0,long_00022_1320-4992-7729,s1,ungated_deflation,3,-19.192005703941003,9.990086449837559,11.125232173788351,0,0,0,SPEAKER_00,3
real,0.0,long_00022_1320-4992-7729,s2,ungated_deflation,3,-3.331427045828599,3.4835579800447976,15.021431739464955,2,2,0,SPEAKER_02,3
real,0.0,long_00022_1320-4992-7729,s3,ungated_deflation,3,-19.292797289833675,6.1673932821259045,9.770508310858641,1,1,0,SPEAKER_01,3
real,0.0,long_00022_1320-4992-7729,s1,gated_deflation,3,-19.192005703941003,9.990086449837559,11.125232173788351,0,0,0,SPEAKER_00,3
real,0.0,long_00022_1320-4992-7729,s2,gated_deflation,3,-3.331427045828599,3.4835579800447976,15.021431739464955,2,2,0,SPEAKER_02,3
real,0.0,long_00022_1320-4992-7729,s3,gated_deflation,3,-19.292797289833675,6.1673932821259045,9.770508310858641,1,1,0,SPEAKER_01,3
real,0.0,long_00022_1320-4992-7729,s1,coarse_to_fine,3,-19.192005703941003,9.990086449837559,11.125232173788351,,,0,SPEAKER_00,3
real,0.0,long_00022_1320-4992-7729,s2,coarse_to_fine,3,-4.672977974263445,5.219499679930405,7.410800200028494,,,0,SPEAKER_02,3
real,0.0,long_00022_1320-4992-7729,s3,coarse_to_fine,3,-26.586556059520674,5.479297192508286,8.147087405066406,,,0,SPEAKER_01,3
real,400.0,long_00022_1320-4992-7729,s1,no_recursion,3,-17.41350448072506,11.684528181886648,11.654530569449154,,,0,SPEAKER_00,3
real,400.0,long_00022_1320-4992-7729,s2,no_recursion,3,-4.411220710278966,5.613018091412435,7.646473229266546,,,0,SPEAKER_02,3
real,400.0,long_00022_1320-4992-7729,s3,no_recursion,3,-16.451516873166725,8.413538986966518,10.483671708088597,,,0,SPEAKER_01,3
real,400.0,long_00022_1320-4992-7729,s1,ungated_deflation,3,-17.41350448072506,11.684528181886648,11.654530569449154,0,0,0,SPEAKER_00,3
real,400.0,long_00022_1320-4992-7729,s2,ungated_deflation,3,-3.2343653760491575,3.5901588700669427,15.233140560043854,2,2,0,SPEAKER_02,3
real,400.0,long_00022_1320-4992-7729,s3,ungated_deflation,3,-13.167990467142662,7.7656747058973155,12.316382972240191,1,1,0,SPEAKER_01,3
real,400.0,long_00022_1320-4992-7729,s1,gated_deflation,3,-17.41350448072506,11.684528181886648,11.654530569449154,0,0,0,SPEAKER_00,3
real,400.0,long_00022_1320-4992-7729,s2,gated_deflation,3,-3.2343653760491575,3.5901588700669427,15.233140560043854,2,2,0,SPEAKER_02,3
real,400.0,long_00022_1320-4992-7729,s3,gated_deflation,3,-13.167990467142662,7.7656747058973155,12.316382972240191,1,1,0,SPEAKER_01,3
real,400.0,long_00022_1320-4992-7729,s1,coarse_to_fine,3,-17.41350448072506,11.684528181886648,11.654530569449154,,,0,SPEAKER_00,3
real,400.0,long_00022_1320-4992-7729,s2,coarse_to_fine,3,-4.411220710278966,5.613018091412435,7.646473229266546,,,0,SPEAKER_02,3
real,400.0,long_00022_1320-4992-7729,s3,coarse_to_fine,3,-16.451516873166725,8.413538986966518,10.483671708088597,,,0,SPEAKER_01,3
oracle,0.0,long_00023_5639-7127-2094,s1,no_recursion,3,-24.212661977636426,1.2841958097686677,10.768543023752152,,,0,s1,3
oracle,0.0,long_00023_5639-7127-2094,s2,no_recursion,3,-6.903533863037083,1.9565751809164627,7.862817650969487,,,0,s2,3
oracle,0.0,long_00023_5639-7127-2094,s3,no_recursion,3,-27.73085700075214,2.624378366256308,0.8082325056418662,,,0,s3,3
oracle,0.0,long_00023_5639-7127-2094,s1,ungated_deflation,3,-24.212661977636426,1.2841958097686677,10.768543023752152,0,0,0,s1,3
oracle,0.0,long_00023_5639-7127-2094,s2,ungated_deflation,3,-6.909897895676722,-0.020992141025144125,11.82842672358331,1,1,0,s2,3
oracle,0.0,long_00023_5639-7127-2094,s3,ungated_deflation,3,-7.957750381363961,3.286342521626316,11.641851609532644,2,2,0,s3,3
oracle,0.0,long_00023_5639-7127-2094,s1,gated_deflation,3,-24.212661977636426,1.2841958097686677,10.768543023752152,0,0,0,s1,3
oracle,0.0,long_00023_5639-7127-2094,s2,gated_deflation,3,-6.909897895676722,-0.020992141025144125,11.82842672358331,1,1,0,s2,3
oracle,0.0,long_00023_5639-7127-2094,s3,gated_deflation,3,-7.957750381363961,3.286342521626316,11.641851609532644,2,2,0,s3,3
oracle,0.0,long_00023_5639-7127-2094,s1,coarse_to_fine,3,-24.212661977636426,1.2841958097686677,10.768543023752152,,,0,s1,3
oracle,0.0,long_00023_5639-7127-2094,s2,coarse_to_fine,3,-6.903533863037083,1.9565751809164627,7.862817650969487,,,0,s2,3
oracle,0.0,long_00023_5639-7127-2094,s3,coarse_to_fine,3,-27.73085700075214,2.624378366256308,0.8082325056418662,,,0,s3,3
oracle,400.0,long_00023_5639-7127-2094,s1,no_recursion,3,-20.193463053984964,-2.115443289046416,12.514068596206593,,,0,s1,3
oracle,400.0,long_00023_5639-7127-2094,s2,no_recursion,3,-6.335995390227644,-0.8825388645504966,10.049531745716456,,,0,s2,3
oracle,400.0,long_00023_5639-7127-2094,s3,no_recursion,3,-22.312346057550734,0.8219189957213766,1.7433625521909666,,,0,s3,3
oracle,400.0,long_00023_5639-7127-2094,s1,ungated_deflation,3,-20.193463053984964,-2.115443289046416,12.514068596206593,0,0,0,s1,3
oracle,400.0,long_00023_5639-7127-2094,s2,ungated_deflation,3,-6.57228987192882,-1.8109558426170187,13.736435479312043,1,1,0,s2,3
oracle,400.0,long_00023_5639-7127-2094,s3,ungated_deflation,3,-7.768648158228899,0.640420890718521,12.404531674902081,2,2,0,s3,3
oracle,400.0,long_00023_5639-7127-2094,s1,gated_deflation,3,-20.193463053984964,-2.115443289046416,12.514068596206593,0,0,0,s1,3
oracle,400.0,long_00023_5639-7127-2094,s2,gated_deflation,3,-6.57228987192882,-1.8109558426170187,13.736435479312043,1,1,0,s2,3
oracle,400.0,long_00023_5639-7127-2094,s3,gated_deflation,3,-7.768648158228899,0.640420890718521,12.404531674902081,2,2,0,s3,3
oracle,400.0,long_00023_5639-7127-2094,s1,coarse_to_fine,3,-20.193463053984964,-2.115443289046416,12.514068596206593,,,0,s1,3
oracle,400.0,long_00023_5639-7127-2094,s2,coarse_to_fine,3,-6.335995390227644,-0.8825388645504966,10.049531745716456,,,0,s2,3
oracle,400.0,long_00023_5639-7127-2094,s3,coarse_to_fine,3,-22.312346057550734,0.8219189957213766,1.7433625521909666,,,0,s3,3
real,0.0,long_00023_5639-7127-2094,s1,no_recursion,3,-48.11068715603788,-0.08419567607757202,8.613164229976661,,,0,SPEAKER_01,3
real,0.0,long_00023_5639-7127-2094,s3,no_recursion,3,-25.60984227781733,0.13563905509747542,1.230979470537943,,,0,SPEAKER_00,3
real,0.0,long_00023_5639-7127-2094,s2,no_recursion,3,-9.775658474562041,-0.20886910451659915,4.9589738479222465,,,0,SPEAKER_02,3
real,0.0,long_00023_5639-7127-2094,s1,ungated_deflation,3,-13.805279104375376,1.1148546586053336,20.478518287882444,2,2,0,SPEAKER_01,3
real,0.0,long_00023_5639-7127-2094,s3,ungated_deflation,3,-35.250812722128714,-2.085998765785542,0.3982202966039053,1,1,0,SPEAKER_00,3
real,0.0,long_00023_5639-7127-2094,s2,ungated_deflation,3,-9.775658474562041,-0.20886910451659915,4.9589738479222465,0,0,0,SPEAKER_02,3
real,0.0,long_00023_5639-7127-2094,s1,gated_deflation,3,-13.805279104375376,1.1148546586053336,20.478518287882444,2,2,0,SPEAKER_01,3
real,0.0,long_00023_5639-7127-2094,s3,gated_deflation,3,-35.250812722128714,-2.085998765785542,0.3982202966039053,1,1,0,SPEAKER_00,3
real,0.0,long_00023_5639-7127-2094,s2,gated_deflation,3,-9.775658474562041,-0.20886910451659915,4.9589738479222465,0,0,0,SPEAKER_02,3
real,0.0,long_00023_5639-7127-2094,s1,coarse_to_fine,3,-48.11068715603788,-0.08419567607757202,8.613164229976661,,,0,SPEAKER_01,3
real,0.0,long_00023_5639-7127-2094,s3,coarse_to_fine,3,-25.60984227781733,0.13563905509747542,1.230979470537943,,,0,SPEAKER_00,3
real,0.0,long_00023_5639-7127-2094,s2,coarse_to_fine,3,-9.775658474562041,-0.20886910451659915,4.9589738479222465,,,0,SPEAKER_02,3
real,400.0,long_00023_5639-7127-2094,s1,no_recursion,3,-25.60703773740719,1.1242549978359162,10.385694993541223,,,0,SPEAKER_01,3
real,400.0,long_00023_5639-7127-2094,s3,no_recursion,3,-18.16669292710296,3.3419814643490087,2.651632514721042,,,0,SPEAKER_00,3
real,400.0,long_00023_5639-7127-2094,s2,no_recursion,3,-8.958410131145575,0.23989806942401848,5.8398966781920025,,,0,SPEAKER_02,3
real,400.0,long_00023_5639-7127-2094,s1,ungated_deflation,3,-13.35787834787126,1.2854892562059308,21.1380611895485,2,2,0,SPEAKER_01,3
real,400.0,long_00023_5639-7127-2094,s3,ungated_deflation,3,-16.334168736004116,1.5147984330149453,3.7430801960147546,1,1,0,SPEAKER_00,3
real,400.0,long_00023_5639-7127-2094,s2,ungated_deflation,3,-8.958410131145575,0.23989806942401848,5.8398966781920025,0,0,0,SPEAKER_02,3
real,400.0,long_00023_5639-7127-2094,s1,gated_deflation,3,-13.35787834787126,1.2854892562059308,21.1380611895485,2,2,0,SPEAKER_01,3
real,400.0,long_00023_5639-7127-2094,s3,gated_deflation,3,-16.334168736004116,1.5147984330149453,3.7430801960147546,1,1,0,SPEAKER_00,3
real,400.0,long_00023_5639-7127-2094,s2,gated_deflation,3,-8.958410131145575,0.23989806942401848,5.8398966781920025,0,0,0,SPEAKER_02,3
real,400.0,long_00023_5639-7127-2094,s1,coarse_to_fine,3,-25.60703773740719,1.1242549978359162,10.385694993541223,,,0,SPEAKER_01,3
real,400.0,long_00023_5639-7127-2094,s3,coarse_to_fine,3,-18.16669292710296,3.3419814643490087,2.651632514721042,,,0,SPEAKER_00,3
real,400.0,long_00023_5639-7127-2094,s2,coarse_to_fine,3,-8.958410131145575,0.23989806942401848,5.8398966781920025,,,0,SPEAKER_02,3
oracle,0.0,long_00024_8224-1284-2961,s1,no_recursion,3,-25.586795831120995,10.797403909804633,11.059545782395212,,,0,s1,3
oracle,0.0,long_00024_8224-1284-2961,s2,no_recursion,3,-6.593205019974025,3.396681591841687,8.611893225484163,,,0,s2,3
oracle,0.0,long_00024_8224-1284-2961,s3,no_recursion,3,-10.173986700176025,5.5302114740154815,12.710194705820248,,,0,s3,3
oracle,0.0,long_00024_8224-1284-2961,s1,ungated_deflation,3,-25.586795831120995,10.797403909804633,11.059545782395212,0,0,0,s1,3
oracle,0.0,long_00024_8224-1284-2961,s2,ungated_deflation,3,-4.8163104130784316,3.667903013797643,13.311011923161335,1,1,0,s2,3
oracle,0.0,long_00024_8224-1284-2961,s3,ungated_deflation,3,-6.53600206572687,5.021129051972145,25.797211308075426,2,2,0,s3,3
oracle,0.0,long_00024_8224-1284-2961,s1,gated_deflation,3,-25.586795831120995,10.797403909804633,11.059545782395212,0,0,0,s1,3
oracle,0.0,long_00024_8224-1284-2961,s2,gated_deflation,3,-4.8163104130784316,3.667903013797643,13.311011923161335,1,1,0,s2,3
oracle,0.0,long_00024_8224-1284-2961,s3,gated_deflation,3,-6.53600206572687,5.021129051972145,25.797211308075426,2,2,0,s3,3
oracle,0.0,long_00024_8224-1284-2961,s1,coarse_to_fine,3,-25.586795831120995,10.797403909804633,11.059545782395212,,,0,s1,3
oracle,0.0,long_00024_8224-1284-2961,s2,coarse_to_fine,3,-6.593205019974025,3.396681591841687,8.611893225484163,,,0,s2,3
oracle,0.0,long_00024_8224-1284-2961,s3,coarse_to_fine,3,-10.173986700176025,5.5302114740154815,12.710194705820248,,,0,s3,3
oracle,400.0,long_00024_8224-1284-2961,s1,no_recursion,3,-24.049072918036124,7.110687836953443,11.33383292462696,,,0,s1,3
oracle,400.0,long_00024_8224-1284-2961,s2,no_recursion,3,-6.163596342820502,1.5692035682833723,9.812384767079381,,,0,s2,3
oracle,400.0,long_00024_8224-1284-2961,s3,no_recursion,3,-10.140349777304813,5.47793080157461,12.744650421617038,,,0,s3,3
oracle,400.0,long_00024_8224-1284-2961,s1,ungated_deflation,3,-24.049072918036124,7.110687836953443,11.33383292462696,0,0,0,s1,3
oracle,400.0,long_00024_8224-1284-2961,s2,ungated_deflation,3,-4.671061685783149,1.185304211037518,14.515556488004604,1,1,0,s2,3
oracle,400.0,long_00024_8224-1284-2961,s3,ungated_deflation,3,-6.523960944433864,4.9888880217962015,25.81151433537763,2,2,0,s3,3
oracle,400.0,long_00024_8224-1284-2961,s1,gated_deflation,3,-24.049072918036124,7.110687836953443,11.33383292462696,0,0,0,s1,3
oracle,400.0,long_00024_8224-1284-2961,s2,gated_deflation,3,-4.671061685783149,1.185304211037518,14.515556488004604,1,1,0,s2,3
oracle,400.0,long_00024_8224-1284-2961,s3,gated_deflation,3,-6.523960944433864,4.9888880217962015,25.81151433537763,2,2,0,s3,3
oracle,400.0,long_00024_8224-1284-2961,s1,coarse_to_fine,3,-24.049072918036124,7.110687836953443,11.33383292462696,,,0,s1,3
oracle,400.0,long_00024_8224-1284-2961,s2,coarse_to_fine,3,-6.163596342820502,1.5692035682833723,9.812384767079381,,,0,s2,3
oracle,400.0,long_00024_8224-1284-2961,s3,coarse_to_fine,3,-10.140349777304813,5.47793080157461,12.744650421617038,,,0,s3,3
real,0.0,long_00024_8224-1284-2961,s1,no_recursion,3,-24.12044480532827,8.722821246971712,11.40411043586305,,,0,SPEAKER_00,3
real,0.0,long_00024_8224-1284-2961,s2,no_recursion,3,-12.39651398430879,-2.126341692839273,4.616687179788609,,,0,SPEAKER_02,3
real,0.0,long_00024_8224-1284-2961,s3,no_recursion,3,-10.963418495396331,5.981195591601535,11.423288286360869,,,0,SPEAKER_01,3
real,0.0,long_00024_8224-1284-2961,s1,ungated_deflation,3,-22.272011312183572,5.303359498311943,12.2006089253962,2,2,0,SPEAKER_00,3
real,0.0,long_00024_8224-1284-2961,s2,ungated_deflation,3,-12.39651398430879,-2.126341692839273,4.616687179788609,0,0,0,SPEAKER_02,3
real,0.0,long_00024_8224-1284-2961,s3,ungated_deflation,3,-6.427243087781532,6.00221766548529,22.85501982064283,1,1,0,SPEAKER_01,3
real,0.0,long_00024_8224-1284-2961,s1,gated_deflation,3,-22.272011312183572,5.303359498311943,12.2006089253962,2,2,0,SPEAKER_00,3
real,0.0,long_00024_8224-1284-2961,s2,gated_deflation,3,-12.39651398430879,-2.126341692839273,4.616687179788609,0,0,0,SPEAKER_02,3
real,0.0,long_00024_8224-1284-2961,s3,gated_deflation,3,-6.427243087781532,6.00221766548529,22.85501982064283,1,1,0,SPEAKER_01,3
real,0.0,long_00024_8224-1284-2961,s1,coarse_to_fine,3,-24.12044480532827,8.722821246971712,11.40411043586305,,,0,SPEAKER_00,3
real,0.0,long_00024_8224-1284-2961,s2,coarse_to_fine,3,-12.39651398430879,-2.126341692839273,4.616687179788609,,,0,SPEAKER_02,3
real,0.0,long_00024_8224-1284-2961,s3,coarse_to_fine,3,-10.963418495396331,5.981195591601535,11.423288286360869,,,0,SPEAKER_01,3
real,400.0,long_00024_8224-1284-2961,s1,no_recursion,3,-19.58049618520822,7.099309862730298,12.478581785640657,,,0,SPEAKER_00,3
real,400.0,long_00024_8224-1284-2961,s2,no_recursion,3,-7.199612543669925,2.2528892734323627,8.528599507289577,,,0,SPEAKER_02,3
real,400.0,long_00024_8224-1284-2961,s3,no_recursion,3,-10.577571918615835,6.304675035661847,11.69233486727649,,,0,SPEAKER_01,3
real,400.0,long_00024_8224-1284-2961,s1,ungated_deflation,3,-20.45764948320246,5.049331115807019,12.734779637998397,2,2,0,SPEAKER_00,3
real,400.0,long_00024_8224-1284-2961,s2,ungated_deflation,3,-7.199612543669925,2.2528892734323627,8.528599507289577,0,0,0,SPEAKER_02,3
real,400.0,long_00024_8224-1284-2961,s3,ungated_deflation,3,-6.1767459208168365,6.271139232912526,23.47924343014871,1,1,0,SPEAKER_01,3
real,400.0,long_00024_8224-1284-2961,s1,gated_deflation,3,-20.45764948320246,5.049331115807019,12.734779637998397,2,2,0,SPEAKER_00,3
real,400.0,long_00024_8224-1284-2961,s2,gated_deflation,3,-7.199612543669925,2.2528892734323627,8.528599507289577,0,0,0,SPEAKER_02,3
real,400.0,long_00024_8224-1284-2961,s3,gated_deflation,3,-6.1767459208168365,6.271139232912526,23.47924343014871,1,1,0,SPEAKER_01,3
real,400.0,long_00024_8224-1284-2961,s1,coarse_to_fine,3,-19.58049618520822,7.099309862730298,12.478581785640657,,,0,SPEAKER_00,3
real,400.0,long_00024_8224-1284-2961,s2,coarse_to_fine,3,-7.199612543669925,2.2528892734323627,8.528599507289577,,,0,SPEAKER_02,3
real,400.0,long_00024_8224-1284-2961,s3,coarse_to_fine,3,-10.577571918615835,6.304675035661847,11.69233486727649,,,0,SPEAKER_01,3
oracle,0.0,long_00025_5639-3570-61,s1,no_recursion,3,-23.6428852732425,1.9460825049979025,7.499946318175374,,,0,s1,3
oracle,0.0,long_00025_5639-3570-61,s2,no_recursion,3,-8.520174564086362,9.285228169179872,10.061263606851139,,,0,s2,3
oracle,0.0,long_00025_5639-3570-61,s3,no_recursion,3,-23.81948757091942,5.317451387571216,6.010571346219949,,,0,s3,3
oracle,0.0,long_00025_5639-3570-61,s1,ungated_deflation,3,-23.6428852732425,1.9460825049979025,7.499946318175374,0,0,0,s1,3
oracle,0.0,long_00025_5639-3570-61,s2,ungated_deflation,3,-7.563723946066054,7.065701890174372,12.41566309164197,1,1,0,s2,3
oracle,0.0,long_00025_5639-3570-61,s3,ungated_deflation,3,-10.113468184004828,5.194963461713905,14.129306523620013,2,2,0,s3,3
oracle,0.0,long_00025_5639-3570-61,s1,gated_deflation,3,-23.6428852732425,1.9460825049979025,7.499946318175374,0,0,0,s1,3
oracle,0.0,long_00025_5639-3570-61,s2,gated_deflation,3,-7.563723946066054,7.065701890174372,12.41566309164197,1,1,0,s2,3
oracle,0.0,long_00025_5639-3570-61,s3,gated_deflation,3,-10.113468184004828,5.194963461713905,14.129306523620013,2,2,0,s3,3
oracle,0.0,long_00025_5639-3570-61,s1,coarse_to_fine,3,-23.6428852732425,1.9460825049979025,7.499946318175374,,,0,s1,3
oracle,0.0,long_00025_5639-3570-61,s2,coarse_to_fine,3,-8.520174564086362,9.285228169179872,10.061263606851139,,,0,s2,3
oracle,0.0,long_00025_5639-3570-61,s3,coarse_to_fine,3,-23.81948757091942,5.317451387571216,6.010571346219949,,,0,s3,3
oracle,400.0,long_00025_5639-3570-61,s1,no_recursion,3,-24.61968062851172,1.6233078882656662,7.6942967661383594,,,0,s1,3
oracle,400.0,long_00025_5639-3570-61,s2,no_recursion,3,-8.574061676653661,4.767766725485571,10.24535234302341,,,0,s2,3
oracle,400.0,long_00025_5639-3570-61,s3,no_recursion,3,-21.54331592264888,3.4279690786753103,6.5251594212754895,,,0,s3,3
oracle,400.0,long_00025_5639-3570-61,s1,ungated_deflation,3,-24.61968062851172,1.6233078882656662,7.6942967661383594,0,0,0,s1,3
oracle,400.0,long_00025_5639-3570-61,s2,ungated_deflation,3,-7.5258325344760815,3.884017293187241,12.858818270556295,1,1,0,s2,3
oracle,400.0,long_00025_5639-3570-61,s3,ungated_deflation,3,-9.47708803789557,3.441393664882332,15.385129254877175,2,2,0,s3,3
oracle,400.0,long_00025_5639-3570-61,s1,gated_deflation,3,-24.61968062851172,1.6233078882656662,7.6942967661383594,0,0,0,s1,3
oracle,400.0,long_00025_5639-3570-61,s2,gated_deflation,3,-7.5258325344760815,3.884017293187241,12.858818270556295,1,1,0,s2,3
oracle,400.0,long_00025_5639-3570-61,s3,gated_deflation,3,-9.47708803789557,3.441393664882332,15.385129254877175,2,2,0,s3,3
oracle,400.0,long_00025_5639-3570-61,s1,coarse_to_fine,3,-24.61968062851172,1.6233078882656662,7.6942967661383594,,,0,s1,3
oracle,400.0,long_00025_5639-3570-61,s2,coarse_to_fine,3,-8.574061676653661,4.767766725485571,10.24535234302341,,,0,s2,3
oracle,400.0,long_00025_5639-3570-61,s3,coarse_to_fine,3,-21.54331592264888,3.4279690786753103,6.5251594212754895,,,0,s3,3
real,0.0,long_00025_5639-3570-61,s1,no_recursion,3,-19.336056347440948,1.6634438538025929,6.305968757604539,,,0,SPEAKER_01,3
real,0.0,long_00025_5639-3570-61,s2,no_recursion,3,-17.749639086546527,1.1783420831045517,5.299034623228507,,,0,SPEAKER_02,3
real,0.0,long_00025_5639-3570-61,s3,no_recursion,3,-19.35981001218261,5.644267528342174,7.050694115463906,,,0,SPEAKER_00,3
real,0.0,long_00025_5639-3570-61,s1,ungated_deflation,3,-19.336056347440948,1.6634438538025929,6.305968757604539,0,0,0,SPEAKER_01,3
real,0.0,long_00025_5639-3570-61,s2,ungated_deflation,3,-20.34024383261992,-1.1530438817207456,4.805576597948507,2,2,0,SPEAKER_02,3
real,0.0,long_00025_5639-3570-61,s3,ungated_deflation,3,-17.319567407642023,6.012612123587276,7.740617743663913,1,1,0,SPEAKER_00,3
real,0.0,long_00025_5639-3570-61,s1,gated_deflation,3,-19.336056347440948,1.6634438538025929,6.305968757604539,0,0,0,SPEAKER_01,3
real,0.0,long_00025_5639-3570-61,s2,gated_deflation,3,-20.34024383261992,-1.1530438817207456,4.805576597948507,2,2,0,SPEAKER_02,3
real,0.0,long_00025_5639-3570-61,s3,gated_deflation,3,-17.319567407642023,6.012612123587276,7.740617743663913,1,1,0,SPEAKER_00,3
real,0.0,long_00025_5639-3570-61,s1,coarse_to_fine,3,-19.336056347440948,1.6634438538025929,6.305968757604539,,,0,SPEAKER_01,3
real,0.0,long_00025_5639-3570-61,s2,coarse_to_fine,3,-17.749639086546527,1.1783420831045517,5.299034623228507,,,0,SPEAKER_02,3
real,0.0,long_00025_5639-3570-61,s3,coarse_to_fine,3,-19.35981001218261,5.644267528342174,7.050694115463906,,,0,SPEAKER_00,3
real,400.0,long_00025_5639-3570-61,s1,no_recursion,3,-19.414313781720544,1.9123614040659853,6.412882988417998,,,0,SPEAKER_01,3
real,400.0,long_00025_5639-3570-61,s2,no_recursion,3,-9.561237063420204,4.605339425212817,9.729442570282034,,,0,SPEAKER_02,3
real,400.0,long_00025_5639-3570-61,s3,no_recursion,3,-18.8751876003716,5.372069915013644,7.194318991410647,,,0,SPEAKER_00,3
real,400.0,long_00025_5639-3570-61,s1,ungated_deflation,3,-19.414313781720544,1.9123614040659853,6.412882988417998,0,0,0,SPEAKER_01,3
real,400.0,long_00025_5639-3570-61,s2,ungated_deflation,3,-11.677751612851315,2.8818504344659788,8.81536743745641,2,2,0,SPEAKER_02,3
real,400.0,long_00025_5639-3570-61,s3,ungated_deflation,3,-16.938256272559027,5.530810673085069,7.9003132911311305,1,1,0,SPEAKER_00,3
real,400.0,long_00025_5639-3570-61,s1,gated_deflation,3,-19.414313781720544,1.9123614040659853,6.412882988417998,0,0,0,SPEAKER_01,3
real,400.0,long_00025_5639-3570-61,s2,gated_deflation,3,-11.677751612851315,2.8818504344659788,8.81536743745641,2,2,0,SPEAKER_02,3
real,400.0,long_00025_5639-3570-61,s3,gated_deflation,3,-16.938256272559027,5.530810673085069,7.9003132911311305,1,1,0,SPEAKER_00,3
real,400.0,long_00025_5639-3570-61,s1,coarse_to_fine,3,-19.414313781720544,1.9123614040659853,6.412882988417998,,,0,SPEAKER_01,3
real,400.0,long_00025_5639-3570-61,s2,coarse_to_fine,3,-9.561237063420204,4.605339425212817,9.729442570282034,,,0,SPEAKER_02,3
real,400.0,long_00025_5639-3570-61,s3,coarse_to_fine,3,-18.8751876003716,5.372069915013644,7.194318991410647,,,0,SPEAKER_00,3
oracle,0.0,long_00026_3729-7176-4992,s1,no_recursion,3,-16.205370436456526,3.1674586717698405,6.159994199935401,,,0,s1,3
oracle,0.0,long_00026_3729-7176-4992,s2,no_recursion,3,-7.681031126466068,6.016726291916614,4.7162027327499265,,,0,s2,3
oracle,0.0,long_00026_3729-7176-4992,s3,no_recursion,3,-28.231775898005065,7.110362653797529,7.741662529489519,,,0,s3,3
oracle,0.0,long_00026_3729-7176-4992,s1,ungated_deflation,3,-16.205370436456526,3.1674586717698405,6.159994199935401,0,0,0,s1,3
oracle,0.0,long_00026_3729-7176-4992,s2,ungated_deflation,3,-4.584156160569046,4.840161681840093,11.167234365618008,1,1,0,s2,3
oracle,0.0,long_00026_3729-7176-4992,s3,ungated_deflation,3,-15.212544300760708,3.696029910935414,12.568036190398576,2,2,0,s3,3
oracle,0.0,long_00026_3729-7176-4992,s1,gated_deflation,3,-16.205370436456526,3.1674586717698405,6.159994199935401,0,0,0,s1,3
oracle,0.0,long_00026_3729-7176-4992,s2,gated_deflation,3,-4.584156160569046,4.840161681840093,11.167234365618008,1,1,0,s2,3
oracle,0.0,long_00026_3729-7176-4992,s3,gated_deflation,3,-15.212544300760708,3.696029910935414,12.568036190398576,2,2,0,s3,3
oracle,0.0,long_00026_3729-7176-4992,s1,coarse_to_fine,3,-16.205370436456526,3.1674586717698405,6.159994199935401,,,0,s1,3
oracle,0.0,long_00026_3729-7176-4992,s2,coarse_to_fine,3,-7.681031126466068,6.016726291916614,4.7162027327499265,,,0,s2,3
oracle,0.0,long_00026_3729-7176-4992,s3,coarse_to_fine,3,-28.231775898005065,7.110362653797529,7.741662529489519,,,0,s3,3
oracle,400.0,long_00026_3729-7176-4992,s1,no_recursion,3,-15.577760345633454,3.20843633560159,6.4600514534879805,,,0,s1,3
oracle,400.0,long_00026_3729-7176-4992,s2,no_recursion,3,-5.676728914837538,6.379235085287003,6.994228021540537,,,0,s2,3
oracle,400.0,long_00026_3729-7176-4992,s3,no_recursion,3,-28.021484797369002,7.116638755893522,7.764022234236409,,,0,s3,3
oracle,400.0,long_00026_3729-7176-4992,s1,ungated_deflation,3,-15.577760345633454,3.20843633560159,6.4600514534879805,0,0,0,s1,3
oracle,400.0,long_00026_3729-7176-4992,s2,ungated_deflation,3,-3.9491395934005458,4.9277256263028235,12.209959087934035,1,1,0,s2,3
oracle,400.0,long_00026_3729-7176-4992,s3,ungated_deflation,3,-14.726553470558555,3.780492267412841,12.964113376197876,2,2,0,s3,3
oracle,400.0,long_00026_3729-7176-4992,s1,gated_deflation,3,-15.577760345633454,3.20843633560159,6.4600514534879805,0,0,0,s1,3
oracle,400.0,long_00026_3729-7176-4992,s2,gated_deflation,3,-3.9491395934005458,4.9277256263028235,12.209959087934035,1,1,0,s2,3
oracle,400.0,long_00026_3729-7176-4992,s3,gated_deflation,3,-14.726553470558555,3.780492267412841,12.964113376197876,2,2,0,s3,3
oracle,400.0,long_00026_3729-7176-4992,s1,coarse_to_fine,3,-15.577760345633454,3.20843633560159,6.4600514534879805,,,0,s1,3
oracle,400.0,long_00026_3729-7176-4992,s2,coarse_to_fine,3,-5.676728914837538,6.379235085287003,6.994228021540537,,,0,s2,3
oracle,400.0,long_00026_3729-7176-4992,s3,coarse_to_fine,3,-28.021484797369002,7.116638755893522,7.764022234236409,,,0,s3,3
real,0.0,long_00026_3729-7176-4992,s1,no_recursion,3,-11.172000143150955,5.511590821097777,9.06780327183721,,,0,SPEAKER_02,3
real,0.0,long_00026_3729-7176-4992,s2,no_recursion,3,-8.42471009095681,2.6005272505962793,5.485351928448274,,,0,SPEAKER_00,3
real,0.0,long_00026_3729-7176-4992,s3,no_recursion,3,-28.481231647880037,6.446956116437576,6.007315467087163,,,0,SPEAKER_01,3
real,0.0,long_00026_3729-7176-4992,s1,ungated_deflation,3,-9.885836494662284,1.543027287421651,14.457722774028134,2,2,0,SPEAKER_02,3
real,0.0,long_00026_3729-7176-4992,s2,ungated_deflation,3,-6.790595034210003,2.8185670571224026,8.133910756884683,1,1,0,SPEAKER_00,3
real,0.0,long_00026_3729-7176-4992,s3,ungated_deflation,3,-28.481231647880037,6.446956116437576,6.007315467087163,0,0,0,SPEAKER_01,3
real,0.0,long_00026_3729-7176-4992,s1,gated_deflation,3,-9.885836494662284,1.543027287421651,14.457722774028134,2,2,0,SPEAKER_02,3
real,0.0,long_00026_3729-7176-4992,s2,gated_deflation,3,-6.790595034210003,2.8185670571224026,8.133910756884683,1,1,0,SPEAKER_00,3
real,0.0,long_00026_3729-7176-4992,s3,gated_deflation,3,-28.481231647880037,6.446956116437576,6.007315467087163,0,0,0,SPEAKER_01,3
real,0.0,long_00026_3729-7176-4992,s1,coarse_to_fine,3,-11.172000143150955,5.511590821097777,9.06780327183721,,,0,SPEAKER_02,3
real,0.0,long_00026_3729-7176-4992,s2,coarse_to_fine,3,-8.42471009095681,2.6005272505962793,5.485351928448274,,,0,SPEAKER_00,3
real,0.0,long_00026_3729-7176-4992,s3,coarse_to_fine,3,-28.481231647880037,6.446956116437576,6.007315467087163,,,0,SPEAKER_01,3
real,400.0,long_00026_3729-7176-4992,s1,no_recursion,3,-9.891976802951653,6.621600390842608,9.938109460723203,,,0,SPEAKER_02,3
real,400.0,long_00026_3729-7176-4992,s2,no_recursion,3,-6.293417966208564,5.016408730571726,7.155257069964369,,,0,SPEAKER_00,3
real,400.0,long_00026_3729-7176-4992,s3,no_recursion,3,-36.27783961532679,6.830027263905648,6.5044467988643895,,,0,SPEAKER_01,3
real,400.0,long_00026_3729-7176-4992,s1,ungated_deflation,3,-9.1405581160297,2.2748987405151353,15.080972308088935,2,2,0,SPEAKER_02,3
real,400.0,long_00026_3729-7176-4992,s2,ungated_deflation,3,-5.238340141101525,4.7886261509573576,9.481455459420072,1,1,0,SPEAKER_00,3
real,400.0,long_00026_3729-7176-4992,s3,ungated_deflation,3,-36.27783961532679,6.830027263905648,6.5044467988643895,0,0,0,SPEAKER_01,3
real,400.0,long_00026_3729-7176-4992,s1,gated_deflation,3,-9.1405581160297,2.2748987405151353,15.080972308088935,2,2,0,SPEAKER_02,3
real,400.0,long_00026_3729-7176-4992,s2,gated_deflation,3,-5.238340141101525,4.7886261509573576,9.481455459420072,1,1,0,SPEAKER_00,3
real,400.0,long_00026_3729-7176-4992,s3,gated_deflation,3,-36.27783961532679,6.830027263905648,6.5044467988643895,0,0,0,SPEAKER_01,3
real,400.0,long_00026_3729-7176-4992,s1,coarse_to_fine,3,-9.891976802951653,6.621600390842608,9.938109460723203,,,0,SPEAKER_02,3
real,400.0,long_00026_3729-7176-4992,s2,coarse_to_fine,3,-6.293417966208564,5.016408730571726,7.155257069964369,,,0,SPEAKER_00,3
real,400.0,long_00026_3729-7176-4992,s3,coarse_to_fine,3,-36.27783961532679,6.830027263905648,6.5044467988643895,,,0,SPEAKER_01,3
oracle,0.0,long_00027_2300-5639-6930,s1,no_recursion,3,-28.757373364904502,12.060118576099315,9.798715093200519,,,0,s1,3
oracle,0.0,long_00027_2300-5639-6930,s2,no_recursion,3,-8.74414349433685,-0.016039890700782322,8.661041476862254,,,0,s2,3
oracle,0.0,long_00027_2300-5639-6930,s3,no_recursion,3,-20.43355126370926,8.013459342102378,11.298934763868324,,,0,s3,3
oracle,0.0,long_00027_2300-5639-6930,s1,ungated_deflation,3,-28.757373364904502,12.060118576099315,9.798715093200519,0,0,0,s1,3
oracle,0.0,long_00027_2300-5639-6930,s2,ungated_deflation,3,-10.161941990237997,-3.660279362822471,13.726916774884758,1,1,0,s2,3
oracle,0.0,long_00027_2300-5639-6930,s3,ungated_deflation,3,-9.220701464157129,7.127951606663122,24.582543409951736,2,2,0,s3,3
oracle,0.0,long_00027_2300-5639-6930,s1,gated_deflation,3,-28.757373364904502,12.060118576099315,9.798715093200519,0,0,0,s1,3
oracle,0.0,long_00027_2300-5639-6930,s2,gated_deflation,3,-10.161941990237997,-3.660279362822471,13.726916774884758,1,1,0,s2,3
oracle,0.0,long_00027_2300-5639-6930,s3,gated_deflation,3,-9.220701464157129,7.127951606663122,24.582543409951736,2,2,0,s3,3
oracle,0.0,long_00027_2300-5639-6930,s1,coarse_to_fine,3,-28.757373364904502,12.060118576099315,9.798715093200519,,,0,s1,3
oracle,0.0,long_00027_2300-5639-6930,s2,coarse_to_fine,3,-8.74414349433685,-0.016039890700782322,8.661041476862254,,,0,s2,3
oracle,0.0,long_00027_2300-5639-6930,s3,coarse_to_fine,3,-20.43355126370926,8.013459342102378,11.298934763868324,,,0,s3,3
oracle,400.0,long_00027_2300-5639-6930,s1,no_recursion,3,-27.361647593441813,9.769084693495284,9.947763951760052,,,0,s1,3
oracle,400.0,long_00027_2300-5639-6930,s2,no_recursion,3,-8.534133375530725,-0.5363781300924948,9.074824195638675,,,0,s2,3
oracle,400.0,long_00027_2300-5639-6930,s3,no_recursion,3,-18.858207456631874,2.7009578998558292,11.938354958764757,,,0,s3,3
oracle,400.0,long_00027_2300-5639-6930,s1,ungated_deflation,3,-27.361647593441813,9.769084693495284,9.947763951760052,0,0,0,s1,3
oracle,400.0,long_00027_2300-5639-6930,s2,ungated_deflation,3,-9.790739421495413,-3.560416759688362,14.138405775260178,1,1,0,s2,3
oracle,400.0,long_00027_2300-5639-6930,s3,ungated_deflation,3,-9.035300592296279,3.4273695063185357,25.1992147915159,2,2,0,s3,3
oracle,400.0,long_00027_2300-5639-6930,s1,gated_deflation,3,-27.361647593441813,9.769084693495284,9.947763951760052,0,0,0,s1,3
oracle,400.0,long_00027_2300-5639-6930,s2,gated_deflation,3,-9.790739421495413,-3.560416759688362,14.138405775260178,1,1,0,s2,3
oracle,400.0,long_00027_2300-5639-6930,s3,gated_deflation,3,-9.035300592296279,3.4273695063185357,25.1992147915159,2,2,0,s3,3
oracle,400.0,long_00027_2300-5639-6930,s1,coarse_to_fine,3,-27.361647593441813,9.769084693495284,9.947763951760052,,,0,s1,3
oracle,400.0,long_00027_2300-5639-6930,s2,coarse_to_fine,3,-8.534133375530725,-0.5363781300924948,9.074824195638675,,,0,s2,3
oracle,400.0,long_00027_2300-5639-6930,s3,coarse_to_fine,3,-18.858207456631874,2.7009578998558292,11.938354958764757,,,0,s3,3
real,0.0,long_00027_2300-5639-6930,s1,no_recursion,3,-12.19049275561735,1.478239822719487,2.699540908443341,,,0,SPEAKER_01,3
real,0.0,long_00027_2300-5639-6930,s2,no_recursion,3,-10.573814548183645,-1.2115051794523342,6.642818633908761,,,0,SPEAKER_00,3
real,0.0,long_00027_2300-5639-6930,s3,no_recursion,3,-24.38022834997879,5.2132685399796,10.471238716670744,,,0,SPEAKER_02,3
real,0.0,long_00027_2300-5639-6930,s1,ungated_deflation,3,-13.88832150699518,1.66511034531742,3.664693475364781,1,1,0,SPEAKER_01,3
real,0.0,long_00027_2300-5639-6930,s2,ungated_deflation,3,-9.407134226698396,-3.2364441685930494,16.11318694502851,2,2,0,SPEAKER_00,3
real,0.0,long_00027_2300-5639-6930,s3,ungated_deflation,3,-24.38022834997879,5.2132685399796,10.471238716670744,0,0,0,SPEAKER_02,3
real,0.0,long_00027_2300-5639-6930,s1,gated_deflation,3,-13.88832150699518,1.66511034531742,3.664693475364781,1,1,0,SPEAKER_01,3
real,0.0,long_00027_2300-5639-6930,s2,gated_deflation,3,-9.407134226698396,-3.2364441685930494,16.11318694502851,2,2,0,SPEAKER_00,3
real,0.0,long_00027_2300-5639-6930,s3,gated_deflation,3,-24.38022834997879,5.2132685399796,10.471238716670744,0,0,0,SPEAKER_02,3
real,0.0,long_00027_2300-5639-6930,s1,coarse_to_fine,3,-12.19049275561735,1.478239822719487,2.699540908443341,,,0,SPEAKER_01,3
real,0.0,long_00027_2300-5639-6930,s2,coarse_to_fine,3,-10.573814548183645,-1.2115051794523342,6.642818633908761,,,0,SPEAKER_00,3
real,0.0,long_00027_2300-5639-6930,s3,coarse_to_fine,3,-24.38022834997879,5.2132685399796,10.471238716670744,,,0,SPEAKER_02,3
real,400.0,long_00027_2300-5639-6930,s1,no_recursion,3,-25.02190088627144,6.701934793463449,7.683633463591272,,,0,SPEAKER_01,3
real,400.0,long_00027_2300-5639-6930,s2,no_recursion,3,-8.620374085191782,0.5355542092316513,8.063461171134596,,,0,SPEAKER_00,3
real,400.0,long_00027_2300-5639-6930,s3,no_recursion,3,-18.941689644968992,6.44981939525346,11.831277368168836,,,0,SPEAKER_02,3
real,400.0,long_00027_2300-5639-6930,s1,ungated_deflation,3,-26.357011606305075,6.278675121993621,7.843705286377036,1,1,0,SPEAKER_01,3
real,400.0,long_00027_2300-5639-6930,s2,ungated_deflation,3,-8.588571530082866,-2.451675610006173,17.112373336947478,2,2,0,SPEAKER_00,3
real,400.0,long_00027_2300-5639-6930,s3,ungated_deflation,3,-18.941689644968992,6.44981939525346,11.831277368168836,0,0,0,SPEAKER_02,3
real,400.0,long_00027_2300-5639-6930,s1,gated_deflation,3,-26.357011606305075,6.278675121993621,7.843705286377036,1,1,0,SPEAKER_01,3
real,400.0,long_00027_2300-5639-6930,s2,gated_deflation,3,-8.588571530082866,-2.451675610006173,17.112373336947478,2,2,0,SPEAKER_00,3
real,400.0,long_00027_2300-5639-6930,s3,gated_deflation,3,-18.941689644968992,6.44981939525346,11.831277368168836,0,0,0,SPEAKER_02,3
real,400.0,long_00027_2300-5639-6930,s1,coarse_to_fine,3,-25.02190088627144,6.701934793463449,7.683633463591272,,,0,SPEAKER_01,3
real,400.0,long_00027_2300-5639-6930,s2,coarse_to_fine,3,-8.620374085191782,0.5355542092316513,8.063461171134596,,,0,SPEAKER_00,3
real,400.0,long_00027_2300-5639-6930,s3,coarse_to_fine,3,-18.941689644968992,6.44981939525346,11.831277368168836,,,0,SPEAKER_02,3
oracle,0.0,long_00028_5105-8455-1188,s1,no_recursion,3,-25.068244910750884,4.39283929475377,7.062588609710948,,,0,s1,3
oracle,0.0,long_00028_5105-8455-1188,s2,no_recursion,3,-5.896459343076138,4.723026075417281,10.694280128150526,,,0,s2,3
oracle,0.0,long_00028_5105-8455-1188,s3,no_recursion,3,-30.469252188636435,5.62728133589685,11.043025890279957,,,0,s3,3
oracle,0.0,long_00028_5105-8455-1188,s1,ungated_deflation,3,-25.068244910750884,4.39283929475377,7.062588609710948,0,0,0,s1,3
oracle,0.0,long_00028_5105-8455-1188,s2,ungated_deflation,3,-6.97938871496728,0.2902010283426885,16.751074253534416,1,1,0,s2,3
oracle,0.0,long_00028_5105-8455-1188,s3,ungated_deflation,3,-10.500085081384707,6.240196115298907,25.777965453748717,2,2,0,s3,3
oracle,0.0,long_00028_5105-8455-1188,s1,gated_deflation,3,-25.068244910750884,4.39283929475377,7.062588609710948,0,0,0,s1,3
oracle,0.0,long_00028_5105-8455-1188,s2,gated_deflation,3,-6.97938871496728,0.2902010283426885,16.751074253534416,1,1,0,s2,3
oracle,0.0,long_00028_5105-8455-1188,s3,gated_deflation,3,-10.500085081384707,6.240196115298907,25.777965453748717,2,2,0,s3,3
oracle,0.0,long_00028_5105-8455-1188,s1,coarse_to_fine,3,-25.068244910750884,4.39283929475377,7.062588609710948,,,0,s1,3
oracle,0.0,long_00028_5105-8455-1188,s2,coarse_to_fine,3,-5.896459343076138,4.723026075417281,10.694280128150526,,,0,s2,3
oracle,0.0,long_00028_5105-8455-1188,s3,coarse_to_fine,3,-30.469252188636435,5.62728133589685,11.043025890279957,,,0,s3,3
oracle,400.0,long_00028_5105-8455-1188,s1,no_recursion,3,-26.113372084990946,3.787145495087683,7.209976886975802,,,0,s1,3
oracle,400.0,long_00028_5105-8455-1188,s2,no_recursion,3,-5.715434365267842,1.9950817029656607,11.601933165446175,,,0,s2,3
oracle,400.0,long_00028_5105-8455-1188,s3,no_recursion,3,-31.86330968206829,5.695075127730906,10.906354451811481,,,0,s3,3
oracle,400.0,long_00028_5105-8455-1188,s1,ungated_deflation,3,-26.113372084990946,3.787145495087683,7.209976886975802,0,0,0,s1,3
oracle,400.0,long_00028_5105-8455-1188,s2,ungated_deflation,3,-6.949891335816375,-0.5025628649737571,17.51350284482462,1,1,0,s2,3
oracle,400.0,long_00028_5105-8455-1188,s3,ungated_deflation,3,-10.459362767839737,6.2994258528181915,25.801420161973407,2,2,0,s3,3
oracle,400.0,long_00028_5105-8455-1188,s1,gated_deflation,3,-26.113372084990946,3.787145495087683,7.209976886975802,0,0,0,s1,3
oracle,400.0,long_00028_5105-8455-1188,s2,gated_deflation,3,-6.949891335816375,-0.5025628649737571,17.51350284482462,1,1,0,s2,3
oracle,400.0,long_00028_5105-8455-1188,s3,gated_deflation,3,-10.459362767839737,6.2994258528181915,25.801420161973407,2,2,0,s3,3
oracle,400.0,long_00028_5105-8455-1188,s1,coarse_to_fine,3,-26.113372084990946,3.787145495087683,7.209976886975802,,,0,s1,3
oracle,400.0,long_00028_5105-8455-1188,s2,coarse_to_fine,3,-5.715434365267842,1.9950817029656607,11.601933165446175,,,0,s2,3
oracle,400.0,long_00028_5105-8455-1188,s3,coarse_to_fine,3,-31.86330968206829,5.695075127730906,10.906354451811481,,,0,s3,3
real,0.0,long_00028_5105-8455-1188,s1,no_recursion,3,-17.831351307210277,1.940545750697113,4.988577274351119,,,0,SPEAKER_01,3
real,0.0,long_00028_5105-8455-1188,s2,no_recursion,3,-5.390240486503915,5.256892447422258,11.374910783979404,,,0,SPEAKER_02,3
real,0.0,long_00028_5105-8455-1188,s3,no_recursion,3,-40.98715345140321,2.4133297435551757,9.867229266709524,,,0,SPEAKER_00,3
real,0.0,long_00028_5105-8455-1188,s1,ungated_deflation,3,-40.46507419678858,1.0567685923120704,8.830625516084563,1,1,0,SPEAKER_01,3
real,0.0,long_00028_5105-8455-1188,s2,ungated_deflation,3,-3.951620247859195,3.5812862567740193,23.786350491515957,2,2,0,SPEAKER_02,3
real,0.0,long_00028_5105-8455-1188,s3,ungated_deflation,3,-40.98715345140321,2.4133297435551757,9.867229266709524,0,0,0,SPEAKER_00,3
real,0.0,long_00028_5105-8455-1188,s1,gated_deflation,3,-40.46507419678858,1.0567685923120704,8.830625516084563,1,1,0,SPEAKER_01,3
real,0.0,long_00028_5105-8455-1188,s2,gated_deflation,3,-3.951620247859195,3.5812862567740193,23.786350491515957,2,2,0,SPEAKER_02,3
real,0.0,long_00028_5105-8455-1188,s3,gated_deflation,3,-40.98715345140321,2.4133297435551757,9.867229266709524,0,0,0,SPEAKER_00,3
real,0.0,long_00028_5105-8455-1188,s1,coarse_to_fine,3,-17.831351307210277,1.940545750697113,4.988577274351119,,,0,SPEAKER_01,3
real,0.0,long_00028_5105-8455-1188,s2,coarse_to_fine,3,-5.390240486503915,5.256892447422258,11.374910783979404,,,0,SPEAKER_02,3
real,0.0,long_00028_5105-8455-1188,s3,coarse_to_fine,3,-40.98715345140321,2.4133297435551757,9.867229266709524,,,0,SPEAKER_00,3
real,400.0,long_00028_5105-8455-1188,s1,no_recursion,3,-20.325649904688312,3.2024626528888422,5.961937919770665,,,0,SPEAKER_01,3
real,400.0,long_00028_5105-8455-1188,s2,no_recursion,3,-4.804111941966684,6.052082321740333,12.027491736055328,,,0,SPEAKER_02,3
real,400.0,long_00028_5105-8455-1188,s3,no_recursion,3,-25.777215852251505,4.774741678985035,11.797579746697522,,,0,SPEAKER_00,3
real,400.0,long_00028_5105-8455-1188,s1,ungated_deflation,3,-28.22637892836189,2.083268846619021,9.806961994774753,1,1,0,SPEAKER_01,3
real,400.0,long_00028_5105-8455-1188,s2,ungated_deflation,3,-3.7005551637995664,3.9003246793389117,24.436706154957815,2,2,0,SPEAKER_02,3
real,400.0,long_00028_5105-8455-1188,s3,ungated_deflation,3,-25.777215852251505,4.774741678985035,11.797579746697522,0,0,0,SPEAKER_00,3
real,400.0,long_00028_5105-8455-1188,s1,gated_deflation,3,-28.22637892836189,2.083268846619021,9.806961994774753,1,1,0,SPEAKER_01,3
real,400.0,long_00028_5105-8455-1188,s2,gated_deflation,3,-3.7005551637995664,3.9003246793389117,24.436706154957815,2,2,0,SPEAKER_02,3
real,400.0,long_00028_5105-8455-1188,s3,gated_deflation,3,-25.777215852251505,4.774741678985035,11.797579746697522,0,0,0,SPEAKER_00,3
real,400.0,long_00028_5105-8455-1188,s1,coarse_to_fine,3,-20.325649904688312,3.2024626528888422,5.961937919770665,,,0,SPEAKER_01,3
real,400.0,long_00028_5105-8455-1188,s2,coarse_to_fine,3,-4.804111941966684,6.052082321740333,12.027491736055328,,,0,SPEAKER_02,3
real,400.0,long_00028_5105-8455-1188,s3,coarse_to_fine,3,-25.777215852251505,4.774741678985035,11.797579746697522,,,0,SPEAKER_00,3
oracle,0.0,long_00029_61-2830-7729,s1,no_recursion,3,-22.41145715333964,5.4999832596740585,8.511579137133321,,,0,s1,3
oracle,0.0,long_00029_61-2830-7729,s2,no_recursion,3,-10.21996738539553,-0.7110863690356323,3.0444164525757005,,,0,s2,3
oracle,0.0,long_00029_61-2830-7729,s3,no_recursion,3,-23.58958988518667,5.716731394126818,10.014764161581455,,,0,s3,3
oracle,0.0,long_00029_61-2830-7729,s1,ungated_deflation,3,-22.41145715333964,5.4999832596740585,8.511579137133321,0,0,0,s1,3
oracle,0.0,long_00029_61-2830-7729,s2,ungated_deflation,3,-9.020319904352375,-2.944916330408277,9.596940217043276,1,1,0,s2,3
oracle,0.0,long_00029_61-2830-7729,s3,ungated_deflation,3,-9.213653961154888,6.7273094572277135,23.313794858654745,2,2,0,s3,3
oracle,0.0,long_00029_61-2830-7729,s1,gated_deflation,3,-22.41145715333964,5.4999832596740585,8.511579137133321,0,0,0,s1,3
oracle,0.0,long_00029_61-2830-7729,s2,gated_deflation,3,-9.020319904352375,-2.944916330408277,9.596940217043276,1,1,0,s2,3
oracle,0.0,long_00029_61-2830-7729,s3,gated_deflation,3,-18.781733571085045,7.029652616069346,11.302563986780058,2,1,0,s3,3
oracle,0.0,long_00029_61-2830-7729,s1,coarse_to_fine,3,-22.41145715333964,5.4999832596740585,8.511579137133321,,,0,s1,3
oracle,0.0,long_00029_61-2830-7729,s2,coarse_to_fine,3,-10.21996738539553,-0.7110863690356323,3.0444164525757005,,,0,s2,3
oracle,0.0,long_00029_61-2830-7729,s3,coarse_to_fine,3,-23.58958988518667,5.716731394126818,10.014764161581455,,,0,s3,3
oracle,400.0,long_00029_61-2830-7729,s1,no_recursion,3,-21.26157130336034,3.9474442040853837,8.829421769651027,,,0,s1,3
oracle,400.0,long_00029_61-2830-7729,s2,no_recursion,3,-9.65264651801948,-1.7614732408304214,4.501460411857321,,,0,s2,3
oracle,400.0,long_00029_61-2830-7729,s3,no_recursion,3,-22.430845524107394,4.022126690533802,10.317273909013164,,,0,s3,3
oracle,400.0,long_00029_61-2830-7729,s1,ungated_deflation,3,-21.26157130336034,3.9474442040853837,8.829421769651027,0,0,0,s1,3
oracle,400.0,long_00029_61-2830-7729,s2,ungated_deflation,3,-8.774960294224549,-3.7225039277239174,11.251670678913712,1,1,0,s2,3
oracle,400.0,long_00029_61-2830-7729,s3,ungated_deflation,3,-9.194215086397108,4.90972932267059,23.42745458888706,2,2,0,s3,3
oracle,400.0,long_00029_61-2830-7729,s1,gated_deflation,3,-21.26157130336034,3.9474442040853837,8.829421769651027,0,0,0,s1,3
oracle,400.0,long_00029_61-2830-7729,s2,gated_deflation,3,-8.774960294224549,-3.7225039277239174,11.251670678913712,1,1,0,s2,3
oracle,400.0,long_00029_61-2830-7729,s3,gated_deflation,3,-17.894122632708253,4.385418353517319,11.73031114049476,2,1,0,s3,3
oracle,400.0,long_00029_61-2830-7729,s1,coarse_to_fine,3,-21.26157130336034,3.9474442040853837,8.829421769651027,,,0,s1,3
oracle,400.0,long_00029_61-2830-7729,s2,coarse_to_fine,3,-9.65264651801948,-1.7614732408304214,4.501460411857321,,,0,s2,3
oracle,400.0,long_00029_61-2830-7729,s3,coarse_to_fine,3,-22.430845524107394,4.022126690533802,10.317273909013164,,,0,s3,3
real,0.0,long_00029_61-2830-7729,s1,no_recursion,3,-54.023258296364176,0.946249284989575,6.5363385389686375,,,0,SPEAKER_02,3
real,0.0,long_00029_61-2830-7729,s2,no_recursion,3,-12.094418466126573,-2.052806223196542,1.8039812892506102,,,0,SPEAKER_00,3
real,0.0,long_00029_61-2830-7729,s3,no_recursion,3,-31.665979722714624,2.2847713018286986,7.452886896012872,,,0,SPEAKER_01,3
real,0.0,long_00029_61-2830-7729,s1,ungated_deflation,3,-10.381053855338795,2.8327038946320693,22.157091061686618,2,2,0,SPEAKER_02,3
real,0.0,long_00029_61-2830-7729,s2,ungated_deflation,3,-7.072313375348662,-1.2134133853479914,12.045491318054438,1,1,0,SPEAKER_00,3
real,0.0,long_00029_61-2830-7729,s3,ungated_deflation,3,-31.665979722714624,2.2847713018286986,7.452886896012872,0,0,0,SPEAKER_01,3
real,0.0,long_00029_61-2830-7729,s1,gated_deflation,3,-27.534315453559238,1.3504409332811562,7.9247671169250875,2,1,0,SPEAKER_02,3
real,0.0,long_00029_61-2830-7729,s2,gated_deflation,3,-7.072313375348662,-1.2134133853479914,12.045491318054438,1,1,0,SPEAKER_00,3
real,0.0,long_00029_61-2830-7729,s3,gated_deflation,3,-31.665979722714624,2.2847713018286986,7.452886896012872,0,0,0,SPEAKER_01,3
real,0.0,long_00029_61-2830-7729,s1,coarse_to_fine,3,-54.023258296364176,0.946249284989575,6.5363385389686375,,,0,SPEAKER_02,3
real,0.0,long_00029_61-2830-7729,s2,coarse_to_fine,3,-12.094418466126573,-2.052806223196542,1.8039812892506102,,,0,SPEAKER_00,3
real,0.0,long_00029_61-2830-7729,s3,coarse_to_fine,3,-31.665979722714624,2.2847713018286986,7.452886896012872,,,0,SPEAKER_01,3
real,400.0,long_00029_61-2830-7729,s1,no_recursion,3,-18.415419183210975,5.587725050587488,9.7536713735165,,,0,SPEAKER_02,3
real,400.0,long_00029_61-2830-7729,s2,no_recursion,3,-10.063649656192325,-0.9681137724769731,3.3468956928223297,,,0,SPEAKER_00,3
real,400.0,long_00029_61-2830-7729,s3,no_recursion,3,-27.402867225247824,4.758735478139377,9.41030281051783,,,0,SPEAKER_01,3
real,400.0,long_00029_61-2830-7729,s1,ungated_deflation,3,-9.538742870390642,3.832595402277241,23.051842556845315,2,2,0,SPEAKER_02,3
real,400.0,long_00029_61-2830-7729,s2,ungated_deflation,3,-6.369695041421162,-1.1528366666050265,13.447355871714237,1,1,0,SPEAKER_00,3
real,400.0,long_00029_61-2830-7729,s3,ungated_deflation,3,-27.402867225247824,4.758735478139377,9.41030281051783,0,0,0,SPEAKER_01,3
real,400.0,long_00029_61-2830-7729,s1,gated_deflation,3,-15.174511949650695,5.790431868930234,11.434696321376565,2,1,0,SPEAKER_02,3
real,400.0,long_00029_61-2830-7729,s2,gated_deflation,3,-6.369695041421162,-1.1528366666050265,13.447355871714237,1,1,0,SPEAKER_00,3
real,400.0,long_00029_61-2830-7729,s3,gated_deflation,3,-27.402867225247824,4.758735478139377,9.41030281051783,0,0,0,SPEAKER_01,3
real,400.0,long_00029_61-2830-7729,s1,coarse_to_fine,3,-18.415419183210975,5.587725050587488,9.7536713735165,,,0,SPEAKER_02,3
real,400.0,long_00029_61-2830-7729,s2,coarse_to_fine,3,-10.063649656192325,-0.9681137724769731,3.3468956928223297,,,0,SPEAKER_00,3
real,400.0,long_00029_61-2830-7729,s3,coarse_to_fine,3,-27.402867225247824,4.758735478139377,9.41030281051783,,,0,SPEAKER_01,3
oracle,0.0,long_00030_1580-260-1995,s1,no_recursion,3,-25.870157389097358,8.082774668537205,7.036364007540087,,,0,s1,3
oracle,0.0,long_00030_1580-260-1995,s2,no_recursion,3,-7.564588950218458,7.044199071776406,7.883366114953041,,,0,s2,3
oracle,0.0,long_00030_1580-260-1995,s3,no_recursion,3,-11.683614243724259,7.664541049356482,4.438617590975195,,,0,s3,3
oracle,0.0,long_00030_1580-260-1995,s1,ungated_deflation,3,-25.870157389097358,8.082774668537205,7.036364007540087,0,0,0,s1,3
oracle,0.0,long_00030_1580-260-1995,s2,ungated_deflation,3,-8.674417921306873,1.4678085999628836,10.307841408246897,1,1,0,s2,3
oracle,0.0,long_00030_1580-260-1995,s3,ungated_deflation,3,-22.47385925960661,4.600699626244571,7.801801463193407,2,2,0,s3,3
oracle,0.0,long_00030_1580-260-1995,s1,gated_deflation,3,-25.870157389097358,8.082774668537205,7.036364007540087,0,0,0,s1,3
oracle,0.0,long_00030_1580-260-1995,s2,gated_deflation,3,-8.674417921306873,1.4678085999628836,10.307841408246897,1,1,0,s2,3
oracle,0.0,long_00030_1580-260-1995,s3,gated_deflation,3,-22.47385925960661,4.600699626244571,7.801801463193407,2,2,0,s3,3
oracle,0.0,long_00030_1580-260-1995,s1,coarse_to_fine,3,-25.870157389097358,8.082774668537205,7.036364007540087,,,0,s1,3
oracle,0.0,long_00030_1580-260-1995,s2,coarse_to_fine,3,-7.564588950218458,7.044199071776406,7.883366114953041,,,0,s2,3
oracle,0.0,long_00030_1580-260-1995,s3,coarse_to_fine,3,-11.683614243724259,7.664541049356482,4.438617590975195,,,0,s3,3
oracle,400.0,long_00030_1580-260-1995,s1,no_recursion,3,-25.107359830937583,8.152768127685112,7.138767629103521,,,0,s1,3
oracle,400.0,long_00030_1580-260-1995,s2,no_recursion,3,-7.294767268202687,4.151083992138353,8.525727467183621,,,0,s2,3
oracle,400.0,long_00030_1580-260-1995,s3,no_recursion,3,-13.13776369522326,4.7422359278379345,4.998195118717791,,,0,s3,3
oracle,400.0,long_00030_1580-260-1995,s1,ungated_deflation,3,-25.107359830937583,8.152768127685112,7.138767629103521,0,0,0,s1,3
oracle,400.0,long_00030_1580-260-1995,s2,ungated_deflation,3,-8.428759704693885,0.3629837525358056,11.125125611654223,1,1,0,s2,3
oracle,400.0,long_00030_1580-260-1995,s3,ungated_deflation,3,-23.432710227027812,4.096879804346932,7.993425488787379,2,2,0,s3,3
oracle,400.0,long_00030_1580-260-1995,s1,gated_deflation,3,-25.107359830937583,8.152768127685112,7.138767629103521,0,0,0,s1,3
oracle,400.0,long_00030_1580-260-1995,s2,gated_deflation,3,-8.428759704693885,0.3629837525358056,11.125125611654223,1,1,0,s2,3
oracle,400.0,long_00030_1580-260-1995,s3,gated_deflation,3,-23.432710227027812,4.096879804346932,7.993425488787379,2,2,0,s3,3
oracle,400.0,long_00030_1580-260-1995,s1,coarse_to_fine,3,-25.107359830937583,8.152768127685112,7.138767629103521,,,0,s1,3
oracle,400.0,long_00030_1580-260-1995,s2,coarse_to_fine,3,-7.294767268202687,4.151083992138353,8.525727467183621,,,0,s2,3
oracle,400.0,long_00030_1580-260-1995,s3,coarse_to_fine,3,-13.13776369522326,4.7422359278379345,4.998195118717791,,,0,s3,3
real,0.0,long_00030_1580-260-1995,s1,no_recursion,3,-25.398325237461062,3.463455047664624,4.635059544884227,,,0,SPEAKER_00,3
real,0.0,long_00030_1580-260-1995,s2,no_recursion,3,-13.370336850998845,-0.01705799964283983,4.974726205222259,,,0,SPEAKER_01,3
real,0.0,long_00030_1580-260-1995,s3,no_recursion,3,-3.3193446002502713,0.6555816844075788,-4.344912427569883,,,0,SPEAKER_02,3
real,0.0,long_00030_1580-260-1995,s1,ungated_deflation,3,-11.959555740920113,5.103368684380075,13.837022884455337,1,1,0,SPEAKER_00,3
real,0.0,long_00030_1580-260-1995,s2,ungated_deflation,3,-13.370336850998845,-0.01705799964283983,4.974726205222259,0,0,0,SPEAKER_01,3
real,0.0,long_00030_1580-260-1995,s3,ungated_deflation,3,-14.428126472689032,2.1345676831733016,4.67386241612786,2,2,0,SPEAKER_02,3
real,0.0,long_00030_1580-260-1995,s1,gated_deflation,3,-11.959555740920113,5.103368684380075,13.837022884455337,1,1,0,SPEAKER_00,3
real,0.0,long_00030_1580-260-1995,s2,gated_deflation,3,-13.370336850998845,-0.01705799964283983,4.974726205222259,0,0,0,SPEAKER_01,3
real,0.0,long_00030_1580-260-1995,s3,gated_deflation,3,-14.428126472689032,2.1345676831733016,4.67386241612786,2,2,0,SPEAKER_02,3
real,0.0,long_00030_1580-260-1995,s1,coarse_to_fine,3,-25.398325237461062,3.463455047664624,4.635059544884227,,,0,SPEAKER_00,3
real,0.0,long_00030_1580-260-1995,s2,coarse_to_fine,3,-13.370336850998845,-0.01705799964283983,4.974726205222259,,,0,SPEAKER_01,3
real,0.0,long_00030_1580-260-1995,s3,coarse_to_fine,3,-3.3193446002502713,0.6555816844075788,-4.344912427569883,,,0,SPEAKER_02,3
real,400.0,long_00030_1580-260-1995,s1,no_recursion,3,-21.149010155860523,8.92602733403577,7.835307245330273,,,0,SPEAKER_00,3
real,400.0,long_00030_1580-260-1995,s2,no_recursion,3,-6.54123993909981,7.4465100643969215,9.225141407397576,,,0,SPEAKER_01,3
real,400.0,long_00030_1580-260-1995,s3,no_recursion,3,-7.893472068100299,6.112327078294274,1.765839003443255,,,0,SPEAKER_02,3
real,400.0,long_00030_1580-260-1995,s1,ungated_deflation,3,-8.517047517017861,9.284267743298875,16.841324792134195,2,2,0,SPEAKER_00,3
real,400.0,long_00030_1580-260-1995,s2,ungated_deflation,3,-6.455010824527761,5.842601042449545,10.335618549974397,1,1,0,SPEAKER_01,3
real,400.0,long_00030_1580-260-1995,s3,ungated_deflation,3,-7.893472068100299,6.112327078294274,1.765839003443255,0,0,0,SPEAKER_02,3
real,400.0,long_00030_1580-260-1995,s1,gated_deflation,3,-8.517047517017861,9.284267743298875,16.841324792134195,2,2,0,SPEAKER_00,3
real,400.0,long_00030_1580-260-1995,s2,gated_deflation,3,-6.455010824527761,5.842601042449545,10.335618549974397,1,1,0,SPEAKER_01,3
real,400.0,long_00030_1580-260-1995,s3,gated_deflation,3,-7.893472068100299,6.112327078294274,1.765839003443255,0,0,0,SPEAKER_02,3
real,400.0,long_00030_1580-260-1995,s1,coarse_to_fine,3,-21.149010155860523,8.92602733403577,7.835307245330273,,,0,SPEAKER_00,3
real,400.0,long_00030_1580-260-1995,s2,coarse_to_fine,3,-6.54123993909981,7.4465100643969215,9.225141407397576,,,0,SPEAKER_01,3
real,400.0,long_00030_1580-260-1995,s3,coarse_to_fine,3,-7.893472068100299,6.112327078294274,1.765839003443255,,,0,SPEAKER_02,3
oracle,0.0,long_00031_2300-5639-260,s1,no_recursion,3,-14.8859110437731,10.290595811502081,9.958037722622016,,,0,s1,3
oracle,0.0,long_00031_2300-5639-260,s2,no_recursion,3,-13.604468942372097,-4.201055665804665,9.59784968463441,,,0,s2,3
oracle,0.0,long_00031_2300-5639-260,s3,no_recursion,3,-23.396464287603138,10.055112364389739,9.059384338844938,,,0,s3,3
oracle,0.0,long_00031_2300-5639-260,s1,ungated_deflation,3,-14.8859110437731,10.290595811502081,9.958037722622016,0,0,0,s1,3
oracle,0.0,long_00031_2300-5639-260,s2,ungated_deflation,3,-16.50023150379142,-9.167779280569054,14.97239228727998,1,1,0,s2,3
oracle,0.0,long_00031_2300-5639-260,s3,ungated_deflation,3,-7.221653787455535,10.234580811232522,23.900414718806914,2,2,0,s3,3
oracle,0.0,long_00031_2300-5639-260,s1,gated_deflation,3,-14.8859110437731,10.290595811502081,9.958037722622016,0,0,0,s1,3
oracle,0.0,long_00031_2300-5639-260,s2,gated_deflation,3,-16.50023150379142,-9.167779280569054,14.97239228727998,1,1,0,s2,3
oracle,0.0,long_00031_2300-5639-260,s3,gated_deflation,3,-7.221653787455535,10.234580811232522,23.900414718806914,2,2,0,s3,3
oracle,0.0,long_00031_2300-5639-260,s1,coarse_to_fine,3,-14.8859110437731,10.290595811502081,9.958037722622016,,,0,s1,3
oracle,0.0,long_00031_2300-5639-260,s2,coarse_to_fine,3,-13.604468942372097,-4.201055665804665,9.59784968463441,,,0,s2,3
oracle,0.0,long_00031_2300-5639-260,s3,coarse_to_fine,3,-23.396464287603138,10.055112364389739,9.059384338844938,,,0,s3,3
oracle,400.0,long_00031_2300-5639-260,s1,no_recursion,3,-14.428063707005476,7.706576434212193,10.237196831879793,,,0,s1,3
oracle,400.0,long_00031_2300-5639-260,s2,no_recursion,3,-13.115576129713427,-4.377471466684234,10.360282070168035,,,0,s2,3
oracle,400.0,long_00031_2300-5639-260,s3,no_recursion,3,-21.010877481318868,6.764996505707794,9.589232600089696,,,0,s3,3
oracle,400.0,long_00031_2300-5639-260,s1,ungated_deflation,3,-14.428063707005476,7.706576434212193,10.237196831879793,0,0,0,s1,3
oracle,400.0,long_00031_2300-5639-260,s2,ungated_deflation,3,-15.957488036709254,-8.790502549958507,15.4295606932926,1,1,0,s2,3
oracle,400.0,long_00031_2300-5639-260,s3,ungated_deflation,3,-7.0924843426415745,7.365786912572517,24.357619703866526,2,2,0,s3,3
oracle,400.0,long_00031_2300-5639-260,s1,gated_deflation,3,-14.428063707005476,7.706576434212193,10.237196831879793,0,0,0,s1,3
oracle,400.0,long_00031_2300-5639-260,s2,gated_deflation,3,-15.957488036709254,-8.790502549958507,15.4295606932926,1,1,0,s2,3
oracle,400.0,long_00031_2300-5639-260,s3,gated_deflation,3,-7.0924843426415745,7.365786912572517,24.357619703866526,2,2,0,s3,3
oracle,400.0,long_00031_2300-5639-260,s1,coarse_to_fine,3,-14.428063707005476,7.706576434212193,10.237196831879793,,,0,s1,3
oracle,400.0,long_00031_2300-5639-260,s2,coarse_to_fine,3,-13.115576129713427,-4.377471466684234,10.360282070168035,,,0,s2,3
oracle,400.0,long_00031_2300-5639-260,s3,coarse_to_fine,3,-21.010877481318868,6.764996505707794,9.589232600089696,,,0,s3,3
real,0.0,long_00031_2300-5639-260,s1,no_recursion,3,-45.325928452062804,2.58290002573668,6.063074671626959,,,0,SPEAKER_00,3
real,0.0,long_00031_2300-5639-260,s2,no_recursion,3,-14.911066952825635,-4.8523205427821114,8.173739410556287,,,0,SPEAKER_02,3
real,0.0,long_00031_2300-5639-260,s3,no_recursion,3,-32.105124296357445,8.250667173097021,8.120017341443798,,,0,SPEAKER_01,3
real,0.0,long_00031_2300-5639-260,s1,ungated_deflation,3,-45.325928452062804,2.58290002573668,6.063074671626959,0,0,0,SPEAKER_00,3
real,0.0,long_00031_2300-5639-260,s2,ungated_deflation,3,-13.542933899424462,-6.780570602546394,19.532019385846233,2,2,0,SPEAKER_02,3
real,0.0,long_00031_2300-5639-260,s3,ungated_deflation,3,-24.804483284389335,6.349514888090047,8.997782345566828,1,1,0,SPEAKER_01,3
real,0.0,long_00031_2300-5639-260,s1,gated_deflation,3,-45.325928452062804,2.58290002573668,6.063074671626959,0,0,0,SPEAKER_00,3
real,0.0,long_00031_2300-5639-260,s2,gated_deflation,3,-13.542933899424462,-6.780570602546394,19.532019385846233,2,2,0,SPEAKER_02,3
real,0.0,long_00031_2300-5639-260,s3,gated_deflation,3,-24.804483284389335,6.349514888090047,8.997782345566828,1,1,0,SPEAKER_01,3
real,0.0,long_00031_2300-5639-260,s1,coarse_to_fine,3,-45.325928452062804,2.58290002573668,6.063074671626959,,,0,SPEAKER_00,3
real,0.0,long_00031_2300-5639-260,s2,coarse_to_fine,3,-14.911066952825635,-4.8523205427821114,8.173739410556287,,,0,SPEAKER_02,3
real,0.0,long_00031_2300-5639-260,s3,coarse_to_fine,3,-32.105124296357445,8.250667173097021,8.120017341443798,,,0,SPEAKER_01,3
real,400.0,long_00031_2300-5639-260,s1,no_recursion,3,-18.000642255852096,6.735116774997625,8.962223064375591,,,0,SPEAKER_00,3
real,400.0,long_00031_2300-5639-260,s2,no_recursion,3,-14.069186616781451,-4.290921603660919,8.818249319324241,,,0,SPEAKER_02,3
real,400.0,long_00031_2300-5639-260,s3,no_recursion,3,-28.295889475672023,9.34987793795554,8.409841869483474,,,0,SPEAKER_01,3
real,400.0,long_00031_2300-5639-260,s1,ungated_deflation,3,-18.000642255852096,6.735116774997625,8.962223064375591,0,0,0,SPEAKER_00,3
real,400.0,long_00031_2300-5639-260,s2,ungated_deflation,3,-13.309603952920018,-6.543445226569742,19.629150845192022,2,2,0,SPEAKER_02,3
real,400.0,long_00031_2300-5639-260,s3,ungated_deflation,3,-22.309187391292127,7.892187275662252,9.390028593370344,1,1,0,SPEAKER_01,3
real,400.0,long_00031_2300-5639-260,s1,gated_deflation,3,-18.000642255852096,6.735116774997625,8.962223064375591,0,0,0,SPEAKER_00,3
real,400.0,long_00031_2300-5639-260,s2,gated_deflation,3,-13.309603952920018,-6.543445226569742,19.629150845192022,2,2,0,SPEAKER_02,3
real,400.0,long_00031_2300-5639-260,s3,gated_deflation,3,-22.309187391292127,7.892187275662252,9.390028593370344,1,1,0,SPEAKER_01,3
real,400.0,long_00031_2300-5639-260,s1,coarse_to_fine,3,-18.000642255852096,6.735116774997625,8.962223064375591,,,0,SPEAKER_00,3
real,400.0,long_00031_2300-5639-260,s2,coarse_to_fine,3,-14.069186616781451,-4.290921603660919,8.818249319324241,,,0,SPEAKER_02,3
real,400.0,long_00031_2300-5639-260,s3,coarse_to_fine,3,-28.295889475672023,9.34987793795554,8.409841869483474,,,0,SPEAKER_01,3
oracle,0.0,long_00032_7021-4446-6930,s1,no_recursion,3,-20.838127856324565,8.839854514228588,7.5483394492258675,,,0,s1,3
oracle,0.0,long_00032_7021-4446-6930,s2,no_recursion,3,-3.613351143632654,6.5316237235483,8.854417754979165,,,0,s2,3
oracle,0.0,long_00032_7021-4446-6930,s3,no_recursion,3,-15.308685697615878,8.971117224985578,11.236843059615616,,,0,s3,3
oracle,0.0,long_00032_7021-4446-6930,s1,ungated_deflation,3,-20.838127856324565,8.839854514228588,7.5483394492258675,0,0,0,s1,3
oracle,0.0,long_00032_7021-4446-6930,s2,ungated_deflation,3,-3.3957861812110073,4.894548879361565,11.466389801386736,1,1,0,s2,3
oracle,0.0,long_00032_7021-4446-6930,s3,ungated_deflation,3,-10.231464904259846,6.9059737747872765,17.280049904023713,2,2,0,s3,3
oracle,0.0,long_00032_7021-4446-6930,s1,gated_deflation,3,-20.838127856324565,8.839854514228588,7.5483394492258675,0,0,0,s1,3
oracle,0.0,long_00032_7021-4446-6930,s2,gated_deflation,3,-3.3957861812110073,4.894548879361565,11.466389801386736,1,1,0,s2,3
oracle,0.0,long_00032_7021-4446-6930,s3,gated_deflation,3,-10.231464904259846,6.9059737747872765,17.280049904023713,2,2,0,s3,3
oracle,0.0,long_00032_7021-4446-6930,s1,coarse_to_fine,3,-20.838127856324565,8.839854514228588,7.5483394492258675,,,0,s1,3
oracle,0.0,long_00032_7021-4446-6930,s2,coarse_to_fine,3,-3.613351143632654,6.5316237235483,8.854417754979165,,,0,s2,3
oracle,0.0,long_00032_7021-4446-6930,s3,coarse_to_fine,3,-15.308685697615878,8.971117224985578,11.236843059615616,,,0,s3,3
oracle,400.0,long_00032_7021-4446-6930,s1,no_recursion,3,-18.96875166211807,4.779480395789053,8.124816592474748,,,0,s1,3
oracle,400.0,long_00032_7021-4446-6930,s2,no_recursion,3,-3.0442838482993544,-0.13774472546526248,11.580353940402544,,,0,s2,3
oracle,400.0,long_00032_7021-4446-6930,s3,no_recursion,3,-14.601214511960608,4.450608147785312,11.752106901712125,,,0,s3,3
oracle,400.0,long_00032_7021-4446-6930,s1,ungated_deflation,3,-18.96875166211807,4.779480395789053,8.124816592474748,0,0,0,s1,3
oracle,400.0,long_00032_7021-4446-6930,s2,ungated_deflation,3,-3.078233756820126,-0.7013489927285455,13.778648099447977,1,1,0,s2,3
oracle,400.0,long_00032_7021-4446-6930,s3,ungated_deflation,3,-10.10234549639173,3.77279705657058,17.59338135900301,2,2,0,s3,3
oracle,400.0,long_00032_7021-4446-6930,s1,gated_deflation,3,-18.96875166211807,4.779480395789053,8.124816592474748,0,0,0,s1,3
oracle,400.0,long_00032_7021-4446-6930,s2,gated_deflation,3,-3.078233756820126,-0.7013489927285455,13.778648099447977,1,1,0,s2,3
oracle,400.0,long_00032_7021-4446-6930,s3,gated_deflation,3,-10.10234549639173,3.77279705657058,17.59338135900301,2,2,0,s3,3
oracle,400.0,long_00032_7021-4446-6930,s1,coarse_to_fine,3,-18.96875166211807,4.779480395789053,8.124816592474748,,,0,s1,3
oracle,400.0,long_00032_7021-4446-6930,s2,coarse_to_fine,3,-3.0442838482993544,-0.13774472546526248,11.580353940402544,,,0,s2,3
oracle,400.0,long_00032_7021-4446-6930,s3,coarse_to_fine,3,-14.601214511960608,4.450608147785312,11.752106901712125,,,0,s3,3
real,0.0,long_00032_7021-4446-6930,s1,no_recursion,3,-25.97175813516276,5.793461083148794,6.757536685845869,,,0,SPEAKER_01,3
real,0.0,long_00032_7021-4446-6930,s2,no_recursion,3,-4.535365024912173,4.255680964216601,8.8741925213032,,,0,SPEAKER_00,3
real,0.0,long_00032_7021-4446-6930,s3,no_recursion,3,-17.392306181375357,6.384144907390759,10.530705603861533,,,0,SPEAKER_02,3
real,0.0,long_00032_7021-4446-6930,s1,ungated_deflation,3,-25.97175813516276,5.793461083148794,6.757536685845869,0,0,0,SPEAKER_01,3
real,0.0,long_00032_7021-4446-6930,s2,ungated_deflation,3,-5.058622527144756,1.8280216216605503,11.678404986545335,1,1,0,SPEAKER_00,3
real,0.0,long_00032_7021-4446-6930,s3,ungated_deflation,3,-10.12921314903761,5.226686488057233,18.949906756072533,2,2,0,SPEAKER_02,3
real,0.0,long_00032_7021-4446-6930,s1,gated_deflation,3,-25.97175813516276,5.793461083148794,6.757536685845869,0,0,0,SPEAKER_01,3
real,0.0,long_00032_7021-4446-6930,s2,gated_deflation,3,-5.058622527144756,1.8280216216605503,11.678404986545335,1,1,0,SPEAKER_00,3
real,0.0,long_00032_7021-4446-6930,s3,gated_deflation,3,-10.12921314903761,5.226686488057233,18.949906756072533,2,2,0,SPEAKER_02,3
real,0.0,long_00032_7021-4446-6930,s1,coarse_to_fine,3,-25.97175813516276,5.793461083148794,6.757536685845869,,,0,SPEAKER_01,3
real,0.0,long_00032_7021-4446-6930,s2,coarse_to_fine,3,-4.535365024912173,4.255680964216601,8.8741925213032,,,0,SPEAKER_00,3
real,0.0,long_00032_7021-4446-6930,s3,coarse_to_fine,3,-17.392306181375357,6.384144907390759,10.530705603861533,,,0,SPEAKER_02,3
real,400.0,long_00032_7021-4446-6930,s1,no_recursion,3,-25.31807413800849,5.111725764210087,6.85546130872922,,,0,SPEAKER_01,3
real,400.0,long_00032_7021-4446-6930,s2,no_recursion,3,-2.803817031235225,5.982695866379276,10.735069198185975,,,0,SPEAKER_00,3
real,400.0,long_00032_7021-4446-6930,s3,no_recursion,3,-14.686382964973635,5.976452194557736,11.668745855075395,,,0,SPEAKER_02,3
real,400.0,long_00032_7021-4446-6930,s1,ungated_deflation,3,-25.31807413800849,5.111725764210087,6.85546130872922,0,0,0,SPEAKER_01,3
real,400.0,long_00032_7021-4446-6930,s2,ungated_deflation,3,-2.9436249952719344,3.3811756179004018,16.25415499530956,2,2,0,SPEAKER_00,3
real,400.0,long_00032_7021-4446-6930,s3,ungated_deflation,3,-13.67652659775432,4.609380153346327,12.964300809144987,1,1,0,SPEAKER_02,3
real,400.0,long_00032_7021-4446-6930,s1,gated_deflation,3,-25.31807413800849,5.111725764210087,6.85546130872922,0,0,0,SPEAKER_01,3
real,400.0,long_00032_7021-4446-6930,s2,gated_deflation,3,-2.9436249952719344,3.3811756179004018,16.25415499530956,2,2,0,SPEAKER_00,3
real,400.0,long_00032_7021-4446-6930,s3,gated_deflation,3,-13.67652659775432,4.609380153346327,12.964300809144987,1,1,0,SPEAKER_02,3
real,400.0,long_00032_7021-4446-6930,s1,coarse_to_fine,3,-25.31807413800849,5.111725764210087,6.85546130872922,,,0,SPEAKER_01,3
real,400.0,long_00032_7021-4446-6930,s2,coarse_to_fine,3,-2.803817031235225,5.982695866379276,10.735069198185975,,,0,SPEAKER_00,3
real,400.0,long_00032_7021-4446-6930,s3,coarse_to_fine,3,-14.686382964973635,5.976452194557736,11.668745855075395,,,0,SPEAKER_02,3
oracle,0.0,long_00033_4507-4446-4970,s1,no_recursion,3,-24.894638893570708,4.328312162457813,8.497412511654705,,,0,s1,3
oracle,0.0,long_00033_4507-4446-4970,s2,no_recursion,3,-4.42676452605492,1.1625726792709457,9.064626867262337,,,0,s2,3
oracle,0.0,long_00033_4507-4446-4970,s3,no_recursion,3,-38.56715806075566,11.369116532663856,10.451897657916083,,,0,s3,3
oracle,0.0,long_00033_4507-4446-4970,s1,ungated_deflation,3,-24.894638893570708,4.328312162457813,8.497412511654705,0,0,0,s1,3
oracle,0.0,long_00033_4507-4446-4970,s2,ungated_deflation,3,-4.929580285051803,-0.91164036138377,16.724002767272236,1,1,0,s2,3
oracle,0.0,long_00033_4507-4446-4970,s3,ungated_deflation,3,-10.328811543690005,8.354410645957516,24.307859210466233,2,2,0,s3,3
oracle,0.0,long_00033_4507-4446-4970,s1,gated_deflation,3,-24.894638893570708,4.328312162457813,8.497412511654705,0,0,0,s1,3
oracle,0.0,long_00033_4507-4446-4970,s2,gated_deflation,3,-4.929580285051803,-0.91164036138377,16.724002767272236,1,1,0,s2,3
oracle,0.0,long_00033_4507-4446-4970,s3,gated_deflation,3,-10.328811543690005,8.354410645957516,24.307859210466233,2,2,0,s3,3
oracle,0.0,long_00033_4507-4446-4970,s1,coarse_to_fine,3,-24.894638893570708,4.328312162457813,8.497412511654705,,,0,s1,3
oracle,0.0,long_00033_4507-4446-4970,s2,coarse_to_fine,3,-4.42676452605492,1.1625726792709457,9.064626867262337,,,0,s2,3
oracle,0.0,long_00033_4507-4446-4970,s3,coarse_to_fine,3,-38.56715806075566,11.369116532663856,10.451897657916083,,,0,s3,3
oracle,400.0,long_00033_4507-4446-4970,s1,no_recursion,3,-23.467246624038182,3.246947079179186,8.810314386300377,,,0,s1,3
oracle,400.0,long_00033_4507-4446-4970,s2,no_recursion,3,-3.9882200895825597,-0.599930610810426,11.602387512463729,,,0,s2,3
oracle,400.0,long_00033_4507-4446-4970,s3,no_recursion,3,-48.35373862158199,8.65559572986361,10.634128036315513,,,0,s3,3
oracle,400.0,long_00033_4507-4446-4970,s1,ungated_deflation,3,-23.467246624038182,3.246947079179186,8.810314386300377,0,0,0,s1,3
oracle,400.0,long_00033_4507-4446-4970,s2,ungated_deflation,3,-4.783397690206782,-3.2688527875136404,20.190013201100093,1,1,0,s2,3
oracle,400.0,long_00033_4507-4446-4970,s3,ungated_deflation,3,-10.357337666148595,6.746921019155492,24.357476930380653,2,2,0,s3,3
oracle,400.0,long_00033_4507-4446-4970,s1,gated_deflation,3,-23.467246624038182,3.246947079179186,8.810314386300377,0,0,0,s1,3
oracle,400.0,long_00033_4507-4446-4970,s2,gated_deflation,3,-4.783397690206782,-3.2688527875136404,20.190013201100093,1,1,0,s2,3
oracle,400.0,long_00033_4507-4446-4970,s3,gated_deflation,3,-10.357337666148595,6.746921019155492,24.357476930380653,2,2,0,s3,3
oracle,400.0,long_00033_4507-4446-4970,s1,coarse_to_fine,3,-23.467246624038182,3.246947079179186,8.810314386300377,,,0,s1,3
oracle,400.0,long_00033_4507-4446-4970,s2,coarse_to_fine,3,-3.9882200895825597,-0.599930610810426,11.602387512463729,,,0,s2,3
oracle,400.0,long_00033_4507-4446-4970,s3,coarse_to_fine,3,-48.35373862158199,8.65559572986361,10.634128036315513,,,0,s3,3
real,0.0,long_00033_4507-4446-4970,s1,no_recursion,3,-37.09978170323555,3.577323453891881,7.339760914680219,,,0,SPEAKER_01,3
real,0.0,long_00033_4507-4446-4970,s2,no_recursion,3,-10.57256470135038,-4.297604399688256,2.7527829195727422,,,0,SPEAKER_02,3
real,0.0,long_00033_4507-4446-4970,s3,no_recursion,3,-20.615209937722902,7.42307279140065,8.472839208118844,,,0,SPEAKER_00,3
real,0.0,long_00033_4507-4446-4970,s1,ungated_deflation,3,-37.09978170323555,3.577323453891881,7.339760914680219,0,0,0,SPEAKER_01,3
real,0.0,long_00033_4507-4446-4970,s2,ungated_deflation,3,-7.079490141110034,-3.3655489623739148,16.26881411198179,2,2,0,SPEAKER_02,3
real,0.0,long_00033_4507-4446-4970,s3,ungated_deflation,3,-42.15465936987576,6.297170702638489,10.943435438803938,1,1,0,SPEAKER_00,3
real,0.0,long_00033_4507-4446-4970,s1,gated_deflation,3,-37.09978170323555,3.577323453891881,7.339760914680219,0,0,0,SPEAKER_01,3
real,0.0,long_00033_4507-4446-4970,s2,gated_deflation,3,-7.079490141110034,-3.3655489623739148,16.26881411198179,2,2,0,SPEAKER_02,3
real,0.0,long_00033_4507-4446-4970,s3,gated_deflation,3,-42.15465936987576,6.297170702638489,10.943435438803938,1,1,0,SPEAKER_00,3
real,0.0,long_00033_4507-4446-4970,s1,coarse_to_fine,3,-37.09978170323555,3.577323453891881,7.339760914680219,,,0,SPEAKER_01,3
real,0.0,long_00033_4507-4446-4970,s2,coarse_to_fine,3,-10.57256470135038,-4.297604399688256,2.7527829195727422,,,0,SPEAKER_02,3
real,0.0,long_00033_4507-4446-4970,s3,coarse_to_fine,3,-20.615209937722902,7.42307279140065,8.472839208118844,,,0,SPEAKER_00,3
real,400.0,long_00033_4507-4446-4970,s1,no_recursion,3,-24.016832962899628,4.541269199320418,8.630016777848878,,,0,SPEAKER_01,3
real,400.0,long_00033_4507-4446-4970,s2,no_recursion,3,-5.3963406747593945,0.37932501789521594,7.362055610661749,,,0,SPEAKER_02,3
real,400.0,long_00033_4507-4446-4970,s3,no_recursion,3,-48.40876337001876,11.329932305866222,10.635543931376947,,,0,SPEAKER_00,3
real,400.0,long_00033_4507-4446-4970,s1,ungated_deflation,3,-24.016832962899628,4.541269199320418,8.630016777848878,0,0,0,SPEAKER_01,3
real,400.0,long_00033_4507-4446-4970,s2,ungated_deflation,3,-5.5215006918851035,-1.7228682943202482,17.983256128568406,2,2,0,SPEAKER_02,3
real,400.0,long_00033_4507-4446-4970,s3,ungated_deflation,3,-21.82961698468325,8.888022540954001,12.926781658290686,1,1,0,SPEAKER_00,3
real,400.0,long_00033_4507-4446-4970,s1,gated_deflation,3,-24.016832962899628,4.541269199320418,8.630016777848878,0,0,0,SPEAKER_01,3
real,400.0,long_00033_4507-4446-4970,s2,gated_deflation,3,-5.5215006918851035,-1.7228682943202482,17.983256128568406,2,2,0,SPEAKER_02,3
real,400.0,long_00033_4507-4446-4970,s3,gated_deflation,3,-21.82961698468325,8.888022540954001,12.926781658290686,1,1,0,SPEAKER_00,3
real,400.0,long_00033_4507-4446-4970,s1,coarse_to_fine,3,-24.016832962899628,4.541269199320418,8.630016777848878,,,0,SPEAKER_01,3
real,400.0,long_00033_4507-4446-4970,s2,coarse_to_fine,3,-5.3963406747593945,0.37932501789521594,7.362055610661749,,,0,SPEAKER_02,3
real,400.0,long_00033_4507-4446-4970,s3,coarse_to_fine,3,-48.40876337001876,11.329932305866222,10.635543931376947,,,0,SPEAKER_00,3
oracle,0.0,long_00034_61-260-8555,s1,no_recursion,3,-20.999427321238613,5.8749435152233005,7.557459173332772,,,0,s1,3
oracle,0.0,long_00034_61-260-8555,s2,no_recursion,3,-8.234132938541146,2.712489279594214,7.0231243677317465,,,0,s2,3
oracle,0.0,long_00034_61-260-8555,s3,no_recursion,3,-11.039241871846645,8.599383986054368,4.360127353136132,,,0,s3,3
oracle,0.0,long_00034_61-260-8555,s1,ungated_deflation,3,-20.999427321238613,5.8749435152233005,7.557459173332772,0,0,0,s1,3
oracle,0.0,long_00034_61-260-8555,s2,ungated_deflation,3,-9.124871264775669,-2.1122868268177775,13.399711384926027,1,1,0,s2,3
oracle,0.0,long_00034_61-260-8555,s3,ungated_deflation,3,-25.258726648413457,4.9586524047944085,11.672581863507403,2,2,0,s3,3
oracle,0.0,long_00034_61-260-8555,s1,gated_deflation,3,-20.999427321238613,5.8749435152233005,7.557459173332772,0,0,0,s1,3
oracle,0.0,long_00034_61-260-8555,s2,gated_deflation,3,-9.124871264775669,-2.1122868268177775,13.399711384926027,1,1,0,s2,3
oracle,0.0,long_00034_61-260-8555,s3,gated_deflation,3,-25.258726648413457,4.9586524047944085,11.672581863507403,2,2,0,s3,3
oracle,0.0,long_00034_61-260-8555,s1,coarse_to_fine,3,-20.999427321238613,5.8749435152233005,7.557459173332772,,,0,s1,3
oracle,0.0,long_00034_61-260-8555,s2,coarse_to_fine,3,-8.234132938541146,2.712489279594214,7.0231243677317465,,,0,s2,3
oracle,0.0,long_00034_61-260-8555,s3,coarse_to_fine,3,-11.039241871846645,8.599383986054368,4.360127353136132,,,0,s3,3
oracle,400.0,long_00034_61-260-8555,s1,no_recursion,3,-19.848809402179327,4.246947838207682,7.919773586968217,,,0,s1,3
oracle,400.0,long_00034_61-260-8555,s2,no_recursion,3,-7.4597010658885,1.336621477682014,8.456110576333279,,,0,s2,3
oracle,400.0,long_00034_61-260-8555,s3,no_recursion,3,-15.607211933054685,0.3578138816111376,5.908489116355367,,,0,s3,3
oracle,400.0,long_00034_61-260-8555,s1,ungated_deflation,3,-19.848809402179327,4.246947838207682,7.919773586968217,0,0,0,s1,3
oracle,400.0,long_00034_61-260-8555,s2,ungated_deflation,3,-8.607489271590573,-2.434733766732369,14.820623891719833,1,1,0,s2,3
oracle,400.0,long_00034_61-260-8555,s3,ungated_deflation,3,-20.195990090086823,-0.9404073239632507,13.333547271439626,2,2,0,s3,3
oracle,400.0,long_00034_61-260-8555,s1,gated_deflation,3,-19.848809402179327,4.246947838207682,7.919773586968217,0,0,0,s1,3
oracle,400.0,long_00034_61-260-8555,s2,gated_deflation,3,-8.607489271590573,-2.434733766732369,14.820623891719833,1,1,0,s2,3
oracle,400.0,long_00034_61-260-8555,s3,gated_deflation,3,-20.195990090086823,-0.9404073239632507,13.333547271439626,2,2,0,s3,3
oracle,400.0,long_00034_61-260-8555,s1,coarse_to_fine,3,-19.848809402179327,4.246947838207682,7.919773586968217,,,0,s1,3
oracle,400.0,long_00034_61-260-8555,s2,coarse_to_fine,3,-7.4597010658885,1.336621477682014,8.456110576333279,,,0,s2,3
oracle,400.0,long_00034_61-260-8555,s3,coarse_to_fine,3,-15.607211933054685,0.3578138816111376,5.908489116355367,,,0,s3,3
real,0.0,long_00034_61-260-8555,s1,no_recursion,3,-16.92138126144657,6.578857348468662,8.877506830466274,,,0,SPEAKER_02,3
real,0.0,long_00034_61-260-8555,s2,no_recursion,3,-9.60261932847254,1.2304648412434152,6.167483426011161,,,0,SPEAKER_01,3
real,0.0,long_00034_61-260-8555,s3,no_recursion,3,-11.394592104178969,6.087346830229156,4.165846710384809,,,0,SPEAKER_00,3
real,0.0,long_00034_61-260-8555,s1,ungated_deflation,3,-16.92138126144657,6.578857348468662,8.877506830466274,0,0,0,SPEAKER_02,3
real,0.0,long_00034_61-260-8555,s2,ungated_deflation,3,-8.752123914452355,-2.156460492440511,15.61858216412805,2,2,0,SPEAKER_01,3
real,0.0,long_00034_61-260-8555,s3,ungated_deflation,3,-25.41866466418206,6.5944239310991755,8.638814693490112,1,1,0,SPEAKER_00,3
real,0.0,long_00034_61-260-8555,s1,gated_deflation,3,-16.92138126144657,6.578857348468662,8.877506830466274,0,0,0,SPEAKER_02,3
real,0.0,long_00034_61-260-8555,s2,gated_deflation,3,-8.752123914452355,-2.156460492440511,15.61858216412805,2,2,0,SPEAKER_01,3
real,0.0,long_00034_61-260-8555,s3,gated_deflation,3,-25.41866466418206,6.5944239310991755,8.638814693490112,1,1,0,SPEAKER_00,3
real,0.0,long_00034_61-260-8555,s1,coarse_to_fine,3,-16.92138126144657,6.578857348468662,8.877506830466274,,,0,SPEAKER_02,3
real,0.0,long_00034_61-260-8555,s2,coarse_to_fine,3,-9.60261932847254,1.2304648412434152,6.167483426011161,,,0,SPEAKER_01,3
real,0.0,long_00034_61-260-8555,s3,coarse_to_fine,3,-11.394592104178969,6.087346830229156,4.165846710384809,,,0,SPEAKER_00,3
real,400.0,long_00034_61-260-8555,s1,no_recursion,3,-16.933674363226196,6.5253089781106866,8.88029545145509,,,0,SPEAKER_02,3
real,400.0,long_00034_61-260-8555,s2,no_recursion,3,-8.942012023256304,1.8427326529691377,6.638479473020549,,,0,SPEAKER_01,3
real,400.0,long_00034_61-260-8555,s3,no_recursion,3,-14.44436644688297,8.614246074467646,5.983889536353862,,,0,SPEAKER_00,3
real,400.0,long_00034_61-260-8555,s1,ungated_deflation,3,-16.933674363226196,6.5253089781106866,8.88029545145509,0,0,0,SPEAKER_02,3
real,400.0,long_00034_61-260-8555,s2,ungated_deflation,3,-8.470421566932828,-1.8655577404448138,15.878357016888376,2,2,0,SPEAKER_01,3
real,400.0,long_00034_61-260-8555,s3,ungated_deflation,3,-70.41960301050408,8.698307303632182,9.972270544890398,1,1,0,SPEAKER_00,3
real,400.0,long_00034_61-260-8555,s1,gated_deflation,3,-16.933674363226196,6.5253089781106866,8.88029545145509,0,0,0,SPEAKER_02,3
real,400.0,long_00034_61-260-8555,s2,gated_deflation,3,-8.470421566932828,-1.8655577404448138,15.878357016888376,2,2,0,SPEAKER_01,3
real,400.0,long_00034_61-260-8555,s3,gated_deflation,3,-70.41960301050408,8.698307303632182,9.972270544890398,1,1,0,SPEAKER_00,3
real,400.0,long_00034_61-260-8555,s1,coarse_to_fine,3,-16.933674363226196,6.5253089781106866,8.88029545145509,,,0,SPEAKER_02,3
real,400.0,long_00034_61-260-8555,s2,coarse_to_fine,3,-8.942012023256304,1.8427326529691377,6.638479473020549,,,0,SPEAKER_01,3
real,400.0,long_00034_61-260-8555,s3,coarse_to_fine,3,-14.44436644688297,8.614246074467646,5.983889536353862,,,0,SPEAKER_00,3
oracle,0.0,long_00035_260-4992-7021,s1,no_recursion,3,-15.143866805586416,10.762604969284865,7.523238805262716,,,0,s1,3
oracle,0.0,long_00035_260-4992-7021,s2,no_recursion,3,-4.5799122785412285,6.5235709502864765,10.193476637080185,,,0,s2,3
oracle,0.0,long_00035_260-4992-7021,s3,no_recursion,3,-26.135800454564485,9.156080029770909,6.344363419759805,,,0,s3,3
oracle,0.0,long_00035_260-4992-7021,s1,ungated_deflation,3,-15.143866805586416,10.762604969284865,7.523238805262716,0,0,0,s1,3
oracle,0.0,long_00035_260-4992-7021,s2,ungated_deflation,3,-4.71260900839843,4.452767874450455,12.264307187740972,1,1,0,s2,3
oracle,0.0,long_00035_260-4992-7021,s3,ungated_deflation,3,-10.158178903851214,10.821294853102206,15.917869075113895,2,2,0,s3,3
oracle,0.0,long_00035_260-4992-7021,s1,gated_deflation,3,-15.143866805586416,10.762604969284865,7.523238805262716,0,0,0,s1,3
oracle,0.0,long_00035_260-4992-7021,s2,gated_deflation,3,-4.71260900839843,4.452767874450455,12.264307187740972,1,1,0,s2,3
oracle,0.0,long_00035_260-4992-7021,s3,gated_deflation,3,-10.158178903851214,10.821294853102206,15.917869075113895,2,2,0,s3,3
oracle,0.0,long_00035_260-4992-7021,s1,coarse_to_fine,3,-15.143866805586416,10.762604969284865,7.523238805262716,,,0,s1,3
oracle,0.0,long_00035_260-4992-7021,s2,coarse_to_fine,3,-4.5799122785412285,6.5235709502864765,10.193476637080185,,,0,s2,3
oracle,0.0,long_00035_260-4992-7021,s3,coarse_to_fine,3,-26.135800454564485,9.156080029770909,6.344363419759805,,,0,s3,3
oracle,400.0,long_00035_260-4992-7021,s1,no_recursion,3,-16.22245808700437,5.073563470374587,7.77238854327739,,,0,s1,3
oracle,400.0,long_00035_260-4992-7021,s2,no_recursion,3,-4.252628025271608,2.3730529177151456,11.558964226876455,,,0,s2,3
oracle,400.0,long_00035_260-4992-7021,s3,no_recursion,3,-25.67283729465096,9.030955465211349,6.288897825829065,,,0,s3,3
oracle,400.0,long_00035_260-4992-7021,s1,ungated_deflation,3,-16.22245808700437,5.073563470374587,7.77238854327739,0,0,0,s1,3
oracle,400.0,long_00035_260-4992-7021,s2,ungated_deflation,3,-4.496094362616423,1.1549470065202612,13.540194860618428,1,1,0,s2,3
oracle,400.0,long_00035_260-4992-7021,s3,ungated_deflation,3,-10.060510320248357,10.57315604523259,16.059927939558506,2,2,0,s3,3
oracle,400.0,long_00035_260-4992-7021,s1,gated_deflation,3,-16.22245808700437,5.073563470374587,7.77238854327739,0,0,0,s1,3
oracle,400.0,long_00035_260-4992-7021,s2,gated_deflation,3,-4.496094362616423,1.1549470065202612,13.540194860618428,1,1,0,s2,3
oracle,400.0,long_00035_260-4992-7021,s3,gated_deflation,3,-10.060510320248357,10.57315604523259,16.059927939558506,2,2,0,s3,3
oracle,400.0,long_00035_260-4992-7021,s1,coarse_to_fine,3,-16.22245808700437,5.073563470374587,7.77238854327739,,,0,s1,3
oracle,400.0,long_00035_260-4992-7021,s2,coarse_to_fine,3,-4.252628025271608,2.3730529177151456,11.558964226876455,,,0,s2,3
oracle,400.0,long_00035_260-4992-7021,s3,coarse_to_fine,3,-25.67283729465096,9.030955465211349,6.288897825829065,,,0,s3,3
real,0.0,long_00035_260-4992-7021,s1,no_recursion,3,-11.240243743419697,4.862446030520137,4.771661799983706,,,0,SPEAKER_01,3
real,0.0,long_00035_260-4992-7021,s2,no_recursion,3,-9.377447308963271,1.674525520405309,5.440349302435102,,,0,SPEAKER_00,3
real,0.0,long_00035_260-4992-7021,s3,no_recursion,3,-18.205338947236196,2.9818754395045657,4.3294964929511,,,0,SPEAKER_02,3
real,0.0,long_00035_260-4992-7021,s1,ungated_deflation,3,-22.547192154858383,5.600820711741454,13.704650328149249,2,2,0,SPEAKER_01,3
real,0.0,long_00035_260-4992-7021,s2,ungated_deflation,3,-8.300882091731264,0.950682105832003,7.979143102685687,1,1,0,SPEAKER_00,3
real,0.0,long_00035_260-4992-7021,s3,ungated_deflation,3,-18.205338947236196,2.9818754395045657,4.3294964929511,0,0,0,SPEAKER_02,3
real,0.0,long_00035_260-4992-7021,s1,gated_deflation,3,-22.547192154858383,5.600820711741454,13.704650328149249,2,2,0,SPEAKER_01,3
real,0.0,long_00035_260-4992-7021,s2,gated_deflation,3,-8.300882091731264,0.950682105832003,7.979143102685687,1,1,0,SPEAKER_00,3
real,0.0,long_00035_260-4992-7021,s3,gated_deflation,3,-18.205338947236196,2.9818754395045657,4.3294964929511,0,0,0,SPEAKER_02,3
real,0.0,long_00035_260-4992-7021,s1,coarse_to_fine,3,-11.240243743419697,4.862446030520137,4.771661799983706,,,0,SPEAKER_01,3
real,0.0,long_00035_260-4992-7021,s2,coarse_to_fine,3,-9.377447308963271,1.674525520405309,5.440349302435102,,,0,SPEAKER_00,3
real,0.0,long_00035_260-4992-7021,s3,coarse_to_fine,3,-18.205338947236196,2.9818754395045657,4.3294964929511,,,0,SPEAKER_02,3
real,400.0,long_00035_260-4992-7021,s1,no_recursion,3,-15.569495617350915,10.77775868688585,7.681635236280266,,,0,SPEAKER_01,3
real,400.0,long_00035_260-4992-7021,s2,no_recursion,3,-5.742837844401948,4.32776915214907,8.996352898649503,,,0,SPEAKER_00,3
real,400.0,long_00035_260-4992-7021,s3,no_recursion,3,-26.665238885397216,5.882135538747994,6.299309298415835,,,0,SPEAKER_02,3
real,400.0,long_00035_260-4992-7021,s1,ungated_deflation,3,-17.908927268610036,8.08162809833981,15.19033491939786,2,2,0,SPEAKER_01,3
real,400.0,long_00035_260-4992-7021,s2,ungated_deflation,3,-5.787998787736201,3.0715379610886506,10.545579163011936,1,1,0,SPEAKER_00,3
real,400.0,long_00035_260-4992-7021,s3,ungated_deflation,3,-26.665238885397216,5.882135538747994,6.299309298415835,0,0,0,SPEAKER_02,3
real,400.0,long_00035_260-4992-7021,s1,gated_deflation,3,-17.908927268610036,8.08162809833981,15.19033491939786,2,2,0,SPEAKER_01,3
real,400.0,long_00035_260-4992-7021,s2,gated_deflation,3,-5.787998787736201,3.0715379610886506,10.545579163011936,1,1,0,SPEAKER_00,3
real,400.0,long_00035_260-4992-7021,s3,gated_deflation,3,-26.665238885397216,5.882135538747994,6.299309298415835,0,0,0,SPEAKER_02,3
real,400.0,long_00035_260-4992-7021,s1,coarse_to_fine,3,-15.569495617350915,10.77775868688585,7.681635236280266,,,0,SPEAKER_01,3
real,400.0,long_00035_260-4992-7021,s2,coarse_to_fine,3,-5.742837844401948,4.32776915214907,8.996352898649503,,,0,SPEAKER_00,3
real,400.0,long_00035_260-4992-7021,s3,coarse_to_fine,3,-26.665238885397216,5.882135538747994,6.299309298415835,,,0,SPEAKER_02,3
oracle,0.0,long_00036_908-7176-3575,s1,no_recursion,3,-17.08239211046291,6.09671243659548,6.782327240614875,,,0,s1,3
oracle,0.0,long_00036_908-7176-3575,s2,no_recursion,3,-5.3565057990699945,5.657383866810395,11.626088164187816,,,0,s2,3
oracle,0.0,long_00036_908-7176-3575,s3,no_recursion,3,-16.34738223728482,5.452947581415049,5.117959542317042,,,0,s3,3
oracle,0.0,long_00036_908-7176-3575,s1,ungated_deflation,3,-17.08239211046291,6.09671243659548,6.782327240614875,0,0,0,s1,3
oracle,0.0,long_00036_908-7176-3575,s2,ungated_deflation,3,-6.793216862123951,1.122861669785651,15.471933133320759,1,1,0,s2,3
oracle,0.0,long_00036_908-7176-3575,s3,ungated_deflation,3,-7.668010619574945,5.813509145139432,13.196981779164283,2,2,0,s3,3
oracle,0.0,long_00036_908-7176-3575,s1,gated_deflation,3,-17.08239211046291,6.09671243659548,6.782327240614875,0,0,0,s1,3
oracle,0.0,long_00036_908-7176-3575,s2,gated_deflation,3,-6.793216862123951,1.122861669785651,15.471933133320759,1,1,0,s2,3
oracle,0.0,long_00036_908-7176-3575,s3,gated_deflation,3,-7.668010619574945,5.813509145139432,13.196981779164283,2,2,0,s3,3
oracle,0.0,long_00036_908-7176-3575,s1,coarse_to_fine,3,-17.08239211046291,6.09671243659548,6.782327240614875,,,0,s1,3
oracle,0.0,long_00036_908-7176-3575,s2,coarse_to_fine,3,-5.3565057990699945,5.657383866810395,11.626088164187816,,,0,s2,3
oracle,0.0,long_00036_908-7176-3575,s3,coarse_to_fine,3,-16.34738223728482,5.452947581415049,5.117959542317042,,,0,s3,3
oracle,400.0,long_00036_908-7176-3575,s1,no_recursion,3,-17.788941780195717,5.710379253704251,7.009980076482945,,,0,s1,3
oracle,400.0,long_00036_908-7176-3575,s2,no_recursion,3,-4.856987368144034,-0.45239244427936354,13.885261218096275,,,0,s2,3
oracle,400.0,long_00036_908-7176-3575,s3,no_recursion,3,-16.01375845458429,4.264318273152389,5.325688212272862,,,0,s3,3
oracle,400.0,long_00036_908-7176-3575,s1,ungated_deflation,3,-17.788941780195717,5.710379253704251,7.009980076482945,0,0,0,s1,3
oracle,400.0,long_00036_908-7176-3575,s2,ungated_deflation,3,-6.608285672310863,-1.7722633022656686,17.52114362423811,1,1,0,s2,3
oracle,400.0,long_00036_908-7176-3575,s3,ungated_deflation,3,-7.528055084478028,5.048294114768794,13.508943246502959,2,2,0,s3,3
oracle,400.0,long_00036_908-7176-3575,s1,gated_deflation,3,-17.788941780195717,5.710379253704251,7.009980076482945,0,0,0,s1,3
oracle,400.0,long_00036_908-7176-3575,s2,gated_deflation,3,-6.608285672310863,-1.7722633022656686,17.52114362423811,1,1,0,s2,3
oracle,400.0,long_00036_908-7176-3575,s3,gated_deflation,3,-7.528055084478028,5.048294114768794,13.508943246502959,2,2,0,s3,3
oracle,400.0,long_00036_908-7176-3575,s1,coarse_to_fine,3,-17.788941780195717,5.710379253704251,7.009980076482945,,,0,s1,3
oracle,400.0,long_00036_908-7176-3575,s2,coarse_to_fine,3,-4.856987368144034,-0.45239244427936354,13.885261218096275,,,0,s2,3
oracle,400.0,long_00036_908-7176-3575,s3,coarse_to_fine,3,-16.01375845458429,4.264318273152389,5.325688212272862,,,0,s3,3
real,0.0,long_00036_908-7176-3575,s1,no_recursion,3,-18.93767719650365,7.19863129195355,7.4755463461695175,,,0,SPEAKER_01,3
real,0.0,long_00036_908-7176-3575,s2,no_recursion,3,-6.292448991961671,4.171979671948518,10.938630805538487,,,0,SPEAKER_02,3
real,0.0,long_00036_908-7176-3575,s3,no_recursion,3,-16.33569994818291,5.205110317551581,5.157383278179087,,,0,SPEAKER_00,3
real,0.0,long_00036_908-7176-3575,s1,ungated_deflation,3,-13.300053603439274,7.0874794523996245,17.921634523562382,2,2,0,SPEAKER_01,3
real,0.0,long_00036_908-7176-3575,s2,ungated_deflation,3,-6.292448991961671,4.171979671948518,10.938630805538487,0,0,0,SPEAKER_02,3
real,0.0,long_00036_908-7176-3575,s3,ungated_deflation,3,-8.02220676528126,6.128195925917773,12.251284857575403,1,1,0,SPEAKER_00,3
real,0.0,long_00036_908-7176-3575,s1,gated_deflation,3,-13.300053603439274,7.0874794523996245,17.921634523562382,2,2,0,SPEAKER_01,3
real,0.0,long_00036_908-7176-3575,s2,gated_deflation,3,-6.292448991961671,4.171979671948518,10.938630805538487,0,0,0,SPEAKER_02,3
real,0.0,long_00036_908-7176-3575,s3,gated_deflation,3,-8.02220676528126,6.128195925917773,12.251284857575403,1,1,0,SPEAKER_00,3
real,0.0,long_00036_908-7176-3575,s1,coarse_to_fine,3,-18.93767719650365,7.19863129195355,7.4755463461695175,,,0,SPEAKER_01,3
real,0.0,long_00036_908-7176-3575,s2,coarse_to_fine,3,-6.292448991961671,4.171979671948518,10.938630805538487,,,0,SPEAKER_02,3
real,0.0,long_00036_908-7176-3575,s3,coarse_to_fine,3,-16.33569994818291,5.205110317551581,5.157383278179087,,,0,SPEAKER_00,3
real,400.0,long_00036_908-7176-3575,s1,no_recursion,3,-19.18828361931364,6.730232259540609,7.498781342790608,,,0,SPEAKER_01,3
real,400.0,long_00036_908-7176-3575,s2,no_recursion,3,-5.9297159179378625,4.765171403332572,11.147763334505786,,,0,SPEAKER_02,3
real,400.0,long_00036_908-7176-3575,s3,no_recursion,3,-14.975661584946245,4.669081139395114,5.760506502604673,,,0,SPEAKER_00,3
real,400.0,long_00036_908-7176-3575,s1,ungated_deflation,3,-13.51920874333922,6.907550168583497,17.742968618764476,2,2,0,SPEAKER_01,3
real,400.0,long_00036_908-7176-3575,s2,ungated_deflation,3,-5.9297159179378625,4.765171403332572,11.147763334505786,0,0,0,SPEAKER_02,3
real,400.0,long_00036_908-7176-3575,s3,ungated_deflation,3,-7.712356366801016,5.599626255472559,12.581256840663546,1,1,0,SPEAKER_00,3
real,400.0,long_00036_908-7176-3575,s1,gated_deflation,3,-13.51920874333922,6.907550168583497,17.742968618764476,2,2,0,SPEAKER_01,3
real,400.0,long_00036_908-7176-3575,s2,gated_deflation,3,-5.9297159179378625,4.765171403332572,11.147763334505786,0,0,0,SPEAKER_02,3
real,400.0,long_00036_908-7176-3575,s3,gated_deflation,3,-7.712356366801016,5.599626255472559,12.581256840663546,1,1,0,SPEAKER_00,3
real,400.0,long_00036_908-7176-3575,s1,coarse_to_fine,3,-19.18828361931364,6.730232259540609,7.498781342790608,,,0,SPEAKER_01,3
real,400.0,long_00036_908-7176-3575,s2,coarse_to_fine,3,-5.9297159179378625,4.765171403332572,11.147763334505786,,,0,SPEAKER_02,3
real,400.0,long_00036_908-7176-3575,s3,coarse_to_fine,3,-14.975661584946245,4.669081139395114,5.760506502604673,,,0,SPEAKER_00,3
oracle,0.0,long_00037_4970-7176-1580,s1,no_recursion,3,-36.29277133881735,9.665194359206911,8.813548469174638,,,0,s1,3
oracle,0.0,long_00037_4970-7176-1580,s2,no_recursion,3,-5.516783971211648,7.618849862093145,7.605797341729633,,,0,s2,3
oracle,0.0,long_00037_4970-7176-1580,s3,no_recursion,3,-44.10087639601681,9.386285460745762,9.745314439303058,,,0,s3,3
oracle,0.0,long_00037_4970-7176-1580,s1,ungated_deflation,3,-36.29277133881735,9.665194359206911,8.813548469174638,0,0,0,s1,3
oracle,0.0,long_00037_4970-7176-1580,s2,ungated_deflation,3,-6.44405710602788,2.5034492847339846,10.077793236345471,1,1,0,s2,3
oracle,0.0,long_00037_4970-7176-1580,s3,ungated_deflation,3,-14.870154445757693,6.512813025843512,16.083620431578634,2,2,0,s3,3
oracle,0.0,long_00037_4970-7176-1580,s1,gated_deflation,3,-36.29277133881735,9.665194359206911,8.813548469174638,0,0,0,s1,3
oracle,0.0,long_00037_4970-7176-1580,s2,gated_deflation,3,-6.44405710602788,2.5034492847339846,10.077793236345471,1,1,0,s2,3
oracle,0.0,long_00037_4970-7176-1580,s3,gated_deflation,3,-14.870154445757693,6.512813025843512,16.083620431578634,2,2,0,s3,3
oracle,0.0,long_00037_4970-7176-1580,s1,coarse_to_fine,3,-36.29277133881735,9.665194359206911,8.813548469174638,,,0,s1,3
oracle,0.0,long_00037_4970-7176-1580,s2,coarse_to_fine,3,-5.516783971211648,7.618849862093145,7.605797341729633,,,0,s2,3
oracle,0.0,long_00037_4970-7176-1580,s3,coarse_to_fine,3,-44.10087639601681,9.386285460745762,9.745314439303058,,,0,s3,3
oracle,400.0,long_00037_4970-7176-1580,s1,no_recursion,3,-36.77741668211767,9.668730203318361,8.83203659638055,,,0,s1,3
oracle,400.0,long_00037_4970-7176-1580,s2,no_recursion,3,-4.912281601875429,4.45454737818519,8.843501897188531,,,0,s2,3
oracle,400.0,long_00037_4970-7176-1580,s3,no_recursion,3,-71.71151094090645,8.294456298624146,9.88574150462917,,,0,s3,3
oracle,400.0,long_00037_4970-7176-1580,s1,ungated_deflation,3,-36.77741668211767,9.668730203318361,8.83203659638055,0,0,0,s1,3
oracle,400.0,long_00037_4970-7176-1580,s2,ungated_deflation,3,-5.954139189896037,1.340141305729673,11.183141557797002,1,1,0,s2,3
oracle,400.0,long_00037_4970-7176-1580,s3,ungated_deflation,3,-14.953374771407201,6.036794369248421,15.996062470104018,2,2,0,s3,3
oracle,400.0,long_00037_4970-7176-1580,s1,gated_deflation,3,-36.77741668211767,9.668730203318361,8.83203659638055,0,0,0,s1,3
oracle,400.0,long_00037_4970-7176-1580,s2,gated_deflation,3,-5.954139189896037,1.340141305729673,11.183141557797002,1,1,0,s2,3
oracle,400.0,long_00037_4970-7176-1580,s3,gated_deflation,3,-14.953374771407201,6.036794369248421,15.996062470104018,2,2,0,s3,3
oracle,400.0,long_00037_4970-7176-1580,s1,coarse_to_fine,3,-36.77741668211767,9.668730203318361,8.83203659638055,,,0,s1,3
oracle,400.0,long_00037_4970-7176-1580,s2,coarse_to_fine,3,-4.912281601875429,4.45454737818519,8.843501897188531,,,0,s2,3
oracle,400.0,long_00037_4970-7176-1580,s3,coarse_to_fine,3,-71.71151094090645,8.294456298624146,9.88574150462917,,,0,s3,3
real,0.0,long_00037_4970-7176-1580,s1,no_recursion,3,-17.407227327706654,7.09247941060111,6.165116379938992,,,0,SPEAKER_02,3
real,0.0,long_00037_4970-7176-1580,s2,no_recursion,3,-11.783003686586346,-0.9677256383399233,4.333512837812554,,,0,SPEAKER_00,3
real,0.0,long_00037_4970-7176-1580,s3,no_recursion,3,-11.57309308202737,2.7879973782850858,3.4042516704699577,,,0,SPEAKER_01,3
real,0.0,long_00037_4970-7176-1580,s1,ungated_deflation,3,-15.742895610820362,6.748287774687735,5.563076807124428,1,1,0,SPEAKER_02,3
real,0.0,long_00037_4970-7176-1580,s2,ungated_deflation,3,-12.138118264641104,-1.6978128341717862,4.517444971478142,2,2,0,SPEAKER_00,3
real,0.0,long_00037_4970-7176-1580,s3,ungated_deflation,3,-11.57309308202737,2.7879973782850858,3.4042516704699577,0,0,0,SPEAKER_01,3
real,0.0,long_00037_4970-7176-1580,s1,gated_deflation,3,-15.742895610820362,6.748287774687735,5.563076807124428,1,1,0,SPEAKER_02,3
real,0.0,long_00037_4970-7176-1580,s2,gated_deflation,3,-12.138118264641104,-1.6978128341717862,4.517444971478142,2,2,0,SPEAKER_00,3
real,0.0,long_00037_4970-7176-1580,s3,gated_deflation,3,-11.57309308202737,2.7879973782850858,3.4042516704699577,0,0,0,SPEAKER_01,3
real,0.0,long_00037_4970-7176-1580,s1,coarse_to_fine,3,-17.407227327706654,7.09247941060111,6.165116379938992,,,0,SPEAKER_02,3
real,0.0,long_00037_4970-7176-1580,s2,coarse_to_fine,3,-11.783003686586346,-0.9677256383399233,4.333512837812554,,,0,SPEAKER_00,3
real,0.0,long_00037_4970-7176-1580,s3,coarse_to_fine,3,-11.57309308202737,2.7879973782850858,3.4042516704699577,,,0,SPEAKER_01,3
real,400.0,long_00037_4970-7176-1580,s1,no_recursion,3,-20.8855643397898,7.913243526942342,7.141524823153738,,,0,SPEAKER_02,3
real,400.0,long_00037_4970-7176-1580,s2,no_recursion,3,-7.04941784287898,3.671758354115957,7.425700563799068,,,0,SPEAKER_00,3
real,400.0,long_00037_4970-7176-1580,s3,no_recursion,3,-14.846151958139648,4.454597224545111,5.4975407500653795,,,0,SPEAKER_01,3
real,400.0,long_00037_4970-7176-1580,s1,ungated_deflation,3,-14.829929359919007,8.083485038737738,14.480436935538473,2,2,0,SPEAKER_02,3
real,400.0,long_00037_4970-7176-1580,s2,ungated_deflation,3,-7.04941784287898,3.671758354115957,7.425700563799068,0,0,0,SPEAKER_00,3
real,400.0,long_00037_4970-7176-1580,s3,ungated_deflation,3,-32.819389785483466,2.4536050945724255,10.687824909083613,1,1,0,SPEAKER_01,3
real,400.0,long_00037_4970-7176-1580,s1,gated_deflation,3,-14.829929359919007,8.083485038737738,14.480436935538473,2,2,0,SPEAKER_02,3
real,400.0,long_00037_4970-7176-1580,s2,gated_deflation,3,-7.04941784287898,3.671758354115957,7.425700563799068,0,0,0,SPEAKER_00,3
real,400.0,long_00037_4970-7176-1580,s3,gated_deflation,3,-32.819389785483466,2.4536050945724255,10.687824909083613,1,1,0,SPEAKER_01,3
real,400.0,long_00037_4970-7176-1580,s1,coarse_to_fine,3,-20.8855643397898,7.913243526942342,7.141524823153738,,,0,SPEAKER_02,3
real,400.0,long_00037_4970-7176-1580,s2,coarse_to_fine,3,-7.04941784287898,3.671758354115957,7.425700563799068,,,0,SPEAKER_00,3
real,400.0,long_00037_4970-7176-1580,s3,coarse_to_fine,3,-14.846151958139648,4.454597224545111,5.4975407500653795,,,0,SPEAKER_01,3
oracle,0.0,long_00038_6829-8224-5639,s1,no_recursion,3,-17.333594301842766,8.360593692216893,5.837680495260644,,,0,s1,3
oracle,0.0,long_00038_6829-8224-5639,s2,no_recursion,3,-11.469529115013382,5.304527658458835,4.38917432258121,,,0,s2,3
oracle,0.0,long_00038_6829-8224-5639,s3,no_recursion,3,-17.251636532895127,-1.2315577319248212,8.074893416471498,,,0,s3,3
oracle,0.0,long_00038_6829-8224-5639,s1,ungated_deflation,3,-17.333594301842766,8.360593692216893,5.837680495260644,0,0,0,s1,3
oracle,0.0,long_00038_6829-8224-5639,s2,ungated_deflation,3,-9.147399394619788,2.170291312030139,8.45112275034978,1,1,0,s2,3
oracle,0.0,long_00038_6829-8224-5639,s3,ungated_deflation,3,-26.75855281258864,-3.9942250583834538,20.014323875254206,2,2,0,s3,3
oracle,0.0,long_00038_6829-8224-5639,s1,gated_deflation,3,-17.333594301842766,8.360593692216893,5.837680495260644,0,0,0,s1,3
oracle,0.0,long_00038_6829-8224-5639,s2,gated_deflation,3,-9.147399394619788,2.170291312030139,8.45112275034978,1,1,0,s2,3
oracle,0.0,long_00038_6829-8224-5639,s3,gated_deflation,3,-26.75855281258864,-3.9942250583834538,20.014323875254206,2,2,0,s3,3
oracle,0.0,long_00038_6829-8224-5639,s1,coarse_to_fine,3,-17.333594301842766,8.360593692216893,5.837680495260644,,,0,s1,3
oracle,0.0,long_00038_6829-8224-5639,s2,coarse_to_fine,3,-11.469529115013382,5.304527658458835,4.38917432258121,,,0,s2,3
oracle,0.0,long_00038_6829-8224-5639,s3,coarse_to_fine,3,-17.251636532895127,-1.2315577319248212,8.074893416471498,,,0,s3,3
oracle,400.0,long_00038_6829-8224-5639,s1,no_recursion,3,-18.055159508863078,7.1932086639978765,6.0261919764619485,,,0,s1,3
oracle,400.0,long_00038_6829-8224-5639,s2,no_recursion,3,-10.87604756906049,3.5140536319266187,5.037709236042559,,,0,s2,3
oracle,400.0,long_00038_6829-8224-5639,s3,no_recursion,3,-17.312728538561746,-1.271641269008743,8.11839664003395,,,0,s3,3
oracle,400.0,long_00038_6829-8224-5639,s1,ungated_deflation,3,-18.055159508863078,7.1932086639978765,6.0261919764619485,0,0,0,s1,3
oracle,400.0,long_00038_6829-8224-5639,s2,ungated_deflation,3,-8.908230222007523,0.9112608915051867,9.07390046449121,1,1,0,s2,3
oracle,400.0,long_00038_6829-8224-5639,s3,ungated_deflation,3,-26.725706974495253,-4.003619470911479,20.028412912729756,2,2,0,s3,3
oracle,400.0,long_00038_6829-8224-5639,s1,gated_deflation,3,-18.055159508863078,7.1932086639978765,6.0261919764619485,0,0,0,s1,3
oracle,400.0,long_00038_6829-8224-5639,s2,gated_deflation,3,-8.908230222007523,0.9112608915051867,9.07390046449121,1,1,0,s2,3
oracle,400.0,long_00038_6829-8224-5639,s3,gated_deflation,3,-26.725706974495253,-4.003619470911479,20.028412912729756,2,2,0,s3,3
oracle,400.0,long_00038_6829-8224-5639,s1,coarse_to_fine,3,-18.055159508863078,7.1932086639978765,6.0261919764619485,,,0,s1,3
oracle,400.0,long_00038_6829-8224-5639,s2,coarse_to_fine,3,-10.87604756906049,3.5140536319266187,5.037709236042559,,,0,s2,3
oracle,400.0,long_00038_6829-8224-5639,s3,coarse_to_fine,3,-17.312728538561746,-1.271641269008743,8.11839664003395,,,0,s3,3
real,0.0,long_00038_6829-8224-5639,s1,no_recursion,3,-14.745467880800252,5.912715206430307,4.6701914907972855,,,0,SPEAKER_00,3
real,0.0,long_00038_6829-8224-5639,s2,no_recursion,3,-18.017872143079142,0.8200663977991501,1.8012257165736536,,,0,SPEAKER_01,3
real,0.0,long_00038_6829-8224-5639,s3,no_recursion,3,-15.672835423380906,-0.9517726671096609,7.326145194371435,,,0,SPEAKER_02,3
real,0.0,long_00038_6829-8224-5639,s1,ungated_deflation,3,-14.745467880800252,5.912715206430307,4.6701914907972855,0,0,0,SPEAKER_00,3
real,0.0,long_00038_6829-8224-5639,s2,ungated_deflation,3,-8.194664749147966,1.0070064424300684,12.137516089507743,2,2,0,SPEAKER_01,3
real,0.0,long_00038_6829-8224-5639,s3,ungated_deflation,3,-21.630881585544756,-4.82161834099962,8.690104108216747,1,1,0,SPEAKER_02,3
real,0.0,long_00038_6829-8224-5639,s1,gated_deflation,3,-14.745467880800252,5.912715206430307,4.6701914907972855,0,0,0,SPEAKER_00,3
real,0.0,long_00038_6829-8224-5639,s2,gated_deflation,3,-8.194664749147966,1.0070064424300684,12.137516089507743,2,2,0,SPEAKER_01,3
real,0.0,long_00038_6829-8224-5639,s3,gated_deflation,3,-21.630881585544756,-4.82161834099962,8.690104108216747,1,1,0,SPEAKER_02,3
real,0.0,long_00038_6829-8224-5639,s1,coarse_to_fine,3,-14.745467880800252,5.912715206430307,4.6701914907972855,,,0,SPEAKER_00,3
real,0.0,long_00038_6829-8224-5639,s2,coarse_to_fine,3,-18.017872143079142,0.8200663977991501,1.8012257165736536,,,0,SPEAKER_01,3
real,0.0,long_00038_6829-8224-5639,s3,coarse_to_fine,3,-15.672835423380906,-0.9517726671096609,7.326145194371435,,,0,SPEAKER_02,3
real,400.0,long_00038_6829-8224-5639,s1,no_recursion,3,-17.267552830041232,7.377597245709921,5.744934166258618,,,0,SPEAKER_00,3
real,400.0,long_00038_6829-8224-5639,s2,no_recursion,3,-13.198700915038541,3.4527439604219397,3.593921735222039,,,0,SPEAKER_01,3
real,400.0,long_00038_6829-8224-5639,s3,no_recursion,3,-15.608215162782606,-0.4884167460945052,7.505155571772567,,,0,SPEAKER_02,3
real,400.0,long_00038_6829-8224-5639,s1,ungated_deflation,3,-17.267552830041232,7.377597245709921,5.744934166258618,0,0,0,SPEAKER_00,3
real,400.0,long_00038_6829-8224-5639,s2,ungated_deflation,3,-7.368362288876229,1.6721684249427646,12.85366288726815,2,2,0,SPEAKER_01,3
real,400.0,long_00038_6829-8224-5639,s3,ungated_deflation,3,-22.334762456404754,-4.477803013807778,9.175636984401471,1,1,0,SPEAKER_02,3
real,400.0,long_00038_6829-8224-5639,s1,gated_deflation,3,-17.267552830041232,7.377597245709921,5.744934166258618,0,0,0,SPEAKER_00,3
real,400.0,long_00038_6829-8224-5639,s2,gated_deflation,3,-7.368362288876229,1.6721684249427646,12.85366288726815,2,2,0,SPEAKER_01,3
real,400.0,long_00038_6829-8224-5639,s3,gated_deflation,3,-22.334762456404754,-4.477803013807778,9.175636984401471,1,1,0,SPEAKER_02,3
real,400.0,long_00038_6829-8224-5639,s1,coarse_to_fine,3,-17.267552830041232,7.377597245709921,5.744934166258618,,,0,SPEAKER_00,3
real,400.0,long_00038_6829-8224-5639,s2,coarse_to_fine,3,-13.198700915038541,3.4527439604219397,3.593921735222039,,,0,SPEAKER_01,3
real,400.0,long_00038_6829-8224-5639,s3,coarse_to_fine,3,-15.608215162782606,-0.4884167460945052,7.505155571772567,,,0,SPEAKER_02,3
oracle,0.0,long_00039_2961-4992-61,s1,no_recursion,3,-13.073616336887746,4.318958267281665,11.363581266195196,,,0,s1,3
oracle,0.0,long_00039_2961-4992-61,s2,no_recursion,3,-10.383728272494114,5.041445439564807,8.675815235509544,,,0,s2,3
oracle,0.0,long_00039_2961-4992-61,s3,no_recursion,3,-22.661092118941397,7.57401937857706,6.158778682905309,,,0,s3,3
oracle,0.0,long_00039_2961-4992-61,s1,ungated_deflation,3,-13.073616336887746,4.318958267281665,11.363581266195196,0,0,0,s1,3
oracle,0.0,long_00039_2961-4992-61,s2,ungated_deflation,3,-7.781306556855467,2.617795531499157,16.32092493592819,1,1,0,s2,3
oracle,0.0,long_00039_2961-4992-61,s3,ungated_deflation,3,-11.630358198123682,5.608345710466454,17.22692010025839,2,2,0,s3,3
oracle,0.0,long_00039_2961-4992-61,s1,gated_deflation,3,-13.073616336887746,4.318958267281665,11.363581266195196,0,0,0,s1,3
oracle,0.0,long_00039_2961-4992-61,s2,gated_deflation,3,-7.781306556855467,2.617795531499157,16.32092493592819,1,1,0,s2,3
oracle,0.0,long_00039_2961-4992-61,s3,gated_deflation,3,-11.630358198123682,5.608345710466454,17.22692010025839,2,2,0,s3,3
oracle,0.0,long_00039_2961-4992-61,s1,coarse_to_fine,3,-13.073616336887746,4.318958267281665,11.363581266195196,,,0,s1,3
oracle,0.0,long_00039_2961-4992-61,s2,coarse_to_fine,3,-10.383728272494114,5.041445439564807,8.675815235509544,,,0,s2,3
oracle,0.0,long_00039_2961-4992-61,s3,coarse_to_fine,3,-22.661092118941397,7.57401937857706,6.158778682905309,,,0,s3,3
oracle,400.0,long_00039_2961-4992-61,s1,no_recursion,3,-11.132923857585126,-3.3734498950670644,14.41647436947014,,,0,s1,3
oracle,400.0,long_00039_2961-4992-61,s2,no_recursion,3,-9.95728820309869,3.156569526496278,9.284492984455243,,,0,s2,3
oracle,400.0,long_00039_2961-4992-61,s3,no_recursion,3,-24.31839210735096,5.36531866253838,6.396557671465216,,,0,s3,3
oracle,400.0,long_00039_2961-4992-61,s1,ungated_deflation,3,-11.132923857585126,-3.3734498950670644,14.41647436947014,0,0,0,s1,3
oracle,400.0,long_00039_2961-4992-61,s2,ungated_deflation,3,-7.612349678204275,1.1619977336867244,17.003414971043604,1,1,0,s2,3
oracle,400.0,long_00039_2961-4992-61,s3,ungated_deflation,3,-11.453797956440738,3.6757916557382893,17.61634265193014,2,2,0,s3,3
oracle,400.0,long_00039_2961-4992-61,s1,gated_deflation,3,-11.132923857585126,-3.3734498950670644,14.41647436947014,0,0,0,s1,3
oracle,400.0,long_00039_2961-4992-61,s2,gated_deflation,3,-7.612349678204275,1.1619977336867244,17.003414971043604,1,1,0,s2,3
oracle,400.0,long_00039_2961-4992-61,s3,gated_deflation,3,-11.453797956440738,3.6757916557382893,17.61634265193014,2,2,0,s3,3
oracle,400.0,long_00039_2961-4992-61,s1,coarse_to_fine,3,-11.132923857585126,-3.3734498950670644,14.41647436947014,,,0,s1,3
oracle,400.0,long_00039_2961-4992-61,s2,coarse_to_fine,3,-9.95728820309869,3.156569526496278,9.284492984455243,,,0,s2,3
oracle,400.0,long_00039_2961-4992-61,s3,coarse_to_fine,3,-24.31839210735096,5.36531866253838,6.396557671465216,,,0,s3,3
real,0.0,long_00039_2961-4992-61,s1,no_recursion,3,-18.350563648274164,0.9604287901566662,8.8670823293587,,,0,SPEAKER_01,3
real,0.0,long_00039_2961-4992-61,s2,no_recursion,3,-15.11390172993072,2.640335776579313,5.677189315599405,,,0,SPEAKER_00,3
real,0.0,long_00039_2961-4992-61,s3,no_recursion,3,-21.08122635461669,3.8472435644800407,5.562964410493291,,,0,SPEAKER_02,3
real,0.0,long_00039_2961-4992-61,s1,ungated_deflation,3,-11.817716452127705,0.05052078430744588,18.736516246735967,1,1,0,SPEAKER_01,3
real,0.0,long_00039_2961-4992-61,s2,ungated_deflation,3,-15.11390172993072,2.640335776579313,5.677189315599405,0,0,0,SPEAKER_00,3
real,0.0,long_00039_2961-4992-61,s3,ungated_deflation,3,-17.843907330177746,2.8007536427372663,12.262386709665911,2,2,0,SPEAKER_02,3
real,0.0,long_00039_2961-4992-61,s1,gated_deflation,3,-11.817716452127705,0.05052078430744588,18.736516246735967,1,1,0,SPEAKER_01,3
real,0.0,long_00039_2961-4992-61,s2,gated_deflation,3,-15.11390172993072,2.640335776579313,5.677189315599405,0,0,0,SPEAKER_00,3
real,0.0,long_00039_2961-4992-61,s3,gated_deflation,3,-17.843907330177746,2.8007536427372663,12.262386709665911,2,2,0,SPEAKER_02,3
real,0.0,long_00039_2961-4992-61,s1,coarse_to_fine,3,-18.350563648274164,0.9604287901566662,8.8670823293587,,,0,SPEAKER_01,3
real,0.0,long_00039_2961-4992-61,s2,coarse_to_fine,3,-15.11390172993072,2.640335776579313,5.677189315599405,,,0,SPEAKER_00,3
real,0.0,long_00039_2961-4992-61,s3,coarse_to_fine,3,-21.08122635461669,3.8472435644800407,5.562964410493291,,,0,SPEAKER_02,3
real,400.0,long_00039_2961-4992-61,s1,no_recursion,3,-14.674191478699454,2.9839757044173716,10.545892842885314,,,0,SPEAKER_01,3
real,400.0,long_00039_2961-4992-61,s2,no_recursion,3,-11.962487606143359,4.653859987766769,7.288556961765206,,,0,SPEAKER_00,3
real,400.0,long_00039_2961-4992-61,s3,no_recursion,3,-27.17832065061513,5.768727357266281,6.721056139616795,,,0,SPEAKER_02,3
real,400.0,long_00039_2961-4992-61,s1,ungated_deflation,3,-11.144584863856338,0.6810581485119074,19.461434185092557,1,1,0,SPEAKER_01,3
real,400.0,long_00039_2961-4992-61,s2,ungated_deflation,3,-11.962487606143359,4.653859987766769,7.288556961765206,0,0,0,SPEAKER_00,3
real,400.0,long_00039_2961-4992-61,s3,ungated_deflation,3,-15.975022958720054,3.7134304767125554,13.225685130360883,2,2,0,SPEAKER_02,3
real,400.0,long_00039_2961-4992-61,s1,gated_deflation,3,-11.144584863856338,0.6810581485119074,19.461434185092557,1,1,0,SPEAKER_01,3
real,400.0,long_00039_2961-4992-61,s2,gated_deflation,3,-11.962487606143359,4.653859987766769,7.288556961765206,0,0,0,SPEAKER_00,3
real,400.0,long_00039_2961-4992-61,s3,gated_deflation,3,-15.975022958720054,3.7134304767125554,13.225685130360883,2,2,0,SPEAKER_02,3
real,400.0,long_00039_2961-4992-61,s1,coarse_to_fine,3,-14.674191478699454,2.9839757044173716,10.545892842885314,,,0,SPEAKER_01,3
real,400.0,long_00039_2961-4992-61,s2,coarse_to_fine,3,-11.962487606143359,4.653859987766769,7.288556961765206,,,0,SPEAKER_00,3
real,400.0,long_00039_2961-4992-61,s3,coarse_to_fine,3,-27.17832065061513,5.768727357266281,6.721056139616795,,,0,SPEAKER_02,3
oracle,0.0,long_00040_8463-2300-2094,s1,no_recursion,3,-32.30872252767573,7.236131059604963,9.240627929963534,,,0,s1,3
oracle,0.0,long_00040_8463-2300-2094,s2,no_recursion,3,-5.300201553117443,6.710674072542386,10.516974940159844,,,0,s2,3
oracle,0.0,long_00040_8463-2300-2094,s3,no_recursion,3,-37.768457252222625,2.948476659417322,3.953107599608376,,,0,s3,3
oracle,0.0,long_00040_8463-2300-2094,s1,ungated_deflation,3,-32.30872252767573,7.236131059604963,9.240627929963534,0,0,0,s1,3
oracle,0.0,long_00040_8463-2300-2094,s2,ungated_deflation,3,-5.986071355424971,4.990039323063712,10.465413800428012,1,1,0,s2,3
oracle,0.0,long_00040_8463-2300-2094,s3,ungated_deflation,3,-12.783228059120944,0.7534338968877115,13.583943332995092,2,2,0,s3,3
oracle,0.0,long_00040_8463-2300-2094,s1,gated_deflation,3,-32.30872252767573,7.236131059604963,9.240627929963534,0,0,0,s1,3
oracle,0.0,long_00040_8463-2300-2094,s2,gated_deflation,3,-5.986071355424971,4.990039323063712,10.465413800428012,1,1,0,s2,3
oracle,0.0,long_00040_8463-2300-2094,s3,gated_deflation,3,-12.783228059120944,0.7534338968877115,13.583943332995092,2,2,0,s3,3
oracle,0.0,long_00040_8463-2300-2094,s1,coarse_to_fine,3,-32.30872252767573,7.236131059604963,9.240627929963534,,,0,s1,3
oracle,0.0,long_00040_8463-2300-2094,s2,coarse_to_fine,3,-5.300201553117443,6.710674072542386,10.516974940159844,,,0,s2,3
oracle,0.0,long_00040_8463-2300-2094,s3,coarse_to_fine,3,-37.768457252222625,2.948476659417322,3.953107599608376,,,0,s3,3
oracle,400.0,long_00040_8463-2300-2094,s1,no_recursion,3,-28.207841743013947,4.547529047140373,9.630033729697491,,,0,s1,3
oracle,400.0,long_00040_8463-2300-2094,s2,no_recursion,3,-4.806456334666118,1.0116584520418797,12.317625888628395,,,0,s2,3
oracle,400.0,long_00040_8463-2300-2094,s3,no_recursion,3,-48.65337281836817,1.8898540070874847,4.354428619053498,,,0,s3,3
oracle,400.0,long_00040_8463-2300-2094,s1,ungated_deflation,3,-28.207841743013947,4.547529047140373,9.630033729697491,0,0,0,s1,3
oracle,400.0,long_00040_8463-2300-2094,s2,ungated_deflation,3,-5.456397947357506,0.735766251340634,12.174599049732308,1,1,0,s2,3
oracle,400.0,long_00040_8463-2300-2094,s3,ungated_deflation,3,-12.60149175384284,0.18985131454453863,13.87754370206544,2,2,0,s3,3
oracle,400.0,long_00040_8463-2300-2094,s1,gated_deflation,3,-28.207841743013947,4.547529047140373,9.630033729697491,0,0,0,s1,3
oracle,400.0,long_00040_8463-2300-2094,s2,gated_deflation,3,-5.456397947357506,0.735766251340634,12.174599049732308,1,1,0,s2,3
oracle,400.0,long_00040_8463-2300-2094,s3,gated_deflation,3,-12.60149175384284,0.18985131454453863,13.87754370206544,2,2,0,s3,3
oracle,400.0,long_00040_8463-2300-2094,s1,coarse_to_fine,3,-28.207841743013947,4.547529047140373,9.630033729697491,,,0,s1,3
oracle,400.0,long_00040_8463-2300-2094,s2,coarse_to_fine,3,-4.806456334666118,1.0116584520418797,12.317625888628395,,,0,s2,3
oracle,400.0,long_00040_8463-2300-2094,s3,coarse_to_fine,3,-48.65337281836817,1.8898540070874847,4.354428619053498,,,0,s3,3
real,0.0,long_00040_8463-2300-2094,s1,no_recursion,3,-23.140356130726456,5.306370843490864,6.9365174357723305,,,0,SPEAKER_01,3
real,0.0,long_00040_8463-2300-2094,s2,no_recursion,3,-9.111028458705873,1.9884533811435434,7.360391651618436,,,0,SPEAKER_00,3
real,0.0,long_00040_8463-2300-2094,s3,no_recursion,3,-22.420609458788018,2.366901335278897,2.483352012165767,,,0,SPEAKER_02,3
real,0.0,long_00040_8463-2300-2094,s1,ungated_deflation,3,-15.870459151180611,4.203169444556444,14.389542101220247,2,2,0,SPEAKER_01,3
real,0.0,long_00040_8463-2300-2094,s2,ungated_deflation,3,-9.36599433639747,-0.6900282891334333,10.408055226781876,1,1,0,SPEAKER_00,3
real,0.0,long_00040_8463-2300-2094,s3,ungated_deflation,3,-22.420609458788018,2.366901335278897,2.483352012165767,0,0,0,SPEAKER_02,3
real,0.0,long_00040_8463-2300-2094,s1,gated_deflation,3,-15.870459151180611,4.203169444556444,14.389542101220247,2,2,0,SPEAKER_01,3
real,0.0,long_00040_8463-2300-2094,s2,gated_deflation,3,-9.36599433639747,-0.6900282891334333,10.408055226781876,1,1,0,SPEAKER_00,3
real,0.0,long_00040_8463-2300-2094,s3,gated_deflation,3,-22.420609458788018,2.366901335278897,2.483352012165767,0,0,0,SPEAKER_02,3
real,0.0,long_00040_8463-2300-2094,s1,coarse_to_fine,3,-23.140356130726456,5.306370843490864,6.9365174357723305,,,0,SPEAKER_01,3
real,0.0,long_00040_8463-2300-2094,s2,coarse_to_fine,3,-9.111028458705873,1.9884533811435434,7.360391651618436,,,0,SPEAKER_00,3
real,0.0,long_00040_8463-2300-2094,s3,coarse_to_fine,3,-22.420609458788018,2.366901335278897,2.483352012165767,,,0,SPEAKER_02,3
real,400.0,long_00040_8463-2300-2094,s1,no_recursion,3,-29.05045749917903,6.224857009802464,7.789613920481627,,,0,SPEAKER_01,3
real,400.0,long_00040_8463-2300-2094,s2,no_recursion,3,-6.613354755388042,2.7221529387650074,9.838986735865522,,,0,SPEAKER_00,3
real,400.0,long_00040_8463-2300-2094,s3,no_recursion,3,-25.40504246122382,2.688091211790036,3.0011985249198094,,,0,SPEAKER_02,3
real,400.0,long_00040_8463-2300-2094,s1,ungated_deflation,3,-15.14416275371113,4.844001697170184,14.707484140006251,2,2,0,SPEAKER_01,3
real,400.0,long_00040_8463-2300-2094,s2,ungated_deflation,3,-7.643300978273215,-0.0018728545547101261,12.376373416694681,1,1,0,SPEAKER_00,3
real,400.0,long_00040_8463-2300-2094,s3,ungated_deflation,3,-25.40504246122382,2.688091211790036,3.0011985249198094,0,0,0,SPEAKER_02,3
real,400.0,long_00040_8463-2300-2094,s1,gated_deflation,3,-15.14416275371113,4.844001697170184,14.707484140006251,2,2,0,SPEAKER_01,3
real,400.0,long_00040_8463-2300-2094,s2,gated_deflation,3,-7.643300978273215,-0.0018728545547101261,12.376373416694681,1,1,0,SPEAKER_00,3
real,400.0,long_00040_8463-2300-2094,s3,gated_deflation,3,-25.40504246122382,2.688091211790036,3.0011985249198094,0,0,0,SPEAKER_02,3
real,400.0,long_00040_8463-2300-2094,s1,coarse_to_fine,3,-29.05045749917903,6.224857009802464,7.789613920481627,,,0,SPEAKER_01,3
real,400.0,long_00040_8463-2300-2094,s2,coarse_to_fine,3,-6.613354755388042,2.7221529387650074,9.838986735865522,,,0,SPEAKER_00,3
real,400.0,long_00040_8463-2300-2094,s3,coarse_to_fine,3,-25.40504246122382,2.688091211790036,3.0011985249198094,,,0,SPEAKER_02,3
oracle,0.0,long_00041_1089-5142-6829,s1,no_recursion,3,-16.766716097092736,8.006549718216556,9.742265747709846,,,0,s1,3
oracle,0.0,long_00041_1089-5142-6829,s2,no_recursion,3,-4.434459543087818,3.1782169040414345,10.053822114164028,,,0,s2,3
oracle,0.0,long_00041_1089-5142-6829,s3,no_recursion,3,-14.303024498734116,9.742468730505912,10.728158498811823,,,0,s3,3
oracle,0.0,long_00041_1089-5142-6829,s1,ungated_deflation,3,-16.766716097092736,8.006549718216556,9.742265747709846,0,0,0,s1,3
oracle,0.0,long_00041_1089-5142-6829,s2,ungated_deflation,3,-4.439192847801149,1.0457135124561032,17.751756361048606,1,1,0,s2,3
oracle,0.0,long_00041_1089-5142-6829,s3,ungated_deflation,3,-7.220492671484334,7.659909643298723,23.46857722658894,2,2,0,s3,3
oracle,0.0,long_00041_1089-5142-6829,s1,gated_deflation,3,-16.766716097092736,8.006549718216556,9.742265747709846,0,0,0,s1,3
oracle,0.0,long_00041_1089-5142-6829,s2,gated_deflation,3,-4.439192847801149,1.0457135124561032,17.751756361048606,1,1,0,s2,3
oracle,0.0,long_00041_1089-5142-6829,s3,gated_deflation,3,-7.220492671484334,7.659909643298723,23.46857722658894,2,2,0,s3,3
oracle,0.0,long_00041_1089-5142-6829,s1,coarse_to_fine,3,-16.766716097092736,8.006549718216556,9.742265747709846,,,0,s1,3
oracle,0.0,long_00041_1089-5142-6829,s2,coarse_to_fine,3,-4.434459543087818,3.1782169040414345,10.053822114164028,,,0,s2,3
oracle,0.0,long_00041_1089-5142-6829,s3,coarse_to_fine,3,-14.303024498734116,9.742468730505912,10.728158498811823,,,0,s3,3
oracle,400.0,long_00041_1089-5142-6829,s1,no_recursion,3,-16.547356051694535,6.773879875765933,9.861632245231151,,,0,s1,3
oracle,400.0,long_00041_1089-5142-6829,s2,no_recursion,3,-4.194796064706574,0.9694559104877898,11.341919838029531,,,0,s2,3
oracle,400.0,long_00041_1089-5142-6829,s3,no_recursion,3,-13.337502485053584,4.399210419526005,11.479949175183297,,,0,s3,3
oracle,400.0,long_00041_1089-5142-6829,s1,ungated_deflation,3,-16.547356051694535,6.773879875765933,9.861632245231151,0,0,0,s1,3
oracle,400.0,long_00041_1089-5142-6829,s2,ungated_deflation,3,-4.346705082299044,-0.6619533728670521,19.166190520769295,1,1,0,s2,3
oracle,400.0,long_00041_1089-5142-6829,s3,ungated_deflation,3,-7.239809568104329,3.219701976254918,23.86797686408346,2,2,0,s3,3
oracle,400.0,long_00041_1089-5142-6829,s1,gated_deflation,3,-16.547356051694535,6.773879875765933,9.861632245231151,0,0,0,s1,3
oracle,400.0,long_00041_1089-5142-6829,s2,gated_deflation,3,-4.346705082299044,-0.6619533728670521,19.166190520769295,1,1,0,s2,3
oracle,400.0,long_00041_1089-5142-6829,s3,gated_deflation,3,-7.239809568104329,3.219701976254918,23.86797686408346,2,2,0,s3,3
oracle,400.0,long_00041_1089-5142-6829,s1,coarse_to_fine,3,-16.547356051694535,6.773879875765933,9.861632245231151,,,0,s1,3
oracle,400.0,long_00041_1089-5142-6829,s2,coarse_to_fine,3,-4.194796064706574,0.9694559104877898,11.341919838029531,,,0,s2,3
oracle,400.0,long_00041_1089-5142-6829,s3,coarse_to_fine,3,-13.337502485053584,4.399210419526005,11.479949175183297,,,0,s3,3
real,0.0,long_00041_1089-5142-6829,s1,no_recursion,3,-20.267339182868255,5.91504138844512,8.7029131186176,,,0,SPEAKER_00,3
real,0.0,long_00041_1089-5142-6829,s2,no_recursion,3,-5.98051214318851,1.456834579300441,8.391529265782665,,,0,SPEAKER_01,3
real,0.0,long_00041_1089-5142-6829,s3,no_recursion,3,-19.75050280492173,5.8363309290889545,8.809449370609432,,,0,SPEAKER_02,3
real,0.0,long_00041_1089-5142-6829,s1,ungated_deflation,3,-20.339442393060445,5.700628490686016,8.706409856220866,1,1,0,SPEAKER_00,3
real,0.0,long_00041_1089-5142-6829,s2,ungated_deflation,3,-3.815145102310169,1.5644227976684921,20.60927731587947,2,2,0,SPEAKER_01,3
real,0.0,long_00041_1089-5142-6829,s3,ungated_deflation,3,-19.75050280492173,5.8363309290889545,8.809449370609432,0,0,0,SPEAKER_02,3
real,0.0,long_00041_1089-5142-6829,s1,gated_deflation,3,-20.339442393060445,5.700628490686016,8.706409856220866,1,1,0,SPEAKER_00,3
real,0.0,long_00041_1089-5142-6829,s2,gated_deflation,3,-6.061691528702391,-0.6607668115140419,14.965633532190948,2,1,0,SPEAKER_01,3
real,0.0,long_00041_1089-5142-6829,s3,gated_deflation,3,-19.75050280492173,5.8363309290889545,8.809449370609432,0,0,0,SPEAKER_02,3
real,0.0,long_00041_1089-5142-6829,s1,coarse_to_fine,3,-20.267339182868255,5.91504138844512,8.7029131186176,,,0,SPEAKER_00,3
real,0.0,long_00041_1089-5142-6829,s2,coarse_to_fine,3,-5.98051214318851,1.456834579300441,8.391529265782665,,,0,SPEAKER_01,3
real,0.0,long_00041_1089-5142-6829,s3,coarse_to_fine,3,-19.75050280492173,5.8363309290889545,8.809449370609432,,,0,SPEAKER_02,3
real,400.0,long_00041_1089-5142-6829,s1,no_recursion,3,-16.620433944067173,7.846650377002655,9.792755506912572,,,0,SPEAKER_00,3
real,400.0,long_00041_1089-5142-6829,s2,no_recursion,3,-4.321009084768645,3.3287850739353435,10.02644645986107,,,0,SPEAKER_01,3
real,400.0,long_00041_1089-5142-6829,s3,no_recursion,3,-14.532908431820141,5.181609652214238,10.804768124734814,,,0,SPEAKER_02,3
real,400.0,long_00041_1089-5142-6829,s1,ungated_deflation,3,-16.620433944067173,7.846650377002655,9.792755506912572,0,0,0,SPEAKER_00,3
real,400.0,long_00041_1089-5142-6829,s2,ungated_deflation,3,-4.675409285832234,0.7523072330336679,17.29950028071054,1,1,0,SPEAKER_01,3
real,400.0,long_00041_1089-5142-6829,s3,ungated_deflation,3,-8.051772843614337,3.7227401140177157,22.671825852606094,2,2,0,SPEAKER_02,3
real,400.0,long_00041_1089-5142-6829,s1,gated_deflation,3,-16.620433944067173,7.846650377002655,9.792755506912572,0,0,0,SPEAKER_00,3
real,400.0,long_00041_1089-5142-6829,s2,gated_deflation,3,-4.675409285832234,0.7523072330336679,17.29950028071054,1,1,0,SPEAKER_01,3
real,400.0,long_00041_1089-5142-6829,s3,gated_deflation,3,-8.051772843614337,3.7227401140177157,22.671825852606094,2,2,0,SPEAKER_02,3
real,400.0,long_00041_1089-5142-6829,s1,coarse_to_fine,3,-16.620433944067173,7.846650377002655,9.792755506912572,,,0,SPEAKER_00,3
real,400.0,long_00041_1089-5142-6829,s2,coarse_to_fine,3,-4.321009084768645,3.3287850739353435,10.02644645986107,,,0,SPEAKER_01,3
real,400.0,long_00041_1089-5142-6829,s3,coarse_to_fine,3,-14.532908431820141,5.181609652214238,10.804768124734814,,,0,SPEAKER_02,3
oracle,0.0,long_00042_1320-7176-8555,s1,no_recursion,3,-50.68846756458556,7.007279300074501,11.041983164868409,,,0,s1,3
oracle,0.0,long_00042_1320-7176-8555,s2,no_recursion,3,-8.90652825707853,2.073519284544263,5.377425896304867,,,0,s2,3
oracle,0.0,long_00042_1320-7176-8555,s3,no_recursion,3,-17.190130063846023,5.222047112105631,8.42502145191474,,,0,s3,3
oracle,0.0,long_00042_1320-7176-8555,s1,ungated_deflation,3,-50.68846756458556,7.007279300074501,11.041983164868409,0,0,0,s1,3
oracle,0.0,long_00042_1320-7176-8555,s2,ungated_deflation,3,-8.55451597432144,-1.7535027584924803,12.48834573872837,1,1,0,s2,3
oracle,0.0,long_00042_1320-7176-8555,s3,ungated_deflation,3,-16.973373744649574,0.4527271707344488,10.106299341098438,2,2,0,s3,3
oracle,0.0,long_00042_1320-7176-8555,s1,gated_deflation,3,-50.68846756458556,7.007279300074501,11.041983164868409,0,0,0,s1,3
oracle,0.0,long_00042_1320-7176-8555,s2,gated_deflation,3,-8.55451597432144,-1.7535027584924803,12.48834573872837,1,1,0,s2,3
oracle,0.0,long_00042_1320-7176-8555,s3,gated_deflation,3,-16.973373744649574,0.4527271707344488,10.106299341098438,2,2,0,s3,3
oracle,0.0,long_00042_1320-7176-8555,s1,coarse_to_fine,3,-50.68846756458556,7.007279300074501,11.041983164868409,,,0,s1,3
oracle,0.0,long_00042_1320-7176-8555,s2,coarse_to_fine,3,-8.90652825707853,2.073519284544263,5.377425896304867,,,0,s2,3
oracle,0.0,long_00042_1320-7176-8555,s3,coarse_to_fine,3,-17.190130063846023,5.222047112105631,8.42502145191474,,,0,s3,3
oracle,400.0,long_00042_1320-7176-8555,s1,no_recursion,3,-35.8724885604918,4.471672959542448,11.41516475548464,,,0,s1,3
oracle,400.0,long_00042_1320-7176-8555,s2,no_recursion,3,-8.046726200493378,-0.6073911599177764,7.392677949851619,,,0,s2,3
oracle,400.0,long_00042_1320-7176-8555,s3,no_recursion,3,-16.595722207652194,2.823381719079998,8.788297439296596,,,0,s3,3
oracle,400.0,long_00042_1320-7176-8555,s1,ungated_deflation,3,-35.8724885604918,4.471672959542448,11.41516475548464,0,0,0,s1,3
oracle,400.0,long_00042_1320-7176-8555,s2,ungated_deflation,3,-8.085304505632854,-3.53503718289869,14.945081754413991,1,1,0,s2,3
oracle,400.0,long_00042_1320-7176-8555,s3,ungated_deflation,3,-16.488754260756266,0.3429795210058908,10.407338316880706,2,2,0,s3,3
oracle,400.0,long_00042_1320-7176-8555,s1,gated_deflation,3,-35.8724885604918,4.471672959542448,11.41516475548464,0,0,0,s1,3
oracle,400.0,long_00042_1320-7176-8555,s2,gated_deflation,3,-8.085304505632854,-3.53503718289869,14.945081754413991,1,1,0,s2,3
oracle,400.0,long_00042_1320-7176-8555,s3,gated_deflation,3,-16.488754260756266,0.3429795210058908,10.407338316880706,2,2,0,s3,3
oracle,400.0,long_00042_1320-7176-8555,s1,coarse_to_fine,3,-35.8724885604918,4.471672959542448,11.41516475548464,,,0,s1,3
oracle,400.0,long_00042_1320-7176-8555,s2,coarse_to_fine,3,-8.046726200493378,-0.6073911599177764,7.392677949851619,,,0,s2,3
oracle,400.0,long_00042_1320-7176-8555,s3,coarse_to_fine,3,-16.595722207652194,2.823381719079998,8.788297439296596,,,0,s3,3
real,0.0,long_00042_1320-7176-8555,s1,no_recursion,3,-30.725052242777995,3.214806252819863,10.008129258626157,,,0,SPEAKER_01,3
real,0.0,long_00042_1320-7176-8555,s2,no_recursion,3,-11.215344950408477,0.11409514854011321,3.8545014962999486,,,0,SPEAKER_02,3
real,0.0,long_00042_1320-7176-8555,s3,no_recursion,3,-18.35408512175912,1.2964110927392678,1.9859349498321797,,,0,SPEAKER_00,3
real,0.0,long_00042_1320-7176-8555,s1,ungated_deflation,3,-14.471156589398056,2.758446167460144,22.377876403098796,2,2,0,SPEAKER_01,3
real,0.0,long_00042_1320-7176-8555,s2,ungated_deflation,3,-8.74387809834897,0.7008657322163503,6.917146540120301,1,1,0,SPEAKER_02,3
real,0.0,long_00042_1320-7176-8555,s3,ungated_deflation,3,-18.35408512175912,1.2964110927392678,1.9859349498321797,0,0,0,SPEAKER_00,3
real,0.0,long_00042_1320-7176-8555,s1,gated_deflation,3,-14.471156589398056,2.758446167460144,22.377876403098796,2,2,0,SPEAKER_01,3
real,0.0,long_00042_1320-7176-8555,s2,gated_deflation,3,-8.74387809834897,0.7008657322163503,6.917146540120301,1,1,0,SPEAKER_02,3
real,0.0,long_00042_1320-7176-8555,s3,gated_deflation,3,-18.35408512175912,1.2964110927392678,1.9859349498321797,0,0,0,SPEAKER_00,3
real,0.0,long_00042_1320-7176-8555,s1,coarse_to_fine,3,-30.725052242777995,3.214806252819863,10.008129258626157,,,0,SPEAKER_01,3
real,0.0,long_00042_1320-7176-8555,s2,coarse_to_fine,3,-11.215344950408477,0.11409514854011321,3.8545014962999486,,,0,SPEAKER_02,3
real,0.0,long_00042_1320-7176-8555,s3,coarse_to_fine,3,-18.35408512175912,1.2964110927392678,1.9859349498321797,,,0,SPEAKER_00,3
real,400.0,long_00042_1320-7176-8555,s1,no_recursion,3,-43.14744997308548,4.6775223630896825,10.747566308895436,,,0,SPEAKER_01,3
real,400.0,long_00042_1320-7176-8555,s2,no_recursion,3,-9.664974083077261,1.6592588015513514,4.63610615260893,,,0,SPEAKER_02,3
real,400.0,long_00042_1320-7176-8555,s3,no_recursion,3,-23.706210848830178,-0.2031228880508854,3.16774643119371,,,0,SPEAKER_00,3
real,400.0,long_00042_1320-7176-8555,s1,ungated_deflation,3,-43.14744997308548,4.6775223630896825,10.747566308895436,0,0,0,SPEAKER_01,3
real,400.0,long_00042_1320-7176-8555,s2,ungated_deflation,3,-7.094526836903825,-0.3843307593770676,14.312757834162088,1,1,0,SPEAKER_02,3
real,400.0,long_00042_1320-7176-8555,s3,ungated_deflation,3,-81.3803713199252,-2.83113798821432,4.955044342554094,2,2,0,SPEAKER_00,3
real,400.0,long_00042_1320-7176-8555,s1,gated_deflation,3,-43.14744997308548,4.6775223630896825,10.747566308895436,0,0,0,SPEAKER_01,3
real,400.0,long_00042_1320-7176-8555,s2,gated_deflation,3,-7.094526836903825,-0.3843307593770676,14.312757834162088,1,1,0,SPEAKER_02,3
real,400.0,long_00042_1320-7176-8555,s3,gated_deflation,3,-81.3803713199252,-2.83113798821432,4.955044342554094,2,2,0,SPEAKER_00,3
real,400.0,long_00042_1320-7176-8555,s1,coarse_to_fine,3,-43.14744997308548,4.6775223630896825,10.747566308895436,,,0,SPEAKER_01,3
real,400.0,long_00042_1320-7176-8555,s2,coarse_to_fine,3,-9.664974083077261,1.6592588015513514,4.63610615260893,,,0,SPEAKER_02,3
real,400.0,long_00042_1320-7176-8555,s3,coarse_to_fine,3,-23.706210848830178,-0.2031228880508854,3.16774643119371,,,0,SPEAKER_00,3
oracle,0.0,long_00043_2961-5683-4970,s1,no_recursion,3,-19.003250290130634,5.004927747158434,11.382590642851289,,,0,s1,3
oracle,0.0,long_00043_2961-5683-4970,s2,no_recursion,3,-10.72713654755452,1.1867612336386673,8.294002145435778,,,0,s2,3
oracle,0.0,long_00043_2961-5683-4970,s3,no_recursion,3,-26.027266509855252,4.738672008239642,8.593931024101252,,,0,s3,3
oracle,0.0,long_00043_2961-5683-4970,s1,ungated_deflation,3,-19.003250290130634,5.004927747158434,11.382590642851289,0,0,0,s1,3
oracle,0.0,long_00043_2961-5683-4970,s2,ungated_deflation,3,-7.209311612907357,1.8627525911027243,15.88656020029384,1,1,0,s2,3
oracle,0.0,long_00043_2961-5683-4970,s3,ungated_deflation,3,-8.420125625280114,5.608066392971446,26.65607621718633,2,2,0,s3,3
oracle,0.0,long_00043_2961-5683-4970,s1,gated_deflation,3,-19.003250290130634,5.004927747158434,11.382590642851289,0,0,0,s1,3
oracle,0.0,long_00043_2961-5683-4970,s2,gated_deflation,3,-7.209311612907357,1.8627525911027243,15.88656020029384,1,1,0,s2,3
oracle,0.0,long_00043_2961-5683-4970,s3,gated_deflation,3,-8.420125625280114,5.608066392971446,26.65607621718633,2,2,0,s3,3
oracle,0.0,long_00043_2961-5683-4970,s1,coarse_to_fine,3,-19.003250290130634,5.004927747158434,11.382590642851289,,,0,s1,3
oracle,0.0,long_00043_2961-5683-4970,s2,coarse_to_fine,3,-10.72713654755452,1.1867612336386673,8.294002145435778,,,0,s2,3
oracle,0.0,long_00043_2961-5683-4970,s3,coarse_to_fine,3,-26.027266509855252,4.738672008239642,8.593931024101252,,,0,s3,3
oracle,400.0,long_00043_2961-5683-4970,s1,no_recursion,3,-19.053896981148874,4.820314210499892,11.36628212673421,,,0,s1,3
oracle,400.0,long_00043_2961-5683-4970,s2,no_recursion,3,-10.853376443539236,0.7727903693920941,8.262847181673418,,,0,s2,3
oracle,400.0,long_00043_2961-5683-4970,s3,no_recursion,3,-21.841053421362474,1.6169692640788198,9.557210407739825,,,0,s3,3
oracle,400.0,long_00043_2961-5683-4970,s1,ungated_deflation,3,-19.053896981148874,4.820314210499892,11.36628212673421,0,0,0,s1,3
oracle,400.0,long_00043_2961-5683-4970,s2,ungated_deflation,3,-7.249116391419921,1.3047856530406288,15.941911082421193,1,1,0,s2,3
oracle,400.0,long_00043_2961-5683-4970,s3,ungated_deflation,3,-8.278618175728308,0.018792966031500526,27.921305269717152,2,2,0,s3,3
oracle,400.0,long_00043_2961-5683-4970,s1,gated_deflation,3,-19.053896981148874,4.820314210499892,11.36628212673421,0,0,0,s1,3
oracle,400.0,long_00043_2961-5683-4970,s2,gated_deflation,3,-7.249116391419921,1.3047856530406288,15.941911082421193,1,1,0,s2,3
oracle,400.0,long_00043_2961-5683-4970,s3,gated_deflation,3,-8.278618175728308,0.018792966031500526,27.921305269717152,2,2,0,s3,3
oracle,400.0,long_00043_2961-5683-4970,s1,coarse_to_fine,3,-19.053896981148874,4.820314210499892,11.36628212673421,,,0,s1,3
oracle,400.0,long_00043_2961-5683-4970,s2,coarse_to_fine,3,-10.853376443539236,0.7727903693920941,8.262847181673418,,,0,s2,3
oracle,400.0,long_00043_2961-5683-4970,s3,coarse_to_fine,3,-21.841053421362474,1.6169692640788198,9.557210407739825,,,0,s3,3
real,0.0,long_00043_2961-5683-4970,s1,no_recursion,3,-20.179759713885336,5.829798871959259,10.768557104266856,,,0,SPEAKER_00,3
real,0.0,long_00043_2961-5683-4970,s2,no_recursion,3,-41.03205867767437,-3.020330778358444,-0.14292260262873796,,,0,SPEAKER_01,3
real,0.0,long_00043_2961-5683-4970,s3,no_recursion,3,-17.167807084034543,0.9985586090267122,3.556642666222369,,,0,SPEAKER_02,3
real,0.0,long_00043_2961-5683-4970,s1,ungated_deflation,3,-20.179759713885336,5.829798871959259,10.768557104266856,0,0,0,SPEAKER_00,3
real,0.0,long_00043_2961-5683-4970,s2,ungated_deflation,3,-9.783344422113691,-1.428615842705698,14.781085036361397,2,2,0,SPEAKER_01,3
real,0.0,long_00043_2961-5683-4970,s3,ungated_deflation,3,-18.118665809950116,3.623520811123146,11.047854222531402,1,1,0,SPEAKER_02,3
real,0.0,long_00043_2961-5683-4970,s1,gated_deflation,3,-20.179759713885336,5.829798871959259,10.768557104266856,0,0,0,SPEAKER_00,3
real,0.0,long_00043_2961-5683-4970,s2,gated_deflation,3,-9.783344422113691,-1.428615842705698,14.781085036361397,2,2,0,SPEAKER_01,3
real,0.0,long_00043_2961-5683-4970,s3,gated_deflation,3,-18.118665809950116,3.623520811123146,11.047854222531402,1,1,0,SPEAKER_02,3
real,0.0,long_00043_2961-5683-4970,s1,coarse_to_fine,3,-20.179759713885336,5.829798871959259,10.768557104266856,,,0,SPEAKER_00,3
real,0.0,long_00043_2961-5683-4970,s2,coarse_to_fine,3,-41.03205867767437,-3.020330778358444,-0.14292260262873796,,,0,SPEAKER_01,3
real,0.0,long_00043_2961-5683-4970,s3,coarse_to_fine,3,-17.167807084034543,0.9985586090267122,3.556642666222369,,,0,SPEAKER_02,3
real,400.0,long_00043_2961-5683-4970,s1,no_recursion,3,-17.233137527412147,7.103055530459104,11.787512572029737,,,0,SPEAKER_00,3
real,400.0,long_00043_2961-5683-4970,s2,no_recursion,3,-19.509706261938305,-0.6946022488420723,2.5221918574040245,,,0,SPEAKER_01,3
real,400.0,long_00043_2961-5683-4970,s3,no_recursion,3,-21.168981579299757,1.890721369356088,4.937361917857888,,,0,SPEAKER_02,3
real,400.0,long_00043_2961-5683-4970,s1,ungated_deflation,3,-17.233137527412147,7.103055530459104,11.787512572029737,0,0,0,SPEAKER_00,3
real,400.0,long_00043_2961-5683-4970,s2,ungated_deflation,3,-9.04063611787906,-0.5975232766227513,15.092557904190647,2,2,0,SPEAKER_01,3
real,400.0,long_00043_2961-5683-4970,s3,ungated_deflation,3,-16.57993732793145,4.108260389541908,11.766220551882466,1,1,0,SPEAKER_02,3
real,400.0,long_00043_2961-5683-4970,s1,gated_deflation,3,-17.233137527412147,7.103055530459104,11.787512572029737,0,0,0,SPEAKER_00,3
real,400.0,long_00043_2961-5683-4970,s2,gated_deflation,3,-9.04063611787906,-0.5975232766227513,15.092557904190647,2,2,0,SPEAKER_01,3
real,400.0,long_00043_2961-5683-4970,s3,gated_deflation,3,-16.57993732793145,4.108260389541908,11.766220551882466,1,1,0,SPEAKER_02,3
real,400.0,long_00043_2961-5683-4970,s1,coarse_to_fine,3,-17.233137527412147,7.103055530459104,11.787512572029737,,,0,SPEAKER_00,3
real,400.0,long_00043_2961-5683-4970,s2,coarse_to_fine,3,-19.509706261938305,-0.6946022488420723,2.5221918574040245,,,0,SPEAKER_01,3
real,400.0,long_00043_2961-5683-4970,s3,coarse_to_fine,3,-21.168981579299757,1.890721369356088,4.937361917857888,,,0,SPEAKER_02,3
oracle,0.0,long_00044_6930-7021-4446,s1,no_recursion,3,-18.01077072473803,8.21220762141216,11.563679445469443,,,0,s1,3
oracle,0.0,long_00044_6930-7021-4446,s2,no_recursion,3,-5.429049907380472,7.492362858475394,7.1888590040466855,,,0,s2,3
oracle,0.0,long_00044_6930-7021-4446,s3,no_recursion,3,-16.78361584295882,9.310092604568638,10.565129652690876,,,0,s3,3
oracle,0.0,long_00044_6930-7021-4446,s1,ungated_deflation,3,-18.01077072473803,8.21220762141216,11.563679445469443,0,0,0,s1,3
oracle,0.0,long_00044_6930-7021-4446,s2,ungated_deflation,3,-3.681605569335354,7.152544866591008,11.063881905416178,1,1,0,s2,3
oracle,0.0,long_00044_6930-7021-4446,s3,ungated_deflation,3,-37.477097608212304,2.683206242138586,13.629001865598473,2,2,0,s3,3
oracle,0.0,long_00044_6930-7021-4446,s1,gated_deflation,3,-18.01077072473803,8.21220762141216,11.563679445469443,0,0,0,s1,3
oracle,0.0,long_00044_6930-7021-4446,s2,gated_deflation,3,-3.681605569335354,7.152544866591008,11.063881905416178,1,1,0,s2,3
oracle,0.0,long_00044_6930-7021-4446,s3,gated_deflation,3,-37.477097608212304,2.683206242138586,13.629001865598473,2,2,0,s3,3
oracle,0.0,long_00044_6930-7021-4446,s1,coarse_to_fine,3,-18.01077072473803,8.21220762141216,11.563679445469443,,,0,s1,3
oracle,0.0,long_00044_6930-7021-4446,s2,coarse_to_fine,3,-5.429049907380472,7.492362858475394,7.1888590040466855,,,0,s2,3
oracle,0.0,long_00044_6930-7021-4446,s3,coarse_to_fine,3,-16.78361584295882,9.310092604568638,10.565129652690876,,,0,s3,3
oracle,400.0,long_00044_6930-7021-4446,s1,no_recursion,3,-17.350238476615534,5.352042446259521,11.89203633501943,,,0,s1,3
oracle,400.0,long_00044_6930-7021-4446,s2,no_recursion,3,-4.919470052011894,4.074596937452304,8.349697446828046,,,0,s2,3
oracle,400.0,long_00044_6930-7021-4446,s3,no_recursion,3,-16.733850320754563,9.305582668976543,10.546834019930014,,,0,s3,3
oracle,400.0,long_00044_6930-7021-4446,s1,ungated_deflation,3,-17.350238476615534,5.352042446259521,11.89203633501943,0,0,0,s1,3
oracle,400.0,long_00044_6930-7021-4446,s2,ungated_deflation,3,-3.343369194143323,2.533402217245675,12.281254499528607,1,1,0,s2,3
oracle,400.0,long_00044_6930-7021-4446,s3,ungated_deflation,3,-39.49619529469615,2.7562918557284166,13.75167118716454,2,2,0,s3,3
oracle,400.0,long_00044_6930-7021-4446,s1,gated_deflation,3,-17.350238476615534,5.352042446259521,11.89203633501943,0,0,0,s1,3
oracle,400.0,long_00044_6930-7021-4446,s2,gated_deflation,3,-3.343369194143323,2.533402217245675,12.281254499528607,1,1,0,s2,3
oracle,400.0,long_00044_6930-7021-4446,s3,gated_deflation,3,-39.49619529469615,2.7562918557284166,13.75167118716454,2,2,0,s3,3
oracle,400.0,long_00044_6930-7021-4446,s1,coarse_to_fine,3,-17.350238476615534,5.352042446259521,11.89203633501943,,,0,s1,3
oracle,400.0,long_00044_6930-7021-4446,s2,coarse_to_fine,3,-4.919470052011894,4.074596937452304,8.349697446828046,,,0,s2,3
oracle,400.0,long_00044_6930-7021-4446,s3,coarse_to_fine,3,-16.733850320754563,9.305582668976543,10.546834019930014,,,0,s3,3
real,0.0,long_00044_6930-7021-4446,s1,no_recursion,3,-36.18770335380612,4.7555577411705805,8.742843786702498,,,0,SPEAKER_01,3
real,0.0,long_00044_6930-7021-4446,s2,no_recursion,3,-12.225071710883295,-0.3188776791291288,2.8318223759100123,,,0,SPEAKER_02,3
real,0.0,long_00044_6930-7021-4446,s3,no_recursion,3,-13.363256421780816,6.0001399018299,8.458310190183118,,,0,SPEAKER_00,3
real,0.0,long_00044_6930-7021-4446,s1,ungated_deflation,3,-16.326827309032936,2.624260206625496,14.376467220735256,1,1,0,SPEAKER_01,3
real,0.0,long_00044_6930-7021-4446,s2,ungated_deflation,3,-12.225071710883295,-0.3188776791291288,2.8318223759100123,0,0,0,SPEAKER_02,3
real,0.0,long_00044_6930-7021-4446,s3,ungated_deflation,3,-23.95179906834528,-1.3992727799914129,10.734314284866436,2,2,0,SPEAKER_00,3
real,0.0,long_00044_6930-7021-4446,s1,gated_deflation,3,-16.326827309032936,2.624260206625496,14.376467220735256,1,1,0,SPEAKER_01,3
real,0.0,long_00044_6930-7021-4446,s2,gated_deflation,3,-12.225071710883295,-0.3188776791291288,2.8318223759100123,0,0,0,SPEAKER_02,3
real,0.0,long_00044_6930-7021-4446,s3,gated_deflation,3,-23.95179906834528,-1.3992727799914129,10.734314284866436,2,2,0,SPEAKER_00,3
real,0.0,long_00044_6930-7021-4446,s1,coarse_to_fine,3,-36.18770335380612,4.7555577411705805,8.742843786702498,,,0,SPEAKER_01,3
real,0.0,long_00044_6930-7021-4446,s2,coarse_to_fine,3,-12.225071710883295,-0.3188776791291288,2.8318223759100123,,,0,SPEAKER_02,3
real,0.0,long_00044_6930-7021-4446,s3,coarse_to_fine,3,-13.363256421780816,6.0001399018299,8.458310190183118,,,0,SPEAKER_00,3
real,400.0,long_00044_6930-7021-4446,s1,no_recursion,3,-25.325519934860882,6.27844847283527,9.70890592906536,,,0,SPEAKER_01,3
real,400.0,long_00044_6930-7021-4446,s2,no_recursion,3,-7.330327794840271,4.251771512894298,5.928739741545525,,,0,SPEAKER_02,3
real,400.0,long_00044_6930-7021-4446,s3,no_recursion,3,-15.26204169953311,9.633588969236726,10.019458629537958,,,0,SPEAKER_00,3
real,400.0,long_00044_6930-7021-4446,s1,ungated_deflation,3,-25.325519934860882,6.27844847283527,9.70890592906536,0,0,0,SPEAKER_01,3
real,400.0,long_00044_6930-7021-4446,s2,ungated_deflation,3,-4.883736277068477,4.1417093006434245,11.183196334219993,2,2,0,SPEAKER_02,3
real,400.0,long_00044_6930-7021-4446,s3,ungated_deflation,3,-8.880804320483284,5.937765573836956,5.701747338534303,1,1,0,SPEAKER_00,3
real,400.0,long_00044_6930-7021-4446,s1,gated_deflation,3,-25.325519934860882,6.27844847283527,9.70890592906536,0,0,0,SPEAKER_01,3
real,400.0,long_00044_6930-7021-4446,s2,gated_deflation,3,-4.883736277068477,4.1417093006434245,11.183196334219993,2,2,0,SPEAKER_02,3
real,400.0,long_00044_6930-7021-4446,s3,gated_deflation,3,-8.880804320483284,5.937765573836956,5.701747338534303,1,1,0,SPEAKER_00,3
real,400.0,long_00044_6930-7021-4446,s1,coarse_to_fine,3,-25.325519934860882,6.27844847283527,9.70890592906536,,,0,SPEAKER_01,3
real,400.0,long_00044_6930-7021-4446,s2,coarse_to_fine,3,-7.330327794840271,4.251771512894298,5.928739741545525,,,0,SPEAKER_02,3
real,400.0,long_00044_6930-7021-4446,s3,coarse_to_fine,3,-15.26204169953311,9.633588969236726,10.019458629537958,,,0,SPEAKER_00,3
oracle,0.0,long_00045_672-8224-4077,s1,no_recursion,3,-14.696971007561679,2.7174464673671306,7.815552730208514,,,0,s1,3
oracle,0.0,long_00045_672-8224-4077,s2,no_recursion,3,-3.8941552475782917,5.850923246563963,8.276265161543954,,,0,s2,3
oracle,0.0,long_00045_672-8224-4077,s3,no_recursion,3,-17.534472843775873,5.878964046971133,4.755108637687783,,,0,s3,3
oracle,0.0,long_00045_672-8224-4077,s1,ungated_deflation,3,-14.696971007561679,2.7174464673671306,7.815552730208514,0,0,0,s1,3
oracle,0.0,long_00045_672-8224-4077,s2,ungated_deflation,3,-3.16360650776345,5.344084755245131,10.933550984540233,1,1,0,s2,3
oracle,0.0,long_00045_672-8224-4077,s3,ungated_deflation,3,-13.860278610626079,5.854951595871141,14.00741416088853,2,2,0,s3,3
oracle,0.0,long_00045_672-8224-4077,s1,gated_deflation,3,-14.696971007561679,2.7174464673671306,7.815552730208514,0,0,0,s1,3
oracle,0.0,long_00045_672-8224-4077,s2,gated_deflation,3,-3.16360650776345,5.344084755245131,10.933550984540233,1,1,0,s2,3
oracle,0.0,long_00045_672-8224-4077,s3,gated_deflation,3,-13.860278610626079,5.854951595871141,14.00741416088853,2,2,0,s3,3
oracle,0.0,long_00045_672-8224-4077,s1,coarse_to_fine,3,-14.696971007561679,2.7174464673671306,7.815552730208514,,,0,s1,3
oracle,0.0,long_00045_672-8224-4077,s2,coarse_to_fine,3,-3.8941552475782917,5.850923246563963,8.276265161543954,,,0,s2,3
oracle,0.0,long_00045_672-8224-4077,s3,coarse_to_fine,3,-17.534472843775873,5.878964046971133,4.755108637687783,,,0,s3,3
oracle,400.0,long_00045_672-8224-4077,s1,no_recursion,3,-15.284518204229656,2.1651671265973964,8.089945967206694,,,0,s1,3
oracle,400.0,long_00045_672-8224-4077,s2,no_recursion,3,-3.812929946509594,0.5172569148948063,9.67091171044667,,,0,s2,3
oracle,400.0,long_00045_672-8224-4077,s3,no_recursion,3,-17.281470533844406,5.801573955150438,4.670288558874644,,,0,s3,3
oracle,400.0,long_00045_672-8224-4077,s1,ungated_deflation,3,-15.284518204229656,2.1651671265973964,8.089945967206694,0,0,0,s1,3
oracle,400.0,long_00045_672-8224-4077,s2,ungated_deflation,3,-2.8778211012528714,1.2186542790204296,12.405937123709398,1,1,0,s2,3
oracle,400.0,long_00045_672-8224-4077,s3,ungated_deflation,3,-14.254605176058533,5.85390196355636,13.616136474584088,2,2,0,s3,3
oracle,400.0,long_00045_672-8224-4077,s1,gated_deflation,3,-15.284518204229656,2.1651671265973964,8.089945967206694,0,0,0,s1,3
oracle,400.0,long_00045_672-8224-4077,s2,gated_deflation,3,-2.8778211012528714,1.2186542790204296,12.405937123709398,1,1,0,s2,3
oracle,400.0,long_00045_672-8224-4077,s3,gated_deflation,3,-14.254605176058533,5.85390196355636,13.616136474584088,2,2,0,s3,3
oracle,400.0,long_00045_672-8224-4077,s1,coarse_to_fine,3,-15.284518204229656,2.1651671265973964,8.089945967206694,,,0,s1,3
oracle,400.0,long_00045_672-8224-4077,s2,coarse_to_fine,3,-3.812929946509594,0.5172569148948063,9.67091171044667,,,0,s2,3
oracle,400.0,long_00045_672-8224-4077,s3,coarse_to_fine,3,-17.281470533844406,5.801573955150438,4.670288558874644,,,0,s3,3
real,0.0,long_00045_672-8224-4077,s3,no_recursion,3,-13.494583697593763,3.542939989013329,2.9427954467794493,,,0,SPEAKER_02,3
real,0.0,long_00045_672-8224-4077,s1,no_recursion,3,-18.59940214044228,0.027750143004433434,9.294725408457506,,,0,SPEAKER_00,3
real,0.0,long_00045_672-8224-4077,s2,no_recursion,3,-11.856951822404687,-2.6051815840486197,2.4209336623780717,,,0,SPEAKER_01,3
real,0.0,long_00045_672-8224-4077,s3,ungated_deflation,3,-13.494583697593763,3.542939989013329,2.9427954467794493,0,0,0,SPEAKER_02,3
real,0.0,long_00045_672-8224-4077,s1,ungated_deflation,3,-25.985481866246452,-1.8998547742448335,17.392386972345257,2,2,0,SPEAKER_00,3
real,0.0,long_00045_672-8224-4077,s2,ungated_deflation,3,-11.307331193052503,-3.479219854930659,4.342768178887967,1,1,0,SPEAKER_01,3
real,0.0,long_00045_672-8224-4077,s3,gated_deflation,3,-13.494583697593763,3.542939989013329,2.9427954467794493,0,0,0,SPEAKER_02,3
real,0.0,long_00045_672-8224-4077,s1,gated_deflation,3,-25.985481866246452,-1.8998547742448335,17.392386972345257,2,2,0,SPEAKER_00,3
real,0.0,long_00045_672-8224-4077,s2,gated_deflation,3,-11.307331193052503,-3.479219854930659,4.342768178887967,1,1,0,SPEAKER_01,3
real,0.0,long_00045_672-8224-4077,s3,coarse_to_fine,3,-13.494583697593763,3.542939989013329,2.9427954467794493,,,0,SPEAKER_02,3
real,0.0,long_00045_672-8224-4077,s1,coarse_to_fine,3,-18.59940214044228,0.027750143004433434,9.294725408457506,,,0,SPEAKER_00,3
real,0.0,long_00045_672-8224-4077,s2,coarse_to_fine,3,-11.856951822404687,-2.6051815840486197,2.4209336623780717,,,0,SPEAKER_01,3
real,400.0,long_00045_672-8224-4077,s3,no_recursion,3,-13.945590611053277,3.6515496661652773,3.1771184260529246,,,0,SPEAKER_02,3
real,400.0,long_00045_672-8224-4077,s1,no_recursion,3,-18.634427202759504,0.26453010749188843,9.414057492261147,,,0,SPEAKER_00,3
real,400.0,long_00045_672-8224-4077,s2,no_recursion,3,-9.78270761033566,-0.9444335854822595,3.7526271456539644,,,0,SPEAKER_01,3
real,400.0,long_00045_672-8224-4077,s3,ungated_deflation,3,-13.945590611053277,3.6515496661652773,3.1771184260529246,0,0,0,SPEAKER_02,3
real,400.0,long_00045_672-8224-4077,s1,ungated_deflation,3,-25.73087987386519,-1.7068491343499281,17.411840340871084,2,2,0,SPEAKER_00,3
real,400.0,long_00045_672-8224-4077,s2,ungated_deflation,3,-9.388736580668917,-1.7294290504747707,5.506236408030109,1,1,0,SPEAKER_01,3
real,400.0,long_00045_672-8224-4077,s3,gated_deflation,3,-13.945590611053277,3.6515496661652773,3.1771184260529246,0,0,0,SPEAKER_02,3
real,400.0,long_00045_672-8224-4077,s1,gated_deflation,3,-25.73087987386519,-1.7068491343499281,17.411840340871084,2,2,0,SPEAKER_00,3
real,400.0,long_00045_672-8224-4077,s2,gated_deflation,3,-9.388736580668917,-1.7294290504747707,5.506236408030109,1,1,0,SPEAKER_01,3
real,400.0,long_00045_672-8224-4077,s3,coarse_to_fine,3,-13.945590611053277,3.6515496661652773,3.1771184260529246,,,0,SPEAKER_02,3
real,400.0,long_00045_672-8224-4077,s1,coarse_to_fine,3,-18.634427202759504,0.26453010749188843,9.414057492261147,,,0,SPEAKER_00,3
real,400.0,long_00045_672-8224-4077,s2,coarse_to_fine,3,-9.78270761033566,-0.9444335854822595,3.7526271456539644,,,0,SPEAKER_01,3
oracle,0.0,long_00046_5142-3575-908,s1,no_recursion,3,-12.96936046269358,6.060046975669266,8.905572539845329,,,0,s1,3
oracle,0.0,long_00046_5142-3575-908,s2,no_recursion,3,-9.57423081615252,4.7643947483810365,7.1054832109995765,,,0,s2,3
oracle,0.0,long_00046_5142-3575-908,s3,no_recursion,3,-30.704816759639296,8.561527193231038,7.774828826156655,,,0,s3,3
oracle,0.0,long_00046_5142-3575-908,s1,ungated_deflation,3,-12.96936046269358,6.060046975669266,8.905572539845329,0,0,0,s1,3
oracle,0.0,long_00046_5142-3575-908,s2,ungated_deflation,3,-7.071505090864206,3.980040320451326,11.777884128109646,1,1,0,s2,3
oracle,0.0,long_00046_5142-3575-908,s3,ungated_deflation,3,-12.825136472507893,7.83905276644814,13.436147766199376,2,2,0,s3,3
oracle,0.0,long_00046_5142-3575-908,s1,gated_deflation,3,-12.96936046269358,6.060046975669266,8.905572539845329,0,0,0,s1,3
oracle,0.0,long_00046_5142-3575-908,s2,gated_deflation,3,-7.071505090864206,3.980040320451326,11.777884128109646,1,1,0,s2,3
oracle,0.0,long_00046_5142-3575-908,s3,gated_deflation,3,-12.825136472507893,7.83905276644814,13.436147766199376,2,2,0,s3,3
oracle,0.0,long_00046_5142-3575-908,s1,coarse_to_fine,3,-12.96936046269358,6.060046975669266,8.905572539845329,,,0,s1,3
oracle,0.0,long_00046_5142-3575-908,s2,coarse_to_fine,3,-9.57423081615252,4.7643947483810365,7.1054832109995765,,,0,s2,3
oracle,0.0,long_00046_5142-3575-908,s3,coarse_to_fine,3,-30.704816759639296,8.561527193231038,7.774828826156655,,,0,s3,3
oracle,400.0,long_00046_5142-3575-908,s1,no_recursion,3,-12.253928770476996,3.0886892417396,9.629524117827566,,,0,s1,3
oracle,400.0,long_00046_5142-3575-908,s2,no_recursion,3,-9.065923653901605,3.293419531727084,7.8700036944353915,,,0,s2,3
oracle,400.0,long_00046_5142-3575-908,s3,no_recursion,3,-26.645364169244154,5.803079151429103,8.191866806221118,,,0,s3,3
oracle,400.0,long_00046_5142-3575-908,s1,ungated_deflation,3,-12.253928770476996,3.0886892417396,9.629524117827566,0,0,0,s1,3
oracle,400.0,long_00046_5142-3575-908,s2,ungated_deflation,3,-6.7623230074509335,0.7161166632456846,13.01851541234396,1,1,0,s2,3
oracle,400.0,long_00046_5142-3575-908,s3,ungated_deflation,3,-11.985822262361541,2.4193664412842057,14.440693514765233,2,2,0,s3,3
oracle,400.0,long_00046_5142-3575-908,s1,gated_deflation,3,-12.253928770476996,3.0886892417396,9.629524117827566,0,0,0,s1,3
oracle,400.0,long_00046_5142-3575-908,s2,gated_deflation,3,-6.7623230074509335,0.7161166632456846,13.01851541234396,1,1,0,s2,3
oracle,400.0,long_00046_5142-3575-908,s3,gated_deflation,3,-11.985822262361541,2.4193664412842057,14.440693514765233,2,2,0,s3,3
oracle,400.0,long_00046_5142-3575-908,s1,coarse_to_fine,3,-12.253928770476996,3.0886892417396,9.629524117827566,,,0,s1,3
oracle,400.0,long_00046_5142-3575-908,s2,coarse_to_fine,3,-9.065923653901605,3.293419531727084,7.8700036944353915,,,0,s2,3
oracle,400.0,long_00046_5142-3575-908,s3,coarse_to_fine,3,-26.645364169244154,5.803079151429103,8.191866806221118,,,0,s3,3
real,0.0,long_00046_5142-3575-908,s1,no_recursion,3,-16.748648907352543,1.9575013404115646,7.465107513153333,,,0,SPEAKER_01,3
real,0.0,long_00046_5142-3575-908,s3,no_recursion,3,-14.419381185030138,0.33012269347283435,2.1059434592104904,,,0,SPEAKER_00,3
real,0.0,long_00046_5142-3575-908,s2,no_recursion,3,-10.601583845482041,3.4076344393653657,6.589855160936628,,,0,SPEAKER_02,3
real,0.0,long_00046_5142-3575-908,s1,ungated_deflation,3,-8.995952843299072,2.3850013809397734,16.820946543896962,2,2,0,SPEAKER_01,3
real,0.0,long_00046_5142-3575-908,s3,ungated_deflation,3,-14.419381185030138,0.33012269347283435,2.1059434592104904,0,0,0,SPEAKER_00,3
real,0.0,long_00046_5142-3575-908,s2,ungated_deflation,3,-8.879974860981172,3.3666628870232165,8.830808448321338,1,1,0,SPEAKER_02,3
real,0.0,long_00046_5142-3575-908,s1,gated_deflation,3,-8.995952843299072,2.3850013809397734,16.820946543896962,2,2,0,SPEAKER_01,3
real,0.0,long_00046_5142-3575-908,s3,gated_deflation,3,-14.419381185030138,0.33012269347283435,2.1059434592104904,0,0,0,SPEAKER_00,3
real,0.0,long_00046_5142-3575-908,s2,gated_deflation,3,-8.879974860981172,3.3666628870232165,8.830808448321338,1,1,0,SPEAKER_02,3
real,0.0,long_00046_5142-3575-908,s1,coarse_to_fine,3,-16.748648907352543,1.9575013404115646,7.465107513153333,,,0,SPEAKER_01,3
real,0.0,long_00046_5142-3575-908,s3,coarse_to_fine,3,-14.419381185030138,0.33012269347283435,2.1059434592104904,,,0,SPEAKER_00,3
real,0.0,long_00046_5142-3575-908,s2,coarse_to_fine,3,-10.601583845482041,3.4076344393653657,6.589855160936628,,,0,SPEAKER_02,3
real,400.0,long_00046_5142-3575-908,s1,no_recursion,3,-12.332316731051254,3.8706337830710607,9.721712947224624,,,0,SPEAKER_01,3
real,400.0,long_00046_5142-3575-908,s3,no_recursion,3,-39.00001906115086,5.9936342309723045,6.875084165447138,,,0,SPEAKER_00,3
real,400.0,long_00046_5142-3575-908,s2,no_recursion,3,-6.975724983215995,4.432339356124596,9.725161379062072,,,0,SPEAKER_02,3
real,400.0,long_00046_5142-3575-908,s1,ungated_deflation,3,-7.717785341332255,3.3614695266140426,18.467171504375226,2,2,0,SPEAKER_01,3
real,400.0,long_00046_5142-3575-908,s3,ungated_deflation,3,-39.00001906115086,5.9936342309723045,6.875084165447138,0,0,0,SPEAKER_00,3
real,400.0,long_00046_5142-3575-908,s2,ungated_deflation,3,-6.011860510399249,3.624830374300536,11.798923143762483,1,1,0,SPEAKER_02,3
real,400.0,long_00046_5142-3575-908,s1,gated_deflation,3,-7.717785341332255,3.3614695266140426,18.467171504375226,2,2,0,SPEAKER_01,3
real,400.0,long_00046_5142-3575-908,s3,gated_deflation,3,-39.00001906115086,5.9936342309723045,6.875084165447138,0,0,0,SPEAKER_00,3
real,400.0,long_00046_5142-3575-908,s2,gated_deflation,3,-6.011860510399249,3.624830374300536,11.798923143762483,1,1,0,SPEAKER_02,3
real,400.0,long_00046_5142-3575-908,s1,coarse_to_fine,3,-12.332316731051254,3.8706337830710607,9.721712947224624,,,0,SPEAKER_01,3
real,400.0,long_00046_5142-3575-908,s3,coarse_to_fine,3,-39.00001906115086,5.9936342309723045,6.875084165447138,,,0,SPEAKER_00,3
real,400.0,long_00046_5142-3575-908,s2,coarse_to_fine,3,-6.975724983215995,4.432339356124596,9.725161379062072,,,0,SPEAKER_02,3
oracle,0.0,long_00047_4970-1320-1221,s1,no_recursion,3,-37.93502197510745,9.614281118947263,9.14081690630493,,,0,s1,3
oracle,0.0,long_00047_4970-1320-1221,s2,no_recursion,3,-1.160959359614058,11.868846843346184,11.444026450834642,,,0,s2,3
oracle,0.0,long_00047_4970-1320-1221,s3,no_recursion,3,-21.66295918557699,8.836816376205634,9.862012154082606,,,0,s3,3
oracle,0.0,long_00047_4970-1320-1221,s1,ungated_deflation,3,-37.93502197510745,9.614281118947263,9.14081690630493,0,0,0,s1,3
oracle,0.0,long_00047_4970-1320-1221,s2,ungated_deflation,3,-4.306264025497592,2.6836799876775026,11.900183098240646,1,1,0,s2,3
oracle,0.0,long_00047_4970-1320-1221,s3,ungated_deflation,3,-16.180730130204257,5.613351558188503,18.40883554875738,2,2,0,s3,3
oracle,0.0,long_00047_4970-1320-1221,s1,gated_deflation,3,-37.93502197510745,9.614281118947263,9.14081690630493,0,0,0,s1,3
oracle,0.0,long_00047_4970-1320-1221,s2,gated_deflation,3,-4.306264025497592,2.6836799876775026,11.900183098240646,1,1,0,s2,3
oracle,0.0,long_00047_4970-1320-1221,s3,gated_deflation,3,-16.180730130204257,5.613351558188503,18.40883554875738,2,2,0,s3,3
oracle,0.0,long_00047_4970-1320-1221,s1,coarse_to_fine,3,-37.93502197510745,9.614281118947263,9.14081690630493,,,0,s1,3
oracle,0.0,long_00047_4970-1320-1221,s2,coarse_to_fine,3,-1.160959359614058,11.868846843346184,11.444026450834642,,,0,s2,3
oracle,0.0,long_00047_4970-1320-1221,s3,coarse_to_fine,3,-21.66295918557699,8.836816376205634,9.862012154082606,,,0,s3,3
oracle,400.0,long_00047_4970-1320-1221,s1,no_recursion,3,-23.13569638383295,0.6868752176620079,10.626184461230784,,,0,s1,3
oracle,400.0,long_00047_4970-1320-1221,s2,no_recursion,3,0.5787528713075022,-28.137724181761406,38.102445005095106,,,0,s2,3
oracle,400.0,long_00047_4970-1320-1221,s3,no_recursion,3,-25.07236395081445,4.557234072466371,10.450499945208772,,,0,s3,3
oracle,400.0,long_00047_4970-1320-1221,s1,ungated_deflation,3,-23.13569638383295,0.6868752176620079,10.626184461230784,0,0,0,s1,3
oracle,400.0,long_00047_4970-1320-1221,s2,ungated_deflation,3,-3.4838700043044013,-32.871608108778986,43.49769105116977,1,1,0,s2,3
oracle,400.0,long_00047_4970-1320-1221,s3,ungated_deflation,3,-15.316281244820502,3.538850968990647,19.52708331517617,2,2,0,s3,3
oracle,400.0,long_00047_4970-1320-1221,s1,gated_deflation,3,-23.13569638383295,0.6868752176620079,10.626184461230784,0,0,0,s1,3
oracle,400.0,long_00047_4970-1320-1221,s2,gated_deflation,3,-3.4838700043044013,-32.871608108778986,43.49769105116977,1,1,0,s2,3
oracle,400.0,long_00047_4970-1320-1221,s3,gated_deflation,3,-15.316281244820502,3.538850968990647,19.52708331517617,2,2,0,s3,3
oracle,400.0,long_00047_4970-1320-1221,s1,coarse_to_fine,3,-23.13569638383295,0.6868752176620079,10.626184461230784,,,0,s1,3
oracle,400.0,long_00047_4970-1320-1221,s2,coarse_to_fine,3,0.5787528713075022,-28.137724181761406,38.102445005095106,,,0,s2,3
oracle,400.0,long_00047_4970-1320-1221,s3,coarse_to_fine,3,-25.07236395081445,4.557234072466371,10.450499945208772,,,0,s3,3
real,0.0,long_00047_4970-1320-1221,s1,no_recursion,3,-12.73263438585078,3.1873172872955657,3.353755643691625,,,0,SPEAKER_00,3
real,0.0,long_00047_4970-1320-1221,s2,no_recursion,3,-7.8592378439013295,-0.26347414185404266,6.610845429646025,,,0,SPEAKER_02,3
real,0.0,long_00047_4970-1320-1221,s3,no_recursion,3,-15.970983550314893,6.553082830752235,7.936810186317887,,,0,SPEAKER_01,3
real,0.0,long_00047_4970-1320-1221,s1,ungated_deflation,3,-21.17367225180466,5.620571251568488,6.753105719936183,1,1,0,SPEAKER_00,3
real,0.0,long_00047_4970-1320-1221,s2,ungated_deflation,3,-9.594699638495957,-2.731037788239413,6.8814960021663865,2,2,0,SPEAKER_02,3
real,0.0,long_00047_4970-1320-1221,s3,ungated_deflation,3,-15.970983550314893,6.553082830752235,7.936810186317887,0,0,0,SPEAKER_01,3
real,0.0,long_00047_4970-1320-1221,s1,gated_deflation,3,-21.17367225180466,5.620571251568488,6.753105719936183,1,1,0,SPEAKER_00,3
real,0.0,long_00047_4970-1320-1221,s2,gated_deflation,3,-9.594699638495957,-2.731037788239413,6.8814960021663865,2,2,0,SPEAKER_02,3
real,0.0,long_00047_4970-1320-1221,s3,gated_deflation,3,-15.970983550314893,6.553082830752235,7.936810186317887,0,0,0,SPEAKER_01,3
real,0.0,long_00047_4970-1320-1221,s1,coarse_to_fine,3,-12.73263438585078,3.1873172872955657,3.353755643691625,,,0,SPEAKER_00,3
real,0.0,long_00047_4970-1320-1221,s2,coarse_to_fine,3,-7.8592378439013295,-0.26347414185404266,6.610845429646025,,,0,SPEAKER_02,3
real,0.0,long_00047_4970-1320-1221,s3,coarse_to_fine,3,-15.970983550314893,6.553082830752235,7.936810186317887,,,0,SPEAKER_01,3
real,400.0,long_00047_4970-1320-1221,s1,no_recursion,3,-28.130352684169765,3.2255035330303556,7.9037380834776965,,,0,SPEAKER_00,3
real,400.0,long_00047_4970-1320-1221,s2,no_recursion,3,-2.449562642206728,6.121478164500696,11.107370803687095,,,0,SPEAKER_02,3
real,400.0,long_00047_4970-1320-1221,s3,no_recursion,3,-20.36119742204714,8.437163508700928,9.536864223517282,,,0,SPEAKER_01,3
real,400.0,long_00047_4970-1320-1221,s1,ungated_deflation,3,-24.631882494320582,3.3070645598608888,10.29393892030378,1,1,0,SPEAKER_00,3
real,400.0,long_00047_4970-1320-1221,s2,ungated_deflation,3,-5.0436464406258406,1.7973788899981333,10.709158659562581,2,2,0,SPEAKER_02,3
real,400.0,long_00047_4970-1320-1221,s3,ungated_deflation,3,-20.36119742204714,8.437163508700928,9.536864223517282,0,0,0,SPEAKER_01,3
real,400.0,long_00047_4970-1320-1221,s1,gated_deflation,3,-24.631882494320582,3.3070645598608888,10.29393892030378,1,1,0,SPEAKER_00,3
real,400.0,long_00047_4970-1320-1221,s2,gated_deflation,3,-5.0436464406258406,1.7973788899981333,10.709158659562581,2,2,0,SPEAKER_02,3
real,400.0,long_00047_4970-1320-1221,s3,gated_deflation,3,-20.36119742204714,8.437163508700928,9.536864223517282,0,0,0,SPEAKER_01,3
real,400.0,long_00047_4970-1320-1221,s1,coarse_to_fine,3,-28.130352684169765,3.2255035330303556,7.9037380834776965,,,0,SPEAKER_00,3
real,400.0,long_00047_4970-1320-1221,s2,coarse_to_fine,3,-2.449562642206728,6.121478164500696,11.107370803687095,,,0,SPEAKER_02,3
real,400.0,long_00047_4970-1320-1221,s3,coarse_to_fine,3,-20.36119742204714,8.437163508700928,9.536864223517282,,,0,SPEAKER_01,3
oracle,0.0,long_00048_3570-8455-1284,s1,no_recursion,3,-10.147412216569869,6.924116363416522,9.676024849870634,,,0,s1,3
oracle,0.0,long_00048_3570-8455-1284,s2,no_recursion,3,-2.9599581131373096,6.0061045220869556,8.859850445352093,,,0,s2,3
oracle,0.0,long_00048_3570-8455-1284,s3,no_recursion,3,-38.256102120353724,7.853077167155615,9.890326722365845,,,0,s3,3
oracle,0.0,long_00048_3570-8455-1284,s1,ungated_deflation,3,-10.147412216569869,6.924116363416522,9.676024849870634,0,0,0,s1,3
oracle,0.0,long_00048_3570-8455-1284,s2,ungated_deflation,3,-3.7827744303117217,2.2838986257575598,13.183424810899371,1,1,0,s2,3
oracle,0.0,long_00048_3570-8455-1284,s3,ungated_deflation,3,-14.537813186129886,4.528774122205814,18.25510679338185,2,2,0,s3,3
oracle,0.0,long_00048_3570-8455-1284,s1,gated_deflation,3,-10.147412216569869,6.924116363416522,9.676024849870634,0,0,0,s1,3
oracle,0.0,long_00048_3570-8455-1284,s2,gated_deflation,3,-3.7827744303117217,2.2838986257575598,13.183424810899371,1,1,0,s2,3
oracle,0.0,long_00048_3570-8455-1284,s3,gated_deflation,3,-14.537813186129886,4.528774122205814,18.25510679338185,2,2,0,s3,3
oracle,0.0,long_00048_3570-8455-1284,s1,coarse_to_fine,3,-10.147412216569869,6.924116363416522,9.676024849870634,,,0,s1,3
oracle,0.0,long_00048_3570-8455-1284,s2,coarse_to_fine,3,-2.9599581131373096,6.0061045220869556,8.859850445352093,,,0,s2,3
oracle,0.0,long_00048_3570-8455-1284,s3,coarse_to_fine,3,-38.256102120353724,7.853077167155615,9.890326722365845,,,0,s3,3
oracle,400.0,long_00048_3570-8455-1284,s1,no_recursion,3,-9.91159210687398,4.7088229336508025,10.03666194080017,,,0,s1,3
oracle,400.0,long_00048_3570-8455-1284,s2,no_recursion,3,-2.8634325589858562,5.516118653388078,9.160806662689179,,,0,s2,3
oracle,400.0,long_00048_3570-8455-1284,s3,no_recursion,3,-50.42875921785539,6.17408200582796,10.119301748080048,,,0,s3,3
oracle,400.0,long_00048_3570-8455-1284,s1,ungated_deflation,3,-9.91159210687398,4.7088229336508025,10.03666194080017,0,0,0,s1,3
oracle,400.0,long_00048_3570-8455-1284,s2,ungated_deflation,3,-3.713799059845018,2.14214563057578,13.394098984846032,1,1,0,s2,3
oracle,400.0,long_00048_3570-8455-1284,s3,ungated_deflation,3,-14.409827608897881,3.609343783872575,18.442362437806135,2,2,0,s3,3
oracle,400.0,long_00048_3570-8455-1284,s1,gated_deflation,3,-9.91159210687398,4.7088229336508025,10.03666194080017,0,0,0,s1,3
oracle,400.0,long_00048_3570-8455-1284,s2,gated_deflation,3,-3.713799059845018,2.14214563057578,13.394098984846032,1,1,0,s2,3
oracle,400.0,long_00048_3570-8455-1284,s3,gated_deflation,3,-14.409827608897881,3.609343783872575,18.442362437806135,2,2,0,s3,3
oracle,400.0,long_00048_3570-8455-1284,s1,coarse_to_fine,3,-9.91159210687398,4.7088229336508025,10.03666194080017,,,0,s1,3
oracle,400.0,long_00048_3570-8455-1284,s2,coarse_to_fine,3,-2.8634325589858562,5.516118653388078,9.160806662689179,,,0,s2,3
oracle,400.0,long_00048_3570-8455-1284,s3,coarse_to_fine,3,-50.42875921785539,6.17408200582796,10.119301748080048,,,0,s3,3
real,0.0,long_00048_3570-8455-1284,s1,no_recursion,3,-14.413426219384121,2.545296223213989,7.300958700695103,,,0,SPEAKER_01,3
real,0.0,long_00048_3570-8455-1284,s2,no_recursion,3,-3.2065699597274366,5.2312998191570355,9.060116840885946,,,0,SPEAKER_00,3
real,0.0,long_00048_3570-8455-1284,s3,no_recursion,3,-48.50926311332647,3.6356463127809664,10.086979207033377,,,0,SPEAKER_02,3
real,0.0,long_00048_3570-8455-1284,s1,ungated_deflation,3,-11.959062019201417,0.38472306881276924,11.347448487725247,2,2,0,SPEAKER_01,3
real,0.0,long_00048_3570-8455-1284,s2,ungated_deflation,3,-3.2065699597274366,5.2312998191570355,9.060116840885946,0,0,0,SPEAKER_00,3
real,0.0,long_00048_3570-8455-1284,s3,ungated_deflation,3,-15.41388577390081,2.379410364309817,17.998707084238024,1,1,0,SPEAKER_02,3
real,0.0,long_00048_3570-8455-1284,s1,gated_deflation,3,-10.936318624620808,0.571286546729532,12.97266745440281,2,1,0,SPEAKER_01,3
real,0.0,long_00048_3570-8455-1284,s2,gated_deflation,3,-3.2065699597274366,5.2312998191570355,9.060116840885946,0,0,0,SPEAKER_00,3
real,0.0,long_00048_3570-8455-1284,s3,gated_deflation,3,-15.41388577390081,2.379410364309817,17.998707084238024,1,1,0,SPEAKER_02,3
real,0.0,long_00048_3570-8455-1284,s1,coarse_to_fine,3,-14.413426219384121,2.545296223213989,7.300958700695103,,,0,SPEAKER_01,3
real,0.0,long_00048_3570-8455-1284,s2,coarse_to_fine,3,-3.2065699597274366,5.2312998191570355,9.060116840885946,,,0,SPEAKER_00,3
real,0.0,long_00048_3570-8455-1284,s3,coarse_to_fine,3,-48.50926311332647,3.6356463127809664,10.086979207033377,,,0,SPEAKER_02,3
real,400.0,long_00048_3570-8455-1284,s1,no_recursion,3,-12.343825246324274,4.924784713961421,7.80085021260801,,,0,SPEAKER_01,3
real,400.0,long_00048_3570-8455-1284,s2,no_recursion,3,-2.955648056253563,5.532333117299613,9.260871525596833,,,0,SPEAKER_00,3
real,400.0,long_00048_3570-8455-1284,s3,no_recursion,3,-28.80101689808434,4.624668464348262,11.216715547381481,,,0,SPEAKER_02,3
real,400.0,long_00048_3570-8455-1284,s1,ungated_deflation,3,-9.455166638879009,2.7084967087017797,12.703574130208889,2,2,0,SPEAKER_01,3
real,400.0,long_00048_3570-8455-1284,s2,ungated_deflation,3,-2.955648056253563,5.532333117299613,9.260871525596833,0,0,0,SPEAKER_00,3
real,400.0,long_00048_3570-8455-1284,s3,ungated_deflation,3,-14.571569253775865,3.014313197465876,18.439454926982762,1,1,0,SPEAKER_02,3
real,400.0,long_00048_3570-8455-1284,s1,gated_deflation,3,-9.433905180348832,3.59494723819225,11.726578358645472,2,1,0,SPEAKER_01,3
real,400.0,long_00048_3570-8455-1284,s2,gated_deflation,3,-2.955648056253563,5.532333117299613,9.260871525596833,0,0,0,SPEAKER_00,3
real,400.0,long_00048_3570-8455-1284,s3,gated_deflation,3,-14.571569253775865,3.014313197465876,18.439454926982762,1,1,0,SPEAKER_02,3
real,400.0,long_00048_3570-8455-1284,s1,coarse_to_fine,3,-12.343825246324274,4.924784713961421,7.80085021260801,,,0,SPEAKER_01,3
real,400.0,long_00048_3570-8455-1284,s2,coarse_to_fine,3,-2.955648056253563,5.532333117299613,9.260871525596833,,,0,SPEAKER_00,3
real,400.0,long_00048_3570-8455-1284,s3,coarse_to_fine,3,-28.80101689808434,4.624668464348262,11.216715547381481,,,0,SPEAKER_02,3
oracle,0.0,long_00049_6829-3575-7021,s1,no_recursion,3,-34.59863684879539,4.227594086669979,6.35569759466294,,,0,s1,3
oracle,0.0,long_00049_6829-3575-7021,s2,no_recursion,3,-7.794915695319558,1.9587525869161988,6.379062621433142,,,0,s2,3
oracle,0.0,long_00049_6829-3575-7021,s3,no_recursion,3,-22.67037995819581,9.055330593045227,8.14789336736931,,,0,s3,3
oracle,0.0,long_00049_6829-3575-7021,s1,ungated_deflation,3,-34.59863684879539,4.227594086669979,6.35569759466294,0,0,0,s1,3
oracle,0.0,long_00049_6829-3575-7021,s2,ungated_deflation,3,-5.677669264422036,1.5356081391388745,12.95173036693824,1,1,0,s2,3
oracle,0.0,long_00049_6829-3575-7021,s3,ungated_deflation,3,-11.946586877893422,8.411626625288145,13.260222246061726,2,2,0,s3,3
oracle,0.0,long_00049_6829-3575-7021,s1,gated_deflation,3,-34.59863684879539,4.227594086669979,6.35569759466294,0,0,0,s1,3
oracle,0.0,long_00049_6829-3575-7021,s2,gated_deflation,3,-5.677669264422036,1.5356081391388745,12.95173036693824,1,1,0,s2,3
oracle,0.0,long_00049_6829-3575-7021,s3,gated_deflation,3,-11.946586877893422,8.411626625288145,13.260222246061726,2,2,0,s3,3
oracle,0.0,long_00049_6829-3575-7021,s1,coarse_to_fine,3,-34.59863684879539,4.227594086669979,6.35569759466294,,,0,s1,3
oracle,0.0,long_00049_6829-3575-7021,s2,coarse_to_fine,3,-7.794915695319558,1.9587525869161988,6.379062621433142,,,0,s2,3
oracle,0.0,long_00049_6829-3575-7021,s3,coarse_to_fine,3,-22.67037995819581,9.055330593045227,8.14789336736931,,,0,s3,3
oracle,400.0,long_00049_6829-3575-7021,s1,no_recursion,3,-38.447731422066,3.7350832797782214,6.517801294468112,,,0,s1,3
oracle,400.0,long_00049_6829-3575-7021,s2,no_recursion,3,-6.730435699950203,-3.2921956535517016,10.320950721188378,,,0,s2,3
oracle,400.0,long_00049_6829-3575-7021,s3,no_recursion,3,-22.182332010492587,8.770081954358792,8.24608086787723,,,0,s3,3
oracle,400.0,long_00049_6829-3575-7021,s1,ungated_deflation,3,-38.447731422066,3.7350832797782214,6.517801294468112,0,0,0,s1,3
oracle,400.0,long_00049_6829-3575-7021,s2,ungated_deflation,3,-5.0527773567061995,-6.914197454826701,18.932039129710937,1,1,0,s2,3
oracle,400.0,long_00049_6829-3575-7021,s3,ungated_deflation,3,-11.816613049972066,8.181634009406425,13.394982553296035,2,2,0,s3,3
oracle,400.0,long_00049_6829-3575-7021,s1,gated_deflation,3,-38.447731422066,3.7350832797782214,6.517801294468112,0,0,0,s1,3
oracle,400.0,long_00049_6829-3575-7021,s2,gated_deflation,3,-5.0527773567061995,-6.914197454826701,18.932039129710937,1,1,0,s2,3
oracle,400.0,long_00049_6829-3575-7021,s3,gated_deflation,3,-11.816613049972066,8.181634009406425,13.394982553296035,2,2,0,s3,3
oracle,400.0,long_00049_6829-3575-7021,s1,coarse_to_fine,3,-38.447731422066,3.7350832797782214,6.517801294468112,,,0,s1,3
oracle,400.0,long_00049_6829-3575-7021,s2,coarse_to_fine,3,-6.730435699950203,-3.2921956535517016,10.320950721188378,,,0,s2,3
oracle,400.0,long_00049_6829-3575-7021,s3,coarse_to_fine,3,-22.182332010492587,8.770081954358792,8.24608086787723,,,0,s3,3
real,0.0,long_00049_6829-3575-7021,s1,no_recursion,3,-22.33116000792357,1.50655788418789,4.727570710966862,,,0,SPEAKER_01,3
real,0.0,long_00049_6829-3575-7021,s2,no_recursion,3,-8.003445362620846,1.4275014261657917,6.549583304252689,,,0,SPEAKER_02,3
real,0.0,long_00049_6829-3575-7021,s3,no_recursion,3,-36.48845328629708,5.0568538397493406,6.178676839449978,,,0,SPEAKER_00,3
real,0.0,long_00049_6829-3575-7021,s1,ungated_deflation,3,-22.33116000792357,1.50655788418789,4.727570710966862,0,0,0,SPEAKER_01,3
real,0.0,long_00049_6829-3575-7021,s2,ungated_deflation,3,-6.9085916132343,-0.7030147682758929,15.092657291496302,2,2,0,SPEAKER_02,3
real,0.0,long_00049_6829-3575-7021,s3,ungated_deflation,3,-42.86126159968645,4.921946776534927,6.708600807461763,1,1,0,SPEAKER_00,3
real,0.0,long_00049_6829-3575-7021,s1,gated_deflation,3,-22.33116000792357,1.50655788418789,4.727570710966862,0,0,0,SPEAKER_01,3
real,0.0,long_00049_6829-3575-7021,s2,gated_deflation,3,-6.855937027419463,1.071010508936619,9.761396044349045,2,1,0,SPEAKER_02,3
real,0.0,long_00049_6829-3575-7021,s3,gated_deflation,3,-36.48845328629708,5.0568538397493406,6.178676839449978,1,0,0,SPEAKER_00,3
real,0.0,long_00049_6829-3575-7021,s1,coarse_to_fine,3,-22.33116000792357,1.50655788418789,4.727570710966862,,,0,SPEAKER_01,3
real,0.0,long_00049_6829-3575-7021,s2,coarse_to_fine,3,-8.003445362620846,1.4275014261657917,6.549583304252689,,,0,SPEAKER_02,3
real,0.0,long_00049_6829-3575-7021,s3,coarse_to_fine,3,-36.48845328629708,5.0568538397493406,6.178676839449978,,,0,SPEAKER_00,3
real,400.0,long_00049_6829-3575-7021,s1,no_recursion,3,-27.93112566885756,2.9134733122698724,5.769785781208691,,,0,SPEAKER_01,3
real,400.0,long_00049_6829-3575-7021,s2,no_recursion,3,-7.607650597969487,1.9812331542416304,6.662467256243188,,,0,SPEAKER_02,3
real,400.0,long_00049_6829-3575-7021,s3,no_recursion,3,-24.068031328605617,8.629010268955708,7.913921284938866,,,0,SPEAKER_00,3
real,400.0,long_00049_6829-3575-7021,s1,ungated_deflation,3,-15.856991789780412,0.3652310874186171,14.145967783000762,1,1,0,SPEAKER_01,3
real,400.0,long_00049_6829-3575-7021,s2,ungated_deflation,3,-7.607650597969487,1.9812331542416304,6.662467256243188,0,0,0,SPEAKER_02,3
real,400.0,long_00049_6829-3575-7021,s3,ungated_deflation,3,-20.682906620006637,7.187408619551855,8.725941348349156,2,2,0,SPEAKER_00,3
real,400.0,long_00049_6829-3575-7021,s1,gated_deflation,3,-15.856991789780412,0.3652310874186171,14.145967783000762,1,1,0,SPEAKER_01,3
real,400.0,long_00049_6829-3575-7021,s2,gated_deflation,3,-7.607650597969487,1.9812331542416304,6.662467256243188,0,0,0,SPEAKER_02,3
real,400.0,long_00049_6829-3575-7021,s3,gated_deflation,3,-20.682906620006637,7.187408619551855,8.725941348349156,2,2,0,SPEAKER_00,3
real,400.0,long_00049_6829-3575-7021,s1,coarse_to_fine,3,-27.93112566885756,2.9134733122698724,5.769785781208691,,,0,SPEAKER_01,3
real,400.0,long_00049_6829-3575-7021,s2,coarse_to_fine,3,-7.607650597969487,1.9812331542416304,6.662467256243188,,,0,SPEAKER_02,3
real,400.0,long_00049_6829-3575-7021,s3,coarse_to_fine,3,-24.068031328605617,8.629010268955708,7.913921284938866,,,0,SPEAKER_00,3
